# r(1) ntot(2) grad2ntot(3) laplntot(4) tauk(5) tautf(6)  ptot(7) qtot(8) z(9) denstest(10) Fvw(11) vp(12) Fmggaus(13) Fcurvefit(14) divgradgrad2(15) divgradlapl(16) Har-dep-ind(17) vesp(18) Fmggapc(19) vpstitch4(20) vpts(21)  FxcPW91lb(22) FxcPW91lda(23) Fs1(24)  Fvw_ts(25) Fs(26) vxlda(27)  vcpw91(28) vw(29) Vresp(30) taupusbigZ(31) taurespts(32) Fpauli(33) FgeapauliusbigZ(34) zusbigZ(35) FmggausbigZ(36) FbigZnuc(37) 
0.000347222222222 3771.971629184068 18435290685.564747 -776627748.9299353 636985.9642988292 2624314.9269884834 0.13967763887432422 -22.195156751475036 -49.529500394202785 3771.971629184068 0.23279606479054038 111.87864807208648 -48.29670432941224 0.0 193066.0850634553 885605223.700743 0.0008874983202154228 -51770.38291559253 0.23279606479054038 428798.1249090153 -156.3300785478932 -0.030911726959137412 -0.016947480010189243 41.24972002545968 74.21665190304064 4.531493056789663 -11.496735236521733 -21.50717441518408 51635.56001145982 104.9709141105582 -165004787.96136138 107051653.22785683 41.01692396066914 -62.875376070322325 -63.875376070322325 0.23279607249731626 0.27201036404083434
0.000355798611111 3770.807341099654 18423635590.709007 -758160530.1204767 636792.5207588493 2622964.9945064825 0.13970429555808087 -21.678535503953412 -48.38149266887141 3770.807341099654 0.23284049259680145 111.88191400464638 -47.14865217627461 0.0 -40765.3563227043 61343638.12664667 0.0009093362765139159 -50520.79967110274 0.23284049259680145 428577.75613418594 -115.20833324283012 -0.03091493426308179 -0.016948177736678036 40.226339235818635 72.49462550577485 4.406314162350971 -11.49555222220583 -21.50498153249518 50427.0963193924 104.97091139527053 -161036786.7023523 104467118.82233348 39.993498743221835 -61.39494314244623 -62.39494314244623 0.2328405010165615 0.27205479243315234
0.000364586836806 3769.614671815715 18411942733.935986 -739373987.458236 636599.6264373888 2621582.4435621416 0.13973345576523025 -21.152510078614757 -47.21259047953684 3769.614671815715 0.23288909294205043 111.88452474838257 -45.97970138659479 0.0 -26312.651143415478 -45084317.48649017 0.0009317094797158158 -49301.337154332985 0.23288909294205043 428352.08187100297 -125.75989455666422 -0.030918321958070524 -0.01694891936683825 39.259686729953195 70.7412560216579 4.316535341281854 -11.494340117693591 -21.502804798316575 49197.080064574635 104.9709085429245 -157000190.18808025 101837901.20974466 39.02679763701115 -59.88756545636317 -60.88756545636317 0.23288910214544667 0.2721033934579753
0.000373592131675 3768.3929390670746 18399820428.43996 -721257398.5661926 636398.8367698046 2620166.5043686726 0.13976221541558895 -20.64536921690724 -46.08565339374289 3768.3929390670746 0.23293702569264826 111.88765887972181 -44.85271636805024 0.0 -12620.183028215477 4413484.122675183 0.0009546309438172165 -48111.26931703228 0.23293702569264826 428120.9660818154 -121.67168390865845 -0.030921775191970518 -0.016949705988894854 38.30723678220093 69.05083441538345 4.219729313838594 -11.493098210995258 -21.500561611363853 48011.09819473499 104.97090554637236 -153107607.61928403 99302498.2244986 38.07429975650828 -58.43430460010983 -59.43430460010983 0.23293703575922398 0.27215132682237
0.000382819857327 3767.1414437155468 18387623526.711807 -703581468.5490043 636194.2481896428 2618716.388790096 0.1397933375320905 -20.150563217560023 -44.98613061314389 3767.1414437155468 0.2329888958868175 111.88925386025437 -43.75314171725707 0.0 -20807.261735172422 11860141.314364038 0.0009781139939231752 -46949.88761186625 0.2329888958868175 427884.28371594346 -117.42475607630331 -0.030925407164696286 -0.01695053871974364 37.377586368652075 67.40153295442022 4.125094950311636 -11.491825771895668 -21.498327899478905 46853.96118368943 104.97090250177207 -149309771.70474097 96828810.53151543 37.14459747276526 -57.0163964085188 -58.0163964085188 0.2329889068863913 0.2722031978009267
0.000392275507803 3765.859465142091 18375172179.645195 -686255087.773799 635985.127325746 2617231.285067681 0.13982552823571429 -19.66548844066104 -43.90823435441078 3765.859465142091 0.23304254705952382 111.89066989854862 -42.675191807351254 0.0 -22885.133801160737 -2681917.8062341576 0.0010021722730356795 -45816.50057074855 0.23304254705952382 427641.90488021943 -118.36748385741521 -0.030929167924061078 -0.016951418712196017 36.47356833918748 65.78467068259631 4.035996473800745 -11.490522047210066 -21.496066043661557 45719.629152934795 104.97089961744504 -145587094.44405743 94404082.62069458 36.24052579212796 -55.62637710877454 -56.62637710877454 0.23304255923485528 0.27225684987833243
0.000401964712846 3764.546273176484 18362379277.55151 -669358373.3302355 635770.4544714489 2615710.3717076476 0.1398581962139332 -19.19244521211793 -42.8570755768753 3764.546273176484 0.23309699368988868 111.89237650089639 -41.62397858318541 0.0 -20071.186821407093 -1347520.074435171 0.0010268197504397507 -44710.43339327686 0.23309699368988868 427393.69537953305 -118.5008924553913 -0.03093303581700613 -0.016952347136811666 35.59084690058218 64.20791436741632 3.948544952754412 -11.489186272854807 -21.493758076270513 44613.426258897736 104.9708968398298 -141956792.82546884 92039531.09830375 35.35774990689229 -54.270837612955354 -55.270837612955354 0.2330970070131817 0.2723112975116745
0.000411893241253 3763.2011193022877 18349290979.560913 -652876302.7054971 635550.4225717096 2614152.807357842 0.1398917656448312 -18.731010124998228 -41.83171400465507 3763.2011193022877 0.23315294274138532 111.89399021700503 -40.598561061913685 0.0 -20317.358447621842 1536983.318356268 0.0010520707284813636 -43631.02754492986 0.23315294274138532 427139.51930018305 -118.153427836638 -0.03093703010334325 -0.016953325195586358 34.729104514117346 62.66985335940215 3.862898425059375 -11.487817664843885 -21.491414388092235 43534.365531481315 104.97089417864998 -138415640.84161183 89733053.57054628 34.49595157137596 -52.948565383027585 -53.948565383027585 0.23315295754573406 0.2723672476924228
0.000422067004312 3761.823237807337 18335876871.501232 -636783472.4980348 635324.7983846971 2612557.7322132136 0.13992607953921424 -18.28046126923061 -40.830545160570566 3761.823237807337 0.23321013256535708 111.89568891239364 -39.59733502800521 0.0 -19965.435259516977 -602602.6735503477 0.001077939850346391 -42577.640364732935 0.23321013256535708 426879.23810693563 -118.36063959038438 -0.030941146716485173 -0.016954354120368605 33.88848393089413 61.168081030000735 3.7796683485760236 -11.48641542039297 -21.489029084933502 42480.76875422749 104.97089163356438 -134958178.4085215 87481094.02673748 33.65527379832877 -51.65749133290633 -52.65749133290633 0.23321014881620117 0.2724244389053474
0.000432492059318 3760.4118452747966 18322137113.768486 -621082980.0553204 635093.5004030444 2610924.267502032 0.1399612154617189 -17.84089415535404 -39.85378140517449 3760.4118452747966 0.2332686924361982 111.89742053776028 -38.62051271273829 0.0 -19208.679460161457 -20565.93926551166 0.0011044421078434858 -41549.64468300659 0.2332686924361982 426612.7097087326 -118.28029033310304 -0.03094539108311486 -0.0169554351738367 33.06795115645608 59.70291587694967 3.6982662766506493 -11.484978717332947 -21.486602792183024 41452.85099546567 104.97088920432772 -131585072.25116141 85284086.69579074 32.83468246401988 -50.39788931796697 -51.39788931796697 0.23326871032917185 0.272483000086293
0.000443174613184 3758.966140123234 18308062007.171505 -605759426.242652 634856.3640615933 2609251.515032743 0.1399971775424395 -17.411873369221286 -38.90045515759166 3758.966140123234 0.2333286292373992 111.89919742966944 -37.66712652835426 0.0 -18896.13779923382 98892.50947582266 0.0011315928493738463 -40546.4284474966 0.2333286292373992 426339.7893455881 -118.31448140607972 -0.030949765734023527 -0.01695656965041016 32.26727241786939 58.27290652664167 3.6189010774560915 -11.483506713569726 -21.484134044658564 40449.598100135176 104.97088689092581 -128293013.32500389 83139876.27303363 32.033943788631994 -49.16851157731107 -50.16851157731107 0.2333286490017623 0.27254293835332954
0.000454121026129 3757.485302332624 18293645248.654675 -590806233.6669961 634613.2909592732 2607538.556959877 0.14003399759515814 -16.993216612944806 -37.97016135853684 3757.485302332624 0.23338999599193025 111.90101894713072 -36.736771362544914 0.0 -18359.446601663538 -96772.64954538952 0.0011594077880537892 -39567.39435968553 0.23338999599193025 426060.3289893608 -118.29395768737595 -0.030954274373438975 -0.01695775887688699 31.4858637417246 56.877445372474625 3.5414171528246627 -11.48199854672968 -21.481622111599314 39470.58202410976 104.97088469339496 -125080588.77780454 81047542.52454674 31.25247374573267 -47.9688357604329 -48.9688357604329 0.23339001770607082 0.27260430678537984
0.000465337815475 3755.9684928740885 18278879072.859608 -576213174.9665782 634364.143422713 2605784.45521124 0.14007169808199363 -16.58463655198604 -37.06226152009046 3755.9684928740885 0.23345283013665605 111.90288634861017 -35.8288086899538 0.0 -17959.786322472377 33751.90893087361 0.0011879030100214042 -38611.959518219075 0.23345283013665605 425774.17758320656 -118.30679542934377 -0.03095892039109618 -0.0169590042135467 30.72331572975002 55.51557467009013 3.465824774336877 -11.480453333499606 -21.47906596067087 38515.1317887504 104.97088261190646 -121945601.24349661 79005654.2287199 30.489862899613367 -46.798038494558064 -47.798038494558064 0.23345285403548333 0.2726671426185203
0.000476831659517 3754.4148535225427 18263754799.36955 -561972202.7327873 634108.7550108186 2603988.251362301 0.14011029627417493 -16.18590835919055 -36.17625605194073 3754.4148535225427 0.23351716045695822 111.90480076624293 -34.94273889148378 0.0 -17491.790528045538 -57944.96559288454 0.001217094982900191 -37679.55507278733 0.23351716045695822 425481.1807990157 -118.31035941718437 -0.030963707030643755 -0.01696030705467756 29.979147333055813 54.186545024425456 3.3920516230383373 -11.478870169352673 -21.476464373840162 37582.72117774398 104.97088064684294 -118886321.87651391 77013085.3675777 29.745630172598855 -45.65547552463703 -46.65547552463703 0.2335171869021505 0.2727314749660249
0.000488609401507 3752.8235062638296 18248265552.79463 -548074830.6584827 633847.0217020381 2602148.966045971 0.14014982516525556 -15.796794432505987 -35.31161699840628 3752.8235062638296 0.23358304194209262 111.90676336215519 -34.07803395646419 0.0 -17071.090673475046 -878.6845984425345 0.0012470005644409313 -36769.625884753405 0.23358304194209262 425181.1811198224 -118.30512248547893 -0.03096863823315294 -0.01696166882973932 29.25291578931777 52.8895644836287 3.3200540821129243 -11.47724812785714 -21.47381652961236 36672.79457879754 104.97087879867813 -115900927.59328261 75068648.49880855 29.01933274737567 -44.54046601697708 -45.54046601697708 0.23358307103274534 0.2727973586519773
0.000500678053724 3751.193552996047 18232402631.208824 -534512553.9193899 633578.781066063 2600265.5987072657 0.14019030565952548 -15.4170564591111 -34.46781480640915 3751.193552996047 0.23365050943254248 111.90877533975656 -33.23416429697661 0.0 -16653.532386942024 -22098.023131221675 0.001277637011338622 -35881.63019700527 0.23365050943254248 424874.0177043469 -118.30643489810609 -0.030973717519611386 -0.016963091004086925 28.544198450326693 51.62383870646954 3.249799122532706 -11.475586260280375 -21.471121226017516 35784.794883333176 104.97087706804275 -112987591.28368925 73171153.59481949 28.31054794089415 -43.45232707761144 -44.45232707761144 0.23365054142578767 0.27286482858933336
0.000513044801651 3749.524075038488 18216158093.139744 -521277466.0347557 633303.8983725284 2598337.1271403846 0.14023176645897475 -15.046473201741073 -33.64435788010457 3749.524075038488 0.23371961076495792 111.91083793096485 -32.410638269339614 0.0 -16251.689657739109 -2999.4338791203836 0.001309021988223551 -35015.03931124161 0.23371961076495792 424559.52638729115 -118.30307644489949 -0.03097894879291703 -0.016964575080004027 27.852566240855026 50.38863028323519 3.1812377273788432 -11.473883594992268 -21.46837743433973 34918.20461223106 104.97087545562812 -110144614.4922829 71319494.41387594 27.61884663009007 -42.390424761202254 -43.390424761202254 0.23371964607605367 0.27293393256887044
0.000525717008252 3747.814132760352 18199522985.85129 -508361438.3226375 633022.2076210227 2596362.507169287 0.14027423048293367 -14.684816842377803 -32.840739991184655 3747.814132760352 0.23379038413822278 111.91295240769071 -31.60694960704643 0.0 -15861.709204076422 -25579.353616772405 0.0013411735768382857 -34169.337273278805 0.23379038413822278 424237.5396473174 -118.31162761828455 -0.030984335793165275 -0.016966122597566607 27.177617902250823 49.1831798587309 3.114339710906114 -11.472139136985897 -21.465583919341228 34072.491229579864 104.97087396244154 -107370250.99202041 69512533.61697413 26.943827518112602 -41.35410625270583 -42.35410625270583 0.23379042294825925 0.27300470887521777
0.000538702218356 3746.0627651194363 18182488512.968246 -495757082.31438637 632733.5504176167 2594340.672229545 0.14031772388126848 -14.331880763225055 -32.05650202773163 3746.0627651194363 0.23386287313544749 111.9151200698922 -30.822639154596185 0.0 -15459.508683040034 -21821.499211426803 0.001374110285391282 -33344.02056584026 0.23386287313544749 423907.886451923 -118.3119814062884 -0.030989882462161018 -0.016967735135660512 26.51893881155909 48.00679875055229 3.0490523445862387 -11.470351867301384 -21.462739489478448 33247.17132392345 104.97087258955462 -104662913.67969435 67749237.51081854 26.28507593842364 -40.342779496937965 -41.342779496937965 0.23386291592053188 0.273077201115026
0.000552008163149 3744.2689892319972 18165046309.063793 -483456850.2701201 632437.7852434769 2592270.532991752 0.14036227820992175 -13.987453588963191 -31.291174313562532 3744.2689892319972 0.2339371303498696 111.91734226200104 -30.057237183212663 0.0 -15093.964296075012 2153.3743885935255 0.0014078510580988323 -32538.59780877184 0.2339371303498696 423570.3923602201 -118.30700665769837 -0.030995593032792125 -0.01696941431296701 25.876138626025014 46.85878242689384 2.9853385997838506 -11.46852074247625 -21.45984305625215 32441.750645170392 104.97087133812805 -102020981.26265633 66028550.12134453 25.642201495675145 -39.35583881552417 -40.35583881552417 0.23393717746323084 0.2731514618421642
0.000565642764779 3742.43179988635 18147186965.27293 -471453102.6497981 632134.7382234136 2590150.976925802 0.1404079190978381 -13.651321105884614 -30.54428085618483 3742.43179988635 0.23401319849639682 111.91962035796828 -29.310267657688435 0.0 -14729.39274001926 -27416.786521630154 0.001442415284913184 -31752.589466367623 0.23401319849639682 423224.8793620347 -118.31780886761771 -0.031001471575149722 -0.016971161789051923 25.248848048812608 45.738416884778445 2.9231740938528126 -11.466644693932789 -21.45689331718927 31655.72855081719 104.97087020967447 -99442812.70352145 64349402.63405905 25.014834850316213 -38.39267038462295 -39.39267038462295 0.23401325041270526 0.2732275338950788
0.000579614141069 3740.550169171123 18128900797.917786 -459739118.39667374 631824.2287898932 2587980.8680035104 0.1404546721908111 -13.32329551043024 -29.815404352349884 3740.550169171123 0.2340911203180185 111.92195577358612 -28.581313232031864 0.0 -14356.31442595965 -17184.6316611236 0.0014778228114407212 -30985.527562085197 0.2340911203180185 422871.1658557865 -118.31595677338919 -0.031007522237410524 -0.01697297926529559 24.63667552527905 44.64507615508549 2.862503556541301 -11.46472262747671 -21.453888920527028 30888.665494232333 104.97086920572032 -96926964.38839087 62710854.83699669 24.40258440496103 -37.452736064144425 -38.452736064144425 0.23409117751770658 0.27330546007703804
0.000593930610353 3738.6230459289563 18110179371.23218 -448307755.7058797 631506.120593464 2585759.0462061493 0.14050257500892407 -13.003176659972665 -29.104100096248775 3738.6230459289563 0.2341709583482068 111.92434996193514 -27.86992913790057 0.0 -14016.672378791725 -4539.609676504483 0.0015140939490472887 -30236.95539975123 0.2341709583482068 422509.06664734846 -118.31261223906404 -0.031013749725135896 -0.016974868486110756 24.03926368135681 43.57809315825709 2.803298040347764 -11.462753422611469 -21.450828793765904 30140.09361630593 104.97086832806653 -94471902.34829137 61111907.63476202 23.805092723008602 -36.535462376860465 -37.535462376860465 0.23417102132870282 0.27338530279853246
0.000608600696429 3736.6493553170167 18091012110.81065 -437152031.9008266 631180.2083485273 2583484.327161869 0.1405516507518847 -12.690768837982484 -28.409933196630536 3736.6493553170167 0.23425275125314116 111.92680441396841 -27.175680445377395 0.0 -13674.916061963468 -17854.67924545514 0.0015512494851651936 -29506.427291643282 0.23425275125314116 422138.39287552756 -118.31958670677705 -0.03102015824950962 -0.01697683124001505 23.456264340544397 42.53681554452809 2.745529883956756 -11.460735931955252 -21.447711413329905 29409.555416349835 104.97086757860428 -92076126.7596608 59551584.21788888 23.222011589291256 -35.6402885016967 -36.6402885016967 0.23425282063269381 0.27346710098115123
0.000623633133631 3734.6279983860527 18071389486.96559 -426265573.10341084 630846.3242336134 2581155.5018113144 0.1406019329968466 -12.385893821709333 -27.732507652682735 3734.6279983860527 0.23433655499474432 111.92932066488531 -26.49817109768799 0.0 -13339.363509112327 -15466.381378321343 0.0015893106937916563 -28793.508293284125 0.23433655499474432 421758.95193398505 -118.31894439131793 -0.031026752522925697 -0.016978869360695148 22.88731898551948 41.52064929402586 2.689153168588046 -11.45866898067034 -21.44453549079634 28696.633884383602 104.97086695954971 -89738268.71502644 58028993.029658236 22.652982430524734 -34.76670376970818 -35.76670376970818 0.23433663137990746 0.27355091042743995
0.000639036872032 3732.5578515091734 18051301342.97989 -415641714.2294918 630504.2820046929 2578771.335907263 0.14065345279235947 -12.088364770133664 -27.071408308137567 3732.5578515091734 0.23442242132059912 111.93190028500734 -25.83698588681697 0.0 -13015.052397644182 -6998.553237874034 0.001628299346179768 -28097.77394434266 0.23442242132059912 421370.5475071128 -118.3229508293116 -0.031033537242269614 -0.016980984728324964 22.332096684121705 40.528971655099475 2.6341422155690895 -11.45655136573182 -21.44129961220179 28000.89229312555 104.97086647312662 -87456896.7224702 56543201.7590969 22.097674262801107 -33.91417280962646 -34.91417280962646 0.23442250544600518 0.2736367831232609
0.000654821082771 3730.4377659941397 18030737317.59946 -405274233.9035539 630153.8911543661 2576330.569733251 0.1407062419636136 -11.798007561550477 -26.42624827302123 3730.4377659941397 0.23451040327268932 111.93454489429904 -25.19173786974854 0.0 -12703.24272328173 -16842.253455693142 0.0016682377217442262 -27418.81001600089 0.23451040327268932 420972.9794537736 -118.32464358110883 -0.03104051722389639 -0.016983179270622126 21.790262434216224 39.56120227510761 2.580459795374657 -11.454381855376598 -21.438002328855507 27321.92337474864 104.9708661219925 -85230674.67600974 55093340.23091108 21.555752030943534 -33.08219670150263 -34.08219670150263 0.23451049593284712 0.2737247720458226
0.000670995163515 3728.26656749823 18009687008.989994 -395156857.0327718 629794.9623721188 2573831.917602638 0.14076033444556285 -11.51464634297591 -25.796636813199154 3728.26656749823 0.23460055740927144 111.93725614790586 -24.56203625578988 0.0 -12379.888677228488 -24903.21013318568 0.001709148619150321 -26756.21226425508 0.23460055740927144 420566.04383631115 -118.33087813184102 -0.031047697459871744 -0.016985454964234085 21.261498007292502 38.61675503399564 2.5280783607244506 -11.452159188342861 -21.434642192785304 26659.31602831602 104.97086590875665 -83058254.95178042 53678530.76685184 21.02689744988323 -32.270271568138746 -33.270271568138746 0.2346006594343899 0.2738149338543677
0.000687568744054 3726.0430556094343 17988139804.241253 -385283948.7441088 629427.3018922857 2571274.0675574183 0.1408157649932926 -11.238123745889988 -25.182224272338186 3726.0430556094343 0.23469294165548768 111.94003575406136 -23.947531330682697 0.0 -12083.29603830169 13022.509341718107 0.001751055367626437 -26109.586189253085 0.23469294165548768 420149.53277406306 -118.31556370539693 -0.031055083068286974 -0.016987813835891125 20.745471954820218 37.69510542795545 2.4769499252807305 -11.449882073271624 -21.43121771957703 26012.701843267263 104.97086583648056 -80938427.5481715 52297985.336424135 20.510779013164733 -31.477946504963185 -32.477946504963185 0.23469305401430418 0.27390732656273253
0.000704551692032 3723.7660032478348 17966085562.53558 -375648792.9181829 629050.7343985154 2568655.6808686475 0.14087257459172006 -10.968250699656318 -24.58259055418696 3723.7660032478348 0.23478762431953346 111.94288546311581 -23.347802929867427 0.0 -11812.425298110891 -22248.028359795804 0.0017939818384499128 -25478.546800509474 0.23478762431953346 419723.2346795582 -118.3348890044399 -0.031062679513632358 -0.016990257963864778 20.24191288256393 36.79562328984059 2.4270802482635676 -11.447549187915808 -21.4277275368346 25381.639639041867 104.97086590822218 -78869750.12182483 50950764.554715276 20.007125258244397 -30.704679770530117 -31.704679770530117 0.23478774805441993 0.27400201854840167
0.000721954118825 3721.4341562772256 17943510170.956528 -366246321.5179179 628664.953781856 2565975.391787669 0.14093077562676537 -10.704886025702315 -23.997421946933684 3721.4341562772256 0.23488462604460897 111.9458070647861 -22.762537320889077 0.0 -11488.103573401046 -27523.56513370571 0.0018379524566864457 -24862.718387570458 0.23488462604460897 419286.93379717704 -118.34402892255457 -0.031070491207928673 -0.016992789479126514 19.750492376395595 35.91783804505232 2.3784107461516797 -11.44515917855581 -21.42416941651932 24765.79852806442 104.9708661274711 -76851134.4234316 49636159.770664886 19.515607750350984 -29.950066812562373 -30.950066812562373 0.23488476228935917 0.27409903050264994
0.00073978638556 3719.04623300565 17920406152.665874 -357071255.3487738 628269.8793891451 2563231.807178716 0.14099043513822734 -10.447882269623705 -23.426390873442646 3719.04623300565 0.23498405856371224 111.94880241838618 -22.191406814878935 0.0 -11226.872767819043 14013.87341358522 0.00188299221311209 -24261.734296370894 0.23498405856371224 418840.41046546923 -118.32148659963786 -0.031078524862388095 -0.016995410566707617 19.27090414974779 35.06125829064272 2.3308985991116358 -11.442710659292219 -21.42054258340408 24164.83335235466 104.97086649804716 -74881447.10947038 48353432.81647918 19.035920091184078 -29.213685199970456 -30.213685199970456 0.23498420858704094 0.2741984743058563
0.000758059109284 3716.6009233105992 17896759842.29882 -348116916.08450323 627865.2252808702 2560423.5057302136 0.14105157428645687 -10.197050858151576 -22.86907831335381 3716.6009233105992 0.2350859571440948 111.95187339925971 -21.633992356209717 0.0 -10959.372256253118 -30589.388058392833 0.001929126676284376 -23675.236710930327 0.2350859571440948 418383.4413147648 -118.3489598343076 -0.031086785446893733 -0.01699812346767444 18.802914813686925 34.225255484316015 2.284568195221128 -11.440202210943818 -21.41684492348484 23578.304596019505 104.97086702343044 -72959253.91371216 47101649.64009819 18.567828856542828 -28.494994578213234 -29.494994578213234 0.23508612234539072 0.2743003853147442
0.000776783169283 3714.096888767375 17872558907.71772 -339379347.638098 627450.7528933188 2557549.0383286118 0.14111422730991396 -9.952282709500452 -22.3252419134231 3714.096888767375 0.2351903788498566 111.95502197738176 -21.09005153457324 0.0 -10667.258578550915 -6182.560568120914 0.001976382004987086 -23102.87644038309 0.2351903788498566 417915.7984770578 -118.33399047306739 -0.031095278562671247 -0.01700093047957202 18.346186688233157 33.409466077184696 2.2393323067426385 -11.437632380964246 -21.413074619606626 23005.95552452963 104.97086770823049 -71083705.7379744 45880257.32716447 18.1109963093833 -27.793682417299195 -28.793682417299195 0.23519056074448297 0.27440482067523553
0.000795969713564 3711.5327613973413 17847794120.016285 -330852460.9587585 627026.3305848149 2554606.9268575874 0.14117845574890764 -9.7134061256267 -21.79450021361327 3711.5327613973413 0.2352974262481794 111.95825012815646 -20.559202787365088 0.0 -10439.261834290566 4959.876210585746 0.0020247849606711893 -22544.312710929637 0.2352974262481794 417437.25050052203 -118.33617643528123 -0.03110401101935444 -0.017003833959051674 17.900485938462726 32.61331784500384 2.1952024770299983 -11.434999681932549 -21.409230541518987 22447.385765035877 104.97086855653598 -69253495.20412089 44688404.38058533 17.665188512214545 -27.109256800344372 -28.109256800344372 0.23529762650764718 0.2745118831197926
0.000815630165489 3708.9071436921854 17822449236.205673 -322531094.61261684 626591.5932497223 2551595.664473619 0.14124426849944757 -9.480276374798004 -21.276531601031785 3708.9071436921854 0.23540711416574597 111.9615599176035 -20.04112448686604 0.0 -10170.639201525717 -31527.481145861082 0.0020743629203065534 -21999.21296305528 0.23540711416574597 416947.5617774587 -118.36127989058514 -0.031112987620362256 -0.017006836322544322 17.465550875077792 31.836328363492424 2.152156142969599 -11.432302591341644 -21.405310031034475 21902.25699319573 104.97086957307584 -67467514.06211115 43525369.16076697 17.230143760912043 -26.44130298600008 -27.44130298600008 0.2354073346440979 0.274621587589135
0.000835776230577 3706.21860788049 17796514318.275116 -314411242.19163936 626146.3905301349 2548513.715022919 0.14131172712668344 -9.252782523935089 -20.77108964893232 3706.21860788049 0.23551954521113908 111.96495345116111 -19.53557010372118 0.0 -9908.278547881124 -5872.037793250103 0.002125143889328006 -21467.252653506635 0.23551954521113908 416446.4923031985 -118.34537893059314 -0.031122215402919744 -0.01700994004815137 17.041081677954125 31.078127958328103 2.110126394121606 -11.429539550597932 -21.4013118165389 21370.30858639258 104.97087076308928 -65724902.5883082 42390591.77705871 16.80556213274299 -25.78950319194854 -26.78950319194854 0.23551978795310324 0.2747340368640505
0.000856419903472 3703.4656952029054 17769977177.275932 -306487238.43607247 625690.4988774504 2545359.512480822 0.14138087835398885 -9.030764719087449 -20.277819195533574 3703.4656952029054 0.2356347972566481 111.96843288731323 -19.042184398276927 0.0 -9683.262883623795 -655.4593796496772 0.002177156514786528 -20948.115062095705 0.2356347972566481 415933.7985291097 -118.34443427642327 -0.031131700925931885 -0.01701314767756204 16.626861427562293 30.33818386088148 2.069124369138468 -11.426708964017019 -21.39723414089525 20851.167861960177 104.97087213163533 -64024444.47039303 41283280.110711314 16.391226630305646 -25.153399414290174 -26.153399414290174 0.23563506448334026 0.274849308951835
0.000877573475088 3700.6469156089947 17742823632.454906 -298754412.18101555 625223.630053307 2542131.460887055 0.14145175599574372 -8.814092134227229 -19.796429566424575 3700.6469156089947 0.23575292665957287 111.97200045661464 -18.560676639765003 0.0 -9448.361541048984 -12002.87807366281 0.0022304300988058782 -20441.491103039258 0.23575292665957287 415409.2326084828 -118.35531735814948 -0.031141450350270734 -0.01701646181735129 16.222641510247282 29.616060040750337 2.029123641323646 -11.42380919824009 -21.393074814536522 20344.528860495644 104.97087368428524 -62365137.009590656 40202781.2284529 15.98688858358771 -24.532616809607823 -25.532616809607823 0.23575322084592698 0.2749674604287712
0.000899249539923 3697.7607471627043 17715040158.872612 -291208354.9496198 624745.5202824229 2538827.9339597686 0.1415244020141657 -8.60264152961206 -19.326646957677415 3697.7607471627043 0.23587400335694284 111.97565843919541 -18.09077295432047 0.0 -9213.9545458805 -13956.170980614363 0.0022849946121813254 -19947.079141033268 0.23587400335694284 414872.5425619281 -118.36482531143702 -0.031151470289251523 -0.017019885140775324 15.828172809187084 28.911345768730477 1.990091857425729 -11.420838581337714 -21.388831796055353 19850.103147517886 104.97087542699788 -60746034.02502637 39148478.996503465 15.59229880583014 -23.926802290331576 -24.926802290331576 0.23587432719719348 0.2750885614101938
0.000921461003559 3694.8056354804326 17686613850.97222 -283844707.39098734 624255.9291414802 2535447.2747605387 0.1415988663433129 -8.396290968556873 -18.868200472857218 3694.8056354804326 0.23599811057218817 111.97940918001727 -17.632202362285028 0.0 -8981.286709411595 -10948.544991623272 0.0023408807082107527 -19464.584811625842 0.23599811057218817 414323.4723569739 -118.36390496869717 -0.031161767804975638 -0.01702342038956039 15.44321466382422 28.223634672428435 1.951999918124729 -11.4177954019332 -21.384503184908247 19367.60540984205 104.97087736607726 -59166199.952249624 38119764.181964904 15.207216553252032 -23.33560651851362 -24.33560651851362 0.23599846705012895 0.2752126953455807
0.000944221090347 3691.7799930582178 17657531932.070293 -276658993.30129814 623754.6230355571 2531987.795246766 0.14167520308283307 -8.194914895146693 -18.42081117896722 3691.7799930582178 0.23612533847138847 111.98325509006143 -17.18468584049583 0.0 -8768.880917525326 -158.11118788990618 0.0023981197367137293 -18993.72084593344 0.23612533847138847 413761.7620002582 -118.35872964940427 -0.03117235025905423 -0.01702707037591231 15.067541839105207 27.5525083222937 1.9148291449276844 -11.414677908197048 -21.380087113694284 18896.74220339773 104.97087950804729 -57624674.150983244 37116011.214094914 14.831416500633818 -22.75866979262717 -23.75866979262717 0.2361257308514183 0.2753399526405206
0.000967543351278 3688.682198810335 17627779806.551357 -269646570.6584168 623241.3091634972 2528447.7760807257 0.1417534549040484 -7.998382640407593 -17.984188763726575 3688.682198810335 0.236255758173414 111.98719864411646 -16.74793300555316 0.0 -8562.797805324772 -12455.092848577395 0.002456743758295747 -18534.206899661713 0.236255758173414 413187.14765614143 -118.37392099990029 -0.031183224688673163 -0.017030837984243465 14.700946468497461 26.897531226198723 1.8785733679541343 -11.411484307043786 -21.375581316093367 18437.208559977906 104.97088185976192 -56120460.30454867 36136571.32135703 14.464690710324046 -22.195617736483126 -23.195617736483126 0.23625619006001952 0.27547040468457107
0.000991441672055 3685.5105975874926 17597342172.04936 -262803685.20358273 622715.67293303 2524825.466430265 0.14183366190802352 -7.80658966424961 -17.55810097523324 3685.5105975874926 0.23638943651337255 111.9912423801129 -16.321711538719867 0.0 -8337.268927191128 -16822.09826022941 0.002516785558837939 -18085.76938611481 0.23638943651337255 412599.3610618019 -118.38097923975147 -0.031194398166418356 -0.017034726172981726 14.343191996254792 26.25835498401207 1.8431925242217067 -11.408212763292116 -21.37098337001656 17988.759390245075 104.97088442865204 -54652752.907713875 35180920.037481345 14.106802559741418 -21.646150846610755 -22.646150846610755 0.23638991186962954 0.2756041186181778
0.00101593028135 3682.2634995357494 17566206981.817547 -256126475.55885208 622177.5124101094 2521119.0836033393 0.14191589364094845 -7.619428130883258 -17.142308281430868 3682.2634995357494 0.23652648940158075 111.99538891960457 -15.905781792029288 0.0 -8136.293410642379 2071.3413934877176 0.002578278664124987 -17648.141313498912 0.23652648940158075 411998.1300305784 -118.36539483815795 -0.031205879092149197 -0.0170387379766842 13.994056109738407 25.634620259012443 1.8086561404815125 -11.40486139864421 -21.36629157737254 17551.142210238126 104.97088722238972 -53220723.59519154 34248517.93427595 13.757529620336827 -21.109960232074872 -22.109960232074872 0.23652701257580233 0.275741210652223
0.0010410237593 3678.939179315081 17534359303.030613 -249610195.68149218 621626.5300012338 2517326.8125393633 0.142000199756235 -7.436763706190088 -16.73651223561684 3678.939179315081 0.23666699959372503 111.99964093499857 -15.499845236023114 0.0 -7953.206250042397 -7631.202992980924 0.0026412573547322476 -17221.062125521188 0.23666699959372503 411383.17914983723 -118.37943227805226 -0.031217675212946522 -0.01704287650842792 13.653364531922497 25.025879353560686 1.774977584272346 -11.401428290502283 -21.3615036011747 17124.04419684431 104.97089024890506 -51823353.7838904 33338701.740598872 13.41669753232877 -20.58666102698576 -21.58666102698576 0.23666757536945815 0.27588176391810926
0.00106673704616 3675.5358760205177 17501781733.44346 -243251380.6580624 621062.3462166679 2513446.806119437 0.14208661313737211 -7.258499963053425 -16.340498604025942 3675.5358760205177 0.2368110218956202 112.0040011918032 -15.103687582130322 0.0 -7744.861586957498 -16097.900003729064 0.0027057566811486636 -16804.277546767935 0.2368110218956202 410754.2283416493 -118.39496269493611 -0.03122979375143801 -0.017047144961153966 13.320896338403502 24.431810898740373 1.7421185379623725 -11.397911471492305 -21.356616551864903 16707.239200624863 104.97089351684032 -50459900.17809945 32450987.554956526 13.084085316507881 -20.075976963286344 -21.075976963286344 0.23681165554130557 0.27602583359430477
0.0010930854512 3672.0517923406237 17468461544.94658 -237046642.62060535 620484.7423392422 2509477.1846237844 0.14217520787904023 -7.0845426710706345 -15.954058095533322 3672.0517923406237 0.23695867979840038 112.00847252375601 -14.717099415734921 0.0 -7554.337286837009 -2012.0543983964988 0.0027718124790028355 -16397.5394312413 0.23695867979840038 410110.9935774972 -118.38484674010397 -0.031242243743040764 -0.017051546610273655 12.996436131940355 23.85210091670052 1.710041807544065 -11.394308928181598 -21.35162857992562 16300.50621308112 104.970897035173 -49129636.260951266 31584902.303264603 12.759477452141955 -19.577638147890426 -20.577638147890426 0.23695937708967496 0.27617354360903534
0.00112008466184 3668.4850938313493 17434383620.18285 -230991622.1196697 619893.4204784242 2505416.035340303 0.1422660422125428 -6.914768411555293 -15.576916532659974 3668.4850938313493 0.237110070354238 112.01305783737499 -14.339806462305736 0.0 -7378.142482785862 -8682.224947203224 0.002839461384553846 -16000.6056142971 0.237110070354238 409453.18804023607 -118.39430413018454 -0.031255033744951186 -0.01705608481615919 12.679819849774482 23.28633810887188 1.6787577020602753 -11.390618599894838 -21.34653730181189 15903.557847468726 104.97090081302468 -47831626.636671685 30739836.902538113 12.442709779420245 -19.091291011943596 -20.091291011943596 0.23711083765436758 0.2763249914838444
0.00114775075299 3664.833908673579 17399530773.744984 -225083064.49199522 619288.0140625206 2501261.4127434134 0.1423591609220477 -6.74908658123187 -15.208872641140523 3664.833908673579 0.23726526820341284 112.0177601244312 -13.971607372937111 0.0 -7188.42323146298 -9418.887036239179 0.002908740850447049 -15613.239768506355 0.23726526820341284 408780.5202919247 -118.39947504936936 -0.03126817193689896 -0.01706076302593807 12.370843618664333 22.734220538976313 1.6482320733779783 -11.386838378009426 -21.34133986598231 15516.181633322969 104.97090486040796 -46565173.31199332 29915336.953502845 12.133578350460919 -18.616675999858842 -19.616675999858842 0.23726611250053764 0.2764802523738862
0.00117610019659 3661.0963269955246 17363889048.137825 -219317502.892981 618668.268266372 2497011.3381969417 0.1424546386429836 -6.587400091203047 -14.849710778440821 3661.0963269955246 0.237424397738306 112.02258246884898 -13.612286380702516 0.0 -7019.394590422488 -2235.53164788351 0.0029796891614774688 -15235.21126338611 0.237424397738306 408092.6955309051 -118.39681301081328 -0.03128166786770158 -0.017065584776047554 12.069321207506993 22.19542470174846 1.6184444491822843 -11.382966104779339 -21.336034139426612 15138.150484514725 104.97090918757583 -45329532.85302555 29110918.386988476 11.831896809768688 -18.15351502799238 -19.15351502799238 0.23742532671008032 0.2766394512371717
0.00120514987145 3657.270400183351 17327440980.90053 -213691077.62612224 618033.810290213 2492663.7996650413 0.14255252491124365 -6.429599861847723 -14.499188618789374 3657.270400183351 0.23758754151873943 112.02752802042941 -13.261601077270635 0.0 -6848.379076648561 -11424.139588982356 0.0030523454506931045 -14866.295027614504 0.23758754151873943 407389.41608307324 -118.41545247177055 -0.03129553025006477 -0.01707055369488161 11.775091892489412 21.669587081011148 1.589396079502923 -11.37899957212346 -21.33061719573661 14769.210192338469 104.97091380515498 -44123877.28750743 28326042.142688964 11.537504350970673 -17.701495602189393 -18.701495602189393 0.23758856361168945 0.27680267125914904
0.00123491707327 3653.3541407410007 17290169943.002754 -208201051.98116222 617384.2971663433 2488216.752068861 0.1426528795798333 -6.275610388686517 -14.157138463125348 3653.3541407410007 0.23775479929972218 112.03260003724971 -12.919383663825625 0.0 -6671.138194052977 -7203.1532337890885 0.0031267497156719395 -14506.271415416035 0.23775479929972218 406670.3794903097 -118.41347650662283 -0.03130976838886733 -0.017075673504646168 11.487953443648934 21.156456094921445 1.5610423429935771 -11.374936520959446 -21.32508628608005 14409.183025195493 104.97091872464308 -42947620.07205914 27560326.403985444 11.250198644349211 -17.260401464763778 -18.260401464763778 0.23775592378771115 0.2769700128739042
0.00126541952498 3649.3455212115528 17252061930.790436 -202843834.66606164 616719.4771365746 2483668.1165992003 0.1427557878595572 -6.125330312161693 -13.823335194225328 3649.3455212115528 0.23792631309926202 112.03780185200058 -12.585408881126066 0.0 -6515.734835545918 -3206.8663511833793 0.0032029428349002504 -14154.926075265452 0.23792631309926202 405935.2812216272 -118.4128521148341 -0.031324392792687644 -0.0170809480247851 11.207749107872603 20.655694020304907 1.5333807023218862 -11.370774639539778 -21.319439246402823 14057.83266239702 104.9709239578578 -41799991.12973783 26813269.74626191 10.969822794773341 -16.82994231410157 -17.82994231410157 0.23792755017692446 0.2771416188565978
0.00129667538725 3645.2424739251696 17213097711.523335 -197616036.29305243 616038.9207521703 2479015.780992044 0.14286129548962673 -5.97866412776438 -13.497566647609181 3645.2424739251696 0.23810215914937788 112.04313689875649 -12.259464488459804 0.0 -6355.341671203804 -8763.867898409824 0.0032809665843302575 -13812.04982279003 0.23810215914937788 405183.813557293 -118.42726262586075 -0.03133941257056128 -0.01708638117418294 10.934320902898166 20.166982585030645 1.506403621774478 -11.366511562618497 -21.313672719468453 13714.936232883638 104.97092951694584 -40680263.605487056 26084399.012490507 10.696218743748789 -16.40984455097247 -17.40984455097247 0.23810352002047896 0.2773175662595445
0.00132870326931 3641.042890669695 17173261113.904154 -192514946.50671867 615342.3043331223 2474257.5997392717 0.14296947714956568 -5.835536683619923 -13.179665929747333 3641.042890669695 0.2382824619159428 112.04860871543696 -11.94138346783139 0.0 -6195.984197931766 -6751.15495405433 0.0033608636542138614 -13477.438516106387 0.2382824619159428 404415.6646584357 -118.42909931057693 -0.031354838188447545 -0.017091976973576388 10.667488192286847 19.690071407315685 1.4800770142294066 -11.36214487051157 -21.30778402657217 13380.317200822383 104.97093541500588 -39587856.74355991 25373336.145038076 10.429205730370903 -15.999892956873826 -16.999892956873826 0.23828395888055554 0.2774979804544926
0.00136152224006 3636.744621705541 17132535372.3897 -187537302.97189975 614629.2847391246 2469391.393581312 0.14308040642542835 -5.695855974655295 -12.869428693938326 3636.744621705541 0.2384673440423806 112.05422091385992 -11.630961349895946 0.0 -6044.803408412485 -5831.641626827531 0.003442677665952282 -13150.892933964751 0.2384673440423806 403630.520922181 -118.43374823926024 -0.03137068026804098 -0.017097739549106965 10.407102074876068 19.224653926226697 1.4543952687988313 -11.35767208744719 -21.301770340669243 13053.76095606616 104.9709416654547 -38522071.16371382 24679625.829298086 10.168634730833688 -15.599824014874361 -16.59982401487436 0.2384689906195907 0.2776829850741166
0.00139515183939 3632.3454756644833 17090902850.915606 -182680206.05476674 613899.4897648252 2464414.9500277583 0.14319415343973455 -5.5595407964690295 -12.566674589841895 3632.3454756644833 0.23865692239955758 112.05997724413398 -11.328017667442337 0.0 -5897.228274822999 -5013.92092966166 0.003526453189194029 -12832.218657499041 0.23865692239955758 402828.0655169984 -118.43676909977876 -0.031386949495943964 -0.01710367313456469 10.153004655221187 18.770459577296318 1.4293401966564085 -11.353090680805051 -21.29562861982662 12735.077517019088 104.97094828247378 -37482285.43979077 24002863.547514986 9.914347732821629 -15.209405152881654 -16.209405152881654 0.23865873343858957 0.2778726980841354
0.00142961208983 3627.843218745694 17048345947.9714 -177940623.69560692 613152.5487930696 2459326.0231086602 0.14331079243467842 -5.426505738471127 -12.271213926135362 3627.843218745694 0.23885132072446405 112.06588153009339 -11.032362605410897 0.0 -5754.559818242939 -6498.96450750094 0.003612235758982813 -12521.225954304186 0.23885132072446405 402007.979583952 -118.44776504717811 -0.0314036569354213 -0.017109782074857117 9.905050891414556 18.327203782294884 1.4049031829473895 -11.348398059593844 -21.289355810958842 12424.067545067965 104.97095528065599 -36467849.7192107 23342626.264848206 9.666199570690091 -14.828391753084556 -15.828391753084556 0.23885331253844466 0.27806724441698694
0.00146492350845 3623.2355745780105 17004845722.6628 -173315898.58403414 612388.0453740708 2454122.3339074817 0.14343039020916856 -5.296676622108684 -11.982881960551401 3623.2355745780105 0.23905065034861428 112.0719377262799 -10.743831310202786 0.0 -5608.6139672704285 -7206.487978057485 0.0037000718931492747 -12217.72966566193 0.23905065034861428 401169.94119318906 -118.45537135487393 -0.031420813566357675 -0.01711607082852182 9.66308578770451 17.894639390710893 1.3810622320332056 -11.343591573590137 -21.282948532150666 12120.557242839206 104.9709626754306 -35478194.67321998 22698543.42783253 9.424035137355895 -14.456571370967962 -15.456571370967962 0.23905284084789313 0.27826673671342605
0.0015011071191 3618.520223444024 16960385856.971485 -168803345.20523453 611605.6535412236 2448801.5704010623 0.14355303954851986 -5.169978263416054 -11.70151175507052 3618.520223444024 0.2392550659141998 112.07814988655599 -10.46225668915632 0.0 -5471.752945331265 -3911.0797268625847 0.0037900091097304617 -11921.54909607392 0.2392550659141998 400313.6264302203 -118.45480696363848 -0.03143843163693317 -0.01712254397137493 9.426962194458369 17.47251594396771 1.3578000257461214 -11.338668511778705 -21.276403979920996 11824.370693090204 104.97097048280396 -34512745.04962331 22070240.567332625 9.187707128544169 -14.093728731140452 -15.093728731140452 0.2392574747626034 0.2784713310510951
0.00153818446495 3613.694801802146 16914947339.238451 -164399991.21000385 610804.9543663921 2443361.3876669444 0.1436788145093343 -5.046326508631476 -11.42691641104674 3613.694801802146 0.23946469084889052 112.08452218306377 -10.18745172019785 0.0 -5340.280662487576 -5759.706917202565 0.003882095944580787 -11632.507905526005 0.23946469084889052 399438.71072906995 -118.46574315156431 -0.031456522871650884 -0.017129206199803782 9.196552325051856 17.06055305295381 1.3351156365635446 -11.33362610106753 -21.269718707059724 11535.3118810815 104.9709787195174 -33570863.872486785 21457303.068190373 8.957087634202967 -13.739622817131481 -14.739622817131481 0.23946733965393652 0.27868115244926095
0.00157617762123 3608.7569021641148 16868510960.25253 -160103413.9316627 609985.5215774203 2437799.4085218473 0.143807791315546 -4.9256538511327195 -11.158946026688334 3608.7569021641148 0.23967965219257667 112.0910589189338 -9.919266374495757 0.0 -5205.0111106364575 -6744.857535870179 0.003976381968928044 -11350.434005183972 0.23967965219257667 398544.86634209316 -118.47438639299435 -0.03147509931750794 -0.017136062333614522 8.971710039797836 16.658525822634978 1.3129865060894672 -11.32846150533773 -21.262889190151043 11253.222507981129 104.97098740283192 -32652032.331836347 20859393.29143741 8.732030387605258 -13.394060322475347 -14.394060322475347 0.23968256466719606 0.2788963296704935
0.00161510920847 3603.7040723866935 16821059055.512438 -155911128.08788928 609146.9816410628 2432113.223531089 0.14394006331027998 -4.807890723777492 -10.897446146631879 3603.7040723866935 0.2399001055171333 112.09776450155314 -9.657546041114745 0.0 -5076.892194525059 -4047.1271406076776 0.004072917807269678 -11075.159454169205 0.2399001055171333 397631.764437406 -118.47560046254875 -0.03149417395302956 -0.017143117319949594 8.752298141287437 16.266202518108777 1.2913960900995818 -11.323171823843394 -21.255912231469686 10977.939765938125 104.97099655100666 -31755718.253633145 20276164.859769344 8.512398035770303 -13.056842069025173 -14.056842069025173 0.23990330768556378 0.27911702017960993
0.00165500240592 3598.533815275188 16772572832.928793 -151820416.90603438 608288.9212006468 2426300.391403064 0.14407571829518126 -4.692960240330363 -10.642246042652927 3598.533815275188 0.24012619715863545 112.10464348238706 -9.40211984549429 0.0 -4954.645584467275 -5123.372694209626 0.004171755155072013 -10806.520359959695 0.24012619715863545 396699.0764442958 -118.48461595158369 -0.03151375978392518 -0.017150376236846707 8.53819593961262 15.883326998259848 1.2703415734139247 -11.317754089896601 -21.24878433906962 10709.284528347182 104.9710061827867 -30881339.695752747 19707239.003703892 8.298069742453984 -12.72774789353057 -13.72774789353057 0.24012971760631419 0.27934337241087825
0.00169588096535 3593.243588339959 16723032060.507925 -147828937.90916526 607410.8755533164 2420358.4395894017 0.14421483568628354 -4.580796861256741 -10.39320018899466 3593.243588339959 0.24035805947713926 112.11170053350227 -9.15284212951752 0.0 -4829.788087773747 -5922.018935809312 0.004272946796698761 -10544.356780805134 0.24035805947713926 395746.47175165586 -118.4949307944953 -0.03153386973562088 -0.017157844296692586 8.329271735753284 15.50968093033294 1.2498061465689494 -11.312205269671217 -21.241501647398536 10447.103351658037 104.97101631778371 -30028395.134459436 19152289.36985643 8.088913676276146 -12.406590132804281 -13.406590132804281 0.24036192957158697 0.2795755210004842
0.00173776922519 3587.830803475205 16672418490.70909 -143934439.41704592 606512.4473727153 2414284.8648320474 0.14435751595189994 -4.471337708953171 -10.150169006491343 3587.830803475205 0.24059585991983323 112.11894047400776 -8.909573146571509 0.0 -4710.724658848398 -4119.802105159647 0.004376546623346252 -10288.512630500254 0.24059585991983323 394773.61898029305 -118.49777223002093 -0.03155451784463798 -0.017165526849952626 8.125395430585609 15.145054889763736 1.229771810323742 -11.306522260882312 -21.234060711817158 10191.24891898205 104.97102697647881 -29196402.6699011 18611002.344949894 7.884799570665777 -12.093188792753411 -13.093188792753411 0.24060011407206539 0.2798136358883344
0.00178069212506 3582.2928262781543 16620712729.380829 -140134381.73230875 605593.1976226453 2408077.133343281 0.14450385380850805 -4.364510789291608 -9.912992648512475 3582.2928262781543 0.24083975634751342 112.1263682451431 -8.672152892164961 0.0 -4595.999772468165 -5008.420789176095 0.004482609650948935 -10038.835585221943 0.24083975634751342 393780.1886553733 -118.50844305531064 -0.031575718189394954 -0.01717342938964451 7.926455661799655 14.789209053986204 1.2102367538653493 -11.300701891042289 -21.226457776934677 9941.553599943567 104.9710381799396 -28384818.48158525 18083024.008681502 7.685615905452141 -11.787337742864102 -12.787337742864102 0.24084443234178 0.2800578776970406
0.00182467522055 3576.626976213186 16567894255.693464 -136426651.19683114 604652.6457011967 2401732.681970959 0.14465393817719824 -4.2602571537501595 -9.681540250077685 3576.626976213186 0.24108989696199706 112.13398895528849 -8.440450353115688 0.0 -4480.3005592809695 -5020.9360021389275 0.004591192038145554 -9795.176993255605 0.24108989696199706 392765.8495139138 -118.51650292663544 -0.03159748489513893 -0.01718155755460658 7.732327169525785 14.441947076129196 1.191182457061202 -11.294740916556774 -21.21868877359574 9697.879179102565 104.9710499502033 -27593190.297881816 17568060.100838598 7.491237272563788 -11.488868226266433 -12.488868226266433 0.24109503623750805 0.28030839762085535
0.00186974469849 3570.830525992419 16513944610.598822 -132809033.33465943 603690.3803033007 2395248.9185227538 0.14480787999556838 -4.15851455899732 -9.455673657024516 3570.830525992419 0.24134646665928064 112.14180784448617 -8.214327190365236 0.0 -4370.4673229225555 -4132.742341684058 0.004702351104218626 -9557.39178616124 0.24134646665928064 391730.27183858416 -118.52232490653296 -0.031619833261789854 -0.01718991713421198 7.542894643400943 14.103061663317012 1.1725978414132086 -11.288636020948607 -21.210750065717853 9460.080211320424 104.97106231008293 -26821044.288421154 17065802.274413113 7.301548176741662 -11.197602086785523 -12.197602086785523 0.2413521146784835 0.28056538384935614
0.00191592739255 3564.900701370777 16458843052.206537 -129279271.67382483 602705.9073715453 2388623.2225950793 0.1449657743622843 -4.059219253927736 -9.235251341116873 3564.900701370777 0.24160962393714053 112.14983031092234 -7.993641717179733 0.0 -4262.256502465045 -4790.248500985269 0.004816145347034315 -9325.338392385447 0.24160962393714053 390673.127906544 -118.5330058138079 -0.031642778249999004 -0.0171985140725933 7.358049969318852 13.772340470362925 1.154476553240647 -11.28238381346531 -21.202637423357377 9228.008023994997 104.97107528333153 -26067897.528899975 16575936.31184831 7.116440345381712 -10.913356816726813 -11.913356816726813 0.24161583058537517 0.2808289985016642
0.00196325079914 3558.8346811552183 16402569896.698263 -125835388.4547483 601698.7663878747 2381852.9466811325 0.14512772964839782 -3.9623160393913164 -9.02015079812648 3558.8346811552183 0.24187954941399636 112.1580619251477 -7.778271248712484 0.0 -4155.853962695392 -4291.056906149663 0.004932634460797866 -9098.878653362282 0.24187954941399636 389594.0897592575 -118.53977334119372 -0.03166633566014397 -0.017207354472707617 7.177677362118692 13.449599680718386 1.1368020063366289 -11.275980827859438 -21.19434680527569 9001.533226826365 104.97108889443071 -25333327.064302165 16098187.037427895 6.935797812704695 -10.635974441495875 -11.635974441495875 0.24188636938275132 0.2810994261314379
0.00201174309388 3552.629596672067 16345105222.27289 -122475242.61070246 600668.4845885233 2374935.416715064 0.14529385623626323 -3.8677444157651983 -8.810237747976387 3552.629596672067 0.24215642706043872 112.16650839803455 -7.568081320915949 0.0 -4053.699641215014 -4112.5004293336515 0.005051879353915346 -8877.877740760045 0.24215642706043872 388492.83331299556 -118.54887808966487 -0.03169052168970202 -0.01721644460148673 7.0016735628349425 13.134637812944435 1.1195678433021512 -11.269423520541693 -21.18587404959674 8780.514736719977 104.97110316877703 -24616874.852948196 15632256.428700319 6.759517135774504 -10.36528180079839 -11.36528180079839 0.24216392034511047 0.28137685505264287
0.0020614331483 3546.2825319716935 16286428362.557926 -119196851.77503091 599614.5587254685 2367867.9334821613 0.14546426191732773 -3.7754486881287326 -8.605388583867299 3546.2825319716935 0.24244043652887956 112.17517563777987 -7.36294814733842 0.0 -3952.586874375529 -4391.782497276337 0.005173942166625004 -8662.204076583965 0.24244043652887956 387369.0361656865 -118.55894416505726 -0.03171535275666489 -0.017225790893990806 6.829932902039008 12.82726939695799 1.1027629066568907 -11.262708269453892 -21.177214746612236 8564.82234716552 104.97111813277529 -23918116.952022485 15177868.694338758 6.587492465510128 -10.101119498184495 -11.101119498184495 0.2424486689119637 0.28166146965467076
0.00211235054706 3539.790523496392 16226519320.860933 -115998301.28939763 598536.5041592086 2360647.7734734626 0.14563906445022745 -3.685375130701438 -8.405484089633164 3539.790523496392 0.24273177408371244 112.1840697056187 -7.162752315549452 0.0 -3854.0878019380757 -4016.511676073182 0.005298886288502745 -8451.729254689311 0.24273177408371244 386222.37868499616 -118.56722934230311 -0.031740846015099314 -0.017235399958661198 6.66235135052305 12.527315543088509 1.0863753866713923 -11.255831372315011 -21.168364571480655 8354.33038991849 104.97113381357894 -23236644.01732082 14734757.540639117 6.419619576439337 -9.843333799489438 -10.843333799489438 0.2427408176760334 0.28195347138317517
0.00216452560557 3533.150560128281 16165357785.899216 -112877646.68258637 597433.8198761009 2353272.1902089957 0.1458183828083744 -3.597468893065924 -8.210402551714461 3533.150560128281 0.24303063801395733 112.19319686177467 -6.967371913700504 0.0 -3758.6027017365163 -3889.9911034265456 0.005426776375901189 -8246.327964316733 0.24303063801395733 385052.5458112684 -118.57643949126577 -0.031767019013040076 -0.017245278582178416 6.49883094561547 12.234593614900371 1.0703973483828295 -11.248789045205749 -21.15931904421206 8148.910843869681 104.97115023940276 -22572040.301072817 14302652.513455154 6.255800307601512 -9.591767750023077 -10.591767750023077 0.24304057187386396 0.28225306421647267
0.00221798938803 3526.35958309765 16102923155.368958 -109833024.10730167 596305.9885932076 2345738.41545139 0.14600233731797818 -3.511677497280739 -8.020027530724573 3526.35958309765 0.24333722886329698 112.20256353998558 -6.776690301861276 0.0 -3665.0890443025346 -3917.33930962251 0.005557678369073082 -8045.877915531741 0.24333722886329698 383859.22639171773 -118.58686954819859 -0.03179388970883183 -0.017255433734791787 6.339274556175642 11.948928886465762 1.054819497745614 -11.241577420940045 -21.150073528737877 7948.441119512279 104.97116743922699 -21923907.386937276 13881294.458567787 6.095937327312345 -9.346271196534273 -10.346271196534273 0.24334813964577118 0.28256045491742543
0.00227277372592 3519.4144861789537 16039194851.806416 -106862636.90153451 595152.4873931889 2338043.660785684 0.1461910524266918 -3.427950427975243 -7.834246954651194 3519.4144861789537 0.24365175404448636 112.21217638361001 -6.590595200606708 0.0 -3573.566154445349 -3851.0165719008855 0.005691659509206486 -7850.259766437462 0.24365175404448636 382642.1138178836 -118.59725401437026 -0.031821476592898496 -0.01726587257542348 6.183586380486826 11.67015318062863 1.039631737483469 -11.23419254767379 -21.140623302610873 7752.803135725702 104.9711854431445 -21291861.31232626 13470433.640486984 5.939934626442341 -9.106699617906738 -10.106699617906738 0.24366373670780894 0.28287585769728973
0.00232891123695 3512.3121156139114 15974152521.311722 -103964720.31343347 593972.7941337633 2330185.1189440233 0.14638465851307866 -3.3462380135021466 -7.652950635209332 3512.3121156139114 0.24397443085513112 112.22204222407348 -6.408976204354201 0.0 -3484.2741582602143 -3709.3017856965844 0.005828788355048352 -7659.357052127262 0.24397443085513112 381400.9070988088 -118.60718273692146 -0.03184979877230229 -0.017276602457489656 6.0316734869443644 11.398101142528951 1.0248247746513204 -11.226630387153143 -21.13096359978398 7561.880832990125 104.97120428199959 -20675524.993037783 13069824.803831933 5.787699056089234 -8.872910922376574 -9.872910922376574 0.2439875894439969 0.2831994972934716
0.0023864353445 3505.049270363371 15907775690.205608 -101137536.455567 592766.3747029548 2322159.96554387 0.14658328872233098 -3.2664912610320447 -7.476029896696886 3505.049270363371 0.24430548120388498 112.23216810721594 -6.231724415493002 0.0 -3397.4441081025398 -3540.9239894222383 0.0059691347994343105 -7473.056115280169 0.24430548120388498 380135.3117228222 -118.61739732758633 -0.03187887585486941 -0.01728763093445083 5.883445956140855 11.132609684644033 1.0103903147820592 -11.218886813238461 -21.121089520901382 7375.559807473484 104.9712239876703 -20074527.12215737 12679226.464231689 5.639140474936971 -8.644764968831828 -9.644764968831828 0.2443199297099321 0.2835316037580312
0.00244538029751 3497.6227022335606 15840043766.41756 -98379384.44422236 591532.6823336479 2313965.3607367035 0.1467870789037035 -3.188662180737044 -7.303378296310029 3497.6227022335606 0.24464513150617248 112.24256129014849 -6.058733164803857 0.0 -3312.697496220121 -3570.97170671608 0.006112770085319455 -7291.246038536292 0.24464513150617248 378845.0402472587 -118.62900467358304 -0.03190872795902506 -0.017298965765861204 5.738816309334937 10.873519067296318 0.9963205335782185 -11.210957610218239 -21.110996026313213 7193.728029889022 104.97124459288203 -19488504.34687631 12298402.326650258 5.494171177828765 -8.422124495706237 -9.422124495706237 0.24466099480365333 0.28387241241748795
0.00250578119086 3490.029116288993 15770936092.554121 -95688640.46873993 590271.158779699 2305598.4512239173 0.14699616799056564 -3.1127050902319096 -7.134894523464341 3490.029116288993 0.2449936133176094 112.25322926346351 -5.889900910146732 0.0 -3229.3952656752263 -3544.1214672599253 0.006259766821565597 -7113.818578498397 0.2449936133176094 377529.81211661635 -118.64053878601135 -0.03193937574117148 -0.01731061492324002 5.597697501156109 10.620677247423975 0.9826060973815258 -11.202838471349418 -21.100677941199642 7016.278717653586 104.97126613133615 -18917109.879804473 11927126.893884642 5.3527038878385 -8.204858859860183 -9.204858859860183 0.24501102815804432 0.2842221645515478
0.00256767398627 3482.2651710531286 15700432558.171822 -93063715.44621505 588981.2554413822 2297056.372089662 0.1472107036564264 -3.0385752580014103 -6.97047939356821 3482.2651710531286 0.2453511727607107 112.26417973147252 -5.725128220807499 0.0 -3148.5090017305984 -3269.7266931375925 0.006410198998205299 -6940.668101271664 0.2453511727607107 376189.3551078572 -118.6508958274353 -0.03197084063650505 -0.017322586596615046 5.460004819190681 10.373935366098744 0.9692381283650187 -11.194524997088852 -21.090130099878806 6843.1073355441085 104.97128863781703 -18360004.420620482 11565179.539548254 5.214653646429971 -7.992840159999272 -8.992840159999272 0.24537028887746093 0.2845811169119239
0.00263109553373 3474.3274789418524 15628512785.323765 -90502998.11170578 587662.4035909163 2288336.248943003 0.14743083468795273 -2.9662270400659985 -6.810031695980667 3474.3274789418524 0.24571805781325456 112.27542064918276 -5.5643136381674125 0.0 -3069.966987256602 -3293.687024075424 0.006564142001378557 -6771.69151952604 0.24571805781325456 374823.40782816533 -118.66337185026805 -0.03200314456570416 -0.01733488920100678 5.32565852544423 10.133141524699916 0.9562109186646748 -11.186012693487479 -21.07934713717557 6674.107494812947 104.97131214738366 -17816843.887699183 11212336.535686756 5.079940467630975 -7.785937882131131 -8.785937882131131 0.2457390391769989 0.28494952913334903
0.00269608359342 3466.2126068177427 15555156149.655474 -88004983.56641488 586314.0141158989 2279435.2002453418 0.14765671099411223 -2.8956180753770493 -6.653457517125462 3466.2126068177427 0.2460945183235204 112.28696021368661 -5.407362998801942 0.0 -2992.4321286549152 -3320.8939083062623 0.006721672627706619 -6606.788231185658 0.2460945183235204 373431.7171727261 -118.6763748729627 -0.032036309949016004 -0.017347531383054685 5.194577615754132 9.898154769580353 0.94351567130929 -11.1772969706254 -21.068323483505957 6509.180179796202 104.97133669654627 -17287307.0441585 10868389.047948984 4.9484830974306115 -7.58403092235209 -8.58403092235209 0.24611754440818379 0.28532766375787677
0.00276267685817 3457.9170765685644 15480342879.996433 -85568212.9464848 584935.5163205524 2270350.339717346 0.14788849390770473 -2.826707340588387 -6.5006659330226455 3457.9170765685644 0.2464808231795079 112.2988068851576 -5.254185109843138 0.0 -2917.1401976839625 -3077.6761809945733 0.00688286909808617 -6445.860059587244 0.2464808231795079 372014.04031926976 -118.68765277017701 -0.03207036013482997 -0.017360522027963378 5.066682590142923 9.668838625140799 0.9311433415937691 -11.168373140981304 -21.05705363146093 6348.229460448528 104.97136232240675 -16771082.57363989 10533134.692264594 4.820201766963415 -7.387002032350592 -8.387002032350592 0.2465060903761952 0.2857158035245472
0.00283091497657 3449.4373655533655 15404053093.83638 -83191180.48009868 583526.3223749157 2261078.7786552645 0.1481263470505179 -2.7594520787631 -6.351562170659508 3449.4373655533655 0.24687724508419648 112.31096937670097 -5.104684925575311 0.0 -2843.976997631084 -3072.7258115666123 0.0070478110709792895 -6288.81119485581 0.24687724508419648 370570.14898444817 -118.7009652026527 -0.03210531904796393 -0.01737387026705365 4.941899872187418 9.445050840961198 0.9190891437678412 -11.159236417563378 -21.04553188694308 6191.1557615401 104.97138906282481 -16267849.06072698 10206364.51703641 4.695022627103221 -7.194729000288078 -8.194729000288078 0.246904968352328 0.2861142363394399
0.00290083857649 3440.769907601194 15326266600.319288 -80872494.12901032 582085.8191673812 2251617.628906764 0.14837043420478133 -2.6938130976620336 -6.206059378811603 3440.769907601194 0.24728405700796888 112.32345668580089 -4.958775321803635 0.0 -2772.0333330007606 -3034.384187573623 0.007216579654956023 -6135.548137078918 0.24728405700796888 369099.824908906 -118.7144259261795 -0.03214121111877955 -0.017387585484770957 4.820153956399924 9.22666104921475 0.9073446606406248 -11.149881912535623 -21.033752307781498 6037.86746346052 104.9714169563296 -15777309.504765207 9887885.489983927 4.5728698993919545 -7.007099830012265 -8.007099830012265 0.2473144714933685 0.2865232517013596
0.00297248928933 3431.9110936983056 15246964197.863926 -78610774.27970737 580613.4143537488 2241964.005559642 0.14862093169448168 -2.6297514395224795 -6.064071245893631 3431.9110936983056 0.24770155282413614 112.33627808791294 -4.816369693069495 0.0 -2702.1088383594424 -2913.8223273438307 0.007389257420636804 -5985.979640500829 0.24770155282413614 367602.86401488876 -118.7277364382353 -0.03217806179747962 -0.017401677326635688 4.701372216449219 9.013539684565734 0.8959027402447288 -11.140304635406926 -21.02170902309605 5888.27361308569 104.97144604222966 -15299169.5966667 9577506.318646764 4.453670663625083 -6.824003221607343 -7.824003221607343 0.24773491572983108 0.28694316154335775
0.00304590977478 3422.8572728847867 15166126290.602718 -76404654.9944567 579108.4852483313 2232115.029914757 0.14887801493576583 -2.567228412418822 -5.925512049724442 3422.8572728847867 0.24813002489294306 112.34944315763424 -4.677382024831498 0.0 -2633.747663363485 -2881.0595805990324 0.0075659284117156915 -5840.016659267155 0.24813002489294306 366079.0776899385 -118.74206852551197 -0.03221589703013292 -0.01741615570727221 4.585484778866426 8.805558066289015 0.8847574080810667 -11.130499491338908 -21.00939587214058 5742.283986613783 104.97147636020871 -14833137.925374622 9275037.617411634 4.337354753973483 -6.64532863520976 -7.64532863520976 0.24816661752761826 0.28737427796283066
0.00312114374621 3413.6047534201853 15083733983.061352 -74252836.72179925 577570.4175486221 2222067.8328062473 0.14914186888595773 -2.506207358711415 -5.790300602893453 3413.6047534201853 0.24856978147659622 112.3629617787603 -4.541730821416857 0.0 -2567.0184350314416 -2795.9961221556946 0.007746678155319736 -5697.572294430421 0.24856978147659622 364528.29119487474 -118.75615353647845 -0.03225474369561923 -0.017431030818426486 4.472421856271179 8.602594310514649 0.8739012115602974 -11.120461279635094 -20.996806672480197 5599.812947566422 104.9715079508034 -14378937.348518014 8980299.289415741 4.223852074794583 -6.470971379104511 -7.470971379104511 0.2486099113906558 0.28781693070845005
0.00319823599675 3404.149803700433 14999768452.91155 -72154018.09726468 575998.5814086224 2211819.5577057274 0.14941268182072912 -2.4466513728218118 -5.658355171931032 3404.149803700433 0.24902113636788187 112.37684413485604 -4.40933403556315 0.0 -2501.908454121633 -2747.4406843953734 0.00793159367137038 -5558.561742119572 0.24902113636788187 362950.3479849259 -118.771206018685 -0.03229462937408066 -0.017446313137886464 4.362117019861941 8.40452571244059 0.8633285631601213 -11.11018469184684 -20.98393504886276 5460.77447114975 104.97154085453816 -13936290.303647665 8693110.973714706 4.11309588349406 -6.300826057485213 -7.300826057485213 0.24906513979990463 0.28827145706257407
0.00327723242586 3394.4886537623447 14914211286.999737 -70106961.12053737 574392.3426900443 2201367.3645188157 0.14969064843076396 -2.3885254995545115 -5.529598367055602 3394.4886537623447 0.24948441405127328 112.39110076439927 -4.280113953004329 0.0 -2438.2621867082507 -2672.7848297336313 0.008120763480948527 -5422.902243241299 0.24948441405127328 361345.1071826515 -118.7860986490532 -0.03233558248921734 -0.01746201343788236 4.254503904073819 8.211236079232977 0.8530324483476359 -11.099664310398865 -20.97077450765964 5325.0869190999065 104.97157511255857 -13504932.825741762 8413301.168887433 4.005019490022545 -6.134792876196622 -7.134792876196622 0.24953265845314343 0.2887382070666443
0.00335818006678 3384.617496368644 14827044570.686543 -68110430.3835874 572751.0649958539 2190708.43298011 0.14997597061080933 -2.3317946842520025 -5.403952588131575 3384.617496368644 0.24995995101801557 112.40574251646686 -4.153992637113559 0.0 -2376.2806068469317 -2606.2677726958855 0.008314277613768701 -5290.513033995967 0.24995995101801557 359712.44806584675 -118.80176068965375 -0.032377632360219635 -0.017478142794729597 4.14951914337006 8.022608898524691 0.8430074276300076 -11.08889460663764 -20.957318449103564 5192.668591755417 104.9716107658664 -13084601.484827226 8140698.7229784215 3.8995591923520436 -5.972771770010357 -6.972771770010357 0.25001283793510376 0.2892175451277281
0.00344112711443 3374.5324887471043 14738250504.789177 -66163235.97131081 571074.0945174833 2179839.9668093 0.15026885339020615 -2.2764252300189267 -5.281343256916439 3374.5324887471043 0.25044808898367693 112.42078062403925 -4.030895167932762 0.0 -2315.6355534214204 -2565.889156225115 0.008512227614386329 -5161.315297983127 0.25044808898367693 358052.2684955734 -118.81798029077436 -0.03242080905744566 -0.017494712597876334 4.047100165591762 7.838532189046766 0.833247442663108 -11.07786993946576 -20.943560054032822 5063.440877746385 104.9716478556701 -12675042.584519802 7875138.834973794 3.796652076608085 -5.814666570717418 -6.814666570717418 0.2505060570790193 0.28970984335344085
0.00352612295416 3364.2297540303994 14647812091.420607 -64264219.61106126 569360.7839479927 2168759.197594967 0.1505695116870052 -2.2223843367094425 -5.1616978025943245 3364.2297540303994 0.25094918614500866 112.43622666043552 -3.910748616449316 0.0 -2256.45444114972 -2496.3955532026685 0.008714706547271914 -5035.2321191893525 0.25094918614500866 356364.48653025896 -118.83435613834808 -0.03246514369532999 -0.01751173456003533 3.9471858032697815 7.658896975176483 0.8237464673885699 -11.06658455352101 -20.929492451349443 4937.327255502354 104.97168642297147 -12276009.209308626 7616461.116039464 3.6962366171247725 -5.66038369908565 -6.66038369908565 0.25101271450751783 0.29021549304136796
0.00361321819113 3353.7053830910645 14555712614.083473 -62412240.65186137 567610.4721540597 2157463.389155582 0.15087816484732994 -2.1696396204997415 -5.044944586069544 3353.7053830910645 0.25146360807888324 112.45209259699939 -3.7934809779906606 0.0 -2198.7000618429206 -2437.136933751172 0.008921809000617934 -4912.188436241598 0.25146360807888324 354649.04267817154 -118.85129340285675 -0.03251066823425441 -0.01752922072721516 3.8497169318787443 7.483595676411354 0.8144991861265607 -11.055032577652643 -20.915108567832068 4814.252251406573 104.97172650837805 -11887258.182936614 7364507.621246297 3.5982533237998613 -5.509830777517488 -6.509830777517488 0.2515332198649497 0.2907348958517191
0.00370246468045 3342.9554363843017 14461936036.56701 -60606193.02355513 565822.4975678113 2145949.8419576017 0.15119504051268484 -2.118159701542754 -4.931014211595284 3342.9554363843017 0.25199173418780807 112.46839079313852 -3.6790224774074756 0.0 -2142.324631892804 -2384.0538530642198 0.009133631088757026 -4792.110997710828 0.25199173418780807 352905.8994595009 -118.8686929734622 -0.03255741565865024 -0.017547183489352653 3.754635545526534 7.312524072663657 0.805500092097175 -11.043208023268702 -20.900401219952133 4694.142705957318 104.97176815195604 -11508553.724641766 7119125.222523208 3.502643811338726 -5.362918321587288 -6.362918321587288 0.2520680005104601 0.2912684704547245
0.00379391555806 3331.975946012923 14366466759.598953 -58844993.84299548 563996.1877916987 2134215.897819448 0.15152037188420453 -2.0679138144992057 -4.819838657234094 3331.975946012923 0.2525339531403409 112.48513401770236 -3.5673047040937527 0.0 -2087.239788967693 -2336.966892996898 0.009350270453177099 -4674.92831850318 0.2525339531403409 351135.0433991742 -118.88675127904389 -0.0326054198903225 -0.01756563559119646 3.6618852656165015 7.145580001471026 0.7967440328989811 -11.031104782784693 -20.885363034390362 4576.926930258526 104.97181139292535 -11139664.983498093 6880164.0091375355 3.4093513124761605 -5.2195586186381675 -6.2195586186381675 0.2526174973296007 0.2918166482757695
0.00388762527234 3320.7629179261876 14269289969.7473 -57127595.64935348 562130.8712452234 2122258.944803744 0.15185440112603113 -2.0188722418591225 -4.711352242836615 3320.7629179261876 0.25309066854338524 112.50233546976114 -3.4582615742932292 0.0 -2033.4584722916172 -2273.8933647460067 0.009571826261890307 -4560.570637344009 0.25309066854338524 349336.48454766936 -118.90499162071319 -0.03265471594951502 -0.017584590143624478 3.5714106458328643 6.982664808073793 0.7882255391029357 -11.01871662807341 -20.869986526955103 4462.535632250251 104.97185626943288 -10780368.67675224 6647478.998772574 3.318319977289479 -5.079666976147038 -6.079666976147038 0.25318217069634674 0.29237987940466026
0.00398364961657 3309.3123342121107 14170391493.707972 -55452962.75249169 560225.870281303 2110076.422252385 0.15219737762863952 -1.9710054870891422 -4.6054897900183 3309.3123342121107 0.25366229604773255 112.5200087852336 -3.3518274939705677 0.0 -1981.0077363455468 -2224.8878973207406 0.00979839920725794 -4448.969875201487 0.25366229604773255 347510.260178416 -118.92399320607001 -0.03270533991055884 -0.01760406063549662 3.4831583255815906 6.8236805863448735 0.7799400194332102 -11.006037208866864 -20.854264048269872 4350.900146043687 104.97190281821997 -10430443.993431496 6420926.822121168 3.229496029533858 -4.943159348843677 -5.943159348843677 0.2537624980882305 0.29295863011887147
0.0040820457621 3297.6201556848323 14069757798.253822 -53820095.08694409 558280.4996877346 2097665.826176135 0.15254955771785297 -1.9242851178440628 -4.502188495531774 3297.6201556848323 0.2542492628630883 112.538168064494 -3.247939232668686 0.0 -1929.7106569928785 -2183.0618303401843 0.010030091501955987 -4340.059594824539 0.2542492628630883 345656.4328282326 -118.94355458281916 -0.03275732891621988 -0.01762406094571231 3.3970757357804655 6.668532989009964 0.7718824827902693 -10.99306005132919 -20.838187767105094 4241.954228008825 104.97195107423556 -10089677.714058993 6200369.058665862 3.142826472917377 -4.8099547545433445 -5.8099547545433445 0.2543589738804203 0.2935533826268356
0.00418287229242 3285.682324535765 13967376290.52744 -52228018.104191534 556294.0765017614 2085024.7147483276 0.15291120762500518 -1.8786834180462832 -4.401387162510267 3285.682324535765 0.25485201270834196 112.55682788552923 -3.146535149801925 0.0 -1879.645264960904 -2124.9719310060677 0.010267006873172562 -4233.774961160871 0.25485201270834196 343775.0921015423 -118.9633997653209 -0.03281072132451847 -0.017644605355916172 3.313111553840561 6.51713007286262 0.7640480262907468 -10.979778556541438 -20.821749736571995 4135.633311132122 104.97200107028479 -9757862.044155098 5985670.819114793 3.058259541132219 -4.679974282862599 -5.679974282862599 0.25497211477966397 0.2941646404147904
0.00428618923804 3273.4947671785962 13863235155.915401 -50675772.18040919 554265.9123418087 2072150.714037781 0.15328260149424053 -1.8341730105744578 -4.303025359045818 3273.4947671785962 0.2554710024904009 112.57600331956506 -3.047554356555417 0.0 -1830.7906599478645 -2077.7543042336993 0.01050925055476074 -4130.052702769425 0.2554710024904009 341866.357269828 -118.98394263070213 -0.03286555665715539 -0.017665708563653185 3.2312162019746666 6.369381037738594 0.7564323665366927 -10.96618599903764 -20.80494183278587 4031.873701971509 104.97205283675108 -9434792.323033717 5776699.257745566 2.9757451994842654 -4.553140010095662 -5.553140010095662 0.25560245707137863 0.2947929253910079
0.00439205811222 3261.053397345931 13757323420.686407 -49162427.48622276 552195.3141614222 2059041.5240370086 0.1536640217496226 -1.7907273935095416 -4.207044610391015 3261.053397345931 0.25610670291603765 112.5957099557543 -2.950937907474977 0.0 -1783.056198921258 -2034.1003294209322 0.010756929277333897 -4028.831074174672 0.25610670291603765 339930.37567547266 -119.00511539217587 -0.032921875643720656 -0.017687385695899314 3.1513410074592967 6.22519801461451 0.7490310185863666 -10.952275525453365 -20.787755754083637 3930.613714536579 104.97210640074222 -9120270.214555651 5573325.6502406355 2.895234304543259 -4.429376536649062 -5.429376536649062 0.25625055762544946 0.29543877882041625
0.00450054194759 3248.3541193299534 13649631116.640228 -47687076.8377597 550081.5888997276 2045694.9248665357 0.15405576061687898 -1.7483206901270072 -4.1133878456405775 3248.3541193299534 0.25675960102813167 112.61596392502952 -2.8566282446124456 0.0 -1736.437950251084 -1987.6944887274703 0.011010151256111317 -3930.0498191201177 0.25675960102813167 337967.3243674352 -119.02686480595275 -0.03297972031367281 -0.01770965232319718 3.073438517712652 6.084495234784822 0.7418396406657066 -10.93804015316359 -20.770183049015067 3831.79313736318 104.97216178598079 -8814102.169810167 5375424.389255232 2.8166789166845208 -4.3086102735407685 -5.3086102735407685 0.25691699702844006 0.296102764349376
0.0046117053337 3235.392831420979 13540149272.112423 -46248834.55864496 547924.0414316728 2032108.7832070773 0.15445811973584464 -1.7069276116331347 -4.0219993143489585 3235.392831420979 0.25743019955974106 112.63678190621113 -2.7645691147892175 0.0 -1690.9138896165725 -1942.3988656589167 0.011269026176473995 -3833.650134686397 0.25743019955974106 335977.4108869221 -119.04919826302512 -0.033039134012870224 -0.017732524474335223 2.9974625041370873 5.947188905003523 0.7348540639353258 -10.923472768965976 -20.752215095320704 3735.353151518693 104.97221901210312 -8516099.173769148 5182872.820568628 2.7400323045773467 -4.190769334862589 -5.190769334862589 0.2576023795373069 0.29678546785096704
0.00472561445544 3222.1654295753583 13428870007.522984 -44846835.91855562 545721.9765988983 2018281.0589863458 0.1548714109256 -1.6665234402888118 -3.932824550161212 3222.1654295753583 0.25811901820933336 112.65818116838417 -2.6747055319518784 0.0 -1646.4578876522928 -1899.609317087763 0.011533665176921804 -3739.57463632627 0.25811901820933336 333960.8738843023 -119.07218617495573 -0.03310016146767915 -0.01775601865155001 2.9233679376414763 5.8131971525053725 0.7280702929427705 -10.908566127841619 -20.73384310789729 3641.236293259212 104.97227809353402 -8226076.620213052 4995551.160259627 2.665248919432143 -4.075783490900166 -5.075783490900166 0.2583073349937428 0.29748749922412165
0.00484233713249 3208.6678112746467 13315786535.447231 -43480238.403162204 543474.6974235934 2004209.812273667 0.15529595586398148 -1.627084080851654 -3.8458104846540184 3208.6678112746467 0.2588265931066358 112.68017958161073 -2.5869838915473826 0.0 -1603.026815994445 -1858.064515235297 0.011804180829579894 -3647.7673236742658 0.2588265931066358 331917.9831367925 -119.09582380979236 -0.03316284880693523 -0.017780151846358946 2.851110864844197 5.682440195945483 0.7214844052103857 -10.89331285174733 -20.715058118922492 3549.386557983396 104.97233903949949 -7943854.575756938 4813342.667692851 2.592284271737561 -3.9635843149301158 -4.963584314930116 0.2590325189443412 0.29820949239578265
0.00496194285966 3194.895879649065 13200893315.925034 -42148220.706882074 541181.5093739142 1989893.2104512982 0.15573208754418913 -1.5885860288448495 -3.760905378979946 3194.895879649065 0.25955347924031524 112.70279564796162 -2.5013518997396305 0.0 -1560.6125292857598 -1815.0842782020575 0.012080687117783534 -3558.1735472520336 0.25955347924031524 329849.0398909269 -119.12006707314868 -0.03322724365662132 -0.017804941555928773 2.780648407946448 5.554840242056478 0.7150925750356564 -10.877705428518786 -20.69585100244289 3459.7493311813278 104.97240185268345 -7669257.56112437 4636133.500232383 2.521094928706133 -3.8541050951096114 -4.854105095109611 0.2597786157937809 0.29895210834332264
0.0050845028483 3180.8455477591287 13084186032.003138 -40849979.41696448 538841.717604083 1975329.535543642 0.15618014966965546 -1.5510062504224866 -3.6780585560050154 3180.8455477591287 0.26030024944942576 112.72604852039294 -2.41775830655559 0.0 -1519.1914401306449 -1775.069684660932 0.012363299410838883 -3470.739975918964 0.26030024944942576 327754.37793523056 -119.14505352687729 -0.03329339515348836 -0.0178304058002185 2.7119388949290166 5.430321084191047 0.7088912284165814 -10.861736210761816 -20.676212446501893 3372.2711348385883 104.97246652876514 -7402113.827954256 4463812.243799098 2.451638645479591 -3.7472804890334803 -4.74728048903348 0.26054633862829446 0.2997160347680581
0.00521009006865 3166.512743222909 12965661690.358171 -39584732.92950229 536454.6290635549 1960517.1918905084 0.1566404974746963 -1.5143223339193639 -3.59722073830184 3166.512743222909 0.2610674957911605 112.74995803873561 -2.3361532425106795 0.0 -1478.719573420457 -1736.931810298046 0.012652134435642885 -3385.4145651695326 0.2610674957911605 325634.3623219452 -119.1707580012494 -0.0333613540171884 -0.01785656313958793 2.6449415927292357 5.308808608855706 0.7028767963283458 -10.845397414941635 -20.65613296098556 3286.8999401292685 104.97253305477176 -7142256.1952017285 4296270.456246016 2.383874096938075 -3.6430469596211585 -4.6430469596211585 0.26133643132914086 0.30050198807461037
0.00533877929335 3151.8934129677586 12845318705.309656 -38351718.86939299 534019.5539333859 1945454.7139249695 0.1571134983896238 -1.478512398472313 -3.5183438460712497 3151.8934129677586 0.261855830649373 112.77454475076576 -2.2564880154218767 0.0 -1439.184234102355 -1697.1537510879816 0.012947310245195345 -3302.146526116141 0.261855830649373 323489.389754499 -119.19715499030735 -0.03343117261825791 -0.017883432693331848 2.579616797804285 5.190230492223749 0.6970458284264169 -10.828681120416995 -20.63560288073977 3203.5849740065737 104.9726014088206 -6889521.488536181 4133402.301142933 2.317760967154912 -3.5413425145407365 -4.5413425145407365 0.2621496705949834 0.3013107152288068
0.00547064714189 3136.9835283417606 12723156957.383635 -37150192.32789432 531535.806092213 1930140.774289305 0.1575995323974377 -1.4435550306521043 -3.4413808568527324 3136.9835283417606 0.2626658873290629 112.79982994829426 -2.1787149695236696 0.0 -1400.57328118228 -1659.4802342656385 0.013248946183518252 -3220.886295312212 0.2626658873290629 321319.88883751206 -119.2243217006353 -0.03350290503509848 -0.017911034158741932 2.51592588664915 5.074515989502744 0.6913950657446339 -10.811579268684648 -20.614612360733915 3122.276585972311 104.97267155818069 -6643750.153939649 3975104.295676537 2.253259999320087 -3.442106525305615 -4.442106525305615 0.2629868675157153 0.30214299515543486
0.0056057721263 3121.779090386679 12599177827.256754 -35979426.80029041 529002.7025452987 1914574.1920727545 0.1580989920936143 -1.4094293243869438 -3.3662858943318965 3121.779090386679 0.26349832015602387 112.82583568904424 -2.1027875741758724 0.0 -1362.8401552784744 -1624.4503884057474 0.013557162847211526 -3141.585505212127 0.26349832015602387 319126.3191137845 -119.25232884436764 -0.03357660710123312 -0.017939387831119213 2.453831215776412 4.961596068112503 0.685921360821504 -10.79408366260675 -20.593151363270117 3042.9263277310297 104.97274345854477 -6404786.450370232 3821275.436366842 2.190332895620388 -3.345279841799334 -4.345279841799334 0.2638488686449586 0.3029996396360257
0.00574423469782 3106.276135494207 12473384319.832066 -34838716.19132187 526419.5665021348 1898753.9413871474 0.158612283850762 -1.3761149653968676 -3.2930144176978717 3106.276135494207 0.2643538064179367 112.85258484394474 -2.028660611279935 0.0 -1325.9679937379303 -1588.2080516891401 0.013872082043050401 -3064.196955435954 0.2643538064179367 316909.16901232617 -119.28104230237568 -0.033652336498468306 -0.017968514624361744 2.3932959577378154 4.851403691074163 0.6806215326407605 -10.776185965873996 -20.571209672281046 2965.4871228058596 104.97281705199079 -6172478.875727757 3671817.474473553 2.1289421513198787 -3.250805036495888 -4.250805036495888 0.2647365589037389 0.3038814960400562
0.00588611729485 3090.4707411869526 12345781149.332596 -33727368.76197432 523785.728875695 1882679.1600020584 0.15913982856594255 -1.3435919995764485 -3.2215227080453563 3090.4707411869526 0.2652330476099043 112.88010111635509 -1.956289660435452 0.0 -1289.950382371952 -1552.5226397249514 0.014193826741733221 -2988.67458465165 0.2652330476099043 314668.95751694223 -119.31057164638787 -0.033730152835864564 -0.0179984360926768 2.3342844016450255 4.743873046198066 0.675492690239454 -10.757877702406835 -20.548776896249777 2889.912789901512 104.97289226592963 -5946678.859011406 3526634.062975218 2.069051354035121 -3.1586257421603925 -4.1586257421603925 0.2656508641482803 0.3047894496552821
0.00603150439203 3074.3590323182716 12216374712.790289 -32644710.40549453 521100.52533573785 1866349.1583265907 0.15968206096249796 -1.3118409647460267 -3.151768160120797 3074.3590323182716 0.26613676827082994 112.90840908708707 -1.8856313918499672 0.0 -1254.7598967894507 -1517.9790446972463 0.014522521027552077 -2914.9734431700726 0.26613676827082994 312406.23133850354 -119.34097624021024 -0.03381011767230681 -0.01802917445289976 2.2767617213001548 4.638939984090919 0.6705320181442997 -10.739150256033005 -20.525842435532088 2816.158309365395 104.97296901087742 -5727241.451981652 3385631.2088660467 2.0106249530293248 -3.0686870280568623 -4.068687028056862 0.2665927510857644 0.3057244234105635
0.00618048255052 3057.9371874857998 12085173252.162148 -31590083.298098393 518363.30094950926 1849763.4285125202 0.16023943131325352 -1.2808428422993567 -3.083709177425613 3057.9371874857998 0.2670657188554226 112.93753425236055 -1.8166434585701905 0.0 -1220.3701364402098 -1486.3826825141048 0.014858290043587163 -2843.049666207141 0.2670657188554226 310121.5638762151 -119.3723386610809 -0.03389229463883589 -0.018060752607872183 2.2206940091228216 4.536541859853279 0.6657368296567248 -10.719994870205838 -20.502395508416228 2744.179723054476 104.97304717884865 -5514025.035447488 3248717.078742819 1.9536282902673991 -2.9809352647227807 -3.9809352647227807 0.2675632314485026 0.30668738181713495
0.00633314046952 3041.2014457811606 11952186860.202087 -30562847.949109215 515573.4085168525 1832921.6537875165 0.16081240517494455 -1.2505791458388862 -3.0173053687900357 3041.2014457811606 0.26802067529157425 112.96750305616224 -1.7492846934984616 0.0 -1186.7402441010354 -1454.4036683204936 0.015201259932410139 -2772.860447790821 0.26802067529157425 307815.55169088463 -119.40456384403296 -0.033976749483325845 -0.018093194170694427 2.1660481095895467 4.436617828087861 0.66110441723762 -10.700402647905955 -20.478425127963476 2673.9343090747516 104.97312664091352 -5306891.748650377 3115802.2794044167 1.8980274342979724 -2.8953183774572744 -3.8953183774572744 0.2685633627391836 0.30767933150211213
0.00648956903911 3024.1481137933724 11817427704.871788 -29562380.105463386 512730.21594601456 1815823.717917579 0.16140146605952108 -1.221031802829658 -2.9525172893392715 3024.1481137933724 0.26900244343253515 112.99834294281537 -1.6835148459067364 0.0 -1153.889851724756 -1420.4566182323692 0.015551557772064606 -2704.3640152762937 0.26900244343253515 305488.8138373761 -119.43759463105698 -0.03406355023573871 -0.01812652349007388 2.1127917578936724 4.339108452864728 0.6566322106052735 -10.680364551632197 -20.453920149397486 2605.380340794634 104.97320724501616 -5105706.823023723 2986799.419054987 1.8437893144611373 -2.81178551235086 -3.81178551235086 0.26959425420347805 0.3087013269098039
0.00664986139438 3006.773572891574 11680909903.907728 -28588066.482049357 509833.0992820951 1798469.7148070713 0.1620071134726889 -1.1921829811761429 -2.8893060522028193 3006.773572891574 0.27001185578781484 113.03008239013496 -1.6192941964150045 0.0 -1121.7865378382478 -1391.1420709017177 0.015909311506971644 -2637.5196044861636 0.27001185578781484 303141.9930441812 -119.47173749744297 -0.034152767190093275 -0.018160765676781186 2.0608937992230323 4.243955126374957 0.6523180159533348 -10.65987140351321 -20.428869204415808 2538.4767361931363 104.97328881337127 -4910337.646852881 2861622.502318172 1.7908819434352177 -2.730286535505899 -3.730286535505899 0.2706570653745466 0.309754468522507
0.00681411297082 2989.074286976148 11542649674.76891 -27639314.464678023 506881.44705869484 1780859.9584053252 0.16262986459440854 -1.1640154943497512 -2.8276342312874596 2989.074286976148 0.2710497743240142 113.06275096370794 -1.5565844569634453 0.0 -1090.3842249437143 -1361.1558322348262 0.0162746498736994 -2572.2874354823884 0.2710497743240142 300775.74477383826 -119.50682847547432 -0.03424447303482463 -0.01819594663088866 2.0103235611588897 4.1511014221565175 0.6481593991980438 -10.638913885766362 -20.40326072374828 2473.1838677306623 104.97337113945501 -4720655.845829322 2740188.28256696 1.739273786834875 -2.650773197268382 -3.650773197268382 0.27175300970662464 0.31083990634876546
0.0069824215612 2971.0468103456988 11402665498.618187 -26715543.565155286 503874.6654032066 1762994.9925460918 0.16327025632053818 -1.1365124551448564 -2.7674650948708486 2971.0468103456988 0.27211709386756366 113.09637936082682 -1.495348001003285 0.0 -1059.700993372118 -1330.790918264948 0.01664770232123508 -2508.628688872511 0.27211709386756366 298390.7404097077 -119.54290500177285 -0.03433874300127396 -0.018232093070569534 1.961051329160412 4.060491944350418 0.6441541829361741 -10.617482541093459 -20.377082966618392 2409.4628668373566 104.97345398500988 -4536535.442612016 2622415.059687935 1.6889342352928483 -2.573198143949585 -3.573198143949585 0.27288336017285253 0.31195884513010563
0.00715488737376 2952.6877960149272 11260978048.057583 -25816186.23379124 500812.1733562453 1744875.6010333824 0.16392884401833382 -1.1096573110356078 -2.708762682328512 2952.6877960149272 0.2732147400305564 113.13099946281936 -1.4355479422979556 0.0 -1029.693610736203 -1303.3342593733448 0.017028598925552516 -2446.505482727219 0.2732147400305564 295987.66341342387 -119.58011384516749 -0.034435654882825996 -0.018269232561843846 1.9130482623691225 3.9720724434825825 0.6403003777891128 -10.595567773412672 -20.350323971039987 2347.2756928530916 104.97353707659724 -4357853.0159196565 2508222.786545709 1.6398335223385658 -2.49751501673745 -3.49751501673745 0.2740494488933629 0.3131125436683926
0.00733161309189 2933.9940043179413 11117610360.815277 -24940692.08304333 497693.40853255027 1726502.8177845264 0.1646062037733826 -1.083434030318334 -2.6514922211124206 2933.9940043179413 0.27434367295563766 113.1666443879361 -1.377148548156783 0.0 -1000.35026935993 -1274.1846378653195 0.017417470298293308 -2385.880850034695 0.27434367295563766 293567.2002508486 -119.61832237150884 -0.03453528919755075 -0.018307393549672316 1.8662860899407687 3.8857904406834183 0.6365958914981038 -10.573159848738609 -20.322971586899733 2286.585499250086 104.97362010161913 -4184488.6047402043 2397533.6542095942 1.5919424169851313 -2.4236789894787436 -3.4236789894787436 0.2752526721514176 0.31430231962042865
0.00751270393526 2914.962311821612 10972587893.75805 -24088520.303995743 494517.82791512605 1707877.9370310393 0.16530293304000637 -1.0578267823638068 -2.595619417164025 2914.962311821612 0.27550488840001064 113.20334854764448 -1.3201145287640141 0.0 -971.6674185069306 -1247.3851452999393 0.017814447489149697 -2326.7187167087436 0.27550488840001064 291130.0441946974 -119.657729687342 -0.03463772929020375 -0.01834660539041978 1.820737549817818 3.8015941629460333 0.6330389875845797 -10.550248896246456 -20.295013469779246 2227.356000491181 104.97370270445073 -4016324.0691355076 2290271.0235547153 1.5452326614178074 -2.3516458536360343 -3.3516458536360343 0.2764944941626566 0.3155295527911277
0.00769826772246 2895.589720602633 10825938506.708809 -23259145.9512279 491284.90570597904 1689002.5236041418 0.16601965025087517 -1.0328202130921995 -2.5411110665024808 2895.589720602633 0.27669941708479195 113.24114770617484 -1.264411649417689 0.0 -943.5948352926251 -1221.4956875374503 0.01821966188183904 -2268.9838801275546 0.27669941708479195 288676.88297369407 -119.69830611562384 -0.03474306139590196 -0.018386898385645688 1.7763759550300204 3.719433460725457 0.6296278623711061 -10.52682490959339 -20.266437049753595 2169.5520110616844 104.97378448146073 -3853244.4282401027 2186360.2980274893 1.4996765379452284 -2.281372806961657 -3.281372806961657 0.27777644757630127 0.3167956854378323
0.00788841493521 2875.8733678658427 10677692707.650654 -22452057.679866515 487994.1425291691 1669878.4232550368 0.16675699843528838 -1.0083993556295023 -2.487934862043766 2875.8733678658427 0.2779283307254806 113.2800790491953 -1.2100065313182853 0.0 -916.14671239591 -1194.2676953961068 0.01863324508341367 -2212.641988183758 0.2779283307254806 286208.3950221278 -119.73995004722155 -0.03485137486835458 -0.018428303817338784 1.7331752967935663 3.639259516157155 0.6263607636814207 -10.502877748481346 -20.23722959352001 2113.1392677300564 104.97386497652008 -3695137.374238119 2085728.6010541087 1.4552469660680858 -2.2128182044746194 -3.2128182044746194 0.2791001416236011 0.31810223004884175
0.00808325878411 2855.8105357705813 10527883555.502388 -21666752.190506607 484645.06004377187 1650507.7728527822 0.16751564378691736 -0.9845493859621701 -2.436058848489145 2855.8105357705813 0.2791927396448623 113.3201812271574 -1.1568661088442824 0.0 -889.3000078923003 -1169.1766691058617 0.019055328806175064 -2157.659518854289 0.2791927396448623 283725.25245642633 -119.78294468118656 -0.03496276220990143 -0.018470853984962458 1.6911105746411492 3.561024026185429 0.6232363385899848 -10.47839714031039 -20.207378146458446 2058.083952319561 104.97394367487102 -3541892.062025854 1988303.990891021 1.4119178349962866 -2.145940855464105 -3.145940855464105 0.2804672627956065 0.31945076948204243
0.00828291527607 2835.3986618377203 10376546738.99155 -20902742.59428877 481237.2033082603 1630893.0107911024 0.16829627685612114 -0.961256001588483 -2.3854522655390307 2835.3986618377203 0.2804937947602019 113.36149445878397 -1.1049584707788287 0.0 -863.0308291957114 -1144.0510113474497 0.019486044742929018 -2104.003760246914 0.2804937947602019 281228.10177826846 -119.82720516350946 -0.03507731921004027 -0.018514582243578926 1.650157213961776 3.484680466721812 0.620253059006137 -10.453372682388888 -20.17686953641147 2004.3534246198165 104.97401999755276 -3393400.899316458 1894016.6250686422 1.369663419201574 -2.0807011109026767 -3.0807011109026767 0.2818795774356424 0.32084295946577124
0.00848750328339 2814.635349447922 10223720738.432087 -20159551.03831308 477770.1468748855 1611036.8870981135 0.1690996152656988 -0.9385050956821455 -2.3360848278354327 2814.635349447922 0.281832692109498 113.40406057298227 -1.0542521357259347 0.0 -837.3269105973533 -1121.0355048405206 0.019925524434101238 -2051.6427911341943 0.281832692109498 278717.56871494144 -119.87289019332025 -0.035195145150418 -0.018559523044191114 1.6102915181244393 3.4101830110499836 0.6174096917411742 -10.42779384412127 -20.145690410754007 1951.9155913516279 104.97409329463741 -3249557.9587017396 1802797.7219503624 1.3284588260149413 -2.017059934955939 -3.017059934955939 0.2833389397844719 0.32228053602789075
0.00869714461449 2793.518378837316 10069446755.372759 -19436714.84986029 474243.4909938789 1590942.4736097648 0.16992640278417354 -0.9162830447489124 -2.2879273628259886 2793.518378837316 0.28321067130695593 113.44792310075968 -1.0047166915190326 0.0 -812.1495917453474 -1097.4778236583911 0.020373899127179233 -2000.5454619713826 0.28321067130695593 276194.2394103036 -119.91983505364806 -0.03531634286767006 -0.018605711975500577 1.5714902205449175 3.3374874871366638 0.6147048592530353 -10.40164996968452 -20.113827188453275 1900.7394541061876 104.9741628379184 -3110260.2835681075 1714580.4136791676 1.2882795492379615 -1.9549797275265965 -2.9549797275265965 0.2848472911582467 0.32376531456669
0.00891196408647 2772.0457182859072 9913769019.555962 -18733780.50560662 470656.8747652296 1570613.1738799466 0.17077741478079517 -0.8945764375893955 -2.2409512165405756 2772.0457182859072 0.2846290246346586 113.49312735692308 -0.956322191905917 0.0 -787.5309275470481 -1072.6108730094047 0.02083129962784199 -1950.6813763510254 0.2846290246346586 273658.66347495356 -119.96805123641207 -0.03544101907763136 -0.018653185807833886 1.5337308584982807 3.2665504832659775 0.6121374297932156 -10.374930280839468 -20.081266157093186 1850.7945912717066 104.97422781292958 -2975406.597274538 1629298.8968377132 1.2491018338636222 -1.894423558109013 -2.894423558109013 0.2864066725935108 0.32529920188032535
0.00913208959941 2750.2155356110175 9756734461.97472 -18050300.8808587 467009.96120307414 1550052.7329021797 0.1716534532010718 -0.8733719423401294 -2.195127950683357 2750.2155356110175 0.286089088668453 113.5397205109068 -0.9090388620149041 0.0 -763.4312656074841 -1051.598295558798 0.021297856142377395 -1902.0208729185492 0.286089088668453 271111.3549299589 -120.01796158701745 -0.03556928428457544 -0.018701982539085206 1.4969919426396032 3.197328896468884 0.6097067012120923 -10.347623880032915 -20.047993328789648 1802.0509046603215 104.97428730975557 -2844896.684887429 1546888.0390712027 1.2109028539711502 -1.8353547750345882 -2.835354775034588 0.2880192200463527 0.32688419075113895
0.00935765221251 2728.0262103286714 9598392987.654795 -17385847.182360105 463302.44928228704 1529265.2469463854 0.1725553515840437 -0.8526568829578083 -2.150430631141861 2728.0262103286714 0.2875922526400728 113.58775170306858 -0.8628383785017881 0.0 -739.8131314607629 -1029.7124757599179 0.021773698112149832 -1854.5350077223566 0.2875922526400728 268552.75438249565 -120.06929280776421 -0.03570125309707612 -0.01875214144191918 1.4612520888189326 3.129781862499434 0.6074115359981914 -10.319719754270658 -20.013994525907254 1754.4797094404996 104.9743403143386 -2718633.961940792 1467285.0445578673 1.1736598361788597 -1.7777386672255324 -2.7777386672255324 0.2896871709068942 0.32852236682961045
0.00958878622216 2705.476345588161 9438797581.845886 -16739996.695271757 459534.0789535987 1508255.1726293606 0.17348397775815372 -0.8324186615960036 -2.1068325483735695 2705.476345588161 0.28913996293025623 113.63727210083002 -0.8176925854433132 0.0 -716.702413418834 -1007.1441277540063 0.022258954037709656 -1808.195536979491 0.28913996293025623 265983.2489360977 -120.12215091727558 -0.035837044458782316 -0.01880370311437152 1.4264908431398946 3.0638688349169354 0.605251206184928 -10.291206778669686 -19.979255409595222 1708.0526414718106 104.9743856969635 -2596522.837787316 1390427.733152269 1.1373508802096384 -1.7215408141188502 -2.72154081411885 0.2914128747036623 0.3302159182565749
0.00982562924185 2682.564780846878 9278004146.404696 -16112335.568489626 455704.6242052511 1487027.3360930195 0.17444023173378215 -0.8126448911233265 -2.0643075087685507 2682.564780846878 0.2907337195563036 113.68833504624605 -0.7735737892122472 0.0 -694.061536632258 -987.5961234736345 0.022753751294299778 -1762.9749002752046 0.2907337195563036 263403.1586051119 -120.17675420193723 -0.035976781690853846 -0.018856709531727023 1.3926884646638367 2.999550023300725 0.6032251853799373 -10.262073720925441 -19.94376140025577 1662.7419074735233 104.9744222013729 -2478469.2968322337 1316254.9233612209 1.101954745107533 -1.6667274613418375 -2.6667274613418375 0.2931987913049777 0.3319671336014163
0.0100683222841 2659.290604604351 9116071672.040644 -15502463.89002978 451813.9015270311 1465586.9416092692 0.17542504978180087 -0.7933236567156925 -2.0228304220079103 2659.290604604351 0.29237508296966813 113.74099610954025 -0.7304553390382422 0.0 -671.8624604245379 -967.1249046652746 0.023258215937076342 -1718.8462041569385 0.29237508296966813 260812.71001747696 -120.23293221503036 -0.03612059278978668 -0.018911204101330716 1.3598255211233017 2.936787272021976 0.6013327512594715 -10.232309245873731 -19.90749773534319 1618.5207696772513 104.97444843160142 -2364381.990755813 1244707.1381920117 1.0674504381536336 -1.6132662782595713 -2.6132662782595713 0.29504749719095913 0.33377840828142546
0.0103170098445 2635.6531674895436 8953062305.89529 -14909988.983449005 447861.7743371797 1443939.5798479274 0.1764394070014295 -0.7744431895664546 -1.9823765797794244 2635.6531674895436 0.29406567833571584 113.79531324460929 -0.6883109014437085 0.0 -650.128936503562 -946.0048294232902 0.023772472496571398 -1675.7832061089152 0.29406567833571584 258212.04671578688 -120.29071744755379 -0.03626861067109168 -0.01896723171975168 1.327883347062463 2.8755429768905647 0.5995734589705246 -10.201901920549533 -19.870449490664086 1575.3629381520257 104.97446283827348 -2254170.7944497713 1175725.6616546088 1.033817668726747 -1.561125427898566 -2.561125427898566 0.2969616948648177 0.3356522531059001
0.0105718399877 2611.6520954799917 8789041204.981771 -14334523.74770064 443848.14747724624 1422091.235562572 0.17748431594580072 -0.7559917775966379 -1.942921455319641 2611.6520954799917 0.2958071932430012 113.85134687979976 -0.6471142620766399 0.0 -628.8300295756197 -927.422072401453 0.024296643762983235 -1633.7602989363238 0.2958071932430012 255601.22939092113 -120.350490105767 -0.03642097326283191 -0.019024838832930272 1.2968441542187092 2.8157797852317943 0.5979472630065122 -10.170840219496725 -19.832601512943327 1533.2424103435003 104.97446370300385 -2147746.435188266 1109252.3005638751 1.0010369609757082 -1.5102733084060027 -2.5102733084060027 0.2989442144885166 0.3375912952710918
0.0108329644354 2587.2873037638337 8624076559.635983 -13775695.840719704 439772.96992865123 1400048.295118379 0.17856082846161653 -0.7379582487664249 -1.9044417801648206 2587.2873037638337 0.2976013807693609 113.90916005406778 -0.6068403993954596 0.0 -607.9348597392332 -908.5030445376858 0.024830850560515306 -1592.752495542455 0.2976013807693609 252980.1906566473 -120.41208138209527 -0.03657782373374442 -0.019084073498156405 1.2666903032192216 2.7574622099907775 0.5964537916236825 -10.13911253102988 -19.793938423831175 1492.134352584191 104.97444912188672 -2045022.4620096418 1045230.6655430273 0.9690889224498606 -1.4606799416421046 -2.4606799416421046 0.30099801265028436 0.3395982779797222
0.011100538657 2562.5590103649693 8458239833.195182 -13233139.003167054 435636.248529596 1377817.553015338 0.17967004247479457 -0.7203315294289044 -1.8669145727676315 2562.5590103649693 0.2994500707913243 113.96881853991968 -0.5674645019763072 0.0 -587.4541174952627 -889.9461221528533 0.025375211510331452 -1552.735413994718 0.2994500707913243 250348.7572120927 -120.47556382021139 -0.036739310929556526 -0.019144985450120777 1.23740493391701 2.7005551688876723 0.5950929930039923 -10.106707163358683 -19.754444727445634 1452.0142949019523 104.97441698725412 -1945913.3903758847 983604.9536459708 0.9379548631256854 -1.4123157206970367 -2.4123157206970367 0.3031261908755022 0.34167607773849973
0.0113747219618 2537.467750186517 8291605455.935637 -12706495.075453248 431438.03591770754 1355406.2179657307 0.1808130978918391 -0.7031007516619555 -1.8303173709404035 2537.467750186517 0.3013551631530652 114.03039098417045 -0.5289622077873382 0.0 -567.3565677566036 -872.020093243416 0.0259298427810012 -1513.6852630570904 0.3013551631530652 247706.63460420567 -120.54104449160377 -0.036905589380943 -0.01920762616956665 1.2089717885991222 2.6450243353595835 0.5938649662099216 -10.073612351463538 -19.714104679619084 1412.8583232451058 104.97436496678498 -1850335.1155670888 924320.225239183 0.9076166254460569 -1.365151709532641 -2.365151709532641 0.3053319894060631 0.34382769812471425
0.0116556775942 2512.0143893081804 8124251075.089739 -12195415.511906847 427178.44575808744 1332821.9183290913 0.18199118424560037 -0.6862553435043173 -1.7946284437067797 2512.0143893081804 0.303318640409334 114.09394906378121 -0.49130980329744567 0.0 -547.6497611391801 -853.7522508344053 0.026494857829008272 -1475.5788279614208 0.303318640409334 245053.389366511 -120.60848594990694 -0.037076819790424986 -0.019272048955021333 1.1813750634469025 2.5908364520903913 0.5927698200559578 -10.039816264567788 -19.67290240997104 1374.6432444214847 104.97429048210554 -1758205.250337591 867322.614184597 0.8780564230375684 -1.3191599163838683 -2.3191599163838683 0.30761879955012883 0.3460562823154404
0.0119435728308 2486.200139146615 7956257282.902645 -11699555.733116033 422857.6429608798 1310072.7065154123 0.1832055376362737 -0.6697847192906003 -1.7598260986254433 2486.200139146615 0.30534256272712285 114.15956761076656 -0.45448353589832036 0.0 -528.3075309967144 -837.3964937502793 0.02707036712505098 -1438.3934565888674 0.30534256272712285 242388.4719026077 -120.67824639951618 -0.037253169101657733 -0.019338308998733712 1.1545998449052604 2.53795829369579 0.5918081227079379 -10.005307013743144 -19.63082181053136 1337.3460319998826 104.9741906835315 -1669441.8953697272 812558.5330649723 0.8492572821781377 -1.2743124004240807 -2.2743124004240807 0.30999016618960595 0.3483651143472557
0.0122385790797 2460.0265713705785 7787707719.846657 -11218584.985469911 418475.85282896657 1287167.063104242 0.18445744586916232 -0.6536788409431996 -1.7258899367169804 2460.0265713705785 0.3074290764486039 114.22732482758822 -0.4184608602683766 0.0 -509.30671547032523 -820.243595300091 0.0276564778695036 -1402.1070460029548 0.3074290764486039 239711.1523390916 -120.75007149499311 -0.03743481090387299 -0.019406463464612684 1.1286312707929442 2.486358546259269 0.5909800627463404 -9.970072660894813 -19.587846600059564 1300.9448211080214 104.97406242437553 -1583965.7647050123 759976.0518534525 0.8212021943443404 -1.2305828902154978 -2.230582890215498 0.31244978526836675 0.3507576187342356
0.012540871983 2433.495632061582 7618689132.776241 -10752174.913599942 414033.36871089495 1264113.8993039648 0.18574825354499977 -0.6379275783329459 -1.692799438584324 2433.495632061582 0.3095804225749996 114.29730239711411 -0.3832190160093243 0.0 -490.6678838994767 -803.4411257777277 0.02825329369381661 -1366.6980292108788 0.3095804225749996 237020.57828439464 -120.82420829004059 -0.0376219258492178 -0.019476571572207994 1.1034554538180126 2.4360056836848187 0.5902863899026359 -9.93410122717951 -19.543960380324496 1265.4177813011624 104.97390223048959 -1501697.7362417842 709523.2973510679 0.793875031243013 -1.1879449605519214 -2.1879449605519214 0.3150015266900631 0.35323738092273715
0.012850631521 2406.6096566926403 7449291007.67824 -10300004.852867 409530.53865826473 1240922.5590988435 0.18707935718032678 -0.6225210093094076 -1.6605346239176861 2406.6096566926403 0.311798928633878 114.36958571716707 -0.3487356952838081 0.0 -472.3455252887705 -788.2782073273642 0.028860914349477754 -1332.145362345011 0.311798928633878 234315.74145159454 -120.90086520367845 -0.03781470167884506 -0.01954869468274758 1.0790590247529532 2.3868689596652364 0.589727961764059 -9.89738070302468 -19.499146483820603 1230.7436436251533 104.97370626876881 -1422559.9714113076 661149.1910847123 0.7672600961190753 -1.1463728828045232 -2.146372882804523 0.3176494207387984 0.35580813486191354
0.0131680421196 2379.371384811699 7279605839.553751 -9861765.175147206 404967.7849279608 1217602.8200610473 0.18845221593542102 -0.6074496346016653 -1.6290765449450653 2379.371384811699 0.31408702655903503 114.44426406374696 -0.3149895183860303 0.0 -454.3373653819722 -772.2286534569434 0.029479435383854957 -1298.428512075056 0.31408702655903503 231595.44289140776 -120.97982715577155 -0.03801333388695043 -0.0196228963902477 1.055428804897864 2.33891914189792 0.5893054201414443 -9.859899058338321 -19.453388144458476 1196.902073063743 104.97347031169299 -1346476.6562016404 614803.9195228014 0.7413417783388289 -1.1058422615464472 -2.105842261546447 0.32039766810767967 0.35847377462801266
0.0134932927599 2351.783974577806 7109728906.588804 -9437147.975282665 400345.5990607065 1194164.8929288734 0.1898683511210649 -0.5927038236823772 -1.5984060542883418 2351.783974577806 0.3164472518684415 114.52143080259758 -0.28195880241990023 0.0 -436.6450178948636 -756.9137655610758 0.030108947800685838 -1265.5274433716409 0.3164472518684415 228858.35814444808 -121.06139982874856 -0.0382180259493546 -0.019699242617485645 1.0325526045534992 2.2921266641430327 0.5890200048395062 -9.82164425317383 -19.406668429796557 1163.8727119726889 104.973189697832 -1273371.9940749283 570437.6298646326 0.7161053526850577 -1.0663284456066928 -2.066328445606693 0.32325065523723673 0.3612383670657272
0.0138265770911 2323.8510175296988 6939758109.293534 -9025854.252316236 395664.54053121014 1170619.420239933 0.19132934725513806 -0.5782742514086864 -1.56850477684173 2323.8510175296988 0.31888224542523014 114.6011836092024 -0.2496225314164997 0.0 -419.239774092068 -742.2496810224345 0.030749537708983754 -1233.4226075003369 0.31888224542523014 226102.98243410522 -121.14564558021766 -0.038428989626183394 -0.019777801715895976 1.0104185689848963 2.2464630834541848 0.5888729000565724 -9.782604249457952 -19.358970205612135 1131.6359321257314 104.97285928981292 -1203171.749182175 528001.4361592694 0.6915363235596662 -1.0278077814013797 -2.0278077814013797 0.3262129419086899 0.3641061421528371
0.0141680935452 2295.5765531766006 6769794010.5097 -8627591.211351896 390925.24674746604 1146977.4736302807 0.19283685898771036 -0.5641517429312392 -1.5393547753845467 2295.5765531766006 0.3213947649795173 114.68362470271498 -0.21796001040502944 0.0 -402.1179858087121 -727.6719603518434 0.03140128595517942 -1202.094930398633 0.3213947649795173 223327.6482851084 -121.2326356252704 -0.03864644551378156 -0.01985864457063318 0.9890153945014196 2.2019005747503146 0.588865459045551 -9.742767023315228 -19.310276216426285 1100.172570989789 104.97247342683482 -1135802.6807443965 487447.0445627173 0.6676206295219024 -0.9902571819039174 -1.9902571819039174 0.32928927538776864 0.36708150692398733
0.0145180454558 2266.965083283 6599939606.676943 -8242071.633654634 386128.4294399357 1123250.5496657558 0.19439261147038747 -0.5503272379506435 -1.5109384716983005 2266.965083283 0.32398768578397913 114.76886106145487 -0.18695078591432135 0.0 -385.26465188932696 -713.5057407932416 0.03206426774292794 -1171.5258012069792 0.32398768578397913 220530.5332563355 -121.32249872171815 -0.0388706233506317 -0.01994184471131818 0.9683323683711748 2.1584118122861238 0.5889992508440649 -9.70212057789819 -19.260569028983756 1069.4638715142446 104.97202587333544 -1071192.4076936098 448726.66750312736 0.6443446825871957 -0.953654024930024 -1.953654024930024 0.33248459044373113 0.37016904586820887
0.0148766411785 2238.021586236509 6430300286.01807 -7869014.622692287 381274.8818811885 1099450.564503643 0.19599840630560436 -0.5367918447232432 -1.4832387753932876 2238.021586236509 0.32666401050934063 114.85700472780002 -0.15657476488394706 0.0 -368.67223606509526 -699.6404440331498 0.03273855223644017 -1141.697061194124 0.32666401050934063 217709.6550868201 -121.41531599766745 -0.03910176256074577 -0.020027478427477905 0.9483592790696722 2.115970159586818 0.5892759755012577 -9.660652957373994 -19.20983108574883 1039.4915762822054 104.97150976218892 -1009269.5825954133 411793.1325361533 0.6216952685603316 -0.9179763194273836 -1.9179763194273836 0.3358040138215471 0.3733735266709395
0.0152440942157 2208.7515307767435 6260983604.051985 -7508144.052730791 376365.47667143564 1075589.8467602343 0.19765612296483617 -0.5235367418639603 -1.456238867793743 2208.7515307767435 0.3294268716080603 114.94817301476274 -0.12681199618568284 0.0 -352.32371448289666 -686.3105654572173 0.033424202150413064 -1112.5909928199421 0.3294268716080603 214862.8937521403 -121.51127173983014 -0.0393401126353057 -0.020115624890922223 0.9290865492715155 2.0745493444879277 0.5896976041604662 -9.618352261153834 -19.15804466333449 1010.2377657434466 104.97091753230977 -949963.5629203357 376599.66965331254 0.5996596776634551 -0.883202426818833 -1.883202426818833 0.339252867904691 0.3766999039651624
0.0156206233428 2179.160889920235 6092099187.627591 -7159190.912473139 371401.1715334971 1051681.1292547872 0.19936772442056058 -0.5105533450200408 -1.429922580667588 2179.160889920235 0.3322795407009343 115.04248887175608 -0.09764303996665369 0.0 -336.20997677832514 -672.9415538252912 0.034121273323550354 -1084.1903091947581 0.3322795407009343 211987.9711285971 -121.61036688595505 -0.039585933697749154 -0.02020636628271506 0.9105049818842845 2.0341240241010703 0.5902661278592707 -9.575206659671455 -19.105191912383074 981.6851342211862 104.97024085996291 -893204.9295204642 343100.24556726986 0.5782254411833503 -0.8493115495505581 -1.849311549550558 0.3428366662128812 0.3801533176552623
0.0160064527394 2149.256153867058 5923758562.568003 -6821889.248857858 366383.0114364697 1027737.5386207445 0.2011352614272006 -0.49783303074730373 -1.4042737889602313 2149.256153867058 0.335225435712001 115.14008110607747 -0.06904835324823022 0.0 -320.3246891977341 -660.171721436108 0.03482981427811908 -1056.4781436370954 0.335225435712001 209082.50936297016 -121.71285471356805 -0.03983949703786107 -0.02029978792854856 0.8926061559180993 1.994668871536347 0.5909839624104212 -9.531204410085746 -19.05125486429392 953.8165437878213 104.9694705832597 -838924.6278939405 311249.0030447986 0.5573807202060982 -0.8162829480956815 -1.8162829480956815 0.3465611313128393 0.38373910927633725
0.016401812122 2119.0443431113986 5756074874.322779 -6495979.76529294 361312.1254273624 1003772.5837718898 0.2029608736043383 -0.48536739324580686 -1.379276982923035 2119.0443431113986 0.33826812267389716 115.24108477850899 -0.04100886024913786 0.0 -304.6439573914193 -647.7559564733843 0.035549865763620646 -1029.4380396095958 0.33826812267389716 206144.0001359092 -121.81881382609481 -0.04010108553491984 -0.020395978438934773 0.8753820404735806 1.9561594334932533 0.5918535634117785 -9.486333873801769 -18.996215375322954 926.6154411588241 104.96859661936257 -787054.7491875491 281000.77194691624 0.5371139177996834 -0.7840966787815851 -1.784096678781585 0.3504321752644576 0.38746280664774946
0.0168069368814 2088.5330205506225 5589162860.104877 -6181208.114368961 356189.73862310685 979800.1422430564 0.20484679984277457 -0.47314813357382673 -1.3549170373385402 2088.5330205506225 0.34141133307129096 115.34564149919402 -0.013505704267249286 0.0 -289.16865290185837 -635.2439767701915 0.03628146028605833 -1003.053940786257 0.34141133307129096 203169.83763117623 -121.92831222078667 -0.04037099447733452 -0.02049502985808091 0.858825150709935 1.91857177831738 0.5928775880011559 -9.440583534193697 -18.94005524319955 900.0656838086699 104.96760787310842 -737528.1909508337 252310.84076427028 0.517413817638644 -0.7527332964684108 -1.7527332964684108 0.354455915273458 0.3913301402445869
0.0172220682224 2057.7303031464476 5423138460.632357 -5877322.729081518 351017.16408411023 955834.4448619303 0.20679537714361834 -0.4611668966844849 -1.3311788476597715 2057.7303031464476 0.34465896190603057 115.45389980566479 0.013480114246259056 0.0 -273.8839293345105 -623.4566102465581 0.037024621620310096 -977.3101814277159 0.34465896190603057 200157.3730292047 -122.04165198674832 -0.04064953194320092 -0.020597037819926098 0.8429287782239844 1.8818819508543139 0.5940591318676858 -9.393942015468493 -18.882756099245512 874.151285540213 104.96649213568384 -690278.19682754 225134.6622256781 0.49826981631795375 -0.7221733852950343 -1.7221733852950343 0.3586386782870633 0.39534704708526136
0.0176474533075 2026.6448731477194 5258118673.76046 -5584078.84484262 345795.8094011853 931890.0587615483 0.20880904829345356 -0.44941558226275746 -1.3080480321297627 2026.6448731477194 0.3480150804890893 115.56601555853791 0.03996704835932663 0.0 -258.770689982377 -611.8382297685092 0.037779364310050904 -952.1914769412099 0.3480150804890893 197103.87288170145 -122.15886624378095 -0.0409370195562965 -0.020702101711383827 0.8276865290041362 1.846067021364948 0.5954012663304844 -9.346398102849811 -18.824299465412917 848.8569101628418 104.96523597502133 -645239.2455968012 199428.42849049869 0.47967144851504684 -0.692398464314882 -1.692398464314882 0.362986979242893 0.39951965558559965
0.0180833454042 1995.2859881400243 5094221346.287133 -5301234.986633498 340527.18058393936 907981.8681811374 0.2108903686368457 -0.4378860833355263 -1.2855103609483485 1995.2859881400243 0.3514839477280762 115.6821523198204 0.06597358677972776 0.0 -243.8275019166282 -600.272408587556 0.03854569315062025 -927.6829146576963 0.3514839477280762 194006.59613964753 -122.28011476146958 -0.04123379323475437 -0.020810324845424694 0.8130927013314646 1.8111042255131637 0.5969074234245145 -9.297940763124453 -18.764666786143867 824.1674666823706 104.96382461279565 -602346.319934552 175148.5926214127 0.4616087536033884 -0.6633902515489298 -1.6633902515489298 0.367507543535178 0.403854306529127
0.0185300040357 1963.6634905649062 4931564838.539477 -5028553.251630047 335212.8788690077 884125.053587154 0.21304200850138938 -0.42657030511925903 -1.2635518017485599 1963.6634905649062 0.3550700141689823 115.80248181474362 0.09151821242042257 0.0 -229.03919742559418 -589.2498555492195 0.03932360265853285 -903.7699448360407 0.3550700141689823 190862.82110022026 -122.40563823943114 -0.0415402037923535 -0.020921814642039932 0.7991422520615776 1.7769710312331792 0.5985813651472396 -9.248559166678696 -18.703839376757493 800.0681459733671 104.96224179045059 -561534.9842379364 152251.92167911155 0.4440722378925953 -0.6351307226954204 -1.6351307226954204 0.37220730125694046 0.40835754956505155
0.0189876951354 1931.7878162327859 4770267789.701354 -4765800.666777389 329854.60418948834 860335.0687798411 0.21526676021409086 -0.4154602816728507 -1.242158789219803 1931.7878162327859 0.35877793369015143 115.9271843675016 0.11661914447034838 0.0 -214.3899370322763 -578.4264585615164 0.040113076526571964 -880.4383718685698 0.35877793369015143 187669.8491756207 -122.53556622519886 -0.041856617752775986 -0.021036682818844854 0.7858306212319927 1.7436455392663204 0.6004270090863972 -9.198242710475142 -18.64179845179446 776.5446040951654 104.96046962095319 -522741.7033672658 130695.70246499788 0.42705268754184117 -0.607602459014762 -1.607602459014762 0.3770933745780962 0.4130361354119394
0.0194566912052 1899.6700018283245 4610448859.683985 -4512747.90393501 324454.1580472193 836627.6160343036 0.21756754524498184 -0.4045480764780878 -1.2213180147586868 1899.6700018283245 0.3626125754083031 116.05644939731243 0.14129456064961632 0.0 -199.8735035300174 -567.7040660843924 0.040914087065236755 -857.6743456882784 0.3626125754083031 184425.05967320807 -122.67005428836205 -0.04218341820013191 -0.021155045591531797 0.7731538742376638 1.711106163668596 0.6024485744968352 -9.146981042137348 -18.578525149203347 753.5828165491197 104.95848842565903 -485903.5946516812 110437.57855460647 0.41054129882936063 -0.580788376261008 -1.580788376261008 0.3821730868533648 0.4178970259946807
0.019937271478 1867.3216911800414 4452226399.591697 -4269168.500318389 319013.442374687 813018.6191659889 0.21994741905659093 -0.39382571318272414 -1.2010162797491515 1867.3216911800414 0.3665790317609849 116.19047591869976 0.16556275201183346 0.0 -185.4773142311463 -557.412496423115 0.04172659463085808 -835.4643533581609 0.3665790317609849 181125.96398973357 -122.80937010401226 -0.04252100557253361 -0.02127702388521728 0.7611087999202593 1.6793314090367322 0.60465068357269 -9.094764084957813 -18.514000507995068 731.1689837621437 104.95627655377456 -450958.2859693046 91435.45898099756 0.3945297681592744 -0.5546715356062901 -1.5546715356062901 0.3874539682723227 0.42294740108245965
0.0204297220835 1834.755140604784 4295718134.092078 -4034840.3685675673 313534.45957776625 789524.1948179273 0.22240957691408178 -0.3832853123802664 -1.1812408081251577 1834.755140604784 0.3706826281901363 116.32947310573955 0.18944182006497856 0.0 -171.18409686761467 -547.3557208273783 0.04255054704172007 -813.7952108847521 0.3706826281901363 177770.21057318564 -122.95367686051407 -0.04286979852744364 -0.021402743555712325 0.7496927072405702 1.6483003361243576 0.6070381579469892 -9.041582064513847 -18.44820545987385 709.2897394841119 104.95381018426878 -417844.26900909806 73647.74878549011 0.3790100790504339 -0.529235546866879 -1.529235546866879 0.3929437335608167 0.42819464216581393
0.0209343362189 1801.983222681671 4141040909.548126 -3809544.7556796786 308019.31751722144 766160.6215747679 0.22495736400248809 -0.3729190050106138 -1.1619790689161613 1801.983222681671 0.37492894000414684 116.47366083980711 0.21294987108798558 0.0 -156.98714153008544 -537.3829850986247 0.043385878982639105 -792.6540551782955 0.37492894000414684 174355.6445075736 -123.103144826777 -0.04323023501787547 -0.02153233562333177 0.7389035513709713 1.6179922900395263 0.609616147388868 -8.987425536052745 -18.381120888516104 687.9320312400347 104.95106310641887 -386500.71224615787 57033.22446218418 0.3639746113668244 -0.5044643399340254 -1.5044643399340254 0.3986502944395496 0.4336463462293356
0.0214514143235 1769.0194286563656 3988310300.104205 -3593065.2454331187 302470.225465382 742944.3071513305 0.22759427926517178 -0.36271883479496597 -1.1432185651224012 1769.0194286563656 0.3793237987752863 116.62327033488384 0.23610523365288505 0.0 -142.8738287756766 -527.767635360433 0.044232511398525916 -772.0283362093867 0.3793237987752863 170880.37666054023 -123.25807469482902 -0.04360277315908517 -0.021665936518774204 0.728740075059088 1.5883865814251727 0.6123902738055287 -8.932285413150845 -18.312727574890125 667.0829890894478 104.94800647757648 -356867.27460607426 41550.91568225983 0.3494162762838017 -0.4803418926169709 -1.480341892616971 0.40458176949868074 0.4393103355779999
0.0219812642573 1735.8778695557085 3837640286.586921 -3385189.272818303 296889.4951015407 719891.7538133208 0.2303239832618478 -0.35267690471032986 -1.1249471708553225 1735.8778695557085 0.383873305436413 116.77854478522151 0.2589261345810905 0.0 -128.82784209927044 -518.3810381428559 0.045090350879694874 -751.9058093525755 0.383873305436413 167342.7881320319 -123.41867112711259 -0.04398789229611572 -0.021803688340913348 0.7192015936005128 1.559462987804179 0.6153664148133524 -8.87615299799399 -18.243006208401177 646.7301444338641 104.9446085567111 -328884.4666863222 27160.340485725144 0.33532828816409976 -0.4568526656184022 -1.4568526656184022 0.41074645810802835 0.4451946391237174
0.0225242014845 1702.5732754577946 3689142942.9095135 -3185707.0790511137 291279.54242234316 697019.5217559304 0.23315030749858529 -0.34278527856282487 -1.1071529264338114 1702.5732754577946 0.3885838458309755 116.93974002637879 0.28143091939716425 0.0 -114.83933990303791 -509.14476963414063 0.04595928903860302 -732.2745278800555 0.3885838458309755 163741.5988029457 -123.58516567884521 -0.04438609417701536 -0.02194573912897093 0.7102881401747745 1.5312014410403918 0.6185508508384125 -8.819020012565455 -18.171937415390058 626.8612996166004 104.94083440884324 -302493.46504474734 13821.383631292381 0.32170429434379894 -0.4339813385465967 -1.4339813385465967 0.4171528568004915 0.4513075091266523
0.0230805492612 1669.120993150112 3542928059.356552 -2994411.4486796176 285642.8853890387 674344.190742936 0.23607726072758448 -0.3330359506820203 -1.0898239803712815 1669.120993150112 0.3934621012126408 117.10712527622688 0.30363812084135944 0.0 -100.89493728060192 -500.1634558191254 0.04683920188038723 -713.1228356343233 0.3934621012126408 160075.92031037345 -123.75784044792942 -0.04479790405341133 -0.022092243148420867 0.7020005112247293 1.503581936819375 0.6219503110159439 -8.76087863132839 -18.099501732176783 607.4644969185706 104.9366455793375 -277636.0912857286 1494.285079105408 0.3085384100120885 -0.4117127352722538 -1.4117127352722538 0.4238096629244146 0.4576574265360005
0.0236506388279 1635.5369819739876 3399102797.647565 -2811098.0512147713 279982.1437289831 651882.3200117801 0.23910903747687842 -0.3234208803780687 -1.0729486785836764 1635.5369819739876 0.39851506246146406 117.28098387429658 0.3255663838777878 0.0 -86.98057033098547 -491.39086458931376 0.04772994916940647 -694.4393598555187 0.39851506246146406 156345.28952084933 -123.93696159956255 -0.04522387192104487 -0.02224336119170241 0.6943402181003118 1.4765846637216933 0.6255719239597795 -8.701721515278491 -18.02567961053411 588.5280778664903 104.93199973357252 -254254.92540196044 -9860.285469509021 0.29582515563884776 -0.39003193919627366 -1.3900319391962737 0.43072576797227413 0.4642530983982053
0.024234809607 1601.8378077237667 3257771336.8133063 -2635565.0933942306 274300.0380550103 629650.406518445 0.24225002648855984 -0.3139319532842656 -1.0565154909851233 1601.8378077237667 0.40375004414759974 117.46161409625051 0.34723455316247653 0.0 -73.08296784858241 -482.8069387368487 0.04863137379380496 -676.2130041583683 0.40375004414759974 152549.7210623424 -124.12281327319045 -0.04566457381162083 -0.02239926089459714 0.6873095466610913 1.450189888428485 0.6294232772039356 -8.641541847350977 -17.95045141647899 570.0406423016569 104.92685025885173 -232293.2717586465 -20281.24952497665 0.2835595025134916 -0.3689241988154608 -1.3689241988154608 0.4379102668770599 0.4711034683990607
0.0248334094042 1568.0406345762524 3119034515.944884 -2467613.234371937 268599.38847776613 607664.8416828236 0.24550481920148692 -0.30456096828865875 -1.040512995014037 1568.0406345762524 0.4091746986691449 117.64932999818402 0.36866170365510786 0.0 -59.188704568059 -474.40971423656055 0.0495433011286464 -658.432941692475 0.4091746986691449 148689.7509839839 -124.31569501197339 -0.04612061314413731 -0.02256011706865932 0.6809115801586535 1.4243779262980074 0.6335124391434941 -8.580333369353644 -17.87379742550291 551.9910441060044 104.92114582344375 -211695.18252921378 -29807.10301074991 0.2717368814895086 -0.34837490670508475 -1.3483749067050848 0.4453724639333523 0.47821772458997003
0.0254467946165 1534.1632148173862 2982989473.7321215 -2307045.3840565044 262883.1125340792 585941.8666725004 0.24887821807698524 -0.2952996084523661 -1.0249298233415325 1534.1632148173862 0.41479703012830876 117.84446229068917 0.38986720678677633 0.0 -45.28358405954456 -466.21541353612616 0.050465538404510395 -641.088608400275 0.41479703012830876 144766.482412378 -124.51593900023124 -0.04659262213264652 -0.022726112051065284 0.6751502462701536 1.3991290583028624 0.6378480050180129 -8.518090420224423 -17.795697811328754 534.3683672113725 104.9148298898434 -192405.45671887277 -38475.91492773383 0.26035321614184487 -0.3283695323079101 -1.32836953230791 0.4531218852655746 0.4856053124581984
0.0260753304436 1500.2238764772387 2849729292.1385903 -2153666.83083276 257154.22287892166 564497.5265041548 0.2523752449679665 -0.2861394509782111 -1.0097546984226415 1500.2238764772387 0.42062540827994416 118.04735930227135 0.41087070985730256 0.0 -31.352328421542655 -458.21034967200853 0.05139787407966087 -624.1696964725879 0.42062540827994416 140781.61634532496 -124.7238758583901 -0.047081263260264745 -0.02289743607165751 0.6700303076936998 1.374423578207314 0.6424390854641263 -8.454807976025458 -17.716132632977857 517.1619532471758 104.90784017504592 -174369.71081288354 -46325.279153088806 0.24940489941375557 -0.30889366671405627 -1.3088936667140563 0.46116828237247864 0.4932759405683923
0.0267193911055 1466.2415085847083 2719342657.752186 -2007285.0447843217 251415.82558247625 543347.6229946978 0.2560011506449034 -0.27707193698405713 -0.9949763794385025 1466.2415085847083 0.4266685844081724 118.2583879298985 0.43169220496966987 0.0 -17.38041464597539 -450.3712073671639 0.052340077223019504 -607.6661479141486 0.4266685844081724 136737.48926156538 -124.93985132471255 -0.04758723086927005 -0.02307428763884746 0.6655574127375062 1.3502417076883628 0.6472953552356174 -8.390481691362949 -17.63508183650337 500.3613784259394 104.90010805369376 -157534.38165215222 -53392.31081728713 0.2388888283293338 -0.2899329544940137 -1.2899329544940137 0.4695216512590096 0.5012395994233193
0.0273793600658 1432.2355439750618 2591913510.6505713 -1867709.5222213783 245671.1165451947 522507.6667587433 0.2597614226758025 -0.2680883421970562 -0.980583608846499 1432.2355439750618 0.43293570445967083 118.47793468609208 0.4523520956131719 0.0 -3.352650944729026 -442.7057167182949 0.05329189691052324 -591.5681482397108 0.43293570445967083 132637.1059030801 -125.164240280542 -0.0481112527606868 -0.023256873945083436 0.6617381449797345 1.3265635117831913 0.6524271006296382 -8.325107942300685 -17.55252523013979 483.95643318930854 104.8915578968298 -141846.73687132815 -59713.6364968986 0.2288024405200636 -0.2714730249820867 -1.2714730249820867 0.47819225390688125 0.5095065817966293
0.0280556302594 1398.225939745852 2467520714.770486 -1734751.7855937036 239923.37845774944 501992.8285590889 0.26366179408199625 -0.2591797661591756 -0.9665651012159402 1398.225939745852 0.4394363234699938 118.70640677478144 0.47287122225405365 0.0 10.74688342312615 -435.2119906005198 0.05425306163827969 -575.8661203324186 0.4394363234700215 128484.16025483083 -125.39743562722333 -0.04865409190160844 -0.023445411291667433 0.6585800467444023 1.3033688773339125 0.6578452400378773 -8.258683871148792 -17.468442471589963 467.9371271767853 104.88210633950708 -127254.92005501174 -65325.362152482005 0.21914372327440845 -0.25349947811063744 -1.2534994781106374 0.4871906389666769 0.518087502642019
0.0287486043269 1364.2331550296633 2346237732.1861167 -1608225.3174418856 234175.97670485088 481817.89006533084 0.2677082510170376 -0.2503371113758077 -0.9529095082677765 1364.2331550296633 0.44618041836172934 118.94423320685301 0.49327091009395274 0.0 24.93465676557555 -427.8787767693804 0.05522327875902603 -560.5507184050092 0.44618041839358674 124283.05283787797 -125.6398492056399 -0.0492165481784047 -0.023640125534957947 0.6560916579149407 1.2806374562810885 0.6635613596073916 -8.191207432687769 -17.38281304189678 452.2936822412661 104.87166146898288 -113707.9811031464 -70263.05003102182 0.20991123955321134 -0.23599783953171283 -1.2359978395317128 0.4965276689255693 0.5269933241367463
0.0294586948537 1330.2781262801252 2228132320.659428 -1487945.5138433683 228432.35568682244 461997.1944138135 0.271907040893582 -0.24155106326965167 -0.9396053863674956 1330.2781262801252 0.45317840148930333 119.19186598173242 0.5135730151218079 0.0 39.227309391581635 -420.7019809389942 0.056202233946001524 -545.6128221134816 0.4531784045892266 120038.89985198098 -125.89190996951214 -0.04979946025385971 -0.0238412525531692 0.6542825544304384 1.2583486123881422 0.6695877481784887 -8.122677442384584 -17.29561622929911 437.0165283732686 104.86012192521709 -101155.91144538547 -74561.69265912255 0.20110415294113498 -0.21895351891418535 -1.2189535189141854 0.5062145529532304 0.5362353856387282
0.0301863246166 1296.3822396757437 2113266237.4426239 -1373729.573643556 222696.03379705193 442544.5966161995 0.2762646789255427 -0.2328120573859816 -0.9266411333400223 1296.3822396757437 0.46044113154257116 119.4497812691199 0.5337999982025489 0.0 53.64232316796887 -413.6743518881078 0.05718959069155017 -531.0435307598261 0.46044120940381883 115757.53789622236 -126.15407613909531 -0.050403707457006106 -0.02404903873626796 0.6531634059372234 1.2364813228291764 0.6759374512031273 -8.053093625986849 -17.206831094946658 422.09628571567754 104.84737590311207 -89549.6641243331 -78255.69587826738 0.19272227439465223 -0.20235172863718365 -1.2023517286371836 0.5162628896850617 0.5458254416038166
0.0309319268346 1262.5673010095857 2001694968.1715834 -1265396.525606213 216970.5986244008 423473.41432731686 0.2807879543844872 -0.2241102657441227 -0.9140049674084019 1262.5673010095857 0.4679799239741454 119.71848071537832 0.5539749565657435 0.0 68.1972433179379 -406.78479837081534 0.05818498984544149 -516.8341576568974 0.4679807793282074 111445.51408199625 -126.4268231044606 -0.05103021175694368 -0.024263741497040307 0.6527460059934046 1.215014143121221 0.6826242965912596 -7.9824566713791025 -17.11643644344792 407.5237709958848 104.83330004627386 -78841.20330074863 -81378.84279659172 0.1847660820192592 -0.18617745679734599 -1.186177456797346 0.5266847082355864 0.5557756981188265
0.0316959454275 1228.855502579108 1893467472.108109 -1162767.0730803174 211259.7011362701 404796.3789896783 0.28548393527185495 -0.21543554984034938 -0.9016848296775986 1228.855502579108 0.4758065587864249 119.99849265127175 0.5741217291088263 0.0 82.91073978434397 -400.04847589751984 0.059188049201513396 -502.97622457837457 0.4758120091772915 107110.07584951598 -126.7106681082621 -0.051679939780207344 -0.024485629806384288 0.6530433516213612 1.1939250582542562 0.6896629700458737 -7.910768281853473 -17.02441078155086 393.28996725166337 104.81775821924694 -68983.51319586599 -83964.28363913664 0.17723679283493632 -0.17041534157998228 -1.1704153415799823 0.5374925315812392 0.5660988679447574
0.0324788352795 1195.2693874918182 1788625951.6640904 -1065663.774864159 205567.04965799453 386525.58790014975 0.290359971426609 -0.20677746989277904 -0.8896684092826335 1195.2693874918182 0.48393328571101507 120.29037348714301 0.5942648764283815 0.0 97.80251363323694 -393.4402245330773 0.06019836314095602 -489.46145635211144 0.48395705611647927 102759.13556124587 -127.00613036307539 -0.05235390487203843 -0.024714984750333967 0.6540696405896762 1.173191518686945 0.697069007052137 -7.838031231761559 -16.930732271445407 379.3860582604815 104.80060014580071 -59930.67790436219 -86044.47919330225 0.17013635487866116 -0.15504970377237726 -1.1550497037723773 0.5486994175503263 0.5768082067336264
0.0332810625109 1161.8318109024606 1687205656.7793283 -973910.8458990003 199896.40422281314 368672.4572374968 0.2954236974570648 -0.19812522473131458 -0.8779430141541285 1161.8318109024606 0.49237282909510804 120.59470897235742 0.6144298149409797 0.0 112.89144383785417 -386.9500644825172 0.06121550234050614 -476.28177553844574 0.4924515592335344 98401.24281828126 -127.31376663267713 -0.0530531692674647 -0.024952100111909487 0.655840371130392 1.1527902448661569 0.7048588879569997 -7.764249423622149 -16.835378698241435 365.80338760401 104.78165989680238 -51637.879214467066 -87651.1980488243 0.1634675420352839 -0.1400643801855863 -1.1400643801855863 0.5603190455158666 0.5879175878974097
0.0341031047549 1128.565898606226 1589234697.1026554 -887334.1459101087 194251.56856117435 351247.6766012025 0.3006830301442504 -0.18946761893835207 -0.866495494150783 1128.565898606226 0.5011383835737507 120.91211559693393 0.6346428894229676 0.0 128.19841933337733 -380.59480955312415 0.062239013555457516 -463.4292972494848 0.5013505704208632 94045.53938293517 -127.63417501594466 -0.053778846161417024 -0.02519728297487408 0.6583724008738396 1.1326971133682575 0.7130500917990337 -7.68942794764249 -16.738327390306626 352.53344962384676 104.76075421190224 -44061.430388034474 -88815.48883450271 0.15723401730008893 -0.12544262445915244 -1.1254426244591524 0.5723657952808844 0.5994415701070632
0.0349454514424 1095.4950027277787 1494733903.385486 -805761.3247131836 188636.38352272968 334261.1652293743 0.30614616607375805 -0.1807930613537456 -0.8553122342287058 1095.4950027277787 0.5102436101229301 121.2432418729056 0.6549313758942241 0.0 143.74482318564074 -374.3496927513878 0.0632684194899547 -450.89632405834215 0.5107317457884412 89701.69466205827 -127.96796342672519 -0.0545321019124329 -0.025450854350775886 0.6616839603329787 1.1128871479687488 0.7216611039673779 -7.613573143135568 -16.639555171342376 339.56791580295936 104.73768063604648 -37158.84377588585 -89567.63145093482 0.15144035021004865 -0.1111670981891868 -1.1111670981891868 0.5848548174788932 0.6113954584641498
0.035808604093 1062.642654647724 1403716710.172865 -729021.678531545 183054.7190760893 317722.03028330056 0.3118215741405489 -0.17208950176074608 -0.8443790026395082 1062.642654647724 0.5197026235675816 121.5887696652685 0.6753236209280735 0.0 159.55211810949157 -368.2114679603493 0.06430321876451084 -438.67534103055476 0.5206946121532169 85379.8462971204 -128.315782860183 -0.05531415817267888 -0.025713149827777598 0.66579475622094 1.0933342961034018 0.7307115145903291 -7.536692662136928 -16.53903828348002 326.89859645385184 104.71221544998095 -30888.832514688627 -89937.13031914482 0.14609213265335838 -0.09721967496917427 -1.0972196749691743 0.5978021501451284 0.6237954040857077
0.0366930766141 1030.0325151630816 1316189074.5216541 -656946.2242498321 177510.46609546506 301638.5275007617 0.31771798421419195 -0.16334440837837927 -0.8336808841211272 1030.0325151630816 0.52952997369032 121.94941543013782 0.6958490895691929 0.0 175.64317657311963 -362.1817936616931 0.06534288599665485 -426.7590108490265 0.5313564086851227 81090.51960595977 -128.67831557518952 -0.05612629399953363 -0.025984520240476944 0.670726014207165 1.0740113349515845 0.7402220557868932 -7.458795535175783 -16.436752306573865 314.5174475804108 104.68411137205744 -25211.356526571777 -89952.6787147346 0.14119604051684512 -0.08358135393201094 -1.083581353932011 0.6112248212544883 0.6366584921627892
0.0375993956065 997.6883220048426 1232149429.4034388 -589367.7309504608 172007.52771945958 286018.02457610343 0.32384437055345955 -0.15454473502778554 -0.8232021823631672 997.6883220048426 0.5397406175890993 122.32593140572493 0.7165384352259321 0.0 192.0414362006282 -356.2471326073195 0.06638687200701172 -415.1401690582508 0.5428460412474317 76844.53941607912 -129.05627343599514 -0.05696984789552473 -0.026265332358595638 0.6765005356257877 1.0548897343483843 0.7502146531725863 -7.379892239406113 -16.332672066577082 302.41656768883274 104.65309500556734 -20087.65609375521 -89642.13095367586 0.13675991803668844 -0.07023213352908919 -1.0702321335290892 0.625140968181752 0.6500028444361641
0.038528100678 965.6338347473421 1151588675.6896138 -526120.7339952383 166549.81055427156 270866.967567096 0.3302099296314074 -0.14567688117920302 -0.8129262983706843 965.6338347473421 0.5503498827190123 122.7191066552258 0.737423584348328 0.0 208.77093242734287 -350.4023892683526 0.06743460416868079 -403.8118194068094 0.5552978438793338 72652.93333804149 -129.45040188913526 -0.05784621976598593 -0.026555969592637098 0.6831427631137413 1.0359394866496892 0.7607124866802908 -7.299994769059116 -16.226771539759667 290.58818905743374 104.61886400389106 -15480.278538349914 -89032.4790516657 0.13279288039472903 -0.057150854079375035 -1.057150854079375 0.6395699757697336 0.6638477378797712
0.0394797447647 933.8927772149225 1074490208.2467134 -467041.5614475678 161141.21508906104 256190.85064967544 0.33682404978877 -0.1367266513216207 -0.8028355952165942 933.8927772149225 0.5613734163146167 123.12976794004979 0.7585378210980225 0.0 225.85655974804348 -344.64064879503155 0.0684854869166191 -392.7671292950379 0.5688464038246845 68526.82592745913 -129.86148362891345 -0.05875687269395636 -0.026856832713542344 0.6906788448727517 1.0171289207200191 0.7717400505036883 -7.219116708291509 -16.11902373623816 279.0246694023626 104.58108392199311 -11353.103322936951 -88149.82997895368 0.12930542855813498 -0.04431502254723996 -1.04431502254724 0.6545326290059065 0.6782137360915095
0.0404548944604 902.4887775584184 1000829982.9279823 -411968.3954776132 155785.62612833563 241994.18955267908 0.3436962726901075 -0.12767922121574315 -0.7929112659462552 902.4887775584184 0.5728271211501792 123.55878043894461 0.779915855203924 0.0 243.32380486357314 -338.9534019334034 0.06953890243787401 -381.9994253248018 0.5836230910137677 64477.322865648726 -130.29033475487955 -0.05970333452870116 -0.027168340582037594 0.6991366860805309 0.9984245252026563 0.7833232007672746 -7.1372733066275185 -16.009400578069357 267.71849114799164 104.539384720539 -7671.370967291591 -87019.38047322459 0.12630956493035173 -0.03170064116610383 -1.0317006411661038 0.6700512768111292 0.6931228310534197
0.0414541303536 871.4453061070762 930576620.7206572 -360741.30176563794 150486.90259426666 228280.49894907768 0.35083624382961376 -0.118519092769541 -0.7831331599761856 871.4453061070762 0.5847270730493563 124.0070480943846 0.8015939130731707 0.0 261.1989714844929 -333.33781466892185 0.07059421156186274 -371.502188958927 0.5997544225530674 60515.389995430494 -130.73781124832044 -0.0606871991768056 -0.027490930883112077 0.7085460132530045 0.9797907156144929 0.7954892172510725 -7.05448155697745 -15.89787275846404 256.6622504690706 104.49335688467333 -4401.7005275527745 -85665.3990326532 0.12381894020364816 -0.01928198224472366 -1.0192819822447237 0.6861500241065147 0.708598609940228
0.0424780473733 840.7856112162124 863691552.3539319 -313202.3308572576 145248.867264662 215052.27410633577 0.35825365098766565 -0.10923006934899583 -0.7734796370535695 840.7856112162124 0.5970894183127761 124.4755136507608 0.8236097812592065 0.0 279.5091213473465 -327.78180641855397 0.07165075487716341 -361.2690522782356 0.617362030955469 56651.72278964138 -131.20479698932343 -0.06171012754401468 -0.027825060858933503 0.7189384040669484 0.9611896494760955 0.8082668315305823 -6.9707602764526655 -15.784409590475914 245.84866487938808 104.44254711687121 -1512.1181715248802 -84111.20068638545 0.12184898575417229 -0.007031398192874683 -1.0070313981928747 0.7028549268817956 0.7246664262437872
0.0435272551434 810.5326532228787 800129202.6197453 -269195.54932904977 140075.2963633861 202310.9770195201 0.36595814850208064 -0.0997952088271054 -0.7639273507299833 810.5326532228787 0.6099302475034678 124.9651582049863 0.8460028967734845 0.0 298.28140220761793 -322.2754014569709 0.07270785409768957 -351.29379384185336 0.6365639086656633 52896.6152085101 -131.69221219678946 -0.06277384803400594 -0.02817120803337812 0.7303473442931916 0.9425809435938192 0.8216862841187166 -6.886130189852804 -15.6689788440148 235.2705604890787 104.38645355825906 1027.9339268413653 -82379.13459166817 0.12041709678972379 0.0050809597283600905 -0.9949190402716399 0.7201942342861354 0.7413536134456817
0.0446023783455 780.7090368326895 739837210.6102346 -228567.1050685699 134969.90854520223 190057.0273093975 0.3739592632311545 -0.09019678526401491 -0.7544510238921139 780.7090368326895 0.6232654387185909 125.47700017057034 0.8688144148264768 0.0 317.5437759931635 -316.81596949127083 0.07376481370814227 -341.5703346549117 0.6574765161443208 49259.82462790321 -132.20101506149467 -0.06388015642324099 -0.028529870917635213 0.7428082647649564 0.9239213895986405 0.8357793636083508 -6.800614016201668 -15.551546555487231 224.92086614890422 104.32452049048892 3247.5867942176988 -80490.57010062823 0.11954282604636556 0.01708743338877383 -0.9829125666112262 0.7381986542365185 0.7586897220320102
0.0457040570906 751.33694212175 682756690.0463029 -191165.3446431202 129936.35404072373 178289.79806674874 0.382266281198987 -0.08041627173118637 -0.7450232426603949 751.33694212175 0.6371104686649783 126.01209349918636 0.8920872260045833 0.0 337.3245012986516 -311.38946671905376 0.07482092291868792 -332.09273424052014 0.6802173428027433 45750.433815291275 -132.7321875233814 -0.06503091504851584 -0.028901569685919944 0.7563585390213744 0.905164707768933 0.85057940868801 -6.714236558280473 -15.43207682874263 214.79262354588136 104.25613246514966 5174.52738095131 -78465.87880788256 0.119248070356396 0.029023126600962623 -0.9709768733990374 0.7569016341922338 0.7767067745893891
0.0468329473007 722.4380544214689 628822525.8840895 -156840.86178683222 124978.20367043882 167007.61682041633 0.39088811065796525 -0.07043430029099372 -0.735614164584379 722.4380544214689 0.6514801844299422 126.57152501032076 0.9158660198455633 0.0 357.6516450864942 -305.9861691817971 0.07587545796379087 -322.85518681015117 0.7049076467814539 42376.71879397586 -133.2867429246873 -0.06622805110691735 -0.029286846807323182 0.7710375041274391 0.8862611853999212 0.8661213368279882 -6.6270247952563315 -15.310531617296517 204.87897550276037 104.18060780424595 6835.001336997751 -76324.42967026531 0.1195573196974969 0.04092628508283813 -0.9590737149171619 0.7763397127150106 0.7954395885378415
0.0479897210991 694.0334933990973 577963704.5173402 -125446.59423176385 120098.93754196339 156207.77177928342 0.3998331168050947 -0.06023064320177482 -0.7261912320114917 694.0334933990973 0.6663885280084912 127.15641059154595 0.9401972959969994 0.0 378.55345321127766 -300.5991466804246 0.07692768477991874 -313.8520175464405 0.7316749618912202 39146.0198226671 -133.8657199502705 -0.06747355383665325 -0.02968626761665586 0.7868864377727377 0.8671573386810739 0.8824416328114011 -6.5390079785661435 -15.186870479640525 195.17316807581057 104.09719141164753 8253.81098359798 -74084.5809065887 0.12049790976424647 0.052838670506486385 -0.9471613294935136 0.7965529042859519 0.8149261372634714
0.0491750672102 666.1437416785002 530103678.74406517 -96837.93180132192 115301.934003539 145886.52346097035 0.40910892532419585 -0.04978420701787581 -0.7167188679274216 666.1437416785002 0.6818482088736598 127.76789003387213 0.9651293409462381 0.0 400.0577502258673 -295.2154180722264 0.07797686210438944 -305.0776789930814 0.7606549648389899 36064.62058099766 -134.47017171644612 -0.0687694704072492 -0.0301004208035169 0.8039485017595958 0.8477955655999125 0.8995783081570042 -6.450217731249197 -15.061050322290086 185.66855759892536 104.00504683281572 9454.315909902125 -71763.6738765988 0.12210029288593602 0.06480595798440203 -0.935194042015598 0.8175851370867595 0.8352079710537096
0.0503896913703 638.7885732358716 485160762.75120145 -70872.80085704231 110590.45851936156 136039.12172875504 0.4187221886040517 -0.039073025440994356 -0.7071581137267307 638.7885732358716 0.6978703143400862 128.40712018815347 0.9907122006133555 0.0 422.19147823753525 -289.8213864167359 0.07902224503779678 -296.5267475436894 0.7919922051649271 33137.64107235742 -135.10116266575275 -0.07011790020503254 -0.030529918796806176 0.8222686696420953 0.828113732476734 0.9175708503722049 -6.360688150492621 -14.933025118767445 176.35860999670408 103.90324749569962 10458.444092079897 -69378.03387924135 0.1243983553020091 0.07687820943840495 -0.923121790561595 0.8394847756732662 0.8563307310760273
0.0516343167471 611.986982075043 443048555.2518596 -47411.760728764464 105967.6526624754 126659.82830738442 0.4286783090889328 -0.028074268709947576 -0.697466240227932 611.986982075043 0.7144638484815546 129.07526614172684 1.0169976082536225 0.0 444.9803499194829 -284.40702366796404 0.08006308911786733 -288.1939200507916 0.8258388696013224 30368.94652087459 -135.7597610167332 -0.07152098719286726 -0.03097539801377299 0.841893609100851 0.80804474418138 0.9364601335490779 -6.270455913908892 -14.802745606746528 167.2369046408049 103.79076706708615 11286.705762749489 -66942.9729100496 0.12742976061929637 0.08911038261759163 -0.9108896173824084 0.8623052241036965 0.8783447610629594
0.0529096843708 585.7571114248835 403676387.3969913 -26318.110493121203 101436.52314909444 117741.94469484717 0.43898111320754385 -0.01676427455058396 -0.6875963333828441 585.7571114248835 0.7316351886792398 129.77348988630922 1.0440388552963957 0.0 468.4487037001512 -278.9610908329987 0.0810986549562088 -280.07401053572505 0.862350362646433 27761.076570087156 -136.44702595871746 -0.07298090996496792 -0.03143751894145916 0.862871507998466 0.787516103847853 0.9562882804605503 -6.179560389152824 -14.670158960866702 158.29714353787432 103.6664688556642 11958.210301905458 -64472.794551556115 0.13123631931922625 0.10156287407089848 -0.8984371259291015 0.88610561849737 0.9013058360559176
0.0542165535748 560.1161839932814 366949793.5219511 -7458.013449461898 96999.93132960022 109277.84543763289 0.4496324699215666 -0.005118613077239664 -0.6774968733887794 560.1161839932814 0.7493874498692776 130.50293612914228 1.0718905764804982 0.0 492.6183196913243 -273.4634557208526 0.0821282134948796 -272.1619470174769 0.9016758441800592 25315.19859441869 -137.1639841808907 -0.07449986909599526 -0.031916966008050975 0.8852518217932057 0.7664494934600764 0.9770984552173202 -6.088043747331451 -14.535208451117398 149.5331712877036 103.5290941984034 12490.68416897791 -61980.79990817209 0.13586437192392806 0.11430207210762222 -0.8856979278923778 0.9109516043768502 0.9252760204009948
0.0555557024481 535.080433540329 332770999.84966177 9299.43534816918 92660.5828845434 101259.01658428198 0.46063184562127735 0.006887857246096856 -0.6671111996327882 535.080433540329 0.767719742702129 131.26471451344287 1.1006085430693409 0.0 517.5076388423205 -267.9029231082196 0.08315105194008404 -264.45276844887115 0.9439413248095824 23031.091509107297 -137.91162750983995 -0.07608007126147767 -0.03241444719938891 0.9090850003863568 0.7447602185484727 0.9989346469079969 -5.995951079642966 -14.397833080898755 140.93897401992996 103.37724976826982 12900.505914425885 -59479.30493055783 0.14136525768422784 0.1274010586868407 -0.8725989413131593 0.936916276137494 0.9503247449616286
0.0569279282985 510.6650383563769 301039426.34409136 24082.078670970513 88421.0175811302 93676.09918643834 0.47197578511063065 0.01928086156457152 -0.6563770263167013 510.6650383563769 0.7866263085177178 132.0598776826855 1.1302492822010164 0.0 543.1317310553959 -262.26562809609504 0.08416648044195525 -256.94162176972327 0.989221397833233 20907.158786052496 -138.69088100561217 -0.07772370946386084 -0.03293069336251995 0.9344220693967569 0.7223567699691461 1.0218413202301861 -5.90333051766762 -14.257967193299342 132.50870795741045 103.2093937545475 13202.732644109054 -56979.65229257781 0.147795760879039 0.1409402479263402 -0.8590597520736598 0.9640811492959506 0.9765300207248352
0.0583340481275 486.8840569793866 271652201.50758404 37014.580487583415 84283.60001076279 86518.9375742787 0.48365731519868793 0.03208654214212247 -0.6452259288674136 486.8840569793866 0.8060955253311466 132.889394348809 1.160869596463733 0.0 569.5001287561569 -256.52783034068796 0.08517383958620747 -249.62375907428256 1.0374953326511138 18940.475149852242 -139.50256878084065 -0.07943293890466137 -0.03346645713368141 0.9613141104332628 0.6991403848574052 1.0458629802621078 -5.810233356736481 -14.11554008628368 124.23673037972561 103.02382087748961 13411.133043430244 -54492.2282603736 0.15521858510211614 0.155008064354887 -0.844991935645113 0.9925371798709643 1.0039798424567894
0.0597748991162 463.75036665023094 244504681.48222616 48218.3576439044 80250.5103687249 79776.63213410061 0.49566525645239123 0.04533127968117127 -0.6335827213787174 463.75036665023094 0.8261087607539854 133.75411644664888 1.192526039375268 0.0 596.6160158944776 -250.67594445132764 0.08617250877140716 -242.49453489971538 1.0885835541191615 17126.868592565443 -140.34739815650408 -0.08120984753153497 -0.03402251141512565 0.9898116706961236 0.6750044951500811 1.0710436849554754 -5.716714182222764 -13.970475599436549 116.11761234264785 102.81864622174498 13538.235210446792 -52026.489318111075 0.16370290994213826 0.16970176414178129 -0.8302982358582187 1.0223857967620282 1.0327738044013839
0.0612513391244 441.275604953206 219490971.6407742 57811.447210566024 76323.7358654357 73437.59624545515 0.5079834371492831 0.05904140062401329 -0.6213649425381675 441.275604953206 0.8466390619154718 134.65473929167922 1.2252741193773042 0.0 624.4751754962559 -244.6899354679471 0.08716191555200692 -235.54940362643262 1.1420630237136655 15461.032928131808 -141.2259044735951 -0.08305642051986628 -0.03459964731479469 1.0199639457257486 0.6498343931687609 1.0974263505683717 -5.6228309982509295 -13.822691699925377 108.14619085276289 102.5917879024749 13595.364059892505 -49590.98248157955 0.17332488381027675 0.1851281190420756 -0.8148718809579244 1.0537395897847768 1.0630246750018455
0.0627642472008 419.4701151206422 196504446.5010635 65908.4173351429 72505.06298473662 67489.61699477682 0.5205898024215836 0.07324284119908812 -0.6084822824043724 419.4701151206422 0.8676496707026393 135.59175367050432 1.259167388298267 0.0 653.0634767911802 -238.54635335048968 0.08814154602508636 -228.78391700433752 1.1971713666397292 13936.670959598294 -142.13840658095643 -0.08497449778557013 -0.03519867144959479 1.051817831331945 0.6235068667056789 1.1250519503989813 -5.528645358244044 -13.67210008261906 100.31761050600016 102.3409486176585 13592.690930269506 -47193.374124741844 0.18416816062930572 0.20140417942098376 -0.7985958205790162 1.0867224496015633 1.094859813367136
0.0643145241066 398.3428954195924 175438262.07183877 72620.2791308235 68796.0701542403 61919.91921920914 0.5334554089448382 0.08796072416583697 -0.5948360336238263 398.3428954195924 0.889092348241397 136.5653883198045 1.2942563146175707 0.0 682.3554727996216 -232.22544849706014 0.08911095634494949 -222.1937217952248 1.2527328494530057 12546.66201185429 -143.0849529571615 -0.08696572338107766 -0.0358204025009107 1.0854167709239264 0.5958899343552738 1.1539585361554092 -5.434222496239342 -13.518605775842275 92.62737461390557 102.06359619360293 13539.286242863252 -44840.481119791875 0.19632442268252923 0.21865800882154607 -0.7813419911784539 1.1214685280488954 1.1284219039191274
0.0659030928521 377.90155312811663 156185857.681454 78054.38590319688 65198.12132660075 56715.23241799125 0.5465433031823225 0.1032188125333809 -0.5803186435292609 377.90155312811663 0.9109055053038708 137.57554148175632 1.33058686177461 0.0 712.3119049679528 -225.70215411798665 0.090069785451778 -215.77455753624116 1.307182724626607 11283.246793867302 -144.06524637584423 -0.08903148574249854 -0.036465666894015564 1.1207993375463954 0.5668427968592679 1.1841800247174068 -5.339631457996958 -13.362106784896648 85.07141794529358 101.75694330342334 13443.171360221453 -42538.302018516384 0.20989383224252461 0.23702929155161145 -0.7629707084483885 1.1581190697501542 1.163868108552173
0.0675308992455 358.1522635088896 138641442.48236567 82314.35855679965 61712.360330444426 51861.860004232665 0.5598072813232897 0.1190388638443766 -0.5648133119358885 358.1522635088896 0.9330121355388162 138.62169980482344 1.3681988236029279 0.0 742.8771109804669 -218.9527182708052 0.0910177690938736 -209.5222544292997 1.35882206782503 10138.222397233496 -145.07856822440135 -0.09117284755931308 -0.037135293460212514 1.1579975763195087 0.5362159227242276 1.2157447806301245 -5.244945230180419 -13.202493785456747 77.64617999035511 101.4179266265214 13311.37761739371 -40292.05337706785 0.22498544078069252 0.2566698845029336 -0.7433301154970664 1.1968159318140705 1.2013662942553935
0.0691989124569 339.09973422894353 122700462.58765821 85499.99930365261 58339.70603702686 47345.75035141931 0.573190534866319 0.1354398208958096 -0.5481937829964512 339.09973422894353 0.9553175581105317 139.70284286643937 1.4071237751140804 0.0 773.9762543454739 -211.95035416386602 0.09195475522865605 -203.43273134507814 1.4064440676212129 9103.137919356597 -146.12367736152933 -0.09339046401754793 -0.037830106923886254 1.1970350046880496 0.503851488457833 1.2486738953917247 -5.150240865662307 -13.039649889541549 70.34870387309036 101.04318583601764 13150.003851148327 -38106.2055587142 0.24171744657751792 0.27774412177531627 -0.7222558782246837 1.2376901956942523 1.241086126092985
0.0709081255946 320.74717563521506 108260045.48576403 87707.22687798517 55080.84856706902 43152.56905481573 0.5866241954107075 0.15243685740918345 -0.5303243100695294 320.74717563521506 0.9777069923511793 140.81733155105672 1.44738268228165 0.0 805.5118068237331 -204.6679884251844 0.09288072086990515 -197.50199395511424 1.450260638707601 8169.482464178351 -147.19870179159716 -0.09568448826413602 -0.038550920042616864 1.2379242908879875 0.4695841343205676 1.28297918874437 -5.05559960236997 -12.87345052543517 63.17674268895226 100.62904294421129 12964.278805106107 -35984.52225814364 0.26021729853680825 0.3004288988828887 -0.6995711011171113 1.280844869004518 1.2831824586636271
0.0726595562968 303.0962772712194 95219417.38679782 89028.01294819947 51936.24627640504 39267.771805938624 0.6000257969687031 0.17004023055123169 -0.5110599276175638 303.0962772712194 1.0000429949478384 141.96277843603747 1.4889830673302746 0.0 837.3604134702481 -197.07866944803797 0.09379579044615925 -191.72613297985689 1.49232516686467 7328.857206562274 -148.3010088117902 -0.09805446281063308 -0.039298524215743674 1.2806645337875278 0.43324222644373267 1.3186608591220197 -4.961106972409674 -12.703763450919272 56.12888761898597 100.17148271737948 12758.623804003055 -33930.10054002191 0.2806215388396892 0.32491336322967823 -0.6750866367703218 1.3263325258154288 1.3277688989019738
0.0744542473373 286.14719101182743 83480291.27173416 89550.32294326794 48906.12395182984 35676.67726760239 0.6132976948694228 0.18825391642747155 -0.49024714107883766 286.14719101182743 1.0221628247823713 143.13589864966568 1.5319156837035335 0.0 869.3686774659383 -189.1515213879252 0.09470025571201059 -186.10132255868257 1.5349687344170388 6573.12494922334 -149.42705129738306 -0.10049919606107083 -0.04007367836626215 1.3252381075727073 0.3946497700241327 1.355704750454302 -4.866852897517797 -12.530448970612614 49.20472023191212 99.666135087967 12536.715419538752 -31945.411397069605 0.30307528279033596 0.35139806673989815 -0.6486019332601018 1.3741335522394564 1.3748831442866323
0.0762932672465 269.8985211126809 72947221.93076605 89358.08162535031 45990.47188956001 32364.539318926774 0.6263254889350791 0.20707404656249903 -0.4677250653204896 269.8985211126809 1.0438758148917986 144.3323397294279 1.5761507495713087 0.0 901.3493113673478 -180.8592251766561 0.09559459722851854 -180.62381873663017 1.5788884077188832 5894.532881096114 -150.5722063203826 -0.10301662313102895 -0.04087709589835742 1.371607098539599 0.353628993016802 1.3940792664962136 -4.772931765697543 -12.35336039213082 42.404972808378375 99.10826075301226 12301.552316912961 -30032.34330014581 0.32773128364780024 0.380093539898435 -0.619906460101565 1.4241478176602567 1.4244551410793713
0.0781777109475 254.34732151328515 63527926.03707269 88531.12898360187 43189.04608903469 29316.618057402025 0.6389765251924598 0.22648706139191513 -0.44332730830309197 254.34732151328515 1.0649608753207664 145.5464898088681 1.6216335670176742 0.0 933.0772102297888 -172.17250324725717 0.09647950739915397 -175.28995806774927 1.624060442782206 5285.805979348108 -151.73057615606137 -0.10560365080762604 -0.04170942953241123 1.419709218665447 0.3100040040143826 1.4337318185201071 -4.679442483244308 -12.172344799184021 35.731726710871925 98.4927414541636 12055.51819156209 -28192.243504107333 0.35474834334468053 0.4112179026911409 -0.5887820973088591 1.476214846175003 1.4763021308555042
0.0801087004079 239.48910059226725 55133565.320640154 87145.20067785168 40501.369605075335 26518.248932373725 0.6510985755158221 0.24646763319503348 -0.41688463070114334 239.48910059226725 1.0851642925263703 146.77126412085266 1.6682796618252267 0.0 964.2850272028641 -163.06198026277036 0.09735591499323783 -170.09615633144466 1.6704044248770011 4740.211703552426 -152.89477921829632 -0.10825598719745164 -0.04257125383757111 1.4694532887854326 0.2636055152095918 1.4745849004751639 -4.58648849457543 -11.987244226975786 29.188621340124115 97.81407678187945 11800.447614477001 -26425.961493382063 0.38428899625906227 0.4449934701408925 -0.5550065298591075 1.5301614775497088 1.5301753850449287
0.082087385308 225.3178336036862 47678990.95085052 85271.91576892289 37926.7348983369 23954.909417828818 0.6625188192690091 0.2669763250246041 -0.3882286396031154 225.3178336036862 1.1041980321150153 147.99787117443537 1.7159693925119 0.0 994.6597435506237 -153.50168932699071 0.09822501103578933 -165.03890735761834 1.717805805383531 4251.598565889816 -154.05571888721062 -0.11096795737234283 -0.043463045307266066 1.5207142668874543 0.21427694869966832 1.5165317649183843 -4.494177761289553 -11.797897315539265 22.781085785947 97.06638973714391 11537.690871205552 -24733.891795672156 0.41651623477243893 0.4816420162548577 -0.5183579837451423 1.5858401758614864 1.5858410340762183
0.0841149437251 211.82598293491165 41082948.53498929 82978.7733043223 35464.20738616215 21612.28264943652 0.673043291547976 0.28795699643445255 -0.35719673614266245 211.82598293491165 1.1217388192466269 149.21556171134867 1.7645420831039642 0.0 1023.8394047550305 -143.4665507539753 0.0990882758612012 -160.11478195864572 1.7661101460657875 3814.413513557167 -155.20233265906512 -0.113732307928118 -0.044385159872907066 1.5733278763811194 0.16188216446511847 1.55943174924746 -4.402622690122184 -11.604141563579708 16.51659086316029 96.24344370065718 11268.177531149977 -23116.015997411487 0.45158905713449243 0.5213784084692119 -0.4786215915307881 1.6431172283731545 1.6431172386604214
0.0861925828351 199.00452627097093 35268242.91720287 80329.16433953145 33112.630039229785 19476.317484620293 0.6824569911279276 0.3093340068122387 -0.3236384902363991 199.00452627097093 1.137428318546546 150.41136593033622 1.8137898283101468 0.0 1051.4110212823173 -132.93540398302474 0.09994750703458323 -155.32042696119728 1.8151170001366264 3423.7052061986833 -156.3213343635372 -0.11654000480631059 -0.04533780782452245 1.6270849613079843 0.10631496250574998 1.6031053701799727 -4.311939997772316 -11.405816285206532 10.404908882866621 95.3386738836421 10992.48002195863 -21571.944562871002 0.4896566427614383 0.5644023841077234 -0.43559761589227664 1.701830702654371 1.7018307026603865
0.0883215396311 186.84299270939948 30161862.98875647 77382.39271379208 30870.62913536717 17533.284489059126 0.6905248810999822 0.3310092559757378 -0.28742369946129687 186.84299270939948 1.1508748018333037 151.56982765399496 1.8634511023720068 0.0 1076.9098862540861 -121.89160101708606 0.10080484772883465 -150.6525643345004 1.8645735418651137 3075.122432970764 -157.39695035818517 -0.1193800310969953 -0.04632102621008886 1.6817256977686148 0.047510615247510955 1.6473293006339327 -4.222250498956972 -11.202766406621835 4.458380382937065 94.34523673682952 10710.875394694805 -20100.957202696518 0.5308508959353111 0.6108881311643837 -0.3891118688356163 1.7617629329976874 1.7617629329976874
0.09050308166 175.32950677227893 25695066.849007342 74193.71153531723 28736.621047427518 15769.827396078608 0.6969940397417923 0.35285918009048667 -0.24845225126824044 175.32950677227893 1.1616567329029872 152.67274787447124 1.9132044816347467 0.0 1099.821040547249 -110.3249864172085 0.10166281500431602 -146.10799040738684 1.9141682247746594 2764.9203239848575 -158.4106706181169 -0.1222391939776267 -0.04733464892916011 1.7369339240004729 -0.014540534065301638 1.6918314704903838 -4.133678802088854 -10.994847224269755 -1.3078329864603404 93.2560811203393 10423.406670789767 -18702.042499317206 0.5752771910974855 0.6609715128132407 -0.33902848718675926 1.8226282457162277 1.8226282457162277
0.092738507777 164.45084024184865 21803428.397037536 70814.36790776366 26708.820113046702 14173.00964896436 0.7015972397692575 0.3747318124115129 -0.2066659572622046 164.45084024184865 1.1693287329487625 153.6989549905507 1.9626627756865576 0.0 1119.5833940150424 -98.23266792627236 0.1025243272824473 -141.68357516860078 1.9635247280534847 2489.992992395878 -159.34102251474962 -0.1251019531315647 -0.04837827491708471 1.7923318592876984 -0.07977730842294689 1.7362865319468814 -4.046352895714836 -10.781930259194475 -6.8755170869543605 92.06404523121897 10129.941950073675 -17373.935501706554 0.6230031263389358 0.7147347106204702 -0.2852652893795298 1.8840634435692325 1.8840634435692325
0.0950291489191 154.19247162157976 18426846.75470843 67291.66454682601 24785.247506030988 12730.355689421845 0.7040582297884509 0.3964441343304805 -0.1620622641373779 154.19247162157976 1.1734303829807515 154.62412418411952 2.011368118843374 0.0 1135.597320903884 -85.62227642194948 0.10339273011615302 -137.37626164128102 2.0121967024861607 2247.9639611318944 -160.16340157334685 -0.1279502863728226 -0.049451235051551024 1.8474756704816275 -0.14805006478751676 1.7803121108700422 -3.9604036071779802 -10.563910323213365 -12.223229608852463 90.76198324848261 9830.233018979832 -16115.154298221249 0.674045287500876 0.7721884021785943 -0.2278115978214057 1.945618785159346 1.945618785159346
0.0973763688974 144.53865301553407 15509520.362714037 63669.02882405858 22963.74105496233 11429.886732636498 0.7040989568854374 0.41777991974054474 -0.11470974411054846 144.53865301553407 1.1734982614757292 155.42067437213473 2.0587885173651808 0.0 1147.2366049586803 -72.5143649934875 0.1042718191702717 -133.18306532484186 2.0596637710712913 2037.3934825503668 -160.8499749645685 -0.13076361174966575 -0.05055255868689324 1.9018523261359908 -0.2191014709927534 1.823466236386348 -3.8759639147075875 -10.340713884103646 -17.326195755623004 89.34292529886476 9523.971317097896 -14924.034085329728 0.7283540646602614 0.8332515920655172 -0.16674840793448276 2.0067498535412467 2.0067498535412467
0.0997815652092 135.4724840904022 12999888.104476158 59986.09588819058 21241.966029593576 10260.150832875943 0.7014488990615773 0.4384884067394579 -0.06476487252205987 135.4724840904022 1.169081498435962 156.05777674971546 2.1043166259139023 0.0 1153.864914246912 -58.93973369672962 0.10516585911012227 -129.10107369411176 2.1053295229224793 1858.2260219391785 -161.36970066872155 -0.13351878917807714 -0.0516809410502384 1.9548783799272682 -0.2925465240288974 1.865246533814697 -3.793168093804219 -10.112308794402248 -22.156318180207535 87.80027352459298 9210.842401170888 -13798.75952283929 0.785796881491306 0.8977297265121267 -0.10227027348787332 2.066811224948089 2.066811224948089
0.10224616987 126.97599275120913 10850539.916887756 56278.80413184841 19617.42671608019 9210.247125053931 0.6958565382588817 0.45828415378853526 -0.01248934455715367 126.97599275120913 1.1597608970981363 156.50151376808574 2.1472715525409827 0.0 1154.8574910457587 -44.95130008026031 0.10607959689778844 -125.12744574689859 2.14852228128412 1712.7563172013681 -161.688500740726 -0.1361902272367702 -0.05283471308798595 2.0059013534713626 -0.36785294886364794 1.9050917857921212 -3.7121506803468542 -9.878715353826738 -26.682339640000663 86.12803564659241 8890.57838005652 -12737.395052651742 0.8461404563732262 0.9652920556140301 -0.03470794438596991 2.1250529527121667 2.1250529527121667
0.104771650266 119.03022208068518 9018099.875897469 52579.50126306922 18087.478812658122 8269.844203936742 0.6871028222705708 0.47684847470922875 0.04173317006410704 119.03022208068518 1.1451713704509514 156.71523053532255 2.1869045405150582 0.0 1149.6292032501062 -30.61520113433995 0.10701826781159429 -121.25941158945608 2.188499504483502 1607.7902187512668 -161.76962797275922 -0.1387501229656358 -0.054011815724350105 2.0542044272357987 -0.4443235452464778 1.9423864980752608 -3.633045235585806 -9.640018620936212 -30.870197762366956 84.32109531831108 8563.007428370694 -11737.91286227421 0.9090330567848474 1.035449667152665 0.035449667152664954 2.180621037603616 2.180621037603616
0.107359510027 111.61532301891305 7463084.811117802 48917.0552089159 16649.34246613873 7429.192681277753 0.675016203017932 0.49383281576669197 0.09738225278830526 111.61532301891305 1.1250270050298867 156.66011972361252 2.2224092578181924 0.0 1137.6651662323832 -16.014224538402782 0.10798759236190987 -117.49427204995712 2.2244566041417597 1559.7591869201412 -161.5742555319501 -0.14116886215425295 -0.05520978085102571 2.099015064044042 -0.5210823808590863 1.9764690188897411 -3.555982902872825 -9.396381754968985 -34.68360172702397 82.37551569369887 8228.098584111902 -10798.217650411687 0.9739880590141552 1.1075360321246568 0.10753603212465679 2.2325630371545437 2.2325630371545437
0.110011289925 104.71065219051141 6149741.794341996 45316.99410888094 15300.116024489758 6679.132039977134 0.65948853722872 0.5088647054472225 0.1537904013957243 104.71065219051141 1.0991475620478668 156.29607701678495 2.252937963443591 0.0 1118.5589748360997 -1.2752803996534077 0.10899376221247177 -113.829398301216 2.25554156808792 1607.6124284043503 -161.06237852285008 -0.14341560513252608 -0.056425721665739045 2.139518525240476 -0.5970681227762082 2.006644102829867 -3.481090752937264 -9.148060058707763 -38.08492016292632 80.28886896623384 7886.006130208367 -9916.171563486616 1.040370963192609 1.1806932522081663 0.18069325220816634 2.2798408142560334 2.2798408142560334
0.112728568786 98.29487426312745 5045867.744978788 41801.6136066588 14036.790067156544 6011.091986112474 0.6404907783397635 0.5215559881203834 0.21013807976416543 98.29487426312745 1.0674846305662726 155.58285005063703 2.277622710330438 0.0 1092.0502035999575 13.497926302865638 0.11004341323879124 -110.26223150148533 2.280874716973511 1846.325037526031 -160.19391762814195 -0.14545907561329163 -0.0576563351542099 2.1748758069092404 -0.6710353298350057 2.0321993756847396 -3.4084899244676303 -8.895415173485906 -41.0362709531707 78.06058028646653 7537.099395686667 -9089.610674224088 1.107391176342968 1.253865256612235 0.253865256612235 2.321349887178507 2.321349887178507
0.115512964435 92.3460680835571 4122615.036591872 38390.15192069993 12856.262517683617 5417.08856549572 0.6180871312335336 0.5315145505266466 0.2654588067502762 92.3460680835571 1.0301452187225562 154.48148922530999 2.2956040254728323 0.0 1058.057520152524 28.156275562667012 0.11114358404418771 -106.79028241056717 2.299576307713276 2498.236171607864 -158.93025235763227 -0.14726856295199897 -0.05889791952829004 2.2042476407483442 -0.7415699496995993 2.0524273137991873 -3.338293578032567 -8.63892893470585 -43.50104101235924 75.69226967826688 7181.997613407462 -8316.367017539811 1.174102422025788 1.325803986139967 0.3258039861399671 2.3559492048625232 2.3559492048625232
0.118366134657 86.8418358114381 3354285.478162642 35098.946645126794 11755.352640669416 4889.71538596219 0.592445914068118 0.5383587367767635 0.318655097921522 86.8418358114381 0.9874098567801967 152.95606977795347 2.3060649547017187 0.0 1016.7214225583177 42.48641311337145 0.1123016585435679 -103.41113099690864 2.3108001580984845 3814.168447018972 -157.23599450923976 -0.14881512285196333 -0.06014640919298591 2.226823101335537 -0.807119265809015 2.0666512575287803 -3.270604695997244 -8.379215623194291 -45.445647889136815 73.18807078307074 6821.591379039816 -7594.284333210195 1.23941324455534 1.3950896607650864 0.39508966076508645 2.382499517545283 2.382499517545283
0.121289778183 81.75941461663051 2718117.551490252 31941.529244973404 10730.816786508833 4422.130387197604 0.5638455812473829 0.5417331656046342 0.36852469208824956 81.75941461663051 0.939742635412305 150.97563764352873 2.3082673275005545 0.0 968.422721390312 56.352504378499724 0.11352529193839143 -100.12242600950839 2.3137703979790047 5166.938315058144 -155.08076534065003 -0.15007295795902353 -0.06139742917226349 2.2418506252242376 -0.8660345832698095 2.074253267504068 -3.2055137823766793 -8.117032247437988 -46.841307083703654 70.5549013511057 6457.037538261044 -6921.22121633853 1.3021079898119328 1.460164439509664 0.460164439509664 2.399907074921969 2.399907074921969
0.124285635704 77.07578929182307 2194069.086914569 28928.856076509634 9779.363973140213 4008.038544992678 0.5326742360208078 0.5413281787044756 0.4138044919050454 77.07578929182307 0.887790393368013 148.51627578754736 2.3015948852730586 0.0 913.7910863191606 69.56349543225024 0.11482231968512595 -96.92188450010548 2.3078263391980505 6085.972805929209 -152.44144673339665 -0.15102092395015218 -0.06264637030275544 2.2486742753816684 -0.9166368689802388 2.074706765567808 -3.143096519141308 -7.853285489447763 -47.666276743843405 67.80265723356916 6089.770069033514 -6295.069712620825 1.3608838820136555 1.519389097852261 0.5193890978522611 2.4071794912202744 2.4071794912202744
0.127355490906 72.76780577498575 1764598.1771016507 26069.46246489205 8897.670282082274 3641.6711082830666 0.49942133304402386 0.5368990297942429 0.45322549873680085 72.76780577498575 0.8323688884067064 145.56314826969006 2.285594387143507 0.0 853.7106903857709 81.89130417712582 0.1162006505480714 -93.80729129325638 2.2924665776798365 6630.028702746519 -149.3042130222526 -0.15164407650673653 -0.06388848489985234 2.2467690320154654 -0.9572945442407699 2.067607829631622 -3.0834114720744865 -7.589033800389814 -47.907887928606435 64.94430196452224 5721.480795805635 -5713.759780840974 1.414400143608759 1.5711140917673738 0.5711140917673737 2.40348298017408 2.40348298017408
0.130501171531 68.81228424960759 1414446.176132599 23369.608635456465 8082.3943421401655 3317.761877021879 0.4646612989032303 0.5282840398517474 0.4855774235176161 68.81228424960759 0.7744354981720506 142.1123611359282 2.260012921689667 0.0 789.2911638367547 93.17040514785529 0.11766814542215606 -90.776498386066 2.2673904321399814 6871.394151877861 -145.66630374236144 -0.15193517198305811 -0.06511900135307465 2.2357735708715265 -0.9865113013337744 2.0527037703425317 -3.026497937496757 -7.325484210611262 -47.56432114568417 61.99582627283902 5354.08240725509 -5175.259301359512 1.4613380726994756 1.613763315666606 0.613763315666606 2.388198813838657 2.388198813838657
0.133724550468 65.18613103145894 1130424.5325187023 20833.47778677997 7330.192000111831 3031.5211109768397 0.42902938141988245 0.5154213930263588 0.5097817898068974 65.18613103145894 0.7150489690331374 138.17244379676777 2.2248307588400347 0.0 721.8254145518889 103.21644197609314 0.11923248489741473 -87.82742426283608 2.2325357338495078 6878.563627416533 -141.53757733415253 -0.15189599259364098 -0.06633325428269113 2.215519609589088 -1.0030223410547257 2.029918312809292 -2.9723740368177816 -7.063982274320184 -46.64617079699627 58.97605840898925 4989.66856932297 -4677.5785927666375 1.500470640555951 1.6459290193480334 0.6459290193480334 2.360977988381171 2.360977988381171
0.137027546864 61.86644835564546 901208.0541579683 18463.338582951634 6637.7307579365315 2778.607663694696 0.39319131279161895 0.49836125186528824 0.5249638000093534 61.86644835564546 0.6553188546526982 133.76526701542184 2.1802826546620517 0.0 652.7309380416123 111.87067801283318 0.1209010295485451 -84.95805312515432 2.1881051642552167 6712.588137643456 -136.94137271854544 -0.15153836850782912 -0.0675268251899066 2.1860526775230555 -1.0058853182315959 1.9993684612466973 -2.9210351672894954 -6.805994430498619 -45.177325162892494 55.906316093514526 4630.4532408970845 -4218.767589607333 1.5307338228703573 1.6664652953342833 0.6664652953342833 2.3217841499869816 2.3217841499869816
0.140412127272 58.830641177299626 717136.4833166752 16259.724579091137 6001.7037207850935 2555.0999348207306 0.35780928656601085 0.47727266038124483 0.5305180800086763 58.830641177299626 0.5963488109433515 128.926240861939 2.126866890952028 0.0 583.4740459412991 119.01172994707653 0.12268067785978526 -82.16643400989602 2.134579676910123 6425.300059930215 -131.91469941974097 -0.15088476360326025 -0.06869568702683222 2.14764337789692 -0.9945600569941311 1.9613723963115341 -2.8724529113720934 -6.55308198251297 -43.19518342733197 52.809903810334916 4278.703331989584 -3796.9136619208057 1.5512945669535685 1.6745737705518682 0.6745737705518682 2.2709225814952196 2.2709225814952196
0.143880306815 56.05652015329086 570026.0386274768 14221.605875221065 5418.842923174105 2357.466221370092 0.3235074935500826 0.45244357309250877 0.5261598016128601 56.05652015329086 0.5391791559168044 123.70369207175747 2.0653389575296646 0.0 515.489674686853 124.54711659355917 0.12457772728676113 -79.45067980765927 2.0727150900029208 6058.937315872069 -126.50757506647386 -0.14996830636676795 -0.06983634503080247 2.100786709592834 -0.9689660877248918 1.9164462218939684 -2.8265744926932035 -6.306866266327105 -40.750028992487486 49.71147378044953 3936.6631881903104 -3410.1373366843145 1.5616075536760297 1.6698704535000437 0.6698704535000438 2.2090496094168484 2.2090496094168484
0.147434150394 53.522399960967206 452992.2318971362 12346.560417330656 4885.931999888235 2182.5350150652157 0.2908407252584462 0.42427361985398887 0.5119551178111662 53.522399960967206 0.4847345420974103 118.15740145998214 1.9966896599085766 0.0 450.1009117284998 128.4318264606474 0.1265977442255278 -76.80896614686512 2.0035210274119057 5646.688314597071 -120.7815203835539 -0.14883217628849008 -0.07094596575791881 2.0461890112684613 -0.9295108574158858 1.8652893496766383 -2.7833228420549876 -6.068984989552172 -37.9035692471366 46.6362833572681 3606.4772160664625 -3056.5877553730356 1.561454469171051 1.6524258218870767 0.6524258218870765 2.1371603639844867 2.1371603639844867
0.151075773909 51.207192206966134 360284.9406576624 10630.941476639253 4399.818068901428 2027.4657521980464 0.26026926338980044 0.3932597183866316 0.48832639139281037 51.207192206966134 0.4337821056496674 112.3563714241657 1.9221084970424778 0.0 388.4485965295828 130.66241259537088 0.1287454484006325 -74.23953016579063 1.928222778242486 5213.748849824942 -114.80727452209294 -0.1475283017858514 -0.07202248658360376 1.9847429205724292 -0.8770836223057711 1.808759075738308 -2.742597306480065 -5.841040364185231 -34.72670399211708 43.60939362557686 3290.1151332405384 -2734.4382072115895 1.5509608149227616 1.622772236558674 0.6227722365586741 2.0565543422083414 2.0565543422083414
0.154807345524 49.09049218095802 287136.4070144497 9070.040067019298 3957.422723097212 1889.7204607977706 0.23214245519549556 0.35997546681548315 0.45603073337441363 49.09049218095802 0.3869040919924926 106.3759820984489 1.8429348253669062 0.0 331.437408977134 131.28161016048452 0.1310246165421829 -71.74066913920745 1.8482087449212403 4778.588989375457 -108.66189003080066 -0.1461153889606019 -0.0730646991163702 1.9174919977137894 -0.8130141307257844 1.7478360757688363 -2.7042749972942235 -5.624540628400016 -31.29668026319318 40.65486176011838 2989.3047748054814 -2441.882351780526 1.530587905721297 1.581876704421937 0.5818767044219371 1.9687807964144297 1.9687807964144297
0.158631086959 47.152658810667816 229622.53158606173 7658.242156585641 3555.7521317926567 1767.0366836515973 0.2066921639590914 0.325045975025819 0.4161137756735365 47.152658810667816 0.344486939931819 100.29476737921446 1.7606007156053554 0.0 279.70366931606094 130.37377068244888 0.13343800908523318 -69.31073897163671 1.7649679494947885 4354.2308033880245 -102.42544419536483 -0.14465637782035387 -0.07407230182083621 1.8455877476930969 -0.7389996434875776 1.6835835283883065 -2.6682127363588215 -5.420837853674986 -27.693867370053134 37.794981657109815 2705.477070608146 -2177.1318037086717 1.5011008077612777 1.5310814402660011 0.5310814402660011 1.87556838019782 1.87556838019782
0.162549274806 45.37488722840702 184537.5549173526 6389.179267868805 3191.9061036513313 1657.4019771683345 0.18403592743869354 0.28912023256352826 0.3698435872690354 45.37488722840702 0.30672654573115593 94.19107968180691 1.6765701330001912 0.0 233.60685042281844 128.05972618623758 0.13598732221725648 -66.94815255575021 1.6800230798073605 3949.4204037370396 -96.17763973561506 -0.143215507745368 -0.07504591951162172 1.7702424238141956 -0.6570075628139381 1.6171031130512565 -2.634249524279457 -5.231066464437788 -23.998420715427063 35.049623157668876 2439.7264763233657 -1938.4154218149388 1.4635158780830395 1.472018562745792 0.4720185627457921 1.7787451084769481 1.7787451084769481
0.166564241894 43.73927342981545 149281.97143875275 5255.871466688261 2863.08612580356 1559.030203609895 0.16418842303631206 0.25284331187996345 0.318631918197975 43.73927342981545 0.2736473717271868 88.13991883250971 1.5922792899251617 0.0 193.24344737412216 124.49043230811135 0.1386731660480035 -64.65137797721553 1.594864883941944 3569.638131343203 -89.99457395462018 -0.1418552533903775 -0.07598708994511451 1.692681294218255 -0.5691636678726913 1.549491323885379 -2.602209425356327 -5.056088318088846 -20.28710765931579 32.435710301200054 2192.788807039782 -1723.980508651004 1.4190339224910682 1.406508226692745 0.40650822669274495 1.6801555984199317 1.6801555984199317
0.170678378669 42.228870614260934 121763.30306593081 4250.86256997255 2566.6023222840445 1470.3397528084583 0.14707894914294964 0.2168306285258094 0.26395110169742886 42.228870614260934 0.24513158190491607 82.2101664448458 1.5090826836023448 0.0 158.47930184950266 119.83779368934437 0.14149506805353956 -62.418936591861254 1.510893294399045 3217.930845904875 -83.94592779376376 -0.14063344535110517 -0.0768982201659278 1.614097947011367 -0.4776371798477819 1.4817993542186518 -2.571904744522396 -4.896450940369924 -16.630540261532587 29.966865105041894 1965.037026336512 -1532.0960342287465 1.3689663651064508 1.3364509954812451 0.33645099548124524 1.5815825773861611 1.5815825773861611
0.174894134622 40.82773685282925 100309.17331878592 3366.346461102385 2299.8793042316056 1389.9337475405648 0.13257221363228539 0.18164605689258612 0.20725462475050935 40.82773685282925 0.22095368938714233 76.46240639059839 1.4282083141376516 0.0 128.994661210926 114.28629844642111 0.1444514995919491 -60.2494009545867 1.4293693838192327 2895.5739494258696 -78.09275914521942 -0.13960089447306817 -0.07778251732127688 1.5356155857212246 -0.38453316692147804 1.414999142511891 -2.543139361406557 -4.7523649847290335 -13.090993205903695 27.65322742748063 1756.4938244622242 -1361.0576630966757 1.3146618963340824 1.2637248556416978 0.2637248556416979 1.48467854502884 1.48467854502884
0.179214019747 39.520973851891185 83591.97586216682 2594.2841583204995 2060.460928740508 1316.5822152860767 0.12048978578090593 0.14778515888714142 0.14990807785156474 39.520973851891185 0.2008163096348432 70.9474349935308 1.3507243874864079 0.0 104.33540748402068 108.02488428049163 0.1475399221369336 -58.14139261792648 1.351380707845181 2602.583613639053 -72.4860082213759 -0.13879978076539945 -0.0786439000693565 1.45825644449155 -0.29180088665562814 1.3499573599056398 -2.515712088391701 -4.623704898787605 -9.720910704661804 25.50144589248175 1566.8586994014256 -1209.194297242615 1.2574401348567068 1.1900955984438595 0.1900955984438594 1.3909119080787027 1.3909119080787027
0.183640606035 38.294756650437826 70564.31295713421 1926.5118553384127 1846.0139524330702 1249.2061440869738 0.1106300108889306 0.11566416786717403 0.09313517172123031 38.294756650437826 0.184383351481551 65.7054836504273 1.2775185232027813 0.0 83.96456631119631 101.23780909211004 0.15075684913815066 -56.093579802763465 1.277820945435576 2338.104809486295 -67.16574250227538 -0.13826294927836824 -0.07948689744400465 1.3829204812553662 -0.20116387474236255 1.2874182115892188 -2.4894199297568496 -4.510033304347612 -6.562129395164302 23.514821580336918 1395.5464870428607 -1074.8757989993132 1.198537129773815 1.1171466724275878 0.1171466724275877 1.3015300239091387 1.3015300239091387
0.188176529004 37.13635420850475 60404.300023996075 1354.8384150547454 1654.3306107517628 1186.8632900356301 0.10278486190484541 0.0856146465917363 0.03798090071519858 37.13635420850475 0.17130810317474235 60.76610654208933 1.2092890038899409 0.0 67.30914214113695 94.09970503399086 0.15409791908519857 -54.104674949951814 1.2093829820045066 2100.700306667558 -62.161082483506526 -0.13801410339932718 -0.08031654205064943 1.3103733458611944 -0.11407405213104531 1.2279948597281611 -2.4640611375920525 -4.4106456458963335 -3.645761887658378 21.693576598486985 1241.7334393454096 -956.5212375953206 1.1390652426864518 1.0462312296373513 0.04623122963735127 1.2175393328120936 1.2175393328120936
0.19282448927 36.03414091407902 52469.78339757898 871.1335106586189 1483.3301587021556 1128.735564292195 0.09675293610396368 0.05788336556965541 -0.014707981851082297 36.03414091407902 0.16125489350660616 56.14863320745833 1.1465469116555238 0.0 53.79895468042734 86.7703504988179 0.15755797535710575 -52.17343216097893 1.1465637438436682 1888.5640174404282 -57.49070928381649 -0.1380687414420233 -0.08113826392336199 1.2412429672826448 -0.03168965839224522 1.1721687331800696 -2.439437982530133 -4.324628386382677 -0.9926487364548846 20.03521430875338 1104.4074749512529 -852.6073545861541 1.0799880737760386 0.9784465997966514 -0.02155340020334867 1.1397014933032574 1.1397014933032574
0.197587254155 34.9775991503223 46260.49504291307 467.4060136663488 1331.0594087112038 1074.1178042478857 0.0923484536298189 0.03263650494046372 -0.06428695736166418 34.9775991503223 0.1539140893830315 51.863054579232795 1.0896271320213673 0.0 42.896067443510894 79.39022870281612 0.1611311487834997 -50.298644542648205 1.0896782139141488 1699.6776683919986 -53.163812570858966 -0.13843558367564548 -0.08195779037077135 1.1760233651381962 0.04512573958148577 1.1202953434263558 -2.4153591826580034 -4.250922382190796 1.3857543539800323 18.53493677531121 982.419185403734 -761.6767381441925 1.0221092757551646 0.914628899659325 -0.08537110034067492 1.0685429890423566 1.0685429890423566
0.202467659333 33.95731315106612 41387.17804517788 135.87200394123965 1195.6923255144982 1022.4077219465971 0.08940661204705455 0.009967061160484118 -0.11030521526863461 33.95731315106612 0.14901102007842426 47.91120090178479 1.0387058048097897 0.0 34.11450236254013 72.08005190527855 0.16481093940683703 -48.47914146945335 1.038879752911544 1531.925515080272 -49.181324080773365 -0.13911821007966949 -0.0827810559101163 1.115083923663466 0.11578748287681054 1.0726149189854373 -2.3916419583226056 -4.188383538683245 3.4862009273632353 17.186087189470324 874.530641646634 -682.3452109035997 0.9660729035850418 0.855363885536374 -0.14463611446362604 1.0043749056147981 1.0043749056147981
0.207468610519 32.96495445201628 37546.742583702064 -130.98630553880662 1075.5287388507286 973.09682333867 0.08778594604395079 -0.010095575979484447 -0.15248786668618883 32.96495445201628 0.14630991007325134 44.28807696202712 0.9938220433870626 0.0 27.031191329901095 64.93969023556858 0.16859029462687686 -46.713785777465965 0.9941842399019226 1383.1785734652137 -45.53730376204062 -0.14011666578128987 -0.08361412509522637 1.0586824873460217 0.17996183000486615 1.0292663192698817 -2.3681137024509895 -4.135834898430973 5.3123169138563116 15.980589642614019 779.4601181058616 -613.308272982969 0.9123725772727703 0.8010098269888027 -0.19899017301119726 0.9473197370620542 0.9473197370620542
0.212593085198 31.993259338799156 34502.55966543374 -340.3711242959173 968.9922397189852 925.7621036790889 0.08736846261435074 -0.02757493984765972 -0.19071240353457825 31.993259338799156 0.14561410435725125 40.98323880250701 0.954901700822673 0.0 21.289775189320384 58.04845974936174 0.17246168166157136 -45.00147090906821 0.9554956583725474 1251.3561473680381 -42.220355231845836 -0.14142886962651824 -0.084463129807365 1.0069806207700625 0.23753057051611698 0.9903026688698571 -2.344613274728935 -4.092107157639575 6.873222834861948 14.909364574499685 695.921165753392 -553.3462819984626 0.8613665164128113 0.7517278607405924 -0.24827213925940755 0.8973419650978436 0.8973419650978436
0.217844134403 31.035998761843686 32069.062163679304 -499.12856819316926 874.6273397433766 880.0583433018268 0.08805830718909947 -0.04253654646808914 -0.22498241020923435 31.035998761843686 0.1467638453151658 37.982121467051314 0.9217814351059315 0.0 16.59899572783686 51.46679432452472 0.1764171529972159 -43.34111802412432 0.922631356492416 1134.4702965288484 -39.214980818212624 -0.143051749857211 -0.08533422152388435 0.9600597233679722 0.28855233354212956 0.9557074864202653 -2.3209919420620997 -4.056067290280178 8.182204496191869 13.96270456672592 622.6552945030918 -501.3282597222566 0.8132958780528065 0.7075159269179777 -0.2924840730820223 0.8542797722331436 0.8542797722331436
0.223224884523 30.08794126581846 30099.894525106534 -613.7166770925363 791.0959674817072 835.7108536308376 0.08977961154812088 -0.055077363877665646 -0.25540097387351013 30.08794126581846 0.1496326859135348 35.26725389495094 0.8942317120400247 0.0 12.727470629540422 45.238028875302085 0.18044840414417201 -41.73167310580596 0.8953456850968917 1030.6571246817045 -36.502813643594536 -0.14498210339283735 -0.08623353823341592 0.9179369804226177 0.333223898839087 0.9254103552569324 -2.297113997907256 -4.026636834086401 9.255496296297824 13.130601143554586 558.45802474411 -456.21426246144046 0.7683042945090829 0.6682431158071334 -0.3317568841928666 0.8178758017206682 0.8178758017206682
0.22873853917 29.14480953192892 28478.932267918575 -690.1813649130335 717.1733835621714 792.5085516335198 0.09247403062318857 -0.06531614360726114 -0.28214554968011896 29.14480953192892 0.15412338437198095 32.81932212783388 0.871977834691862 0.0 9.496387290458035 39.39041167188737 0.18454682362957175 -40.17210407096762 0.8733512141707024 938.1976744328579 -34.06369116178753 -0.14721722077223862 -0.08716718507204198 0.880580453331204 0.37184386306285144 0.8993014922051079 -2.272857098815082 -4.002802298005025 10.111215207185111 12.403018401820303 502.19852027694856 -417.0563393032862 0.726457068959223 0.6336821466996365 -0.3663178533003635 0.7878055310716174 0.7878055310716174
0.234388381088 28.203231194417135 27113.574655004795 -734.1398977952582 651.7435996414741 750.2972718674254 0.09609832264308701 -0.07338490275674804 -0.30544544707882826 28.203231194417135 0.1601638710718117 30.618063125955995 0.8547184239929834 0.0 6.771352471134481 33.939423046379844 0.18870353557520786 -38.66139791491284 0.856337078725716 855.5304245495823 -31.876553761689394 -0.1497553362539254 -0.08814122736369219 0.8479228448533227 0.40478021359430527 0.8772447967375058 -2.248112359430071 -3.9836202071949383 10.768464360418385 11.770113383594797 452.8332641400993 -382.9981223149708 0.6877589737815111 0.6035384655111916 -0.3964615344888084 0.7637023365830032 0.7637023365830033
0.240177774101 27.260684635079365 25929.797950317006 -750.7713016208055 593.7943806009097 708.9732553600795 0.1006221945170322 -0.07942168085446649 -0.3255625419240473 27.260684635079365 0.167703657528387 28.64298736111452 0.8421411156043397 0.0 4.454249551962878 28.8902098288495 0.19290943557536752 -37.19855791407278 0.8439843372311597 781.2569803535098 -29.920168805806 -0.15259596110322482 -0.08916169455550116 0.8198737031959343 0.4324425937099419 0.8590891884175583 -2.2227842471848924 -3.968218873998276 11.24660798226505 11.222406075488466 409.4144550089955 -353.27315496813736 0.6521700456675473 0.5774751754226025 -0.4225248245773975 0.7451788329509923 0.7451788329512706
0.246110165121 26.315440483265448 24868.53678463779 -744.8128958020651 542.4119125512412 668.4767824599578 0.10602652422823355 -0.08356455848711691 -0.3427753510502355 26.315440483265448 0.1767108737137226 26.873939933356272 0.8339355226634871 0.0 2.4757120990308903 24.23932931057174 0.1971552208491109 -35.782600902965086 0.8359784893731967 714.1423369391971 -28.1736929380831 -0.1557401450452153 -0.09023459350753611 0.796330016268885 0.45525940200411236 0.8446782275524122 -2.1967903157218625 -3.955798331023788 11.56470629590577 10.750903857436668 371.0939370103182 -327.2021188040629 0.6196191425551624 0.5551336213124903 -0.44486637868750967 0.7318444950271814 0.7318444950680472
0.252189086199 25.366499590746873 23883.038436942345 -720.5626437648737 496.7752168129706 628.7859429394045 0.11230199600440208 -0.08594689319823665 -0.35736642341001046 25.366499590746873 0.18716999334067014 25.291516887483468 0.8298035699306596 0.0 0.7885395941482946 19.976776528132998 0.2014314157828731 -34.41255465506134 0.8320193326579237 653.1107766238922 -26.617087349738178 -0.15919069625871832 -0.09136592964423881 0.7771851874158551 0.4736596373347923 0.8338580510488811 -2.1700608133287704 -3.9456292787138203 11.741096584036988 10.34718628703369 337.1233860086318 -304.1890656747048 0.5900151940751849 0.5361496862233768 -0.46385031377662317 0.7233196796145162 0.7233196807866225
0.258418156629 24.41352824610638 22936.905309843965 -681.8864809250354 456.1503860060811 589.9105572572696 0.11944813362844997 -0.0866936274325296 -0.36961270337369534 24.41352824610638 0.1990802227140833 23.877356953909462 0.829467519340388 0.0 -0.6378397307496152 16.087892378967055 0.2057283940671151 -33.08745538752218 0.8318285271686602 597.2384462015613 -25.231408258921903 -0.1629523775102298 -0.09256173463310445 0.7623365327364654 0.48805898082251525 0.826483800931505 -2.1425381982345177 -3.9370514538359895 11.793098582436272 10.00345648891074 306.851559089301 -283.71684554955345 0.563256310022382 0.5201662443811428 -0.4798337556188572 0.7192464678929786 0.7192464800080345
0.264801085097 23.456791410957578 22002.60409608766 -632.2299543183085 419.8847145415792 551.8862805382922 0.12747268801052403 -0.08591850938498392 -0.3797784475377777 23.456791410957578 0.21245448001754005 22.614329936150234 0.8326760324797624 0.0 -1.821835036987501 12.554510921471339 0.2100363986627473 -31.80634541491458 0.8351552435920924 545.7433766998356 -23.998994290136352 -0.1670320870268948 -0.09382809941930711 0.7516914673123277 0.4988495113008199 0.8224247445023689 -2.1141765887306905 -3.9294715512995846 11.736822676077816 9.712565305219936 279.7193182906625 -265.3418995215492 0.5392369872947876 0.5068423118216188 -0.4931576881783813 0.7192967976050586 0.7192968617845243
0.271341671899 22.4970847391707 21060.27560223834 -574.6335999061829 387.40079165655993 514.768932573757 0.13639132267475432 -0.08372206880761716 -0.3881102605721186 22.4970847391707 0.22731887112459054 21.48664221259141 0.839208610552472 0.0 -2.773148797672588 9.356102085111795 0.21434556083248796 -30.568270967457032 0.8417802497189011 497.97360599633595 -22.90357070032031 -0.17143902790831644 -0.09517121165711608 0.745172557949368 0.5063924338166477 0.8215682883168349 -2.0849411714283 -3.922360707272525 11.587060974409246 9.468013925918116 255.2530430824056 -248.68857347317453 0.5178536868247775 0.49585945640927453 -0.5041405435907255 0.7231783519488314 0.7231785675717077
0.278043811195 21.535666144040725 20096.72656513437 -511.7515723360995 358.1906203798754 478.6291056532457 0.14622753945943487 -0.08019020881068976 -0.39483385581551034 21.535666144040725 0.24371256576572478 20.479877936158918 0.8488787099502145 0.0 -3.495379340452621 6.471073278894365 0.21864591939884997 -29.37228020374114 0.8515187380233802 453.3941024315668 -21.930287482744085 -0.17618486806356246 -0.09659739674440072 0.7427216060192672 0.5110132618013573 0.8238230668163289 -2.05480758753127 -3.9152515284738376 11.357244249470895 9.263940087967137 233.05694501273607 -233.4430917644124 0.49900904025354237 0.48692597725467146 -0.5130740227453285 0.7306386138289409 0.7306391393116721
0.284911493332 20.574187628050403 19104.52373513542 -445.87264378248835 331.8098195591112 443.5471042981167 0.15701279133273185 -0.07539322872280696 -0.40015205098806267 20.574187628050403 0.2616879855545531 19.580992086867482 0.8615359345664904 0.0 -3.987903365775023 3.87728808507671 0.22292744136221673 -28.21742142854483 0.8642222913051782 411.5732783337034 -21.06571048800562 -0.1812838926222373 -0.09811316187453588 0.7443030052632407 0.5129987479639097 0.829121361885864 -2.0237613126386567 -3.9077346755651905 11.059445616104405 9.095092218692466 212.80480187798787 -219.34737889042964 0.48261501970868753 0.4797794863630934 -0.5202205136369066 0.741467627689774 0.741468641741227
0.291948807217 19.6146280772198 18081.14117648445 -378.94322907623484 307.87195866678104 409.6082710385501 0.16878673227930102 -0.0693851764971875 -0.4042436992964182 19.6146280772198 0.2813112204655017 18.778268984320178 0.8770675211690835 0.0 -4.247138942647425 1.5526798476580645 0.22718004492164692 -27.102741538606743 0.8797801967607474 372.1695982617201 -20.297776934944622 -0.18675315041991264 -0.099725242642488 0.7499065068389676 0.5125951421227934 0.8374209911601953 -1.9917970430143814 -3.8994550305559788 10.704419634218102 8.956795170503762 194.23144166769242 -206.1928340942474 0.4685952863734659 0.47418828036656624 -0.5258117196334338 0.7554997792455194 0.7555014226639986
0.299159942755 18.659227667117676 17028.136312658586 -312.59186502767216 286.04307236625914 376.89874755840054 0.18159756610908184 -0.06220341677692283 -0.40726324633254235 18.659227667117676 0.30266261018180307 18.061257327639183 0.8953993638492608 0.0 -4.267369865370825 -0.5240912602374636 0.2313936258835371 -26.02728470858792 0.898120346106297 334.9187715742591 -19.615726582779708 -0.19261259783036866 -0.10144065188013218 0.7595495532217066 0.5100073327715458 0.8487068278388923 -1.958918098129838 -3.8901075377679266 10.301665663576136 8.844910503218573 177.12428350574328 -193.81418584164894 0.45688694303990346 0.469951902608267 -0.530048097391733 0.7726149366130024 0.7726172653735527
0.306549193341 17.710424484215732 15950.346764408072 -248.1545235058819 266.03639089444266 345.50171354118703 0.19550245547277245 -0.053868297995351234 -0.4093405962456286 17.710424484215732 0.3258374257879541 17.42069052773428 0.9164968295423256 0.0 -4.041198961139429 -2.3734898169937275 0.2355580883503856 -24.990091333341958 0.9192099643522933 299.62208471378733 -19.01001907387373 -0.1988852420417314 -0.1032667304750574 0.7732793499886624 0.5053984191057914 0.8629921204788233 -1.925135847146651 -3.879432800824538 9.859505060292769 8.75579364253403 161.31520085915997 -182.08355049105404 0.44744192420070833 0.4669013047888392 -0.5330986952111608 0.7927392984180694 0.7927422653913105
0.314120958417 16.770793912905468 14855.112259365753 -186.7004842157869 247.60731933833222 315.4941361375889 0.2105679589877182 -0.04438287344293913 -0.4105811394846325 16.770793912905468 0.3509465983128637 16.84839909286709 0.9403654588282312 0.0 -3.5597360766628214 -4.014733782415584 0.23966338055548453 -23.990197235138673 0.9430562545811205 266.13647212750567 -18.472241985188937 -0.205597286322634 -0.1052111999720437 0.7911747436139676 0.4988895097893275 0.8803196778115909 -1.8904691651818326 -3.867212544519979 9.385167794469712 8.686249692900192 146.6728451412273 -170.9047602539212 0.4402281453011038 0.4648987995049847 -0.5351012004950153 0.8158460828329006 0.8158495476810967
0.32187974609 15.842991274848401 13751.532496649736 -129.0581902214293 230.5486905725548 286.9440518202741 0.2268704608831078 -0.03373258377444888 -0.41106568377004604 15.842991274848401 0.3781174348051797 16.337220134483772 0.9670517510351336 0.0 -2.812594712566714 -5.465688649750308 0.2436995366270457 -23.026633145146924 0.9697071499917768 234.36730429632235 -17.99501691209023 -0.21277827824153756 -0.1072822167705304 0.813348041879043 0.4905593807200093 0.9007630530797914 -1.8549439235495664 -3.8532650321190918 8.884881265175782 8.633489213453135 133.09559464350048 -160.20805770814493 0.4352306070738633 0.46383813778047644 -0.5361618622195236 0.8419563281140366 0.8419600851149641
0.329830175818 14.92969815153309 12649.775135081416 -75.84086870770625 214.6863111444073 259.90839071655694 0.24449655341515927 -0.021884884660307434 -0.41085019319351174 14.92969815153309 0.40749425569193215 15.880907654597618 0.9966440624984203 0.0 -1.7877459006310246 -6.742645407863311 0.24765672507411857 -22.098424463381207 0.9992521977529012 204.26511311752878 -17.571905300885554 -0.22046126032059546 -0.10948842767528882 0.8399467981736072 0.48044387122629034 0.9244277473355684 -1.8185925172651982 -3.8374405192501606 8.363959681745818 8.595084872567277 120.50518300475795 -149.94519377090856 0.432452542481675 0.46364483529188893 -0.5363551647081111 0.8711398600453224 0.871143672544311
0.337976981161 14.03357274857072 11560.448335374576 -27.47146155133396 199.874813948056 234.4313410908403 0.26354332336505776 -0.008788754979444808 -0.40996511975440736 14.03357274857072 0.4392388722750963 15.474046167083575 1.0292737525206888 0.0 -0.47129519141291354 -7.860312101244646 0.2515253047436448 -21.204591300231513 1.0318237044751184 175.82775642272438 -17.197318603441694 -0.22868292051230796 -0.11183902647371403 0.8711556461456751 0.46853472220657894 0.9514525191156098 -1.7814534319700392 -3.8196168089990334 7.826889505788855 8.568929572932866 108.84108601598685 -140.08498960900084 0.43191677387057875 0.46427702673855276 -0.5357229732614472 0.9035166246081574 0.9035202582118194
0.346325012595 13.157204601684636 10494.05029368901 15.793308123157203 185.99382438568955 210.54323999185425 0.28411847471768925 0.00562591375188592 -0.4084142282812746 13.157204601684636 0.47353079119614877 15.111969305007724 1.0651165629148742 0.0 1.1528247013378263 -8.831806081417927 0.2552958890540573 -20.344148799083626 1.0675981276961293 149.10882460522018 -16.866433159595836 -0.23748373616829652 -0.1143438110295843 0.9071981637267651 0.45477774535652893 0.9820107837018561 -1.7435708521135718 -3.7996949414265098 7.277410580914298 8.55319637536148 98.05566688001882 -130.60937509766325 0.4336673725306163 0.46572697790635553 -0.5342730220936445 0.9392584032451233 0.9392616539721861
0.354879240406 12.303073850789126 9460.505359465113 53.839960716890914 172.9444442941435 188.25996473416944 0.306340202816202 0.021449048179035996 -0.4061727859965156 12.303073850789126 0.51056700469367 14.790684375106274 1.1043942186971543 0.0 3.1031638379911755 -9.668444028130187 0.25895941937547456 -19.516107733396638 1.1067977007605212 124.23042789551207 -16.57511057488901 -0.24690810240494754 -0.11701324014928284 0.948338737539355 0.4390701774302167 1.0163120813509292 -1.7049943115509683 -3.777595050344007 6.718592208851636 8.54630033516531 88.11007324255095 -121.50991564616041 0.43777173284568505 0.46802342371074956 -0.5319765762892504 0.9785909388058635 0.9785936551485089
0.363644757645 11.47351524703405 8468.79215462265 86.67663960788269 160.64605098272895 167.58279005661396 0.33033669849060815 0.03879126232708666 -0.4031848962962639 11.47351524703405 0.5505611641510136 14.506803283689596 1.1473762678547499 0.0 5.401079064826415 -10.379890246880263 0.2625072485021361 -18.719475374110022 1.1496923097102907 101.39271516147275 -16.31982565600528 -0.2570044296601359 -0.11985848911283137 0.99488440285197 0.4212569563940582 1.0546036053347094 -1.6657783876314114 -3.7532523841104326 6.152902102215172 8.546862191079677 78.97087937772643 -112.78483792359098 0.4443232387009564 0.4712350197239702 -0.5287649802760298 1.0217965576994321 1.021798656334438
0.372626783158 10.670686992094879 7526.665227497355 114.41286872372666 149.0334060666444 148.49866727664846 0.35624512208584874 0.057784795726775286 -0.3993598940676827 10.670686992094879 0.5937418701430812 14.257479811602568 1.1943819760753986 0.0 8.071038186071426 -10.974007704975083 0.26593123536853785 -17.953256614524886 1.196601443279239 80.86508293589924 -16.097599782431196 -0.267825189342311 -0.1228915022777753 1.0471864826022415 0.4011258843871636 1.0971716359114287 -1.6259824396828864 -3.7266134833779656 5.582270315471655 8.55367370341654 70.60740650884956 -104.43652571671927 0.4534446124591603 0.4754750180842373 -0.5245249819157627 1.0692171324675233 1.0692186065098577
0.381830664702 9.896544444269173 6640.46784579512 137.24087854160456 138.0540651929314 130.98087491737164 0.38420983263828784 0.07858449485173809 -0.3945675412750825 9.896544444269173 0.640349721063813 14.040352860400695 1.2457821797887307 0.0 11.140856943341403 -11.456884014389543 0.26922385236587526 -17.21645533763887 1.2478961254483272 62.94241197573095 -15.905941064150753 -0.27942687804068184 -0.12612504052027657 1.1056418825326682 0.3784014048913529 1.1443427713060812 -1.5856703926143625 -3.6976324954917166 5.0081467689798345 8.5656643183538 62.98968647325236 -96.46947628187037 0.46529216146885516 0.48090751045134617 -0.5190924895486538 1.1212573695464279 1.1212582864691925
0.39126188212 9.152818672974558 5815.030066110845 155.41849698415757 127.66607637714158 114.98998548353232 0.41437958409689235 0.10136871680430923 -0.38863186502285707 9.152818672974558 0.6906326401614873 13.853494975126434 1.3020007751386302 0.0 14.641860822406056 -11.832734106975517 0.2723783068911146 -16.508076012647432 1.3040005201065 47.863115447345194 -15.742789294759817 -0.2918698592794511 -0.12957272038758036 1.1706937181894077 0.3527369174804566 1.1964846784602556 -1.5449105666352247 -3.6662675901146122 4.431554308002228 8.581868732492941 56.08699202231941 -88.88867768457092 0.4800610780279203 0.4877554491938918 -0.5122445508061082 1.1783881537439944 1.1783886391259166
0.400926050609 8.440999780511367 5053.643553822299 169.25366769795 117.83595336147201 100.47508981614052 0.44690331702506714 0.12634002219430768 -0.38132338330904536 8.440999780511367 0.7448388617084453 13.6953651007899 1.3635154783993997 0.0 18.608869247702845 -12.103790429026253 0.2753886791784763 -15.827125496097878 1.3653928598165292 35.71351883628914 -15.606465228124637 -0.30521802860299 -0.13324904072229732 1.2428308829317207 0.3237054543940865 1.2540060369281814 -1.5037755537125526 -3.6324774467454373 3.8531377147186765 8.601394842428014 49.866870730243996 -81.69837498154376 0.49799202122327535 0.4963107853050486 -0.5036892146949514 1.241149670092235 1.2411498757801365
0.410828924059 7.762324863567657 4358.102458092747 179.09060846744563 108.53690711197414 87.37521936462801 0.4819240566425725 0.1537254582332528 -0.37234943598917525 7.762324863567657 0.8032067610709541 13.564764184802064 1.4308573250817789 0.0 23.079991832088155 -12.270369204472951 0.2782500788620513 -15.172615017826985 1.4326051900855812 26.364512757323137 -15.495623367484896 -0.31953822824030725 -0.1371693910227545 1.3225860024236684 0.29078856696011146 1.3173552081225615 -1.4623421415108522 -3.596217764805719 3.2732094151478055 8.623391484945998 44.294614103751535 -74.90118607042669 0.5193792413527143 0.5069471004004513 -0.4930528995995486 1.3101538671540687 1.3101539305532521
0.420976398483 7.117770439724076 3728.7985258404296 185.29751282718502 99.74731885232794 75.62090724007123 0.5195703040511749 0.1837760742266623 -0.3613425077202687 7.117770439724076 0.8659505067519582 13.46079178463815 1.5046079990316894 0.0 28.096085086041047 -12.330558953790815 0.2809588233081967 -14.54356232385463 1.5062210570149865 19.477311748376195 -15.409204265073178 -0.33489931565182357 -0.1413500339003671 1.4105309107464046 0.25336359266308384 1.3870168775471385 -1.4206912852979092 -3.5574377642275543 2.6917958230090075 8.64701530829626 39.33307266280063 -68.4975132557581 0.5445804039944463 0.5201348952073691 -0.4798651047926309 1.3860854027610592 1.3860854149271282
0.431374515526 6.5080491193450865 3164.8580383369326 188.2558488106186 91.44943643630036 65.13583101096687 0.5599441570968591 0.216765310914958 -0.3478462084806253 6.5080491193450865 0.9332402618280985 13.382801265657776 1.585394053347473 0.0 33.69974453106154 -12.280144244071892 0.28351264127869635 -13.938993949923812 1.5868702480542962 14.577107088046986 -15.346386789645933 -0.35137076122739963 -0.14580805160171287 1.5072686863599924 0.21068922544490518 1.463505855839438 -1.3789081275951887 -3.5160766453833525 2.1086838056612347 8.67139606773259 34.9427670048711 -62.48521958804112 0.5740284245318938 0.536459986193894 -0.463540013806106 1.4697002480696024 1.4697002491851807
0.442029466059 5.93361027017642 2664.3082441039883 188.35110449907828 83.62827476063103 55.83848384994987 0.6031052328811071 0.2529856089107182 -0.33129899187411804 5.93361027017642 1.0051753881351786 13.330350446598818 1.6738763962610606 0.0 39.933682333451834 -12.112702816583218 0.28591090616300247 -13.357947595115125 1.675219029203918 11.156659231329572 -15.30653482576323 -0.36902061420395815 -0.15056124353477415 1.6134207367302782 0.16189002509945122 1.5473567141289561 -1.337082064634142 -3.4720599800160734 1.5234727493679685 8.695599623461236 31.082209029507638 -56.85951332195885 0.6082453485950997 0.5566449317111167 -0.44335506828888327 1.561820319846977 1.5618203198772853
0.452947593871 5.394644387018568 2224.2617457883393 185.96494493364855 76.27070276384329 47.64382533655096 0.6490493372194823 0.29274246497842865 -0.3110157625953175 5.394644387018568 1.0817488953658039 13.30314359523238 1.7707331327704865 0.0 46.838246488497546 -11.818985274749513 0.2881549035960213 -12.799474562847877 1.7719540615244207 8.764119490955053 -15.289135414104244 -0.38791263720401176 -0.15562795808250882 1.7296071322392432 0.10594067877104182 1.6391076871629207 -1.295306856926275 -3.4252960541159028 0.9356352028595349 8.718587958063397 27.708377708649294 -51.61300314120602 0.6478582368734394 0.5815733206332664 -0.4184266793667336 1.663322215999071 1.663322215999167
0.464135399439 4.891090852669272 1841.1082654933996 181.46866964112743 69.36469737193057 40.46486893722034 0.69768072224806 0.3363448487674623 -0.28616807273609857 4.891090852669272 1.1628012037467668 13.300959467692712 1.8766331310106685 0.0 54.44768845097007 -11.387054864353672 0.29024813869440486 -12.26264223842593 1.8777574867774198 7.049480169983 -15.293722406524402 -0.4081023613872305 -0.1610268376279721 1.8564177965814088 0.04165170785522573 1.7392767355600853 -1.253680778798334 -3.375672192688098 0.344592024589625 8.739175658238636 24.777288799945193 -46.73588063051838 0.6936165928346419 0.6123160521880396 -0.38768394781196036 1.7751172559348065 1.7751172559348065
0.475599543806 4.422648756280573 1510.7047395966108 175.2179428643813 62.89874760835499 34.21416959131112 0.748776838283288 0.3840907399420245 -0.2557640420300019 4.422648756280573 1.2479613971388135 13.3235586674192 1.9921973551088117 0.0 62.78513363236257 -10.803138829817216 0.2921966884101507 -11.746536566691319 1.9932703707278987 5.770489236414321 -15.319782351668387 -0.4296317711057764 -0.166776450731035 1.994371841119718 -0.03234106933460137 1.8483273899998764 -1.2123067981450126 -3.3230511862296495 -0.2501945987474219 8.755982575252471 22.24462197291511 -42.21620233022383 0.7464104439809045 0.6501581724363772 -0.3498418275636228 1.8981195695751907 1.8981195695751907
0.487346852538 3.988790414553152 1228.556180112821 167.54847552239679 56.86139005557022 28.80518158414772 0.8019447517011328 0.43624566738003995 -0.21863148241640418 3.988790414553152 1.3365745861685547 13.370561898370992 2.1179431037521503 0.0 71.85550705025567 -10.048872736507457 0.294009604010504 -11.250264498335877 2.119039812300167 4.7738892351716675 -15.366623284382413 -0.4525222848165063 -0.17289478012998644 2.1438609929192376 -0.11757763843157848 1.966620696829597 -1.1712927718816648 -3.267267990776886 -0.8490907952696478 8.767382866141787 20.066317483490103 -38.040207687158805 0.8072864067506832 0.6966218013544183 -0.3033781986455817 2.033196387522973 2.033196387522973
0.499384319795 3.5887772331559713 989.9815958671076 158.77296536049914 51.24086355750314 24.153463937836694 0.8565692111644478 0.49301302838734656 -0.17340691641989325 3.5887772331559713 1.4276153519407464 13.441289239328842 2.254208435520853 0.0 81.63589933101277 -9.104387265127004 0.2956993675905673 -10.772956367893652 2.2554471406708436 3.968850500524608 -15.433217459262842 -0.4767656961595723 -0.1793985301351871 2.3050744929880445 -0.21576140935040888 2.0943510375718977 -1.1307516351560707 -3.2081270965993274 -1.4521339947698646 8.771451423131372 18.199192651005326 -34.1927013657023 0.8774591410472978 0.7534816827037414 -0.24651831729625862 2.1810970346444876 2.1810970346444876
0.511719112494 3.2216775281503525 790.2604927844392 149.1788267882861 46.02485767060948 20.177717366464986 0.9117534850908561 0.5544934447201845 -0.11853824890456188 3.2216775281503525 1.5195891418180936 13.534549061489628 2.4010508929135317 0.0 92.06447699368519 -7.950260632564269 0.29728240363774644 -10.313768171947483 2.4026113821993564 3.3032190466005638 -15.517992877490467 -0.5023127362978582 -0.18630221340198 2.4779008319973013 -0.32872234058252114 2.2314615492970478 -1.0908015507073012 -3.1454008715743944 -2.0588238339685887 8.765909953566492 16.601485734382987 -30.657426196041946 0.9583116901792079 0.8227633201946998 -0.17723667980530022 2.3423524620127933 2.3423524620127933
0.524358574573 2.88638596553423 624.7577746156649 139.0264401457325 41.20035522286693 16.800643964928728 0.9662568817669325 0.6206299611310268 -0.052313985289470066 2.88638596553423 1.610428136278221 13.648365832409716 2.558114150988751 0.0 103.02571204657085 -6.56132575244432 0.29877964291708925 -9.87188371436341 2.560261435726431 2.74651421062258 -15.618541224585936 -0.5290590922727135 -0.19361697563788818 2.661801813925716 -0.4583384008252019 2.3775348344780687 -1.051565975136353 -3.0788298601203743 -2.6678276501021507 8.74807680556263 15.23326096456352 -27.41738310576438 1.0513736776474951 0.9067069688735079 -0.09329303112649212 2.517135105151729 2.517135105151729
0.537310231365 2.5816441758049486 489.02552108521724 128.5486496047809 36.75354648782341 13.949625912354135 1.0184362350854976 0.6911403059074241 0.027072924112057306 2.5816441758049486 1.6973937251424962 13.779637893925972 2.7244666492545537 0.0 114.33346607108226 -4.914303304816739 0.3002171264273551 -9.446516587284314 2.7275803612325182 2.27947577061247 -15.73129659292811 -0.5568289371940304 -0.20134912395269053 2.8556620310175727 -0.6064072945489174 2.531662034769031 -1.0131735698168498 -3.008125930400215 -3.2766540752435827 8.714827212945346 14.056854842156582 -24.45520044238409 1.1582683058750762 1.00768686776808 0.007686867768079919 2.7050805929105763 2.7050805929105763
0.550581794079 2.3060622452214767 378.88158346010283 117.95055773718406 32.669799396853 11.557226661222446 1.066203497401161 0.765433792171824 0.12140324571344463 2.3060622452214767 1.777005829001935 13.923724302264548 2.8984090747153797 0.0 125.7148893496595 -2.991132364689222 0.3016266287039457 -9.036911959479184 2.903017134928076 1.8883820304918446 -15.851131025878281 -0.5853564513813891 -0.20949833720894132 3.0576132339282482 -0.7744401449041447 2.692289233478699 -0.975757877077501 -2.9329793866143237 -3.8812396797847715 8.662573924426884 13.037190265062275 -21.753424584823378 1.2806074049263134 1.1280552547096354 0.1280552547096354 2.9050610837115705 2.9050610837115705
0.564181164393 2.0581406849396666 290.46626121492835 107.40976128412575 28.93368474651479 9.561521761091651 1.1070185096909853 0.8425156891960782 0.23222966533797362 2.0581406849396666 1.8450308494849754 14.073973206813225 3.0772605148229486 0.0 136.7949784414287 -0.7758600411312637 0.30304626202530166 -8.642348145717627 3.08407276944245 4604.684686083362 -15.970885636794316 -0.6142666445493093 -0.21805556876267307 3.2648436927094147 -0.9633547811686182 2.8570499757639682 -0.9394566465056214 -2.8530719550239656 -4.475465536052726 8.58728213078029 12.1420075161708 -19.29475796145752 1.4198128432244392 1.2698823283109415 0.2698823283109415 3.1149131777959167 3.1149131777959167
0.578116439154 1.8362925449145542 220.2786326887966 97.07720776116248 25.529040440122984 7.906271184675023 1.1379418189286326 0.9208880409009715 0.36057813692270346 1.8362925449145542 1.8965696982143876 14.221229342400372 3.257147835137091 0.0 147.08764996566717 1.7375797420035273 0.3045210036340935 -8.262137934455765 3.267080683617815 780.4044931173432 -16.080905148089286 -0.6430577712598505 -0.22700070192843888 3.4734148034813574 -1.1730571047888516 3.022603868767919 -0.9044106776784624 -2.7680972584265926 -5.050669955206928 8.484536616300488 11.342097120762395 -17.062281100565052 1.57684510526697 1.4345697049637183 0.4345697049637183 3.331139403178106 3.331139403178106
0.592395915201 1.6388653264633128 165.19490252133673 87.07835309562371 22.439067392896515 6.54094804762464 1.155776709949645 0.9984602284898869 0.506538715237312 1.6388653264633128 1.9262945165827416 14.353393786157325 3.4328332318200534 0.0 155.99977490263484 4.5402805926256145 0.30610306258240816 -7.895629653381651 3.447009772724417 445.7225299208869 -16.168630383668013 -0.6710890443393458 -0.23630009601712432 3.67811722584671 -1.4019062450502149 3.1845098369374254 -0.870762023092638 -2.677790575768966 -5.595210154517395 8.349682024961039 10.611504119432091 -15.0396262830709 1.7518227092639687 1.6223189730555467 0.6223189730555467 3.548613489638288 3.548613489638288
0.607028094306 1.4641623994797102 122.47139085204448 77.51460723438082 19.646447639799344 5.420641316743713 1.157326753334223 1.072492202098128 0.6687578515747687 1.4641623994797102 1.9288779222237051 14.455156150468245 3.597635773798474 0.0 162.8551648993075 7.60381589236556 0.30785197737619757 -7.542207957479203 3.617339014789222 346.7791759820348 -16.218375553929384 -0.6975788093364856 -0.2459042629777235 3.87241555987169 -1.646096084770055 3.3371779286414336 -0.8386513955094054 -2.581968994160316 -6.094198602289863 8.178057187330909 9.92774243466331 -13.211115165231035 1.9435376376479847 1.8314700889722588 0.8314700889722588 3.760348011195964 3.760348011195964
0.622021688236 1.310463627230607 89.73501070691074 68.46497687262638 17.1334804609641 4.505851491160706 1.1397808013365034 1.139601088833098 0.8438827139453986 1.310463627230607 1.8996346688941723 14.508068116384852 3.743517382839571 0.0 166.9456241703322 10.875319978521695 0.30983431192091737 -7.201294327889556 3.7700701644225103 375.29131290898863 -16.21145288919949 -0.7216196142450682 -0.2557460376402232 4.048542200187235 -1.8990356272161544 3.4739539829640824 -0.8082146428290831 -2.480582055060631 -6.5295765062493025 7.9653388278306085 9.272026292210569 -11.561861083293778 2.148907531293063 2.057774498427177 1.057774498427177 3.9574091673213494 3.9574091673213494
0.637385623935 1.176044940121148 64.96400077091992 59.98792736914842 14.882228224181254 3.7621991790889746 1.1012053791934941 1.1958682511263525 1.0260696259200515 1.176044940121148 1.8353422986558237 14.491159109773932 3.861411924575875 0.0 167.6129750433772 14.272581718637625 0.31212280681817645 -6.872347274393363 3.8959631538896025 6163.885925085059 -16.126857201174786 -0.7422167951082309 -0.26573972307271065 4.197805465912188 -2.150885205098685 3.587395734618959 -0.7795782189675099 -2.3737706991603207 -6.880739227621103 7.707995760583147 8.629537114131459 -10.077851765972563 2.3624631672563643 2.2937480721637713 1.2937480721637713 4.129090370819595 4.129090370819595
0.653129048846 1.0591966278040408 46.461596814076664 52.123323026641046 12.874667492312046 3.16006661069859 1.041076320733767 1.2370781089750094 1.2067271744129588 1.0591966278040408 1.735127201222945 14.382279203933477 3.941854375635904 0.0 164.35806085000746 17.682883454814213 0.31479485599403384 -6.554862237900231 3.985074741921837 0.5163914182079501 -15.942676688056029 -0.7583555731085939 -0.27578176745161026 4.311157454869587 -2.388466495360419 3.6697807029526768 -0.7528536966477274 -2.2619295817259477 -7.125884868429851 7.403829910966113 7.989677353871792 -8.746002145545376 2.5760302536466417 2.5283256140304995 1.5283256140304995 4.263452815253444 4.263452815253444
0.669261336353 0.958240152064865 32.82507773601745 44.894451598597456 11.092840529320014 2.674191654984656 0.9607273021830177 1.2591034242510672 1.3747079025090123 0.958240152064865 1.6012121703050295 14.160255604748912 3.975920072814042 0.0 156.96022764853095 20.96682280846096 0.3179302275560406 -6.248371195792739 4.027655573216295 0.4398168385681276 -15.638316369629496 -0.7690973059084506 -0.28575350258943966 4.3800252627038025 -2.595799243865195 3.7138482596812534 -0.7281315435367015 -2.145764619513785 -7.244180554322973 7.052546445459381 7.346261389458404 -7.554183833069073 2.7788130923987726 2.7470960713548993 1.7470960713548993 4.348308241659929 4.348308241659929
0.685792091361 0.8715433182554755 22.91232789429381 38.310068065566355 9.519003158994146 2.2832329203620416 0.8635575467293244 1.2584152406412736 1.5171337988630906 0.8715433182554755 1.4392625778822075 13.807746676312114 3.956396376745298 0.0 145.57884306543752 23.966608082821995 0.32160804070629906 -5.952441975659664 4.015383937935394 0.7239486572304875 -15.197403247302164 -0.7736984274326414 -0.29552628844585543 4.39733618887086 -2.7554548909220378 3.713711435858807 -0.705474602145132 -2.026335202523106 -7.218626069119393 6.656258816128298 6.6975475598456615 -6.491224170936531 2.958073610988653 2.9333615068863246 1.9333615068863246 4.372624084768532 4.372624084768532
0.702731156017 0.797533680921596 15.807718567246837 32.366425704390515 8.135765494506112 1.9693231055162377 0.7548565874718706 1.232647868208985 1.6209114293949736 0.797533680921596 1.2580943124531176 13.31439495700285 3.8790057418480908 0.0 130.8005531708168 26.52160126449553 0.3259031438005094 -5.666677288142239 3.942789989933197 5.894262877513153 -14.61096387965474 -0.7717370079501091 -0.30496903257440855 4.358583725543107 -2.850731914910166 3.6657976808829167 -0.6849119364758732 -1.9050701145634323 -7.0392164769490675 6.219808945870031 6.046010296119613 -5.54687033528646 3.100489413089989 3.0700956481870527 2.0700956481870527 4.32818996064017 4.32818996064017
0.720088615571 0.7347100982239294 10.788757119281126 27.049258724521763 6.926222510289529 1.7176259910390292 0.6411919589797305 1.1811036948223699 1.6747608640797398 0.7347100982239294 1.0686532649662175 12.679607429473405 3.743414129045957 0.0 113.60227604074268 28.487176350725424 0.33088219094797205 -5.390713493915424 3.8085744649130424 7.382242851725181 -13.880192999606235 -0.7632245722205812 -0.31395752480710104 4.262714935008698 -2.8683590511083485 3.5696180653215803 -0.6664338691061041 -1.783748810379015 -6.705730695311795 5.750784892147576 5.397771409548929 -4.711714594617268 3.19406167004248 3.142576694641014 2.142576694641014 4.211229959607231 4.211229959607231
0.737874804376 0.6816523894086839 7.294603151508458 22.335684988157603 5.874071854116103 1.5159103696390492 0.529451823201243 1.1050629428115155 1.6713223570607858 0.6816523894086839 0.8824197053354049 11.914169342010123 3.5537420623961906 0.0 95.22203619501977 29.754741557916084 0.33659984623848577 -5.124219123627228 3.6164268627811027 7.2454436731721845 -13.01801498656438 -0.7486781811808219 -0.3223844707645613 4.112609701650196 -2.8011234373696476 3.428157096682708 -0.6499890561971121 -1.6644447577042585 -6.229351105232892 5.259160509194994 4.761670959021774 -3.977082486646291 3.230189996314791 3.1411296171524747 2.1411296171524747 4.023549322487879 4.023549322487879
0.756100312044 0.6370290883980992 4.897223373316177 18.19600083009661 4.9637167862695755 1.3541518304554558 0.4257793082816916 1.0077895488264728 1.6087481703081743 0.6370290883980992 0.709632180469486 11.04005359673464 3.3183803507776606 0.0 76.96241204062021 30.26770674822843 0.343095607494037 -4.866893172486957 3.3749993697978202 6.527699259918443 -12.048800639868093 -0.729131666371096 -0.3301687167820318 3.9149909541587107 -2.649666315618756 3.2477414509809344 -0.635484280200337 -1.5494323469530102 -5.632475120428124 4.756561770321729 4.1480479218716715 -3.334894016715141 3.205358773689224 3.063207410410187 2.063207410410187 3.772839590879673 3.772839590879673
0.774775989751 0.5996033235853896 3.2756630946259446 14.595344728659807 4.180352607807193 1.2241706810172872 0.33469905469934536 0.89419790199503 1.491255997471407 0.5996033235853896 0.5578317578322423 10.088235779411802 3.049087755303649 0.0 59.97930031157839 30.0294114054847 0.35039169810027443 -4.618463195135977 3.096936414335202 5.648600145203968 -11.006051158004924 -0.7060739147297601 -0.3372621200146394 3.6797400160033145 -2.4228279154845254 3.0373739134130684 -0.6227872810519961 -1.4410595121072765 -4.9465284507616705 4.255260565039843 3.567390205390012 -2.777516276849936 3.121908258171072 2.914128120129055 1.914128120129055 3.4719598779612975 3.4719598779612975
0.793912956698 0.5682368876102402 2.1936606622750903 11.495210497664255 3.510035480706983 1.1193114841714227 0.2586725403368288 0.7702420635512591 1.328430451837126 0.5682368876102402 0.43112090056138136 9.09491635142375 2.7595513523985074 0.0 45.116109879975795 29.10088806918734 0.3584923208585265 -4.3786832284637995 2.797190792920699 4.7813629818898855 -9.92844857986679 -0.6813126096278489 -0.34365290824429073 3.4187438011856655 -2.1363526446094827 2.80766214231543 -0.611732468289199 -1.3415836907439518 -4.208181660659038 3.7670733837231345 3.0290650142056266 -2.2976300798076092 2.9876229006242845 2.706185951846917 1.706185951846917 3.1373068524082983 3.1373068524082983
0.813522606728 0.5418925902343618 1.4806260219040275 8.854796544810512 2.9397331681382477 1.0341668419810384 0.1981539890462696 0.642168858932498 1.1334804434851518 0.5418925902343618 0.3302566484104493 8.097031082390712 2.463737091895601 0.0 32.82508683575762 27.58932733870568 0.36738433766144146 -4.147331572318251 2.4910728757363048 3.9939521420458948 -8.855149963611101 -0.6567725094801928 -0.34936509897567264 3.1445113817581256 -1.8103062146978772 2.56957291773991 -0.6021288851995978 -1.2529664615717482 -3.4548519297211024 3.302367453783639 2.5403300639107456 -1.888131204897704 2.814254733347676 2.456402546270501 1.456402546270501 2.7866591946809502 2.7866591946809502
0.833616615115 0.5196350115687749 1.0158467403267566 6.632183846231487 2.457357869679285 0.9643453626180984 0.1520402074276748 0.5158046149741772 0.9209877259756905 0.5196350115687749 0.25340034571279135 7.128084290421215 2.174388071688482 0.0 23.18321352518534 25.630551080663704 0.3770391985759355 -3.924208459127076 2.192478113573453 3.3078871152474054 -7.82137197314341 -0.6342526952610903 -0.3544543675692021 2.8688325554026983 -1.465948370867799 2.333266118425869 -0.5937694637764293 -1.1766376029234193 -2.7205259110929143 2.869340418016772 2.105755674467846 -1.5420787784694143 2.6154322096899074 2.183611552557204 1.183611552557204 2.4370118982699953 2.4370118982699953
0.854206945508 0.5006297916270244 0.7156722316051372 4.785341179121853 2.0517819374786743 0.9062814101479313 0.11830297557656747 0.39601450985909115 0.704768576610473 0.5006297916270244 0.19717162596094578 6.215124036458847 1.9019402025714187 0.0 15.978244950339635 23.37001748945469 0.38741576097714664 -3.7091336453724324 1.9126075503783353 2.724374476785515 -6.855137532001873 -0.615191282040337 -0.3590013993926403 2.6017159931776175 -1.122876740236025 2.1072131796621325 -0.5864404983342881 -1.113279640922599 -2.0327242457068424 2.4736588068843686 1.7270861775255544 -1.2526922005945291 2.4045443672166718 1.9056842148440891 0.9056842148440892 2.102855840805035 2.102855840805035
0.875305857062 0.48414160530519984 0.523355240785468 3.2729620174114706 1.712837816003075 0.857082441180121 0.09459383591169895 0.28640436381810425 0.4963151256525295 0.48414160530519984 0.15765639318616492 5.377234042768046 1.6539715188386945 0.0 10.82500073313394 20.946308713327873 0.3984635556052823 -3.5019439569428066 1.6593393909369032 2.236200537192871 -5.975650546643941 -0.6005066584343625 -0.3631040569141596 2.3507628257599475 -0.7970248195408492 1.8977123007215526 -0.5799303789829583 -1.0627227566083683 -1.410983833092767 2.118449273240041 1.403475234270518 -1.0133880204011507 2.1931064325737823 1.637503193202822 0.6375031932028218 1.7951595863889867 1.7951595863889867
0.896925911731 0.4695309802714385 0.4011929598045988 2.0551420296853067 1.4313039454167966 0.81440858466363 0.07868790286781838 0.18926083925068113 0.304004971864005 0.4695309802714385 0.1311465047796973 4.6254605717271655 1.4351514766437024 0.0 7.2752991049210465 18.479512202732277 0.4101260749880987 -3.3024908218462627 1.4372358937150203 1.8330823628112516 -5.193291649925309 -0.5905720129202648 -0.3668696217025186 2.121018947021724 -0.4997229593892397 1.7088076634908522 -0.5740368972570266 -1.0240237991280812 -0.8667770289509644 1.8045666121637687 1.1319721010533026 -0.8178421075286948 1.9898724422420266 1.3899314451858755 0.3899314451858755 1.5210779499655729 1.5210779499655729
0.919079981751 0.4562501192065856 0.3246018011041283 1.0939094571556953 1.1988786232201039 0.7763786303406306 0.0687283036328341 0.10567422399387946 0.13301189978960756 0.4562501192065856 0.11454717272139016 3.963788974454715 1.2475590725109977 0.0 4.899458039531442 16.065117823855697 0.42234375271729885 -3.110637821758644 1.2480104177152058 1.5039942668137642 -4.510836334846651 -0.5853231215095409 -0.37040804498226054 1.9152257598788152 -0.2377002405915414 1.5425274881998476 -0.5685727669767864 -0.995715578282376 -0.40448293480563224 1.5310298376823992 0.9081227511480339 -0.6600612285421175 1.8006785871574251 1.1696905551735775 0.16969055517357748 1.2842377278949677 1.2842377278949677
0.9417812573 0.4438378884410064 0.27777296904737536 0.35362280144649527 1.008143919462041 0.7414966788892459 0.0633020334193529 0.03576780700921869 -0.014296774674851645 0.4438378884410064 0.10550338903225483 3.3906847240220332 1.091206614357403 0.0 3.333276005960972 13.772671017538684 0.4350564278663328 -2.9262582938120154 1.0912133160707804 1.2381501011617901 -3.925303371883448 -0.5844354708143946 -0.37382671908718174 1.7343005670907943 -0.013722634331807457 1.3993022975620908 -0.5633693061915329 -0.9761193927082755 -0.022925685363157644 1.2955199553056618 0.7265711742184495 -0.5344506507093564 1.6287971780585395 0.9798711105582366 -0.02012888944176336 1.0853744995904915 1.0853744995904915
0.965043254356 0.4319141327659486 0.25058410506089884 -0.19874903356233486 0.8525217079190995 0.7085942323045877 0.06140726501435271 -0.021036267073040082 -0.13772098610950048 0.4319141327659486 0.10234544169058785 2.9007728626321585 0.9646244555810873 0.0 2.2954705544979044 11.647773623946007 0.4482052106523925 -2.749233011624579 0.9649357975635922 1.025428745469465 -3.429884489040159 -0.5874886462040623 -0.37722690038361956 1.5778681223675715 0.17246633193405475 1.2784268061711042 -0.5582784478438534 -0.9635981068592243 0.28294662944364407 1.0948576145262106 0.5815843074915548 -0.435868712664565 1.4755226806769837 0.820757890732537 -0.17924210926746303 0.9231033324231248 0.9231033324231248
0.988879822738 0.4201734717685074 0.2364797286501899 -0.5934488734506185 0.7262237528169447 0.6767833046871905 0.06237016829248821 -0.06576501695674705 -0.23854473144830932 0.4201734717685074 0.10395028048748035 2.4863659547931904 0.865405549039171 0.0 1.585203686279456 9.715931480261975 0.46173376028870394 -2.5794479733141653 0.8664161698033803 0.8565804002741001 -3.015606202056704 -0.5940702142199121 -0.38070164445286325 1.4447249587842785 0.3231670036766372 1.1784735180790442 -0.5531733729269578 -0.9566909310894189 0.5205327023468808 0.9254108195132149 0.46746309984669326 -0.35966379952426003 1.3407746782967982 0.6907131080350082 -0.3092868919649919 0.7946633885224885 0.7946633885224885
1.01330515436 0.40837872671375525 0.23107521234057732 -0.8578412024828475 0.6241976138739538 0.6454170579128795 0.06575231895707143 -0.09968452088060265 -0.3189320004118154 0.40837872671375525 0.10958719826178571 2.1386932653270154 0.7906551978499703 0.0 1.0691948134649853 7.987054115839685 0.4755890463840995 -2.4167923208275486 0.7925061359350073 0.7233372040928568 -2.67262214012276 -0.6038183967063869 -0.3843349698205631 1.3332135035745656 0.44186893453046117 1.0976290855581379 -0.547948102871391 -0.9541760578534384 0.6983462385582268 0.7834116833486802 0.3788326225684568 -0.3016927268242072 1.22362630531278 0.5869578715404712 -0.4130421284595288 0.696545069802257 0.696545069802279
1.03833379167 0.396354119200056 0.231281896751107 -1.0163961616079524 0.5420699256355784 0.6140553905520849 0.07127085674285011 -0.12414142647955559 -0.38145629105508666 0.396354119200056 0.11878476123808351 1.8487938739422582 0.7373284701829967 0.0 0.6654837567987687 6.459778488264409 0.4897216939756493 -2.2611564132246116 0.7399987439060038 0.6184657048613279 -2.390958884411141 -0.6164278917018963 -0.3882019238434725 1.2413943275608381 0.5325895161699354 1.0338922065812166 -0.5425163727610232 -0.954921846798735 0.8251193756122049 0.6651818463223251 0.3108231980362805 -0.25832193767769573 1.1226095663227544 0.5061810429785912 -0.49381895702140877 0.6249658105344904 0.6249658798432554
1.06398063633 0.38397837349463365 0.23479192723210413 -1.0907351142752404 0.47608840388671386 0.5824337450454845 0.07873922397106414 -0.1404539731197315 -0.4287706424454243 0.38397837349463365 0.13123203995177357 1.6081034459433259 0.7024613975063494 0.0 0.3280582155572243 5.125194345736646 0.5040860178755427 -2.1124300718346785 0.705839536443019 0.5358065350573618 -2.16126893244539 -0.6316430369239512 -0.3923692473456407 1.167343637799702 0.5994119503508786 0.985298854385587 -0.5368100594457911 -0.9580508661997698 0.909212005589058 0.5672780688515373 0.2591634095762191 -0.2264141623139023 1.0361115978479285 0.44496633613833625 -0.5550336638616638 0.5762020988019086 0.5762160302400102
1.09026095804 0.37117784413318544 0.23979863928396686 -1.0997263673041062 0.42306372794305025 0.5504340983144991 0.08802795303359355 -0.14984441879667498 -0.46339937959793487 0.37117784413318544 0.14671325505598926 1.4087947414568769 0.6833138754580544 0.0 0.034268846837740584 3.9698140750745434 0.5186398428545549 -1.9705010144370672 0.6872481563833228 0.47030448308144757 -1.9750161475209573 -0.6492514894595013 -0.3968963898109465 1.1091873834898713 0.6461946510449058 0.9499865447925073 -0.530777379209093 -0.9627823780327233 0.9582672449488334 0.4865744228252093 0.22020772447261314 -0.20330364838339365 0.9624741284338821 0.4000619241193776 -0.5999380758806224 0.5468422113968995 0.5469849654064688
1.11719040371 0.35791977848992423 0.2448607186579487 -1.0596205342731926 0.38031227473452694 0.5180576423297909 0.09904136117955684 -0.1534028910626485 -0.4876232559607846 0.35791977848992423 0.1650689352992614 1.2439378777570598 0.6774456793384768 0.0 -0.22451521633709903 2.9777747492265947 0.5333441908234363 -1.835253487061829 0.6817762247203918 0.41775077699600544 -1.8246566185691382 -0.6690818010698305 -0.40183669088848284 1.0651958607501604 0.6764119055080898 0.9262666981990608 -0.5243810112288246 -0.9684503316641645 0.9790472001568556 0.4202978639660878 0.19091935753988218 -0.18676305208657468 0.900126925450899 0.3685291788791808 -0.6314708211208192 0.5338925581595053 0.5343447225112608
1.14478500668 0.3442058118569735 0.24884544026762734 -0.984216330898508 0.34560050784714297 0.4853990475926339 0.11170531352005195 -0.1520732790545926 -0.5034299734843568 0.3442058118569735 0.18617552253341993 1.1075390983394442 0.682745549049063 0.0 -0.44932793747592625 2.1324080091387323 0.5481628976206531 -1.7065671063950898 0.6873209520046121 0.37459016418710683 -1.7036716959386133 -0.6910035682609058 -0.4072386025869995 1.0338264462459255 0.6930864527153954 0.9126555188338276 -0.5175962530413564 -0.9744951287456992 0.9773905392021758 0.36603190196934005 0.16882509241705396 -0.1749647408172175 0.8476509237125055 0.34780680607914716 -0.6521931939208528 0.5346338326733019 0.5354596958437406
1.17306119634 0.3300657787326501 0.2509080188424734 -0.8850481711837004 0.3170916818943065 0.45262244508753574 0.12596190477602323 -0.14665338309932932 -0.5125066361852106 0.3300657787326501 0.20993650796003874 0.9945044906950756 0.6974298717748282 0.0 -0.6377168594113153 1.4172732456894541 0.5630622065957291 -1.5843159118059749 0.7020949394669384 0.3379758639805705 -1.6065275675352453 -0.7149280292519895 -0.41314687440096126 1.0137429936720868 0.6987811182911365 0.9078831280352432 -0.5104092742948386 -0.9804570683751044 0.9582454126458337 0.32170009636806174 0.15195473265301915 -0.16643890883075646 0.8038064857120479 0.3357207188954838 -0.6642792811045162 0.5466389861628167 0.5477597574718422
1.20203580789 0.3155519105760336 0.2504808017863896 -0.7715881017126002 0.29329538814761275 0.4199393885408742 0.14176802285751455 -0.13780347642434215 -0.5162566481393004 0.3155519105760336 0.2362800380958576 0.900562387216534 0.7200233899565572 0.0 -0.7861784295195997 0.8167947240839408 0.5780103711078126 -1.4683676318635595 0.7246582149615935 0.30577242007098804 -1.528592336495306 -0.7408078059995039 -0.4196036589128871 1.0038188265833599 0.6956249595103313 0.9108885328768861 -0.5028155059274342 -0.9859688068217137 0.9257441021899668 0.285538085601788 0.13877413003011815 -0.16003045638667113 0.7675387884875022 0.3304622853128977 -0.6695377146871023 0.5679031663850137 0.5691712612001028
1.23172609235 0.30073347585498894 0.24725826167416493 -0.6514554086895208 0.27302034384486884 0.3875890906141774 0.15909581533089182 -0.12605916119643967 -0.5158289735193353 0.30073347585498894 0.26515969221815305 0.8221672850498483 0.7493307186988178 0.0 -0.891463037154062 0.3166284955710952 0.5929772876051486 -1.358583160887326 0.7538939418013704 0.2764564041389935 -1.4660327172567449 -0.7686354773407811 -0.42664952007470275 1.0031291354288736 0.6853568962062854 0.920806246199362 -0.49481818128047206 -0.9907461544336715 0.8832965980642511 0.25606023831524566 0.12811779981140178 -0.1548562035057215 0.7379694432107206 0.33055058285666683 -0.6694494171433332 0.5968679162284252 0.5981334401114072
1.26214972683 0.2856919041704694 0.24117215725945523 -0.5306279728338485 0.25533071830446236 0.3558211925738873 0.17793389551833957 -0.11184577757907059 -0.5121519435362155 0.2856919041704694 0.296556492530566 0.7563997384709328 0.7844045489943504 0.0 -0.9511632341148313 -0.09618163883058435 0.607934172419548 -1.2548162394412117 0.788861219454567 0.24898819942900707 -1.4157053225867369 -0.7984412676775109 -0.43432434224601585 1.0109374025320628 0.669375751127468 0.936948821732511 -0.4864270321858034 -0.9945776636385121 0.8336885804929874 0.2320249442264399 0.11912493940598383 -0.15026367661007312 0.7143809100014968 0.3347887700119132 -0.6652112299880868 0.6323570794732443 0.633503106371136
1.29332482508 0.2705164224441152 0.23235656921723513 -0.4136504795181532 0.23950618634773324 0.32488124960659304 0.1982886868012731 -0.09549269464282405 -0.5059670055785321 0.2705164224441152 0.33048114466878853 0.700870663999024 0.8245141390902564 0.0 -0.963877344039285 -0.43316717779762415 0.6228532893622896 -1.1569133295418315 0.8288038105834682 0.222698932378498 -1.3750517402375984 -0.830290342026927 -0.4426681476282008 1.0266792182218223 0.6487901268115353 0.9587881849574995 -0.4776571347370913 -0.9973138309033737 0.7791754202076053 0.2124010254371804 0.11118103293615403 -0.1457923724089051 0.6961980735530336 0.34222052848782736 -0.6577794715121726 0.673492671406178 0.6744473973883781
1.32526994826 0.25530021803262365 0.22110547833079267 -0.3038352681610477 0.22500580668743472 0.294999013928104 0.22018565254634906 -0.07724651282269131 -0.49785988411909043 0.25530021803262365 0.3669760875772484 0.6536344459701531 0.8691162034581579 0.0 -0.929143389836665 -0.7044789017209419 0.6377077307788872 -1.0647136735077876 0.8731874066931649 0.1972039201611252 -1.3420025972283067 -0.8642801644314385 -0.4517218349112296 1.049945807792783 0.6244644636528862 0.985937623964474 -0.4685278947995019 -0.998856662402213 0.7215677386816943 0.19633666684317175 0.10386615745520915 -0.1411381571933843 0.6829697202155345 0.35208984624105555 -0.6479101537589445 0.7196243200829153 0.7203597986397793
1.35800411598 0.24013713133737108 0.20782679499251275 -0.2034525040927037 0.21143573901594326 0.26637949131824634 0.2436703572589266 -0.057282704953898894 -0.48828802176262953 0.24013713133737108 0.40611726209821103 0.6131126428646512 0.9178292403355814 0.0 -0.84726456541899 -0.9189783520554884 0.6524712520189279 -0.9780495216920482 0.9216555416434098 0.17234146828983654 -1.314892918121636 -0.9005382501325406 -0.4615278543453298 1.0804687021256234 0.5970596119445407 1.0181355059378772 -0.45906216106842024 -0.9991501160556043 0.6623067196260173 0.18313153687067774 0.09691035120493688 -0.13612121577026393 0.6743514400274124 0.36380560202045387 -0.6361943979795461 0.7702796598389035 0.7708033704528672
1.39154681765 0.2251188693867837 0.19299683277083451 -0.11390709475944572 0.1985207397856098 0.23919664635851814 0.26880940528935093 -0.035715517909702496 -0.4776039735613402 0.2251188693867837 0.4480156754822516 0.5780285418805223 0.9704117019209113 0.0 -0.7190988691822863 -1.0843472638869687 0.6671181573179377 -0.8967465126967564 0.973980345476051 0.14813371205039186 -1.2923893183403727 -0.9392205087449954 -0.4721308351190756 1.1181063669868172 0.5670674018479267 1.055231263878206 -0.4492854528425904 -0.9981716880546865 0.6025288824110691 0.17221230380566802 0.0901559360898535 -0.13065777236149506 0.6700906915045656 0.3769113717201701 -0.6230886282798299 0.8251327964461288 0.8254759145424301
1.42591802405 0.21033272217687338 0.1771186056103803 -0.03590051295859398 0.18607931187579638 0.21358954593096044 0.2956913450437036 -0.012606134163349316 -0.46607488339070746 0.21033272217687338 0.49281890840617265 0.5473519458645895 1.0267440250154651 0.0 -0.5458518370151851 -1.2072111182554488 0.6816232335351522 -0.8206241894397426 1.0300498251329178 0.12476577404762904 -1.2734285223726776 -0.9805102712131134 -0.48357818061348257 1.1628331836968702 0.534839355617337 1.0971738579040224 -0.43922529001838173 -0.9959252222078371 0.5431208892749025 0.16311147121714736 0.08352638936759271 -0.12473563954309959 0.6700142752906976 0.3910602881031984 -0.6089397118968016 0.883985458533696 0.8841905906869146
1.46113819924 0.19585975519504084 0.16068637585288273 0.030423606786633473 0.17400232979031485 0.18966066415229424 0.32442763803667357 0.012030805223613938 -0.4538984151129669 0.19585975519504084 0.5407127300611226 0.5202531568875782 1.086814314948156 0.0 -0.3288910463657127 -1.293256712118117 0.6959617278084229 -0.7494966312635363 1.0898579290880022 0.10257542094661164 -1.2571661231247013 -1.024618026741542 -0.49592064645220946 1.2147308994460393 0.5006100459824094 1.144002702797144 -0.4289106135839705 -0.992434898147849 0.48476540628668346 0.15544929904465135 0.07700118093289023 -0.11839351258265719 0.6740181693849168 0.4059944705827857 -0.5940055294172143 0.9467557535144454 0.9468663281775097
1.49722831276 0.18177344491281364 0.1441578438042991 0.08535064532501713 0.16223491926592287 0.16747602763252578 0.35515378874667025 0.038222177166883545 -0.44121558962421475 0.18177344491281364 0.5919229812444504 0.49606497124015664 1.1507073916202357 0.0 -0.06959021139754873 -1.347335580777223 0.7101093643059503 -0.6831731834143682 1.1534941728203014 0.08203508462177758 -1.2429343001213375 -1.0717818602874485 -0.5092129154098114 1.273982526493073 0.4645157240215053 1.1958409555757354 -0.4183712860069672 -0.98774028753295 0.42797917082598225 0.14891850145208224 0.0705959087955577 -0.11170382374685908 0.6820595452486228 0.42152844077755736 -0.5784715592224426 1.0134707093251767 1.0135235861007783
1.53420985209 0.16813871889082363 0.12793441693797022 0.1294829948406489 0.15076133739952127 0.1470668571449106 0.3880307221120183 0.06603272009464257 -0.42812095106674725 0.16813871889082363 0.6467178701866971 0.4742515045766776 1.21859691911995 0.0 0.23079750176364283 -1.3735813135977946 0.7240423949507611 -0.6214592646504276 1.2211361112549481 0.06369663240281173 -1.2302072359495622 -1.1222685676878745 -0.5235141825118418 1.340868623472303 0.42660880320455524 1.2528910379127969 -0.4076376620450764 -0.981892338828093 0.3731443675289578 0.1432713880465365 0.06434704082942717 -0.10475889672234756 0.6941507532856058 0.43753597566869584 -0.5624640243313042 1.084260350399415 1.0842823055701827
1.57210483543 0.15501135854655304 0.11234922446990558 0.16364438088506716 0.1395925772707358 0.12843235881909873 0.42324648572667 0.09556258780287162 -0.41467052447757413 0.15501135854655304 0.70541080954445 0.4543827526302622 1.2907402850668759 0.0 0.5712420910955099 -1.3754795140373397 0.737737678998191 -0.5641572331580029 1.2930445249983114 0.0480750021234748 -1.2185729400043694 -1.1763754261097952 -0.5388887631430566 1.4157658228119983 0.3868688502015445 1.3154322147685673 -0.39674022160680444 -0.9749501467151385 0.320534439868773 0.1383091208406415 0.05830055929764372 -0.09766007501782578 0.7103550132675484 0.45393980016953517 -0.5460601998304648 1.1593524133400506 1.1593601073622937
1.61093582487 0.14243772054086326 0.09766199216462296 0.1887997221314927 0.12875641004216942 0.11154333188350102 0.4610183525118305 0.12694599417785934 -0.4008879425852466 0.14243772054086326 0.7683639208530508 0.43611391594894006 1.3674759782678043 0.0 0.9510133971187584 -1.3559617783359084 0.7511727862783696 -0.5110672915880734 1.3695610768990072 0.03548836248186034 -1.2077103841497028 -1.2344326103896437 -0.555406736716531 1.4991475103426994 0.34521060692685307 1.3838200993628298 -0.38570925731274386 -0.9669783741986296 0.27033528163700155 0.13387278173478434 0.05250385121946853 -0.09050947604304362 0.7307835894896485 0.4707036299965024 -0.5292963700034976 1.2390679446933706 1.2390701360840994
1.65072593974 0.13045473206148644 0.08405955663288536 0.2059895433446312 0.1182895727037756 0.09634628720388205 0.501595391757209 0.16035091957570366 -0.386768907249857 0.13045473206148644 0.8359923195953484 0.4191686504848461 1.4492234123454915 0.0 1.3697493236989224 -1.317484125331804 0.7643261182043609 -0.4619884148864273 1.4511083954569794 0.025929951209728543 -1.1973711723000715 -1.2968062566108576 -0.5731446384065803 1.5915866876191895 0.30148925434300267 1.4584880836788834 -0.3745746103761309 -0.9580452076659232 0.22266245025227954 0.12983597559182206 0.04700025758510913 -0.08340402200841258 0.7555943680238412 0.4878263496096128 -0.5121736503903872 1.3238187330703604 1.3238192151552286
1.69149887045 0.11909011564225472 0.0716606596062948 0.21627739286747893 0.10823181458458944 0.08276780726532577 0.5452615803946216 0.19597963267363688 -0.3722846390876537 0.11909011564225472 0.9087693006577027 0.40332553179175845 1.536484661570049 0.0 1.827501673888029 -1.2620037497829542 0.7771770419265305 -0.41671928185996343 1.5381920683252304 0.019055754975195006 -1.1873644648278887 -1.3639021933312017 -0.5921862119146062 1.6937607299740018 0.2555038584122463 1.5399503729468198 -0.36336544913089425 -0.9482207440845077 0.1775755611165809 0.12609872685452583 0.04182567519125433 -0.0764313508442806 0.7849914293162993 0.5053374805155255 -0.4946625194844745 1.4141067882662655 1.4141068646598063
1.73327889255 0.10836280077822523 0.06052367773265779 0.22070940575130948 0.09862152992036516 0.07071892068180191 0.5923395462127073 0.23407039122993636 -0.3573836435078559 0.10836280077822523 0.987232577021179 0.38840714705861035 1.629848933513323 0.0 2.324779205292648 -1.1912102573304502 0.7897060317167497 -0.37505919702747725 1.6314053744805073 0.014301627500740283 -1.177545481510764 -1.436170387180134 -0.612623236776876 1.806458671146738 0.20699793958805757 1.6288072192449967 -0.35211008532156995 -0.9375757318387838 0.135089447355497 0.12258245994603997 0.037006843721541706 -0.06966734017702488 0.8192260941255594 0.5232948037775225 -0.47670519622247753 1.5105273812802729 1.5105273891895776
1.7760908812 0.09828348186070239 0.050656058444207785 0.22028375128607564 0.08949270798733444 0.060099308856693366 0.6431949801772268 0.2748996895430299 -0.34199325312989903 0.09828348186070239 1.0719916336287114 0.37427130167952904 1.7299983804988124 0.0 2.8626100014306193 -1.1063884913671833 0.8018948129485082 -0.33680898749491206 1.7314353864590288 0.011056422831493554 -1.1678055283654079 -1.5141101329549949 -0.6345564448743122 1.9305901452390317 0.15565933515194516 1.7257514497742132 -0.3408358237746293 -0.9261805767086148 0.09518403583811985 0.11922588375652082 0.03256073895678878 -0.06317481541948927 0.8585985116103203 0.5417822530110915 -0.4582177469889085 1.6137738866567828 1.6137738871221465
1.81996032597 0.08885528518097316 0.042024443159508096 0.21592911722173475 0.0808729833304319 0.050801206882598655 0.6982419476211458 0.3187854144696983 -0.32602048283940466 0.08885528518097316 1.1637365793685763 0.3608039880406957 1.8377160965291717 0.0 3.4425382408850376 -1.008371055562791 0.8137265037154796 -0.3017718631362918 1.8390712973343408 0.008798694129041065 -1.1580639996157966 -1.5982761395327567 -0.6580965417392733 2.067196729649669 0.10111853113624847 1.8315769519291512 -0.329568841798968 -0.9141046054784461 0.05781246899894077 0.11598162816896847 0.028494837374172636 -0.057003240168777516 0.9034601502810928 0.5609086697492063 -0.4390913302507937 1.7246452491180273 1.7246452491307105
1.86491334602 0.08007451034608944 0.034564646845965566 0.2084912732441717 0.07278254076536339 0.04271290150144452 0.7579490649428676 0.3660918585168944 -0.3093500402481866 0.08007451034608944 1.263248441571446 0.3479137145241942 1.9538984013232594 0.0 4.066692997299407 -0.8979841810533585 0.8251857492745939 -0.26975422921362835 1.955217080567842 0.007154213888448913 -1.1482636935296213 -1.6892855311209236 -0.6833653524513854 2.217467106280697 0.04294224651513107 1.9471905305999724 -0.318334093994414 -0.9014154794476997 0.02290601513170687 0.11281350064460599 0.0248080890331728 -0.05118920452336279 0.9542186647092511 0.5808102039692575 -0.41918979603074247 1.8440586455407044 1.844058645540822
1.91097670566 0.07193141749527501 0.02819091935109212 0.19872465638460723 0.06523369969512173 0.03572176857860824 0.8228466990601622 0.41723435938082076 -0.2918446814650828 0.07193141749527501 1.3714111651002703 0.3355269770718939 2.0795664836351877 0.0 4.7378546668612485 -0.7756015788697153 0.8362588460098492 -0.2405664426218781 2.0809036179538944 0.0058880530887415695 -1.138364513341374 -1.7878258964191636 -0.710497108618096 2.3827529351411365 -0.019370032835799078 2.0736239293235657 -0.3071552411372873 -0.8881787436658347 -0.009619327053660642 0.10969426036841122 0.02149199002143979 -0.0457572558660417 1.0113417700408662 0.6016496628420054 -0.3983503371579946 1.9730608279422759 1.973060827942276
1.95817783029 0.0644110326952416 0.022804114246126852 0.18728970826091876 0.0582310225441466 0.02971682169668096 0.8935355806335615 0.4726860854415588 -0.27334289254996036 0.0644110326952416 1.4892259677226025 0.3235846537708848 2.215883075172642 0.0 5.459455628319446 -0.6413509813153684 0.8469338504687363 -0.21402350469072573 2.2173059569914892 0.00486687530031214 -1.128340123708858 -1.8946646661571362 -0.739639902876305 2.5645895045982954 -0.08639431708259383 2.2120499656834682 -0.2960545986864838 -0.8744575388431969 -0.03985908017493445 0.10660381352580431 0.018531982665068343 -0.04072116566452652 1.0753635368756929 0.6236192703992351 -0.37638072960076485 2.112845238121838 2.112845238121838
2.0065448227 0.0574939501099037 0.01829854626340115 0.1747538185205488 0.05177177595823437 0.024590772261458293 0.970696662061894 0.5329859611437803 -0.25365588199440525 0.0574939501099037 1.6178277701031567 0.3120391161602752 2.3641718881087512 0.0 6.235703439005298 -0.49524945804270387 0.8572006706890322 -0.18994568522443167 2.365763488442051 0.0040194135040207656 -1.1181750986538432 -2.010659805470208 -0.7709573356599455 2.764719635858258 -0.15879210037611086 2.3638012526641927 -0.2850531032405781 -0.8603123478981122 -0.06791706553129906 0.10352775657463932 0.015908859514426207 -0.03608534628397281 1.1468918657551013 0.64694428240306 -0.35305571759694 2.2647720525062165 2.2647720525062165
2.05610647982 0.05115711265215152 0.014567494911620535 0.16159488183977913 0.045846656116186164 0.02024162131660288 1.055102903437675 0.598747301336109 -0.2325658539755726 0.05115711265215152 1.758504839062792 0.3008519364002069 2.5259389850872194 0.0 7.071595576137377 -0.3367614216465957 0.8670511375704713 -0.16815907355652193 2.5278022623964405 0.003307374477932447 -1.1078614855622764 -2.136772276865817 -0.8046303843297121 2.9851208026354827 -0.23731949872423846 2.5303912222398175 -0.2741702947406233 -0.8458008766144676 -0.09390153539128687 0.10045620354931704 0.013600039674309995 -0.03184629867743109 1.2266159635726908 0.6718848980320944 -0.3281151019679056 2.4303897370948864 2.4303897370948864
2.10689230987 0.04537455588619633 0.011507385868539048 0.14820754593309118 0.0404406552145841 0.016573818057353404 1.1476328876888513 0.6706702044463514 -0.20981863854714677 0.04537455588619633 1.912721479481419 0.28999205733366396 2.7029028409342724 0.0 7.973027098080332 -0.1654889628340092 0.8764790537738466 -0.14849605464481996 2.7051662563503722 1.5241409376760953 -1.0973988743071175 -2.2740803478575335 -0.8408595338249407 3.2280399982939776 -0.32284586867308607 2.7135419906840497 -0.26342431122144083 -0.8309779478161415 -0.11792487184615585 0.09738284610112044 0.011580879124367373 -0.027994136482124697 1.3153185188125585 0.6987453997800595 -0.30125460021994055 2.6114668792614784 2.6114668792614784
2.15893254993 0.04011810540577524 0.00902077545093572 0.13490993406231788 0.035534005085693814 0.01349903157813419 1.249286673687182 0.7495534028576861 -0.18512084355652259 0.04011810540577524 2.0821444561453033 0.27943436135572647 2.8970236125887805 0.0 8.94695652480188 0.019343004743910163 0.8854802199704833 -0.13079570922031003 2.8998482116794437 0.48687031282264626 -1.0867912237619288 -2.4237960839231802 -0.8798672030215562 3.49603045648403 -0.4163668867136502 2.9152129351755627 -0.25283189655796295 -0.8158954351637957 -0.1401000793778231 0.09430420012727136 0.009825640040759611 -0.024513912897814953 1.4138860003387264 0.7278774024556873 -0.27212259754431267 2.8100218586009906 2.8100218586009906
2.21225818391 0.03535801821427373 0.0070182992171276245 0.12195163302772812 0.0311031428713174 0.01093658619492917 1.3612047251276094 0.8363096412407368 -0.15813372335778397 0.03535801821427373 2.2686745418793492 0.26915850865663665 3.1105408185215655 0.0 10.00143172672278 0.21901857802908284 0.8940524367763888 -0.11490413847533354 3.1141293302418416 0.2746608019141724 -1.0760457890868862 -2.5872846303729555 -0.9219005223406294 3.7919969742068806 -0.51902426225644 3.1376364730610837 -0.24240841716815228 -0.8006022915607224 -0.16053935905083005 0.09121900543887457 0.008308385133172055 -0.021386899360278083 1.5233224323275312 0.759687253873087 -0.240312746126913 3.0283617957524362 3.0283617957524362
2.26690096105 0.031063563562468012 0.00541975670821114 0.1095220387056034 0.027121639141412197 0.008813614437252662 1.4846898220283549 0.9319845973975612 -0.12846359397335227 0.031063563562468012 2.474483036713925 0.2591480398172482 3.3460194427405727 0.0 11.145797282111115 0.43476429093417995 0.9021954833167773 -0.10067471431294539 3.3506280168185785 0.18257224517746065 -1.0651731345870212 -2.766086434048084 -0.9672345162662089 4.119249985345873 -0.6321322879446121 3.383361120750565 -0.23216788728447466 -0.785144552902153 -0.17935386737192305 0.08812774738974738 0.007003719405431536 -0.018591731513259522 1.6447669486319483 0.7946478093968792 -0.20535219060312082 3.269130846110804 3.269130846110804
2.32289341479 0.02720354021693668 0.004154517179243256 0.09775837477067587 0.02356106813701493 0.007064980455215683 1.6212329875335103 1.037777550026762 -0.09565431480498843 0.02720354021693668 2.7020549792225173 0.2493896533787916 3.606400664417529 0.0 12.390873249906761 0.6683089862096503 0.9099110724957951 -0.0879682582974386 3.612354038427347 0.1310226665048624 -1.0541855572732413 -2.9619431611735747 -1.0161757586273956 4.481566715894298 -0.7572035208666894 3.655299742460766 -0.22212300117054593 -0.7695653914342605 -0.19665190754154238 0.08503227620528823 0.005887300735755429 -0.01610536345685842 1.7795117366717808 0.8333074341924274 -0.16669256580757263 3.5353624134149446 3.5353624134149446
2.38026888214 0.02374672930602069 0.003161412368947912 0.08675360946003893 0.020391794546298816 0.005633023861226158 1.7725439773603857 1.1550671308689655 -0.05917523119546253 0.02374672930602069 2.9542399622673097 0.23987263700867595 3.895064731071847 0.0 13.749136843998762 0.9217088628999511 0.9172027845424731 -0.07665315211795853 3.9027759062267835 0.09816498910097922 -1.043096996879881 -3.176827869824621 -1.069066580207035 4.883264981726436 -0.8959838072959082 3.956788312769957 -0.212285170999647 -0.7539051788796078 -0.21253866588231507 0.08193550391016939 0.004936245493478205 -0.013903897975901665 1.929025019459126 0.8763047370446815 -0.12369526295531852 3.830544699311991 3.830544699311991
2.43906152353 0.02066228358146613 0.0023882659468723606 0.07656378022049173 0.017583665913118204 0.004467169701965667 1.9405872821001096 1.2854410957367772 -0.01840835332584234 0.02066228358146613 3.234312136833516 0.23058841326175852 4.215903783507674 0.0 15.234999489257227 1.1973443116038505 0.9240759804470515 -0.06660538367838154 4.225899618988447 0.07553828200088858 -1.0319224010591697 -3.4129802465362733 -1.1262899229371135 5.329289065344838 -1.0504915156224086 4.291654194995127 -0.2026645692565102 -0.7382015655838847 -0.2271154517969033 0.07884116246087652 0.004129380830336382 -0.011963255755654274 2.0949769285113224 0.9243841416007434 -0.07561585839925655 4.15869627843426 4.15869627843426
2.49930634316 0.01792005527771955 0.0017911856539725996 0.06721473765207156 0.01510660515389866 0.003523444998145525 2.1276247033999467 1.4307319474430915 0.027367730021763848 0.01792005527771955 3.546041172333245 0.22153017585647963 4.573408902355009 0.0 16.865085858593034 1.4981074263493062 0.9305376974149587 -0.05770853331136827 4.58636352566319 0.05915794466244008 -1.0206774604995745 -3.6729478349957065 -1.1882749528088101 5.825311499396583 -1.2230653191437273 4.664297311037932 -0.19327017463058602 -0.7224895695993813 -0.24047935758882477 0.07575360979471293 0.0034473931731116504 -0.01025971282613663 2.2792703270633385 0.978415492487068 -0.02158450751293195 4.524456664820313 4.524456664820313
2.56103920983 0.015490865797632319 0.0013337202792972926 0.05870819217647553 0.012931103252069644 0.0027639365819188003 2.3362658057249845 1.5930591324128363 0.07899687836188152 0.015490865797632319 3.8937763428749745 0.21269259570776594 4.9727732212368565 0.0 18.658595266308375 1.8273428105349059 0.9365965286554863 -0.04985370514334164 4.989551785404694 0.046888879280803694 -1.009378319086939 -3.9596343791649335 -1.2555035650659352 6.3778531981052895 -1.4164207651678133 5.079786074160301 -0.18410982049648608 -0.7068016726064446 -0.2527229413371527 0.0726776730738735 0.002872883342004299 -0.00877031314563754 2.4840768552303145 1.0394172430721493 0.03941724307214933 4.933193585947124 4.933193585947124
2.62429687832 0.01334672121230064 0.0009859605908884553 0.051027050835347004 0.011028616157985213 0.0021562191711860562 2.569527841593685 1.7748793182957923 0.13746834940741337 0.01334672121230064 4.282546402656141 0.20407158022344274 5.420014752063555 0.0 20.637716214139054 2.189004899599815 0.9422624903258527 -0.04293940865299817 5.441730943459255 0.03747611016705004 -0.998041370166689 -4.276356640043857 -1.3285179414272243 6.994425824877896 -1.6337179916631661 5.54397129263304 -0.1751902451663553 -0.6911679212425014 -0.26393404027118983 0.0696185205888185 0.002390351041720524 -0.007473173493123484 2.7118794222217555 1.1085844489573295 0.10858444895732955 5.391130851613471 5.391130851613471
2.68911701121 0.011460978088941774 0.0007236425406567409 0.044140044537501436 0.009371872472718054 0.001672777038743918 2.830907065442207 1.9790463783496526 0.20394444752929175 0.011460978088941774 4.718178442403679 0.19566407346073317 5.922122889932971 0.0 22.82812766111247 2.587704435785981 0.9475468780055365 -0.03687139614817525 5.950214774480215 0.030128705873027493 -0.9866830968450486 -4.62691131250144 -1.4079293506494668 7.683700791530996 -1.8786428187618298 6.063621621438831 -0.16651714321666447 -0.6756160302367703 -0.27419567046010307 0.06658155553880647 0.0019861258425621204 -0.0063476956348042166 2.9655223491273173 1.187322516127729 0.187322516127729 5.905500958531408 5.905500958531408
2.75553820139 0.009808464465658844 0.000527293258502686 0.038005672601645446 0.0079351004205319 0.001290437454684925 3.1244638146504777 2.208883068896487 0.2797937610285226 0.009808464465658844 5.207439691084129 0.18746788667627035 6.487233452112652 0.0 25.25959344210683 3.0288466385808808 0.9524621162963295 -0.03156246098030557 6.52356386160177 0.0243204152636623 -0.9753199202369025 -5.015654028735149 -1.4944284224648465 8.45571026075377 -2.15550387190416 6.646584936502999 -0.1580952172654595 -0.6601714871850078 -0.2835859720715893 0.06357232642840895 0.001648260002333576 -0.005374700754673779 3.24827056966964 1.2772877882221865 0.27728778822218647 6.484727479306316 6.484727479306316
2.82359999496 0.008365560931654588 0.00038144567731185526 0.03257551079172479 0.00669418343105486 0.0009898294387551902 3.4549242366958697 2.468266969763884 0.36663143399993636 0.008365560931654588 5.758207061159783 0.1794815523482759 7.124838495159719 0.0 27.966672553848095 3.518755374619045 0.957021603307319 -0.026932202765165947 7.171828377194766 0.019685717302622148 -0.9639680952106993 -5.447592842905492 -1.5887971718266685 9.322086896232795 -2.469349504719831 7.30198117158421 -0.14992822969097605 -0.644857656662388 -0.2921782357831446 0.06059645001070999 0.001366396943773962 -0.0045365006447062595 3.5638798350730116 1.3804367603900962 0.3804367603900962 7.138643821549879 7.138643821549879
2.89334291484 0.007110246752651248 0.0002739361038038415 0.02779693485472587 0.0056267540578225335 0.0007548773174672596 3.8278022142284347 2.761733682897235 0.4663678668406206 0.007110246752651248 6.379670357047392 0.17170419513929436 7.846038223888012 0.0 30.98957068781379 4.064837232577046 0.9612395537229419 -0.022906764152825332 7.906844422742163 0.015961833953700214 -0.9526436080015444 -5.928499118039105 -1.6919231082843105 10.296350379917184 -2.8261085859433925 8.040433170967832 -0.14201905383717556 -0.6296958829027913 -0.30004096094592714 0.05765954372591775 0.001131625733375518 -0.0038169181997393343 3.9166800228697927 1.4990856225118971 0.49908562251189714 7.878755979559289 7.878755979559289
2.96480848483 0.006022115858123929 0.00019529035497227893 0.02361532049043905 0.004712235838815132 0.0005723351676915788 4.249545849146125 3.0946010952403493 0.5812678425398508 0.006022115858123929 7.082576415243542 0.16413541635311046 8.663844257783392 0.0 34.375160185246834 4.675782572177179 0.9651308420529848 -0.019418544985815522 8.742597398709304 0.012954532206557422 -0.9413620902425546 -6.4650393718608505 -1.8048158358933264 11.394250712585498 -3.2327605688909555 8.874343785066495 -0.13436972435294595 -0.6147055900442124 -0.30723795521252706 0.054767165388659375 0.0009363303703562156 -0.0032012687312074897 4.311674297341956 1.6359825906430885 0.6359825906430885 8.71855900588663 8.71855900588663
3.03803925441 0.0050823672845957115 0.00013819785511238547 0.01997578140814842 0.003931842250439367 0.00043136542534061214 4.727713893868239 3.4731193498601445 0.7140224161807085 0.0050823672845957115 7.879523156447065 0.15677518801955354 9.593545572627772 0.0 38.178205816070125 5.361801720744767 0.968710849314191 -0.01640589815372806 9.695669532148202 0.010516985947938208 -0.9301387368521912 -7.064932433462444 -1.9286266364977434 12.634180533701738 -3.69754134308675 9.818229260297972 -0.1269814863583208 -0.5999043794665974 -0.31382845923186586 0.051924758537110906 0.0007740403493023455 -0.0026763118778837026 4.754657377254673 1.7943958969153648 0.7943958969153648 9.673919053362429 9.673919053362429
3.11307882399 0.004273774390020418 9.706890738377326e-05 0.01682450713768034 0.003268541237429584 0.00032316271039330407 5.271188782865151 3.9046523461519107 0.8678366464632825 0.004273774390020418 8.785314638108586 0.14962375539035622 10.65315128457187 0.0 42.462842137834144 6.134910642411336 0.9719953141425525 -0.013812812482594694 10.785793793326574 0.008536171829560516 -0.918988240578031 -7.737137238151862 -2.064671636523666 14.037671662393715 -4.230193182397786 10.889121445747168 -0.11985484322349968 -0.5853081235640866 -0.3198673045313498 0.04913760237225263 0.000639287334565443 -0.002230182470490965 5.252357024285128 1.9782212303746327 0.9782212303746327 10.763535868483219 10.763535868483219
3.18997187094 0.003580636820557913 6.766779930578556e-05 0.014109758662854008 0.002706992979554773 0.00024062220946926289 5.890434516737674 4.397897858423701 1.046536697626486 0.003580636820557913 9.817390861229457 0.14268154554234738 11.863927558855943 0.0 47.304357438731444 7.0092866932130375 0.9750001912219365 -0.01158858636018234 12.036542664857723 0.006923800332266047 -0.9079247147390594 -8.492077808979067 -2.214459291185777 15.629994450449518 -4.842268666849549 12.107054118878663 -0.11298960277286273 -0.5709310555238278 -0.3254050728550495 0.04641076562876746 0.0005274710634158016 -0.0018523071418336085 5.812603589220061 2.1921129582312346 1.1921129582312346 12.009503819460692 12.009503819460692
3.26876417616 0.002988718858699265 4.6813086857618036e-05 0.011782577266202346 0.0022334676970497676 0.00017805070381604997 6.597809686175224 4.963155303660852 1.2547011397274872 0.002988718858699265 10.996349476958708 0.13594908226471175 13.251050616686195 0.0 52.79135019490947 8.001693133687494 0.977741517621338 -0.009687496657341477 13.476189320533837 0.0056100805210917 -0.8969616315492894 -9.341913501982836 -2.3797230851665376 17.440883333455208 -5.547501535244131 13.495652756066567 -0.10638492180989007 -0.5567858556428535 -0.33048827924909374 0.04374906403016143 0.0004347366246949462 -0.0015333123521257092 6.444533856496499 2.441645078494533 1.441645078494533 13.43799455545324 13.43799455545324
3.34950265131 0.0024851774086610007 3.213598864054926e-05 0.009797256087179334 0.0018357493497191731 0.00013091746375143613 7.407948396158888 5.612652319124916 1.4978223444866465 0.0024851774086610007 12.346580660264815 0.129426906048626 14.844403004751461 0.0 59.02835105359651 9.131987716293096 0.980235288596567 -0.008068466393284623 15.138790072217489 0.004539314742705891 -0.886111770911703 -10.300864468051344 -2.5624605555572058 19.50541745342468 -6.362260403484903 15.082851621434138 -0.10003934888227499 -0.5428837328727016 -0.3351595716457163 0.04115702120649511 0.0003578640873794786 -0.001264928196262326 7.158836793159866 2.733509167722117 1.7335091677221168 15.080089827986932 15.080089827986932
3.4322353668 0.002058482505436006 2.1888034057750243e-05 0.008111618726595179 0.0015030302523284622 9.564168571609765e-05 8.338225128601314 6.360943974790715 1.7825049386440863 0.002058482505436006 13.89704188100219 0.12311549975080703 16.679546819646276 0.0 66.13900927538998 10.42377227458109 0.9824973440976965 -0.006694734334502073 17.065551921557734 0.003666710666641752 -0.8753871474176922 -11.385604694864503 -2.764980000468091 21.86509219963513 -7.306104701633524 16.90176780672702 -0.0939508652629959 -0.5292345027841021 -0.3394579102990877 0.03863883312721968 0.00029417066783218523 -0.0010398913626479091 7.9680503186329386 3.0757578730408426 2.0757578730408426 16.97279975404303 16.97279975404303
3.51701158036 0.0016983328693934974 1.4789718341724806e-05 0.006687144751484498 0.001225800759274615 6.941286120507196e-05 9.409323610122172 7.2254024348543995 2.1167111735695237 0.0016983328693934974 15.682206016870287 0.11701521969799861 18.798917190439813 0.0 74.2699788181824 11.90515751589102 0.9845432658760651 -0.0055335298035661395 19.306570529905567 0.002956025211704649 -0.8647989693255091 -12.615737971716928 -2.9899565602847065 24.569127158848072 -8.402468765977709 18.991770004881054 -0.08811692415042033 -0.5158466617642896 -0.34341877775765317 0.03619833620608984 0.00024142529774709448 -0.0008518498902021135 8.886921141977785 3.4781061255180425 2.4781061255180425 19.16031214238833 19.16031214238833
3.60388176639 0.0013955686801476051 9.912754913393803e-06 0.005488975483275131 0.0009957374092706783 5.004038149076671e-05 10.645934892069056 8.22681900060245 2.5100646056809204 0.0013955686801476051 17.743224820115092 0.11112623282477357 21.253289425796012 0.0 83.5956783637728 13.609710589653163 0.9863882862622984 -0.0045557549614070325 21.923050075606568 0.002377790853826806 -0.8543575902626372 -14.014375882967238 -3.240499765095522 27.676066786716273 -9.679505181893077 21.399788729059185 -0.08253448812648065 -0.5027274570681555 -0.34707437823307474 0.03383897929865509 0.0001977748046853472 -0.0006952714925619434 9.932841966601181 3.952304095080489 2.952304095080489 21.69552891519558 21.69552891519558
3.69289764602 0.0011420834144544216 6.589453944781132e-06 0.004485829198768351 0.0008055922380785755 3.582874773670864e-05 12.077616529312307 9.390146492977392 2.9742269780056034 0.0011420834144544216 20.12936088218718 0.10544845997675856 24.103587860192782 0.0 94.32412465066176 15.577642394882254 0.9880472084369805 -0.0037356769278718005 24.99015295130794 0.001907958802038225 -0.8440724606284098 -15.608841743006126 -3.5202351552010933 31.255745101271966 -11.171127427737463 24.181927260841963 -0.07720006493375124 -0.4898829539036731 -0.3504538297968651 0.031563799835861585 0.0001616808155159918 -0.0005653567439308905 11.126384219084787 4.5126002366624824 3.5126002366624824 24.64196111884966 24.64196111884966
3.78411221788 0.0009307362880592368 4.3437064981263e-06 0.0036498501307235262 0.0006490853399970904 2.5474930003413493e-05 13.739853109679853 10.745417544526523 3.5233677142369366 0.0009307362880592368 22.899755182799755 0.09998152602761236 27.42312289703669 0.0 106.7041121290984 17.857239360315287 0.9895343380510344 -0.0030506316140588297 28.600674684140618 0.0015268465587480993 -0.8339520997023508 -17.43153040982101 -3.833403231154812 35.391704559247536 -12.918303298955324 27.405448448205217 -0.07210974165826914 -0.47731809917294243 -0.3535833689153499 0.029375404333366367 0.00013186634850261518 -0.0004579579453387089 12.49194937644778 5.176318383797163 4.176318383797163 28.076073566596918 28.076073566596918
3.87757978966 0.0007552665615037424 2.8389590270433604e-06 0.002956411218853814 0.0005208022348782163 1.7984664900869032e-05 15.67536927359117 12.328883670405327 4.1747499733582565 0.0007552665615037424 26.125615455985283 0.09472471683887299 31.30036542934354 0.0 121.03407516610163 20.50665755434921 0.9908634262017535 -0.002480740698465489 32.86979882234622 0.001218311735915781 -0.8240040658835963 -19.520961640729887 -4.18497981559916 40.1841828174077 -14.970663445365807 31.151232129868557 -0.06725921741295071 -0.4650367823776091 -0.35648654280752157 0.027275953488446476 0.0001072709438927355 -0.000369504094250832 14.058567361422417 5.964578405214105 4.964578405214105 32.09019386119939 32.09019386119939
3.97335601046 0.0006102107176175477 1.8393879333228634e-06 0.002383887067952076 0.0004160971429725306 1.2604771393927372e-05 17.935760322296673 14.184432585785926 4.949464527973657 0.0006102107176175477 29.892933870494456 0.08967694376171276 35.84239839846811 0.0 137.67305405942594 23.59615274209338 0.9920476233062367 -0.0020086429792831595 37.94126103838991 0.0009690967869118703 -0.8142349349948015 -21.923074487525486 -4.580822960777893 45.75381218630122 -17.3885080821253 35.51682412923053 -0.06264383463817015 -0.453041894022006 -0.3591843979935121 0.025267152018603613 8.70132452833519e-05 -0.0002969321385236873 15.860878315806762 6.903199000124069 5.903199000124069 36.79613287061852 36.79613287061852
4.07149790392 0.0004908232920682176 1.1812110030903964e-06 0.0019134102176259753 0.00033100288951395105 8.768874641457865e-06 20.583523598181877 16.36535726528412 5.87335155517675 0.0004908232920682176 34.305872663636464 0.08483671545737326 41.17922421881322 0.0 157.05431094713475 27.210845740186123 0.9930994432273005 -0.0016192410331630214 43.995336359830894 0.00076830469483484 -0.8046502891268816 -24.692822843396367 -5.0278528817941694 52.24621632600849 -20.245318220643927 40.620231164284135 -0.0582586091351132 -0.4413353820115652 -0.36169566608215364 0.023350243343266217 7.035997787931196e-05 -0.00023762447913992497 17.94034366237203 8.023832105736922 7.023832105736922 42.329704769373386 42.329704769373386
4.17206390215 0.0003930019390281172 7.51696456175849e-07 0.0015286210028302963 0.0002621478483645941 6.054241536984581e-06 23.694597169737982 18.93657108192844 6.978162152821753 0.0003930019390281172 39.49099528289664 0.0802021175572694 47.469157435718394 0.0 179.70229057880164 31.454178488728346 0.9940307370209767 -0.0012994637861174496 51.259146445673736 0.0006069762678537016 -0.7952547185096299 -27.89614842167136 -5.5342731225511335 59.83774013930176 -23.6309083235315 46.60465930466389 -0.05409825895763422 -0.4299183059929276 -0.3640369487305847 0.021526009131327836 5.670035061641345e-05 -0.00018935253845166954 20.34674485640512 9.36539288530831 8.36539288530831 48.85638816820495 48.85638816820495
4.27511388053 0.0003132171395512864 4.7395374418086574e-07 0.0012154188785663336 0.00020668008411227646 4.1477361316231325e-06 27.36154287531695 21.977390316004218 8.303026072132418 0.0003132171395512864 45.60257145886158 0.07577079976066657 54.905597530994 0.0 206.2538150776642 36.45225582517171 0.9948526758351804 -0.0010380452965783604 60.01983203112755 0.00047774714950440136 -0.7860518262695853 -31.612428347975403 -6.109843386884413 68.7426153520293 -27.655396261152475 53.64444963884848 -0.050157232282225815 -0.41879089013418946 -0.3662228908388174 0.019794773664049813 4.5525001697377084e-05 -0.0001502261083572959 23.14004389316773 10.975867377455806 9.975867377455806 56.57843883631739 56.57843883631739
4.38070919338 0.0002484468101259474 2.960207546851902e-07 0.000961721113823785 0.00016219865352697584 2.8191896778796303e-06 31.697550554597218 25.585041014705197 9.89631254438605 0.0002484468101259474 52.8292509243287 0.07153997061175502 63.725563468714746 0.0 237.4846493990046 42.359306602701054 0.9955757421367826 -0.0008253199023773305 70.64107857735561 0.00037456798553162486 -0.7770442430710385 -35.93752155314461 -6.766217343505494 79.22195158171326 -32.45421912468862 61.95253856021283 -0.046429734378092856 -0.4079525746750595 -0.36826634849360185 0.018156412882549586 3.640872143229273e-05 -0.00011864813421031848 26.39270065738455 12.914605114359127 11.914605114359127 65.74385603868782 65.74385603868782
4.48891271046 0.00019611594077620587 1.8311008363913457e-07 0.0007572330739860575 0.0001266918749565214 1.9007430629246847e-06 36.84149240717454 29.879093948430555 11.817997800698215 0.00019611594077620587 61.40248734529091 0.06750639936011998 74.22048514598913 0.0 274.34292465326064 49.36454320379938 0.9962097281845558 -0.0006530337004919673 83.58317400262324 0.00029247505816338345 -0.7682336605093991 -40.98757321519776 -7.517362446665265 91.59505677263557 -38.19449248281096 71.78986654538436 -0.042909753788140964 -0.39740206640582526 -0.37017856040308184 0.01661036791498014 2.899628605748622e-05 -9.327455014703133e-05 30.19256942734466 15.255237082317407 14.255237082317407 76.65772442760831 76.65772442760831
4.5997888544 0.0001540412848089706 1.12153888433392e-07 0.0005932329260883227 9.84822623266582e-05 1.2709558816061121e-06 42.964324816834115 35.00709198528504 14.142686164582877 0.0001540412848089706 71.60720802805686 0.06366642488199345 86.74989419263974 0.0 317.9913293978222 57.70088586546505 0.9967637413144862 -0.0005141720039123499 99.42594473944416 0.00022740155148579427 -0.759620862641456 -46.90378212633195 -8.380083675697696 106.25373901931714 -45.08309858955991 83.47728451637988 -0.03959108782610585 -0.3871373878335163 -0.3719693028040273 0.015155662801075371 2.299082994405572e-05 -7.29787612891265e-05 34.64653099126027 18.08940048729474 17.08940048729474 89.6966085153516 89.6966085153516
4.71340363911 0.00012038103364032749 6.8003846632558e-08 0.0004623725620442978 7.617774244725806e-05 8.426852032300328e-07 50.2772258310812 41.151715991215866 16.963478749248296 0.00012038103364032749 83.79537638513534 0.0600159708366811 101.75885513438364 0.0 369.8605394567794 67.65603560948404 0.9972462154217343 -0.0004028023298139338 118.89213379422769 0.00017602175697288314 -0.7512057671999197 -53.858395729712605 -9.374679454247373 123.68043979320815 -53.37701025225088 97.4106748015687 -0.036467367478226494 -0.37715592619605537 -0.37364703867405014 0.013790926075567988 1.8144285019629918e-05 -5.6820373955449514e-05 39.8850634080728 21.531510165459693 20.531510165459693 105.32688655059503 105.32688655059503
4.82982470899 9.358933861045107e-05 4.081049680201773e-08 0.00035849564458106866 5.862872050546506e-05 5.539185190263217e-07 59.04197571716128 48.539943006134614 20.39694635857873 9.358933861045107e-05 98.40329286193547 0.05655056690244005 119.8002392205142 0.0 431.71715632056026 79.58654468193025 0.9976649267708564 -0.0003139325232224266 142.86549149454385 0.00013562213842117644 -0.7429874869312831 -62.06227572856457 -10.525766352472807 144.4713084944317 -63.39651715851324 114.08022435363762 -0.03353208178889734 -0.3674544811967772 -0.37521907321128356 0.012514415805971846 1.424949517313602e-05 -4.401778049570725e-05 46.06801563249622 25.724893975712874 24.724893975712874 124.12818683764834 124.12818683764834
4.94912137931 7.23754851990209e-05 2.4234211721448168e-08 0.00027647300298272784 4.489053127347917e-05 3.6090070892562165e-07 69.58424794052621 57.45479216550384 24.589541196636375 7.23754851990209e-05 115.97374656754369 0.05326537503892977 141.56328776418007 0.0 505.7503840394945 93.9358946958843 0.9980270152249864 -0.00024338304332482963 172.3927426704549 0.00010399441600211975 -0.7349643793601106 -71.77448061792735 -11.863320170651521 169.3656714814843 -75.54222731746913 134.09507914838608 -0.030778601789137935 -0.3580293124168362 -0.37669168389994967 0.011324047638566662 1.1133680704140209e-05 -3.3924220002368275e-05 53.39192491394062 30.849705829851274 29.849705829851274 146.82345239739496 146.82345239739496
5.07136467738 5.566748214075317e-05 1.4236430465652697e-08 0.00021205513436574797 3.419080067832588e-05 2.3302609221515383e-07 82.31069030555005 68.25044751961403 29.72589773906813 5.566748214075317e-05 137.18448384258343 0.05015522047904842 167.91038158165156 0.0 594.6830276330554 111.25765524942508 0.9983390079628714 -0.0001876729816410183 208.65285119288436 7.934678928682493e-05 -0.727134118354599 -83.31444787406328 -13.423995547010705 199.28381174366112 -90.31700788946334 158.21500319031077 -0.028200204013541466 -0.34887618604575726 -0.3780702593272006 0.010217425370687296 8.652998336429931e-06 -2.6006961833928e-05 62.099327901077665 37.13317360375501 36.13317360375501 174.31765744633844 174.31765744633844
5.19662738491 4.257979677208444e-05 8.271464042583657e-09 0.000161741163435039 2.5901244869147943e-05 1.4907605628809512e-07 97.73096116688937 81.37180147954213 36.03961637396122 4.257979677208444e-05 162.88493527814896 0.04721462639051734 199.92455165211018 0.0 701.9142101737298 132.24533730356353 0.9986068470806789 -0.00014391867846308415 252.87567802184546 6.0230161983346615e-05 -0.7194937612237453 -97.07753976984473 -15.25280555535305 235.37558693568698 -108.35440298699147 187.39118608156917 -0.02579009362965226 -0.3399904208643005 -0.3793594216809817 0.009191873538833805 6.687986633440378e-06 -1.982927766256947e-05 72.49065165753802 44.86291628560116 43.86291628560116 207.74785156375012 207.74785156375012
5.32498408131 3.2384947130531996e-05 4.751862970895783e-09 0.00012266337291794055 1.9513446658075466e-05 9.447289894935405e-08 116.4862695597008 97.37981020120314 43.827327025339144 3.2384947130531996e-05 194.14378259950135 0.044437851662207366 238.9711096248405 0.0 831.7035463793169 157.77107972177365 0.9988359188715064 -0.00010974427637178152 306.2067736983208 4.547682070233039e-05 -0.7120398212415568 -113.55495836975182 -17.405268531202417 279.0832417296663 -130.45558473784249 222.81904997785585 -0.023541427187565907 -0.3313669337047865 -0.38056314326039875 0.008244471503733725 5.139733543921696e-06 -1.5034895025091935e-05 84.93945913016499 54.40431701664045 53.40431701664045 248.5480996161418 248.5480996161418
5.45651118812 2.4488649348055506e-05 2.6985732769737964e-09 9.248623715857935e-05 1.4618169316938213e-05 5.929389443392686e-08 139.3864862799596 116.98452012834115 53.46710209266985 2.4488649348055506e-05 232.31081046659935 0.04181893093259515 286.7779125592692 0.0 989.4098032060325 188.93582883802415 0.9990310851438033 -8.320318322008191e-05 369.559497781461 3.414948300283912e-05 -0.7047683439433525 -133.3593583260456 -19.95016388923104 332.22288334423723 -157.6375899612045 266.0068574142073 -0.02144733497879618 -0.32300028402790576 -0.38168485673222685 0.007372088508488061 3.926635921095901e-06 -1.1334648943658012e-05 99.91207287763788 66.2232757450513 65.2232757450513 298.5340862116507 298.5340862116507
5.59128701447 1.8408214437959726e-05 1.5145346452768996e-09 6.931879107747818e-05 1.0887793603580401e-05 3.684863144164777e-08 167.45859694688352 141.08826101299525 65.44265862608796 1.8408214437959726e-05 279.0976615781392 0.03935171615858687 345.54032020422716 0.0 1181.8014050709478 227.13485904900347 0.9991967152169429 -6.270961702581346e-05 443.5640737478149 2.5499000194107857e-05 -0.6976749822551471 -157.25792048954062 -22.97308514081317 397.09059727841077 -191.1965417985116 318.8652114332917 -0.019500942975028357 -0.31488471775247606 -0.38272755488564514 0.006571419194125118 2.9816484416387554e-06 -8.495072480456416e-06 117.99293570027157 80.91612428972815 79.91612428972815 360.01378586786734 360.01378586786734
5.72939180373 1.3753890448891397e-05 8.398121933656743e-10 5.163912162972084e-05 8.06149297056586e-06 2.2669634746652475e-08 202.01022654479095 170.84236978281982 80.37530093250189 1.3753890448891397e-05 336.68371090798496 0.03702991889786458 418.05901184048685 0.0 1417.4621119265078 274.1435416716252 0.9993367189652502 -4.6979238474964546e-05 528.7582271126976 1.8929296780494702e-05 -0.6907550738931185 -186.21523518560275 -26.581041075591354 476.6012323400398 -232.79085503474775 383.82429730579656 -0.017695394301387366 -0.30701420996007517 -0.3836938846945681 0.0058390190773061 2.2499413064189674e-06 -6.328690507476496e-06 139.91752143205485 99.24912031285402 98.24912031285402 435.932831220839 435.932831220839
5.87090778128 1.0212853016101234e-05 4.599638956837204e-10 3.822976416868035e-05 5.9327931599878425e-06 1.3803219388896095e-08 244.7132780738449 207.72199817077103 99.06625064046176 1.0212853016101234e-05 407.8554634564082 0.03484715277689987 507.92171409686995 0.0 1707.3232793797463 332.2302179667253 0.9994545798238931 -3.4978046323352885e-05 626.0802198400031 1.396836753901599e-05 -0.6840037109508001 -221.449138314383 -30.908441239042652 574.4706842004707 -284.5511971128287 463.98811627132466 -0.0160238701847805 -0.2993825066140292 -0.3845862262904478 0.005171339518711448 1.6869024691844908e-06 -4.685802916739373e-06 166.61522074406255 122.21079891996123 121.21079891996123 530.0662623763694 530.0662623763694
6.01591920348 7.535558552103772e-06 2.487607683004663e-10 2.812281605315483e-05 4.339194230359629e-06 8.316252543749673e-09 297.71453266943325 253.6251987166807 122.55298578605601 7.535558552103772e-06 496.19088778238876 0.03279697521698728 619.7438735684448 0.0 2065.3652376659566 404.3052473336288 0.9995533877215027 -2.587864486436331e-05 737.5361127063615 1.0244347527236574e-05 -0.6774158136208617 -264.5037244004233 -36.124917955045106 695.4563563409407 -349.22644127321365 563.3382685118272 -0.014479610303018182 -0.2919831651258448 -0.38540676985015276 0.004564761747617268 1.2564333148753614e-06 -3.447564567753393e-06 199.26546855855202 151.08166908900228 150.08166908900228 647.2725568713911 647.2725568713911
6.1645124078 5.524188778179061e-06 1.3281033895249504e-10 2.05536296989904e-05 3.153564833307705e-06 4.956587458255315e-09 363.78255052531574 311.0047467954667 152.184547656125 5.524188778179061e-06 606.3042508755262 0.03087292814422036 759.4887985316512 0.0 2509.54568278804 494.11875665619874 0.9996358710287216 -1.9023099981918534e-05 866.7995526767486 7.4658288757764255e-06 -0.6709861980594138 -317.34523842582996 -42.44559616749357 845.6757724356775 -430.37823844269604 687.0043955317883 -0.013055932452456138 -0.2848095933435746 -0.3861575816158571 0.004015629545512188 9.294959583701278e-07 -2.5201885439291546e-06 239.37152156015122 187.52739988921815 186.52739988921815 793.8316507647444 793.8316507647444
6.31677586427 4.022932144817581e-06 6.997553804050291e-11 1.4922016427370446e-05 2.277049456547536e-06 2.92172789543821e-09 446.50367262740264 383.0443053236241 189.72264497486447 4.022932144817581e-06 744.1727877123377 0.029068576844946157 934.8954326872022 0.0 3063.03405166117 606.5243283361515 0.9997044283051245 -1.3891543814814611e-05 1019.6076672818774 5.4057292378986e-06 -0.6647096357519797 -382.4885788663142 -50.14464120845578 1033.030655233722 -532.6415633664093 841.6247133420542 -0.011746251442103088 -0.2778550872106992 -0.3868406569974657 0.0035202802387547007 6.828778182200876e-07 -1.8301176712383003e-06 288.85786752138426 233.72396152505758 232.72396152505758 977.8967492373953 977.8967492373953
6.47280022812 2.909866200681209e-06 3.637430187219698e-11 1.075997083690523e-05 1.6332588008550801e-06 1.7029044806295393e-09 550.5447453365899 473.8949377064042 237.4780166266911 2.909866200681209e-06 917.5745755609832 0.027377546713239893 1156.0525921876742 0.0 3755.8604098527812 747.8319071231165 0.9997611582545202 -1.0075888841054592e-05 1204.031303985596 3.8881252262037605e-06 -0.658580913355133 -463.1649454842247 -59.57321715660594 1267.7740041684276 -662.0752167936977 1035.8288782302695 -0.010544097118222804 -0.27111286674316337 -0.3874579707231286 0.0030750736978211934 4.981446040590316e-07 -1.3200261640705184e-06 350.1994286074444 292.5264509697424 291.5264509697424 1210.1010265307257 1210.1010265307257
6.63267839376 2.0902244782290847e-06 1.864850130029606e-11 7.705009498285076e-06 1.1635412139721042e-06 9.81123030779825e-10 682.0069475020863 588.9941365580505 298.4951960518363 2.0902244782290847e-06 1136.6782458368104 0.025793557416694698 1436.1734418886467 0.0 4627.128518174822 926.2826256972926 0.9998078886631887 -7.257924774961566e-06 1430.8167598049702 2.7775548711281766e-06 -0.6525948843288054 -563.5450499382471 -71.18340880690475 1563.2719770503945 -826.6355426900249 1280.887749181767 -0.009443131421232627 -0.2645761102048237 -0.3880115161992066 0.0026764190908932996 3.6075687748912427e-07 -9.455288670963249e-07 426.5937312135842 367.6978994187755 366.6978994187755 1504.376145255586 1504.376145255586
6.79650555008 1.4908514046258459e-06 9.42665997974788e-12 5.478305178382264e-06 8.23158856962897e-07 5.586320555303177e-10 848.9046139214491 735.4982305636257 376.80404729479915 1.4908514046258459e-06 1414.8410232024153 0.024310454110944082 1792.6450704972144 0.0 5728.000468821363 1152.6907081678846 0.9998462037113903 -5.191216689848233e-06 1713.9778241406445 1.970369587065779e-06 -0.6467465144898772 -689.0377194341971 -85.56024719960291 1937.0324481612427 -1036.8197453430037 1591.5919599844929 -0.008437164377307115 -0.2582379863489132 -0.3885033369242744 0.002320799192289449 2.593286447641678e-07 -6.724900804505778e-07 522.1914249588274 464.2208448242077 463.2208448242077 1879.061868026623 1879.061868026623
6.96437923717 1.0556686330678414e-06 4.696745985242035e-12 3.866884343006603e-06 5.78215916057649e-07 3.1425433995801575e-10 1061.8164136863313 922.8713460703242 477.7638598802296 1.0556686330678414e-06 1769.6940228105523 0.022922235600443763 2248.457882690782 0.0 7125.741850052732 1441.3154143423371 0.999877470298843 -3.6862279007010557e-06 2071.7579362277393 1.3877808487621542e-06 -0.641030919315775 -846.6913022336333 -103.46480228456777 2412.1004465657957 -1306.5437974238619 1987.445739656937 -0.007520168931571531 -0.2520916847307325 -0.3889355483571417 0.002004792095940022 1.850089644986283e-07 -4.7483722766154754e-07 642.4064237552436 588.7236577968833 587.7236577968833 2358.4176806074356 2358.4176806074356
7.13639940433 7.419956148615881e-07 2.305786468826801e-12 2.709239962169177e-06 4.032076328577448e-07 1.7461068624814938e-10 1334.7753933751328 1163.6916475657104 608.536411812493 7.419956148615881e-07 2224.6256556252215 0.02162307910395472 2834.1620674377145 0.0 8909.232098214381 1811.0513860212839 0.9999028614531837 -2.5982401430368895e-06 2528.0609769928665 9.70301929701876e-07 -0.635443399815711 -1045.7359492695346 -125.89246808240385 3018.960909630853 -1654.3465029271467 2494.297295022467 -0.0066862945353278495 -0.24613044396352157 -0.38931035761204646 0.0017250902370801431 1.3096967783138598e-07 -3.327967923403275e-07 794.3352540056318 750.066795140232 749.066795140232 2974.6924507654535 2974.6924507654535
7.31266846961 5.175858711225335e-07 1.11500800660613e-12 1.8837917757197599e-06 2.790782251610663e-07 9.58015661968733e-11 1686.4917755230042 1474.7606828122307 778.7396276968034 5.175858711225335e-07 2810.819625871674 0.020407361626433685 3590.5592535684773 0.0 11196.509719114725 2287.0621994793155 0.9999233790271082 -1.8175517908503025e-06 3114.4797882083526 6.733322150614759e-07 -0.6299794694994216 -1298.3199324213704 -154.15221304797524 3798.1465626659747 -2105.049316835762 3146.576869351873 -0.005929879409427467 -0.24034757754635047 -0.3896300744012803 0.0014785166709053701 9.198416574711612e-08 -2.314810056154617e-07 987.3269367943008 960.1530475826212 959.1530475826212 3770.972673454295 3770.972673454295
7.49329138081 3.582580177010794e-07 5.309142452781671e-13 1.299701378003311e-06 1.9169295952780262e-07 5.188738522296408e-11 2142.0417802818633 1878.637802451975 1001.3554420682958 3.582580177010794e-07 3570.0696338031057 0.019269677923851095 4572.4250758714015 0.0 14145.158189407926 2903.0342483146096 0.9999398746484259 -1.2616167097689868e-06 3873.1217954730855 4.636720743572011e-07 -0.6246348704374074 -1620.514618820699 -189.97491673375254 4803.831078663226 -2692.0563743701446 3990.385158004874 -0.005245461416932142 -0.2347364976960892 -0.38989711112460845 0.001262038604980565 6.408367826865438e-08 -1.597637951063916e-07 1233.7614448601207 1235.0531442908887 1234.0531442908887 4805.122778093994 4805.122778093994
7.67837567792 2.460169619867351e-07 2.4883142277513737e-13 8.896186860899314e-07 1.3064479504230153e-07 2.7733861352711545e-11 2735.212640898925 2405.7739601493136 1293.9974804815488 2.460169619867351e-07 4558.687734831542 0.01820485489083441 5853.685215313091 0.0 17966.679795723976 3704.302075729618 0.9999530679895418 -8.688062633765981e-07 4860.534910374311 3.167909888879839e-07 -0.6194055927371811 -2033.6933972477943 -235.6622799624033 6108.806485088932 -3460.5587989995042 5087.778171029042 -0.004627787490497629 -0.22929073683301554 -0.390113987097902 0.0010727782236811137 4.4279268035498815e-08 -1.0939350366249669e-07 1550.11875025739 1596.577824932756 1595.577824932756 6155.265559764298 6155.265559764298
7.86803155716 1.675757012479649e-07 1.147529008355918e-13 6.039992344777999e-07 8.832928161752194e-08 1.4624701048743404e-11 3511.7767045989085 3097.495287927769 1680.6907071003634 1.675757012479649e-07 5852.9611743315145 0.01720796277478911 7534.651881431878 0.0 22946.49881049046 4752.207553633367 0.9999635640179518 -5.934648981131829e-07 6153.181835021227 2.1470141039401147e-07 -0.6142878810026113 -2566.4339576423918 -294.2926473921433 7811.416023769201 -4472.023118761048 6522.744724355645 -0.00407182157516075 -0.22400396657954574 -0.3902833209581673 0.0009080208817839717 3.0338727200181745e-08 -7.42979057364293e-08 1958.4548494376872 2074.485290267765 2073.485290267765 7927.446464599279 7927.446464599279
8.06237193663 1.1320173905887868e-07 5.2052178598881984e-14 4.066882940853927e-07 5.923288673762431e-08 7.606013396970447e-12 4534.088469572668 4010.1983081641115 2194.3836928496285 1.1320173905887868e-07 7556.8141159544475 0.0162743229169804 9752.197808804076 0.0 29471.95555892269 6130.2137225679735 0.9999718692030503 -4.020286503703119e-07 7855.1166171709665 1.443163308126096e-07 -0.6092782363076537 -3257.157098347596 -370.00711416733384 10045.265110435023 -5810.513577925923 8409.592159103879 -0.0035727510619239784 -0.2188700147136473 -0.3904078195653563 0.0007652207790155456 2.060923907582929e-08 -5.004416431891382e-08 2488.4509944805745 2709.5980509366655 2708.5980509366655 10266.412166891114 10266.412166891114
8.26151252346 7.582427932719447e-08 2.3214855145802516e-14 2.715178289554269e-07 3.938979147108919e-08 3.900159847297303e-12 5887.576232288099 5221.282708648098 2880.5153047171098 7.582427932719447e-08 9812.6270538135 0.015399512659914677 12694.14235853061 0.0 38071.71129747819 7952.527369923169 0.9999784039798288 -2.7004175295886057e-07 10108.815717241338 9.619027459354186e-08 -0.6043734183183933 -4157.807955414822 -468.4095418250165 12992.901939364743 -7591.648641680163 10904.778230754739 -0.0031259917042039623 -0.21388287959497146 -0.3904902686816689 0.0006420042571776973 1.3877661388556092e-08 -3.342259847645108e-08 3180.274885551244 3558.228875714647 3557.228875714647 13370.855929528147 13370.855929528147
8.46557188279 5.034907598321794e-08 1.0175964787101695e-14 1.797061425060225e-07 2.5970596061574476e-08 1.9711564523078818e-12 7689.963141589776 6837.590528225873 3802.1076307393105 5.034907598321794e-08 12816.60523598296 0.014579367116349154 16619.71286672227 0.0 49471.54244015226 10376.335035916298 0.999983516775993 -1.7981456723603628e-07 13110.555249336261 6.356187673418828e-08 -0.5995704352607747 -5339.021184910499 -597.129146512329 16905.20379981893 -9975.363191436618 14223.703525680528 -0.0027271910248562385 -0.20903674246835688 -0.39053351297785066 0.0005361708872990116 9.261482453990654e-09 -2.2128549962203896e-08 4088.598563835971 4698.501959672996 4697.501959672996 17515.107195655954 17515.107195655954
8.6746715083 3.313716423104009e-08 4.382218096306305e-15 1.1788801755390757e-07 1.6973456199977225e-08 9.815840400976862e-13 10104.444032001073 9007.482757832087 5047.081636662311 3.313716423104009e-08 16840.74005333512 0.013809978539621504 21888.821689997432 0.0 64673.81882432615 13619.267410525828 0.9999874938092782 -1.186717399903614e-07 17132.378891507222 4.16317718501555e-08 -0.5948665371545769 -6897.41119878497 -766.6165103407827 22129.014187246397 -13184.202472771833 18664.687574430973 -0.0023722302383021197 -0.20432597759119067 -0.39054044089164613 0.0004456925342793618 6.124529527399148e-09 -1.4521304647717721e-08 5288.274133911277 6239.434706772168 6238.434706772168 23080.17476010729 23080.17476010729
8.88893589455 2.1611754983462012e-08 1.8532870923599956e-15 7.663559856156468e-08 1.0994087052927612e-08 4.81450874793123e-13 13358.6308570458 11938.227123560833 6738.829375252521 2.1611754983462012e-08 22264.384761743 0.013087693067179504 29004.21413699552 0.0 85071.42108870014 17984.481640503185 0.999990568648813 -7.761036791009701e-08 22553.678397158073 2.702255262458952e-08 -0.5902592023301709 -8965.924017930325 -991.2768063780167 29146.784540289264 -17529.705650126445 24643.412228186608 -0.002057224727394436 -0.1997451601399881 -0.39051396457981513 0.0003687106029551076 4.0124428114022764e-09 -9.44299986342899e-09 6882.399778546264 8334.064847480862 8333.064847480862 30598.449609223862 30598.449609223862
9.10849261115 1.3964435375937103e-08 7.693756173123959e-16 4.9357726890713546e-08 7.0559677100756745e-09 2.3250960002472404e-13 17771.963495312786 15921.189991337476 9051.587395101378 1.3964435375937103e-08 29619.939158854646 0.012409105514050238 38672.52655395602 0.0 112612.05111028941 23896.91403852268 0.9999929318760421 -5.0283643471260575e-08 29906.88178482598 1.7378390415917252e-08 -0.5857461205476742 -11728.627492942735 -1291.093237365502 38633.79278279502 -23450.694145603607 32742.713201184004 -0.001778523129812874 -0.19528907223230513 -0.39045699803172557 0.00030353168003652005 2.6037686901194992e-09 -6.0838063463065504e-09 9013.853623940371 11198.542726161097 11197.542726161097 40818.481885015746 40818.481885015746
9.33347237864 8.937594302816763e-09 3.133955179468659e-16 3.148839329919378e-08 4.48609065752732e-09 1.1051883970204298e-13 23795.623594360204 21368.569411391298 12232.934107743327 8.937594302816763e-09 39659.372657267006 0.011771052175113126 51893.30676501033 0.0 150036.76272989533 31956.0088575887 0.9999947363961542 -3.227037992381554e-08 39943.97899304228 1.1070837162767145e-08 -0.5813251769846408 -15441.976605076625 -1693.9676776713986 51541.2635118545 -31569.192047370652 43785.0219921173 -0.0015327051022256649 -0.1909527069871668 -0.390372437727094 0.0002486217932836902 1.6732636519051533e-09 -3.8824757991848705e-09 11881.890854587493 15140.076175394577 15139.076175394577 54799.44883266158 54799.44883266158
9.56400914639 5.6647983325424094e-09 1.2520226981352692e-16 1.9893950627639675e-08 2.8248571857309616e-09 5.168636744297684e-14 32071.036901181942 28867.308168233736 16636.926446175807 5.6647983325424094e-09 53451.728168636575 0.011170602164785732 70089.65461481237 0.0 201228.52980646625 43012.92523380641 0.9999961057305342 -2.0508515552464246e-08 53734.027678566104 6.984617770910124e-09 -0.576994433033795 -20465.586558750278 -2239.1174862842636 69217.90939809974 -42772.63239214255 58938.45506464389 -0.001316577842822072 -0.18673127083079938 -0.3902631416944802 0.00020259951096293928 1.0646408906415205e-09 -2.453660465936713e-09 15766.181229463167 20598.098556956807 20597.098556956807 74049.82672559339 74049.82672559339
9.80024017231 3.554796824492873e-09 4.9034041588347463e-17 1.2444242513893891e-08 1.7613359525544998e-09 2.3773505632604823e-14 43516.197941828395 39258.75312482385 22773.232215418357 3.554796824492873e-09 72526.996569714 0.010605047345251986 95301.22878513235 0.0 271725.0576952839 58284.34478728157 0.9999971382366288 -1.2902829027439111e-08 72807.02911288875 4.363118512494505e-09 -0.5727521048164894 -27307.05952940814 -2982.0380692015087 93588.84944022923 -58335.51384636547 79873.22354928663 -0.0011271714635035866 -0.182620184106155 -0.39013190780750534 0.00016422810270970897 6.705393473184943e-10 -1.535303285572618e-09 21061.85287051522 28205.320564875583 28204.320564875583 100732.31713458958 100732.31713458958
10.0423061046 2.2080495012444774e-09 1.881675255855297e-17 7.70533790544659e-09 1.0871829874019316e-09 1.0750201313774284e-14 59453.925525160936 53757.16473030396 31380.476400437037 2.2080495012444774e-09 99089.87587526823 0.010071891383054194 130471.35227570527 0.0 369478.45463591424 79521.38200804399 0.9999979128443909 -8.029165110556846e-09 99367.68842846902 2.697998733391148e-09 -0.56859654585936 -36687.72557525037 -4001.802495016648 127420.80389225157 -80100.67322574493 108993.81884464456 -0.0009617333120889596 -0.17861508041255794 -0.38998145741763707 0.00013240697678393778 4.1795585826619716e-10 -9.509261399053103e-10 28330.928016983344 38878.886642863916 38877.886642863916 137968.76251813216 137968.76251813216
10.2903510653 1.3572530978002722e-09 7.072009237244803e-18 4.7215727715150044e-09 6.641596108202649e-10 4.777162238566609e-15 81803.7570747249 74127.26220700402 43536.49812708318 1.3572530978002722e-09 136339.5951245415 0.009568837903374703 179877.09325162467 0.0 505988.56720444304 109262.06000743917 0.9999984836120758 -4.959938681992071e-09 136615.23931648248 1.6510954514151698e-09 -0.5645262277272685 -49639.723349465814 -5411.873784872597 174717.93634128702 -110751.27889880528 149786.1103133599 -0.0008177213518202942 -0.17471180400798617 -0.3898144187593435 0.00010616259936509035 2.57763392078655e-10 -5.828654089328033e-10 38378.341216745524 53957.428951794835 53956.428951794835 190297.02407633633 190297.02407633633
10.5445227367 8.2539584722073e-10 2.6018117392202057e-18 2.8625061997267515e-09 4.0146094693459456e-10 2.085318457652341e-15 113371.12741141896 102952.12426269073 60825.27256684023 8.2539584722073e-10 188951.8790190316 0.009093778198550766 249778.15158587182 0.0 698006.00115142 151211.4238923042 0.9999989128318441 -3.0127493833020935e-09 189225.40929969525 9.997253895080484e-10 -0.5605397113445734 -67650.37762881379 -7376.234563587546 241316.9613317735 -154221.8685232708 207339.96226413152 -0.000692796710999003 -0.17090640682188163 -0.3896333015099425 8.463908892875676e-05 1.5725093281950287e-10 -3.5346927726284107e-10 52365.082312741884 75408.59394518405 75407.59394518405 264360.4729642157 264360.4729642157
10.8049724483 4.964796979648721e-10 9.365295194579322e-19 1.7165672144280665e-09 2.4005115050297794e-10 8.93794637820233e-16 158286.3612286132 144040.40439991842 85591.47462409546 4.964796979648721e-10 263810.6020476887 0.008644778768844502 349403.07667178416 0.0 970110.1849001311 210817.98293833443 0.9999992246279802 -1.8137997770395486e-09 264082.07431145903 5.987654236790576e-10 -0.5566356462413773 -92878.47365208069 -10133.624672746062 335788.42457917787 -216324.0792853728 289141.9270934464 -0.0005848155189397593 -0.16719514386083453 -0.389440500566743 6.708866372411239e-05 9.487235384000437e-11 -2.1202490570176534e-10 71977.8225314892 106145.58403636992 106144.58403636992 369956.1860840586 369956.1860840586
11.0718552677 2.953002199584806e-10 3.2964843175943585e-19 1.0179267099518124e-09 1.419513080770346e-10 3.759887687585297e-16 222676.1145410371 203049.95678053476 121331.58611817047 2.953002199584806e-10 371126.85756839515 0.008220068504294159 492459.4436865656 0.0 1358641.647043086 296154.6178993196 0.9999994461058007 -1.0896659130565922e-09 371396.32815306535 3.546388923370195e-10 -0.5528127401841654 -128480.63620439084 -14034.234101109912 470811.95579939074 -305706.331700054 406286.63310010906 -0.0004918201458021488 -0.16357446736632078 -0.3892382717281786 5.286210326075356e-05 5.6591410874688944e-11 -1.2576524642478356e-10 99685.09823099557 150513.56736411853 150512.56736411853 521640.4249325137 521640.4249325137
11.3453300928 1.7363258411788328e-10 1.1340428684237106e-19 5.96756203624951e-10 8.299126463949247e-11 1.551626909012354e-16 315698.27125017595 288450.2389840609 173299.38848283765 1.7363258411788328e-10 526163.7854169599 0.007818026352684639 699464.1738997975 0.0 1917746.2810386228 419275.1151381003 0.9999996082743248 -6.45611120120293e-10 526431.3103867064 2.0765989942843467e-10 -0.5490697427287274 -179107.61016580753 -19595.67549267561 665290.9484757213 -435337.0111965763 575342.3020657647 -0.00041202996399887113 -0.16004102118184793 -0.3890287209012684 4.139936601239287e-05 3.336662510375557e-11 -7.374905329327559e-11 139127.1630587614 215042.83607065177 215041.83607065177 741206.6214876117 741206.6214876117
11.6255597461 1.0089804439282404e-10 3.8107920018058705e-20 3.4576591226916654e-10 4.795806977962041e-11 6.278749686558103e-17 451149.61399965576 413019.22699204134 249450.70590875007 1.0089804439282404e-10 751916.0233327596 0.007437168975566904 1001367.7292415097 0.0 2728739.8160906415 598319.4390731878 0.9999997256377309 -3.773379386728948e-10 752181.657956085 1.2018083035813125e-10 -0.5454054443626006 -251664.75278754425 -27589.032249884258 947629.8958360867 -624814.733307378 821246.281156503 -0.0003438317468249818 -0.1565916335176342 -0.38881381046762836 3.2220485923535005e-05 1.9440524669906024e-11 -4.274195858103129e-11 195713.87250332703 309624.13920601713 309623.13920601713 1061540.1625387766 1061540.1625387766
11.9127110719 5.792871516409413e-11 1.2501439116722744e-20 1.979469613791676e-10 2.7384379666678607e-11 2.4901475519254404e-17 649983.4456078851 596190.4583508827 361929.2472865763 5.792871516409413e-11 1083305.7426798085 0.007076138930850045 1445235.9899663848 0.0 3914733.8911634735 860808.073994353 0.9999998162822294 -2.1000401417836656e-10 1083569.5410842027 6.872429533174853e-11 -0.5418186525080311 -356486.6740972843 -39172.19794820526 1360854.6198162234 -903995.7851564673 1181835.5574483306 -0.0002857698166070562 -0.15322330973231135 -0.3885953425657158 2.491685018454069e-05 1.1189664132184643e-11 -2.4475481822321674e-11 277548.8771364148 449357.473758233 449356.473758233 1532663.2164380415 1532663.2164380415
12.2069550353 3.285011150271629e-11 4.001368671392675e-21 1.1193606994859848e-10 1.5446430238435823e-11 9.674532802830011e-18 944284.7617942813 867763.37599363 529422.6699202426 3.285011150271629e-11 1573807.9363238022 0.006733693455923241 2103231.606244045 0.0 5663669.825427023 1248838.9598117573 0.9999998660376446 -1.267477234279113e-10 1574069.9512583464 3.8819567489189435e-11 -0.5383081916904885 -509166.3368657784 -56098.184007769756 1970677.8148238703 -1318736.6503216308 1714994.0424933457 -0.00023653604998705703 -0.1499332242283681 -0.3883749673353726 1.9142940660810808e-05 6.360851699142505e-12 -1.3843953461853909e-11 396869.8785000681 657484.1213295404 657483.1213295404 2231292.0576533424 2231292.0576533424
12.5084668247 1.8394175252722993e-11 1.2488166910248457e-21 6.250508560910062e-11 8.604109468877288e-12 3.6801805133113485e-18 1383599.883198629 1273818.3368251387 780929.8104282657 1.8394175252722993e-11 2305999.805331048 0.006408693684858571 3086930.615759314 0.0 8264901.53075111 1827355.895666702 0.9999999103196437 -6.993627899021249e-11 2306260.088034287 2.1653374978151363e-11 -0.5348728840738228 -733426.999935287 -81043.2622299943 2878311.567460862 -1940061.3174194137 2510023.3257757835 -0.00019495984192800895 -0.1467187125392471 -0.3881541714646395 1.4608601821695485e-05 3.570053096723158e-12 -7.732334973054211e-12 572311.7621298139 970075.5394498026 970074.5394498026 3276075.3447808507 3276075.3447808507
12.8174259553 1.0166922000437014e-11 3.7980528206564226e-22 3.445486996593351e-11 4.7315264187253e-12 1.3699910847112975e-18 2045102.2711616706 1886227.7837301197 1161836.15471631 1.0166922000437014e-11 3408503.785269451 0.006100094761543921 4570340.939985761 0.0 12167802.61604636 2697417.8031981396 0.9999999435510926 -3.612687926590752e-11 3408762.385391349 1.1923412818859099e-11 -0.5315115556737477 -1065670.05420068 -118128.296028927 4240996.937085148 -2878922.160497615 3705889.2076173923 -0.00015999812305917608 -0.1435772631064115 -0.38793429253120926 1.1071879418848112e-05 1.9777141047587487e-12 -4.2633283327951954e-12 832493.1518156973 1443596.3319976777 1443595.3319976777 4852100.117267128 4852100.117267128
13.1340163764 5.545311318612425e-12 1.1249125851004687e-22 1.8742951632638856e-11 2.5678841707450404e-12 4.988214757262538e-19 3050064.0765869115 2818085.1083070734 1743797.9049980724 5.545311318612425e-12 5083440.127644853 0.00580693647739733 6827239.032642925 0.0 18076493.101003777 4017681.725976491 0.9999999644768268 -1.8575141425003494e-11 5083697.093219349 6.479440485848612e-12 -0.5282230276693154 -1562239.6158440106 -173754.23700746038 6305189.982802016 -4310176.900045392 5520760.919695546 -0.00013072551708181039 -0.14050650852484228 -0.38771651912589794 8.332456870505241e-06 1.0810509374289433e-12 -2.319726068368538e-12 1221749.8551571632 2167210.094262679 2167209.094262679 7250650.221907532 7250650.221907532
13.4584265809 2.9836476018120384e-12 3.242558713912272e-23 1.0058559888974231e-11 1.374946910668713e-12 1.7754746140064946e-19 4590786.730541279 4248959.60619073 2640966.931473803 2.9836476018120384e-12 7651311.217568798 0.005528334810670027 10292279.1490426 0.0 27104339.391238794 6039502.483013099 0.9999999793069336 -8.800737916203616e-12 7651566.595028564 3.47371712120704e-12 -0.525006108882857 -2311130.5992820747 -257953.08819570288 9460693.443128143 -6511887.469733633 8300265.500278785 -0.0001063247164482146 -0.1375042174054604 -0.387501891468596 6.225700648372106e-06 5.828852370905821e-13 -1.2451819968534848e-12 1809382.2255593436 3282982.6599168144 3282981.6599168144 10934293.877485612 10934293.877485612
13.7908497174 1.5831001752206043e-12 9.090262744139734e-24 5.323515887681413e-12 7.260833144856234e-13 6.174226864533636e-20 6975040.273916519 6466618.417758187 4036870.1521789078 1.5831001752206043e-12 11625067.123194199 0.005263474127140087 15661938.275373107 0.0 41028295.652549185 9164807.974837167 0.9999999761877131 -8.198774992251856e-12 11625320.957397183 1.836646761326272e-12 -0.5218596046574191 -3451030.9767834875 -386592.35780809034 14329773.831930572 -9930327.602666425 12597046.107399464 -8.60771454901101e-05 -0.1345682858957554 -0.387291318753465 4.6173121318694275e-06 3.099064820869126e-13 -6.5916130335607e-13 2704706.708736372 5019356.899032913 5019355.899032913 16644424.022227112 16644424.022227112
14.1314837054 8.280543105197809e-13 2.4767660806578917e-24 2.777645120503569e-12 3.780304617853494e-13 2.0965245803529624e-20 10700091.06670864 9936605.847125113 6229359.561450418 8.280543105197809e-13 17833485.111181065 0.005011600138973829 24062845.672631484 0.0 62711599.50067827 14042445.107533721 0.9999999743870933 -7.105427357601002e-12 17833737.445463803 9.573734193128245e-13 -0.5187823073180597 -5202582.935469782 -585005.9257036407 21915269.012857027 -15288534.379235974 19303177.50884911 -6.935397083605534e-05 -0.1316967295120829 -0.3870855777988713 3.3985715556680996e-06 1.62420691531899e-13 -3.4400432298059e-13 4081783.9016759614 7747139.864420503 7747138.864420503 25580624.97560157 25580624.97560157
14.480531353 4.2682039341857014e-13 6.553994188282019e-25 1.4282917624142125e-12 1.9397812555518407e-13 6.947211559841408e-21 16577217.251760473 15419406.945987884 9706508.395883486 4.2682039341857014e-13 27628695.41960079 0.004772013747226057 37335204.81548427 0.0 96813120.30367924 21730124.565431435 1.0000000048106494 1.0700329511337259e-12 27628946.295836747 4.918219755051329e-13 -0.5157730046092323 -7920196.255806737 -894031.683087268 33849129.627566606 -23769327.73369216 29872699.387413032 -5.560750949289027e-05 -0.1288876754474417 -0.38688532916286056 2.4821498927476375e-06 8.388096170404764e-14 -1.7692776430517735e-13 6220434.207965819 12074047.40470614 12074046.40470614 39702742.82430693 39702742.82430693
14.8382004774 2.1672537709438585e-13 1.683154873754863e-25 7.235382512409467e-13 9.806320763065232e-14 2.245181906134503e-21 25943229.73573136 24169698.096533697 15276025.791213617 2.1672537709438585e-13 43238716.22621893 0.004544064472244109 58514743.01743255 0.0 150989655.8333382 33969345.247395255 1.0000000013088512 2.3225865675158275e-13 43238965.68488684 2.4891298311887545e-13 -0.5128304780115308 -12178770.095000561 -1380149.9512150332 52813653.56254621 -37326944.09556007 46699320.98283459 -4.436307552211331e-05 -0.1261393548114218 -0.38669112320034127 1.798456794931555e-06 4.267178946429629e-14 -8.964590267264945e-14 9574937.336327273 19005938.60466464 19005937.60466464 62244654.83088357 62244654.83088357
15.2047040292 1.0836546394443627e-13 4.1919423095366256e-26 3.6095138680124663e-13 4.8822997413512604e-14 7.072181739822658e-22 41023456.831845514 38278645.835213415 24288165.808851287 1.0836546394443627e-13 68372428.05307586 0.004327151280172967 92660594.86192715 0.0 237954611.8775939 53656890.79682044 1.000000008904159 1.2541079286165768e-12 68372676.13332488 1.2406186267332894e-13 -0.509953521478241 -18920303.98656128 -2152679.2112414106 83262687.6010595 -59223058.0643022 73764033.06292054 -3.5211296982927066e-05 -0.12345009633514215 -0.386503425144353 1.2924869802946145e-06 2.137536415550303e-14 -4.4730687777441644e-14 14890259.547983626 30224568.516304895 30224567.516304895 98596996.56938076 98596996.56938076
15.5802602187 5.333626582340509e-14 1.0116901162806977e-26 1.772607440970531e-13 2.3929916475843673e-14 2.1698993970578607e-22 65561150.2927958 61268074.57205114 39023646.76337914 5.333626582340509e-14 109268583.82132633 0.004120689489920687 148292231.58470547 0.0 379039940.9534017 85661956.67787972 0.9999999986162609 -1.538769112130467e-13 109268830.56111203 6.087149869627546e-14 -0.5071408761631678 -29704313.238511473 -3393242.1988371015 132669292.07262065 -94958331.41884416 117757081.79663837 -2.780092586289878e-05 -0.12081831887413974 -0.3863225572888743 9.211235904932707e-07 1.0539420680730998e-14 -2.1971282308432228e-14 23400708.251294326 48571010.68842761 48571009.68842761 157839594.50975394 157839594.50975394
15.9650926461 2.5830610292373986e-14 2.3641770489487325e-27 8.566093298634786e-14 1.1542120565599823e-14 6.48076638996812e-23 105920549.76346923 99132873.91319922 63375942.37974757 2.5830610292373986e-14 176534249.60578206 0.003924222509552169 239910192.98552963 0.0 610425321.976553 138257063.6976209 0.9999999978845295 -1.8474111129762605e-13 176534495.0419389 2.9390314973133513e-14 -0.5043914052257283 -47140068.64579105 -5406790.9101377735 213707319.8073574 -153908663.43821537 190042598.08895993 -2.1832155359434505e-05 -0.11824253694666338 -0.38614886827888034 6.508548866490947e-07 5.113067391631149e-15 -1.0619637983465727e-14 37173070.20157533 78896029.94401872 78896028.94401872 255430279.54980078 255430279.54980078
16.3594304345 1.2304171571994905e-14 5.345187904529786e-28 4.071783770154707e-14 5.476235575830084e-15 1.8828796086805396e-23 173041117.00232124 162189755.17803073 104064467.7995924 1.2304171571994905e-14 288401861.67053545 0.003737052924761227 392466330.4701278 0.0 994152602.0970163 225652200.87812957 1.0000000388242243 2.6478819137309983e-12 288402105.8384767 1.3958350175290589e-14 -0.5017042060867647 -75640741.3555947 -8710919.733676756 348107671.61531836 -252230655.5895669 310136340.8891978 -1.7050450184657145e-05 -0.11572132596226246 -0.38598288012715004 4.5585997726260597e-07 2.4396909040733167e-15 -5.048866109435167e-15 59705809.944782905 129572325.96421671 129572324.96421671 417974187.63475215 417974187.63475215
16.7635083662 5.762309831989202e-15 1.1682568338747424e-28 1.9029977942260597e-14 2.5547703477656207e-15 5.317770594264924e-24 285938996.94036335 268392237.00413004 172813864.54197294 5.762309831989202e-15 476564994.9006056 0.0035591378343192803 649378860.4425786 0.0 1637811869.936894 372536302.9966999 1.0000000103552342 5.484501741648273e-13 476565237.83713704 6.518146531245876e-15 -0.49907630530564906 -122753838.18540338 -14193924.548520438 573550559.491669 -418075795.11316115 511930201.74384314 -1.3240892493202445e-05 -0.11325339153565907 -0.3858229137705384 3.1641980194238227e-07 1.1444441385392288e-15 -2.3600853175250476e-15 96985564.59106345 215211265.37001836 215211264.37001836 691776260.2706239 691776260.2706239
17.1775670228 2.6520560256792805e-15 2.4662599592826155e-29 8.741019143718594e-15 1.1714166524130464e-15 1.458947773482855e-24 478054791.45097375 449348803.0855812 290323575.0776268 2.6520560256792805e-15 796757985.7516229 0.0033894231974013382 1087081561.8292499 0.0 2730176844.934948 622281387.8483175 0.9999999460365245 -2.206679283744961e-12 796758227.4907824 2.9915221245273502e-15 -0.4965107329651852 -201535491.39169028 -23397731.55976103 956135174.5899016 -701071357.8669814 854970248.6344297 -1.0223021846721191e-05 -0.11083769788799214 -0.38567303507498646 2.176116219827434e-07 5.275733489467276e-16 -1.0842512863751924e-15 159377188.83827868 361612223.9162028 361612222.9162028 1158370209.6678257 1158370209.6678257
17.6018529283 1.1990072139687666e-15 5.024364512600767e-30 3.944282993302852e-15 5.27674919136574e-16 3.8854224774891224e-25 808876761.3621217 761361798.3928547 493579164.78097844 1.1990072139687666e-15 1348127935.6035361 0.0032280360683116975 1841707101.3845146 0.0 4606424322.071297 1052002426.0184639 0.9999999997382281 -8.215650382226158e-15 1348128176.1660275 1.3487968780392493e-15 -0.49401316324165334 -334833021.0628178 -39030129.0591535 1613175782.523121 -1189744725.7059796 1445103628.0085402 -7.846193049975581e-06 -0.10847245540629082 -0.38554070783535427 1.4824663245937003e-07 2.389069784689889e-16 -4.893430603191272e-16 265047846.91958496 614880311.8660543 614880310.8660543 1963008247.4695904 1963008247.4695904
18.0366186956 5.322581913096703e-16 9.869107774104485e-31 1.7476442821125357e-15 2.3341085429970286e-16 1.0037044381841207e-25 1385514121.8380153 1305895602.0516863 849376712.9474285 5.322581913096703e-16 2309190203.063359 0.0030745642205442557 3158566917.010787 0.0 7868551336.618752 1800657013.3565333 0.9999999327232126 -1.6107115641261771e-12 2309190442.484046 5.971566106660889e-16 -0.49156424888080674 -563107069.1977319 -65903089.12213802 2755355729.692458 -2043795137.1089284 2472706518.741463 -5.985390757555797e-06 -0.10615613617213183 -0.38540811270706415 1.0001534730725979e-07 1.0622106508825594e-16 -2.1685726609755664e-16 446165526.6290994 1058290279.9595933 1058290278.9595933 3367480483.022952 3367480483.022952
18.4821231774 2.318931213525249e-16 1.8674091382495329e-31 7.6001651015254e-16 1.0134006909168887e-16 2.5131304487015024e-26 2403243878.285722 2268136868.5374928 1479942851.141508 2.318931213525249e-16 4005406463.8095365 0.002928052127951664 5485349315.951044 0.0 13611458927.637596 3121106826.583397 0.9999999676840828 -5.865308239094702e-13 4005406702.124309 2.59491899625563e-16 -0.4891648216437661 -958896533.8988373 -112672906.52462806 4765851535.450738 -3555049764.6487722 4284548940.9851556 -4.537476054744061e-06 -0.10388802869312165 -0.38527679295005796 6.680664020664049e-08 4.634819136749869e-17 -9.432298070575905e-17 760445071.641201 1844241368.0295076 1844241367.0295076 5849647831.839045 5849647831.839045
18.9386316199 9.910956311573964e-17 3.400645149290012e-32 3.242502039365088e-16 4.31663757907676e-17 6.094356531349638e-27 4222592388.2491193 3990374565.410042 2611806607.208805 9.910956311573964e-17 7037653980.415199 0.0027889101604527088 9649460588.624004 0.0 23853181493.41107 5479609432.212629 1.000000025052352 3.425038030968608e-13 7037654217.651628 1.106249521735611e-16 -0.4868225453130796 -1653887390.4093559 -195107598.15904212 8350432103.036204 -6263594570.951607 7520309708.101631 -3.4178807910317894e-06 -0.10166719518210014 -0.385155350131322 4.4170571664015396e-08 1.983847285418345e-17 -4.0248231855063444e-17 1312778122.6210058 3255220260.2741528 3255220259.2741528 10292874240.689352 10292874240.689352
19.4064158209 4.153336441447649e-17 5.9542399370068715e-33 1.3564819348374722e-16 1.80303862655219e-17 1.4302011046147217e-27 7517845097.890553 7113415364.073352 4670041404.769592 4.153336441447649e-17 12529741829.817589 0.0026565837329866546 17199783235.58718 0.0 42359691019.513725 9749718941.80282 0.9999999788391027 -2.1649348980190553e-13 12529742066.006567 4.6245186636848085e-17 -0.4845323823876555 -2890227823.444049 -342300032.0793765 14825865767.71137 -11181642717.093586 13375230442.853058 -2.5577068205651567e-06 -0.09949259592072127 -0.38503978646671777 2.889966230439974e-08 8.325719022845542e-18 -1.6840341016012975e-17 2296123937.8937807 5821362461.53186 5821362460.53186 18351104291.34945 18351104291.34945
19.8857542917 1.705763980314949e-17 1.0013987616675179e-33 5.561761103288347e-17 7.381509330486362e-18 3.2453894532847396e-28 13566960279.909685 12853067058.698801 8463170826.871876 1.705763980314949e-17 22611600466.516144 0.002530519020984388 31074771294.38802 0.0 76254495956.66798 17582701125.11876 1.0000001145006092 8.707479182135103e-13 22611600701.684433 1.894746125349447e-17 -0.48229678397215514 -5119084528.229773 -608637517.6582768 26681930667.31355 -20231956395.813194 24112667675.99034 -1.901186421587469e-06 -0.09736323710468701 -0.3849335468683389 1.870602212673882e-08 3.4242592969359776e-18 -6.905864148709e-18 4070330200.7974057 10551150628.378975 10551150627.378975 33162751094.89512 33162751094.89512
20.3769324227 6.862179356355866e-18 1.6160862809439968e-34 2.2338564998381984e-17 2.9603715890330586e-18 7.114952905323897e-29 24825140330.644016 23547483689.245575 15549755856.62867 6.862179356355866e-18 41375233884.40669 0.0024107889062491535 56924989742.03536 0.0 139198219661.4398 32153485175.633587 1.0000001128829898 6.337153024560394e-13 41375234118.58063 7.60477929651941e-18 -0.4801139799852658 -9192467504.462374 -1097171098.2159925 48690651960.94166 -37116378413.07856 44077066472.94263 -1.4034784408709651e-06 -0.09527809810146887 -0.3848358818844307 1.1975071352899932e-08 1.3795054503000574e-18 -2.77413969117973e-18 7315418076.534967 19388820539.737045 19388820538.737045 60764054424.14374 60764054424.14374
20.8802426535 2.7027256550636165e-18 2.5000525716845267e-35 8.784503738166992e-18 1.1624730265955147e-18 1.5057002700924944e-29 46075484660.8238 43756237110.99237 28976105193.577423 2.7027256550636165e-18 76792474434.70633 0.002297144771590444 105768579629.28375 0.0 257751002252.62808 59644454824.88164 0.9999997420236951 -1.0615952561465747e-12 76792474667.9127 2.988463460643628e-18 -0.47798168934361696 -16741750357.54573 -2005869328.082263 90126774392.74396 -69061649268.60156 81724483654.72137 -1.0287717864525751e-06 -0.09323622410472723 -0.38474546523782815 7.579807812525504e-09 5.440837154923931e-19 -1.0910787839565256e-18 13334299958.037624 36134928464.81128 36134928463.81128 112927402899.51761 112927402899.51761
21.3959846471 1.0416178354983597e-18 3.703393130315385e-36 3.3804006475287547e-18 4.4670849695076245e-19 3.073141807686911e-30 86770094706.51051 82498649405.14519 54782043557.3441 1.0416178354983597e-18 144616824510.85086 0.002189375328973754 199398868069.19495 0.0 484306776148.65497 112259858595.29726 1.0000004228222659 1.266209359584991e-12 144616824743.11465 1.1492236266586985e-18 -0.47589999254850635 -30935120141.950184 -3720457473.5245767 169276015455.5511 -130378673506.29977 153750746091.56796 -7.486655681286137e-07 -0.09123669404617982 -0.3846632985035927 4.742347470961863e-09 2.0997412678034207e-19 -4.199247295161679e-19 24659190944.700233 68325557335.20972 68325557334.20972 212942381846.06058 212942381846.06058
21.9244654679 3.9259548565005927e-19 5.2473941380631916e-37 1.2722464543472247e-18 1.6789333240697974e-19 6.043809364130738e-31 165862761006.63806 157878050625.3867 105117503602.13626 3.9259548565005927e-19 276437935011.0635 0.002087429850591427 381555438614.1997 0.0 923740362134.0654 214483903970.93997 1.000000859105753 1.8584023209200495e-12 276437935242.4095 4.3223464704428163e-19 -0.47386732333905407 -58015234677.92421 -7003455149.994643 322720874806.6812 -249822233740.2254 293605658624.1389 -5.407960255706153e-07 -0.08927860267664463 -0.3845887206642678 2.9319150102828063e-09 7.924774736271531e-20 -1.5806564544636425e-19 46282939795.617744 131122182365.71277 131122182364.71277 407560117376.77625 407560117376.77625
22.4659997649 1.446340405543922e-19 7.103882836699541e-38 4.68040998976132e-19 6.168333450387163e-20 1.1442461322704034e-31 321934174690.2719 306779056823.7157 204791719326.37286 1.446340405543922e-19 536556957817.1199 0.0019913181519821558 741348677144.4927 0.0 1789153894848.414 416108818128.2073 0.9999998557386495 -2.2370993946196904e-13 536556958047.57196 1.5890966663771198e-19 -0.47188277093993275 -110467049202.3457 -13384794109.03052 624754858359.6035 -486039898261.9324 569317634722.029 -3.8768163680117495e-07 -0.08736106942078714 -0.3845217015189219 1.790589503272892e-09 2.923395829171592e-20 -5.815830117203454e-20 88197900542.4836 255486625361.88916 255486625360.88916 792043583179.009 792043583179.009
23.0209099591 5.205179707630192e-20 9.178224747909623e-39 1.6821211067503664e-19 2.2140044421390842e-20 2.0835062208551032e-32 634730579623.4811 605513349293.0001 405243621208.91724 5.205179707630192e-20 1057884299372.4685 0.0019011695327647803 1463127920582.3857 0.0 3520293969901.0728 820050452220.9025 1.0000000166074856 1.8318679906315083e-14 1057884299602.0498 5.707524100992947e-20 -0.4699453177034808 -213643254167.6645 -25981227515.931465 1228593318926.3464 -960493531604.1986 1121379992384.1367 -2.7575938388192246e-07 -0.08548323174421586 -0.3844620859592832 1.0799066935423309e-09 1.0534645807425113e-20 -2.090476527209402e-20 170709019553.8779 505621039283.5559 505621039282.5559 1563505338656.0244 1563505338656.0244
23.5895264351 1.8288842081170153e-20 1.1303737135088714e-39 5.902498606594105e-20 7.759078390245686e-21 3.645123702662457e-33 1271700469758.2043 1214464670077.4844 814809682011.885 1.8288842081170153e-20 2119500782930.3406 0.0018172752646662617 2934310464943.2256 0.0 7039000242680.383 1642343977542.7417 1.000000448312675 3.489430966396867e-13 2119500783159.0732 2.001503432749721e-20 -0.46805370426759774 -419837133177.4828 -51241980877.16877 2455226930640.858 -1928714783994.607 2244542999247.1836 -1.945869872556357e-07 -0.08364424063915772 -0.3844094636287889 6.429511546854795e-10 3.706202467786404e-21 -7.336396944233646e-21 335726147710.517 1016756294190.876 1016756294189.876 3136257077121.217 3136257077121.217
24.172187738 6.269900821849461e-21 1.3254465466062706e-40 2.0209611538997328e-20 2.6533897079099792e-21 6.1211972347159116e-34 2590159072791.2983 2476183673397.26 1665357684895.6914 6.269900821849461e-21 4316931787985.4976 0.0017401579835267186 5982289472882.189 0.0 14309260225122.697 3343821224453.088 0.9999979688985214 -1.106448266341431e-12 4316931788213.4033 6.848791189928373e-21 -0.4662071969945459 -838651572577.1312 -102726983118.26733 4988082785824.83 -3937013790005.369 4567236802914.554 -1.3618792862568167e-07 -0.08184325553462353 -0.38436394145881586 3.777551577973352e-10 1.2721987839674891e-21 -2.512248124383143e-21 671150997839.3323 2078349602512.9023 2078349602511.9023 6395281390498.4 6395281390498.4
24.7692407752 2.0959988363264368e-21 1.4778886749995435e-41 6.747641463038952e-21 8.848765812889858e-22 9.856445316416774e-35 5365270598403.081 5134438364762.317 3461313998133.92 2.0959988363264368e-21 8942117664005.135 0.0016706326381939808 12403431662140.055 0.0 29584812178978.188 6924188121265.508 1.0000026848790038 1.0150769114147806e-12 8942117664232.238 2.2853368969083545e-21 -0.46439998979144653 -1703607658874.251 -209418106192.13266 10306473895609.816 -8172676885202.59 9451599071676.707 -9.451819146350612e-08 -0.08007943859919242 -0.3843205511932692 2.1894519232577717e-10 4.258152629996958e-22 -8.389048123036406e-22 1364356231604.6833 4320170703838.463 4320170703837.463 13262288367843.598 13262288367843.598
25.3810410223 6.828137159361153e-22 1.564979916077065e-42 2.1956547282799967e-21 2.875940366131428e-22 1.5202172239068425e-35 11307384147067.025 10832274627029.936 7320041175522.785 6.828137159361153e-22 18845640245111.71 0.001610055145612032 26165681420635.496 0.0 62239617167533.516 14587667122752.232 0.9999987124250541 -3.3495428652940973e-13 18845640245337.996 7.431870270276601e-22 -0.4626720173738665 -3520689166934.8916 -434308567422.3799 21668032800870.15 -17261941844988.066 19901384215408.06 -6.5035797407626e-08 -0.07835195029854125 -0.3843200670749903 1.250744886489267e-10 1.3890851183344251e-22 -2.730123016838044e-22 2822392555758.4355 9137412051973.613 9137412051972.613 27983052297085.324 27983052297085.324
26.0079527356 2.166266225486507e-22 1.5709514060002874e-43 6.957672875670484e-22 9.103532122512442e-23 2.243477073937807e-36 24243233821856.81 23259674535446.23 15772263676018.578 2.166266225486507e-22 40405389703094.68 0.00178535663530408 56177653379114.26 0.0 133259305745246.33 31278450243364.98 1.00000553533498 9.821032875834135e-13 40405389703319.8 2.3529824094393776e-22 -0.46114434140423105 -7403663264130.423 -916696127131.2695 46363350645597.59 -37126858748392.75 42648522115624.51 -4.435633623907599e-08 -0.07664286393496275 -0.3845014774702504 7.036060017036145e-11 4.4177014500322577e-23 -8.652959240389829e-23 5957960942502.912 19691315330796.75 19691315330795.75 60096705033891.43 60096705033891.43
26.6503491681 6.68851562717613e-23 1.4896163076955028e-44 2.1437406940881483e-22 2.8046860144288387e-23 3.1643523172408304e-37 52786285675769.34 50809940214496.83 34709073549593.938 6.68851562717613e-23 87977142792948.9 0.003106706925144578 122686216342543.84 0.0 289899064557228.2 68291989664209.8 0.9999933434694521 -7.982503547054876e-13 87977142793171.53 7.236176213519623e-23 -0.4599395293716007 -15835311931447.377 -1970101946430.859 100906947309300.33 -81389324588707.2 92963445854172.75 -2.997977064979601e-08 -0.07488473961369722 -0.3850547897571052 0.0 1.371701845622796e-23 -2.667168160930111e-23 12929804516351.424 43348581576998.89 43348581576997.89 131325724369947.8 131325724369947.8
27.3086127926 2.0084255050336646e-23 1.3134399615117436e-45 6.4033224099196e-23 8.4043693226231e-24 4.2608358305239816e-38 115112095510942.94 112712434800594.2 79935639540664.25 2.0084255050336646e-23 191853492518238.25 0.011442145636888166 271789132058903.5 0.0 635206407658480.5 150879917641172.8 1.0000047062124813 3.779199175824033e-13 191853492518448.34 2.1402716967474214e-23 -0.4626933042292215 -34259862583201.664 -4313090776030.869 222578601219121.72 -183854623483742.47 205420745152048.44 -2.0075681639588502e-08 -0.07264927950292922 -0.3900440247266702 0.0 4.26105588344596e-24 -7.983703891728008e-24 30725108700883.457 100005164548241.97 100005164548240.97 291858657066480.25 291858657066480.25
27.9831355286 5.8611240808129935e-24 9.60728796631338e-47 1.8144491402152493e-23 2.4476440429279965e-24 5.47062292033932e-39 224721370826639.62 248753546895356.06 219865110394658.5 5.8611240808129935e-24 374535618044399.4 0.06802464866356292 594400728439058.9 0.0 1302696750158807.2 337113784220190.0 1.0000167543204699 8.923972671937008e-13 374535618044542.8 5.663110405823264e-24 -0.49115890571828885 -71610190983115.44 -9623457518721.018 481358493319539.4 -454642871606787.5 445926683703748.5 -1.3316150530085029e-08 -0.0668069077597756 -0.42435199795940565 0.0 1.5182266331619002e-24 -2.2943556199144927e-24 106822875275140.0 277523538958837.75 277523538958836.75 652059157003237.1 652059157003237.1
28.6743189761 1.6609378614539735e-24 6.462253732526706e-49 5.128777716949986e-24 6.917925765032872e-25 6.688430673028531e-40 43628236081226.375 575109988539471.8 1213387772930342.8 1.6609378614539735e-24 72713726802043.97 0.38722610842946886 1286101499732387.8 0.0 1531364159043142.5 1080863426087212.4 0.9999895884411336 -3.6426417437951386e-13 72713726802048.1 8.040349823456261e-25 -0.7689623995680764 -65324197194300.195 -21895308569189.094 917464908915439.2 -1844319568329528.5 892716406734905.4 -8.746537968666951e-09 -0.026273352737058567 -0.7426890468306536 0.0 1.0457891999633405e-24 -7.121927917246825e-25 844751182113395.4 1563579337348211.8 1563579337348210.8 1636293064150255.8 1636293064150255.8
29.3825746548 4.566904026357064e-25 6.741162667569999e-47 4.00830079479469e-24 1.8429238200636827e-25 7.776277134430582e-41 1.4236474535270051e+17 3865893079846039.0 -2.0231986034508365e+17 4.566904026357064e-25 2.372745755878342e+17 -39.99829223435359 3.495471524275056e+16 0.0 4.938922374265281e+17 5128554331317602.0 0.9999755173728598 -5.56998891454441e-13 2.372745755878342e+17 2.8280247910200524e-23 37.66619936852281 -3179878581611654.5 -50825625878574.375 3.732261696069625e+16 2.243882653216807e+17 3.368093642568576e+16 -5.6875559994196965e-09 -0.54142064681135 38.20762001533471 0.0 -2.0584656036476567e-23 1.6529733167992455e-24 -1.9995195862713792e+17 -2.647109366168941e+17 -2.647109366168941e+17 2.372745755878342e+17 2.372745755878342e+17
