# r(1) ntot(2) grad2ntot(3) laplntot(4) tauk(5) tautf(6)  ptot(7) qtot(8) z(9) denstest(10) Fvw(11) vp(12) Fmggaus(13) Fcurvefit(14) divgradgrad2(15) divgradlapl(16) Har-dep-ind(17) vesp(18) Fmggapc(19) vpstitch4(20) vpts(21)  FxcPW91lb(22) FxcPW91lda(23) Fs1(24)  Fvw_ts(25) Fs(26) vxlda(27)  vcpw91(28) vw(29) Vresp(30) taupusbigZ(31) taurespts(32) Fpauli(33) FgeapauliusbigZ(34) zusbigZ(35) FmggausbigZ(36) FbigZnuc(37) 
0.000347222222222 3771.9725714059123 18435211298.919086 -776832854.9134434 636992.107397378 2624316.0195590267 0.13967694434811123 -22.20100920936279 -49.54250482724785 3771.9725714059123 0.23279490724685206 111.88098734560067 -48.309709920001 0.0 274508.6415766881 2658122877.427648 0.000887498394128912 -51770.38291084234 0.23279490724685206 428275.8071129139 -142.74961264446756 -0.030911696407860213 -0.016947478563830557 41.241123852677454 74.23615893845616 4.522816405704361 -11.496736193799538 -21.507156740901912 51649.14045493877 104.97088857253581 -165048866.64090085 107080367.00315791 41.008328945430605 -62.8921461480979 -63.8921461480979 0.23279491472571023 0.27200920647109217
0.000351493055556 3771.3927386923715 18429451719.469532 -767592128.5293068 636897.2391288474 2623643.6983451657 0.13969056121513077 -21.942541083611804 -48.96815138760421 3771.3927386923715 0.23281760202521795 111.88260566170703 -47.73533378557899 0.0 -57252.17848717734 116727658.0041578 0.0008983736669890337 -51140.49851299172 0.23281760202521795 428166.1864341631 -117.50301621021208 -0.030913304020767297 -0.016947822721692624 40.722405397978406 73.37462121406455 4.4568307879460995 -11.496147065677551 -21.506072018568773 51044.50156880008 104.97088722832277 -163063335.9291863 105787101.88711806 40.489587795953184 -62.15147888870609 -63.15147888870609 0.2328176096829755 0.2720319014920032
0.000355816420139 3770.8058657768624 18423677528.138668 -757970633.0930157 636801.6976401682 2622963.284121419 0.13970475932278772 -21.673119797793042 -48.36945845335163 3770.8058657768624 0.23284126553797954 111.8838927869746 -47.136617187813656 0.0 -23334.047957742907 -152400806.15183064 0.0009093816950045341 -50518.267556928666 0.23284126553797954 428055.25419267436 -125.2460160347764 -0.030914954772451087 -0.016948177766320592 40.23066112886196 72.47657392484811 4.412526898913308 -11.495550722999704 -21.504990193715262 50414.526531087606 104.9708858506412 -160995976.12865317 104440534.57424356 39.997819863323976 -61.37942421964934 -62.37942421964934 0.23284127377250186 0.2720555652457929
0.000360192962107 3770.211868317415 18417799784.736702 -748651121.7678051 636704.6919849413 2622274.6816621134 0.13971887269055158 -21.412262615065092 -47.789796733760284 3770.211868317415 0.232864787817586 111.88541750740355 -46.5569319459427 0.0 -5592.345414279192 34077278.13593581 0.000920524086165079 -49903.59704892667 0.232864787817586 427942.98741011193 -120.62776118665352 -0.030916622114187903 -0.01694854383207924 39.73713301729228 71.60707350470122 4.360923863567375 -11.494947077806982 -21.503892462509707 49804.47318020253 104.97088443849682 -158993526.6563069 103136250.21862707 39.5042682294747 -60.63191158735887 -61.63191158735887 0.23286479647928693 0.27207908779890533
0.000364623335541 3769.6106605253967 18411945465.085022 -739424486.6364557 636606.670139337 2621577.7941370853 0.13973387300546608 -21.153992310187483 -47.215884945609915 3769.6106605253967 0.23288978834244348 111.88617875417353 -45.982995157267474 0.0 -22834.093463850157 41093967.89639861 0.0009318024675818689 -49296.39512553598 0.23288978834244348 427829.37275902065 -117.41622145920701 -0.03091834538838466 -0.01694892105571971 39.250456961927355 70.7461974889674 4.310811564005359 -11.494336040605647 -21.50280584707609 49200.48170992385 104.97088301488675 -157011049.38245678 101844974.28314154 39.017567173584915 -59.89181390443472 -60.89181390443472 0.23288979757872064 0.27210408848927303
0.000369108202568 3769.0021549456355 18406029164.67033 -730245753.5545743 636507.3430332522 2620872.522859004 0.13974912126473135 -20.897022285100842 -46.6448630354311 3769.0021549456355 0.2329152021078856 111.8868473411442 -45.41194783332322 0.0 -25150.29462550718 -15590826.197316827 0.0009432184856968839 -48696.57103938415 0.2329152021078856 427714.39493469923 -118.50397678335867 -0.03092009914098692 -0.016949309576722093 38.772390486908314 69.88965615244403 4.264031273819785 -11.493717520141784 -21.501712293253668 48599.56877489405 104.97088162901548 -155038874.93005085 100560410.1152108 38.539475284800425 -59.15544292132347 -60.15544292132347 0.23291521150114902 0.27212950293523386
0.000373648233459 3768.386264552356 18400026769.01707 -721196864.2815834 636406.7787690222 2620158.7697145566 0.13976444287520787 -20.643697414951447 -46.081941578225745 3768.386264552356 0.23294073812534646 111.8876502370033 -44.8490008401004 0.0 -20595.79986198539 -1600315.9044183209 0.0009547738066777496 -48104.03514575028 0.23294073812534646 427598.03699987853 -118.36634686536854 -0.03092187660136424 -0.01694970953408089 38.29936662078127 69.04526545463015 4.217045178412629 -11.493091425529968 -21.500606746306012 48007.16940563121 104.9708802680389 -153094614.0565612 99294029.53214636 38.06642588265592 -58.4295180223905 -59.4295180223905 0.23294074824299515 0.27215503939334484
0.000378244106731 3767.76290088669 18393960690.802883 -712259226.430623 636305.0049804474 2619436.4350074283 0.13978001664288922 -20.39348665551613 -45.525940740617905 3767.76290088669 0.23296669440481538 111.88839423431692 -44.29297404621309 0.0 -22710.40280192552 6606406.198358634 0.0009664701164970661 -47518.69888893504 0.23296669440481538 427480.28308462776 -118.14642394874681 -0.030923685221167178 -0.01695012106917009 37.83203804963657 68.21125554612524 4.170576935812839 -11.492457664358646 -21.499494035410038 47422.05195902171 104.97087893442925 -151174271.7174769 98043229.7570297 37.599071355231764 -57.71251773744539 -58.71251773744539 0.23296670485384463 0.2721809959413428
0.000382896509244 3767.1319745937826 18387814655.755882 -703422922.9326936 636201.8373583116 2618705.418082844 0.13979572764845524 -20.14610687237026 -44.976231164746444 3767.1319745937826 0.23299287941409208 111.88917033404883 -43.74323828533235 0.0 -21984.885962378838 -4990096.4234377565 0.0009783091211942206 -46940.47478959228 0.23299287941409208 427361.1170082962 -118.4137525731494 -0.03092552063780347 -0.01695054432492375 37.37069532062803 67.38668245398162 4.124983636303356 -11.491816143234226 -21.498370771058323 46843.559407790184 104.9708776281724 -149275715.94612673 96806622.40411238 37.13770244121394 -57.00363046386928 -58.00363046386928 0.23299289036494042 0.27220718126262167
0.000387606136307 3766.4933952751408 18381595902.98029 -694701046.3921744 636097.425059251 2617965.617158495 0.13981163970675667 -19.90193382904873 -44.43364797522941 3766.4933952751408 0.23301939951126113 111.88995100899 -43.20062857571815 0.0 -21096.58618826597 1735647.1051609735 0.0009902925471029368 -46369.27643121226 0.23301939951126113 427240.522152721 -118.21187722482864 -0.03092738568277499 -0.016950979446067604 36.91466415527129 66.57279882967369 4.079647019285322 -11.491166767629153 -21.497238561129997 46272.561792548564 104.97087634911084 -147401761.10552987 95586040.5362873 36.68164475576003 -56.30393315307089 -57.30393315307089 0.23301941104356028 0.27223370197556107
0.000392373691784 3765.8470714229347 18375301495.045273 -686081235.5290861 635991.7064795977 2617216.9292505346 0.13982773941099644 -19.66061433028267 -43.89740627382963 3765.8470714229347 0.23304623235166075 111.89074236120811 -42.66436004147797 0.0 -21779.32250354376 1229715.618171368 0.0010024221410844328 -45805.01844697252 0.23304623235166075 427118.48206148576 -118.27462800572539 -0.030929280084309282 -0.016951426579225153 36.46434089309314 65.76842733329387 4.035029495766394 -11.490509441813188 -21.496096851270792 45708.23991581806 104.97087509720605 -145549750.4166332 94379753.63294247 36.23129466074148 -55.612413625305706 -56.612413625305706 0.23304624462452694 0.2722605350991345
0.000397199888193 3765.192910541084 18368929206.71003 -677565870.6707305 635884.6177012731 2616459.25031601 0.13984401884163247 -19.42221737035162 -43.36765936943565 3765.192910541084 0.23307336473605414 111.89154358430059 -42.13458600469959 0.0 -20995.302497102704 -2477832.9974058326 0.00101469967075828 -45247.61650772474 0.23307336473605414 426994.97984615265 -118.35857841329562 -0.030931203794564245 -0.016951885872737715 36.019504141901585 64.9737979325748 3.9909687510334995 -11.489844068974577 -21.494945238665384 45150.75287455011 104.97087387242593 -143720195.51235762 93188095.00203772 35.78643077716553 -54.92926958254727 -55.92926958254727 0.23307337747883683 0.27228766810627636
0.000402085446818 3764.530819029099 18362478546.379498 -669156589.8027158 635776.1562897782 2615692.4751204927 0.1398604833698058 -19.186790768624977 -42.84451353527003 3764.530819029099 0.23310080561634303 111.89235488526184 -41.611412729653686 0.0 -20503.67789803749 1322837.892542266 0.0010271269247449815 -44696.987308728225 0.23310080561634303 426869.9984959377 -118.27045656080736 -0.03093315730390127 -0.016952357476847972 35.57996502985767 64.18907003436627 3.947334573652026 -11.489170551099951 -21.49378368986347 44600.210635857286 104.970872674816 -141913448.54387894 92011294.03141123 35.34686422424132 -54.25463807145053 -55.25463807145053 0.23310081910826652 0.2723151094069992
0.000407031097813 3763.86070221836 18355951856.878235 -660848423.9030334 635666.41376025 2614916.497282363 0.13987716007273945 -18.954192932829066 -42.327654161950136 3763.86070221836 0.23312860012123243 111.8931763864745 -41.0945255618289 0.0 -20846.64898336241 517420.89764680725 0.0010397057129005812 -44153.048557640446 0.23312860012123243 426743.52088374447 -118.25670152746898 -0.030935141979353327 -0.016952841543650347 35.14581393703216 63.41377170955145 3.904278087961262 -11.488488789009162 -21.492612775836257 44056.284468888814 104.970871504272 -140128441.74253637 90848655.1399127 34.912685336910926 -53.588113382652715 -54.588113382652715 0.2331286141873693 0.2723429046520339
0.000412037580317 3763.182464284295 18349343528.037796 -652639383.2608958 635555.2176320883 2614131.2091734204 0.1398940155521765 -18.724367611235696 -41.816956196156625 3763.182464284295 0.23315669258696087 111.89400819957243 -40.583799503569665 0.0 -20179.00737898277 -1735672.5641897465 0.001052437866567287 -43615.718961571336 0.23315669258696087 426615.52971812803 -118.36708512099722 -0.03093715675861123 -0.01695333822723138 34.71701748818269 62.64771539670593 3.861824688121311 -11.487798682263845 -21.491431374708156 43518.84330782505 104.97087036075499 -138364747.3713609 89699899.81912036 34.48386079559573 -52.92953425054413 -53.92953425054413 0.23315670742994454 0.2723709975527582
0.000417105642554 3762.496008427172 18342655563.24011 -644533974.9876486 635442.6484624799 2613336.502130579 0.13991107450642992 -18.497444965339664 -41.31270892224581 3762.496008427172 0.2331851241773832 111.89485046252088 -40.07952379806843 0.0 -19829.591126635638 1494950.3378231486 0.0010653252388096617 -43084.91821606999 0.2331851241773832 426486.00729554053 -118.22067289071856 -0.03093920291984232 -0.016953847683398773 34.29327032347195 61.891335008642926 3.819724316236113 -11.487100129349221 -21.490239986446202 42988.187783165726 104.97086924432875 -136623334.3370476 88565659.14675461 34.060085199294576 -52.279273727536605 -53.279273727536605 0.23318513978276634 0.27239942974756504
0.000422236041958 3761.801236553595 18335888260.586514 -636523660.0129682 635328.7302871299 2612532.266089523 0.1399283487871903 -18.273180821773913 -40.81436975029342 3761.801236553595 0.23321391464531716 111.89570329032081 -39.581155835648104 0.0 -20154.009924262136 -116645.11679776156 0.0010783697046674806 -42560.5669917112 0.23321391464531716 426354.9360446972 -118.30427027924452 -0.030941281228446645 -0.016954370070176174 33.87481749622814 61.14381665389169 3.7782821778317572 -11.486393027347809 -21.48903874910004 42463.751760181054 104.97086815494387 -134902367.4931055 87444737.72926529 33.64160358158282 -51.636632107525834 -52.636632107525834 0.2332139309345751 0.2724282209289649
0.000427429545274 3761.0980496009897 18329035650.697273 -628611362.9851348 635213.2790571945 2611718.3899628427 0.13994580250307287 -18.05165993587688 -40.322126972323545 3761.0980496009897 0.23324300417178812 111.89656681862353 -39.088883968151755 0.0 -19310.182746673916 -1313866.6659934043 0.0010915731614063006 -42042.58692352664 0.23324300417178812 426222.2979968069 -118.34408595135756 -0.030943390532258804 -0.016954905547311622 33.46142299255772 60.40544279042805 3.7373168533545655 -11.485677272267383 -21.487826464740273 41945.73066404002 104.97086709263026 -133202475.32559465 86337545.06941038 33.22817998838594 -51.00185220485802 -52.00185220485802 0.2332430212310268 0.272457311091011
0.000432686928681 3760.3863472785865 18322102562.997444 -620797543.5698812 635096.4696796127 2610894.761342713 0.13996348229543346 -17.832896391349234 -39.83601195454709 3760.3863472785865 0.2332724704923891 111.89744117493058 -38.6027394840547 0.0 -19251.516785262884 1485498.4621165518 0.0011049375287685947 -41530.90059841844 0.2332724704923891 426088.0749796455 -118.23087550116907 -0.030945533003405357 -0.01695545427668172 33.052955827915966 59.676260441656495 3.696752317810764 -11.484952758775059 -21.48660423879763 41434.156327156066 104.97086605734687 -131523756.9455333 85244145.61635095 32.81968335742358 -50.37497446963131 -51.37497446963131 0.23327248839003945 0.2724867781098621
0.000438008977904 3759.6660281413037 18315085144.940987 -613075624.0821904 634978.188719514 2610061.266589034 0.13998136864872385 -17.61670210379937 -39.35560670273745 3759.6660281413037 0.23330228108120643 111.8983264959177 -38.12230442165624 0.0 -19327.424916841133 -436115.96902217943 0.0011184647492270031 -41025.43154400133 0.23330228108120643 425952.2488089826 -118.32429140253225 -0.030947708156182394 -0.016956016422185097 32.64958285599876 58.955642627079094 3.656812711375112 -11.484219380270128 -21.485371325922472 40928.59262392472 104.9708650491717 -129864798.6066697 84163618.55636066 32.41628057491755 -49.7554598694857 -50.7554598694857 0.23330229991094775 0.2725165894336228
0.000443396488332 3758.936989616352 18307981571.417995 -605448804.5399714 634858.390180308 2609217.790862854 0.13999945761303023 -17.40316983101723 -38.881117339465 3758.936989616352 0.23333242935505039 111.89922290833046 -37.64778491010995 0.0 -18657.139228116015 -851521.8587448966 0.0011321567882477887 -40526.104217109605 0.23333242935505039 425814.80090603494 -118.33489317372732 -0.03094991613477584 -0.01695659214970822 32.251060356521876 58.243898532745824 3.6173067770002683 -11.48347702890872 -21.484127413374225 40429.25345134926 104.97086406810458 -128226288.14397605 83096411.96302018 32.017727927166824 -49.14357421331713 -50.14357421331713 0.23333244918166918 0.2725467384192668
0.000448850265138 3758.1991279384497 18300793172.13511 -597915966.556461 634737.1331738262 2608364.218054117 0.14001776947521213 -17.192268311819088 -38.412474425487176 3758.1991279384497 0.23336294912535357 111.90013055555988 -37.179111476361825 0.0 -18525.21869918717 888132.5164424992 0.0011460156345493883 -40032.84399240172 0.23336294912535357 425675.71255955024 -118.26118697677157 -0.030952158062294954 -0.01695718162723209 31.85732781798158 57.540923988522316 3.578227648659215 -11.482725595535385 -21.482872862728673 39936.065678287676 104.9708631141203 -126607985.3699666 82042369.34671012 31.623964868856227 -48.539227955066124 -49.539227955066124 0.23336296987820493 0.272577259119559
0.000454371123399 3757.452338114409 18293518855.51626 -590473142.6758059 634614.3964347781 2607500.430743485 0.14003630614117266 -16.98388432789565 -37.94942636738467 3757.452338114409 0.2333938435686211 111.90104957332998 -36.71603252381605 0.0 -18514.493905022107 -160799.2316721967 0.001160043300362538 -39545.577151244535 0.2333938435686211 425534.9649608265 -118.29218013762875 -0.030954434326342192 -0.016957785024894048 31.468446221086246 56.8463416032208 3.5396905209369156 -11.481964969644471 -21.48160751954453 39448.766578626455 104.97086218742997 -125009037.66052477 81000935.33937077 31.235052377517626 -47.94209664804563 -48.94209664804563 0.23339386529627815 0.272608154403123
0.000459959888217 3756.696513984061 18286155564.061718 -583120892.1643013 634490.0934185542 2606626.310275663 0.14005505456898326 -16.77803478769364 -37.49201072016214 3756.696513984061 0.23342509094830544 111.90198009860822 -36.25858562921384 0.0 -18068.115844223725 -413551.28712656355 0.0011742418217017257 -39064.23087076914 0.23342509094830544 425392.5389724593 -118.31671557299705 -0.030956744716982457 -0.01695840251490145 31.084286966866788 56.16020771659378 3.5016184432147703 -11.481195039439577 -21.48033080964589 38967.39448600579 104.97086128789606 -123429565.23598294 79972188.30703418 30.85086187591848 -47.352228721626645 -48.352228721626645 0.23342511377531783 0.2726394026172364
0.000465617394842 3755.9315481737362 18278704298.882294 -575859034.6329887 634364.2727811309 2605741.73670849 0.1400740329000745 -16.57471536378352 -37.04021789418571 3755.9315481737362 0.23345672150012417 111.90292228084382 -35.80676117268558 0.0 -17919.36574834023 493968.45425667096 0.001188613258629888 -38588.73321300847 0.23345672150012417 425248.4152829652 -118.27364456846408 -0.03095909028276899 -0.016959034271610895 30.704753871160428 55.482507934111844 3.463966562515145 -11.480415691783513 -21.479043026860555 38491.93861146687 104.97086041571563 -121869529.50248237 78956103.08107449 30.471297149660302 -46.76961180981236 -47.76961180981236 0.23345674554322582 0.27267103398526726
0.000471344488799 3755.1573320454117 18271163371.49509 -568684153.5423831 634236.8938105906 2604846.588757115 0.1400932388072788 -16.373828577762623 -36.59383126733513 3755.1573320454117 0.2334887313454647 111.90387625971434 -35.360342535989666 0.0 -17785.551652793474 -329053.62863619166 0.0012031596955314756 -38119.01311396265 0.2334887313454647 425102.57447393995 -118.31812689548678 -0.03096147125291495 -0.016959680471614263 30.32988861246236 54.81291732388754 3.426828646173832 -11.47962681214378 -21.477743890886227 38022.172730958046 104.97085957091703 -120328196.22450744 77952201.4219687 30.09639988111689 -46.193966563659025 -47.193966563659025 0.23348875653948087 0.2727030449474972
0.000477142026011 3754.373755762784 18263530949.35318 -561597345.4826238 634107.9111376712 2603940.7438734504 0.14011266896061866 -16.17540683684766 -36.15292285071423 3754.373755762784 0.23352111493436445 111.90484218161592 -34.91940173577987 0.0 -17384.23954067855 -67413.00525895038 0.001217883241386465 -37655.0003732586 0.23352111493436445 424954.9967747496 -118.30580647275929 -0.030963887820246994 -0.016960341293645122 29.959543600750614 54.15154390442655 3.390106653497034 -11.478828284657073 -21.476433090951158 37558.170999876784 104.97085875352336 -118805801.16004576 76960636.92862265 29.726022485816248 -45.625385846268564 -46.625385846268564 0.23352114136974655 0.27273542949095986
0.000483010872931 3753.580708202834 18255807885.269855 -554596813.5269239 633977.3689576879 2603024.0781470384 0.14013234075149558 -15.97939925478081 -35.71737958951513 3753.580708202834 0.23355390125249265 111.90582019733004 -34.48382568826264 0.0 -17327.739324911592 282490.9350655326 0.001232786030049908 -37196.62564332466 0.23355390125249265 424805.6623166868 -118.2857679786539 -0.03096634101543558 -0.016961016918722906 29.59369463068496 53.4982180838552 3.3538265537556677 -11.478019992036335 -21.475110891739117 37099.81498623775 104.9708579636987 -117301958.27489975 75981158.1192278 29.360140729432466 -45.06372386628137 -46.06372386628137 0.23355392900234095 0.27276821684864583
0.000488951906668 3752.778076972913 18247991501.3345 -547680538.4065094 633845.1940483988 2602096.466328011 0.140152244607293 -15.785748496270507 -35.28707405779712 3752.778076972913 0.23358707434548834 111.90681045535939 -34.053486983451634 0.0 -17044.930585486876 -437482.1353746461 0.001247870220526015 -36743.8204193099 0.23358707434548834 424654.55100213486 -118.32283741859283 -0.030968830788570198 -0.016961707530135296 29.232328150305758 52.85274872858051 3.3180244654466713 -11.47720181558522 -21.473776802830827 36646.97135869414 104.97085720146997 -115816233.61224978 75013482.37090252 28.998741075960268 -44.508816299068904 -45.508816299068904 0.23358710348304246 0.27280139107058576
0.00049496601512 3751.9657484244417 18240081474.871063 -540849578.7402095 633711.3917665037 2601157.7818461824 0.14017238914561186 -15.594485920314085 -34.862075954987766 3751.9657484244417 0.23362064857601977 111.9078131100438 -33.628455306411745 0.0 -16775.852702765427 319983.85201676015 0.0012631379972587343 -36296.51702869248 0.23362064857601977 424501.6424555469 -118.2776390992367 -0.030971357825703434 -0.01696241331342556 28.875301713276436 52.2152403829563 3.282605704960078 -11.47637363520906 -21.472430838643163 36199.71182043188 104.9708564669915 -114348854.83197185 74057757.97533795 28.641681064700418 -43.9607530269895 -44.9607530269895 0.23362067919577612 0.2728349665187588
0.000501054097106 3751.1436075746074 18232077471.98329 -534100632.9739938 633575.9672629441 2600207.896723904 0.14019278303765267 -15.405517198651495 -34.44217567557763 3751.1436075746074 0.2336546383960878 111.90882831543477 -33.20852103718154 0.0 -16768.710104743997 88680.66322009363 0.0012785915704082852 -35854.648621221 0.2336546383960878 424346.91623472644 -118.30210268301016 -0.030973922819445835 -0.016963134456522224 28.522658387070567 51.585378633901065 3.2476623782844047 -11.47553532933198 -21.47107301213821 35757.81759155013 104.97085576042093 -112899112.47213626 73113522.80093996 28.28900374867448 -43.419263749787824 -44.419263749787824 0.23365467052179845 0.272868957622038
0.000507217062501 3750.311538163019 18223976148.47483 -527433566.6943177 633438.8255189477 2599246.681644961 0.14021341192822653 -15.218839281941271 -34.027366421985384 3750.311538163019 0.23368901988037757 111.90985622693474 -32.793677402105004 0.0 -16399.900822788564 -466547.36726685043 0.0012942331761490059 -35418.14915887552 0.23368901988037757 424190.3515711935 -118.3380199425228 -0.030976525540322132 -0.016963871149660675 28.174308515401187 50.963153293017946 3.213151937412488 -11.474686774951495 -21.469702691394737 35321.28084162439 104.97085508177659 -111466977.66272092 72180758.10465504 27.94061949552081 -42.88433970113905 -43.88433970113905 0.23368905358775205 0.2729033404014466
0.000513455832369 3749.4694226189085 18215778524.31557 -520848802.2120172 633300.0171072274 2598274.0059201582 0.14023429514256427 -15.034465216868922 -33.61767721547548 3749.4694226189085 0.23372382523760712 111.91089700663696 -32.38395339023788 0.0 -16161.493307746843 211624.4603099016 0.0013100650769509456 -34986.95340620605 0.23372382523760712 424031.9274392359 -118.29079119202652 -0.03097916711819213 -0.01696462358544333 27.83013998650744 50.348607881467345 3.1790085672565236 -11.473827847601877 -21.468320180898015 34890.13093519492 104.97085443123929 -110052541.35991177 71259523.1032276 27.596416161269836 -42.356018306443985 -43.356018306443985 0.23372386062735706 0.2729381471304676
0.000519771339107 3748.6171419813923 18207483491.44714 -514343309.0723233 633159.5218409672 2597289.7373988144 0.14025543578439092 -14.852308398622426 -33.2129156055082 3748.6171419813923 0.23375905964065155 111.91195081267777 -31.97915654586755 0.0 -16079.33510527883 104618.29493148744 0.0013260895618824806 -34560.99692013983 0.23375905964065155 423871.62277505884 -118.29682562220842 -0.030981848034940397 -0.016965391958971704 27.49018797025958 49.7414537217154 3.1453146462457555 -11.472958421269503 -21.466925329713412 34464.16701984734 104.9708538089564 -108655152.34332857 70349393.61870371 27.25642891061893 -41.834051387792684 -42.834051387792684 0.2337590967719877 0.27297338296716767
0.000526164526578 3747.754575985297 18199088954.164318 -507916824.3784442 633017.2867605014 2596293.742571561 0.1402768294683744 -14.672362068959284 -32.81306656727008 3747.754575985297 0.233794715780624 111.91301781137467 -31.57927185148945 0.0 -15847.021675979915 -160383.81479959041 0.001342308946902604 -34140.21604079503 0.233794715780624 423709.4161405903 -118.30884954080102 -0.030984568475566632 -0.016966176467724272 27.15437164243761 49.14166827897824 3.1120348180632385 -11.472078368477021 -21.465517775350985 34043.37270902958 104.97085321508953 -107274754.18138024 69450332.9282169 26.920576926656985 -41.31841956955433 -42.31841956955433 0.23379475473388944 0.27300904057711384
0.000532636350255 3746.881602982279 18190594260.784492 -501568664.2034873 632873.3071852103 2595285.886482993 0.14029848305917247 -14.49460732291007 -32.41808809988782 3746.881602982279 0.2338308050986208 111.9140981654915 -31.184257294789198 0.0 -15622.732031628786 -21745.914917343584 0.0013587255751608537 -33724.54788176017 0.2338308050986208 423545.2859415466 -118.3084139781422 -0.030987329082291806 -0.016966977311687996 26.82262909946339 48.549188548132186 3.079152275222534 -11.471187560199429 -21.464097465936593 33627.70356524797 104.97085264978116 -105911200.00893234 68562245.37144709 26.588798294364775 -40.809068688944365 -41.809068688944365 0.2338308460311036 0.27304513150720855
0.000539187777363 3745.998099961226 18181998251.511616 -495297803.76902175 632727.5616656055 2594266.0327590676 0.1403203996382386 -14.319015403046196 -32.02791630252968 3745.998099961226 0.2338673327303977 111.9151920453181 -30.794048969799285 0.0 -15456.74338207748 125491.34316468268 0.0013753418173022163 -33313.93032074888 0.2338673327303977 423379.210359695 -118.30058416425891 -0.030990130349740703 -0.01696779469333719 26.49491397623964 47.9639186762177 3.0466653502544427 -11.470285865881337 -21.46266424116112 33217.09240082578 104.97085211320731 -104564269.68423851 67684987.5677903 26.261046643509246 -40.305916341598845 -41.305916341598845 0.23386737569665839 0.2730816607888482
0.000545819787025 3745.1039425004815 18173299981.337418 -489102828.46245944 632580.0360648409 2593234.043555877 0.14034258407909045 -14.145546263300105 -31.642462191154443 3745.1039425004815 0.2339043067984841 111.91629961980782 -30.40855788435596 0.0 -15302.02656603347 -141704.93692622177 0.001392160071772609 -32908.30199022584 0.2339043067984841 423211.16736771713 -118.31722071042168 -0.03099297284938784 -0.01696862881771778 26.171197540816724 47.3857251844655 3.014589637990575 -11.469373153384595 -21.46121798756937 32811.445987502986 104.97085160553814 -103233659.28928746 66818361.56172002 25.93729323401824 -39.80884777670591 -40.80884777670591 0.23390435188592218 0.2731186366184458
0.000552533370405 3744.1990047925538 18164497529.026424 -482983412.99559516 632430.6838203797 2592189.7795921997 0.14036503384679688 -13.974191341950402 -31.26170673595911 3744.1990047925538 0.23394172307799482 111.9174210619879 -30.027765012881115 0.0 -15012.449403045266 -95774.32374047002 0.0014091827651239286 -32507.60226844011 0.23394172307799482 423041.13466627407 -118.31825034271242 -0.03099585685937974 -0.01696947989242013 25.851405945359566 46.81457952957933 2.9828946197334694 -11.468449289009776 -21.459758382307232 32410.743776479703 104.97085112697081 -101919298.99606204 65962321.900190026 25.61746422228157 -39.31783845397919 -40.31783845397919 0.23394177039884967 0.2731560547065175
0.000559329530861 3743.2831596004676 18155591118.920143 -476938863.25832826 632279.5301488413 2591133.1001032237 0.14038776311726606 -13.804931418980221 -30.885607246796443 3743.2831596004676 0.23397960519544345 111.91855654691815 -29.651627641601 0.0 -14904.87365921491 244291.62248259314 0.001426412352334731 -32111.771270069028 0.23397960519544345 422869.08976032597 -118.28892604387147 -0.030998783334982117 -0.016970348127657284 25.535482028061537 46.25041766846285 2.9515660952074056 -11.467514137447836 -21.458285564848694 32014.940629590008 104.97085067776894 -100621039.79133287 65116771.504691854 25.301502422866093 -38.8328333219642 -39.8328333219642 0.2339796548342471 0.2731939387358545
0.000566209284091 3742.3562782327717 18146578727.488117 -470966782.65446186 632126.5253813867 2590063.862815939 0.1404107688394686 -13.63769797578725 -30.514011455585692 3742.3562782327717 0.234017948065781 111.91970624945068 -29.27999350751991 0.0 -14757.990066650807 -207792.15628921846 0.0014438513171135452 -31720.749837509236 0.234017948065781 422695.01003261586 -118.32897905637947 -0.031001752543379148 -0.01697123373631526 25.22344196509039 45.69301120068995 2.9206634143017984 -11.466567561750672 -21.456799191645338 31623.8776576445 104.9708502580723 -99338366.66451606 64281374.94068428 24.989424017024607 -38.353636020586215 -39.353636020586215 0.2340180001614952 0.27323228367376073
0.000573173658285 3741.418230590809 18137458431.110134 -465068113.6203655 631971.6233295298 2588981.924007969 0.14043404885191893 -13.472519138924685 -30.14698186257622 3741.418230590809 0.23405674808653157 111.92087035200848 -28.91292511448969 0.0 -14458.351406749467 -44690.062243882196 0.0014615021722251323 -31334.479532015233 0.23405674808653157 422518.8724214759 -118.31586082995273 -0.031004764792380672 -0.01697213693389157 24.91516121098183 45.14245387783547 2.890103261271683 -11.46560942337541 -21.455298940924727 31237.61897012621 104.97084986811656 -98071482.26190813 63456264.23956735 24.6811044628953 -37.880327148087986 -38.880327148087986 0.23405680281199825 0.27327108580501547
0.000580223694282 3740.4688850843345 18128231037.987553 -459241230.2676024 631814.8692218101 2587887.138414632 0.1404576222853646 -13.309348680163227 -29.784415766711415 3740.4688850843345 0.23409603714227434 111.92204903589322 -28.55031972956914 0.0 -14371.136228737556 119814.78178280292 0.0014793674598110639 -30952.902624780156 0.23409603714227434 422340.6537953423 -118.29925862647724 -0.03100782125146138 -0.016973057938637442 24.6106252913104 44.59859163768637 2.8599129860981307 -11.46463958209415 -21.453785080368657 30856.057151234047 104.97084950816392 -96820037.3328534 62641211.879268475 24.376529254168126 -37.41277426501931 -38.41277426501931 0.23409609455571112 0.27331037709816686
0.000587360445722 3739.508108629636 18118893605.376232 -453484633.4087691 631656.183128516 2586779.3592313034 0.14048147937220404 -13.148143997779776 -29.42621848302499 3739.508108629636 0.2341357989536734 111.92324248335218 -28.192082684071316 0.0 -14170.94098157931 -94015.47142556404 0.0014974497517061228 -30575.96208850847 0.2341357989536734 422160.33081923414 -118.32118860423361 -0.03101092193267077 -0.0169739969715733 24.309815405953778 44.0612824582196 2.83011506028817 -11.463657895987831 -21.452257069881494 30479.09315697412 104.9708491784609 -95583709.71436524 61836008.06186851 24.075679607000104 -36.950855268448265 -37.950855268448265 0.23413585919931457 0.2733501411802799
0.000594584979204 3738.5357666975083 18109445657.93349 -447798557.64023376 631495.5677341226 2585658.4381733374 0.1405056295885667 -12.988912737733408 -29.07240701657582 3738.5357666975083 0.23417604931427782 111.92445088513183 -27.83823096726154 0.0 -14010.649637207942 79271.55803747132 0.0015157516497750743 -30203.60158885752 0.23417604931427782 421977.87977495085 -118.3084575146313 -0.03101406762723512 -0.01697495425642697 24.012640050238147 43.53055184175897 2.8006580120019953 -11.46266422149097 -21.450714901831784 30106.74384624472 104.97084887919763 -94362549.97951977 61040685.73007432 23.778464000923872 -36.49459208780224 -37.49459208780224 0.23417611259916205 0.27339039403230403
0.000601898374449 3737.551723197127 18099885687.334076 -442181030.8682595 631332.9913383247 2584524.225346895 0.1405300745546257 -12.831598554920975 -28.722856158423834 3737.551723197127 0.2342167909243762 111.92567442624308 -27.48863936749946 0.0 -13841.780518495012 -171617.48231043154 0.0015342757862385759 -29835.765475834967 0.2342167909243762 421793.2768920116 -118.33610647162277 -0.031017258815714363 -0.016975930019826127 23.719102547123075 43.006211973994276 2.7715856573419813 -11.461658413268614 -21.4491583464879 29738.878527709832 104.97084861074099 -93156134.38371 60254968.88692897 23.4848857561987 -36.043823257724185 -37.043823257724185 0.2342168572965032 0.273431138187866
0.000609301724454 3736.5558405740708 18090212154.70074 -436632605.1827048 631168.4213893623 2583376.5693667717 0.1405548157854816 -12.67621831714987 -28.377603394830054 3736.5558405740708 0.234258026309136 111.92691330183996 -27.14334536852092 0.0 -13588.325679285783 30130.560247277044 0.0015530248240028567 -29472.398775856152 0.234258026309136 421606.49795982015 -118.31106387394902 -0.031020495979565844 -0.016976924491160183 23.42909980437284 42.48831908347536 2.7428338307004667 -11.460640324312013 -21.447587167961753 29375.535299150164 104.97084837327667 -91964581.7003908 59478934.92206779 23.1948417780637 -35.598597119324666 -36.598597119324666 0.23425809597657243 0.27347237625054543
0.000616796135665 3735.547979672746 18080425502.613888 -431151409.19572467 631001.8917804321 2582215.3172027697 0.1405798703479329 -12.522718564270729 -28.036529950746704 3735.547979672746 0.2342997839132215 111.92816770475434 -26.802230166833482 0.0 -13538.688290010641 152286.13579813333 0.001572001457004108 -29113.447183044493 0.2342997839132215 421417.5187284071 -118.30301373818293 -0.03102378023140629 -0.016977937902806287 23.142632833461388 41.97669499814898 2.714443035380012 -11.459609805793402 -21.44600155932692 29016.59017086564 104.97084816720975 -90787489.90883942 58712321.94732048 22.908333049548165 -35.15876050459904 -36.15876050459904 0.23429985706927803 0.27351413672706515
0.000624382728134 3734.5279998128626 18070522176.163322 -425736207.61817086 630833.3028261975 2581040.3142728996 0.14060522438716497 -12.371064254514684 -27.699557935050652 3734.5279998128626 0.23434204064527495 111.9294378314345 -26.46521589440538 0.0 -13337.471555926642 -212366.12285516475 0.0015912084105391797 -28758.857051531348 0.23434204064527495 421226.3146931827 -118.33984327306825 -0.03102711144526823 -0.01697897049002532 22.859676565437884 41.47122288902755 2.686426952159454 -11.45856670713944 -21.444400850252926 28661.961609108534 104.97084799275432 -89624593.55000739 57954957.11333928 22.625334524792606 -34.72421296730322 -35.72421296730322 0.23434211740098798 0.27355639639748464
0.00063206263569 3733.495758771126 18060501959.29245 -420387765.6438167 630662.6667103234 2579851.404427426 0.14063089014087427 -12.221278469441087 -27.366738658225934 3733.495758771126 0.23438481690145713 111.93072388319736 -26.132353841324477 0.0 -13109.005264400164 18412.87340617322 0.0016106484416173249 -28408.575387257213 0.23438481690145713 421032.86087818485 -118.3161537555061 -0.03103049055028074 -0.016980022491004176 22.580121619045475 40.971979715038415 2.6587136230269586 -11.457510876007692 -21.442785092623634 28311.702018594333 104.97084785023596 -88476057.25611813 57206947.65285435 22.345736802144014 -34.2950206761054 -35.2950206761054 0.23438489747723235 0.2735991757933107
0.000639837006109 3732.451112693464 18050364138.09572 -415104066.9182921 630489.9791473686 2578648.4298530556 0.14065687614620123 -12.073303463336417 -27.037943809112335 3732.451112693464 0.2344281269103354 111.93202606282276 -25.803515682202 0.0 -13022.664900280406 114965.25964678075 0.0016303243392972104 -28062.54984002978 0.2344281269103354 420837.1323726235 -118.31340079947768 -0.031033918332408882 -0.016981094147006447 22.303978076995456 40.47877300469839 2.6313512924140485 -11.456442158191905 -21.441154231656647 27965.677593461958 104.97084774001021 -87341447.80950268 56468011.380989574 22.06954995008512 -33.871018165310666 -34.871018165310666 0.234428211469785 0.27364248906000865
0.000647707001284 3731.393916151552 18040106433.753906 -409884331.0835314 630315.1835983538 2577431.2311434634 0.14068317889900434 -11.927117379433097 -26.71312481192393 3731.393916151552 0.2344719648316739 111.93334457310681 -25.478652847092256 0.0 -12856.945136154985 -146909.96375179678 0.0016502389250422792 -27720.728695770955 0.2344719648316739 420639.10389542946 -118.3309856823762 -0.031037395098794242 -0.01698218570229983 22.031204288590807 39.991529896275345 2.6043354867738846 -11.455360397674754 -21.43950787432302 27623.8372179629 104.97084766245621 -86220597.58351016 55738039.14714469 21.796732323759134 -33.452142793062556 -34.452142793062556 0.23447205355847345 0.2736863304095277
0.0006556737974 3730.3240221037304 18029727749.826027 -404728421.7224086 630138.263278726 2576199.6472598054 0.14070980425246365 -11.782717097049362 -26.392274740483717 3730.3240221037304 0.23451634042077277 111.93467962175937 -25.157758400062946 0.0 -12635.151194660839 -12954.341865222957 0.0016703950530732282 -27383.060868728044 0.23451634042077277 420438.74984620116 -118.32578675261175 -0.0310409215387273 -0.016983297404231944 21.761732021469896 39.51023999725198 2.5776344251565577 -11.454265436582682 -21.43784588407561 27286.17292785951 104.97084761785189 -85113477.40022665 55017011.95830934 21.527215681049125 -33.038385627743665 -34.038385627743665 0.23451643354784846 0.2737307095803213
0.000663738585108 3729.241281871892 18019227322.639095 -399635382.7250732 629959.2127371584 2574953.5155097675 0.14073676081878134 -11.640075645577921 -26.07533367286765 3729.241281871892 0.23456126803130223 111.93603142127425 -24.840772404836347 0.0 -12557.165374358528 178823.5523067279 0.001690795610717886 -27049.495893915446 0.23456126803130223 420236.0444817271 -118.31021605839851 -0.031044498458303555 -0.01698442950328209 21.4955289087866 39.03481341995771 2.55125210288253 -11.453157115156943 -21.436168197264017 26952.62184605431 104.97084760659499 -84019881.92168878 54304796.06695363 21.260967640755297 -32.62966939620859 -33.62966939620859 0.2345613657872806 0.27377564098843
0.000671902569705 3728.1455451203315 18008603232.14378 -394603408.3168855 629777.98793078 2573692.671529021 0.14076404834195833 -11.499141273221243 -25.76218660470196 3728.1455451203315 0.23460674723659722 111.93740018511578 -24.527579857465362 0.0 -12416.883716867662 -244012.31598021754 0.001711443518774338 -26719.983919485203 0.23460674723659722 420030.9619398358 -118.35431452972261 -0.031048126312774177 -0.016985582253110046 21.232599801431046 38.56507765797407 2.5252296633865363 -11.452035271726498 -21.43447450010271 26623.064079455584 104.97084762906472 -82939423.15005596 53601138.7689622 20.99799305419445 -32.225845792528894 -33.225845792528894 0.23460684982843671 0.2738211241508951
0.000680166971312 3727.0366598877185 17997853153.672054 -389633625.393862 629594.5313689806 2572416.94932393 0.14079166354010253 -11.359947660203284 -25.452908376066713 3727.0366598877185 0.23465277256683756 111.93878612636723 -24.218255603499877 0.0 -12110.817431831514 -40879.37249301848 0.0017323417318747794 -26394.475699364542 0.23465277256683756 419823.47570612706 -118.33211505003783 -0.031051805441517356 -0.01698675591052304 20.97282511256595 38.10114497324445 2.4994821151731887 -11.450899742735203 -21.432764391175187 26297.57634870568 104.97084768570353 -81872343.38637939 52906197.93358595 20.738172339999114 -31.82701132796403 -32.82701132796403 0.23465288024372177 0.2738671536115407
0.000688533025059 3725.9144725054825 17986979032.947186 -384724631.62984324 629408.9289822733 2571126.181183685 0.14081963670118394 -11.222454807314975 -25.147410144701702 3725.9144725054825 0.23469939450197325 111.9401894678845 -23.91271075019973 0.0 -12103.976630101648 251431.1523276435 0.0017534932388476086 -26072.922585789787 0.23469939450197325 419613.5593567515 -118.28778060092736 -0.031055537540471637 -0.01698795073561929 20.71619417970006 37.642882085551896 2.4740340549111455 -11.44975036265254 -21.431038397245608 25976.065843586104 104.97084777689552 -80818341.49958178 52219777.35732387 20.481494785198088 -31.433051435217756 -32.433051435217756 0.23469950747868784 0.2739137799099438
0.000697001981267 3724.7788275516423 17975976580.0851 -379873759.0968322 629221.0577217789 2569820.1976334373 0.14084794950491214 -11.086585730199925 -24.84552080711822 3724.7788275516423 0.23474658250818692 111.94161042843704 -23.610774224610033 0.0 -11973.52633398994 -175885.98036467814 0.001774901063074292 -25755.276522139044 0.23474658250818692 419401.18646299164 -118.35113208826078 -0.031059322356445165 -0.016989166991877427 20.46275141663787 37.190032349841275 2.448965283645709 -11.448586963920459 -21.429295691419412 25658.3546857422 104.9708479029523 -79776844.10428296 51541503.62851985 20.228004834129685 -31.04374546427409 -32.04374546427409 0.23474670109634155 0.2739609725171066
0.000705575105637 3723.6295680356634 17964843942.407486 -375083099.3315258 629030.8764006677 2568498.8276532115 0.14087660281633893 -10.952402293119755 -24.547377840734775 3723.6295680356634 0.23479433802723157 111.94304923647398 -23.312583502707543 0.0 -11734.387656312967 -23775.247970631506 0.0017965682628983102 -25441.49003566771 0.23479433802723157 419186.32958282693 -118.3331841507279 -0.03106316041383106 -0.01699040494588659 20.212338428536647 36.74280198175974 2.4241503203964174 -11.447409377136774 -21.427535976025037 25344.584387493007 104.97084806453857 -78748300.85373528 50871669.67142597 19.977544090509415 -30.659270701589577 -31.659270701589577 0.2347944624822198 0.2740087328255908
0.000714253679436 3722.466535122535 17953582177.66062 -370350440.6456227 628838.4416949407 2567161.8983670636 0.14090562050503255 -10.819840800102952 -24.252839734310314 3722.466535122535 0.23484270084172093 111.94450611470478 -23.017997033468593 0.0 -11636.43388574943 -17676.64353180519 0.0018184979319513927 -25131.51623052982 0.23484270084172093 418968.96171820175 -118.33428690835353 -0.031067053169049032 -0.016991664867793996 19.964981804279798 36.30097870118489 2.3996501156614514 -11.446217430766396 -21.425759587484702 25034.607703208952 104.97084826190009 -77732236.6335357 50209965.971779786 19.730139103438077 -30.279444659481783 -31.279444659481783 0.2348428314535801 0.2740571006734932
0.000723038999693 3721.2895682815088 17942187663.36636 -365675510.69464254 628643.6533663956 2565809.235220763 0.14093498990205297 -10.68889414132087 -23.961890669456825 3721.2895682815088 0.23489164983675495 111.94598129908903 -22.72699901962007 0.0 -11457.549756925182 66213.04111300308 0.0018406931995694133 -24825.308780604868 0.23489164983675495 418749.0553073255 -118.32525501514829 -0.031071000614887316 -0.016992947031092033 19.720625942816827 35.86453878757299 2.3754421870414952 -11.445010951287427 -21.42396584437823 24728.4074914341 104.97084849559829 -76728592.96771659 49556354.50573895 19.485734292980073 -29.904246938730363 -30.904246938730363 0.23489178689082457 0.27410605496507445
0.000731932379389 3720.098505211313 17930661189.042706 -361057226.15734994 628446.5594754345 2564440.6619025804 0.1409647331327718 -10.559531504897793 -23.67446220811772 3720.098505211313 0.23494122188795302 111.94747502278976 -22.439520986229766 0.0 -11421.16075812804 16385.695523018374 0.0018631572311550544 -24522.821922713712 0.23494122188795302 418526.58267406543 -118.33190508858024 -0.031075004150302996 -0.01699425171275399 19.47925081703644 35.43337957154726 2.3515395747134034 -11.443789763108121 -21.422155026469895 24425.912172651602 104.97084876611031 -75737137.25290215 48910683.731686056 19.244309595148486 -29.533589284422018 -30.533589284422018 0.23494136571906865 0.27415563257809394
0.000740935147656 3718.893181816766 17918998008.01052 -356494571.9866797 628247.0222500357 2563056.0003233617 0.14099482899052482 -10.431724041779717 -23.390490209866815 3718.893181816766 0.23499138165087471 111.94898751906132 -22.15549882821594 0.0 -11162.968658792031 -237859.98135100715 0.00188589322856863 -24224.01044968221 0.23499138165087471 418301.5159096451 -118.37611722350994 -0.03107906343769833 -0.016995579193289992 19.24083430334202 35.007404854249934 2.32795279843871 -11.442553688536323 -21.420326207583006 24127.054658666282 104.97084907389993 -74757651.34554231 48272811.64527446 19.005842921691148 -29.167388982570294 -30.167388982570294 0.23499153260812522 0.27420579815063206
0.000750048649972 3717.673432306643 17907199626.201397 -351989224.832213 628045.1142015946 2561655.0707360166 0.14102530557916199 -10.30552167776083 -23.11008566254875 3717.673432306643 0.23504217596527 111.95051903714413 -21.875043486583483 0.0 -11006.863083885471 173973.61728350096 0.0019089044305265247 -23928.829703706833 0.23504217596527 418073.8262727019 -118.29930388542198 -0.03108318012945856 -0.016996929756614786 19.005239536096312 34.58678110183471 2.304576075902351 -11.441302547873123 -21.418479824993632 23831.948879646407 104.97084941962369 -73790495.86893776 47642973.10602216 18.770197360131043 -28.80578916026201 -29.80578916026201 0.23504233438197952 0.27425659858525786
0.000759274248367 3716.439088887397 17895265273.285168 -347537098.4364589 627840.8315189558 2560237.69139098 0.14105617333207507 -10.180805661279487 -22.832984689261195 3716.439088887397 0.23509362222012511 111.95206980608211 -21.59789106704107 0.0 -11003.798598040281 28668.0256267141 0.0019321941129563465 -23637.235569517874 0.23509362222012511 417843.4859863256 -118.33090755388548 -0.031087355174382075 -0.0169983036905455 18.772577813500586 34.171112493151746 2.281553900854666 -11.440036159091827 -21.41661582112587 23540.321277785115 104.97084980359666 -72834792.75001846 47020596.158644296 18.537484191280463 -28.448449530655584 -29.448449530655584 0.2350937884651395 0.27430805123698265
0.000768613321622 3715.1899821141524 17883189395.176773 -343139324.94767535 627634.009709619 2558803.678946766 0.14108740511657739 -10.05760996156949 -22.559262736993798 3715.1899821141524 0.23514567519429566 111.95364008616752 -21.3241170617995 0.0 -10794.847289194939 -85057.76159067007 0.00195576558944268 -23349.18446793535 0.23514567519429566 417610.4659329406 -118.35011778396074 -0.031091588016398962 -0.016999701286275936 18.542737197371938 33.76051221375926 2.2588048878735427 -11.438754338190918 -21.41473309350707 23252.249083244897 104.97085022644917 -71890785.31164558 46405839.406428434 18.307591522177642 -28.095467387023877 -29.095467387023877 0.2351458496444533 0.2743601109391811
0.000778067265478 3713.9259406525525 17870973960.03897 -338795303.17416334 627424.7373820236 2557352.8482039967 0.14111903326250638 -9.935917820611728 -22.288882613600148 3713.9259406525525 0.23519838877084398 111.95523012459874 -21.053684224829304 0.0 -10681.484568681479 -13666.970339930875 0.0019796222115955964 -23064.633349261225 0.23519838877084398 417374.7370891428 -118.35311862327217 -0.03109588049846965 -0.01700112283876927 18.315680918897588 33.354924457476606 2.2363231927875646 -11.437456898942575 -21.412832183145596 22967.693062821098 104.9708506888157 -70958344.62960637 45798618.816686794 18.080482530126744 -27.746794768441788 -28.746794768441788 0.2351985718574573 0.27441283157633745
0.000787637492843 3712.64679128437 17858614861.56619 -334504126.9642608 627212.8989428481 2555885.0121196415 0.1411510423651821 -9.81570352475043 -22.021787154801228 3712.64679128437 0.23525173727530352 111.9568401698549 -20.786535417525926 0.0 -10496.85574284295 -61801.49866252153 0.002003767369451858 -22783.53968689558 0.23525173727530352 417136.27025855763 -118.35721569479938 -0.031100232550385635 -0.01700256864677173 18.09138607859871 32.9542634864434 2.2141166021690295 -11.436143652890987 -21.410912304001627 22686.593383504784 104.97085119113504 -70037275.99977942 45198807.63906307 17.856134341323404 -27.402357957291766 -28.402357957291766 0.23525192938959616 0.2744661874862796
0.000797325434005 3711.352358971093 17846113886.02482 -330265744.8339826 626998.5773381452 2554399.9818879003 0.14118346373231447 -9.696966425846036 -21.757974966668694 3711.352358971093 0.2353057728871908 111.95847048576978 -20.522669193781503 0.0 -10398.545438734816 79309.73513450827 0.002028204491899075 -22505.86147092674 0.2353057728871908 416895.03577248805 -118.32264733640841 -0.03110464598795245 -0.017004039012735967 17.86979376170977 32.55852719237398 2.1921561462065284 -11.434814409410084 -21.408973959545996 22408.947797549874 104.97085173426531 -69127568.64249453 44606398.80167098 17.634487988822578 -27.062155156845826 -28.062155156845826 0.2353059745003856 0.274520230858216
0.000807132536843 3710.042466633736 17833467148.061306 -326078015.5229789 626781.6647009507 2552897.566695699 0.14121628405122685 -9.579644511893772 -21.497308225025016 3710.042466633736 0.23536047341871144 111.9601213220506 -20.261947751606304 0.0 -10302.882105918377 -31318.001533986557 0.002052937047040384 -22231.557201933316 0.23536047341871144 416651.0042763692 -118.35098974254652 -0.031109120839623312 -0.017005534243188503 17.650935771699206 32.16750884639795 2.1705041196667727 -11.433468975469665 -21.407016412694112 22134.613228603463 104.97085231847979 -68228762.40704525 44021092.64238212 17.415575298280498 -26.72600863314544 -27.72600863314544 0.23536068498039076 0.27457493954948653
0.000817060267046 3708.7169354928237 17820673298.109245 -321941738.61918294 626562.1387438684 2551377.5741209746 0.14124951019697998 -9.463762103011197 -21.239840984761152 3708.7169354928237 0.23541585032829998 111.96179295836284 -20.00442513443285 0.0 -10142.204892075277 -29623.411742810116 0.0020779685426777963 -21960.585884706412 0.23541585032829998 416404.14535929187 -118.34622272417619 -0.03111365795261634 -0.017007054648222362 17.434718014007508 31.78128952703229 2.1490952808047474 -11.432107155976631 -21.405039481363303 21863.644701463596 104.97085294471667 -67341029.31417266 43443001.22915878 17.199302163679207 -26.393988093813846 -27.393988093813846 0.23541607233354078 0.2746303250048433
0.000827110108331 3707.375584645907 17807731146.724884 -317855604.0093603 626339.9826405677 2549839.809656556 0.14128315052206378 -9.34928155502952 -20.985489604542735 3707.375584645907 0.23547191753677296 111.96348564030626 -19.75001768700596 0.0 -10033.986866328842 8050.846584547401 0.0021033025266506563 -21692.907022154093 0.23547191753677296 416154.42894143675 -118.35496331705508 -0.031118258241499937 -0.017008600542181822 17.22113798663648 31.399743767635176 2.127956542748033 -11.430728753332929 -21.40304301932954 21595.95510185637 104.97085361335337 -66464087.9594832 42871941.27386245 16.98566606909971 -26.065985677914174 -27.065985677914174 0.2354721505144799 0.27468640118344445
0.000837283562664 3706.018231428003 17794638586.102123 -313819322.0402786 626115.1489165805 2548284.077132151 0.14131720626158625 -9.236195196694439 -20.73423703896777 3706.018231428003 0.23552867710264377 111.96519966557847 -19.498708361865127 0.0 -9904.513645898856 -13404.314923478356 0.002128942587322202 -21428.48060926822 0.23552867710264377 415901.82440505386 -118.35557457205869 -0.03112292234148445 -0.017010172243124132 17.01014992607583 31.022845999417445 2.107070763081393 -11.429333567797526 -21.40102667910612 21331.526061375265 104.97085432531671 -65597876.22979104 42307872.35016496 16.774621248973187 -25.74197940428021 -26.74197940428021 0.2355289215717481 0.2747431701678641
0.000847582150484 3704.6446910403065 17781394708.705315 -309832100.3307829 625887.6305736478 2546710.178297533 0.14135168837743967 -9.12448056431095 -20.486033384953874 3704.6446910403065 0.2355861472957328 111.96693528614608 -19.25044723765814 0.0 -9777.838576143375 -55375.8031344197 0.002154892353933977 -21167.267127155144 0.2355861472957328 415646.3010124441 -118.36080305428914 -0.031127651287107597 -0.017011770073425966 16.801730460719586 30.650521361665565 2.086443063107456 -11.427921397096371 -21.3989903772511 21070.305314478104 104.97085508110348 -64742224.010976 41750683.656095274 16.566144313423855 -25.421904919803616 -26.421904919803616 0.23558640383250573 0.2748006502418101
0.000858007410935 3703.254776855437 17767997382.416637 -305893722.1493774 625657.3795799833 2545117.913181469 0.14138659827926858 -9.014132132104294 -20.24086636508994 3703.254776855437 0.23564433046544764 111.96869279381029 -19.00522203462449 0.0 -9623.05434836379 4107.393152047279 0.002181155497104415 -20909.227537009505 0.23564433046544764 415387.8275934577 -118.34506033390062 -0.03113244573589593 -0.017013394359332017 16.595832057956915 30.282751437479764 2.0660538107390334 -11.426492036727414 -21.39693376159833 20812.2794104372 104.9708558816214 -63897084.86599317 41200344.97684254 16.360187727491468 -25.105746391969724 -26.105746391969724 0.23564459964578133 0.27485884376643355
0.00086856090209 3701.8483000929605 17754446460.32609 -302003240.7228458 625424.4150093587 2543507.0797291608 0.14142195337644653 -8.905122865482761 -19.998675928297168 3701.8483000929605 0.2357032556274109 111.97047246125653 -18.762972672669758 0.0 -9568.500885123665 90359.64798276167 0.002207735729183097 -20654.32327443444 0.2357032556274109 415126.37296089 -118.3324928844886 -0.031137306997200628 -0.017015045431490284 16.392439412480105 29.919446140569953 2.0459155806850147 -11.425045279618077 -21.394856917180782 20557.38563846713 104.97085672736053 -63062255.531617254 40656723.90120745 16.156736156852695 -24.79342638131453 -25.79342638131453 0.2357035380903093 0.2749177798038822
0.000879244201186 3700.4250700783296 17740738076.514317 -298159290.4182211 625188.6305816921 2541877.474108367 0.1414577416493251 -8.797413332918671 -19.759374431151603 3700.4250700783296 0.23576290274887515 111.97227458158892 -18.52361152840273 0.0 -9462.587793433448 -98614.73843802538 0.0022346368047418464 -20402.516243620863 0.23576290274887515 414861.9059030818 -118.37609953675201 -0.03114223520409463 -0.017016723624574303 16.191556061453337 29.56047401247778 2.026059641128012 -11.423580916382386 -21.392759110849674 20305.532903194962 104.9708576191381 -62237442.5759687 40119629.36376139 15.955793158704461 -24.48483186539122 -25.48483186539122 0.23576319914459165 0.27497743832942556
0.00089005890486 3698.9848940777747 17726870488.99762 -294362851.4732858 624949.9917890097 2540228.8905299082 0.14149396815165646 -8.691033293417501 -19.523028012263566 3698.9848940777747 0.23582328025276078 111.97409943962074 -18.287204732010807 0.0 -9266.554685237586 -36173.495316523535 0.002261862520982327 -20153.768811646856 0.23582328025276078 414594.3939734207 -118.37087260277258 -0.031147231184514453 -0.01701842927757004 15.993084726757115 29.205934258311096 2.006415089293936 -11.422098735141848 -21.390640076601354 20056.788579120683 104.9708585578074 -61422856.84578295 39589198.730904 15.757261446504355 -24.18004813454812 -25.18004813454812 0.23582359125778174 0.27503782778941577
0.00090100662939 3697.5275773416643 17712844143.39908 -290612878.8594598 624708.5382613927 2538561.121307189 0.14153065560185066 -8.58595277912238 -19.289570110052473 3697.5275773416643 0.23588442600308443 111.97594733495333 -18.053685684049388 0.0 -9202.572302427456 65675.5537394593 0.002289416718193066 -19908.043802800657 0.23588442600308443 414323.80529353936 -118.34902742267514 -0.031152296484970914 -0.017020162733736927 15.797016385557901 28.855727023077684 1.986999836097921 -11.420598521560487 -21.388500031352685 19811.083275409335 104.97085954417558 -60618273.98948868 39065285.84190143 15.56113195955482 -23.87898935373056 -24.87898935373056 0.2358847523408436 0.27509898610268657
0.000912089010931 3696.05292292989 17698656164.746655 -286907894.87876076 624464.1975642492 2536873.956666481 0.1415678004350145 -8.482128983728616 -19.058905594115465 3696.05292292989 0.2359463340583575 111.97781855832265 -17.822959260057107 0.0 -9087.877009815618 -75368.31334359813 0.002317303280145145 -19665.304493151343 0.2359463340583575 414050.10795612325 -118.37259108171929 -0.0311574316032604 -0.017021924340912008 15.603361483164683 28.509709613153746 1.9678511293483585 -11.419080058655286 -21.386338460531526 19568.318240530156 104.97086057890529 -59823376.5346631 38547683.95025355 15.367415149106325 -23.58153284575186 -24.58153284575186 0.23594667647595147 0.2751609073224195
0.000923307705766 3694.5607319766405 17684304442.90769 -283248637.41056764 624216.9232463123 2535167.1850602343 0.14160540534922475 -8.379584561910397 -18.831084812170104 3694.5607319766405 0.2360090089153746 111.97971341667906 -17.59507580325473 0.0 -8942.599199365473 27392.679982475383 0.00234552613461216 -19425.51460491513 0.2360090089153746 413773.26879127475 -118.35422435105284 -0.03116263729697985 -0.01702371445112478 15.412035092174726 28.167957548616695 1.9489095565211871 -11.41754312705875 -21.38415501787854 19328.544535581954 104.97086166297888 -59038323.230299264 38036496.49458661 15.176026083259353 -23.287743537472675 -24.287743537472675 0.23600936820642304 0.2752235959939926
0.000934664390547 3693.0508033704064 17669788907.071503 -279633596.1752992 623966.7379964697 2533440.5928115044 0.14164348958692863 -8.27827570642698 -18.60601044329985 3693.0508033704064 0.23607248264488107 111.98163221157425 -17.36993796065497 0.0 -8890.46090648138 10148.218800011988 0.0023740892537398636 -19188.638301176816 0.23607248264488107 413493.2554276116 -118.35907214173494 -0.031167914998071256 -0.017025533421131073 15.223050395911395 27.830324837401477 1.9302144852232854 -11.415987504679132 -21.38194980829374 19091.661178843377 104.97086279716231 -58262789.7157468 37531512.180993706 14.986977913266513 -22.99749592750041 -23.99749592750041 0.23607285963436386 0.27528708421365533
0.00094616076255 3691.522933980467 17655105240.105564 -276062329.9419164 623713.5209660986 2531693.9643838303 0.14168203855960537 -8.178190190804868 -18.383655295950973 3691.522933980467 0.23613673093267562 111.98357525551197 -17.1475185650183 0.0 -8737.019174558474 -63864.45673787259 0.0024029966545605097 -18954.6401804367 0.23613673093267562 413210.03476347984 -118.38047639737124 -0.031173264785867374 -0.01702738161208944 15.036374871352972 27.496770700282237 1.9117587999145897 -11.414412966923186 -21.379721997898983 18857.63942603723 104.97086398228107 -57496681.2337599 37032669.36637659 14.800238140420296 -22.710754950096657 -23.710754950096657 0.236137126491191 0.2753513477070183
0.00095779853993 3689.9769185234636 17640253647.762035 -272535175.80709153 623457.3045115242 2529927.082239615 0.1417210741246148 -8.079338858824839 -18.16404349979537 3689.9769185234636 0.23620179020769133 111.98554286184282 -16.92784170958768 0.0 -8644.457841707976 67291.55404292997 0.0024322523994277155 -18723.485271296537 0.23620179020769133 412923.57297501445 -118.35944091110287 -0.031178688214459512 -0.017029259389803483 14.851942781127667 27.167331319623823 1.8935015210166035 -11.412819286547998 -21.37747175324387 18626.503302138677 104.97086521937034 -56740070.491564006 36540015.3932376 14.615740990919976 -22.427551722690335 -23.427551722690335 0.2362022052476832 0.2754164229262913
0.000969579461971 3688.4125495202943 17625231700.080456 -269050199.7926483 623198.0319338047 2528139.7268021554 0.14176059721539652 -7.981665242044493 -17.947049570788348 3688.4125495202943 0.23626766202566088 111.98753535001676 -16.710781908762687 0.0 -8561.814929956856 -91381.56071027984 0.0024618605964521673 -18495.139027368834 0.23626766202566088 412633.83728931943 -118.39126673003557 -0.03118418600516121 -0.0170311671248238 14.669787713568027 26.84181846884064 1.8755016895357424 -11.411206233605506 -21.3751986580123 18398.122959296812 104.97086650926236 -55992541.97746297 36053279.64427278 14.433520051542367 -22.14772442514004 -23.14772442514004 0.23626809750432176 0.27548231147776037
0.000981505289353 3686.8296173800063 17610036775.18034 -265608428.6641904 622935.6401032542 2526331.6765630157 0.1418006073921584 -7.885200638783737 -17.732743060100393 3686.8296173800063 0.23633434565359737 111.98955303893754 -16.496408714446797 0.0 -8361.944200736598 -22054.819443947305 0.0024918254000039384 -18269.567321971823 0.23633434565359737 412340.7929439959 -118.37108951535993 -0.031189758832777092 -0.017033105192350306 14.489815130162414 26.52033647493272 1.8576886203986314 -11.409573575517728 -21.37290225285517 18172.56913470932 104.97086785294644 -55254316.52081869 35572606.00682641 14.253480784508819 -21.87136274837444 -22.87136274837444 0.23633480256174666 0.27554901265266984
0.000993577804412 3685.2279102645352 17594670365.808964 -262208799.98939428 622670.205595334 2524502.7079392443 0.1418411375638742 -7.789914400708915 -17.521055909077404 3685.2279102645352 0.23640189593979036 111.99159626298963 -16.284654013137615 0.0 -8362.689849834207 143874.5242899248 0.002522151011143995 -18046.736443092897 0.23640189593979036 412044.406149902 -118.33598490594886 -0.031195408722750093 -0.017035073972480608 14.31202194697482 26.20278323163617 1.8400837039347004 -11.407921076925751 -21.37058299193987 17949.771041178887 104.9708692514262 -54525166.08839454 35097845.898676366 14.075620051035031 -21.59837892703372 -22.59837892703372 0.23640237532825148 0.2756165813398376
0.00100579881141 3683.6072140667466 17579127162.347687 -258848925.91112816 622401.5744329137 2522652.595260409 0.14188216607272472 -7.695736416425017 -17.311832282533707 3683.6072140667466 0.23647027678787455 111.99366534366648 -16.075362005745834 0.0 -8279.954928527604 -133745.47989849915 0.002552841678100289 -17826.613088284936 0.23647027678787455 411744.64388365037 -118.4135322154325 -0.031201135514894125 -0.01703707385028103 14.136463530319 25.888924998204597 1.8227670751662344 -11.406248499655188 -21.368239819692693 17729.567795889197 104.97087070550668 -53804577.51031674 34628665.15186108 13.899993253531125 -21.328572000522563 -22.328572000522563 0.23647077976890063 0.2756849815071306
0.00101817013679 3681.9673126872817 17563403941.65415 -255531378.47450885 622129.6634356523 2520781.111096863 0.14192368817155623 -7.602743967424047 -17.105243910085374 3681.9673126872817 0.23653948028592706 111.99576062680522 -15.868704429799447 0.0 -8054.511722382593 -37884.571704800495 0.002583901696770264 -17609.16435995064 0.23653948028592706 411441.4694568718 -118.39517038813574 -0.03120693973786741 -0.017039105215388105 13.96297965043824 25.579019371699413 1.805600800805374 -11.404555602989845 -21.365872141938034 17512.135061704445 104.97087221644597 -53093103.722273916 34165423.99439414 13.726440170152312 -21.06216342567388 -22.06216342567388 0.23654000800825437 0.27575420526513683
0.00103069362947 3680.3079875984295 17547504531.047432 -252254510.93000147 621854.6289153578 2518888.0257743876 0.1419657563262863 -7.510888982027604 -16.901184043507694 3680.3079875984295 0.23660959387714384 111.99788244914039 -15.66457444963055 0.0 -8036.169507345528 83646.61164281941 0.0026153354111539983 -17394.357760045303 0.23660959387714384 411134.84878984524 -118.35889526919709 -0.03121282423163093 -0.017041168462732934 13.791594513166048 25.272906200635823 1.788632952975351 -11.402842143209288 -21.36348093390285 17297.362345710008 104.97087378518475 -52390391.203771316 33707892.05328009 13.554984919288904 -20.79901554483146 -21.79901554483146 0.23661014754599197 0.27582434009563106
0.00104337116111 3678.6290179517086 17531422866.119747 -249016505.81884116 621576.2915474335 2516973.107509993 0.14200834331514514 -7.420118189061317 -16.699534262084626 3678.6290179517086 0.23668057219190858 112.00003115091087 -15.462853689892718 0.0 -7932.145911254837 -67240.28291782038 0.0026471472138361453 -17182.1611853947 0.23668057219190858 410824.74786451034 -118.39494253356679 -0.03121878864043218 -0.017043263992411645 13.622340494363577 24.97040786906297 1.7719195720183147 -11.401107873687057 -21.36106497017625 17085.12730783131 104.97087541268971 -51696049.35613394 33255815.017362073 13.385659922171667 -20.538975645741456 -21.538975645741456 0.23668115308347193 0.2758953406990111
0.00105620462639 3676.9301808166206 17515158151.334198 -245818818.36171377 621294.6510194696 2515036.122697293 0.142051464673597 -7.3304757775630245 -16.50039278669353 3676.9301808166206 0.23675244112266167 112.00220709235518 -15.26364034557087 0.0 -7809.2331371111395 16919.29741148798 0.0026793415465243106 -16972.542922925535 0.23675244112266167 410511.1298306616 -118.37155862371947 -0.031224834337512594 -0.017045392209348587 13.455107593796328 24.671671699666078 1.7553725991935774 -11.399352545124351 -21.35862419739525 16875.52998849921 104.97087710026119 -51010391.18078711 32809396.773297314 13.218355152673666 -20.28217039128653 -21.28217039128653 0.23675305056793683 0.27596723301045045
0.0010691959433 3675.2112507636202 17498709139.91129 -242659488.97518075 621009.691816537 2513076.8354442534 0.14209513254932057 -7.241904193478953 -16.3036317374337 3675.2112507636202 0.2368252209155343 112.00441061649127 -15.066806516518167 0.0 -7752.470731261095 3818.9705074811363 0.0027119229004561518 -16765.471644815316 0.2368252209155343 410193.96035632625 -118.3894358780999 -0.0312309625702123 -0.01704755352399536 13.289935583807464 24.376505865845377 1.739054980666272 -11.397575905105997 -21.356158462378797 16668.438367399594 104.97087884893126 -50332995.72704372 32368363.134875596 13.05311036289193 -20.028434872006617 -21.028434872006617 0.2368258603091259 0.27604003732200544
0.0010823470534 3673.4720002327917 17482071880.06835 -239538818.89413515 620721.3066004573 2511095.0080072423 0.14213933731845912 -7.154413257870775 -16.10927292462907 3673.4720002327917 0.2368988955307652 112.00664209444861 -14.872374029098307 0.0 -7627.350168539519 -40478.141889591876 0.0027448958169124255 -16560.91640423016 0.2368988955307652 409873.2030104234 -118.39601593765474 -0.031237173719533304 -0.017049748351791842 13.126765957054761 24.08494308843335 1.7229301143363722 -11.395777698467777 -21.3536670074538 16463.874055299962 104.97088065973897 -49663927.85228205 31932756.420659054 12.889867061523995 -19.777797213532914 -20.777797213532914 0.2368995663415141 0.276113737655874
0.00109565992216 3671.7121992236484 17465246769.06238 -236456354.65172857 620429.5360277703 2509090.400451353 0.14218410490491096 -7.0679902946858695 -15.91728821767958 3671.7121992236484 0.2369735081748516 112.00890188382434 -14.680314709504728 0.0 -7533.874730942372 9293.0726367061 0.002778264887763795 -16358.846629912678 0.2369735081748516 409548.8217203798 -118.39037847481814 -0.03124346960673404 -0.017051977113697162 12.965573746461247 23.79694115712775 1.70699500243902 -11.393957666961997 -21.351150046335857 16261.807401484197 104.97088253404146 -49003090.38168392 31502513.310195364 12.728600238286397 -19.530221140246244 -20.530221140246244 0.2369742119285484 0.2761883772803214
0.0011091365392 3669.931615410848 17448230365.175774 -233411336.2617347 620134.2903048105 2507062.7707965984 0.14222943025025162 -6.982613448512804 -15.727629041510308 3669.931615410848 0.23704905041708604 112.01119035841585 -14.490579991093222 0.0 -7455.14545957436 7276.544012001877 0.002812034755860669 -16159.232122452664 0.23704905041708604 409220.78051810066 -118.3929035828005 -0.03124985081697413 -0.01705424023605344 12.806347970641697 23.512427212126433 1.6912605049362897 -11.392115549362824 -21.34860693460074 16062.187825804465 104.97088447289168 -48350320.1112294 31077527.556024313 12.569298920224611 -19.2856440111655 -20.2856440111655 0.23704978873335614 0.27626394781639063
0.00112277891863 3668.1300141170077 17431021755.37374 -230403291.9376107 619835.5657884136 2505011.875001489 0.14227532908912083 -6.8982694524394335 -15.540265937404847 3668.1300141170077 0.23712554848186806 112.01350788845058 -14.303140388922978 0.0 -7361.197389202053 -40543.11170298688 0.0028462101156365425 -15962.043049119267 0.23712554848186806 408889.04294389056 -118.40472812925145 -0.03125631878209783 -0.01705653815067215 12.64906557947323 23.231357056613312 1.6757250237228516 -11.39025108142365 -21.346037593209893 15864.984358583226 104.97088647763034 -47705515.88130543 30657733.27035846 12.411940030991362 -19.04402783770319 -20.04402783770319 0.2371263230461147 0.2763404755565403
0.00113658909933 3666.307158248346 17413617502.320942 -227432164.70940906 619533.2729686842 2502937.466904641 0.14232179679273305 -6.814957456488282 -15.3551970096669 3666.307158248346 0.23720299465455508 112.0158548523623 -14.117994015012346 0.0 -7240.455139909023 3161.1114775796314 0.002880795713542812 -15767.249939726478 0.23720299465455508 408553.5718448634 -118.39910655093445 -0.031262874125440425 -0.017058871294983347 12.493685823491226 22.9537278496155 1.6603688195811657 -11.388363995795599 -21.343441377245846 15670.194274552789 104.97088854949601 -47068665.59028628 30243122.630842354 12.25648282883667 -18.80537017510695 -19.80537017510695 0.23720380723079704 0.2764179528561683
0.00115056914525 3664.462808374566 17396018221.902985 -224497355.91564667 619227.4606422739 2500839.2983308905 0.14236886205427313 -6.732660393217208 -15.172384373155682 3664.462808374566 0.23728143675712188 112.01823164703507 -13.93510293639856 0.0 -7193.945085963761 23539.729601888386 0.0029157963485651954 -15574.823682286557 0.23728143675712188 408214.33042093186 -118.38653264537243 -0.03126951882111739 -0.01706124011195676 12.340192257301466 22.67948274748115 1.6451964412335927 -11.386454022094988 -21.340818550666754 15477.777968191851 104.97089068982048 -46439640.87461975 29833611.99623982 12.102910820544343 -18.56962216869132 -19.56962216869132 0.23728228920239036 0.27649642760100634
0.00116472114574 3662.596722483407 17378219252.223583 -221597654.32914454 618917.9976896301 2498717.1188275917 0.14241651066918537 -6.6513427828452745 -14.991749162869773 3662.596722483407 0.23736085111530897 112.02063864705619 -13.754388311754465 0.0 -7085.438418521334 -61604.083295862954 0.002951216872724543 -15384.735518359763 0.23736085111530897 407871.28244526347 -118.4197495003682 -0.031276253129000085 -0.01706364505053889 12.188595934732998 22.408503460599555 1.6302399585170388 -11.384520886633537 -21.338168192667226 15287.653937052062 104.97089289977858 -45818181.50655087 29429031.94605864 11.95123508361769 -18.336682116320933 -19.336682116320933 0.23736174538690635 0.2765758762007232
0.00117904721583 3660.708656402001 17360219506.020824 -218734255.3596737 618604.8750398762 2496570.6761597143 0.14246475784454102 -6.5710413522961835 -14.813373016724174 3660.708656402001 0.23744126307423505 112.02307626431741 -13.57593175364994 0.0 -6974.032278371428 33899.14905789154 0.002987062191620242 -15196.95703919596 0.23744126307423505 407524.38850390486 -118.38758667163165 -0.031283078502142785 -0.017066086565035735 12.038802510978236 22.140912437394853 1.615424723143173 -11.382564312838861 -21.335490184040818 15099.90494270837 104.97089518094478 -45204544.65536962 29029550.004800383 11.801361247904001 -18.106655296017635 -19.106655296017635 0.23744220119102732 0.2766563240600437
0.00119354949659 3658.7983631822076 17342018694.641315 -215905024.90613362 618288.1109909989 2494399.7156270645 0.14251362565036008 -6.491692877654659 -14.637115469825702 3658.7983631822076 0.2375227094172668 112.02554488138317 -13.399592760408435 0.0 -6954.083903462462 13883.184643031333 0.0030233372648941917 -15011.460180903965 0.2375227094172668 407173.6131582954 -118.40649520159059 -0.03128999668165928 -0.01706856511613767 11.890864730462482 21.87649896826613 1.6008244100598212 -11.380584020601338 -21.33278458622905 14914.386470288604 104.9708975345014 -44598271.91987336 28634867.57038849 11.653342021045216 -17.87936056938727 -18.87936056938727 0.23752369353677916 0.2767378080642705
0.0012082301554 3656.8655936729992 17323610450.588535 -213110116.74123248 617967.5163727067 2492203.9807315907 0.14256308641084256 -6.41330279510288 -14.46298856157802 3656.8655936729992 0.23760514401807095 112.02804492598638 -13.22538341755995 0.0 -6817.133535709646 -77706.96924926554 0.0030600471067771637 -14828.21722091276 0.23760514401807095 406818.9179138929 -118.43717379954433 -0.03129700741821045 -0.017071081170065113 11.744735109775302 21.615281127694338 1.586411208134565 -11.3785797268505 -21.330050090249216 14731.110097203464 104.9708999619445 -43999396.387364514 28245006.319365334 11.507129965757231 -17.65481346131564 -18.65481346131564 0.2376061763818056 0.27682028216492205
0.00122309138631 3654.910096161739 17304996616.68467 -210350264.3998802 617643.1824760459 2489983.2127864105 0.14261318014678467 -6.335894053011151 -14.291043347649646 3654.910096161739 0.23768863357797446 112.03057679825996 -13.053354714071672 0.0 -6711.07971810644 29021.20105074003 0.003097196786606361 -14647.200773355982 0.23768863357797446 406460.2630000635 -118.40085957156043 -0.03130411319703174 -0.01707363519919024 11.600340977622409 21.357335476948474 1.5721316163486998 -11.37655114516623 -21.32728723661935 14550.127201021041 104.97090246486225 -43408076.08056902 27860069.130111616 11.362652344044434 -17.43307981261179 -18.43307981261179 0.23768971651953041 0.27690381313567713
0.00123813541036 3652.9316163141925 17286174974.186398 -207623489.44536558 617315.0620329892 2487737.150865093 0.14266391378336954 -6.259407953524129 -14.121149398621577 3652.9316163141925 0.23777318963894925 112.03314091370294 -12.883376208982629 0.0 -6687.542189463156 31342.219957362384 0.0031347914293121458 -14468.383785088863 0.23777318963894925 406097.612476192 -118.40460666338913 -0.031311315184049664 -0.01707622768218822 11.45772987743215 21.102466368052713 1.5580533216980883 -11.374497985698884 -21.324495650899543 14371.303674076373 104.97090504449872 -42823885.98488379 27479779.189843547 11.2199566877932 -17.213991425899675 -18.213991425899675 0.237774325632659 0.27698841263374563
0.00125336447591 3650.929897365192 17267141375.424706 -204929525.1737116 616983.0418377554 2485465.5320358286 0.14271527851833585 -6.183837269084612 -13.953290640215192 3650.929897365192 0.23785879753055975 112.03573770723709 -12.715431842684632 0.0 -6589.066042380034 -62717.80897862807 0.0031728362159939827 -14291.739531671856 0.23785879753055975 405730.9277980083 -118.43885160290301 -0.03131861392405857 -0.01707885910379035 11.316874327415825 20.850649694479266 1.5441679898220977 -11.372419955349137 -21.321674521227827 14194.622354590181 104.97090770251015 -42246768.91021873 27104099.32177949 11.079015529885266 -16.997527572074066 -17.997527572074066 0.23785998916895867 0.2770740660849491
0.00126878085896 3648.9046800704186 17247893795.279213 -202269145.93985423 616647.0812436442 2483168.09132451 0.14276728324454402 -6.1092062186564915 -13.787520905524861 3648.9046800704186 0.23794547207424005 112.03836760221928 -12.54957543345062 0.0 -6457.97180299922 -12471.81706404022 0.003211336384397908 -14117.241613557366 0.23794547207424005 405360.1683540635 -118.42300566364975 -0.03132601068531935 -0.017081529954918837 11.177701191516949 20.601966200929212 1.530420934077041 -11.370316757699769 -21.318823513834342 14020.13743140755 104.97091044045906 -41676891.50559613 26733138.107462652 10.939755719442708 -16.783757672790436 -17.783757672790436 0.23794672205043133 0.27716078839289393
0.00128438686352 3646.855702541237 17228433406.384884 -199641396.15273324 616307.2493149847 2480844.5615456845 0.14281996360890142 -6.035486843289381 -13.623778116359961 3646.855702541237 0.23803327268150237 112.04103103236523 -12.38574484367846 0.0 -6420.999516740955 49869.855352615734 0.0032502972294776128 -13944.8639517984 0.23803327268150237 404985.296153575 -118.3951982665385 -0.03133350782451175 -0.017084240733007988 11.040214325199274 20.356322750312774 1.5168350026683384 -11.368188092825402 -21.315943019646244 13847.784696551507 104.97091325989847 -41114048.736023284 26366761.9506353 10.80218105251777 -16.572601674974457 -17.572601674974457 0.2380345838291268 0.27724863908513075
0.00130018482195 3644.782700212947 17208755269.557327 -197044715.12491077 615963.4058642868 2478494.67328548 0.1428733049257503 -5.962632800327223 -13.46195926728383 3644.782700212947 0.23812217487625048 112.04372844305492 -12.22383709240758 0.0 -6370.445037098735 -22764.609134684084 0.0032897241039080123 -13774.580784217851 0.23812217487625048 404606.2743895448 -118.43553587224233 -0.03134110568635513 -0.017086991942116214 10.904444986671296 20.11356484263366 1.5034604946215482 -11.366033657240182 -21.313032044346215 13677.458280389956 104.97091616241049 -40557905.27338317 26004752.51792077 10.666322811795045 -16.363926745753226 -17.363926745753226 0.2381235501971296 0.2773375938194299
0.00131617709526 3642.685406215875 17188855653.216625 -194480087.41087693 615615.4519514061 2476118.1553413616 0.14292730261616624 -5.890674693512321 -13.302132359829109 3642.685406215875 0.23821217102694373 112.04646028877208 -12.063920188802165 0.0 -6245.014521282535 -46299.30867615015 0.003329622418611094 -13606.366662076589 0.23821217102694373 404223.06134841125 -118.44994628501263 -0.03134880503367582 -0.017089784092397413 10.770312027753336 19.87379448273468 1.4902339393236421 -11.363853144263812 -21.310089864127537 13509.226805655702 104.97091914971887 -40008672.88289884 25647247.815953813 10.532099856726393 -16.15782057758192 -17.15782057758192 0.23821361363162563 0.2774276450575536
0.00133236607353 3640.5635509124813 17168735409.130983 -191947313.0261353 615263.4458988995 2473714.734216809 0.14298199044305288 -5.819607361282106 -13.14428597387587 3640.5635509124813 0.23830331740508814 112.04922701369101 -11.905982656470783 0.0 -6156.409918049558 10316.962299248657 0.003369997643329843 -13440.196445540903 0.23830331740508814 403835.6171331279 -118.42576553904473 -0.03135660818452848 -0.017092617700900793 10.637787206345447 19.636994521678776 1.4771450802142212 -11.361646243520536 -21.307116795901134 13343.07779679776 104.97092222356335 -39466308.92442832 25294220.036320195 10.39948388894036 -15.954268444345733 -16.954268444345733 0.2383048305470915 0.27751884918821546
0.00134875417623 3638.4168620011915 17148392598.718811 -189445230.8087212 614907.3505203029 2471284.1342591234 0.14303737929299634 -5.74939648326342 -12.988343858056485 3638.4168620011915 0.2383956321549939 112.05202908428573 -11.749948225901491 0.0 -6113.0128086542845 24107.958199090885 0.003410855307106227 -13276.045300330774 0.2383956321549939 403443.9037632442 -118.41668901293087 -0.031364516549714595 -0.017095493291472127 10.506885476975475 19.403050576366397 1.4642270722082102 -11.359412641026307 -21.304112522944987 13178.932723840788 104.97092538556835 -38930564.06501743 24945506.795730393 10.26848984482048 -15.753172015037677 -16.753172015037677 0.23839721926827717 0.2776112245000314
0.0013653438526 3636.2450645306767 17127823626.299984 -186973148.75514558 614547.0716938265 2468826.0776960193 0.14309346646270238 -5.680021887051103 -12.834261180799048 3636.2450645306767 0.23848911077117063 112.05486696348407 -11.595772070027877 0.0 -6048.982205142906 -25340.352967065643 0.003452200998876847 -13113.88869382081 0.23848911077117063 403047.88232076855 -118.44461556034548 -0.031372531006406364 -0.017098411394797272 10.377601470741503 19.171895400941516 1.451492322571933 -11.357152019182573 -21.301076349694686 13016.74515461016 104.97092863746522 -38401289.74297244 24601011.387667585 10.139112359970332 -15.55447347624003 -16.55447347624003 0.23849077546593744 0.27770476663699295
0.00138213758199 3634.047881047796 17107024859.866573 -184531530.4132763 614182.5140003208 2466340.284823738 0.14315024909498025 -5.611498488735433 -12.68207108473797 3634.047881047796 0.23858374849163377 112.05774113568448 -11.443487336246337 0.0 -5936.986964611104 -27032.500067665496 0.0034940403680014977 -12953.702391631605 0.23858374849163377 402647.51104750106 -118.45231760090974 -0.03138065243827704 -0.017101372548234454 10.249878780345693 18.943578710943076 1.4389014679677614 -11.354864056908823 -21.29800756948747 12856.548081600182 104.97093198122609 -37878585.75724588 24260798.883931275 10.011295031854058 -15.358215567546047 -16.358215567546047 0.23858549452435118 0.2777994709527323
0.00139913787424 3631.8250313665044 17085997027.323933 -182120155.46865445 613813.7319230074 2463826.473766591 0.14320776104557228 -5.543820478261109 -12.531760708795906 3631.8250313665044 0.23867960174262048 112.06065207039003 -11.293081107053286 0.0 -5872.635037889465 21936.50115763933 0.0035363791247651575 -12795.462453902752 0.23867960174262048 402242.7494124128 -118.42977289733608 -0.03138888321913417 -0.017104377296253755 10.123691825885967 18.718081195946315 1.4264460681107751 -11.352548429380134 -21.29490647002433 12698.327587475442 104.97093541854339 -37362405.102172375 23924838.63504168 9.885012224143345 -15.164381704631314 -16.164381704631314 0.23868143304333655 0.277895394015895
0.0014163472701 3629.57623249139 17064736961.27687 -179737643.28418487 613440.6461369086 2461284.360412299 0.14326600388459576 -5.476946696258909 -12.383238590034015 3629.57623249139 0.23877667314099293 112.0636002581148 -11.144461916893022 0.0 -5825.008515234348 -6614.976192377392 0.0035792230410171427 -12639.145231305794 0.23877667314099293 401833.5598184759 -118.44719657783935 -0.03139722443807833 -0.01710742619063052 9.999067280090205 18.495265660670693 1.414170252804531 -11.350204807924818 -21.291772449186645 12541.989807177142 104.97093895147168 -36852451.23298753 23592937.531778987 9.760290606949214 -14.972853939889431 -15.972853939889431 0.23877859386818434 0.2779925386328971
0.00143376834152 3627.3011988996673 17043240873.524923 -177384291.4330973 613063.1558517269 2458713.658752913 0.14332497413598125 -5.410887034413818 -12.236526704824755 3627.3011988996673 0.2388749568933021 112.06658620020504 -10.997651747931453 0.0 -5729.554348900131 -26559.68411900333 0.003622577950588625 -12484.727362338173 0.2388749568933021 401419.90029129176 -118.45962323777712 -0.03140567699444789 -0.017110519790069733 9.875957349474387 18.27516507160603 1.4020427245651053 -11.347832860295215 -21.288604759974405 12387.556343860371 104.97094258175966 -36348788.27615729 23265137.413055733 9.637082392581085 -14.783660613246765 -15.783660613246765 0.23887697138231645 0.2780908991507788
0.00145140369212 3624.999642298198 17021508134.48531 -175060026.75333264 612681.2690149782 2456114.0806325246 0.14338469509405488 -5.345640135379501 -12.091622071353045 3624.999642298198 0.2389744918234248 112.06961038733336 -10.85264757952962 0.0 -5653.788071861846 5183.452400230537 0.00366644974998704 -12332.185769045094 0.2389744918234248 401001.7294825907 -118.4478126699778 -0.031414242878358305 -0.017113658660668073 9.754331150107285 18.05777494308843 1.3900490589073615 -11.345432250391008 -21.285403377319664 12235.023359752437 104.97094631156305 -35851400.80539607 22941428.229333352 9.515356658283862 -14.59679788007373 -15.59679788007373 0.2389766046019297 0.27819051455564725
0.00146925595753 3622.67127161384 16999536692.537867 -172763961.8199392 612294.9447301268 2453485.335759467 0.14344517839745297 -5.281179776232311 -11.94846643369766 3622.67127161384 0.23907529732908828 112.0726733358767 -10.709391136368573 0.0 -5599.875190890468 464.11933361581544 0.003710844398824749 -12181.497654017187 0.23907529732908828 400579.0083223287 -118.4489763415404 -0.03142292362535741 -0.017116843376008627 9.634194665031023 17.843007884770127 1.3782118669755645 -11.343002638224952 -21.282167949734603 12084.330845625382 104.9709501427002 -35360098.33186181 22621685.92982362 9.395119367701936 -14.412190615729205 -15.412190615729205 0.2390775131677466 0.2782914044416632
0.00148732780581 3620.315793046445 16977323278.379684 -170495790.72173202 611904.1000334164 2450827.13178966 0.14350642565023064 -5.217497447399464 -11.807040884073226 3620.315793046445 0.23917737608371775 112.07577555909708 -10.567863507989507 0.0 -5526.190334676145 -12730.456515724069 0.003755767920461447 -12032.640496756072 0.23917737608371775 400151.69603254896 -118.46056914552719 -0.03143172038164137 -0.017120074517154152 9.515528290135865 17.630835534081932 1.3665277132726112 -11.34054367995344 -21.278897844161758 11935.458825454705 104.97095407733978 -34874815.30348142 22305867.87199142 9.276350914052147 -14.229814437387468 -15.229814437387468 0.23917969998319533 0.2783935716691771
0.00150562193782 3617.9329101005383 16954865649.562311 -168255490.62485802 611508.6873338112 2448139.174386198 0.14356844733474391 -5.154593304536394 -11.667345783910125 3617.9329101005383 0.23928074555790654 112.07891757841317 -10.42806503835222 0.0 -5453.992954027013 -4091.4889310475187 0.0038012264025036008 -11885.592050548667 0.23928074555790654 399719.7507468401 -118.46075926197591 -0.03144063466480987 -0.017123352672677856 9.398300104697247 17.421258427345883 1.3549805218758366 -11.338055027884428 -21.27559266129469 11788.406883947984 104.97095811753714 -34395547.05252275 21993971.04970186 9.159019359139341 -14.04966981141767 -15.04966981141767 0.2392831827385058 0.2784970338919077
0.00152414108766 3615.522323453837 16932162067.003435 -166042491.2093927 611108.6764496923 2445421.16709536 0.14363125846039823 -5.092450743565039 -11.529344257493271 3615.522323453837 0.2393854307673304 112.08209992607217 -10.289958826725941 0.0 -5389.858432724296 -4342.853271634149 0.003847225997413647 -11740.330338844067 0.2393854307673304 399283.1322768042 -118.46579471811674 -0.03144966818940345 -0.017126678438956953 9.2825031554849 17.214221242650794 1.3435792397589352 -11.335536330314381 -21.272252116353712 11643.136796242305 104.97096226548071 -33922171.26354612 21685915.812269982 9.04311772471757 -13.871709184491293 -14.871709184491293 0.2393879867155022 0.2786018163413133
0.00154288802304 3613.0837310187876 16909209524.238098 -163856548.39325848 610703.9933799654 2442672.8114409554 0.14369486354800723 -5.031063133766511 -11.393021576589295 3613.0837310187876 0.23949143924667873 112.08532314297993 -10.153530137342615 0.0 -5321.394833906881 -6980.903488719872 0.003893772922996803 -11596.833652279716 0.23949143924667873 398841.79927437607 -118.46968828614627 -0.03145882226297039 -0.017130052420159907 9.168116240151484 17.009701885135048 1.3323182268934048 -11.3329872315661 -21.268875630564313 11499.632839624135 104.97096652329763 -33454635.68983602 21381668.178399824 8.928624800904807 -13.695913563675694 -14.695913563675694 0.23949411970569134 0.2787079267637429
0.00156186554572 3610.6168279202475 16886006399.967968 -161697333.5320982 610294.6119493935 2439893.806924507 0.14375927911787775 -4.970421245584397 -11.258357255547368 3610.6168279202475 0.23959879852979626 112.08858777000472 -10.018758457017572 0.0 -5253.1119286395715 -9347.212668043376 0.003940873463025124 -11455.080545224377 0.23959879852979626 398395.71058992966 -118.47255823778323 -0.03146809869077316 -0.0171334752283687 9.055122346951954 16.807669617144455 1.3211958838895435 -11.33040737193845 -21.265462942879914 11357.873449929473 104.97097089322475 -32992869.967533562 21081182.335167922 8.815523548422158 -13.522256531779622 -14.522256531779622 0.23960160951772191 0.27881539291670965
0.00158107649193 3608.1213064209182 16862549872.787474 -159564574.25220302 609880.4644585957 2437083.850967155 0.14382451175480943 -4.91051756966261 -11.125334616664777 3608.1213064209182 0.23970751959134906 112.09189436140512 -9.885627097073428 0.0 -5185.937553526841 1125.6234821988787 0.003988533967779779 -11315.049832570678 0.23970751959134906 397944.8247694569 -118.47091153058682 -0.031477498893969724 -0.017136947483788537 8.943502310508315 16.608099418466715 1.310208246730134 -11.327796387600744 -21.26201351313002 11217.840934553222 104.97097537749978 -32536815.780717008 20784420.343944203 8.703794790916966 -13.350716581952975 -14.350716581952975 0.23971046741149882 0.2789242260080175
0.00160052373278 3605.5968560149763 16838838332.751612 -157457796.5068103 609461.5251143111 2434242.6390415304 0.14389057861149193 -4.851338378765986 -10.993923180385883 3605.5968560149763 0.23981763101915324 112.09524348313688 -9.754105549366729 0.0 -5133.6284544841155 -4027.5092272997385 0.0040367608546168264 -11176.720586673935 0.23981763101915324 397489.1011525355 -118.47549063471524 -0.031487024734158375 -0.01714046981468852 8.833246454561637 16.410945560239103 1.2993607487524295 -11.325153910662424 -21.25852707948059 11079.5036231187 104.97097997855032 -32086371.518940818 20491316.038198207 8.593428823542483 -13.18125440920493 -14.18125440920493 0.2398207222872646 0.27903445488356715
0.0016202101747 3603.0431632816308 16814867975.189247 -155376644.73982137 609037.6919628062 2431369.864533821 0.1439574783595607 -4.792873567066662 -10.864100487347487 3603.0431632816308 0.23992913059926782 112.09863569701807 -9.624171356748219 0.0 -5057.7701287479595 -15925.588865250284 0.004085560608509164 -11040.072134144795 0.23992913059926782 397028.49861033197 -118.48913703606559 -0.03149667734567548 -0.017144042857731853 8.72434014988291 16.21617435415481 1.2886536358851735 -11.32247956899094 -21.255002869003686 10942.837999977733 104.97098469864464 -31641460.952338465 20201819.83235039 8.484411019283641 -13.013841050631449 -14.013841050631449 0.2399323722514426 0.2791460775898247
0.00164013875984 3600.4599121181436 16790637524.993559 -153321305.80710807 608608.9507068153 2428465.2190333745 0.1440252315103512 -4.735129762373209 -10.735881296400244 3600.4599121181436 0.24004205251725202 112.1020715936426 -9.495839243882992 0.0 -4994.324243267413 6247.478011707022 0.0041349397826156474 -10905.084052994058 0.24004205251725202 396562.97342046443 -118.47728189326335 -0.031506458756764257 -0.01714766725769546 8.616744587888126 16.023807927094616 1.2780625470009153 -11.319772986426214 -21.251440693029185 10807.858211793824 104.9709895402442 -31202124.53413778 19915958.090205796 8.376702535370875 -12.848495539317407 -13.848495539317407 0.24004545178066017 0.2792591285506222
0.00166031246659 3597.846783312018 16766144963.745127 -151290735.01633367 608175.261179762 2425528.3918795367 0.14409385253930088 -4.678075574878103 -10.609195873861417 3597.846783312018 0.2401564208988348 112.10555174051942 -9.369039452962582 0.0 -4946.362895376735 -8784.078820572195 0.004184904998892513 -10771.736169032725 0.2401564208988348 396092.4875730348 -118.49110151884997 -0.03151637076990042 -0.01715134366825909 8.510477071880464 15.83374167049251 1.2676196192107012 -11.317033782302307 -21.247840188991017 10674.492907702866 104.97099450575126 -30768137.99576684 19633584.757230725 8.270320650981628 -12.685127949347432 -13.685127949347432 0.24015998540692274 0.27937363222584777
0.00168073430993 3595.2034550091585 16741385978.125502 -149285123.22584394 607736.5034724331 2422559.0707166353 0.14416333641504375 -4.621717743553806 -10.484059187771487 3595.2034550091585 0.24027222735840625 112.10907675118438 -9.24378696041308 0.0 -4866.466089771508 -11274.780819318921 0.004235462948600215 -10640.00855350452 0.24027222735840625 395616.99723626615 -118.49628840445985 -0.031526414418849874 -0.017155072751350076 8.405499327651894 15.645998039204432 1.2573006732321583 -11.314261571907004 -21.244200456581012 10542.756465556642 104.97099959778141 -30339542.531881627 19354726.747532606 8.165227100293489 -12.523757582888024 -13.523757582888024 0.24027596506739035 0.2794895804923422
0.00170140734194 3592.5296023545525 16716360582.327929 -147304236.25455177 607292.7078561856 2419556.941119101 0.14423371558259476 -4.566049895887762 -10.360457125058131 3592.5296023545525 0.24038952597099128 112.11264721582523 -9.12006759908714 0.0 -4816.86110183517 6067.714186221003 0.0042866203928875486 -10509.88151970338 0.24038952597099128 395136.46041598305 -118.4882288359895 -0.031536592261700205 -0.017158855177827274 8.301792665766397 15.460555845596865 1.247101134694574 -11.311455966073702 -21.240521601764414 10412.633812469156 104.97100481880004 -29916288.161058653 19079351.489114717 8.061403139795406 -12.36436624104481 -13.36436624104481 0.24039344520689576 0.2796070277292485
0.00172233465225 3589.8248975677047 16691064715.53625 -145347216.67905378 606843.7629171022 2416521.686706082 0.1443049876808731 -4.511046315412154 -10.238332534517191 3589.8248975677047 0.24050831280145518 112.11626375097465 -8.997824221715735 0.0 -4758.636871714136 -14089.074262975439 0.0043383841633743234 -10381.33562008087 0.24050831280145518 394650.8387040164 -118.50599151362076 -0.031546905473779634 -0.017162691627464997 8.199367100769539 15.277329364175301 1.2370452503973794 -11.308616571228004 -21.23680277739468 10284.066431344643 104.97101017142678 -29498190.786893472 18807339.140350875 7.958858787968083 -12.206880223409845 -13.206880223409845 0.24051242234713854 0.2797259703744147
0.00174351936847 3587.089010088259 16665496058.316898 -143414472.9862753 606389.6176046215 2413452.989335061 0.14437716556339877 -4.456720525115384 -10.117715486276259 3587.089010088259 0.2406286092723313 112.11992698024214 -8.877086877003928 0.0 -4687.3824545754505 -2447.670586660768 0.004390761162700503 -10254.351643534736 0.2406286092723313 394160.0865961094 -118.50077293938193 -0.031557355859188285 -0.01716658278882518 8.098175436570834 15.096363692990277 1.2270993061915316 -11.305742989507598 -21.23304353930248 10157.083914134657 104.97101565837222 -29085338.464426145 18538747.095480703 7.857546827298504 -12.051338307790925 -13.051338307790925 0.2406329182520549 0.2798464301314012
0.0017649646567 3584.3216063145883 16639653383.87018 -141505266.75379515 605930.25883602 2410350.528839334 0.14445027184577813 -4.403050460733239 -9.998556982141684 3584.3216063145883 0.2407504530762969 112.1236375263208 -8.757806529065387 0.0 -4643.53946999124 -176.401658265486 0.00444375836510026 -10128.910612275586 0.2407504530762969 393664.16515531274 -118.50385350192482 -0.031567945632494085 -0.017170529359792304 7.998223007220104 14.917585322187094 1.217282478366861 -11.302834818454027 -21.229243697183055 10031.636002470843 104.97102128226146 -28677572.79203632 18273472.187346343 7.757472554143807 -11.897677308306502 -12.897677308306502 0.2407549711003254 0.27996844508896057
0.00178667372198 3581.5223497637976 16613532552.243572 -139619299.28496736 605465.5718787892 2407213.983239015 0.14452430414064424 -4.350027674848726 -9.880838246538865 3581.5223497637976 0.24087384023440708 112.12739603290129 -8.639964406304458 0.0 -4576.443938592444 -13697.960453948112 0.004497382816977521 -10004.99377913601 0.24087384023440708 393163.03308781143 -118.5161903533608 -0.03157867602033236 -0.017174532047427474 7.899495498230166 14.740966089730158 1.2075939293957951 -11.299891651146064 -21.225402374394967 9907.702991157044 104.97102704591607 -28274829.761085235 18011472.799405266 7.658621657995759 -11.745873012518885 -12.745873012518885 0.2408785773731149 0.28009201164577846
0.00180864980876 3578.690901084636 16587132223.911564 -137756715.93626517 604995.5394565572 2404043.028787387 0.1445992846003137 -4.297657559162443 -9.76457129384293 3578.690901084636 0.24099880766718954 112.13120315030339 -8.523572486175741 0.0 -4518.106005685055 3142.037031836548 0.004551641637460107 -9882.582624816177 0.24099880766718954 392656.64605044096 -118.50794074780242 -0.03158954925407638 -0.0171785915680635 7.801958628508402 14.566524004875331 1.1980124868282511 -11.296913076178093 -21.221519348129203 9785.296203416503 104.97103295219777 -27877140.917421464 17752769.495426454 7.560959820841211 -11.595940914369928 -12.595940914369928 0.24100377441266752 0.2802171670674931
0.00183089620141 3575.8269178449837 16560450042.947184 -135916655.28310165 604520.1087034749 2400837.3397655217 0.14467522685152207 -4.245914113960007 -9.649698367098566 3575.8269178449837 0.24112537808587012 112.13505952785593 -8.408572989012695 0.0 -4474.057985683178 -4498.993632691154 0.004606542018943747 -9761.658854973291 0.24112537808587012 392144.96663198154 -118.51980490951792 -0.031600567240911696 -0.01718270864777043 7.705624476937846 14.394172424619226 1.1885636429047144 -11.293898677400437 -21.217594154313478 9664.356644218087 104.97103900382078 -27484321.382170577 17497241.88688016 7.464499098851976 -11.447806532721971 -12.447806532721971 0.24113058550965016 0.2803439345402622
0.00185341622469 3572.930054801041 16533481977.440273 -134099161.81594908 604039.167992068 2397596.5888170064 0.14475213009860363 -4.194799568495633 -9.536224419025267 3572.930054801041 0.2412535501643394 112.13896584183605 -8.294970868860927 0.0 -4406.036739534902 -12360.583257546321 0.004662091227721187 -9642.20439760568 0.2412535501643394 391627.9513270307 -118.52948112561353 -0.0316117313261451 -0.017186884022038572 7.6104640332489675 14.22391877848312 1.1792312246102234 -11.290848034165577 -21.213625929512215 9544.888542409579 104.97104520380344 -27096380.916195355 17244896.407378852 7.369210483084629 -11.301476254420653 -12.301476254420653 0.24125900981873838 0.28047231313152854
0.00187621324425 3569.999963727825 16506227245.665281 -132304169.81564854 603552.719091101 2394320.4467919283 0.1448300222047762 -4.144312742042901 -9.424146867065375 3569.999963727825 0.24138337034129367 112.14292276735893 -8.18276349672408 0.0 -4350.799118623534 993.5920160389078 0.004718296604487556 -9524.201400331074 0.24138337034129367 391105.5571527862 -118.52251771426745 -0.031623044026537664 -0.01719111843618005 7.516453608734335 14.055759177150962 1.1700042733228868 -11.287760721112141 -21.209614573554823 9426.88849719036 104.97105155516493 -26713305.726881903 16995724.07599565 7.275070238393042 -11.15694674982799 -12.15694674982799 0.24138909429215094 0.2806023497000212
0.00189929066715 3567.0362933264 16478683026.207388 -130530972.63206469 603060.6922805465 2391008.582677809 0.14490891349624957 -4.09443237399037 -9.313418480713784 3567.0362933264 0.24151485582708263 112.14693098412765 -8.071903624886701 0.0 -4304.789620893633 -2961.680634904622 0.004775165564908306 -9407.632227631108 0.24151485582708263 390577.7463757211 -118.52958722023686 -0.03163450717300251 -0.0171954126456088 7.423599270636832 13.889622769128314 1.160901729630858 -11.284636308028384 -21.205559501809596 9310.30819991268 104.9710580608027 -26334944.186442178 16749626.174133468 7.182084414809751 -11.01415711228789 -12.01415711228789 0.241520856785282 0.280734061984103
0.00192265194236 3564.038689438889 16450846085.699024 -128779486.29629937 602563.0031726843 2387660.663875181 0.14498881088830606 -4.045156675047257 -9.204035294013616 3564.038689438889 0.2416480181471768 112.15099119754352 -7.96238727586644 0.0 -4246.674563342362 -8590.987082675294 0.004832705600255242 -9292.479458268237 0.2416480181471768 390044.47655159945 -118.53802082395305 -0.031646122478338604 -0.01719976741561979 7.331878832842296 13.72550360163803 1.1519138397207236 -11.281474360039258 -21.20146002738904 9195.142897471673 104.97106472393303 -25961278.48317107 16506591.15786078 7.090230814695119 -10.873102227615473 -11.873102227615473 0.24165430939549182 0.28086746197819934
0.00194630056125 3561.0067948999954 16422714304.811268 -127049576.30812168 602059.6061321411 2384276.3560673553 0.14506973133882078 -3.9964822864853935 -9.095989868247274 3561.0067948999954 0.24178288556470132 112.15510411252305 -7.854206982682573 0.0 -4190.549083372411 -3676.3806152416996 0.0048909242778419765 -9178.725882804907 0.24178288556470132 389505.70555601665 -118.53887185427448 -0.03165789207898829 -0.017204183521767103 7.24127271574834 13.56339050718268 1.143033328062109 -11.278274437409626 -21.197315723269377 9081.3843266739 104.97107154759695 -25592279.991582956 16266600.414660234 6.999489830183638 -10.733772503534393 -11.733772503534393 0.24178948099073183 0.2810025784394651
0.00197024005815 3557.94024956042 16394285529.319736 -125340868.9653517 601550.454097518 2380855.323283114 0.14515169178413792 -3.9483983257908912 -8.989258045141444 3557.94024956042 0.24191948630689655 112.15927044492683 -7.747338558834548 0.0 -4141.860173580253 -1869.9182773069738 0.004949829241692506 -9066.354500841546 0.24191948630689655 388961.3935524048 -118.54019577962026 -0.031669818130503874 -0.017208661749962287 7.151772672868148 13.4032472389432 1.1342642145869448 -11.275036095527643 -21.19312615061768 8969.007431212543 104.97107853501863 -25227868.67501577 16029601.844674516 6.909853186561252 -10.596136786769321 -11.596136786769321 0.24192640047683855 0.28113944015108416
0.00199447401087 3554.838690239458 16365556824.453083 -123653015.40087147 601035.4723598365 2377397.22788103 0.14523470252431228 -3.9008946617352787 -8.883817326114414 3554.838690239458 0.2420578375405205 112.16349092410138 -7.641759488573894 0.0 -4091.59344898066 -5353.570729245928 0.005009428213058656 -8955.348518522445 0.2420578375405205 388411.5008337349 -118.5485590670105 -0.03168190254196529 -0.01721320289669363 7.06336964902958 13.245040043324781 1.1256095522463943 -11.271758884812451 -21.188890680676213 8857.988850136111 104.97108568941997 -24867969.804090545 15795546.822750693 6.82131181148906 -10.46016606415215 -11.46016606415215 0.24206508573025565 0.28127806486216056
0.0020190060412 3551.7017508578947 16336525353.863293 -121985906.841093 600514.5893362123 2373901.730735491 0.14531877494655251 -3.853968719356978 -8.779662005899288 3551.7017508578947 0.2421979582442542 112.1677662914731 -7.537464047655034 0.0 -4037.1913244395046 -5647.199312887916 0.0050697289909524225 -8845.691346183477 0.2421979582442542 387855.9855066847 -118.55387096581762 -0.031694147286477806 -0.017217807768952497 6.976043797906602 13.088760356100847 1.1170613453001939 -11.268442350811481 -21.184608703026626 8748.322083920686 104.97109301410654 -24512560.257360205 15564420.338195177 6.733845839662347 -10.325852978659581 -11.325852978659581 0.24220555642011166 0.281418472115591
0.00204383981551 3548.5290622825833 16307189101.47795 -120339294.65785593 599987.761991104 2370368.4911018913 0.1454039279874401 -3.8076135137721216 -8.676776590586108 3548.5290622825833 0.24233987997906684 112.17209729252338 -7.4344367106070415 0.0 -3986.907401854276 -2933.530394451687 0.005130739452777905 -8737.366595605221 0.24233987997906684 387294.8071753212 -118.55606738659117 -0.03170655466180861 -0.01722247718463553 6.889782030439186 12.93438492588614 1.1086182765593797 -11.265086033992167 -21.18027979867278 8639.990808017303 104.97110051250179 -24161586.889562905 15336187.805183457 6.647442150460119 -10.193177550352575 -11.193177550352575 0.24234784485922867 0.28156069408801776
0.00206897904524 3545.3202523952805 16277545343.876219 -118712844.61022827 599454.9221363659 2366797.1667326414 0.14549017455841023 -3.761819335815047 -8.57513952337923 3545.3202523952805 0.24248362426401707 112.17648469295051 -7.332655899115212 0.0 -3939.0321712434966 -3692.313554527404 0.005192467554770127 -8630.358077824494 0.24248362426401707 386727.9266957316 -118.5613429715977 -0.03171912674459408 -0.017227211972584228 6.804575536020761 12.781881410314174 1.1002832057148397 -11.261689469769593 -21.175903375015828 8532.972638227913 104.97110818797356 -23814978.12710092 15110802.65008395 6.562091911756744 -10.062111980629691 -11.062111980629691 0.2424919733785632 0.28170475296326214
0.0020944274875 3542.0749460759416 16247591415.238308 -117106340.82008402 598916.0032447802 2363187.413898495 0.14557752832541243 -3.716580204283177 -8.474737532963227 3542.0749460759416 0.2426292138756874 112.18092926321762 -7.232108319087539 0.0 -3888.345115163204 -5846.401541145851 0.00525492133265151 -8524.649800515412 0.2426292138756874 386155.3039029285 -118.56777289402635 -0.03173186566334682 -0.017232012972766417 6.720410317128435 12.631229894819612 1.092053609994894 -11.258252188442755 -21.171478848079595 8427.253506469464 104.97111604400229 -23472687.839302246 14888234.871249009 6.477781103252748 -9.932639155597016 -10.932639155597016 0.24263796557452288 0.2818506721889369
0.00212018894559 3538.792765227231 16217324781.735636 -115519619.58645484 598370.9430998669 2359538.8874564497 0.14566600437976368 -3.671891789977556 -8.375561021253478 3538.792765227231 0.2427766739662728 112.18543178812699 -7.132784347287205 0.0 -3837.5537428924113 -3546.3904071091915 0.00531810890208661 -8420.2259657754 0.2427766739662728 385576.89817183523 -118.56994850769297 -0.03174477362568133 -0.017236881036395466 6.637270231024241 12.482415973891458 1.0839246581982998 -11.254773715173464 -21.167005660356853 8322.823022928063 104.97112408410663 -23134681.116248183 14668461.773292841 6.3944935570579675 -9.804746698278429 -10.804746698278429 0.24278584744081244 0.2819984776061223
0.00214626726962 3535.4733287148338 16186743292.991299 -113952371.95859471 597819.6926750941 2355851.2408247637 0.14575562152296415 -3.6277451431536787 -8.277590127782938 3535.4733287148338 0.2429260358716069 112.18999305992634 -7.034664091911331 0.0 -3792.773361070559 -2254.606888797122 0.005382038459326181 -8317.070967551754 0.2429260358716069 384992.6709551624 -118.57291586427164 -0.03175785301070086 -0.017241817026190525 6.555146186505773 12.335409846383868 1.0758985020602385 -11.25125356987497 -21.162483341662835 8219.660535029145 104.97113231190724 -22800891.8465835 14451440.32840582 6.3122201506341655 -9.678408997760444 -10.678408997760444 0.24293565123668892 0.28214820130805573
0.00217266635704 3532.1162524061256 16155843806.233456 -112404286.52909511 597262.167533874 2352124.1260681185 0.14584638988535475 -3.5841312098500997 -8.180804747645192 3532.1162524061256 0.24307731647559128 112.19461389229676 -6.937727431169601 0.0 -3745.3063096953815 -5501.427834954597 0.005446718281651504 -8215.169389496707 0.24307731647559128 384402.5842438951 -118.58212925617863 -0.03177110587132697 -0.01724682181648028 6.474029513850112 12.190181349309256 1.0679775812866967 -11.2476912672037 -21.15791117720149 8117.745171417729 104.97114073102696 -22471253.351115774 14237127.161495905 6.2309521973745206 -9.55360012767668 -10.55360012767668 0.2430873948202863 0.2822998609747812
0.00219939015323 3528.721149231295 16124623753.07462 -110875300.8950772 596698.3030653 2348357.194008274 0.14593832498550016 -3.5410488610283752 -8.08520239485639 3528.721149231295 0.24323054164250027 112.19929510053876 -6.84197185321389 0.0 -3695.170530226613 -4589.840805049324 0.005512156727961052 -8114.50600262781 0.24323054164250027 383806.5968516481 -118.58562071255437 -0.03178453449983562 -0.017251896293271635 6.393900188648121 12.046726745070417 1.060152729683078 -11.244086316573922 -21.153288584540203 8017.073670499795 104.9711493451957 -22145752.49302575 14025513.761318563 6.150669647005621 -9.430316882597598 -10.430316882597598 0.24324110498816565 0.2824534832343536
0.00222644265212 3525.2876290630134 16093081074.1143 -109365114.63714957 596128.0523211533 2344550.094134081 0.14603144721491443 -3.498489376835271 -7.990763722174551 3525.2876290630134 0.2433857453581907 112.20403751832856 -6.7473779768163595 0.0 -3650.5127182300917 -2054.8129785782994 0.005578362239317503 -8015.065762938028 0.2433857453581907 383204.6712010474 -118.58845118561021 -0.03179814140784781 -0.01725704135462353 6.314749584971986 11.90501700147576 1.0524261597645785 -11.240438221978671 -21.148615098986603 7917.625926851404 104.97115815821493 -21824325.00094489 13816558.297324372 6.071363839613795 -9.308534313490677 -10.308534313490677 0.243396816784469 0.28260910293897357
0.00225382789674 3521.8152987873127 16061212803.292685 -107873431.29462095 595551.3358054546 2340702.4747245894 0.14612576901066857 -3.4564441378003465 -7.897469593646205 3521.8152987873127 0.24354294835111429 112.2088419908422 -6.6539266452950905 0.0 -3606.499723687277 -4398.699890938038 0.005645343339392718 -7916.833809323459 0.24354294835111429 382596.7702414128 -118.59562811203796 -0.03181192881065947 -0.017262257910709285 6.236569188773894 11.765023407685602 1.044800064207596 -11.23674648201244 -21.143890030326467 7819.382071241747 104.97116717380804 -21506907.417734534 13610219.490084361 5.99302624042278 -9.18822774358158 -10.18822774358158 0.2435545520487009 0.28276674172718896
0.00228154997987 3518.3037623299087 16029016275.861574 -106400097.51335013 594968.0842056464 2336813.982923304 0.1462213057630863 -3.414909090675006 -7.805311024852734 3518.3037623299087 0.24370217627181054 112.21370937378434 -6.561608848580923 0.0 -3557.9104990339447 -5495.989060221916 0.005713108635119545 -7819.795461193225 0.24370217627181054 381982.85507722315 -118.60220389531241 -0.03182589906615998 -0.01726754688395482 6.159344047143986 11.62673247852183 1.037270000298659 -11.233010589845547 -21.139112754754823 7722.332370052667 104.971176395914 -21193467.056846272 13406476.097067846 5.915641870872176 -9.069385587266 -10.069385587266 0.2437143375385754 0.28292642615570807
0.00230961304462 3514.7526206169005 15996489150.2714 -104944970.9897302 594378.2392293281 2332884.264740528 0.14631807605507122 -3.373880540578464 -7.714279832478174 3514.7526206169005 0.24386346009178536 112.21864053885058 -6.470416372386389 0.0 -3513.3851929491566 -1422.4774389280208 0.005781666817109066 -7723.9362163913465 0.24386346009178536 381362.88681325805 -118.60261656706462 -0.03184005468495291 -0.01727290920929231 6.083058937039271 11.490131928686663 1.0298311224174763 -11.229230033127571 -21.13428272077323 7626.467882545055 104.97118582849565 -20883973.620742377 13205308.424896821 5.839195476947486 -8.951997292101058 -9.951997292101058 0.24387620537243615 0.2830881881351597
0.00233802128507 3511.1614715684927 15963629139.89116 -103507639.68390022 593781.7440768026 2328912.9650931763 0.14641609924128035 -3.3333461115331664 -7.624348543023748 3511.1614715684927 0.2440268320688006 112.22363636933584 -6.380321710954948 0.0 -3473.4342982316007 -4008.0480412798606 0.0058510266602106635 -7629.24174895636 0.2440268320688006 380736.8318347467 -118.61067872099648 -0.03185439823341746 -0.017278345834362545 6.007711619413171 11.355180537179354 1.0224915717541776 -11.225404293924578 -21.12939938416281 7531.760469619527 104.97119547553034 -20578338.84087395 13006659.018027723 5.763684787344371 -8.836027429668519 -9.836027429668519 0.24404018913780856 0.2832520610120578
0.00236677894688 3507.529910146092 15930432621.980412 -102087994.08557692 593178.4938517823 2324899.727904409 0.14651538265617847 -3.293303132397751 -7.535511231485637 3507.529910146092 0.24419230442696413 112.22869776030349 -6.291318927058674 0.0 -3424.6161037811225 -5867.467289781773 0.005921197024001157 -7535.69790703843 0.24419230442696413 380104.65169839223 -118.61890040627895 -0.03186893181959365 -0.017283857719633394 5.933285867057473 11.221869412419467 1.0152452337389075 -11.22153284871202 -21.12446186690183 7438.203468499052 104.97120534105213 -20276539.415861323 12810512.769950742 5.689093562630508 -8.721468359471121 -9.721468359471121 0.2442063023080091 0.2834180580331662
0.00239589032792 3503.857528424801 15896898141.765846 -100685961.31307589 592568.4603150329 2320844.1962319086 0.14661595375195466 -3.2537501271050933 -7.447764658384585 3503.857528424801 0.24435992291992445 112.23382562622987 -6.203404735464661 0.0 -3382.416942955212 -1123.955925545715 0.0059921868533148615 -7443.290710795804 0.24435992291992445 379466.30730374955 -118.6173142144562 -0.031883658385661366 -0.017289445838479512 5.85976395017659 11.090193679936903 1.0080843501292789 -11.217615168393648 -21.11946981423286 7345.792866395581 104.97121542926511 -19978560.006788723 12616859.711934583 5.615404027256666 -8.608315904715036 -9.608315904715036 0.24437459191404642 0.28358622599800865
0.00242535977896 3500.1439153298056 15863022844.379896 -99301030.60236673 591951.5648291525 2316746.0120258736 0.14671782740466277 -3.2146714644239256 -7.361074109689706 3500.1439153298056 0.24452971234110463 112.23902088532256 -6.116544397348601 0.0 -3343.6524275872403 -3802.957026165925 0.0060640051787081125 -7352.006350155436 0.24452971234110463 378821.76904869586 -118.62738591410107 -0.03189858039451896 -0.017295111177829857 5.787149139602968 10.960101260420856 1.0010222520854624 -11.213650717960538 -21.114422521933797 7254.493386763269 104.97122574419981 -19684291.104171332 12425628.56641571 5.542619427261863 -8.496525299706223 -9.496525299706223 0.24454508433330358 0.28375659099719275
0.00245519170424 3496.3886570570617 15828803381.894852 -97933201.75910264 591327.7105345175 2312604.816643455 0.14682101409811704 -3.1760679901174442 -7.2754414804063465 3496.3886570570617 0.2447016901635284 112.24428448813778 -6.030739790242818 0.0 -3297.667899676607 -4991.037930282013 0.0061366611169818815 -7261.831183002357 0.2447016901635284 378170.99748009525 -118.63435543457217 -0.031913700158017484 -0.01730085473767475 5.7154207781590225 10.83159499055501 0.9940479791555601 -11.209638956878893 -21.109319155829805 7164.306146723615 104.97123629018616 -19393732.91356733 12236819.533788543 5.470719087995494 -8.386098988462564 -9.386098988462564 0.2447177984067903 0.2839291716233776
0.0024853905622 3492.591336735169 15794238116.43234 -96582284.60062516 590696.8609661255 2308420.250526176 0.14692554038721542 -3.13793441354354 -7.19085505289263 3492.591336735169 0.24487590064535905 112.24961737012987 -5.94597915224727 0.0 -3256.355399776684 -2673.033831905898 0.0062101638716500545 -7172.751732915526 0.24487590064535905 377513.95735658193 -118.63716330807529 -0.03192902066125667 -0.017306677531848124 5.644567449398974 10.704657279123825 0.9871597835628613 -11.205579338666885 -21.104159295216586 7075.218728902668 104.97124707150071 -19106844.8779846 12050406.223955411 5.399691548753615 -8.277021861001883 -9.277021861001883 0.24489277992806913 0.2841040133924123
0.00251596086611 3488.75153460134 15759324114.677301 -95247978.40668657 590058.9328576408 2304191.95344573 0.14703142106678865 -3.1002618379162503 -7.107295078431354 3488.75153460134 0.24505236844464776 112.25502051083275 -5.862242709986707 0.0 -3216.1866927557817 -3265.845362627053 0.0062845227334199765 -7084.754687267326 0.24505236844464776 376850.61675649346 -118.64285923207626 -0.031944544443413055 -0.017312580587954284 5.574583256827768 10.579258494832146 0.980361374434082 -11.201471311018764 -21.098942192369545 6987.210770227619 104.97125809248992 -18823562.628978718 11866346.766375484 5.32953088838312 -8.169268450412574 -9.169268450412574 0.24507005523986547 0.2842811423408306
0.00254690718477 3484.868827952843 15724058951.37102 -93930119.93183663 589413.8604086136 2299919.5645028553 0.14713867587596016 -3.063045814130689 -7.0247516993659165 3484.868827952843 0.2452311264599336 112.2604948900823 -5.779520572905983 0.0 -3175.7085429592707 -3454.1835001214104 0.006359747080691867 -6997.826895160329 0.2452311264599336 376180.9412124293 -118.64883460143938 -0.031960274270027796 -0.017318564947675967 5.5054560128235455 10.455383840228896 0.9736499882293579 -11.197314315687901 -21.093667216693312 6900.271727775583 104.97126935752168 -18543851.36632504 11684618.539530234 5.260224886363612 -8.062826045107117 -9.062826045107117 0.2452496589123876 0.2844605927366032
0.00257823414314 3480.942791222588 15688439753.233213 -92628502.96276952 588761.5610815153 2295602.72226379 0.14724732058461087 -3.0262804860924937 -6.943211925516077 3480.942791222588 0.24541220097435146 112.26604150668088 -5.697799724541726 0.0 -3135.2882183215993 -3538.299126539749 0.006435846379926816 -6911.955365610759 0.24541220097435146 375504.8979392417 -118.6557359622866 -0.031976212774843714 -0.01732463166687991 5.43717582064949 10.333013821282664 0.967025059149791 -11.193107788501184 -21.08833361784291 6814.387963266315 104.97128087112124 -18267667.03588432 11505192.90474901 5.191763619675138 -7.957677893790702 -8.957677893790702 0.24543161900811972 0.2846423923197532
0.0026099464231 3476.9729959574343 15652464222.703972 -91342969.9473726 588101.9722646244 2291241.0647904184 0.1473573765684672 -2.9899615764260874 -6.862666283270516 3476.9729959574343 0.24559562761411202 112.27166136985757 -5.617070655656404 0.0 -3095.3000219502164 -3376.1157262655365 0.006512830186253417 -6827.127265413362 0.24559562761411202 374822.4534682259 -118.66088229247362 -0.031992362845354734 -0.017330781815889814 5.36973069473704 10.212134215701068 0.9604837963426136 -11.188851159267987 -21.08294077959246 6729.549323900481 104.97129263771397 -17994976.06586469 11328048.038658895 5.1241350671229275 -7.853811780171942 -8.853811780171942 0.24561597297550275 0.2848265782078617
0.0026420487641 3472.9590108107777 15616129758.512926 -90073294.12817588 587435.0197490893 2286834.2296871115 0.1474688625855889 -2.9540825355484945 -6.78310024579012 3472.9590108107777 0.24578143764264815 112.27735550982986 -5.537318808147472 0.0 -3056.18800138444 -3267.8026626516926 0.006590708143775494 -6743.3299173626665 0.24578143764264815 374133.57693337946 -118.66673729931699 -0.032008727292671846 -0.017337016479743388 5.303112204265026 10.092723222804297 0.9540268860535221 -11.18454385170282 -21.07748800133624 6645.740668064685 104.97130466178096 -17725729.99727891 11153152.428049466 5.0573307666223775 -7.751208971410303 -8.751208971410303 0.2458027540415182 0.2850131832726065
0.0026745459639 3468.900401605532 15579433875.151257 -88819301.07778883 586760.6327227209 2282381.8542257417 0.14758179869729426 -2.9186385128766905 -6.704503063721971 3468.900401605532 0.24596966449549046 112.28312497141724 -5.45853339922648 0.0 -3017.7215401913168 -2922.076415724526 0.00666948998611789 -6660.550798273378 0.24596966449549046 373438.236742139 -118.67217393496139 -0.03202530900948938 -0.01734333675833431 5.237309646749421 9.974764707417792 0.9476526077041407 -11.180185283422032 -21.071974602009202 6562.950598940426 104.97131694819456 -17459891.622636598 10980481.886552738 4.991339982253931 -7.649855606024156 -8.649855606024156 0.24599199765216218 0.28520224259512916
0.00270744287926 3464.7967313095473 15542373954.258812 -87580770.45756896 586078.7348083182 2277883.575375359 0.14769620392348604 -2.88362313830516 -6.626860609453669 3464.7967313095473 0.24616033987247674 112.28897081490106 -5.380700269581192 0.0 -2980.139466621223 -3316.3097495010575 0.006749185536760923 -6578.777537179938 0.24616033987247674 372736.4035024975 -118.67954243573513 -0.032042110876409846 -0.017349743766709703 5.172314765511858 9.858237467556343 0.9413616003581435 -11.175774865845105 -21.06639985772216 6481.164394601925 104.97132950137888 -17197413.860685464 10810005.79976105 4.926154425639382 -7.549733466009826 -8.549733466009826 0.24618373765488677 0.2853937896342572
0.00274074442667 3460.647560123739 15504947334.530912 -86357550.56334251 585389.2472548394 2273339.029956358 0.14781209706765613 -2.849032285507818 -6.550163741228716 3460.647560123739 0.24635349511276022 112.29489412052381 -5.303810246115956 0.0 -2941.24789556394 -3614.9323495026106 0.006829804709514004 -6497.997913474143 0.24635349511276022 372028.046451549 -118.68641332236712 -0.03205913579537573 -0.017356238635181397 5.108116227586719 9.743127780138819 0.9351512862377174 -11.171312004215464 -21.060763023631274 6400.372263175407 104.97134232609244 -16938264.37902833 10641703.161906641 4.861762732473959 -7.450830762956416 -8.450830762956416 0.24637800756833017 0.28558785751324267
0.00277445558312 3456.452445427894 15467151751.210293 -85149482.64508075 584692.1047476322 2268747.854639447 0.14792950091707166 -2.8148615921869213 -6.474402798811043 3456.452445427894 0.24654916819511943 112.30089597262726 -5.227853630615924 0.0 -2903.8618690212206 -2824.5031037027998 0.006911357508965276 -6418.199854994315 0.24654916819511943 371313.13568784075 -118.69101582405801 -0.03207638685925593 -0.01736282250968501 5.044703259120199 9.629421142151525 0.9290195440020782 -11.166796097466847 -21.055063444486684 6320.563902614744 104.97135542728394 -16682409.346749416 10475551.982520964 4.798154090925079 -7.353135039945023 -8.353135039945023 0.24657484765210114 0.285784486078389
0.00280858138679 3452.2109418282585 15428984744.498947 -83956327.19057642 583987.2341570692 2264109.686057134 0.1480484366199343 -2.781104015441386 -6.399562162640019 3452.2109418282585 0.24674739436655718 112.30697749300778 -5.152814768273462 0.0 -2867.7829656118565 -2948.1897885882686 0.006993854030761493 -6339.371436351933 0.24674739436655718 370591.64508075564 -118.69758416635341 -0.03209386712618333 -0.017369496551973854 4.98206922706409 9.51709411250451 0.9229683280620402 -11.162226538197377 -21.049300405815313 6241.723152591395 104.97136880943869 -16429797.565768443 10311518.963510903 4.735321832697533 -7.2566261550606885 -8.256626155060689 0.24677429563408193 0.2859837126078961
0.00284312693785 3447.922601187879 15390443574.318724 -82777924.30436541 583274.5512579762 2259424.1608971125 0.14816892282889413 -2.7477551272897607 -6.325632020390422 3447.922601187879 0.24694820471482357 112.31313980897788 -5.078683815675599 0.0 -2831.2685667376977 -3096.7128395682207 0.007077304462117875 -6261.500877037268 0.24694820471482357 369863.5466324329 -118.70476483071616 -0.032111579585601846 -0.017376261939846836 4.92020386948676 9.40613196234736 0.9169958218268356 -11.157602712623575 -21.04347311137074 6163.839585317923 104.97138247764553 -16180394.936980037 10149581.951765709 4.673255664771936 -7.1612914551447275 -8.161291455144728 0.2469763851066148 0.2861855702406253
0.00287809739919 3443.586972689693 15351525856.802004 -81614105.68309376 582553.983742258 2254690.916032216 0.148290981794319 -2.714810213101764 -6.252601928069578 3443.586972689693 0.247151636323865 112.31938405583475 -5.005450291745713 0.0 -2795.2386948740623 -3175.2824046531487 0.0071617190821401736 -6184.576539734653 0.247151636323865 369128.8134915032 -118.71196410300308 -0.032129527403637385 -0.01738311986732795 4.859097550214918 9.296519013329744 0.9111007363471371 -11.152924000568097 -21.037580843710813 6086.902156475361 104.97139643681493 -15934165.567906184 9989717.618381996 4.611945913891053 -7.067117472556717 -8.067117472556717 0.2471811557815109 0.2863900982117571
0.0029134979972 3439.203602792631 15312229050.80359 -80464705.31918389 581825.4527303961 2249909.588534383 0.1484146344467586 -2.6822646250732074 -6.180461588231956 3439.203602792631 0.247357724077931 112.32571141081003 -4.933103864154025 0.0 -2759.0554342022338 -3139.0061069887083 0.007247108262162915 -6108.586928562438 0.247357724077931 368387.41960292513 -118.71857786470446 -0.0321477137261257 -0.01739007154503523 4.798740736851154 9.18823980765529 0.905281784453309 -11.148189775330446 -21.031622834140794 6010.899973531874 104.97141069163219 -15691074.051575473 9831902.954935225 4.551383012773223 -6.9740909286034105 -7.9740909286034105 0.2473886452860412 0.2865973336515506
0.00294933402256 3434.7720353269906 15272550944.23915 -79329558.01982182 581088.890252856 2245079.815841607 0.14853990508734782 -2.650113732930374 -6.109200747382087 3434.7720353269906 0.24756650847891304 112.33212305452403 -4.861634238903174 0.0 -2724.156303284454 -2720.650800031201 0.00733348246617 -6033.520687335851 0.24756650847891304 367639.33979377674 -118.72409242201866 -0.0321661418675019 -0.017397118200317845 4.739124071607084 9.081278951580158 0.8995377534519625 -11.143399403706162 -21.025598386073916 5935.822193299907 104.97142524738081 -15451085.168522734 9676115.068140762 4.491557563128171 -6.882198601358246 -7.882198601358246 0.24759889698766002 0.2868073194080222
0.00298561083104 3430.291811424082 15232488999.288906 -78208452.86403666 580344.2154606329 2240201.2357449904 0.14866681505745105 -2.618351365587076 -6.038805723611948 3430.291811424082 0.24777802509575175 112.33862017398826 -4.791027698516197 0.0 -2689.8577093482227 -2935.087509810051 0.007420852251087324 -5959.366597852708 0.24777802509575175 366884.5520444453 -118.73148175138704 -0.03218481505714727 -0.0174042610776852 4.680240653096024 8.975615910386004 0.8938698113544274 -11.138552245825343 -21.01950670805625 5861.6546228093775 104.97144010886572 -15214153.855762353 9522324.660997413 4.432462628000272 -6.791422847645563 -7.791422847645563 0.24781194952642305 0.28702009356502933
0.00302233384426 3425.76246969987 15192040689.00626 -77101251.35729073 579591.3469267449 2235273.486653466 0.1487953859562008 -2.586973757942345 -5.969268182029213 3425.76246969987 0.24799230992700133 112.34520400902383 -4.721275872102211 0.0 -2655.334759496511 -2881.689810860215 0.007509228267115346 -5886.113578300325 0.24799230992700133 366123.0321302464 -118.73860299541957 -0.03220373656881702 -0.01741150143880677 4.6220802459416 8.871238169734818 0.888275659165759 -11.133647655263937 -21.01334699863353 5788.388322303538 104.97145528114346 -14980250.615362883 9370512.575710937 4.3740879360145986 -6.7017529196351395 -7.7017529196351395 0.24802784199819206 0.287235694656908
0.00305950855055 3421.1835461457895 15151203692.51797 -76007780.00639366 578830.2095499195 2230296.207540344 0.14892564156964141 -2.5559759646304316 -5.900577168170798 3421.1835461457895 0.24820940261606902 112.3518757897477 -4.652367765554729 0.0 -2621.6360979957176 -2904.8137371329744 0.007598621258065078 -5813.75068149767 0.24820940261606902 365354.75848227035 -118.74600841405754 -0.0322229097992009 -0.017418840563022186 4.564634538821687 8.768129284717508 0.8827548431173424 -11.128684978836654 -21.007118496409777 5716.011791580022 104.97147076941724 -14749338.434123706 9220654.755072096 4.316425136205618 -6.613174691441475 -7.613174691441475 0.24824661734138243 0.28745416502491583
0.00309714050572 3416.554574280981 15109975548.255024 -74927881.17514321 578060.72198741 2225269.038175341 0.1490576044646625 -2.525353560279457 -5.8327228813094045 3416.554574280981 0.24842934077443754 112.35863677312848 -4.584293540534967 0.0 -2587.6417963111 -2990.2918837207503 0.007689042061615384 -5742.267093359538 0.24842934077443754 364579.7098746508 -118.75324415970863 -0.03224233813118654 -0.017426279747409675 4.50789464755988 8.66627454170596 0.8773062338771134 -11.12366355667093 -21.000820390655168 5644.514669590484 104.9714865786801 -14521383.698887302 9072729.360568447 4.259465306785442 -6.52567552496683 -7.52567552496683 0.24846831658428192 0.28767554507838233
0.00313523533394 3411.8750850793544 15068354062.198689 -73861404.48700313 577282.8115422144 2220191.619112572 0.1491913000106722 -2.4951023546064275 -5.765696047289354 3411.8750850793544 0.2486521666844537 112.36548823980819 -4.5170438806049 0.0 -2554.7838356806574 -2466.3732586807123 0.007780501609640274 -5671.652131183583 0.2486521666844537 363797.8657457158 -118.75946705925071 -0.03226202509646231 -0.017433820307249697 4.451851531700446 8.565660015372545 0.8719284483307677 -11.118582722035136 -20.994451926247034 5573.88711605058 104.97150271392213 -14296354.366066312 8926715.570555374 4.203199365015992 -6.4392434612381235 -7.4392434612381235 0.24869298556432384 0.28789988001037836
0.00317379872855 3407.1446070897905 15026336825.349037 -72808148.15459931 576496.3964940135 2215063.5918893274 0.14932675161499967 -2.465216408047837 -5.699483501758157 3407.1446070897905 0.24887791935833278 112.37243150045833 -4.450605582399824 0.0 -2522.6961274361233 -2917.920718136591 0.007873010928460366 -5601.895242113962 0.24887791935833278 363009.2097280164 -118.76775027747499 -0.0322819741843019 -0.01744146357616366 4.396498901454708 8.466265946184457 0.8666227872513601 -11.113441801374245 -20.988012278780282 5504.115504115268 104.97151918058451 -14074207.330954425 8782585.364130437 4.147620982096375 -6.3538615245578125 -7.3538615245578125 0.2489206671222196 0.2881272119677858
0.00321283645291 3402.362666437799 14983921349.43052 -71767989.79632817 575701.3908781818 2209884.5990968933 0.1494639820330035 -2.435692450603214 -5.6340780117597395 3402.362666437799 0.24910663672167252 112.37946786070536 -4.3849713750380666 0.0 -2489.396262539964 -2891.8080010397493 0.007966581139063929 -5532.986001564365 0.24910663672167252 362213.7221325925 -118.77549528003146 -0.032302188894958506 -0.01744921090646547 4.341826734873179 8.36808147206572 0.8613866880473666 -11.10824011421509 -20.981500588743064 5435.192006873077 104.97153598361315 -13854916.549492113 8640321.835998962 4.092720098151507 -6.269520388147941 -7.269520388147941 0.2491514030148031 0.28835758201329387
0.00325235434128 3397.528786914804 14941105599.13822 -70740786.7805172 574897.7241620207 2204654.284547231 0.14960301866706105 -2.4065265224240777 -5.56947081822693 3397.528786914804 0.24933836444510177 112.38659867055735 -4.320132453781828 0.0 -2458.2044254652724 -2260.014224672682 0.008061223457424906 -5464.914111626877 0.24933836444510177 361411.3854722094 -118.78171760318583 -0.03232267295314311 -0.017457063669368614 4.287826203912658 8.271093439192027 0.8562187015847689 -11.102976973164864 -20.97491609972767 5367.107310123418 104.9715531282928 -13638451.64195395 8499905.246886782 4.038487839467557 -6.186208757331253 -7.186208757331253 0.2493852429532264 0.28859103912585804
0.00329235829968 3392.6424899169656 14897887184.277554 -69726317.34605132 574085.3114481908 2199372.2932776343 0.14974388553515844 -2.377711957606131 -5.505647143621267 3392.6424899169656 0.24957314255859742 112.3938252880144 -4.256074001062669 0.0 -2426.8827238391073 -3137.650794800509 0.008156949194609148 -5397.669399555305 0.24957314255859742 360602.1888892171 -118.79140348729743 -0.032343429986119346 -0.017465023255464722 4.2344926276368975 8.175279667912367 0.8511214765253758 -11.097651683743914 -20.968257948137428 5299.846254016145 104.971570619737 -13424765.203632716 8361304.7768641785 3.9849194850783003 -6.103907576114064 -7.103907576114064 0.2496222313984321 0.28882762696349995
0.00333285430676 3387.703294656621 14854263654.00639 -68724520.38716957 573264.0642681886 2194038.2718511615 0.1498866061423966 -2.3492475473952794 -5.442604336644912 3387.703294656621 0.24981101023732769 112.40114910887043 -4.1927933264075845 0.0 -2394.3316589146934 -2548.075357880311 0.0082537697570725 -5331.241816265364 0.24981101023732769 359786.11208685435 -118.79785350055226 -0.03236446363924726 -0.017473091074734708 4.181813497803635 8.080636168221591 0.8460896650774798 -11.092263544513381 -20.96152523850959 5233.405488003321 104.97158846305229 -13213844.353420954 8224512.096300277 3.932002487566307 -6.022613426096767 -7.022613426096767 0.24986241173300439 0.2890673881463577
0.00337384841473 3382.7107180373805 14810233392.945234 -67735197.44189589 572433.9235289142 2188651.8682941548 0.15003121255553656 -2.3211273943268447 -5.380329339327116 3382.7107180373805 0.2500520209258943 112.40857152872705 -4.130277318401222 0.0 -2365.3161091022753 -2133.2289718590014 0.00835169664679695 -5265.621434772665 0.2500520209258943 358963.14534586604 -118.80461012496744 -0.032385777941961985 -0.017481268557155715 4.129783359701399 7.9871433353487085 0.8411249547942357 -11.086811846834413 -20.954717279046353 5167.771541926744 104.97160666366094 -13005646.721308365 8089499.648254522 3.879731338775505 -5.942309468999757 -6.942309468999757 0.2501058421661583 0.28931038002052134
0.00341534675024 3377.6642747876294 14765793523.209919 -66758145.50074862 571594.7821856473 2183212.732314063 0.15017772421172165 -2.2933454163439224 -5.3188086647816375 3377.6642747876294 0.2502962070195361 112.4160939850187 -4.068512457762101 0.0 -2334.3082712802325 -3213.9628840749024 0.008450741461456749 -5200.7984487516605 0.2502962070195361 358133.2814358631 -118.81572415947903 -0.032407376456314065 -0.017489557152866576 4.078397198840242 7.894780928165944 0.8362293903660365 -11.081295874906772 -20.947833029870818 5102.930557622052 104.97162522642351 -12800128.902419876 7956239.232254202 3.828100991820706 -5.862978313090258 -6.862978313090258 0.25035256011669305 0.2895566390943086
0.00345735551526 3372.56347760902 14720942114.081713 -65793352.798583075 570746.5666588612 2177720.515533677 0.1503261702044535 -2.265902086468828 -5.2580434072706606 3372.56347760902 0.2505436170074225 112.42371793760829 -4.007499790263238 0.0 -2303.2586348222617 -2239.290190455649 0.00855091589455334 -5136.7631711235545 0.2505436170074225 357296.49943787855 -118.82122050715225 -0.03242926317318538 -0.01749795833231458 4.0276405593053415 7.803550571903517 0.8313953924230377 -11.075714905822293 -20.94087168312321 5038.882822299526 104.97164415674565 -12597288.632633997 7824729.42477471 3.7770969422979186 -5.784621370271143 -6.784621370271143 0.2506026187025122 0.2898062176470497
0.0034998809881 3367.4078369995495 14675677442.169352 -64840554.87397365 569889.2095578955 2172174.871375691 0.15047658190587496 -2.238789187570401 -5.198015352979966 3367.4078369995495 0.2507943031764583 112.43144484932633 -3.947221049803508 0.0 -2275.3192745425554 -2308.5527662314335 0.008652231735578116 -5073.506032465136 0.2507943031764583 356452.7998942351 -118.8299558403296 -0.03245144221713793 -0.017506473586982842 3.9775118997522343 7.713424928411128 0.8266283405969095 -11.070068209260253 -20.933832469710392 4975.609909094517 104.97166345967473 -12397069.341826547 7694933.424364749 3.7267175965757757 -5.707215153435222 -6.707215153435222 0.2508560758782702 0.29005917260639547
0.00354292952426 3362.1968615166643 14629996668.188896 -63899634.53150239 569022.6006311295 2166575.4554221556 0.15062897935118658 -2.212003545904137 -5.138717478825766 3362.1968615166643 0.25104829891864433 112.43927623576735 -3.887669179907122 0.0 -2244.8251709614015 -2964.9706864725695 0.008754700870064257 -5011.017579715649 0.25104829891864433 355602.1733786937 -118.84003635338286 -0.03247391729915595 -0.01751510442935567 3.9280024454647986 7.624393451932435 0.8219262236673676 -11.064355047661698 -20.926714306538916 4913.104257668805 104.97168314034569 -12199446.059378384 7566835.040221117 3.676954146546154 -5.630750606376334 -6.630750606376334 0.25111297047370007 0.29031554181689734
0.0035865075574 3356.930057799692 14583898307.753035 -62970521.24601296 568146.6782485715 2160921.9255151385 0.15078339653718068 -2.1855436041841787 -5.080146374538443 3356.930057799692 0.25130566089530115 112.44721362018356 -3.828840713643142 0.0 -2215.7024528584284 -2151.015492231911 0.008858335279688535 -4949.288474730209 0.25130566089530115 354744.60711705656 -118.84619819588715 -0.032496692734375277 -0.01752385239331482 3.8791012185983242 7.536451008175899 0.8172847206886106 -11.058574676138685 -20.919516452351097 4851.361792986673 104.97170320389229 -12004403.899748811 7440424.619713537 3.627795557703023 -5.555223332229878 -6.555223332229878 0.25137336462148874 0.2905753864199464
0.00363062160036 3351.6069304771136 14537380245.533258 -62052978.455278486 567261.3557475993 2155213.941734971 0.15093986109968077 -2.159402040801289 -5.022285810817206 3351.6069304771136 0.25156643516613464 112.45525854621579 -3.7707193756510717 0.0 -2187.963665484541 -2390.8311390241493 0.008963147042339324 -4888.309492802588 0.25156643516613464 353880.1053271435 -118.85566602551353 -0.032519772626419675 -0.017532719034750885 3.8308058565749574 7.449573237837098 0.8127081303742649 -11.052726342254457 -20.91223798001643 4790.3660647570905 104.97172365526463 -11811892.260090185 7315669.26052922 3.579239421408823 -5.480612402953129 -6.480612402953129 0.2516373107651553 0.2908387577024023
0.00367527824604 3346.2269824674513 14490440223.925182 -61146917.58059611 566366.5394933245 2149451.166801685 0.15109839922955756 -2.133576649414445 -4.965130923483297 3346.2269824674513 0.25183066538259596 112.46341260261761 -3.713300258100701 0.0 -2159.079068811287 -2563.7482281345333 0.009069148332123854 -4828.071521419009 0.25183066538259596 353008.6601593687 -118.86478537064067 -0.032543161064979585 -0.01754170593148916 3.783106654415992 7.363752830097413 0.8081932531360032 -11.04680928623341 -20.90487790460251 4730.11161395297 104.9717444995251 -11621892.332543876 7192556.775445886 3.5312759890333965 -5.406911546558596 -6.406911546558596 0.2519048586228281 0.2911057042831825
0.00372048416847 3340.7897148610523 14443076521.933395 -60252207.25115343 565462.1540834991 2143633.266027368 0.1512590427564295 -2.1080637324737306 -4.908673542914112 3340.7897148610523 0.2520984045940492 112.47167738577762 -3.656575138320063 0.0 -2131.187539683144 -2302.6264838546504 0.009176351419427672 -4768.565558778617 0.2520984045940492 352130.26918993995 -118.87320222212657 -0.03256686241188361 -0.017550814683966607 3.735996254111838 7.278977512839818 0.803739178995564 -11.040822740708737 -20.897435365674596 4670.589791922164 104.97176574159005 -11434376.130718185 7071068.986814766 3.483897849517789 -5.334110228616036 -6.334110228616036 0.25217606774817314 0.29137628453768005
0.00376624612374 3335.29462708916 14395287138.33039 -59368696.32791829 564548.1119081214 2137759.907577395 0.1514218206500378 -2.0828588883210073 -4.852903930565257 3335.29462708916 0.25236970108339635 112.48005452459819 -3.6005342294818607 0.0 -2103.587552292688 -2366.818435116237 0.00928476867082048 -4709.782712540069 0.25236970108339635 351244.9339071567 -118.8821714388605 -0.032590880959942614 -0.017560046915411718 3.6894684862492944 7.195232662153421 0.7993461188065265 -11.03476593078325 -20.8899094075485 4611.790450508756 104.97178738641118 -11249311.402427636 6951184.946068349 3.4370987851658983 -5.262195891387943 -6.262195891387943 0.2524509933169776 0.29165055239284277
0.00381257095106 3329.741216928675 14347070260.85149 -58496260.94918935 563624.3306341246 2131830.7625563284 0.1515867639051159 -2.057958656121644 -4.797814441611232 3329.741216928675 0.25264460650852655 112.48854568168912 -3.5451698351027052 0.0 -2076.3393545267354 -2267.183346172683 0.009394412549080262 -4651.714198425859 0.25264460650852655 350352.65461294196 -118.8910310646279 -0.032615221130288995 -0.017569404272326176 3.6435159567297513 7.112506793580674 0.7950129673768962 -11.028638073907144 -20.882299105038022 4553.705466466269 104.97180943862598 -11066671.761330206 6832887.522138026 3.3908713502212247 -5.191158677183126 -6.191158677183126 0.25272969405248435 0.2919285652919382
0.00385946557376 3324.1289806338086 14298423982.022451 -57634759.20924343 562690.7224474002 2125845.5052302135 0.15175390254538249 -2.0333589294510617 -4.743395995143667 3324.1289806338086 0.2529231709089708 112.49715253541943 -3.490472824234696 0.0 -2049.472700649283 -2342.4320215468606 0.009505295613123846 -4594.351338939682 0.2529231709089708 349453.43549764255 -118.9005966184668 -0.032639887352565886 -0.01757888842475219 3.5981323708895547 7.030786269079175 0.7907396521463685 -11.02243837989314 -20.874603486051324 4496.325345807267 104.9718319032393 -10886426.93344943 6716157.055033178 3.345209199980584 -5.1209868763584065 -6.1209868763584065 0.25301222747032204 0.2922103793962654
0.00390693700032 3318.45741297735 14249346513.366095 -56784075.226275854 561747.2021133408 2119803.81315288 0.15192326787099417 -2.009056505864274 -4.689641520988749 3318.45741297735 0.25320544645165693 112.505876802246 -3.436436074537092 0.0 -2022.5379487117466 -2297.6014244622693 0.00961743051786883 -4537.685562075121 0.25320544645165693 348547.2794080539 -118.90984980094072 -0.032664884156185035 -0.017588501066712493 3.5533102595606296 6.950060465999235 0.7865248371004983 -11.016166050829577 -20.86682158913439 4439.642533863314 104.97185478458518 -10708552.237760734 6600977.526226798 3.3001048131089723 -5.0516713722829945 -6.0516713722829945 0.25329865339511226 0.29249605314314986
0.00395499232542 3312.7260073506213 14199836182.708721 -55944079.98728571 560793.686796382 2113705.367355542 0.15209489243706698 -1.9850477099823067 -4.6365428998674485 3312.7260073506213 0.2534914873951116 112.51472022260526 -3.3830514124723368 0.0 -1996.4587907133744 -2122.3684938128767 0.009730830014137149 -4481.708400030938 0.2534914873951116 347634.19254535635 -118.91887625824074 -0.03269021617021957 -0.017598243916556854 3.509042996687399 6.870317187336133 0.7823679617126865 -11.009820281055804 -20.858952462546984 4383.648476235244 104.97187808747236 -10533020.170324853 6487331.07679767 3.255551509292287 -4.983201695467482 -5.983201695467482 0.25358903415261347 0.2927856473970222
0.00400363873103 3306.934255806565 14149891245.425167 -55114626.331193745 559830.0889115799 2107549.852476436 0.1522688080367759 -1.9613282077206509 -4.584090547581855 3306.934255806565 0.2537813467279598 112.52368456168743 -3.3303092008538955 0.0 -1970.5422721872558 -2322.708022822751 0.00984550694853978 -4426.411487912015 0.2537813467279598 346714.1856531244 -118.92925489190748 -0.032715888043317404 -0.017608118717422655 3.4653250695168585 6.79154203913013 0.7782695148520374 -11.00340025707215 -20.85099511210372 4328.333228132211 104.97190181609854 -10359799.317576466 6375197.304122145 3.2115437227888983 -4.9155654872900785 -5.9155654872900785 0.2538834312839596 0.29307922214975435
0.00405288348742 3301.0816492161125 14099509942.689495 -54295619.68190921 558856.3182957122 2101336.957011518 0.15244504628419203 -1.9378955205425774 -4.5322790031082345 3301.0816492161125 0.25407507714032007 112.53277163015147 -3.2782039259679143 0.0 -1944.356126376423 -2226.2329920559328 0.00996147426320847 -4371.7865625525 0.25407507714032007 345787.2640675141 -118.93871239421787 -0.032741904467751846 -0.017618127237504316 3.42214838940942 6.713726812282243 0.7742273092044724 -10.996905157572833 -20.842948516116298 4273.690798674398 104.97192597486989 -10188869.561034797 6264563.164589178 3.1680733122690996 -4.848755706236289 -5.848755706236289 0.25418190604537794 0.2933768371059424
0.00410273395431 3295.1676772814217 14048690952.75326 -53486928.85958729 557872.2991477483 2095066.373413486 0.1526236435007824 -1.9147458597853817 -4.48109990100571 3295.1676772814217 0.25437273916797065 112.54198324815351 -3.22672716183774 0.0 -1919.3243581329273 -2026.3833033286894 0.010078744995668841 -4317.825461208262 0.25437273916797065 344853.440017943 -118.94784894204349 -0.03276827037692302 -0.017628271270592088 3.3795069342430755 6.636858938452576 0.7702411712840229 -10.990334153317754 -20.834811749889365 4219.712424016108 104.97195056792488 -10020202.92788119 6155410.48915759 3.1251341950751046 -4.782761565475036 -5.782761565475036 0.2544845281615745 0.2936785603258232
0.00415319758195 3289.1918286344185 13997432507.429832 -52688404.72564167 556877.9366455444 2088737.798282177 0.15280463116168774 -1.8918747760839256 -4.430543400426039 3289.1918286344185 0.2546743852694796 112.55132127981057 -3.1758690151565596 0.0 -1894.3113657082054 -2241.4209275619887 0.010197332278553975 -4264.520120361543 0.2546743852694796 343912.73095238453 -118.95875528329361 -0.03279499056228183 -0.01763855263647106 3.3373957919286976 6.560923638882565 0.7663119765116299 -10.983686407096036 -20.826583740959283 4166.387948819209 104.97197559924717 -9853767.559171038 6047718.589511513 3.0827214066592177 -4.7175703754080525 -5.7175703754080525 0.25479135984694823 0.29398445225671543
0.00420428191221 3283.1535910140838 13945733108.603815 -51899965.148505665 555873.1439506952 2082350.9326386256 0.1529880436055729 -1.8692802087905491 -4.380604973024291 3283.1535910140838 0.25498007267595485 112.56078762162312 -3.1256249003483365 0.0 -1869.1094850336174 -2133.8413711639005 0.010317249339355997 -4211.862574540803 0.25498007267595485 342965.1456395445 -118.9685474115795 -0.03282206998380771 -0.01764897318118921 3.295806687997588 6.485914101977785 0.762437132247821 -10.97696107377474 -20.81826346629748 4113.71229059552 104.97200107266353 -9689546.00251062 5941476.156329592 3.0408266153216332 -4.653176297346111 -5.653176297346111 0.25510246796285097 0.2942945780157664
0.00425599457973 3277.0524512453767 13893591485.817722 -51121475.05167052 554857.8406065579 2075905.481989492 0.1531739176294628 -1.8469581886747466 -4.331275852802345 3277.0524512453767 0.25528986271577137 112.57038419515207 -3.075985990086574 0.0 -1844.9198070344044 -1997.0224842833354 0.010438509500054045 -4159.844955105675 0.25528986271577137 342010.7032808831 -118.97847045913022 -0.03284951375504352 -0.01765953477769924 3.254734286648786 6.41181715829826 0.7586169432991292 -10.97015730012427 -20.809849941059802 4061.6763345876043 104.97202699184258 -9527509.429133564 5836664.4657784 2.9994444239330145 -4.589568027925171 -5.589568027925171 0.2554179243249375 0.29460900751919694
0.00430834331306 3270.8878954142124 13841006108.296568 -50352804.57122935 553831.9339292524 2069401.1565995545 0.1533622871109729 -1.8249049155107708 -4.282547645003154 3270.8878954142124 0.2556038118516215 112.58011295991756 -3.026943833151533 0.0 -1820.6835226330988 -2160.0186166449453 0.01056112617684441 -4108.459489073017 0.2556038118516215 341049.4247552509 -118.98949624420766 -0.0328773269276846 -0.017670239326157515 3.2141731405641116 6.338620196887524 0.7548515320241918 -10.963274224859136 -20.80134208138194 4010.271334910191 104.97205336021653 -9367630.111632261 5733265.519148916 2.95856932871249 -4.526734742443643 -5.526734742443643 0.2557377963183489 0.2949278061739946
0.00436133593581 3264.659408955388 13787975668.11432 -49593862.905324005 552795.3373137834 2062837.6716723088 0.15355318829355025 -1.8031179908033823 -4.234415073331295 3264.659408955388 0.2559219804892504 112.58997590498018 -2.9784930928420446 0.0 -1796.4843665389847 -2026.3908647845017 0.010685112879734395 -4057.6984979608687 0.2559219804892504 340081.32581144857 -118.99972193152553 -0.03290551470498925 -0.017681088754395172 3.1741158825655726 6.2663152831671916 0.7511390123511882 -10.956310978579229 -20.792738838771314 3959.491514868115 104.97208018104928 -9209888.720281916 5631266.783859036 2.9181939020763226 -4.4646696377304425 -5.4646696377304425 0.2560621553548752 0.29525104339870056
0.00441498036782 3258.36647674459 13734499020.634829 -48844521.28664555 551747.9679831864 2056214.747535309 0.15374665915748872 -1.781593630183566 -4.186869784344945 3258.36647674459 0.25624443192914786 112.59997505727391 -2.930625352415797 0.0 -1773.1729882525208 -1951.2136138296867 0.010810483212113711 -4007.5543966404894 0.25624443192914786 339106.431316869 -119.01025175354971 -0.03293408241753315 -0.017692085018396152 3.134557312344876 6.194889865874368 0.7474796186299999 -10.949266683712779 -20.784039183495086 3909.328184070435 104.97210745734183 -9054257.764847534 5530650.409206946 2.878312880415728 -4.403361942472429 -5.403361942472429 0.25639107659764593 0.2955787922082018
0.00446928462635 3252.0085831989536 13680574817.672867 -48104656.4417292 550689.7328533462 2049532.109834897 0.15394273531342292 -1.760328230925021 -4.139903824742155 3252.0085831989536 0.25657122552237155 112.61011247570761 -2.8833325992197834 0.0 -1749.679884514565 -2108.0486456122876 0.010937250870306975 -3958.019692197377 0.25657122552237155 338124.7677065163 -119.02188794890571 -0.032963035359237246 -0.017703230102774258 3.095492094851612 6.124331995272442 0.7438733817419334 -10.942140454465997 -20.775242000028445 3859.7730462484997 104.97213519179735 -8900710.918601472 5431399.3088489575 2.8389208693292405 -4.342801401300554 -5.342801401300554 0.25672463174035376 0.2959111220610694
0.00452425682725 3245.5852124526136 13626201956.27365 -47374188.28306402 549620.5456759328 2042789.4898099178 0.15414145498309983 -1.7393197580825697 -4.093512729047339 3245.5852124526136 0.2569024249718331 112.6203902587738 -2.8366103040755064 0.0 -1726.294903126986 -1954.9583922950621 0.011065429643082292 -3909.0869828373147 0.2569024249718331 337136.3543178708 -119.03221828437245 -0.03299237898832556 -0.01771452602112657 3.056912726862414 6.054634951913731 0.740318075771697 -10.934931396854008 -20.766346213296405 3810.8211107662387 104.97216338691388 -8749231.139036618 5333502.439566811 2.800010301890581 -4.282982256703669 -5.282982256703669 0.257062896835657 0.29624810677369295
0.00457990518622 3239.0958483620566 13571379566.15442 -46652982.25753219 548540.3265550577 2035986.6243868093 0.15434285891353644 -1.7185641729688286 -4.047687582765599 3239.0958483620566 0.25723809818922744 112.63081053613774 -2.7904494845763717 0.0 -1703.8428551531963 -1874.3328123803435 0.011195033411113671 -3860.748956737804 0.25723809818922744 336141.22429846704 -119.04311961194117 -0.03302211892529425 -0.017725974816715787 3.0188147737062527 5.985785341418657 0.7368145083913042 -10.927638608538114 -20.757350785577554 3762.4631879114404 104.97219204492073 -8599789.679195615 5236941.129931428 2.7615766755170257 -4.223893013926683 -5.223893013926683 0.2574059533372799 0.2965898253477057
0.00463623802002 3232.5399747040474 13516106387.344751 -45940922.27812773 547448.9779013068 2029123.2564772398 0.1545469832921621 -1.698058094726799 -4.002420926492386 3232.5399747040474 0.25757830548693683 112.64137547597802 -2.744842621005449 0.0 -1681.255489280559 -2000.7813556596639 0.011326076146451036 -3812.9983909733446 0.25757830548693683 335139.4095966474 -119.05516651079506 -0.033052260669045916 -0.017737578562812932 2.9811929623045454 5.917771954576267 0.7333625755259997 -10.920261178876009 -20.748254537287803 3714.6914789998373 104.97222116767469 -8452361.734462371 5141699.287656904 2.7236146568176087 -4.16552405453009 -5.16552405453009 0.25775387548162954 0.2969363494983436
0.00469326374766 3225.9170753217754 13460381574.609379 -45237925.802135244 546346.4153618685 2022199.1352210839 0.15475386884037604 -1.6777993700354383 -3.957708035397828 3225.9170753217754 0.25792311473396007 112.6520872852816 -2.699784920663868 0.0 -1658.7335323918528 -1928.9006025127549 0.01145857191180485 -3765.828150480336 0.25792311473396007 334130.93613778456 -119.06643921173372 -0.033082809963286275 -0.01774933936315062 2.9440403463043023 5.850587681518755 0.7299604184712996 -10.912798188911406 -20.739056376592345 3667.5007676451946 104.97225075667063 -8306929.7189934105 5047765.514095324 2.686117231570342 -4.107869286614657 -5.107869286614657 0.2581067451686003 0.29728775858524925
0.00475099089176 3219.2266341566065 13404204335.933641 -44543875.64281502 545232.5538733314 2015214.0161098891 0.15496355674268625 -1.6577845561336917 -3.913541319915887 3219.2266341566065 0.25827259457114377 112.66294820941845 -2.6552687253447433 0.0 -1636.83010841424 -1834.959957093236 0.011592534860030632 -3719.2311869054097 0.25827259457114377 333115.8403849741 -119.07779594939393 -0.033113772634392274 -0.01776125935260452 2.907351995141791 5.784221115016782 0.726608151148955 -10.90524871123177 -20.72975519576821 3620.883146151784 104.97228081315359 -8163468.593814755 4955123.556117304 2.6490794005706473 -4.050918924022412 -5.050918924022412 0.25846464615877884 0.29764413363158526
0.00480942807973 3212.4681354540844 13347573863.573555 -43858658.94805384 544107.3049096022 2008167.6612926894 0.15517608781949097 -1.6380103536706687 -3.8699135086303618 3212.4681354540844 0.25862681303248497 112.67396053453817 -2.611286695597877 0.0 -1615.1737256399076 -1884.234209843617 0.011727979233284822 -3673.200537630949 0.25862681303248497 332094.1604651669 -119.08986813313004 -0.033145154559057456 -0.017773340697568647 2.8711228908722757 5.718661325268047 0.7233057364671496 -10.897611810019217 -20.720349850241092 3574.83101934806 104.97231133792194 -8021954.240911167 4863757.762588211 2.6124960778397908 -3.9946635908613866 -4.994663590861387 0.2588276622115987 0.2980055555499316
0.00486858404511 3205.641063858683 13290489365.622726 -43182180.03563836 542970.5775955562 2001059.8397653464 0.15539150286130013 -1.6184740897366956 -3.826818722172361 3205.641063858683 0.2589858381021669 112.68512657907284 -2.567832884070194 0.0 -1593.468729375937 -1895.0707290523026 0.011864919362357543 -3627.7293246928416 0.2589858381021669 331065.932247381 -119.10205543599113 -0.033176961679021004 -0.017785585596553244 2.8353472183175223 5.6538994705578185 0.7200522700439366 -10.889886540973157 -20.7108391666823 3529.338108423533 104.97234233130091 -7882366.223025151 4773654.881317468 2.576361380215355 -3.939095706378013 -4.939095706378013 0.25919587742166006 0.29837210551852655
0.00492846762886 3198.7449045945486 13232950326.198084 -42514345.833907984 541822.2888489906 1993890.3276494325 0.1556098456511478 -1.599173180854969 -3.7842512843460763 3198.7449045945486 0.259349742751913 112.69644871475386 -2.524901541594163 0.0 -1572.1991556510923 -1774.291276233935 0.012003369665894797 -3582.810753765539 0.259349742751913 330031.1927779695 -119.11364629578293 -0.03320920012353029 -0.017797996280639175 2.8000191519208015 5.589927012268475 0.7168467756540032 -10.882071951327054 -20.70122201852735 3484.3983294882837 104.97237379333889 -7744684.665880718 4684802.021773311 2.5406694091688884 -3.884207951904161 -4.884207951904161 0.25956938147781583 0.29874387020022886
0.0049890877807 3191.779143511455 13174956208.584873 -41855035.31757555 540662.3517094965 1986658.9083306957 0.15583115952143234 -1.580103980434085 -3.7422031558112003 3191.779143511455 0.25971859920238727 112.70792934041401 -2.482484556608813 0.0 -1551.4225553621434 -1798.471358425715 0.01214334464948707 -3538.4381131333416 0.25971859920238727 328989.9900077337 -119.12621274392131 -0.03324187607255137 -0.017810575014203522 2.7651345439836295 5.526731867316005 0.7136899113299918 -10.874167079709478 -20.691497238857714 3440.003397628278 104.97240572340668 -7608883.675483288 4597182.374615195 2.5054159447812423 -3.8299899613249195 -4.8299899613249195 0.25994826456633446 0.2991209365294284
0.0050504535604 3184.743267355551 13116506395.713118 -41204157.48254369 539490.6729742006 1979365.3728309777 0.1560554865843254 -1.5612639554115637 -3.7006687699284018 3184.743267355551 0.26009247764054233 112.71957091186162 -2.4405762922878593 0.0 -1530.4399485117738 -1849.1897348013867 0.012284858904817404 -3494.6047727227633 0.26009247764054233 327942.36539434956 -119.13908420406369 -0.03327499572665776 -0.017823324095239457 2.730687730560484 5.4643056623457555 0.7105807437924775 -10.866170956256795 -20.681663601261757 3396.1473521199614 104.97243812046942 -7474943.795299766 4510783.327625265 2.4705952529199418 -3.776434557207982 -4.776434557207982 0.2603326150261682 0.2995033895597574
0.00511257413919 3177.6367638261922 13057600643.738613 -40561628.05665954 538307.1708500485 1972009.519957385 0.15628287310349018 -1.5426508206284957 -3.6596431171055315 3177.6367638261922 0.26047145517248366 112.73137591940464 -2.399171661933048 0.0 -1509.8685199873241 -1717.1036297636858 0.012427927108745677 -3451.3041830708357 0.26047145517248366 326888.3599269321 -119.15114824852708 -0.03330856552441182 -0.017836245856097003 2.6966728009809615 5.402640857267469 0.7075180312846443 -10.858082602480367 -20.671719953508973 3352.824754775818 104.97247098306117 -7342847.021204999 4425593.207241893 2.436201345808478 -3.723535280582052 -4.723535280582052 0.26072252868873746 0.2998913217338244
0.0051754588011 3170.4591217443253 12998238685.725962 -39927327.13483202 537111.7594247472 1964591.156567101 0.1565133648111539 -1.524260925792334 -3.6191181533328223 3170.4591217443253 0.26085560801858987 112.74334689821174 -2.3582625453142323 0.0 -1489.8349738313132 -1732.2705416473202 0.012572564022259718 -3408.529874369473 0.26085560801858987 325828.0292621808 -119.16418968026119 -0.0333425919554714 -0.017849342664032947 2.6630859611508226 5.341725360659702 0.7045026116146894 -10.849901031256946 -20.66166509995568 3310.027349789167 104.97250430903604 -7212567.67773382 4341595.345432315 2.4022303531322327 -3.67128175937479 -4.67128175937479 0.26111810209799813 0.3002848259176448
0.00523911694436 3163.2098312208395 12938420153.277168 -39301165.93535333 535904.3454639083 1957110.0978315354 0.15674700590704155 -1.5060917872823847 -3.5790884249342496 3163.2098312208395 0.26124500984506926 112.75548643026112 -2.3178434150891802 0.0 -1469.6020200442647 -1781.3827492917917 0.012718784489475547 -3366.27545549032 0.26124500984506926 324761.42105489544 -119.1776472952979 -0.03337708152166205 -0.017862616921778905 2.6299218186072317 5.281550967453018 0.7015336504325799 -10.841625246816037 -20.651497776507316 3267.7493059715293 104.97253809561883 -7084086.761889439 4258777.425016837 2.3686768087621624 -3.6196669618835235 -4.6196669618835235 0.26151942939446593 0.30068399254688005
0.00530355808277 3155.888383855146 12878145053.112717 -38683064.51800726 534684.8471404042 1949566.1675309169 0.1569838447802892 -1.4881412527408029 -3.5395492205799908 3155.888383855146 0.261639741300482 112.76779714692039 -2.2779094792795087 0.0 -1449.7263285364281 -1678.5199229866903 0.012866603436504519 -3324.534613052712 0.261639741300482 323688.5813715847 -119.19034528079737 -0.03341204096803716 -0.01787607106807057 2.5971746078085376 5.222110583769825 0.6986098793720625 -10.833254244758798 -20.641216792698774 3225.985484564613 104.97257233944758 -6957387.175611128 4177128.362254489 2.335534866508055 -3.568684813823225 -4.568684813823225 0.2619266122767736 0.3010889195115082
0.00536879184719 3148.4942727828125 12817413409.727985 -38072909.94218781 533453.1799007413 1941959.1981927007 0.15722392973647478 -1.470405891288318 -3.5004929876577062 3148.4942727828125 0.26203988289412466 112.78028171881098 -2.2384531047635816 0.0 -1430.3059386581906 -1677.5924161741018 0.013016035870309497 -3283.3011104358498 0.26203988289412466 322609.57151886116 -119.20381128532063 -0.03344747711301989 -0.01788970757848576 2.564840548859511 5.163392853855185 0.6957319794064172 -10.82478701190119 -20.63082092447904 3184.728120075008 104.97260703645226 -6832444.716259888 4096632.4471956007 2.302800665965386 -3.5183255768805832 -4.518325576880583 0.2623397540696405 0.3014997060082987
0.00543482798691 3141.0269929743563 12756225168.797426 -37470615.677950256 532209.2525676882 1934289.0314881501 0.15746730774878054 -1.4528832713713733 -3.4619143923049487 3141.0269929743563 0.26244551291463425 112.79294287613651 -2.1994688793903143 0.0 -1410.858918697487 -1693.2610844349529 0.013167096877495102 -3242.5687868925775 0.26244551291463425 321524.4451451438 -119.21757990862625 -0.03348339679919185 -0.01790352896582184 2.5329145049822244 5.105389750819213 0.6928992053103881 -10.816222526400924 -20.620308883326285 3143.9715158672775 104.97264218194566 -6709240.840715172 4017277.660489479 2.27046899206759 -3.4685823739347788 -4.468582373934779 0.2627589561143533 0.3019164492081686
0.00550167637115 3133.4860413282654 12694580589.455744 -36876096.15359978 530952.9827676218 1926555.51841597 0.15771402926212497 -1.4355709893032154 -3.423808167728812 3133.4860413282654 0.26285671543687494 112.80578338056928 -2.160951452291937 0.0 -1391.7267660517684 -1633.5441321620067 0.013319801623035202 -3202.3315566013666 0.26285671543687494 320433.2574376361 -119.23119367218078 -0.03351980708797935 -0.017917537780887664 2.5013914072287977 5.048093346447593 0.690110825220989 -10.807559757646045 -20.609679434685717 3103.7100423638717 104.97267777030474 -6587757.212794522 3939052.11178663 2.238534691791923 -3.419448414448513 -4.419448414448513 0.26318432642681866 0.3023392527963743
0.00556934699052 3125.870916874932 12632479907.869015 -36289252.75482014 529684.2836376703 1918758.519599273 0.15796414405651046 -1.4184661221360613 -3.3861678922379297 3125.870916874932 0.26327357342751745 112.81880606527368 -2.1228943188104124 0.0 -1372.8822470990074 -1634.7143139841196 0.013474165348940841 -3162.583407766978 0.26327357342751745 319336.07183718844 -119.2453258601422 -0.03355671509486943 -0.017931736613103825 2.470267054649493 4.9914939805477205 0.6873669297018404 -10.798797666267106 -20.5989312950528 3063.9370132018885 104.97271379515652 -6467972.678185614 3861942.0778090023 2.206993481221976 -3.3709154185470043 -4.370915418547004 0.2636159733250616 0.3027682205054266
0.0056378499585 3118.1811209538187 12569923483.125826 -35710001.19559028 528403.0694405937 1910897.9055539304 0.15821770302306373 -1.4015662908442514 -3.348988354502876 3118.1811209538187 0.26369617170510623 112.8320137995832 -2.0852921827977697 0.0 -1354.1133343602228 -1631.9477280772264 0.013630203372829735 -3123.3184017298045 0.26369617170510623 318232.94776532415 -119.25959698172528 -0.033594128062261926 -0.0179461280911757 2.4395365541393863 4.935583807852611 0.6846668563992917 -10.78993520411553 -20.588063175514296 3024.6468679235936 104.97275024942088 -6349869.153612084 3785935.8347869324 2.17584038243428 -3.3229766672287946 -4.322976667228795 0.26405400754815456 0.3032034583865655
0.00570719551299 3110.4161573988818 12506911820.72965 -35138256.37808388 527109.25650904 1902973.5569642647 0.15847475845840392 -1.3848690743556031 -3.312264251839717 3110.4161573988818 0.26412459743067324 112.84540950573934 -2.0481396544090438 0.0 -1335.6292833601503 -1584.2718906152256 0.013787931086563903 -3084.5306720565445 0.26412459743067324 317123.9470827198 -119.27377726701934 -0.033632053372822386 -0.01796071488377182 2.409195178648467 4.8803548452826835 0.6820100575639052 -10.780971314248179 -20.577073788453976 2985.8339685779792 104.97278712484388 -6233428.3735658135 3711021.538768521 2.145070581217794 -3.2756253237221777 -4.275625323722178 0.26449854324023947 0.30364507570437393
0.0057773940178 3102.5755327091924 12443445536.941074 -34573925.04461347 525802.7618013748 1894985.3649424603 0.15873536361868568 -1.3683717174379055 -3.2759895404082133 3102.5755327091924 0.26455893936447616 112.85899616970563 -2.0114306010437373 0.0 -1317.4282967177992 -1579.263081543259 0.013947363954602573 -3046.214423687212 0.26455893936447616 316009.1382326271 -119.28837992859007 -0.03367049853320635 -0.017975499700254444 2.379238794337111 4.825797997490828 0.679396532134381 -10.771904930891528 -20.565961835977557 2947.4920055945995 104.97282441238903 -6118630.309033093 3637186.196542128 2.114679854972635 -3.2288535955098947 -4.228853595509895 0.26494969756818487 0.3040931844891759
0.00584845596422 3094.658756267696 12379525253.317797 -34016923.14012095 524483.4985128831 1886933.2313357687 0.15899957135263165 -1.3520718132156782 -3.240158949890591 3094.658756267696 0.26499928558771946 112.87277682031325 -1.9751596643028717 0.0 -1299.337299233424 -1563.2880849370122 0.014108517512501261 -3008.363932057368 0.26499928558771946 314888.5874424338 -119.30326827532099 -0.03370947112067625 -0.01799048529133803 2.3496628579629792 4.7719053296399805 0.67682581369091 -10.762734979458143 -20.554725975986763 2909.615389758034 104.97286210187679 -6005456.893848713 3564418.095661649 2.08466357237526 -3.1826546875733497 -4.18265468757335 0.2654075878233191 0.30454789675117055
0.00592039197258 3086.6653405412153 12315151819.952427 -33467168.622782484 523151.3850711686 1878817.0690129984 0.15926743693155385 -1.3359670231372167 -3.2047673653887094 3086.6653405412153 0.26544572821925644 112.8867545529325 -1.939321637169453 0.0 -1281.530014382606 -1541.6793087317765 0.01427140736523986 -2970.9735422474964 0.26544572821925644 313762.36192130065 -119.31822582125187 -0.03374897889838492 -0.01800567444980744 2.3204628270839374 4.718669138676646 0.6742973853038501 -10.753460376538332 -20.54336489113701 2872.1986813173817 104.97290018219559 -5893890.489582679 3492705.798811352 2.055017098864681 -3.137022005382847 -4.137022005382847 0.265872336412886 0.30500932942216663
0.00599321279384 3078.594801255551 12250326123.741764 -32924573.42953552 521806.3372915279 1870636.8021242179 0.15953901559697434 -1.3200547559050908 -3.1698091103031265 3078.594801255551 0.2658983593282906 112.9009325094314 -1.9039107509748359 0.0 -1263.8397242445678 -1544.6795714156 0.014436049185462301 -2934.037668136806 0.2658983593282906 312630.5346971101 -119.33360901887681 -0.03378902971866576 -0.018021070011309186 2.2916346292158356 4.666080879011927 0.671811154111259 -10.74408002985961 -20.531877228109867 2835.235936346039 104.97293864105218 -5783912.149405698 3422037.0178730115 2.025736269887545 -3.0919482300560572 -4.091948230056057 0.2663440671993793 0.30547760061776563
0.0060669293112 3070.4466576414547 12185049220.343388 -32389063.56453436 520448.2736833372 1862392.3664307368 0.1598143642403438 -1.3043329703909732 -3.135279733076746 3070.4466576414547 0.26635727373390633 112.91531389243664 -1.8689224593428397 0.0 -1246.3884603390266 -1489.754713050084 0.014602458711746116 -2897.5507915672974 0.26635727373390633 311493.1724496426 -119.34871647566115 -0.033829631592055674 -0.018036674855026566 2.263173483416981 4.614133841703818 0.6693662615549771 -10.734592838325057 -20.520261638301353 2798.7223367299375 104.97297746483031 -5675505.941449583 3352401.426721526 1.996816209683075 -3.047427622529754 -4.047427622529754 0.2668229073759284 0.3059528316801833
0.00614155254173 3062.220432591481 12119322310.362135 -31860544.871722855 519077.11446729826 1854083.7095429488 0.1600935411095802 -1.2887988029236614 -3.101172956288996 3062.220432591481 0.26682256851596703 112.92990197069776 -1.834350387773029 0.0 -1229.2741814793571 -1497.074846909872 0.01477065174665631 -2861.5074615180997 0.26682256851596703 310350.3567786806 -119.3645683778218 -0.0338707926774604 -0.01805249190455642 2.2350759124319866 4.562818578261505 0.6669631164194774 -10.72499769194485 -20.508516769888896 2762.651409910167 104.9730166386982 -5568651.590983047 3283785.869107216 1.9682533439160197 -3.0034520892024767 -4.003452089202477 0.26730898874331066 0.30643514813557216
0.006217093638 3053.915652938944 12053146517.104988 -31338943.321781807 517692.7723835871 1845710.7912798547 0.16037660284585706 -1.2734501852827138 -3.0674842678073007 3053.915652938944 0.26729433807642844 112.94470006690791 -1.8001899297308723 0.0 -1212.0994953396764 -1494.6936204420158 0.014940644154857335 -2825.902293299397 0.26729433807642844 309202.1588281966 -119.3806336892585 -0.03391252116473407 -0.01806852412856812 2.207337367733811 4.512128289018809 0.6646009966015219 -10.715293471906582 -20.49664119544166 2727.01830080558 104.97305614658904 -5463333.128206628 3216179.9974906584 1.9400430296573827 -2.9600158128881278 -3.9600158128881278 0.26780244075637316 0.30692467310542815
0.00629356388974 3045.531849666054 11986523387.586382 -30824185.626946 516295.1731185545 1837273.5839546497 0.16066361109430058 -1.2582850709935496 -3.034209211236482 3045.531849666054 0.2677726851571676 112.95971156883462 -1.7664365260793142 0.0 -1195.3131885293712 -1439.4625663060244 0.015112451861057901 -2790.7299677506835 0.2677726851571676 308048.65050973214 -119.39639276277876 -0.03395482554199062 -0.018084774541628355 2.17995336477496 4.462056255135667 0.6622791961447827 -10.705479050560117 -20.484633572052196 2691.818208559957 104.9730959708555 -5359534.74525592 3149573.561374168 1.912180679617792 -2.9171130484115273 -3.9171130484115273 0.26830340248569107 0.30742153909742986
0.00637097472559 3037.0685580579498 11919454374.084864 -30316177.891466185 514884.23406547407 1828772.0726039694 0.16095462565038177 -1.2433005599338836 -3.001341430446233 3037.0685580579498 0.268257709417303 112.97493992332775 -1.73308372102893 0.0 -1178.6909162975892 -1462.7594000494937 0.015286090847947069 -2755.9852304175943 0.268257709417303 306889.92097685515 -119.41310047133629 -0.03399771432255564 -0.018101246205161577 2.1529207641699717 4.412592909196915 0.6599983201713352 -10.695553291335473 -20.472492474032588 2657.0446224202906 104.97313609248522 -5257236.182700776 3083953.4156677783 1.8846630547526686 -2.8747356007110563 -3.8747356007110563 0.26881201267213506 0.3079258777926538
0.00644933771471 3028.5253180656773 11851941086.239807 -29814858.503558263 513459.8745661539 1820206.2554249244 0.16124970775222228 -1.2284950571411217 -2.9688774717983777 3028.5253180656773 0.26874951292037047 112.9903886505653 -1.7001279588780072 0.0 -1162.1274203683458 -1425.8030380671191 0.015461577153992797 -2721.6628908120683 0.26874951292037047 305726.037550249 -119.42944080994766 -0.034041196178579605 -0.018117942228017193 2.126234605081795 4.36373303672411 0.6577570867475442 -10.685515048902227 -20.460216472743227 2622.693666474864 104.97317649081954 -5156424.108922613 3019310.9264948554 1.8574850921614248 -2.8328790177236556 -3.8328790177236556 0.26932841191238543 0.30843782282914656
0.0065286645686 3019.9016744054215 11783985426.965567 -29320140.76226837 512022.02145074063 1811576.1439444812 0.16154892196752904 -1.213865928032181 -2.936811576319705 3019.9016744054215 0.26924820327921506 113.00606132382725 -1.66756337304049 0.0 -1145.9744696944967 -1401.871313641574 0.015638926871178956 -2687.75782159593 0.26924820327921506 304557.0883440597 -119.44623712344583 -0.034085280019253386 -0.018134865767594346 2.0998915436767644 4.315467963386485 0.6555558005152436 -10.675363169016636 -20.44780418107254 2588.759388653557 104.97321714356879 -5057079.795372004 2955633.9395131 1.8306433403975493 -2.7915358745897607 -3.7915358745897607 0.2698527495457933 0.3089575160112602
0.0066089671428 3011.197176891276 11715589139.982475 -28831947.921789605 510570.59035461664 1802881.763420816 0.16185233000605145 -1.1994109308817102 -2.9051388538201732 3011.197176891276 0.2697538833434191 113.02196159498378 -1.6353849704767542 0.0 -1129.8241931204811 -1414.4137095844676 0.015818156142691105 -2654.2649578378905 0.2697538833434191 303383.1562526539 -119.46357835707704 -0.03412997474405537 -0.018152020030523824 2.07388774955006 4.267790319615787 0.653394228671451 -10.665096488639398 -20.43525410381402 2555.2366335846277 104.97325802657737 -4959186.626368144 2892911.683600436 1.8041338662066408 -2.7506998667280906 -3.7506998667280906 0.27038517114368743 0.3094850951972655
0.00669025743865 3002.4113806748414 11646754374.583042 -28350214.808178727 509105.50896820804 1794123.153148054 0.1621599984198616 -1.185128293385299 -2.8738554644412 3002.4113806748414 0.2702666640331027 113.03809318527148 -1.6035888004080974 0.0 -1113.902385816688 -1374.7122242066762 0.015999281160451944 -2621.1792962612512 0.2702666640331027 302204.31556512864 -119.48066535077032 -0.034175289553950904 -0.01816940827356507 2.0482187942449506 4.220694308650766 0.6512714886033137 -10.654713835941223 -20.4225648227053 2522.121195733186 104.97329911401744 -4862730.473334287 2831134.999786172 1.7779521302118477 -2.7103660441602955 -3.7103660441602955 0.27092583105326484 0.31002070689585304
0.00677254760515 2993.543846425438 11577483286.848572 -27874857.14809361 507626.7004649709 1785300.3666991028 0.16247199315433547 -1.171015435331155 -2.842955772075656 2993.543846425438 0.2707866552572258 113.05445987314626 -1.5721691168184304 0.0 -1098.2087897904194 -1373.3397913798906 0.016182318162643476 -2588.495894469483 0.2707866552572258 301020.6591289134 -119.49836347737073 -0.034221233734998274 -0.0181870338046543 2.0228815223453167 4.17417143969441 0.6491879386010155 -10.64421403023477 -20.409734864338386 2489.4072658564505 104.9733403779671 -4767693.083228422 2770292.0451285606 1.752094867088091 -2.6705271405077666 -3.6705271405077666 0.2714748858691737 0.31056449927560303
0.00685584994069 2984.5941406842735 11507778177.812054 -27405809.355414268 506134.08924206824 1776413.4723387908 0.16278838140935892 -1.1570705433515567 -2.81243584657288 2984.5941406842735 0.27131396901559823 113.07106553036604 -1.541121877557282 0.0 -1082.6040074348318 -1352.7086580581924 0.0163672834310657 -2556.2098702429917 0.27131396901559823 299832.2646276873 -119.5160595385978 -0.03426781673483167 -0.018204899983626267 1.9978717412249105 4.128215780187453 0.6471428447435693 -10.63359588210899 -20.396762744652396 2457.090573449046 104.97338178851254 -4674060.206082573 2710373.5832427186 1.7265577722093122 -2.6311780893717263 -3.6311780893717263 0.27203249448742073 0.3111166227710458
0.00694017689496 2975.5618360337826 11437641559.24055 -26942995.16011835 504627.60352332547 1767462.5532495838 0.1631092325856008 -1.1432913434537297 -2.7822907374314005 2975.5618360337826 0.2718487209760014 113.0879140821024 -1.510442016455399 0.0 -1067.3004634194024 -1328.353262679782 0.0165541932884535 -2524.3164007810406 0.2718487209760014 298639.2212021573 -119.53410528796303 -0.03431504820317875 -0.018223010223344365 1.9731860205929281 4.082819865821767 0.6451361990809659 -10.622858193341827 -20.383646990645 2425.1659424837226 104.97342331365236 -4581815.285272445 2651368.872520076 1.7013372996169267 -2.5923125086008234 -3.5923125086008234 0.2725988222322553 0.31167723374808964
0.00702554107077 2966.4465114369286 11367075954.003931 -26486341.29798755 503107.1670165895 1758447.7079228826 0.163434615436445 -1.1296756726963095 -2.7525157399717175 2966.4465114369286 0.27239102572740836 113.10500953785629 -1.480124714244309 0.0 -1052.0741706933436 -1338.156069677309 0.016743064095719403 -2492.8107219976664 0.27239102572740836 297441.617099394 -119.55268026199701 -0.03436293787950049 -0.018241367990511778 1.9488208523099917 4.037976601381773 0.6431678716008614 -10.611999757011152 -20.370386071895286 2393.628427807565 104.97346491891055 -4490942.389625896 2593267.5814145715 1.6764298265825834 -2.553924333030464 -3.553924333030464 0.27317403502539706 0.312246488869785
0.00711195522594 2957.247752480052 11296084143.171911 -26035785.349534754 501572.70921548933 1749369.0504507113 0.16376460156947223 -1.1162218176387726 -2.7231071526335278 2957.247752480052 0.2729410026157871 113.12235599025075 -1.4501661500177407 0.0 -1036.9867361206889 -1305.2584177514082 0.0169339122490357 -2461.6881278073492 0.2729410026157871 296239.53014684055 -119.57112212776065 -0.03441149573593011 -0.018259976806711972 1.9247721538753813 3.9936803947450294 0.6412371090601567 -10.601019357488472 -20.356978483448177 2362.4739841630367 104.97350656759579 -4401427.909921472 2536060.8869354133 1.6518311512595942 -2.516008791162436 -3.516008791162436 0.27375830432273673 0.3128245501960505
0.00719943227522 2947.965151636205 11224669072.518839 -25591251.811067656 500024.1614087282 1740226.7108341027 0.16409926414177856 -1.1029274943780858 -2.6940600084576403 2947.965151636205 0.2734987735696309 113.13995759924207 -1.4205612348880092 0.0 -1022.1979708757202 -1288.97659822028 0.017126754176860534 -2430.9439694173416 0.2734987735696309 295033.05341803853 -119.58994309651962 -0.034460731927292744 -0.018278840249439127 1.9010367630929128 3.949923754829916 0.6393440452904847 -10.58991577045377 -20.343422713816963 2331.6974490346392 104.973548220513 -4313255.411004106 2479738.1239176784 1.6275379895232818 -2.4785594797224624 -3.4785594797224624 0.274351807558314 0.3134115851539335
0.00728798529221 2938.5983085524313 11152833720.145813 -25152670.248650357 498461.4510600871 1731020.8353111597 0.16443867591277556 -1.0897906195968334 -2.6653697856415195 2938.5983085524313 0.27406445985462596 113.15781861008111 -1.3913053257868935 0.0 -1007.4689888987402 -1289.0691656349723 0.017321606336842228 -2400.573654637196 0.27406445985462596 293822.27626244 -119.60930496429046 -0.03451065671533695 -0.018297961953111133 1.8776113057751986 3.9066998585107373 0.6374885580262419 -10.578687762935909 -20.329717198224035 2301.2940668711294 104.97358983562233 -4226409.526661523 2424289.3256779485 1.6035468459205726 -2.441570569485262 -3.441570569485262 0.2749547231083921 0.3140077618261281
0.0073776275113 2929.146830380754 11080581299.60922 -24719980.084329892 496884.51033754664 1721751.5867236806 0.1647829121795207 -1.076809523871393 -2.6370328859060894 2929.146830380754 0.27463818696586784 113.17594335374528 -1.3623946989402216 0.0 -992.9282131650037 -1263.3830833165673 0.017518485212689686 -2370.572647197447 0.27463818696586784 292607.27693464694 -119.62860136832523 -0.03456128058881454 -0.01831734561002249 1.8544918826178 3.8640032665371775 0.6356699530055949 -10.567334093402803 -20.31586038769228 2271.259906216814 104.9736313682359 -4140876.9978704886 2369705.8948656637 1.5798536956519322 -2.405037422239383 -3.405037422239383 0.27556723444754727 0.314613253240672
0.00746837232969 2919.6103319944596 11007915208.841913 -24293107.396190986 495293.27393237513 1712419.1447667053 0.16513205006941767 -1.0639819464074873 -2.609044399526887 2919.6103319944596 0.2752200834490295 113.19433624317328 -1.3338243160778576 0.0 -978.5627735036418 -1260.862471789925 0.01771740731084286 -2340.9364660579304 0.2752200834490295 291388.15095594444 -119.6484315734092 -0.034612614237895294 -0.018336994971572467 1.8316755425308036 3.8218265714739874 0.6338884526627504 -10.555853511711202 -20.301850731220938 2241.589885215742 104.97367277073961 -4056641.6837150916 2315977.355044709 1.556455459081774 -2.3689537086247396 -3.3689537086247396 0.27618953201672347 0.3152282386878278
0.00756023330934 2909.9884363493447 10934838897.023539 -23871992.503892124 493687.6732986159 1703023.7063758357 0.1654861665323475 -1.0513062331950833 -2.581400764925885 2909.9884363493447 0.2758102775539125 113.21300177196568 -1.3055904873719726 0.0 -964.3062035689794 -1235.21123382175 0.01791838915707971 -2311.660684756064 0.2758102775539125 290164.9765676889 -119.66825140329229 -0.03466466847591367 -0.01835691384922188 1.8091585239128603 3.7801643882041898 0.632143420196568 -10.544244759227622 -20.287686627950826 2212.2801199807222 104.97371399242982 -3973690.48321623 2263095.2117200005 1.5333482463589478 -2.3333148378025497 -3.3333148378025497 0.27682180630372566 0.31585289744772016
0.00765322417905 2900.28077474979 10861356147.799295 -23456564.42096228 492067.6487893961 1693565.4860163033 0.16584534259759148 -1.0387802220216218 -2.5540972972296654 2900.28077474979 0.27640890432931914 113.2319445304691 -1.2776883929003462 0.0 -950.3414965642329 -1219.1795094030024 0.018121447293073904 -2282.740930728437 0.27640890432931914 288937.84756912716 -119.68855142725806 -0.034717454412950356 -0.018377106115685042 1.78693789008357 3.739009644401391 0.6304350118246631 -10.532506568832375 -20.273366526507772 2183.325745827687 104.97375497923673 -3892007.8581852606 2211049.3769176947 1.510528985754251 -2.29811477047767 -3.29811477047767 0.2774642585510395 0.31648741884466036
0.00774735883645 2890.486987157976 10787470620.574755 -23046756.776632253 490433.1298907808 1684044.7160093912 0.16620965642381158 -1.026401936846064 -2.52712972102653 2890.486987157976 0.27701609403968597 113.25116920288436 -1.250113626986844 0.0 -936.4023884635659 -1223.8282386175224 0.018326598272639015 -2254.1728846773503 0.27701609403968597 287706.8529802227 -119.70950302307347 -0.03477098317965814 -0.018397575706066885 1.7650105083354766 3.698355883526566 0.628763146222711 -10.520637664972762 -20.258888761107144 2154.722270415384 104.97379567379211 -3811579.231986889 2159830.3956538225 1.4879944142957906 -2.2633479953068143 -3.2633479953068143 0.27811708707059135 0.3171319889427803
0.00784265135014 2880.6067225981637 10713186410.473791 -22642515.961443193 488784.0591870183 1674461.6469457056 0.16657919179258532 -1.0141699573745466 -2.5004950042287484 2880.6067225981637 0.2776319863209755 113.27068054452295 -1.2228630179077729 0.0 -922.6177616119982 -1202.9330803832686 0.018533858658348633 -2225.952279906032 0.2776319863209755 286472.062560819 -119.7302371196538 -0.0348252662704277 -0.01841832661882882 1.7433725089305592 3.6581985109027984 0.6271269582488763 -10.508636763829335 -20.244251750253355 2126.4662945366313 104.97383601531438 -3732392.7677824283 2109430.588928299 1.4657405226095839 -2.2290106044473954 -3.2290106044473954 0.2787804997919078 0.31778680338556253
0.00793911596175 2870.6396392861793 10638507690.511318 -22243771.27868153 487120.37708526314 1664816.547826152 0.1669540327134716 -1.0020820901134657 -2.4741883968646965 2870.6396392861793 0.2782567211891193 113.29048342203043 -1.1959316756755771 0.0 -909.0168342382256 -1186.9300084173387 0.018743245017207543 -2198.07490169461 0.2782567211891193 285233.5718751939 -119.75142986509127 -0.034880315330506846 -0.018439362917386008 1.7220212322474937 3.6185303549006713 0.6255267663070425 -10.496502573146334 -20.229453868904173 2098.5529256984228 104.97387593879161 -3654432.935214344 2059839.872985482 1.4437645110583746 -2.1950964747353994 -3.1950964747353994 0.2794547104738747 0.3184520626665992
0.00803676708808 2860.585405153935 10563438789.044765 -21850464.391553707 485442.02505050483 1655109.7065807 0.16733426455988268 -0.9901366796718888 -2.4482063467669866 2860.585405153935 0.2788904409331378 113.31058280985218 -1.1693159058338487 0.0 -895.6006670154713 -1165.4026932508225 0.018954773917145572 -2170.536586666921 0.2788904409331378 283991.45763352205 -119.77275414049745 -0.034936142203646915 -0.01846068873088749 1.7009533047652263 3.579346039839433 0.623962129386894 -10.48423379253921 -20.21449347487198 2070.9783260012955 104.97391537579115 -3577686.8426893093 2011049.8819631534 1.4220628638320885 -2.1616010276928845 -3.1616010276928845 0.28013993559953954 0.31912796992936476
0.00813561932326 2850.4436979980196 10487984200.777927 -21462525.805760257 483748.9459410293 1645341.430216849 0.16771997426673094 -0.9783315522662485 -2.4225441520979314 2850.4436979980196 0.27953329044455155 113.33098374458291 -1.1430108616533798 0.0 -882.3358021970388 -1170.6508438629091 0.019168461922576648 -2143.333222167155 0.27953329044455155 282745.8153732012 -119.79492335249142 -0.034992758943720975 -0.0184823082558498 1.680166187946521 3.5406384646653795 0.6224334119375297 -10.471829113342972 -20.199368912240967 2043.7376677269042 104.97395425317441 -3502139.183224765 1963050.6754103932 1.4006328975019693 -2.128518202306009 -3.128518202306009 0.2808363992185847 0.31981473499380086
0.00823568744093 2840.2142060163824 10412148488.509079 -21079905.17050396 482041.0798543735 1635512.0453368577 0.16811124871395172 -0.9666653891638983 -2.3971990110515544 2840.2142060163824 0.2801854145232529 113.35169140964119 -1.1170135965283015 0.0 -869.0753999635042 -1156.3344012897387 0.01938432559064062 -2116.4607456460185 0.2801854145232529 281496.7074814675 -119.81704371060368 -0.03505017775208107 -0.018504225756982247 1.6596561624524522 3.5024033784029136 0.6209397482977574 -10.459287218931665 -20.18407847370482 2016.8277804091194 104.97399249401383 -3427778.74136407 1915834.9795572646 1.3794707479291992 -2.0958443877789166 -3.0958443877789166 0.2815443240965567 0.320512566619939
0.00833698639646 2829.8966279586675 10335936687.938677 -20702540.785752214 480318.38168326387 1625621.8982758687 0.1685081812793611 -0.9551363454061467 -2.3721669620571575 2829.8966279586675 0.28084696879893517 113.37271105102252 -1.0913199932582223 0.0 -856.1262144548252 -1123.535150528273 0.01960238146650524 -2089.915144050905 0.28084696879893517 280244.2146082974 -119.83927180378919 -0.03510841124426231 -0.018526445568897522 1.6394203549249438 3.464634786819424 0.619481090045374 -10.44660678456404 -20.16862055075478 1990.2444927978704 104.97403001635176 -3354591.8599882834 1869393.9203756668 1.3585733861260085 -2.0635744778943717 -3.0635744778943717 0.2822639489174602 0.32122168857489497
0.00843953132913 2819.4906735564277 10259353664.298347 -20330363.82444743 478580.79297493683 1615671.355503304 0.1689108614768017 -0.943742229284351 -2.34744326726419 2819.4906735564277 0.2815181024613362 113.39404804263239 -1.0659251648028538 0.0 -843.2931707537482 -1129.9082152160242 0.019822646078975818 -2063.6924532408693 0.2815181024613362 278988.43210067006 -119.86246834366534 -0.035167472037193864 -0.018548972097249875 1.6194564714037978 3.427325533409173 0.6180579375482971 -10.433786477569184 -20.15299339352359 1963.9829782907277 104.97406673353775 -3282563.314469317 1823717.611022846 1.3379383689424615 -2.031702365266452 -3.031702365266452 0.28299551082805796 0.3219423222117227
0.00854333756448 2808.996063922073 10182404620.128437 -19963326.503997177 476828.2641604402 1605660.8039863608 0.1693193831224536 -0.9324818069187336 -2.3230253237045244 2808.996063922073 0.282198971870756 113.41570786876203 -1.0408263518337684 0.0 -830.4793305113806 -1126.5195224182382 0.020045135936247394 -2037.788757371705 0.282198971870756 277729.41356951813 -119.88569552035847 -0.03522737307978481 -0.018571809819978042 1.599760885022427 3.390471661599868 0.6166694084898516 -10.420824957493284 -20.13719529884718 1938.0402571501938 104.97410255401157 -3211682.393050367 1778799.0982820017 1.317561913151671 -2.0002246956995835 -3.0002246956995835 0.28373925198383865 0.3226746942938076
0.00864842061653 2798.412531803559 10105094989.194992 -19601371.085029878 475060.7498981726 1595590.6514085329 0.16973384270797812 -0.9213533747389936 -2.2989094886169905 2798.412531803559 0.2828897378466302 113.4376961097093 -1.0160197507703603 0.0 -817.8456772735874 -1095.4881248636668 0.020269867520806485 -2012.2001883294179 0.2828897378466302 276467.22988815355 -119.90895350680398 -0.035288127591402964 -0.018594963288912972 1.5803307286402668 3.3540676536432756 0.6153153520423809 -10.407720876066884 -20.121224571217788 1912.4124593938316 104.97413738078438 -3141936.228236309 1734630.0216892976 1.2974409907936366 -1.9691367741862331 -2.969136774186233 0.2844954243431488 0.32341904043236547
0.00875479619011 2787.7398219905463 10027430376.529278 -19244436.155178696 473278.20649725106 1585461.326525701 0.17015433843262553 -0.9103550414573958 -2.275091704620325 2787.7398219905463 0.2835905640543759 113.46001847576024 -0.9915011405659491 0.0 -805.4772663953637 -1079.1429317695508 0.020496857284724945 -1986.9229251490385 0.2835905640543759 275201.9591725607 -119.93263471057435 -0.0353497490262685 -0.018618437131090605 1.5611634802250274 3.318107368912362 0.6139959305182785 -10.394472877357053 -20.105079499662104 1887.0953699381264 104.97417111123214 -3073311.1439002855 1691201.4927063638 1.2775729161706515 -1.9384333710838488 -2.938433371083849 0.28526428701895656 0.3241756026264623
0.00886248018325 2776.977691652132 9949416412.229048 -18892458.749516875 471480.5852233585 1575273.2794491525 0.17058096770869816 -0.8994848225377405 -2.251567705948606 2776.977691652132 0.2843016128478303 113.48268077402254 -0.9672660931007755 0.0 -793.1418978547273 -1091.2848596350873 0.020726121644722432 -1961.953193433695 0.2843016128478303 273933.68371269584 -119.95734192679106 -0.03541225097704461 -0.01864223605026057 1.5422568229363764 3.2825843546402984 0.6127114785225455 -10.381079597833882 -20.088758300059915 1862.084609806964 104.97420363684525 -3005793.103077458 1648504.3906013146 1.2579552100885463 -1.9081089880027262 -2.908108988002726 0.28604610191139224 0.3249446249346134
0.0089714886895 2766.1259108338227 9871058965.727242 -18545397.858117204 469667.8419362213 1565026.9820711787 0.17101383072897255 -0.8887417631088042 -2.228335519099524 2766.1259108338227 0.28502305121495425 113.5056889538319 -0.9433124678845699 0.0 -780.8557635272554 -1065.8665074318176 0.020957676977230725 -1937.2872648041823 0.28502305121495425 272662.4328312775 -119.9817639038431 -0.03547564732092544 -0.018666364828076543 1.5236069982034592 3.2474955949109687 0.6114608396898331 -10.367539666634245 -20.072259196240346 1837.3777600965796 104.97423484318055 -2939372.77103347 1606532.6543654678 1.238583946988505 -1.8781610826565194 -2.8781610826565194 0.28684113183470905 0.3257263530160768
0.00908183800038 2755.184262659305 9792364321.788 -18203189.954909623 467839.9450386604 1554722.9282028875 0.17145303364066175 -0.8781238263439705 -2.205390775046841 2755.184262659305 0.2857550560677696 113.52904907134125 -0.9196357189790714 0.0 -768.866652997658 -1050.6852109954013 0.02119153961283055 -1912.9214563315195 0.2857550560677696 271388.2859004727 -120.00666894341248 -0.035539952351267876 -0.018690828326001236 1.505211902911124 3.2128344772143382 0.6102444953527959 -10.35385170545734 -20.055580490166 1812.970367878273 104.97426460932215 -2874035.966399264 1565277.0576282726 1.2194568468433544 -1.8485840237278661 -2.848584023727866 0.28764966005344594 0.3265210510928307
0.00919354460779 2744.1525437824926 9713338581.4363 -17865778.562104978 465996.84841238754 1544361.633940792 0.17189867816594281 -0.8676292927186535 -2.1827298033243308 2744.1525437824926 0.286497796943238 113.55276730142445 -0.8962320063810927 0.0 -756.8781872466608 -1051.8159322613494 0.021427725830966173 -1888.8521299925649 0.286497796943238 270111.305499029 -120.03226173285293 -0.035605180364910734 -0.018715631486690393 1.4870690338778145 3.1785954393387494 0.6090624890450136 -10.340014328770383 -20.038720325744862 1788.8585885854568 104.97429280734868 -2809769.983536533 1524729.344181287 1.2005712369345765 -1.8193730806215136 -2.8193730806215136 0.28847196397485764 0.32732897727179067
0.00930662520646 2733.030564858239 9633988349.234493 -17533118.902323548 464138.5225946117 1533943.6380409517 0.17235087355552545 -0.8572569976258541 -2.160350177769343 2733.030564858239 0.28725145592587575 113.57684997357823 -0.8730987218434674 0.0 -745.0495618219804 -1033.7037179248305 0.021666251854589168 -1865.0756921294303 0.28725145592587575 268831.52022390347 -120.05773471950647 -0.035671346144869796 -0.01874077933537429 1.469175141433483 3.144774781345389 0.6079140765365735 -10.326026144038705 -20.02167695896532 1765.0396343688892 104.97431930252691 -2746564.62816871 1484882.8827571506 1.1819236855076074 -1.7905251275571215 -2.7905251275571215 0.2893083325289387 0.3281504013853057
0.0094210966965 2721.818150722161 9554320265.040993 -17205148.96669517 462264.9334321068 1523469.5020112975 0.17280972848148007 -0.8470049257950744 -2.1382475809986543 2721.818150722161 0.28801621413580014 113.60130351078662 -0.8502313668628543 0.0 -733.3479673174104 -1023.0368868674745 0.021907133844061812 -1841.5885929009337 0.28801621413580014 267549.002428571 -120.0839113590705 -0.035738464640177325 -0.018766276981959998 1.451528288429551 3.111365966786048 0.6067998062313277 -10.311885751589871 -20.004448572795337 1741.5091301146585 104.9743439524377 -2684405.9744088817 1445728.6139616813 1.1635120742937508 -1.762034599881984 -2.762034599881984 0.29015906407260983 0.32898560083386974
0.00953697618587 2710.515141039195 9474341179.275537 -16881822.9108825 460376.0501847953 1512939.810633807 0.1732753540770956 -0.8368718368153537 -2.116419421185372 2710.515141039195 0.28879225679515935 113.6261345022114 -0.8276271643902127 0.0 -721.806671012221 -1004.2872213669643 0.02215038789183419 -1818.3873257641335 0.28879225679515935 266263.7774322501 -120.11019614211341 -0.03580655109067423 -0.018792129622095134 1.4341254659784506 3.078365046179672 0.6057191111635654 -10.29759174506694 -19.987033345610964 1718.2641629676311 104.97436660704065 -2623283.551172071 1407259.7263184115 1.1453332091832913 -1.7338981582308381 -2.733898158230838 0.291024458258035 0.32983485484064035
0.00965428099296 2699.1213904671968 9394058145.4777 -16563078.341194712 458471.8451140656 1502355.172023133 0.17374786388780236 -0.8268556588498075 -2.094861262462983 2699.1213904671968 0.28957977314633726 113.65134965463793 -0.805281489316646 0.0 -710.3863900482378 -1008.5042965936487 0.022396030015889867 -1795.4684269454056 0.28957977314633726 264975.9164519558 -120.13757410217886 -0.03587562103021238 -0.018818342539407656 1.4169649488170892 3.0457653026456954 0.6046726884150571 -10.283142711271283 -19.96942944838392 1695.3002822916108 104.97438710782691 -2563183.3106748126 1369467.076253059 1.127385175670752 -1.7061100852890365 -2.7061100852890365 0.2919048300502899 0.33069845592352964
0.00977302864917 2687.6367693173415 9313478248.387941 -16248877.078569446 456552.28556390526 1491716.2181384305 0.17422737065541372 -0.8169555080748052 -2.073571307803884 2687.6367693173415 0.29037895109235623 113.67695582631859 -0.7831923567115278 0.0 -698.9524501761744 -995.779115109052 0.022644076154255004 -1772.8284749244917 0.29037895109235623 263685.41456324246 -120.16485484736995 -0.0359456901608899 -0.018844921106631465 1.400043331804137 3.0135639780083734 0.6036595062500827 -10.268537230633429 -19.951634972644605 1672.6152550497663 104.9744052880804 -2504096.3799402937 1332344.893749437 1.1096643807117805 -1.6786680666817788 -2.678668066681779 0.292800485684758 0.3315766892288876
0.00989323690155 2676.0611637374486 9232609192.72903 -15939165.043486856 454617.3613365946 1481023.6048407345 0.17471399735886856 -0.8071696996281625 -2.0525459952609073 2676.0611637374486 0.29118999559811426 113.70296001978203 -0.761355999662793 0.0 -687.7714860540162 -978.000246439684 0.022894542158135366 -1750.4640899194305 0.29118999559811426 262392.31019181333 -120.19236248959919 -0.03601677480083094 -0.01887187078790328 1.3833584493490354 2.981755661025323 0.6026797528758701 -10.25377387708075 -19.933648174675973 1650.2053756045073 104.97442097185707 -2446010.4707410173 1295885.1694877292 1.092168453750921 -1.651567512324731 -2.651567512324731 0.29371175967094476 0.33246986617702945
0.0100149237154 2664.3944761546645 9151458408.949411 -15633887.25616188 452667.0431397929 1470278.0121817745 0.17520786059159893 -0.797496483316229 -2.031781608245841 2664.3944761546645 0.29201310098599825 113.72936936314922 -0.7397685072598426 0.0 -676.6487713710516 -970.2778247310375 0.02314744378538712 -1728.3719333911947 0.29201310098599825 261096.64404211345 -120.22057536472857 -0.036088891222395725 -0.018899197140504843 1.3669082917144062 2.950334712040095 0.6017337427599014 -10.238851218233334 -19.915467104346288 1628.0668251308125 104.97443397357833 -2388913.0550407027 1260079.74969954 1.074895190728408 -1.6248036325427648 -2.624803632542765 0.294638980993173 0.3333782917660475
0.0101381072771 2652.6366258565827 9070033852.993963 -15332999.210003156 450701.31995684095 1459480.144808301 0.1757090855500044 -0.7879346251067245 -2.0112755899408756 2652.6366258565827 0.292848475916674 113.75619116892749 -0.7184271140242016 0.0 -665.705578994594 -955.5793577380401 0.023402796694678717 -1706.5487075185113 0.292848475916674 259798.41712749298 -120.24904325025227 -0.03616205625661206 -0.018926905816318375 1.3506901549290717 2.919297226272423 0.6008210578204314 -10.223767815779478 -19.8970899376461 1606.196754205905 104.97444409810092 -2332793.8523282716 1224921.9326492585 1.0578416790123977 -1.5983731334931441 -2.598373133493144 0.29558249134626713 0.3343022840270984
0.0102628059967 2640.7875491525892 8988343379.772106 -15036444.045943083 448720.1696704192 1448630.7319686548 0.1762177942143332 -0.7784822443419851 -1.9910239418182383 2640.7875491525892 0.29369632369055537 113.78343288195252 -0.6973276181276828 0.0 -654.8010403001007 -960.5087810562403 0.023660616437650144 -1684.9911547291376 0.29369632369055537 258497.67134634178 -120.27853745476114 -0.03623628682547692 -0.01895500256434479 1.3347023429779916 2.8886371381638396 0.5999422674513983 -10.208522225315452 -19.878514713095527 1584.591131987472 104.97445113954322 -2277639.889765634 1190403.2695286293 1.0410060192874362 -1.5722708620646033 -2.5722708620646033 0.29654263881366194 0.3352421652899925
0.0103890385104 2628.8472002159247 8906395262.697382 -14744188.552298788 446723.5835455581 1437730.5281324522 0.17673411528681485 -0.769138666658774 -1.9710253559629272 2628.8472002159247 0.29455685881135807 113.8111021234356 -0.6764684971515691 0.0 -643.9564526986691 -940.2437039433172 0.023920918452503246 -1663.6960572577038 0.29455685881135807 257194.35558800798 -120.30764532981425 -0.03631160034301598 -0.018983493231630448 1.318941451695999 2.8583524143406045 0.5990961850573493 -10.193112997060854 -19.859739551223896 1563.2481514791134 104.97445488134406 -2223443.267273733 1156518.6069489634 1.024384592884641 -1.546495135052802 -2.546495135052802 0.29751977186744394 0.33619826025759314
0.0105168236841 2616.8155509172984 8824198031.052206 -14456172.97316302 444711.5587021902 1426780.3126750153 0.17725818134484056 -0.7599018316663462 -1.9512754501397924 2616.8155509172984 0.29543030224140093 113.83920663970562 -0.6558451478983915 0.0 -633.3672029370131 -923.4251568832744 0.024183718056914823 -1642.6602365343072 0.29543030224140093 255888.5140800985 -120.33751691545376 -0.03638801460885453 -0.019012383766692377 1.3034061697620338 2.8284364077958886 0.5982837077489032 -10.177538675278436 -19.840762588285862 1542.1634822071394 104.97445509525755 -2170190.361692592 1123259.0594408233 1.0079758675206327 -1.5210403048131398 -2.52104030481314 0.2985142669986123 0.33717091779615005
0.0106461806154 2604.6925918261745 8741760106.84155 -14172350.539370507 442684.0809697084 1415780.8906172824 0.1777901214880378 -0.7507703328227229 -1.9317712899586994 2604.6925918261745 0.29631686914672967 113.86775439665524 -0.6354544208119697 0.0 -622.8106844454587 -925.591637041521 0.024449030440453354 -1621.8805528490077 0.29631686914672967 254580.13933716432 -120.36813610278568 -0.03646554751613991 -0.019041680220163677 1.2880942843151069 2.7988846452224725 0.5975047923947197 -10.161797799200714 -19.82158181592191 1521.333998562144 104.97445154129372 -2117870.3021410056 1090617.5412095566 0.9917774151683771 -1.495902590702161 -2.495902590702161 0.2995264913840071 0.3381604781305536
0.010777128637 2592.4783322905723 8659090360.140024 -13892679.022801429 440641.15118824487 1404733.0925113917 0.1783300725170133 -0.7417429917930529 -1.9125104595653226 2592.4783322905723 0.2972167875283555 113.89675348393814 -0.615293672036967 0.0 -612.3111495214683 -917.6251838591385 0.024716870657304664 -1601.3539047909424 0.2972167875283555 253269.19840452142 -120.3990969292854 -0.036544217506133445 -0.019071388747736694 1.2730033074202847 2.7696934268385323 0.596759088249752 -10.14588890277089 -19.802195323697745 1500.7570031853547 104.97444396677446 -2066473.1857921886 1058587.5870018937 0.975786519891929 -1.4710788809692903 -2.4710788809692903 0.30055682586096777 0.33916729503723975
0.0109096873192 2580.172801099137 8576197754.429511 -13617114.225905955 438582.7685699311 1393637.774843544 0.17887817187908933 -0.7328185166748946 -1.8934902916910095 2580.172801099137 0.2981302864651489 113.92621220262546 -0.5953600052258605 0.0 -601.9423839251644 -897.1211717509236 0.02498725361835159 -1581.0772288473008 0.2981302864651489 251955.65985427817 -120.43023089937492 -0.03662404328992344 -0.019101515611737965 1.2581309749963727 2.7408586753814643 0.5960464415162989 -10.129810515140244 -19.782601144062415 1480.4295990919882 104.97443210582985 -2015988.6585922667 1027162.438347733 0.9600006885312238 -1.4465657396654525 -2.4465657396654525 0.3016056579933648 0.3401917280430018
0.0110438764732 2567.7760466978225 8493091594.779483 -13345604.956668427 436508.9425865213 1382495.8200201322 0.17943456288724258 -0.7239952246188756 -1.874707258986009 2567.7760466978225 0.299057604812071 113.95613899452187 -0.575649654173938 0.0 -591.7589941199333 -892.5150311049744 0.025260194083485333 -1561.047498886289 0.299057604812071 250639.51884987377 -120.46209626295172 -0.03670504406393509 -0.019132067183862365 1.2434756543739933 2.7123750202083223 0.595367307088455 -10.11356116058982 -19.762797363712203 1460.3481999870496 104.9744156786354 -1966404.8492987957 996334.3415144299 0.9444180495619223 -1.4223586218656057 -2.4223586218656057 0.30267339593609344 0.34123415536167556
0.0111797161539 2555.2881378100806 8409781074.767286 -13078106.340863384 434419.67124826193 1371308.136705106 0.1799993852626668 -0.7152717535254319 -1.8561585415567627 2555.2881378100806 0.299998975437778 113.98654252683403 -0.5561595661189846 0.0 -581.5342138655267 -893.8479156819724 0.02553570665371229 -1541.2617257311115 0.299998975437778 249320.73873031975 -120.49470103668591 -0.03678723913601144 -0.019163049946963592 1.2290352975458183 2.6842381538558846 0.5947216919169984 -10.09713935898182 -19.742781918407946 1440.5098066128335 104.97439439117304 -1917711.2048302742 966096.40836621 0.9290363221080403 -1.3984538948613197 -2.3984538948613197 0.3037604417917156 0.3422949492159769
0.0113172266625 2542.7091639203386 8326275932.559897 -12814584.19064077 432314.97292324045 1360075.6600185134 0.1805727890066099 -0.7066473156978453 -1.8378426111901895 2542.7091639203386 0.3009546483443498 114.01743163404834 -0.5368879628458398 0.0 -571.4710363058734 -865.5298090061402 0.02581380576211659 -1521.7169567690523 0.3009546483443498 247999.22146748286 -120.52704711472711 -0.03687064848639169 -0.01919447049723886 1.2148070719886088 2.656445700670501 0.5941087818320351 -10.080543626039082 -19.722552891063103 1420.9124625453883 104.97436793375184 -1869899.4661681363 936443.231671177 0.913852423644259 -1.3748495919283514 -2.3748495919283514 0.30486720859002026 0.3433744939257475
0.0114564285505 2530.0392354363917 8242585934.544376 -12554978.856194142 430194.8613910077 1348799.3514348639 0.18115492368313849 -0.6981197115885724 -1.819754801579255 2530.0392354363917 0.30192487280523084 114.04881532028762 -0.5178299287740242 0.0 -561.6044191033496 -867.8100304742746 0.02609450566672714 -1502.4102753709094 0.30192487280523084 246674.99190607353 -120.56068555517754 -0.03695529234587261 -0.019226335547291428 1.2007902706677867 2.6289905781004723 0.59352988164434 -10.063772473204565 -19.702108278254343 1401.551698093986 104.974335981117 -1822955.8701864996 907365.8214101351 0.8988653978625557 -1.3515396995462847 -2.3515396995462847 0.30599413915821516 0.34447319816393973
0.0115973426217 2517.27848454975 8158720878.830127 -12299255.998993073 428059.34607171634 1337480.1992901252 0.18174593827199362 -0.6896881168140454 -1.8018935014712025 2517.27848454975 0.3029098971199894 114.08070284420671 -0.49898360435121303 0.0 -551.6295395186493 -866.1684785167181 0.026377820440729734 -1483.338800608076 0.3029098971199894 245347.94150725912 -120.59473798661224 -0.037041191194046696 -0.019258651927482596 1.1869822238167487 2.60187028650014 0.592984285922518 -10.046824408426932 -19.681445987965816 1382.4255086094297 104.97429819115865 -1776872.061755677 878858.7126936106 0.8840723266967594 -1.328522143878288 -2.328522143878288 0.30714165494458723 0.3455914529603584
0.0117399899359 2504.427065433035 8074691118.045933 -12047377.884888567 425908.45781152084 1326119.2186814668 0.1823459928681814 -0.681351516996358 -1.784256693870694 2504.427065433035 0.3039099881136357 114.11310362042549 -0.4803467057570583 0.0 -541.8892934913692 -838.6048588035491 0.02666376396417647 -1464.4996867363232 0.3039099881136357 244017.9669326752 -120.62868931665002 -0.037128366235023934 -0.01929142658902842 1.1733805968124436 2.5750817114348297 0.5924715998977174 -10.029697936077707 -19.660564086764264 1363.5315615064374 104.97425420425571 -1731638.954207833 850915.9499895244 0.8694706086988079 -1.3057943281521598 -2.30579432815216 0.3083102028063648 0.34672967357578166
0.0118843918121 2491.4851546592995 7990506947.619122 -11799287.351296356 423742.2189288489 1314717.4515515866 0.18295524533756236 -0.6731077847204672 -1.7668398850640936 2491.4851546592995 0.3049254088959373 114.14602727893524 -0.4619144761681564 0.0 -532.2574664567412 -845.7719920294447 0.02695234991493222 -1445.8901227651259 0.3049254088959373 242685.07089223 -120.66401662854241 -0.0372168388698516 -0.019324666606605388 1.1599847402614831 2.5486180246308283 0.5919931039427031 -10.012391557164944 -19.639460513472642 1344.865566650056 104.97420364228924 -1687243.248375258 823528.8388615482 0.8550593313655459 -1.2833504616402776 -2.2833504616402776 0.309500254927943 0.34788829543731226
0.0120305698314 2478.4529518836734 7906178789.913041 -11554955.245664556 421560.6523182399 1303275.9669881093 0.18357385526884076 -0.6649563602616088 -1.749642067646302 2478.4529518836734 0.30595642544806795 114.17948368338426 -0.44368564219823403 0.0 -522.5716945779886 -833.8032204826111 0.02724359175955116 -1427.507332075102 0.30595642544806795 241349.0892809499 -120.6994521283541 -0.037306630860162796 -0.019358379180331186 1.1467917586069465 2.5224776263200965 0.5915477826306528 -9.994903769905056 -19.618133163422883 1326.4260131101707 104.97414610824735 -1643677.6386864723 796692.5882434703 0.8408353331588784 -1.2611892494918298 -2.2611892494918298 0.3107122573362918 0.34906773311178996
0.0121785458403 2465.3306801479966 7821717578.465659 -11314337.188844465 419363.8009288074 1291795.861173771 0.18420199305424856 -0.6568958104512655 -1.7326603092313289 2465.3306801479966 0.30700332175708095 114.21348290043407 -0.42565698747424796 0.0 -513.1384291669033 -817.1880323629324 0.02753750274348904 -1409.3485719913917 0.30700332175708095 240009.93694288548 -120.7352865144826 -0.037397764698963575 -0.019392571638790743 1.1338000922277196 2.4966560232612993 0.5911359428882748 -9.977233069799508 -19.596580077476432 1308.2098655543857 104.97408118453798 -1600931.543200282 770400.2596924534 0.8267967704706386 -1.2393069147517002 -2.2393069147517 0.31194669754345894 0.3502684385008321
0.0123283419542 2452.118586266084 7737134064.349406 -11077384.660178592 417151.6930375895 1280278.257393442 0.18483982398920076 -0.6489244386644928 -1.7158910844236148 2452.118586266084 0.3080663733153346 114.24803521710636 -0.4078247111082802 0.0 -503.6931985850881 -823.226664930462 0.02783409588171645 -1391.4111333445094 0.3080663733153346 238667.55351029197 -120.77229337297399 -0.03749026298169527 -0.019427251441928174 1.1210086184787416 2.471147835530311 0.5907583068005712 -9.959377949824034 -19.574799105305342 1290.2136390768408 104.97400843256013 -1558993.4456975283 744644.3151260847 0.8129422451634071 -1.217698915602559 -2.217698915602559 0.31320406730918815 0.35149086554388
0.0124799805602 2438.816941614949 7652439406.232916 -10844070.459757496 414924.3721882113 1268724.306378082 0.185487522006789 -0.6410417774714295 -1.69933361216879 2438.816941614949 0.309145870011315 114.28315118002175 -0.3901877421574751 0.0 -494.3220024618848 -801.2618478480252 0.028133383948902094 -1373.692340125768 0.309145870011315 237321.73117145716 -120.80911990625032 -0.03758414896114375 -0.01946242618291903 1.1084144651545782 2.44595179491608 0.5904138027881314 -9.941336901175486 -19.55278819372928 1272.436008413247 104.97392739161265 -1517856.4025864396 719420.1848913906 0.7992685951432632 -1.1963642494716389 -2.196364249471639 0.3144848458535616 0.35273546057020344
0.0126334843211 2425.426042124697 7567644976.260905 -10614341.289917607 412681.8875357689 1257135.1859334165 0.1861452655121883 -0.6332458160836048 -1.6829836883519933 2425.426042124697 0.31024210918698053 114.31884151698897 -0.3727415791650128 0.0 -485.16386430532526 -797.4147833932597 0.028435379469127102 -1356.189549008184 0.31024210918698053 235972.4289335304 -120.84711890248923 -0.037679446390399836 -0.01949810359225258 1.0960170756201202 2.42106149613233 0.5901036720985497 -9.923108412944469 -19.53054529549588 1254.8729754011906 104.97383757748993 -1477507.8407339973 694719.6282886134 0.7857749664331397 -1.1752974996376029 -2.175297499637603 0.3157895655160622 0.3540027149095243
0.0127888761783 2411.9462091949654 7482762027.601053 -10388162.409811292 410424.27707435354 1245512.101357941 0.18681322919095217 -0.6255356169453564 -1.6668394883096103 2411.9462091949654 0.3113553819849203 114.355117263475 -0.35548410632468985 0.0 -475.9050486178098 -800.3683993616747 0.028740094706159118 -1338.9001490088053 0.3113553819849203 234619.4757893971 -120.88580184120974 -0.037776179200368146 -0.019534291539398334 1.0838143684901096 2.3964741051361083 0.5898275903503508 -9.904690973051647 -19.508068199293664 1237.5224153668892 104.97373848191279 -1437939.1347221686 670536.9828839668 0.7724589865051892 -1.1544963177430638 -2.154496317743064 0.31711872909140426 0.3552930946414905
0.0129461793552 2398.377789942878 7397802422.3536 -10165503.03775094 408151.6050940247 1233856.2852616392 0.18749160208746346 -0.6179104786662014 -1.6508997334618751 2398.377789942878 0.31248600347910577 114.39198965567542 -0.3384137299827694 0.0 -466.80901335497373 -775.4569832218659 0.029047541652112117 -1321.8215610984778 0.31248600347910577 233262.65671982517 -120.92429272921913 -0.03787437223152446 -0.019570998036336728 1.0718039693681074 2.372187599033111 0.5895849111930869 -9.886083068289395 -19.485354902295068 1220.3826232715537 104.97362957088762 -1399142.5134431494 646867.1254866451 0.7593179658890016 -1.1339590600265583 -2.1339590600265583 0.3184728589598559 0.3566070863122942
0.0131054173613 2384.7211575175434 7312777960.5333805 -9946309.637309194 405863.9280070151 1222168.9974279646 0.18818057133734634 -0.6103683077938309 -1.6351600489305076 2384.7211575175434 0.31363428556224393 114.42947019371233 -0.32152576336826355 0.0 -457.88312194213535 -773.9818015318749 0.029357732017581115 -1304.9512377470708 0.31363428556224393 231901.92282904254 -120.96413052657044 -0.03797405059194072 -0.019608231240998104 1.0599855945326644 2.34819531154168 0.5893770749196848 -9.867283184459506 -19.462403270467718 1203.449510490968 104.97351028356273 -1361105.2787930958 623701.7281775173 0.7463513089704203 -1.113680089789154 -2.113680089789154 0.31985252285703125 0.3579452132162916
0.0132666139949 2370.976711903232 7227700495.110451 -9730550.340775961 403561.30027323193 1210451.5250765556 0.18888032481198905 -0.6029083035869951 -1.6196189336184914 2370.976711903232 0.3148005413533151 114.46757066751627 -0.3048183922651764 0.0 -448.8887067736565 -773.3077825583838 0.029670677220169896 -1288.2866626306097 0.3148005413533151 230537.056433453 -121.00465185674102 -0.03807523976938627 -0.019645999459425488 1.0483571133916074 2.3244948866432984 0.5892036313109992 -9.84828980719422 -19.439211093987375 1186.7212218678562 104.97338003115328 -1323819.3600829474 601035.4781232357 0.7335565720382923 -1.0936574762869764 -2.0936574762869764 0.32125825496943716 0.35930797146056725
0.013429793347 2357.144880219509 7142582306.313541 -9518192.013810655 401243.7941627927 1198705.1826746059 0.18959106100777628 -0.5955295858844893 -1.6042747256807561 2357.144880219509 0.3159851016796272 114.50630309947543 -0.288289624001129 0.0 -440.0272555496193 -756.4425036782127 0.029986388373516363 -1271.825350215072 0.3159851016796272 229167.8354491017 -121.04535040435121 -0.038177966035780345 -0.019684311149386464 1.0369165629245847 2.3010837212945914 0.5890642742567813 -9.82910142210106 -19.415776287321513 1170.1957760980422 104.9732381953917 -1287276.4079290156 578862.8691432527 0.7209314612449574 -1.0738890817646967 -2.0738890817646967 0.3226906124386274 0.3606958792851732
0.0135949798052 2343.226117063536 7057435742.85598 -9309189.402577978 398911.48140300193 1186931.3117684417 0.19031298010224465 -0.5882305052287288 -1.5891240562153153 2343.226117063536 0.3171883001704078 114.54567980658477 -0.2719357560449074 0.0 -431.27450220750194 -752.5962728685743 0.03030487627610703 -1255.5648453542578 0.3171883001704078 227794.1329383483 -121.08704612466158 -0.038282256098732065 -0.019723174923959353 1.0256631569591357 2.2779566509328375 0.5889598617615991 -9.80971651497433 -19.39209670330503 1153.8698959329013 104.97308412715151 -1251465.4403532622 557176.6802030328 0.7084748567887278 -1.0543705671465262 -2.054370567146526 0.32415018769298 0.36210948451942615
0.0137621980568 2329.220905166935 6972273236.684293 -9103509.127211882 396564.4339906638 1175131.2810631667 0.19104628430304121 -0.5810101352447877 -1.574165166178108 2329.220905166935 0.31841047383840204 114.58571338738611 -0.25575469233970605 0.0 -422.53745558485446 -746.4814705491502 0.030626151399232544 -1239.5027229766092 0.31841047383840204 226415.71618729265 -121.12934874424445 -0.03838813712319639 -0.019762599554308237 1.0145950969852053 2.2551109246543612 0.5888902048612057 -9.790133572457083 -19.368170139826276 1137.7415443721911 104.97291714494135 -1216378.000567299 535971.3345489225 0.6961846231468034 -1.0350996694316703 -2.0350996694316703 0.3256375556571933 0.36354932137359286
0.0139314730929 2315.1297557528073 6887107524.994654 -8901114.644774362 394202.73632315523 1163306.4862281329 0.19179118407107867 -0.5738673395715591 -1.5593958421161738 2315.1297557528073 0.3196519734517978 114.62641672808984 -0.23974386866437603 0.0 -413.9070906628935 -736.1596900294711 0.03095022387569055 -1223.6365876801033 0.3196519734517978 225032.37055655324 -121.17223909407153 -0.03849563698966186 -0.01980259397337271 1.0037109417356411 2.232543105356995 0.588855451016635 -9.770351082302353 -19.343994463485327 1121.8083430495171 104.97273653348297 -1182004.9393910565 515240.7961082355 0.6840589682838434 -1.0160735398489447 -2.0160735398489447 0.3271533168889482 0.36501594770558266
0.0141028302119 2300.953208967782 6801951382.888449 -8701967.304830205 391826.47118458524 1151458.349747689 0.19254789109005765 -0.5668008295786603 -1.5448135340119231 2300.953208967782 0.3209131518167628 114.66780300743807 -0.2239003821951604 0.0 -405.3409795571536 -731.0000242215883 0.03127710348708499 -1207.9640733956455 0.3209131518167628 223643.8959564601 -121.2159709528039 -0.0386047840225235 -0.019843167279431143 0.9930095205133849 2.2102492504122973 0.5888559969981071 -9.750367533752291 -19.319567465367253 1106.067669908209 104.97254154171986 -1148336.6259918618 494978.71568817063 0.672096368696622 -0.9972888956369883 -1.9972888956369883 0.3286980854176309 0.36650993295055767
0.0142762950235 2286.691834435807 6716817805.477478 -8506033.195366342 389435.729816552 1139588.3208539684 0.19331662343213216 -0.5598096066607773 -1.5304163458122935 2286.691834435807 0.3221943723868869 114.7098857229582 -0.2082219734254065 0.0 -396.8305862790377 -723.498247233614 0.03160679965247335 -1192.482843011452 0.3221943723868869 222250.04061902573 -121.26032614042015 -0.03871560720537768 -0.01988432873938355 0.9824892852338315 2.1882263945894778 0.5888918344445531 -9.730181418105325 -19.294886963498655 1090.5174038345303 104.97233138167759 -1115364.4309869583 475179.39065270615 0.6602949128469446 -0.9787432975367303 -1.9787432975367303 0.33027247829282347 0.3680318510922881
0.0144518934523 2272.346231569744 6631719915.821166 -8313275.65115872 387030.60722630494 1127697.8752374721 0.1940976032806651 -0.552892479029995 -1.5162019582602335 2272.346231569744 0.3234960054677752 114.75267867192557 -0.1927059527924584 0.0 -388.39978590779 -715.5705952431874 0.03193932141472671 -1177.1905880430254 0.3234960054677752 220850.57294878582 -121.30542517041454 -0.038828136100506186 -0.019926087792820655 0.9721490183442526 2.1664709355677583 0.5889632651402609 -9.709791228958935 -19.269950754497547 1075.1551136271084 104.97210522598014 -1083079.1111900131 455836.71573129937 0.6486530128764774 -0.9604337606488236 -1.9604337606488236 0.3318771322787536 0.36958229369712936
0.0146296517418 2257.9170301642 6546670989.715849 -8123659.375111819 384611.20389379596 1115788.5149721664 0.19489105782637434 -0.5460483281176137 -1.5021682222263628 2257.9170301642 0.3248184297106239 114.7961959953124 -0.1773497925157388 0.0 -380.03288987651155 -709.2993893392081 0.032274677428711165 -1162.08502827469 0.3248184297106239 219445.24212217517 -121.35128032396324 -0.03894240089381093 -0.019968454055346897 0.9619874418207195 2.144979523436003 0.589070506281651 -9.689195462867698 -19.24475662980459 1059.9785045805313 104.97186220667237 -1051471.6973661361 436944.7602513882 0.6371690121100957 -0.9423575195989227 -1.9423575195989227 0.3335126938467897 0.37116186197607404
0.0148095964582 2243.404890690202 6461684427.507575 -7937149.358015085 382177.62445313076 1103861.7681728 0.19569721872036125 -0.5392760389160832 -1.4883130031029426 2243.404890690202 0.3261620312006021 114.84045213709523 -0.1621509719023404 0.0 -371.72321190682493 -702.450997970866 0.03261287594736095 -1147.1639114271838 0.3261620312006021 218033.788732157 -121.397912337957 -0.039058432384054695 -0.020011437322864988 0.9520033189664611 2.123748827587546 0.5892137934444139 -9.668392619597226 -19.219302362286292 1044.9853014515131 104.97160141243153 -1020533.2609966182 418497.61698785564 0.6258412877658589 -0.9245118278585607 -1.9245118278585607 0.335179821163309 0.37277116826353074
0.0149917544946 2228.810504879414 6376773787.498358 -7753711.749917498 379729.9799585042 1091919.1888713925 0.19651632329425464 -0.5325745597024263 -1.4746343153302135 2228.810504879414 0.3275272054904244 114.88546189964948 -0.14710710983978914 0.0 -363.4790806466587 -695.4301728379429 0.032953924809645686 -1132.4250127996786 0.3275272054904244 216615.93479012244 -121.44525135258027 -0.03917626204125642 -0.02005504757507853 0.942195366617393 2.1027757378318457 0.5893932921082438 -9.64738120281024 -19.193585728514257 1030.1733471756124 104.97132188742731 -990255.1041960967 400489.5244970409 0.6146681611269685 -0.9068941312585816 -1.9068941312585816 0.3368791826894115 0.3744108352409494
0.0151761530749 2214.1345959729415 6291952756.359587 -7573311.438790221 377268.3865809516 1079962.3565974128 0.19734861401243112 -0.5259427372069084 -1.4611299552930277 2214.1345959729415 0.3289143566873852 114.93124042818604 -0.13221559860564258 0.0 -355.2953699518737 -688.7770573382005 0.03329783142597972 -1117.8661349458157 0.3289143566873852 215191.41156164106 -121.49340708979253 -0.03929592199669782 -0.020099294980087945 0.9325624965711443 2.0820568140437463 0.5896093416429442 -9.626159720292875 -19.16760449505708 1015.5403323510802 104.9710226283145 -960628.2382688245 382914.52825963893 0.6036481398837591 -0.8895015945698619 -1.8895015945698619 0.338611465026845 0.37608150222895775
0.0153628197577 2199.3779193502273 6207235131.3934555 -7395915.110934868 374792.964962297 1067992.8762488598 0.19819433814488868 -0.5193795255155452 -1.4477979650640096 2199.3779193502273 0.33032389690814784 114.97780323393673 -0.1174740681558617 0.0 -347.1770126845937 -680.89803257798 0.03364460276509843 -1103.4851073560324 0.33032389690814784 213759.92513742333 -121.54232669517364 -0.0394174450397964 -0.020144189897917716 0.923103508671144 2.061588981959965 0.5898621455325808 -9.60472668474909 -19.141356410436128 1001.0841370712947 104.9707025824331 -931644.0408163595 365766.90914240084 0.5927796117629961 -0.8723316995227515 -1.8723316995227515 0.34037736092982107 0.3777838152546322
0.0155517824408 2184.5412627437654 6122634844.061274 -7221487.734321584 372303.8418918191 1056012.3776044992 0.19905374884388935 -0.5128837422367455 -1.434636092146678 2184.5412627437654 0.3317562480731489 115.02516617972914 -0.10287984407352924 0.0 -339.1230859832019 -675.9311463036346 0.03399424533998833 -1089.2797861009965 0.3317562480731489 212321.1986673345 -121.59219011372397 -0.03954086467372678 -0.020189742885390733 0.9138174484459859 2.0413687221956343 0.5901521327103516 -9.583080614020139 -19.114839223182447 986.802435210455 104.97036064524498 -903293.5024082869 349040.69159834844 0.5820612003728369 -0.8553815481380569 -1.855381548138057 0.34217758507532514 0.37951844033936966
0.0157430693648 2169.625446872975 6038165896.096627 -7049997.579012325 369801.14710292383 1044022.515155888 0.1999271033357464 -0.5064544210016143 -1.421642570130619 2169.625446872975 0.3332118388929107 115.07334553047455 -0.0884307312377084 0.0 -331.09418899188734 -669.9964427659535 0.03434676519350931 -1075.248053552165 0.3332118388929107 210874.91098312233 -121.6428405211393 -0.039666215053693055 -0.02023596469979892 0.9047030892973809 2.021393242231625 0.5904794347760836 -9.561220031935573 -19.088050645160006 972.6932636761856 104.96999565788613 -875568.301949398 332730.34624259814 0.5714912504044702 -0.8386488693863683 -1.8386488693863683 0.34401284954071576 0.3812860428253291
0.015936709118 2154.6313256370504 5953842496.934058 -6881412.770347035 367285.02149095177 1032024.967561537 0.20081466780562066 -0.5000905733855256 -1.4088155968650506 2154.6313256370504 0.33469111300936777 115.12235791429207 -0.07412448385568293 0.0 -323.1458936053946 -661.3131644417866 0.03470216788444773 -1061.3878180115105 0.33469111300936777 209420.73670394404 -121.69416799047644 -0.039793531195182995 -0.020282866304025284 0.8957592825914638 2.00165969096112 0.5908442395759285 -9.539143468547298 -19.060988442514194 958.7546384635483 104.96960640453833 -848460.0760875494 316830.3086615534 0.5610681695820959 -0.8221313463881463 -1.8221313463881463 0.3458838850601096 0.3830873063024218
0.0161327306401 2139.559786610405 5869678883.924672 -6715697.653398493 364755.60730913 1020021.4373252336 0.20171671185289683 -0.4937909200473888 -1.3961527287762667 2139.559786610405 0.33619451975482806 115.17222037474657 -0.05995820902143878 0.0 -315.2546499111447 -656.5995158599343 0.0350604584720475 -1047.697013438787 0.33619451975482806 207958.40017086055 -121.74653980498397 -0.03992284876457118 -0.02033045887081895 0.8869853503827796 1.982164253246124 0.5912471882397012 -9.516849460829768 -19.033650326538872 944.984123960342 104.96919160940985 -821959.6266513092 301334.46946336643 0.5507908306279515 -0.8058258351968612 -1.8058258351968612 0.3477914516607452 0.3849229397212187
0.016331163227 2124.411751412139 5785689386.43176 -6552822.238258854 362213.05215936387 1008013.6503515686 0.2026335108718334 -0.4875545759702809 -1.3836524071514884 2124.411751412139 0.33772251811972237 115.22295034962865 -0.04592988903176609 0.0 -307.3991047103163 -649.3731589217184 0.035421641502070736 -1034.173599105865 0.33772251811972237 206487.54700785046 -121.79970332005246 -0.0400542041870166 -0.02037875378754625 0.8783800806228771 1.9629044380206588 0.5916883603264589 -9.49433655322378 -19.006033997225444 931.3799297830379 104.96874993433798 -796058.9558704977 286237.4974016738 0.5406575625031548 -0.7897303331089349 -1.789730333108935 0.3497362950661518 0.38679364227901003
0.0165320365347 2109.1881761222676 5701888470.423577 -6392753.170084057 359657.51216315344 996003.3555176947 0.20356534799767953 -0.48138039405208255 -1.3713125023345236 2109.1881761222676 0.33927557999613256 115.27456572434302 -0.03203692233839095 0.0 -299.6192654611507 -643.3550831664784 0.03578572099078221 -1020.8155593222906 0.33927557999613256 205007.8678192367 -121.85383197717351 -0.04018763473696147 -0.020427762660883877 0.8699426901297677 1.9438768935030741 0.5921682465664617 -9.471603298277977 -18.97813717749731 917.9398645226144 104.96827997521733 -770749.3295929956 271533.5758367439 0.530667110133635 -0.7738421013575618 -1.7738421013575618 0.35171919533723783 0.3887001439925434
0.0167353805841 2093.890051579782 5618290612.689133 -6235458.780044543 357089.14490736794 983992.324130724 0.20451251010343965 -0.4752673339362471 -1.3591311274189781 2093.890051579782 0.34085418350573277 115.32708478595552 -0.018276943913245303 0.0 -291.85712802160714 -638.7033149962762 0.03615270041000591 -1007.6209031053679 0.34085418350573277 203519.02992243352 -121.90894021130725 -0.0403231783924665 -0.020477497321983097 0.8616722824053799 1.9250786299598899 0.5926872014888278 -9.448648257143835 -18.949957534594866 904.6619204286555 104.96778025918907 -746022.3553618758 257217.10939860658 0.5208180988996471 -0.7581587143181479 -1.7581587143181479 0.3537409341237181 0.390643177605314
0.0169412257652 2078.51840386294 5534910451.364845 -6080909.91649296 354508.1189165303 971982.3495078663 0.20547529351664476 -0.46921453251480166 -1.347106803390885 2078.51840386294 0.3424588225277413 115.38052628800499 -0.004647980863143886 0.0 -284.15831483059543 -630.4801784197098 0.03652258267153065 -994.587663898421 0.3424588225277413 202020.66009093626 -121.96477266040813 -0.04046087407624894 -0.020527969831129658 0.853567745302468 1.9065072642437468 0.593245339995282 -9.425470000373997 -18.921492785467 891.5443840234799 104.96724924119461 -721870.1723532529 243282.84175337886 0.5111089227747267 -0.742678272623726 -1.742678272623726 0.3558022958268252 0.3926234812446815
0.0171496028421 2063.0742944052445 5451762660.456094 -5929072.116283651 351914.6066705696 959975.2462504053 0.20645400006828676 -0.46322070330267756 -1.3352371185515601 2063.0742944052445 0.3440900001138113 115.43490941483493 0.008852881562251058 0.0 -276.5160979128938 -625.9302366627438 0.03689537011097802 -981.7138992443065 0.3440900001138113 200512.46967123565 -122.02174518513823 -0.04060076151393839 -0.020579192483701308 0.8456286308450933 1.8881590111227367 0.593843426290805 -9.402067108204777 -18.892740618613626 878.5848946777819 104.96668530018293 -698283.7615027402 229724.7592463498 0.501538630731282 -0.7273976742944015 -1.7273976742944015 0.3579041118468965 0.3946418336628785
0.0173605429571 2047.5588206005207 5368861929.115854 -5779916.879557436 349308.7838669674 947972.8498797388 0.20744893655519064 -0.4572850013814229 -1.3235206498182595 2047.5588206005207 0.3457482275919844 115.4902538558612 0.02222757777372486 0.0 -268.8964383925148 -619.368405911279 0.037271064472100324 -968.9976905236293 0.3457482275919844 198994.07799778026 -122.07959348690042 -0.04074288122565581 -0.020631177814595184 0.8378538861611875 1.8700315655300608 0.5944815921980826 -9.378438171608478 -18.863698682663948 865.7817957193929 104.96608673600994 -675255.3681265048 216537.66951029608 0.492105658569203 -0.7123150923701758 -1.7123150923701758 0.3600471862225165 0.39669899292943345
0.0175740776355 2031.9731159353419 5286223091.181984 -5633412.549106131 346690.8377035853 935977.016083714 0.2084604201860352 -0.4514063207991967 -1.3119554094590078 2031.9731159353419 0.347434033643392 115.54657975286737 0.03547862418438408 0.0 -261.34988081213555 -613.2258816274109 0.03764966688970184 -956.4371426544127 0.347434033643392 197465.15697274578 -122.13846449564949 -0.04088727475937549 -0.020683938604323573 0.8302428851521317 1.8521217696407144 0.5951603791051072 -9.354581792667577 -18.834364683701953 853.1330428424652 104.96545176475539 -652776.5521808508 203715.92608921346 0.4828088515087398 -0.697427972015999 -1.697427972015999 0.3622323645136678 0.39879575471899564
0.0177902387904 2016.3183503879375 5203860912.767317 -5489528.214895505 344060.9545315426 923989.6201505733 0.20948877085947543 -0.4455835943807138 -1.3005394998971054 2016.3183503879375 0.3491479514324591 115.60390775153087 0.04860845153535376 0.0 -253.8145648369666 -609.2945039715692 0.03803117787377495 -944.0303837997311 0.3491479514324591 195925.3724333842 -122.19845350428716 -0.041033984398267005 -0.020737487884313174 0.8227949866295023 1.8344265993681719 0.595880292073506 -9.330496585387408 -18.80473623997229 840.6366665354162 104.96477851532339 -630839.0135757552 191253.97395771858 0.47364703519704326 -0.6827338747300578 -1.6827338747300578 0.3644604957420553 0.40093291873878234
0.0180090587275 2000.5957307318386 5121790307.745332 -5348236.60420418 341419.3335906898 912012.5563082445 0.21053432005983785 -0.43981603382633977 -1.289271660443478 2000.5957307318386 0.3508905334330631 115.66225900870643 0.06161887298958524 0.0 -246.33128777440427 -601.0343814686399 0.03841559729283128 -931.7755650826457 0.3508905334330631 194374.32778779083 -122.25923365355493 -0.04118305353100434 -0.020791838942616665 0.815509184087619 1.8169439795208622 0.5966414458529044 -9.306181176402962 -18.774811042517243 828.291142471608 104.96406502515279 -609435.2299872271 179146.75623077305 0.46461865065455593 -0.6682311836299417 -1.6682311836299417 0.36673242003211304 0.40311128118764983
0.0182305701499 1984.806500687635 5040026170.061205 -5209504.112472814 338766.177293932 900047.7369287177 0.21159740484798292 -0.4341023174711952 -1.2781494534144826 1984.806500687635 0.3526623414133049 115.72165519859054 0.07451288799882216 0.0 -238.909708525285 -596.6425041636844 0.03880292435602238 -919.6708603078264 0.3526623414133049 192811.74792048964 -122.321298906003 -0.04133452642976882 -0.020847005330259485 0.80838529544525 1.7996700663172887 0.5974447669164109 -9.28163420548848 -18.744586741109426 816.0941481429329 104.96330923513952 -588556.3037293212 167388.31784898462 0.455722954031945 -0.6539167641681809 -1.653916764168181 0.3690490429147941 0.40533169417027826
0.0184548061627 1968.9519414023944 4958583367.303883 -5073303.351532027 336101.6912795422 888097.0919622169 0.21267836786612532 -0.4284416138827869 -1.267171538800453 1968.9519414023944 0.35446394644354223 115.78211854005194 0.08729240764308921 0.0 -231.48526901930902 -592.2682079449423 0.03919315759656971 -907.7144656998674 0.35446394644354223 191237.25156035493 -122.38440314953846 -0.041488448266005944 -0.020903000866533007 0.8014224614706947 1.7826026593861652 0.5982904768708952 -9.2568543266147 -18.714060942792187 804.0441234931212 104.96250898553531 -568194.6593140409 155973.56271075492 0.44695851502715256 -0.6397888974713748 -1.6397888974713748 0.3714112284818284 0.40759497775676157
0.0186818002785 1953.0333715305883 4877476882.240904 -4939605.985456599 333426.09394270764 876162.5680489404 0.21377756393814926 -0.42283300202406193 -1.2563363955173958 1953.0333715305883 0.35629593989691544 115.84367179473742 0.0999595443795196 0.0 -224.1207145796034 -584.4540135423263 0.039586294854480314 -895.9045995992598 0.35629593989691544 189650.47877749635 -122.44844170672388 -0.04164486539175932 -0.020959839645784524 0.7946199976653674 1.7657392799771219 0.5991789527649687 -9.231840208431006 -18.68323132701584 792.1393892195517 104.96166201087007 -548342.5156833853 144897.25243197544 0.43832405776845196 -0.6258456314841747 -1.6258456314841747 0.37381986827303226 0.4099019786470972
0.0189115864219 1937.0521474958975 4796721629.044481 -4808380.281262346 330739.60549206205 864246.1277504364 0.2148953529073125 -0.41727525240218677 -1.2456418244601373 1937.0521474958975 0.3581589215121875 115.90633829973412 0.11251709705205015 0.0 -216.8012987621733 -580.1617818558195 0.03998233325790773 -884.2395022191522 0.3581589215121875 188051.14838988407 -122.51377811298289 -0.041803825072342767 -0.02101753604368248 0.7879777134026487 1.749076429519477 0.6001110497814225 -9.206590535069257 -18.652095513149096 780.3778196193184 104.96076593437968 -528991.3477930153 134153.66263851186 0.42981879189046124 -0.6120841399312225 -1.6120841399312225 0.37627589912698967 0.4122535828024063
0.0191441989349 1921.0096637827228 4716332508.274961 -4679598.930879205 328042.4519363918 852349.7487836927 0.21603210240595494 -0.4117674937040531 -1.2350864340178291 1921.0096637827228 0.3600535040099249 115.9701419714149 0.12496706999209573 0.0 -209.49042895807847 -575.4372178506799 0.04038126920647785 -872.7174353601941 0.3600535040099249 186438.90148494794 -122.5802429996952 -0.041965375614572455 -0.02107610472346084 0.7814949346129498 1.7326118163567685 0.6010871140735795 -9.181104007041574 -18.620651107790145 768.7578434682891 104.95981826320667 -510133.5732001885 123737.6790342963 0.4214414306030249 -0.598502638063954 -1.598502638063954 0.37878022769437236 0.4146506540926954
0.0193796725818 1904.907353084482 4636324450.447127 -4553233.893831434 325334.8685793383 840475.4231299137 0.21718819050378962 -0.40630877791244163 -1.2246686775888178 1904.907353084482 0.36198031750631604 116.03510732320515 0.13731163991749828 0.0 -202.22317131361112 -568.984525945548 0.04078309835237564 -861.3366821578363 0.36198031750631604 184813.40298376622 -122.64778607883329 -0.042129566491473466 -0.021135560642785902 0.7751711421630014 1.716342910547788 0.6021076275380711 -9.15537934195954 -18.58889574791723 757.2777918269202 104.95881638215114 -491761.4485602049 113644.07638959226 0.4131908246566854 -0.5850991415416944 -1.5850991415416944 0.38133378442407506 0.4170940795564303
0.0196180425546 1888.7466864578205 4556712340.830426 -4429255.568754505 322617.0958529484 828625.1561311777 0.2183640030087121 -0.40089799977542445 -1.214386670624961 1888.7466864578205 0.3639400050145202 116.10125949346599 0.1495533343895592 0.0 -194.9911285469713 -564.3609638174108 0.04118781558232512 -850.0955468105528 0.3639400050145202 183174.36518923112 -122.7165923345392 -0.04229644825465975 -0.02119591906071188 0.7690060891788022 1.7002666709326015 0.6031733264951962 -9.12941527530883 -18.556827049249137 745.9357815252628 104.95775754780155 -473866.88759847835 103867.40265310236 0.40506608416428197 -0.5718712304257652 -1.5718712304257652 0.38393753231619066 0.41958477585326703
0.019859344478 1872.5291735359706 4477511014.173167 -4307636.463735197 319889.3795479512 816800.9656135836 0.21955993377168237 -0.3955342223884939 -1.2042389145991454 1872.5291735359706 0.36593322295280395 116.16862424772076 0.1616943083536584 0.0 -187.77644122690685 -559.2119408012026 0.04159541499890587 -838.9923543336475 0.36593322295280395 181521.46915440127 -122.78660142082822 -0.042466072566257854 -0.02125719554451806 0.7629993234640331 1.6843806309144504 0.604284719340435 -9.103210561368524 -18.524442608650606 734.7301955214699 104.95663888229923 -456442.251146377 94402.49341515556 0.3970661005112291 -0.5588169827927372 -1.5588169827927372 0.38659242327647625 0.4221236533945144
0.0201036144151 1856.2563626372478 4398735289.812291 -4188348.7476836615 317151.9738250674 805004.880916669 0.22077638707629274 -0.3902164614437807 -1.1942238210992056 1856.2563626372478 0.3679606451271546 116.23722799603662 0.1737368240279491 0.0 -180.60027528185736 -553.4616941278728 0.04200588990249562 -828.0254502859513 0.3679606451271546 179854.41783248252 -122.85782448208806 -0.04263849231487806 -0.021319405977040375 0.7571505043737228 1.66868218327309 0.6054424065983839 -9.07676397401439 -18.49174004205492 723.659365845918 104.95545736673154 -439479.8253337232 85244.13010824833 0.3891898592465682 -0.5459343610852174 -1.5459343610852174 0.38929942989576527 0.4247116432531405
0.0203508888724 1839.929840879084 4320399904.62347 -4071363.8344584606 314405.13749111496 793238.9419116051 0.22201377509681694 -0.3849436423891701 -1.1843396128601067 1839.929840879084 0.3700229584946949 116.30709783409922 0.1856833456345881 0.0 -173.4460301356542 -549.3682997756383 0.04241923277154535 -817.1932005351746 0.3700229584946949 178172.9501116454 -122.93040518438909 -0.04281376153596965 -0.02138256656409473 0.7514594649781757 1.6531684331252618 0.6066471438395118 -9.050074307583234 -18.45871693655617 712.7215122873417 104.95420983386913 -422971.72880884964 76386.98198703211 0.3814365064834808 -0.5332210844181975 -1.5332210844181975 0.39205954928961473 0.42734969961509983
0.0206012048055 1823.5512343285059 4242519539.6607842 -3956655.5230079014 311649.13638981513 781505.1980302085 0.2232725198750081 -0.3797148950173995 -1.1745849813349738 1823.5512343285059 0.37212086645834686 116.37826153063378 0.19753588512337306 0.0 -166.3041133863097 -544.0774006002357 0.04283543524449472 -806.4939909967101 0.37212086645834686 176476.76567968822 -123.0041932284862 -0.04299193551197354 -0.021446693841857066 0.7459257803159438 1.6378371831830119 0.6078994055787517 -9.023140377852565 -18.425370881265977 701.9151686494898 104.95289296138485 -406910.59146088106 67826.0466893728 0.37380491385759695 -0.5206754766142352 -1.5206754766142352 0.39487375950656534 0.4300387644072339
0.0208545996246 1807.1222079856054 4165108830.0614667 -3844196.0323797436 308884.2448956977 769805.707159362 0.22455305471900183 -0.37452918281469044 -1.1649582650978334 1807.1222079856054 0.3742550911983364 116.45074756807045 0.20929682610050304 0.0 -159.20418568464166 -538.1488691142916 0.0432544880998898 -795.926227387873 0.3742550911983364 174765.62118180058 -123.07927809207285 -0.04317307085120399 -0.02151180468500763 0.7405493113338789 1.6226857005806379 0.6091999346668269 -8.995961022803684 -18.391699486724708 691.2386487825248 104.95150326353897 -391288.7050279492 59556.09604922461 0.3662942201355426 -0.5082954067355936 -1.5082954067355936 0.39774307894701266 0.4327798167438841
0.0211111112 1790.6444658884616 4088182276.373857 -3733957.0279185227 306110.7405389472 758142.5346095826 0.22585582029004553 -0.36938539167717804 -1.1554576411937965 1790.6444658884616 0.3764263671500759 116.52458515750803 0.22096872595627937 0.0 -152.12271275174902 -534.4326766748062 0.04367638123725726 -785.4883349875054 0.3764263671500759 173039.31158206353 -123.15585906447473 -0.04335722535532322 -0.021577916314509216 0.735330073730887 1.6077110060740027 0.6105496100057439 -8.968535103641273 -18.357700314662296 680.690176237693 104.95003708348382 -376098.23845030257 51571.81980797992 0.35890370658081117 -0.49607853573863947 -1.4960785357386395 0.40066854927453466 0.43557385772367063
0.0213707778678 1774.1197511808966 4011754293.703282 -3625913.1086891033 303328.90805679874 746517.7520430295 0.227181267881094 -0.3642826743335205 -1.1460818953798144 1774.1197511808966 0.37863544646849 116.59980425824298 0.2325535510886756 0.0 -145.04114464484235 -529.8407422863721 0.044101103658065965 -775.1787583925999 0.37863544646849 171297.57841413104 -123.23375610737571 -0.043544458173254606 -0.02164504630562814 0.7302677334962803 1.592911027580225 0.6119489369181182 -8.940861505814887 -18.323370930408007 670.2683732156322 104.94849058475856 -361331.9931974794 43868.31505473715 0.35163228702779026 -0.4840233098390567 -1.4840233098390567 0.40365117834139486 0.4384218642668829
0.0216336384355 1757.549846057017 3935839231.341564 -3520037.7972113467 300539.0415830884 734933.4363023025 0.22852986150294333 -0.35922006232174997 -1.1368295629415825 1757.549846057017 0.38088310250490554 116.67643559231668 0.24405353956332299 0.0 -137.9934607961939 -523.7422897276391 0.04452864344544233 -764.9959612843991 0.38088310250490554 169540.21285530733 -123.31296059092551 -0.04373482990910474 -0.02171321259656468 0.7253621765114693 1.578283310244072 0.6133986224245283 -8.912939139897773 -18.28870893314462 659.9717096266181 104.94685974220606 -346982.5450801124 36440.52583411877 0.3444790740065638 -0.47212785259288026 -1.4721278525928803 0.40669200899629887 0.4413248465385805
0.0218997321883 1740.9365716795385 3860451287.0329432 -3416302.898291827 297741.4394239447 723391.6682112082 0.2299020739872469 -0.3541963899106975 -1.1276987538567307 1740.9365716795385 0.38317012331207817 116.75451067205657 0.25547136945534743 0.0 -130.97101427829818 -519.8106860722982 0.04495898774506528 -754.9384261728164 0.38317012331207817 167767.08101006312 -123.39373776868058 -0.043928402493409076 -0.021782433497315932 0.7206136191526752 1.5638247563477365 0.6148996871309518 -8.884766942482496 -18.25371188624002 649.7984002903759 104.94514033256637 -333042.101560109 29283.15355407074 0.337443495840597 -0.46038973932842 -1.46038973932842 0.40979213220245625 0.44428385770361023
0.0221690988942 1724.2817882743736 3785604507.353513 -3314682.928386213 294936.4047590403 711894.5314879229 0.23129838763016408 -0.3492107448969545 -1.1186881555194013 1724.2817882743736 0.38549731271694015 116.8340618360954 0.26680915719753884 0.0 -123.94026513165336 -515.7624161561673 0.04539212274488417 -745.0046541928147 0.38549731271694015 165978.00243690176 -123.47599688342473 -0.04412523923375624 -0.02185272769790987 0.7160219472176194 1.5495331290401217 0.6164527974840281 -8.856343877441477 -18.218377325243136 639.747034634633 104.94332792474334 -319503.4556170877 22391.277902286558 0.3305246345006792 -0.4488072902446618 -1.4488072902446618 0.4129526004641424 0.44729992259601736
0.0224417788106 1707.5873949597346 3711312850.498662 -3215152.6964595797 292124.25090690225 700444.1114633764 0.23271929892082696 -0.3442622306163489 -1.1097965108820005 1707.5873949597346 0.3878654982013783 116.91512223881588 0.2780689873193778 0.0 -116.93498324634557 -509.86636883040427 0.04582803365590812 -735.1931648481357 0.3878654982013783 164172.8135325325 -123.55962427981297 -0.04432540503008262 -0.021924114277850328 0.7115870660960608 1.535406266922541 0.6180586193097957 -8.827668936808484 -18.18270283116592 629.8162433994887 104.94141786954688 -306359.47327855113 15760.01966005325 0.32372156789468254 -0.43737889756614723 -1.4373788975661472 0.416174476681039 0.4503740794432497
0.02271781269 1690.8553296037692 3637590100.7452087 -3117684.267632311 289305.2960482975 689042.4938130954 0.23416531442998342 -0.33934963688298936 -1.1010218811177297 1690.8553296037692 0.3902755240499724 116.99772590609382 0.28925364293224276 0.0 -109.95165403158865 -506.01789856495714 0.046266704691249834 -725.5024957950601 0.3902755240499724 162351.4628966988 -123.64493365507258 -0.04452896623968586 -0.02199661271557642 0.7073093824563477 1.5214409803266036 0.6197183044930842 -8.798741141774537 -18.146685958132302 620.0042480981199 104.93940528828574 -293602.4360920215 9384.115818152786 0.31703385840637527 -0.42610207458650873 -1.4261020745865087 0.41945890095876937 0.4535074339645505
0.0229972417861 1674.087568789424 3564449846.3679686 -3022252.891448229 286479.86226091976 677691.7633550912 0.2356369501259512 -0.3344720699222208 -1.0923630444581962 1674.087568789424 0.3927282502099187 117.08190774219888 0.30036520575172254 0.0 -102.95540538689042 -502.0242983906193 0.04670811904698364 -715.9312026159156 0.3927282502099187 160513.83773687723 -123.7318021145386 -0.0447359906779552 -0.02207024289756084 0.7031888801135353 1.5076351499506548 0.6214325575701316 -8.769559543941492 -18.110324219297382 610.3097247206745 104.93728506185577 -281225.31539042166 3258.7502235633438 0.31046062990361667 -0.4149752595459355 -1.4149752595459355 0.4228069542061361 0.4567010463876404
0.02328010786 1657.2861276066303 3491905567.6033077 -2928833.5728026014 283648.28286524623 666394.0027231985 0.23713473808130067 -0.3296285936886452 -1.0838187090581757 1657.2861276066303 0.39522456346883444 117.16770356344418 0.3114058544106588 0.0 -95.97990081666433 -496.6137134212368 0.04715225888182768 -706.4778585943081 0.39522456346883444 158659.86205238913 -123.82016044010948 -0.04494654791400581 -0.022145025128262937 0.6992256477474149 1.493986542430985 0.6232021685061653 -8.740123226354148 -18.073615190557188 600.7313133447559 104.93505181851098 -269221.0451366997 -2620.9247264196747 0.30400108427858047 -0.4039968007463095 -1.4039968007463095 0.42621974177639266 0.45995600254173585
0.0235664531867 1640.453059348655 3419970517.842181 -2837399.315539311 280810.8944255138 655151.2909728483 0.2386592198616106 -0.32481802538990606 -1.0753870488095847 1640.453059348655 0.3977653664360177 117.2551501034162 0.322378317626433 0.0 -89.01615323262635 -492.66760748623705 0.0475991052966362 -697.141054485726 0.3977653664360177 156789.55935402215 -123.91026758456246 -0.04516070903999855 -0.022220980140643613 0.6954201773018952 1.4804921177357044 0.6250283143104147 -8.710431304437037 -18.036556398980682 591.2673433001441 104.93269992084595 -257582.13656091926 -8260.034006812959 0.2976548108658776 -0.3931643577751789 -1.3931643577751789 0.4296984361882057 0.46327344736593024
0.0238563205609 1623.5904554761203 3348657751.374831 -2747925.618287509 277968.03960028617 643965.7023630805 0.24021094913109614 -0.3200394378385126 -1.0670668235390592 1623.5904554761203 0.40035158188516023 117.34428508501463 0.33328475834610094 0.0 -82.04645219612446 -488.43890749586785 0.04804863831494525 -687.9193983163522 0.40035158188516023 154902.91051224948 -124.00203326359906 -0.045378546804000226 -0.022298129105582737 0.6917726277738772 1.4671497080135354 0.6269118153189228 -8.680482927479696 -17.999145361606576 581.9165104143597 104.93022345299546 -246301.64888316536 -13663.34940297145 0.29142104588871687 -0.38247634614598724 -1.3824763461459872 0.4332441602016648 0.46665448888002303
0.0241497533038 1606.7004451959265 3277980136.2048435 -2660387.2242147634 275120.0688705976 632839.3048781728 0.24179049372141942 -0.3152917972667933 -1.0588565772171992 1606.7004451959265 0.4029841562023657 117.43514717913895 0.34412757898516655 0.0 -75.08632617471532 -483.9100773836044 0.04850083686231556 -678.8115151533592 0.4029841562023657 152999.9570482327 -124.09550359928983 -0.045600135725578014 -0.022376493643148483 0.6882833570483 1.4539568137583432 0.6288536722563738 -8.650277279526296 -17.961379612963114 572.6773911670325 104.92761620616727 -235372.49436400528 -18835.743338530534 0.28529920084593435 -0.3719309033899476 -1.3719309033899476 0.43685807590947845 0.47010027253578024
0.0244467952695 1589.7851952588553 3207950305.4846787 -2574758.883553054 272267.33774444065 621774.1588952825 0.24339843324954516 -0.3105740460645319 -1.0507548182908786 1589.7851952588553 0.4056640554159086 117.52777610308662 0.35490923712503 0.0 -68.12431691182067 -479.92672992415976 0.048955678746986996 -669.8160468938624 0.4056640554159086 151080.78003716853 -124.19074969569954 -0.04582555203382986 -0.0224560958329891 0.6849527999853658 1.440910875631015 0.6308549431767723 -8.619813580732142 -17.923256663330182 563.5485538614931 104.92487166422471 -224787.6001411212 -23782.081582884537 0.2792887445694573 -0.3615261215430783 -1.3615261215430783 0.44054136232113583 0.47361196200020306
0.0247474908513 1572.8469095787989 3138580673.5540023 -2491016.0506589403 269410.2087343209 610772.315734603 0.24503536137018894 -0.3058851866504728 -1.0427602094013306 1572.8469095787989 0.40839226895031494 117.62221260189921 0.36563205954898437 0.0 -61.16189583819832 -475.4865437280192 0.0494131406388881 -660.9316520611185 0.40839226895031494 149145.4762545692 -124.28775633386135 -0.046054873791251345 -0.022536958225663758 0.6817813460841309 1.428009557785224 0.6329166197388021 -8.589091088488065 -17.8847740294173 554.5286697566744 104.92198298783104 -214540.0618853855 -28507.124449605588 0.27338907713381594 -0.3512602918607217 -1.3512602918607217 0.4442951949363595 0.47719072287287234
0.0250518849887 1555.887828895368 3069883410.1905212 -2409133.6070570415 266549.050178691 599835.8162408279 0.2467018849911566 -0.30122412773153734 -1.0348712245755003 1555.887828895368 0.41116980831859434 117.71849848204505 0.3762985837430941 0.0 -54.20099555490638 -471.4697216195908 0.049873198050765025 -652.1570055841577 0.41116980831859434 147194.20414362 -124.38662263270623 -0.04628818089766381 -0.022619103853885932 0.6787695648242669 1.4152502340903856 0.6350398548307485 -8.55810909870812 -17.845929217616945 545.6163121690684 104.91894299836922 -204622.86938705327 -33015.70476700569 0.2675997565056725 -0.34113146272162465 -1.3411314627216246 0.4481207873607005 0.4808377569762451
0.0253600231741 1538.9102303353732 3001870426.521531 -2329087.1141788196 263684.23596172855 588966.6893029097 0.24839862428438889 -0.2965898356155955 -1.0270864854930104 1538.9102303353732 0.41399770714064815 117.81667666260905 0.3869112216476378 0.0 -47.22952902533324 -467.4951129640781 0.05033582531797129 -643.4907985919298 0.41399770714064815 145227.1411584454 -124.48736446773319 -0.046525555127375814 -0.022702556244370557 0.6759179838776251 1.4026304925259665 0.6372257384728522 -8.526866947022482 -17.806719719732502 536.8101538439291 104.91574416066655 -195029.17692101168 -37312.55154541391 0.261920276736977 -0.3311378732672381 -1.331137873267238 0.45201934837705515 0.48455426677312297
0.0256719514591 1521.9164270580252 2934553382.235659 -2250852.349396027 260816.14689366438 578166.9504330497 0.2501262144076254 -0.29198127993697953 -1.019404643426807 1521.9164270580252 0.416877024012709 117.91679120073408 0.3974723805859022 0.0 -40.25754557739665 -463.0475645893349 0.050800995578617 -634.9317382227575 0.416877024012709 143244.49987233614 -124.58998464656429 -0.04676708023385002 -0.022787339429381145 0.6732271692162625 1.3901479571359738 0.639475378623337 -8.495364010215003 -17.767143034984738 528.1088966111779 104.91237856495628 -185752.20656292 -41402.35381846997 0.2563501452035535 -0.3212778012022146 -1.3212778012022146 0.4559920984336726 0.4883414695247471
0.0259877164621 1504.908767661304 2867943654.778849 -2174404.328243632 257945.16900432057 567438.600200079 0.25188530424032796 -0.2873973052957099 -1.0118240921242856 1504.908767661304 0.4198088404005466 118.01888728722234 0.4079847482762611 0.0 -33.27963392713922 -459.4031899325628 0.05126868075434612 -626.4785474015624 0.4198088404005466 141246.56688767398 -124.69463506200395 -0.047012841939481395 -0.022873477959575367 0.6706979132367648 1.377799858052913 0.6417900911657684 -8.46359970731395 -17.72719664573315 519.5111089852916 104.90883790763341 -176785.0376864619 -45289.896685493644 0.2508890728362182 -0.31154919250140445 -1.3115491925014044 0.46004030993407063 0.4922006304090214
0.0263073653746 1487.8896358155969 2802052325.9118967 -2099719.4419791102 255071.6932773413 556783.6228164674 0.25367655626451335 -0.2828369077233851 -1.004343581999394 1487.8896358155969 0.4227942604408556 118.12301133828649 0.41845067844146167 0.0 -26.282500559509014 -455.4956590853733 0.05173885153119375 -618.1299646581377 0.4227942604408556 139233.6232888871 -124.80126582462049 -0.04726292796916131 -0.02296099691582545 0.6683308293311491 1.3655839528521394 0.6441709903469082 -8.431573501198306 -17.68687801218302 511.0155768457003 104.90511347162638 -168121.06738237623 -48979.761154053325 0.24553656889029352 -0.30195045344894056 -1.3019504534489406 0.46416521798968136 0.49613298838084285
0.0266309459687 1470.8614495998274 2736890210.208333 -2026773.7402270196 252196.11879023793 546203.9845472941 0.25550065040463554 -0.27829901431974 -0.9969617361248083 1470.8614495998274 0.42583441734105926 118.22921098123051 0.428872681216251 0.0 -19.282179031257435 -451.2108217269587 0.05221147734027364 -609.884743916683 0.42583441734105926 137206.0082255363 -124.90990276944251 -0.04751742824400614 -0.023049921922654905 0.666126676212608 1.3534977984068595 0.64661931613119 -8.39928489974862 -17.646184624392905 502.62102577163336 104.90119610497584 -159753.64667772676 -52476.563123338914 0.24029225887154876 -0.29247982658005345 -1.2924798265800534 0.4683680955624132 0.5001398196513541
0.0269585066041 1453.8266609400503 2672467790.1301594 -1955542.6456084212 249318.8481032538 535701.6321974155 0.25735827946876305 -0.2737824370984607 -0.9896769409132653 1453.8266609400503 0.42893046578127175 118.33753509933788 0.4392535248680065 0.0 -12.267286259598825 -447.6848264433736 0.052686526338983325 -601.7416543037068 0.42893046578127175 135164.13478230062 -125.02070356008801 -0.047776434743175944 -0.023140279161282216 0.6640864246735858 1.3415385894428071 0.64913650172158 -8.36673345728522 -17.605113930170244 494.3260646737891 104.8970761986914 -151676.01533551165 -55784.99288283585 0.23515595889231403 -0.28313524958538183 -1.2831352495853818 0.47265026739059124 0.5042224480358339
0.0272900962353 1436.7877550224543 2608795237.5089226 -1886003.0141252736 246440.2898031944 525278.4915961109 0.25925015220233366 -0.2692861564340565 -0.9824879805235829 1436.7877550224543 0.43208358700388944 118.44803386586823 0.4495956064803066 0.0 -5.2317694110867095 -443.73732833151377 0.053163965392947515 -593.699479954776 0.43208358700388944 133108.4070409029 -125.13360477210472 -0.04804004166745073 -0.023232095382895026 0.6622108427449649 1.3297041084507442 0.6517237543390542 -8.333918776062037 -17.563663376239003 486.12953855891027 104.89274366362811 -143881.7491624682 -58909.52534285706 0.23012725574107545 -0.2739151735020964 -1.2739151735020964 0.47701301260682616 0.5083821648335747
0.027625764419 1419.7472495726515 2545882406.545854 -1818130.847785103 243560.85876446677 514936.466015434 0.261176994007554 -0.2648090057381869 -0.9753933372071619 1419.7472495726515 0.43529499001259003 118.56075880796095 0.45990165280542805 0.0 1.813626447425666 -439.75636406824515 0.053643760057477834 -585.757019820615 0.4352949900125901 131039.31201093881 -125.24871072751739 -0.04830834551285454 -0.023325397922750308 0.6605009585688859 1.3179916758065464 0.6543825226291099 -8.300840507608543 -17.521830413682842 478.03013950678053 104.88818790563803 -136364.27022738787 -61854.73918606795 0.22520596855629593 -0.26481766048260535 -1.2648176604826054 0.48145767933450245 0.5126203243411055
0.0279655613214 1402.7076941742025 2483738795.4143534 -1751902.416264789 240680.97349859492 504677.4346312568 0.2631395443528923 -0.26034982387485067 -0.9683915261706197 1402.7076941742025 0.4385659072548205 118.67576280124808 0.47017438108420073 0.0 8.882373039925001 -436.3446407777702 0.054125874559927054 -577.9130874799077 0.4385659072548286 128957.3766423284 -125.3661050908612 -0.048581445014239964 -0.023420214714180113 0.6589578364268621 1.3063986535043226 0.6571142704260116 -8.26749835425099 -17.479612456457957 470.0265948455045 104.88339779972 -129117.08646742158 -64625.15911929516 0.22039192917204167 -0.25584081555332694 -1.255840815553327 0.4859856276557324 0.5169382957203466
0.0283095377256 1385.671669550861 2422373567.324699 -1687294.7418712454 237801.05872249877 494503.25098154834 0.2651385600836177 -0.2559075302116979 -0.9614812672609845 1385.671669550861 0.44189760013936286 118.79310010812631 0.48041633287837837 0.0 15.97651777879801 -432.5422439155297 0.05461027178259649 -570.1665109535509 0.44189760013992335 126863.14544053217 -125.48575982030343 -0.04885944132292101 -0.023516574302890097 0.6575824676544129 1.2949227008450224 0.6599203663426148 -8.233892070673503 -17.437006924998563 462.11775805824595 104.87836166298715 -122133.90044406817 -67225.18664328285 0.21568486751504998 -0.24698300810286367 -1.2469830081028637 0.49059820197301984 0.521337440879206
0.0286577450397 1368.6417866857082 2361795531.1381516 -1624284.3775311243 234921.54446745483 484415.7413491008 0.2671748148221263 -0.2514809448090212 -0.9546610844972714 1368.6417866857082 0.4452913580368772 118.91282644877093 0.49063027353960575 0.0 23.08815715830089 -428.6430101535784 0.055096913245868136 -562.5161325072701 0.44529135805207865 124757.23268271671 -125.60775157911843 -0.04914243803286143 -0.023614505862289185 0.6563760344858892 1.2835611740669481 0.6628023501669693 -8.200021465267875 -17.394011232658755 454.30239216081037 104.87306722572033 -115408.34722872499 -69659.27016823238 0.21108467644901205 -0.23824235543484207 -1.238242355434842 0.4952968024592994 0.5258191738250104
0.0290102353036 1351.6206860746238 2302013121.2754226 -1562847.78939696 232042.8649311961 474416.70324910455 0.26924909796496516 -0.2470688392757243 -0.9479294175978542 1351.6206860746238 0.44874849660827526 119.03499902075967 0.5008190790104211 0.0 30.22594563799313 -425.2783325567869 0.05558575909117444 -554.960808487655 0.44874849682317647 122640.30785651332 -125.73219795674464 -0.04943054119045719 -0.023714039208167812 0.6553398354546949 1.272311294194023 0.6657618574291916 -8.165886401858415 -17.350622767983186 446.57923329889354 104.86750160111087 -108934.07684529926 -71931.85057513841 0.20659133884641964 -0.22961686656319236 -1.2296168665631924 0.5000828671217488 0.530384945503246
0.0293670611979 1334.6110367835015 2243034392.2049994 -1502962.2626577092 229165.4585989305 464507.90382604586 0.27136221522854925 -0.24267007896068363 -0.9412849387697403 1334.6110367835015 0.45227035871424875 119.15967650901139 0.5109854199445084 0.0 37.39751942740304 -421.6903789333632 0.05607676806672729 -547.4994091154755 0.45227036060621784 120513.05507190259 -125.85908977283384 -0.04972385936867976 -0.023815204814599127 0.6544750772118993 1.2611706219165275 0.6688004089770556 -8.131486801152256 -17.306838898541272 438.94715824118293 104.86165125372011 -102704.9507466972 -74047.23331402527 0.20220471849765065 -0.22110485074794184 -1.2211048507479418 0.5049578098823213 0.5350361923016259
0.0297282760506 1317.6155356039878 2184867029.933224 -1444604.8984405997 226289.77007399863 454691.07833705883 0.2735149912709263 -0.23828346880984858 -0.9347262140528877 1317.6155356039878 0.4558583187848772 119.28691919099704 0.5211321047319896 0.0 44.59357033765004 -417.9262863442355 0.05656989751102619 -540.1308183311708 0.4558583304585498 118376.21584191981 -125.98847153217378 -0.05002250382269427 -0.02391803382936727 0.6537831015077771 1.250136548151039 0.6719196400118217 -8.096822642502005 -17.262657003421815 431.4050038024188 104.85550196573816 -96714.82976293948 -76009.72761749531 0.19792478272289987 -0.21270448084588445 -1.2127044808458844 0.5099230906758907 0.539774395235429
0.030093933846 1300.6369059712515 2127518312.8208477 -1387752.4286835105 223416.24698507256 444967.9285273402 0.2757082663218258 -0.23390771666562532 -0.9282516167707613 1300.6369059712515 0.45951377720304304 119.41678889856469 0.5312621604322818 0.0 51.822523838148165 -414.61450293538684 0.05706510333875728 -532.8539335968673 0.4595138319697092 116230.59965788989 -126.12048226226716 -0.0503265884136052 -0.024022558090919025 0.6532654385282604 1.2392061660884606 0.6751213539268923 -8.061893965303822 -17.218074422640978 423.9515257572411 104.8490388014599 -90957.53246826112 -77823.67169362059 0.1937516613252173 -0.20441368160912843 -1.2044136816091284 0.5149802328598245 0.5446010936327393
0.0304640892323 1283.6778970949695 2070995119.5817425 -1332382.5275267018 220545.3413888968 435340.1211617676 0.27794289814555345 -0.22954164963667625 -0.9218598112601005 1283.6778970949695 0.46323816357592246 119.54934913272186 0.5413783523158219 0.0 59.08960262961689 -411.0830690821091 0.057562340028025044 -525.6676657301738 0.46323837060212614 114077.02255126854 -126.25510500033562 -0.050636229740562005 -0.024128810144115664 0.6529234902291897 1.2283769956981765 0.6784072022654809 -8.026700870948295 -17.173088481514846 416.58564921135303 104.84224607071182 -85427.12002169725 -79493.24799551323 0.1896853266532673 -0.1962307535398362 -1.1962307535398362 0.5201307231649895 0.5495178021119622
0.0308387975299 1266.741282781821 2015303928.121451 -1278472.3965505024 217677.5101889754 425809.2864139264 0.2802197632342379 -0.225183979778398 -0.9155492339286444 1266.741282781821 0.46703293872372986 119.68466502805566 0.5514837047950856 0.0 66.38934381620987 -407.5800835019308 0.058061560606045934 -518.5709387270911 0.4670335966734658 111916.37110232702 -126.39243470169447 -0.050951547247480036 -0.024236823257972766 0.6527588746846974 1.2176462046517231 0.6817790323021676 -7.991243524260398 -17.127696502590815 409.3062005279874 104.83510728891247 -80117.59431329534 -81022.6801513788 0.18572593596096754 -0.1881537037109462 -1.1881537037109462 0.5253761264113281 0.5545261067676158
0.0312181147395 1249.8298604349052 1960450787.5393019 -1225999.4712851003 214813.21305107605 416377.01639370865 0.28253975414519644 -0.22083341953591043 -0.9093183458504623 1249.8298604349052 0.47089959024199407 119.82280347368693 0.5615812443915318 0.0 73.73117827098335 -404.2981564290308 0.05856271663813893 -511.5626895926965 0.47090140514546264 109749.57037361756 -126.5325458443935 -0.051272663177040344 -0.024346631442387197 0.6527732563772843 1.2070109886950289 0.685238715592663 -7.955522155425536 -17.081895767520347 402.1120395158233 104.82760513639235 -75023.04874570409 -82416.13333372859 0.18187366613529024 -0.18018057143376387 -1.1801805714337639 0.5307180284295131 0.5596276167964167
0.0316020975508 1232.9464498417124 1906441332.7287152 -1174941.5349361845 211952.91425949894 407044.8635945197 0.2849037825955153 -0.2164887043212901 -0.9031656875221488 1232.9464498417124 0.4748396376591922 119.96383308429404 0.5716739501370434 0.0 81.11413004717889 -400.81318096408336 0.059065758216322435 -504.6418681642193 0.4748440900321685 107577.57600046293 -126.67546599467613 -0.051599702754949545 -0.024458269466287246 0.6529683141874838 1.1964686520634926 0.6887881153411355 -7.91953706159979 -17.035683555126457 395.00208572466966 104.81972141453008 -70137.69649716285 -83677.69706850607 0.17812867652829162 -0.17230949895250602 -1.172309498952506 0.536158027476231 0.5648239581547717
0.0319908033507 1216.0938920272067 1853280762.5916204 -1125276.079393019 209097.081097108 397814.3394191884 0.28731277744605005 -0.2121484762909621 -0.8970896176036935 1216.0938920272067 0.4788546290767501 120.10782428981977 0.5817650114730566 0.0 88.53905904625667 -397.504551039437 0.05957063394927145 -497.8074369474172 0.47886452979676636 105401.40477335773 -126.82130490255582 -0.05193279417365188 -0.024571772875449316 0.653345911688065 1.1860162167132904 0.6924292583273097 -7.883288608780466 -16.989057112397397 387.9751891572588 104.81143700009228 -65455.73270879007 -84811.473912508 0.1744912826113149 -0.16453839447908258 -1.1645383944790826 0.5416977958586345 0.5701168246548091
0.0323842902319 1199.2750480077166 1800973838.0754633 -1076980.996856154 206246.18404933 388686.91269445466 0.2897676853187205 -0.20781140842708887 -0.891088589569413 1199.2750480077166 0.4829461421978675 120.25484936699635 0.5918575526284546 0.0 96.01310341850659 -394.2673931809256 0.060077290953178465 -491.0583709489417 0.4829664011297311 103222.09985264721 -126.97011554676374 -0.05227206868210906 -0.02468717801103318 0.6539079156601221 1.1756508369548304 0.6961641513858341 -7.84677723359404 -16.94201366057379 381.0302690627517 104.80273179686196 -60971.48487855359 -85821.48160849223 0.17096177346225458 -0.15686528896969332 -1.1568652889696933 0.5473390154276545 0.5755079241657521
0.0327826170017 1182.4927975304995 1749524879.7466872 -1030034.2877256842 203400.69690762754 379664.008223851 0.2922694711501131 -0.2034761523506805 -0.8851610365572353 1182.4927975304995 0.4871157852501885 120.40498244474875 0.6019547486929533 0.0 103.5353497652105 -390.9276586092834 0.0605856748444274 -484.39365750896906 0.48715439480997336 101040.74316045173 -127.12195137696978 -0.05261766067446119 -0.024804522028277605 0.6546562730994965 1.1653696264191236 0.699994859000175 -7.810003445181341 -16.894550400488708 374.166256532488 104.79358468487682 -56679.35170177098 -86711.69299786838 0.16754048784930797 -0.1492881876449892 -1.1492881876449892 0.5530834072281281 0.5809990036289
0.0331858431909 1165.7500377123288 1698937759.8998828 -984413.8726790987 200561.096388263 370747.0053344562 0.2948191178471619 -0.19914129956175466 -0.8793052847256206 1165.7500377123288 0.49136519641193654 120.55829960695581 0.6120599116863159 0.0 111.10823399206748 -387.7005924612955 0.061095729732613506 -477.81229613599874 0.4914344085348673 98858.46349111575 -127.27690667695475 -0.052969707746168895 -0.024923842915956382 0.6555930683732509 1.1551695282844519 0.7039235608496267 -7.772967826992094 -16.8466645064239 367.3820539654679 104.78397346663924 -52573.763612302704 -87486.06141489447 0.16422787196131436 -0.14180495824875283 -1.1418049582487528 0.5589327568939092 0.5865918703524234
0.0335940290621 1149.0496817332319 1649215893.7838345 -940097.9126926151 197727.86145483906 361937.236503967 0.2974176255040531 -0.19480544232749405 -0.8735196874004358 1149.0496817332319 0.4956960425067552 120.71487890756293 0.6221763551063193 0.0 118.73603685758506 -384.5058314008444 0.0616073982151005 -471.31329835494574 0.49581369481133525 96676.41918986081 -127.43505016051552 -0.05332835073345556 -0.0250451795154918 0.6567204340790855 1.1450475169317353 0.7079524616189483 -7.735671038831076 -16.798353115676303 360.67660131010655 104.77387481071511 -48649.252193248154 -88148.47504519147 0.16102439157233042 -0.13441350401843755 -1.1344135040184375 0.5648888800234909 0.5922883628317814
0.0340072356196 1132.3946573687454 1600362242.1670032 -897064.6646396806 194901.47380886026 353235.98595438915 0.30006601252274323 -0.19046714526040226 -0.8678025635753284 1132.3946573687454 0.5001100208712388 120.87480037967235 0.6323074572959104 0.0 126.4204803739191 -381.33586675401205 0.06212062137406262 -464.8956875323653 0.5003009531343162 94495.80300496324 -127.59645415883227 -0.05369373383110266 -0.02516857154125398 0.6580405933794002 1.1350005050725795 0.712083833524596 -7.698113818680057 -16.74961334182945 354.04884671536246 104.76326419216362 -44900.42116789762 -88702.7761403462 0.15793057250816142 -0.127111684407192 -1.127111684407192 0.5709536423261828 0.5980903680338909
0.0344255246177 1115.7879055777032 1552379301.2250526 -855292.4775781184 192082.41705671808 344644.4883306912 0.30276531434423265 -0.18612494321049178 -0.8621521913481042 1115.7879055777032 0.5046088572403877 121.03814613633939 0.6424566658922836 0.0 134.16468446261217 -378.1638671926753 0.06263533877331928 -458.55849873145587 0.5049063512578056 92317.84070304828 -127.76119624271485 -0.054066004617087216 -0.025294059600496625 0.6595558631773771 1.1250253346086936 0.7163200193716444 -7.660296984774271 -16.700442259197743 347.4977447479387 104.7521158297451 -41321.94588045937 -89152.76076445568 0.15494700593698935 -0.11989730658570807 -1.119897306585708 0.5771289621119592 0.6039998232557491
0.0348489585705 1099.232378976411 1505269104.215359 -814759.7982210456 189271.17697906762 336163.9273770928 0.3055165841862989 -0.18177734102336174 -0.8565668084760615 1099.232378976411 0.5091943069771648 121.20500036431714 0.6526274985011035 0.0 141.96965703360053 -375.0202089565856 0.06315148845836799 -452.3007785463404 0.5096414831472738 90143.78831898217 -127.92935778480444 -0.05444531415896207 -0.025421685214141697 0.6612686550318669 1.1151187770550373 0.7206634332550663 -7.622221437557715 -16.650836912340804 341.02225767387677 104.74040261982579 -37908.57617898041 -89502.17710614584 0.15207434805470216 -0.1127681261780844 -1.1127681261780844 0.5834168143249493 0.6100187198320792
0.0352776007609 1082.7310403087547 1459033212.0354717 -775445.1134781234 186468.24059191704 327795.434671166 0.3083208914724471 -0.1774227989758366 -0.8510445776832622 1082.7310403087547 0.5138681524540786 121.37544940136303 0.6628235747708164 0.0 149.84056786739183 -371.9954672169929 0.06366900695702982 -446.1215849525315 0.514519264937725 87974.93328324442 -128.10103814331478 -0.05483181703128782 -0.025551490837608312 0.6631814965416323 1.1052774823735336 0.725116582014325 -7.583888161761678 -16.600794298329763 334.6213411075465 104.72809606657417 -34655.12419854611 -89754.73279585788 0.14931334408755367 -0.1057218024812061 -1.105721802481206 0.5898192421337927 0.6161491126247587
0.0357115152503 1066.2868608699296 1413672716.9412975 -737327.237351136 183674.09652938962 319540.0883955838 0.3111793226437091 -0.17305979690684553 -0.8455837303762628 1066.2868608699296 0.5186322044061819 121.54958173733841 0.6730484740299192 0.0 157.78000540735076 -368.8788798130519 0.06418782928305289 -440.01998715007886 0.5195537797220409 85812.576605867 -128.27628814110716 -0.055225671428490546 -0.025683519881977528 0.6652969378558468 1.0954981940956672 0.7296819705783772 -7.545298228512453 -16.55031137856999 328.2940103875417 104.71516620867192 -31556.527752679514 -89914.05386988157 0.14666473344966494 -0.09875608381760603 -1.098756083817606 0.5963383156501113 0.6223930855930292
0.0361507668879 1049.9028188594807 1369188240.0338202 -700384.8481384797 180889.23476391085 311398.9121379647 0.31409298067253705 -0.16868672806125015 -0.8401823300213516 1049.9028188594807 0.5234883011208951 121.72748808918675 0.6833059710995435 0.0 165.78794151979574 -365.83686794747325 0.064707888940167 -433.99506541601994 0.5247601015943929 83658.05435429169 -128.45521652878966 -0.05562703922947587 -0.025817816735692715 0.6676177076808006 1.0857773946583955 0.7343622593481628 -7.506452797409218 -16.499385075309075 322.03923396253936 104.70158154163484 -28607.751701314013 -89983.74879925381 0.14412940655990555 -0.09186850238140654 -1.0918685023814065 0.6029762096769608 0.6287528173579194
0.0365954213206 1033.5818977249414 1325579924.0810518 -664596.831521574 178114.14560861132 303372.87375209946 0.3170629831940599 -0.16430197514906555 -0.8348384383965306 1033.5818977249414 0.5284383053234332 121.9092614115986 0.6935998669269026 0.0 173.87147820921012 -362.87674366700816 0.06522911792975332 -428.0459109514581 0.5301540842608674 81512.71746317818 -128.6379122919999 -0.056036086009822086 -0.02595442678629266 0.6701466016534776 1.0761115558203185 0.7391601513206358 -7.467353118713878 -16.4480122533139 315.8560109127721 104.68730893629599 -25803.861709532666 -89967.3598139951 0.14170829633004445 -0.08505658858154286 -1.0850565885815429 0.6097351519294436 0.6352305372868845
0.0370455450028 1017.3270844492586 1282847441.0444953 -629942.2820429539 175349.3204216558 295462.8842589839 0.3200904637292596 -0.15990391237028947 -0.8295501219032501 1017.3270844492586 0.5334841062154326 122.09499693936337 0.7039339843121825 0.0 182.0303916885512 -359.79422455406257 0.06575144676004417 -422.17162573360383 0.5357521513647725 79377.92804832029 -128.8244418253537 -0.05645298117724249 -0.026093396442535804 0.6728864800604444 1.0664971474497311 0.7440783895375355 -7.428000535543524 -16.396189738451493 309.7433736467017 104.67231355281677 -23140.02648157659 -89868.36187914644 0.1394023738450118 -0.07831787921386946 -1.0783178792138695 0.6166174246757005 0.6418285273652834
0.0375012052064 1001.1413677818776 1240989985.8606331 -596400.148730342 172595.2506206888 287669.7967903253 0.32317656959218005 -0.1554908150033496 -0.8243152475514139 1001.1413677818776 0.5386276159869667 122.28479223619877 0.7143123684355528 0.0 190.26746530852796 -356.8926736235025 0.0662748044575004 -416.37132236843047 0.541571115378821 77255.07545809481 -129.01493638589466 -0.05687789797989392 -0.026234773156919453 0.6758404003454035 1.0569303326647987 0.7491198908021225 -7.388396486061282 -16.343914298590374 303.70030028112615 104.65655874989073 -20611.44149662771 -89690.21172235796 0.13721278435843678 -0.07164965431407744 -1.0716496543140774 0.6236254373654061 0.6485491832961503
0.0379624700304 985.0277364910185 1200006276.7423117 -563949.7587792866 169852.4273086982 279994.4056139521 0.3263224608604859 -0.1510609892926335 -0.8191317700732388 985.0277364910185 0.5438707681008098 122.4787471866896 0.7247389980275709 0.0 198.59031508510841 -353.97800029442675 0.06679911858092762 -410.6441239516236 0.5476279635420662 75145.54550027533 -129.2094646919992 -0.05731101355732485 -0.02637860544789517 0.6790114267234744 1.047407399076255 0.7542875532235123 -7.34854250585387 -16.291182638722493 297.7258418983469 104.64000598930545 -18213.442156279554 -89436.27390794332 0.1351406586226645 -0.06504930738291859 -1.0650493073829186 0.6307616285345968 0.6553949316100146
0.0384294084118 968.9891774912383 1159894563.7080643 -532570.50272082 167121.34197846713 272437.4451726201 0.32952931143260816 -0.14661269370938787 -0.8139975585136148 968.9891774912383 0.549215519054347 122.67696407626975 0.7352179605407321 0.0 206.9960076087177 -350.94499852139927 0.06732431523875003 -404.9891639160072 0.5539397154745597 73050.73308226769 -129.40810811732837 -0.05775250907656125 -0.026524942923030728 0.6824027463022618 1.03792449808564 0.7595843732757742 -7.308440230138751 -16.237991419815575 291.81904721849446 104.62261473519617 -15941.43784726161 -89109.86419334305 0.13318722724791485 -0.058514121791007456 -1.0585141217910075 0.6380285321343124 0.6623682862894589
0.0389020901352 953.0286739892688 1120652620.7371688 -502241.6323314097 164402.48497626174 264999.58920756384 0.3327983054157917 -0.14214407855308697 -0.8089102566598847 953.0286739892688 0.5546638423596528 122.87954757290314 0.7457535856997681 0.0 215.49010002469933 -348.1437672300068 0.06785031910748754 -399.40558589887576 0.5605233226098061 70972.05017984322 -129.61101620012096 -0.058202569687085697 -0.02667383630186332 0.6860177571860075 1.0284774375366095 0.7650135347294471 -7.26809139614611 -16.18433722710153 285.97890692585634 104.60434234769193 -13790.867656622844 -88714.27741567524 0.1313539148263547 -0.052041090697016124 -1.0520410906970161 0.6454288326663699 0.669471895006951
0.0393805858439 937.1492035937097 1082277751.048868 -472942.88947625714 161696.3455505484 257681.44994172975 0.33613063653236663 -0.13765335734776557 -0.8038676630429851 937.1492035937097 0.5602177275539444 123.0866047472145 0.7563500645109593 0.0 224.07926470927302 -345.2551786458866 0.06837705345585275 -393.89254359377406 0.5673954895214994 68910.88880978098 -129.81824451404975 -0.05866138459572306 -0.026825337438862618 0.6898598172593473 1.019062252046496 0.7705781547629917 -7.227497845544243 -16.130216573975087 280.20451565369945 104.58514397138691 -11757.336410618742 -88252.6989023364 0.12964208970540295 -0.04562740706898949 -1.0456274070689895 0.6529652240972355 0.6767084198018772
0.0398649670498 921.3537363690605 1044766796.9275732 -444653.93315898674 159003.41252869167 250483.57731563583 0.339527508874284 -0.13313864862645536 -0.7988673804651364 921.3537363690605 0.56587918145714 123.2982451523052 0.7670118009920036 0.0 232.76015625114664 -342.31215275002455 0.06890444016904894 -388.44920062012113 0.5745726736973295 66868.6470027894 -130.02990129536602 -0.05912914719642826 -0.026979499346674984 0.6939324767845526 1.009674676878658 0.7762815186943675 -7.186661526855368 -16.075625921057018 274.4949252458121 104.56497241725037 -9836.49302355441 -87728.28409948494 0.12805329532741255 -0.039270011746755706 -1.0392700117467557 0.6606405508851189 0.6840806572537844
0.0403553061445 905.6452328446355 1008116131.122456 -417354.43203146174 156324.17229332682 243406.4582830186 0.3429901316350593 -0.12859799457730084 -0.7939068496311268 905.6452328446355 0.5716502193917655 123.51458072279831 0.7777433697606388 0.0 241.54060130031914 -339.5712274354993 0.06943239977812268 -383.07473038152466 0.582071046629433 64846.721048579166 -130.24612850409943 -0.059606054967663344 -0.027136376219534047 0.6982394501079413 1.0003102013161018 0.7821270514354212 -7.1455844978828775 -16.020561632162064 268.8491635095873 104.54377803828402 -8024.048867112223 -87144.14538008545 0.1265892307161757 -0.03296563667091501 -1.032965636670915 0.6684577972634312 0.6915915287337883
0.0408516764101 890.0266420505171 972321669.9737848 -391024.48645464075 153659.10974650783 236450.51620021617 0.34651972001766673 -0.12402948809494392 -0.7889836328297519 890.0266420505171 0.5775328666961113 123.73572588839238 0.7885492338663593 0.0 250.42458678522607 -336.7054017018314 0.0699608514933969 -377.7683159310769 0.5899063803604819 62846.47874598318 -130.4669852433816 -0.06009230961111203 -0.0272960234560731 0.7027844297788883 0.9909644936792578 0.7881181295754729 -7.104268928336514 -15.96501999896972 263.266350686665 104.52150859909572 -6315.870108252996 -86503.2924435606 0.12525156308277696 -0.026711170733520362 -1.0267111707335204 0.6764199766871466 0.6992439872103863
0.0413541520299 874.5008994347569 937378877.289596 -365644.0528959965 151008.7078454882 229616.11024481445 0.35011749317346347 -0.11943109713844242 -0.7840950205646328 874.5008994347569 0.5835291552891058 123.96179751622746 0.799434134724473 0.0 259.41056888542175 -333.84205980895473 0.07048971323913603 -372.5291498406965 0.598094187185168 60869.28562262881 -130.69260533657786 -0.06058811707838864 -0.027458497682955066 0.7075713439828177 0.9816328124172473 0.7942583413285361 -7.062717102272602 -15.908997234734702 257.7455417388533 104.49810913744687 -4707.854112591332 -85808.71256058026 0.12404218869371203 -0.020503152446802897 -1.020503152446803 0.6845302998688083 0.7070411602557832
0.0418628080999 859.0709248246372 903282763.6506138 -341193.2405652737 148373.44642044604 222903.534938497 0.3537846697546584 -0.11480075024138184 -0.7792382149877498 859.0709248246372 0.589641116257764 124.19291491252974 0.8104029012700144 0.0 268.506335470432 -331.1306171884718 0.07101890169507662 -367.3564340648812 0.6066496900776802 58916.485825732874 -130.9231191180461 -0.06109368750510709 -0.02762385677764241 0.7126042302423612 0.9723102837290368 0.8005513590308031 -7.020931420770261 -15.852489446436362 252.28580439327152 104.47352181938413 -3195.9923047869643 -85063.3288676101 0.12296311398459718 -0.014338006374231771 -1.0143380063742318 0.6927921012276079 0.7149862872434616
0.0423777206395 843.7396203404145 870027898.7065812 -317652.4620711594 145753.80271945745 216313.01973354552 0.357522467655847 -0.11013638792839789 -0.7744104437754723 843.7396203404145 0.5958707794264116 124.4291998034463 0.8214603356509392 0.0 277.715438442684 -328.32897540938563 0.0715483323399305 -362.24937981611333 0.6155877995208572 56989.38977571086 -131.15860783815668 -0.06160923530997287 -0.02779215989115804 0.7178871601421868 0.9629920725210712 0.8070008630138645 -6.978914404603478 -15.79549265242151 246.88626463037815 104.44768578618712 -1776.4036119985037 -84269.97893224322 0.12201638071577517 -0.008212189974448503 -1.0082121899744485 0.70120879354498 0.7230826813815002
0.0428989666034 828.5098682545413 837608416.9477724 -295002.11206421116 143150.25099593287 209844.72866184852 0.3613321011467246 -0.10543585510060215 -0.7696087167372264 828.5098682545413 0.6022201685778743 124.67077633120867 0.8326114518406479 0.0 287.03790402088447 -325.5196963691923 0.07207791950047247 -357.2072074307349 0.6249232890504934 55089.28665735273 -131.39919662879316 -0.06213497919445014 -0.027963467470888913 0.723424396621521 0.9536730189132148 0.8136107005183646 -6.936668696881164 -15.738002774912903 241.54601357685465 104.42053699324867 -445.2652604624876 -83431.45955935048 0.1212042280436467 -0.0021218796550281915 -1.0021218796550282 0.7097839814385943 0.7313338266986471
0.0434266238926 813.3845288533489 806018021.4889901 -273222.68551412027 140563.26164297486 203498.76007216907 0.3652147764441265 -0.10069693499012876 -0.7648298947101031 813.3845288533489 0.6086912940735442 124.9177709973247 0.843861399363441 0.0 296.4795857856075 -322.81176561691257 0.07260757640395134 -352.2291462471787 0.634670841494921 53217.43434092784 -131.6450233544782 -0.06267114208250343 -0.028137841282760187 0.7292203432211599 0.9443477440406399 0.82038483453728 -6.894197065804973 -15.6800156201538 236.26413851285426 104.39200804014074 801.1625105607524 -82550.51015724012 0.12052904914761571 0.003936940501635622 -0.9960630594983644 0.718521436176057 0.7397433566791158
0.0439607713665 798.3664382854017 775249993.9727263 -252294.94332623412 137993.30113887004 197275.14644902133 0.3691716891426719 -0.09591740819899633 -0.7600708169498761 798.3664382854017 0.6152861485711199 125.17031260314889 0.8552153316212437 0.0 306.04474199850256 -320.0610826835057 0.07313721523737267 -347.31443447620154 0.6448450339611927 51375.0467069083 -131.89618807245432 -0.06321795113341795 -0.028315344432843958 0.7352794568785087 0.9350108425677743 0.8273272558247515 -6.851502407501136 -15.621526880211045 231.03977328395828 104.36202799248072 1966.500708297648 -81629.78943433866 0.11999330830738893 0.009968314527678324 -0.9900316854723217 0.7274250403599459 0.7483150075204622
0.0445014888543 783.458406360467 745297204.680269 -232199.70198364812 135440.8320169914 191173.85429883533 0.3732040214168261 -0.09109497589325793 -0.7553281263062416 783.458406360467 0.6220067023613769 125.42853223805206 0.8666785760551353 0.0 315.7345992379124 -317.3071373147511 0.07366674720954407 -342.46231908107194 0.6554605319897598 49563.299921226 -132.15281672188178 -0.06377563774722876 -0.028496041388755833 0.7416063599093954 0.9256566220055699 0.834442096110805 -6.808587748819078 -15.562532134783373 225.8720344939735 104.33052219352984 3054.296747923037 -80671.90477996413 0.11959965754801846 0.015976540092918157 -0.9840234599070818 0.7364988783377584 0.7570526961154157
0.0450488571672 768.6632143491756 716152117.8553928 -212917.89607336733 132906.31191723308 185194.78412507125 0.3773129362768738 -0.08622727838122049 -0.7505983019980806 768.6632143491756 0.6288548937947896 125.69256316504513 0.8782565917967091 0.0 325.55431299472065 -314.6061665522089 0.07419608262017616 -337.6720556530765 0.6665321573064766 47783.32540897543 -132.41504459597928 -0.06434443745584979 -0.028679998000175486 0.7482058112711869 0.9162791550655247 0.8417335993443404 -6.765456250230897 -15.50302682807538 220.76003788517255 104.29741206647606 4068.0120353211673 -79679.40360209103 0.11935091747639728 0.021966126392489738 -0.9780338736075103 0.745747225753115 0.7659605113776311
0.0456029581103 753.9836127709912 687806804.0143368 -194430.67668149667 130390.19367548978 179337.77048703888 0.3814995744171253 -0.08131193284889278 -0.7458777388006881 753.9836127709912 0.6358326240285421 125.96254074304642 0.889954885227854 0.0 335.50724274270976 -311.8770494533404 0.07472513093395619 -332.9429082929176 0.678074897105561 46036.200725862516 -132.68298467338883 -0.06492458991492307 -0.028867281518520128 0.7550826502786079 0.9068724001915182 0.8492060650508508 -6.722111208793713 -15.443006274220055 215.7029298937488 104.26261490625389 5011.000767326426 -78654.75957980765 0.1192500262500657 0.02794169211381259 -0.9720583078861874 0.7551745169710377 0.775042687274942
0.0461638744951 739.4223191466938 660252949.1277844 -176719.2699753528 127892.92482985863 173602.5821331305 0.38576504895683755 -0.07634647529601499 -0.7411626102234964 739.4223191466938 0.6429417482613959 126.23860231479549 0.9017791380378996 0.0 345.59624829754614 -309.17221084245097 0.07525380086072377 -328.27414948973507 0.6901041019734152 44322.952501626925 -132.95677403141417 -0.06551633881429392 -0.02905796061597057 0.7622418802429691 0.8974299992481125 0.8568639331444928 -6.678556061098163 -15.382465646011967 210.69984110433288 104.22604366052794 5886.541009793717 -77600.39260744397 0.11930013198157312 0.03390814201876047 -0.9660918579812395 0.76478542203356 0.7843036696094571
0.0467316901514 724.9820157734856 633481864.7709461 -159765.08974779572 125414.94720880751 167988.9222316877 0.39011043978878623 -0.07132840411083038 -0.7364489569704176 724.9820157734856 0.6501840663146438 126.5208871175879 0.9137351093442263 0.0 355.82584505600687 -306.46162257274887 0.07578200044155887 -323.6650600083312 0.702635474107451 42644.54715214418 -133.23653825891796 -0.06611993177172128 -0.029252105402991897 0.769688602832829 0.8879454133507451 0.8647117180266162 -6.634794386367638 -15.321399964461971 205.7499217138752 104.18760669942488 6697.811230467418 -76518.65324296014 0.1195045365181853 0.03987055301914433 -0.9601294469808557 0.7745848076468653 0.7937480834638587
0.0473064899403 710.6653474584976 607484500.3735467 -143549.68382744782 122956.69673187644 162496.42867363163 0.3945367883979228 -0.06625515634366448 -0.7317326265383992 710.6653474584976 0.6575613139965379 126.80953609579473 0.9258286874581387 0.0 366.19828493819085 -303.7558178747952 0.07630963714214371 -319.114928769873 0.7156851875807764 41001.88954821679 -133.52240958140464 -0.0667356202446289 -0.029449787445037855 0.7774280511513941 0.8784118351420863 0.8727540424339642 -6.590829909511906 -15.259804096614468 200.85232328508283 104.14720757352347 7447.902294559417 -75411.83043033732 0.11986673715485617 0.04583425220697168 -0.9541657477930283 0.7845777783485867 0.8033807699378287
0.0478883597665 696.4749192700554 582251453.5200044 -128054.74134530651 120518.60281454763 157124.6744699802 0.3990450906438882 -0.06112410818539465 -0.7270092635881188 696.4749192700554 0.6650751510731471 127.10469172213276 0.9380658874850284 0.0 376.7189083632443 -301.09304528064496 0.0768366179522304 -314.62305274156034 0.7292699497254013 39395.8191541383 -133.8145260191229 -0.06736365936054918 -0.029651079777526356 0.7854655867049007 0.8688221783577961 0.8809956349500792 -6.546666504304346 -15.197672739621353 196.00619946205882 104.10474475936894 8139.816965665793 -74282.15081593947 0.12039043563175363 0.05180482946503073 -0.9481951705349693 0.7947696900195271 0.8132067990722711
0.0484773865916 682.4132942717107 557772983.677038 -113262.18554046983 118101.08832406558 151873.1682298589 0.4036362908160038 -0.055932618082205454 -0.7222743969471288 682.4132942717107 0.6727271513600063 127.40649785135783 0.9504527544128776 0.0 387.3902880361328 -298.3544692773174 0.07736284949342678 -310.1887368210829 0.7434069110350715 37827.10233182028 -134.11299836615527 -0.06800430779494908 -0.029856056919384588 0.7938066339937542 0.8591692116340245 0.8894412645382201 -6.5023081965703735 -15.135000420941111 191.2107388758687 104.06011139243556 8776.450507706562 -73131.7660816612 0.12107948263374785 0.057788025429373224 -0.9422119745706268 0.805166109467301 0.8232314368389367
0.0490736584467 668.4829912542011 534039024.5868335 -99153.97084357799 115704.56919136972 146741.35472428735 0.40831127404607354 -0.05067792802677129 -0.7175232090166377 668.4829912542011 0.6805187900767893 127.71509948858187 0.9629955810601516 0.0 398.21386564771416 -295.64934802851434 0.07788823813299199 -305.81129372972407 0.7581139779194355 36296.43813016144 -134.4179840899631 -0.06865782758241375 -0.030064794884803465 0.8024568226027358 0.8494452168326936 0.898095884788968 -6.457759167423387 -15.071781488781818 186.46509112854275 104.01319498620731 9360.635281828412 -71962.78177253534 0.1219380325259465 0.06379002905769904 -0.936209970942301 0.8157729596003327 0.8334602726232659
0.0496772644456 654.6864824907464 511039194.4460043 -85712.27494702674 113329.45347246111 141728.61554400512 0.41307085583653114 -0.04535725263633196 -0.7127507182089319 654.6864824907464 0.6884514263942186 128.03064247016607 0.9757007081852869 0.0 409.196619625344 -292.99969744159836 0.07841269010714623 -301.4900439035282 0.7734095484737401 34804.4470771744 -134.72962062030413 -0.06932448381156146 -0.030277371192616493 0.8114218529715277 0.8396422685153252 0.9069644992698426 -6.413023756621555 -15.00801008379118 181.76843336701526 103.96387713789778 9895.101141019459 -70777.2309505579 0.12297042657730904 0.06981724264389744 -0.9301827573561026 0.8265964213693499 0.8438991365477152
0.0502882947983 641.026191491109 488762814.0262278 -72919.51844557538 110976.14191186847 136834.26984069034 0.4179157765172508 -0.03996779381207215 -0.707951803311643 641.026191491109 0.696526294195418 128.35327326376472 0.988574490883775 0.0 420.3404842597323 -290.2664483752286 0.07893611165284627 -297.2243153852686 0.7893123845092513 33351.66747596889 -135.04801509755367 -0.07000454450605764 -0.030493864873432728 0.8207074723100148 0.8297522735689918 0.9160521380433714 -6.368106465961252 -14.943680158576278 177.11998044629118 103.91203321965354 10382.471341828714 -69577.07187635908 0.12418117811459682 0.07587625054685887 -0.9241237494531411 0.8376429313719865 0.8545541008211499
0.0509068408243 627.5044907266264 467198918.05150205 -60758.17003222206 108645.02709411609 132057.57514069212 0.4228466898046723 -0.0345066365754622 -0.7031209550635046 627.5044907266264 0.7047444830077872 128.6831385709148 1.0016235279442829 0.0 431.64681809223316 -287.5395624815368 0.07945840914632303 -293.0134437208766 0.8058418904752789 31938.56141075597 -135.37332034045716 -0.0706982802727265 -0.030714356474779974 0.8303196232471962 0.8197666049259945 0.9253640089467989 -6.323011962601927 -14.878785452388787 172.5189088328082 103.85753205407845 10825.306133652572 -68364.21591787846 0.12557514023940897 0.08197413985619117 -0.9180258601438088 0.8489193470665295 0.8654316261848488
0.0515329949665 614.123699425918 446336268.88085496 -49210.907109033666 106336.49300593496 127397.72826548868 0.42786415158606084 -0.028970830825853482 -0.6982524412219868 614.123699425918 0.7131069193101014 129.0203850173693 1.0148544780881146 0.0 443.12082521812073 -284.8557098089227 0.07997948925378484 -288.8567718544897 0.8230176909938158 30565.506030437657 -135.70567568511046 -0.07140596394920982 -0.030938928062423977 0.8402643195295274 0.8096763553962798 0.9349053733190491 -6.277745082639034 -14.813319475533744 167.96441564491298 103.80023557531824 11226.06968769761 -67140.50573302596 0.12715740021942598 0.08811828782616282 -0.9118817121738372 0.8604328588186472 0.8765384898041566
0.0521668508045 600.886081351417 426163372.35846967 -38260.624773168005 104050.91488719817 122853.86632439488 0.4329686095052677 -0.023357399680125485 -0.6933403096673421 600.886081351417 0.7216143491754462 129.3651586719948 1.028274039508104 0.0 454.76574822990165 -282.1308842487328 0.08049925908926325 -284.75365003059426 0.8408593568863372 29232.791638580704 -136.04520234327563 -0.07212787027532035 -0.03116766321898707 0.8505476294231917 0.7994723481091979 0.9446815305754326 -6.232310834623117 -14.747275506935852 163.45572319425446 103.73999847323896 11587.129256514343 -65907.71468357946 0.12893328024774559 0.09431635815122497 -0.905683641848775 0.8721910012966769 0.8878818001997424
0.0528085030694 587.7938425972121 406668493.10308 -27890.37367947842 101788.65900693633 118425.06779231057 0.43816039104778276 -0.017663304441837967 -0.6883782929045031 587.7938425972121 0.7302673184129713 129.71760464022503 1.041889025508468 0.0 466.582815662408 -279.37410497430176 0.0810176263850134 -280.703435688852 0.8593862296271442 27940.622929512585 -136.39202870667225 -0.07286427549620854 -0.031400647038943845 0.8611757220569827 0.7891449998857646 0.9546978665723722 -6.186714403144011 -14.680646586293351 158.99205356847307 103.67666782173522 11910.76988211727 -64667.556281342215 0.1309084036440114 0.1005764244357954 -0.8994235755642046 0.8842017324483591 0.8994690720060379
0.0534580476572 574.849129403477 387839668.6476327 -18083.344914570916 99550.08210275254 114110.35366862788 0.44343968913270776 -0.011885432171486555 -0.6833597590962038 574.849129403477 0.7390661485545129 130.07786654488635 1.055706389458309 0.0 478.5752854481351 -276.64615416867053 0.08153449966960805 -276.70549337139505 0.8786170733211176 26689.118758498462 -136.74629923411328 -0.07361545685762466 -0.031637966119759955 0.8721548797938231 0.7786842557928015 0.9649598678651043 -6.140961152452034 -14.613425494089999 154.5726196313718 103.6100826891901 12199.199428083639 -63421.68714261717 0.13308873123931023 0.10690703372552546 -0.8930929662744745 0.896473485487848 0.9113082784046271
0.0541155816434 562.0540260309186 369664725.097249 -8822.976796466392 97335.53103692028 109908.68872920139 0.4488065476610041 -0.006020663765404087 -0.6782778419394225 562.0540260309186 0.7480109127683402 130.44608589349093 1.0697330708289177 0.0 490.7469555259571 -273.89901530215457 0.0820497884604582 -272.7591946248936 0.8985692086900512 25478.307982489918 -137.10812988678822 -0.07438169208436726 -0.0318797085479989 0.8834913921063465 0.7680797919863538 0.9754730164812904 -6.095056630258343 -14.54560474002417 150.19666947812956 103.54007373268298 12454.527212137482 -62171.692905470976 0.13548047933800636 0.11331703940917337 -0.8866829605908266 0.9090150964776388 0.9234077962038798
0.0547812032976 549.4105526080818 352131294.27072966 -92.8814217968611 95145.34281647584 105818.98283956373 0.454260847682038 -6.583040630173291e-05 -0.6731253233948009 549.4105526080818 0.7571014128033967 130.82240148952178 1.083976089408596 0.0 503.09858445699365 -271.1039689616083 0.08256340346534 -268.86391790574334 0.9192579730683559 24308.132249206443 -137.47763883637114 -0.07516325886917728 -0.032125963881614164 0.8951916130744797 0.7573208474910692 0.9862428500728471 -6.049006571394294 -14.477176563719459 145.86345563309166 103.46646277324264 12678.781091225917 -60919.09938703428 0.13809020027108287 0.11981575281675794 -0.8801842471832421 0.9218359067281019 0.9357765056616328
0.0554550120982 536.9206630512829 335226828.0010082 8123.172693986562 92979.84390508087 101840.09236000162 0.4598022887524121 0.005982299681105497 -0.6678945766381538 536.9206630512829 0.7663371479206869 131.20694870021282 1.0984425712825332 0.0 515.6321756025923 -268.3125661937158 0.08307525679769749 -265.0190484876115 0.940695878915358 23178.44737014961 -137.85495670648467 -0.07596043415582708 -0.032376823126191626 0.9072619728508309 0.7463961489836685 0.9972749759694484 -6.002816901666127 -14.408132907841996 141.57222468896882 103.3890623535454 12873.913355889777 -59665.37602886681 0.14092482493014402 0.1264130172857747 -0.8735869827142253 0.9349458240073384 0.9484238558907094
0.056137108747 524.5862430095128 318938614.9106881 15841.19382517715 90839.35004830238 97970.82162321592 0.46543037162414413 0.012126973288613797 -0.6625776469499606 524.5862430095128 0.7757172860402403 131.59985866029697 1.1131396390902797 0.0 528.3505253781515 -265.5184756230185 0.08358526220381585 -261.2239783724234 0.9628912137382527 22089.022243171807 -138.2401972236156 -0.07677349345315904 -0.032632378705535446 0.9197088993217825 0.735294041744861 1.0085749946670226 -5.9564937417252235 -14.338465410930771 137.32224655973857 103.30767527694489 13041.788023145651 -58411.92754887262 0.14399161328154214 0.1331191043115144 -0.8668808956884856 0.9483552849801014 0.9613598461481323
0.0568275951845 512.4091078504431 303253796.7676332 23076.978605718352 88724.16599000842 94209.92448662515 0.47114437902648026 0.01837145507610073 -0.6571662169071543 512.4091078504431 0.7852406317108005 132.00125739194155 1.1280744148036463 0.0 541.2549302238463 -262.6753737945073 0.0840933353043179 -257.4781062000814 0.9858466055181059 21039.54111437172 -138.63346208287885 -0.07760271005140021 -0.032892724425800324 0.9325388133470189 0.7240024481237979 1.0201484979438116 -5.9100434109961455 -14.268165395509474 133.11280951271203 103.22209412810628 13184.185172823923 -57160.09662665368 0.14729818163621855 0.13994475894835967 -0.8600552410516403 0.9620752992596908 0.9745950811083296
0.0575265746053 500.39100067151134 288159385.2091421 29846.14183328289 86634.58528025336 90556.10595096838 0.4769433555669299 0.02471904698185931 -0.6516515334728014 500.39100067151134 0.7949055926115499 132.41126485821462 1.1432540591387488 0.0 554.3452729007623 -259.8064535739375 0.08459939384855718 -253.78083716070898 1.0095573804221136 20029.606750909777 -139.03485556556052 -0.07844835417809563 -0.033157955432998265 0.9457581476300603 0.7125087693386855 1.0320010911053084 -5.8634724315841105 -14.197223859468545 128.94320545461701 103.13210077444164 13302.809177292693 -55911.16917635435 0.15085255501851044 0.14690129436987387 -0.8530987056301261 0.9761175265503806 0.9881408587766791
0.058234151473 488.53359038574433 273642277.2146079 36164.10807468509 84570.88974003564 87008.02385690004 0.4828260839861893 0.03117308019846823 -0.6460243906496103 488.53359038574433 0.8047101399769823 132.8299938746979 1.158685749327372 0.0 567.6235666072027 -256.9474137494149 0.08510335798378187 -250.13158291253092 1.0340094448771548 19058.743050073994 -139.44448247010467 -0.079310691980624 -0.033428168162245135 0.9593733239286832 0.7007998726487547 1.0441383735635013 -5.816787532333774 -14.125631452200578 124.81273189462684 103.03746584906774 13399.289172851219 -54666.37436226239 0.1546631839517011 0.1540006148730455 -0.8459993851269545 0.990494307912466 1.002009221301479
0.0589504315361 476.8384698429884 259689272.40631443 42046.03985766682 82533.34937970518 83564.2906433087 0.4887910626294334 0.037736848659260656 -0.6402752439119146 476.8384698429884 0.8146517710490557 133.257548929243 1.1743765271371411 0.0 581.0902994989567 -254.02325038065413 0.08560515054014042 -246.52976149701433 1.059176457729195 18126.396366857465 -139.86241157563427 -0.08018998452133497 -0.03370346027893601 0.9733906442068202 0.688862275518187 1.056565832731735 -5.769995652874561 -14.053378470285425 120.72072839166549 102.93794821532362 13475.165446332167 -53426.875724259546 0.15873887315776444 0.1612550689127542 -0.8387449310872458 1.0052185850383453 1.0162129105371733
0.059675521844 465.30715399178473 246287089.766006 47506.937751832535 80522.22221444227 80223.47516534585 0.4948364807067122 0.0444136871912345 -0.6343939998812747 465.30715399178473 0.8247274678445203 133.6940249136615 1.1903334679632456 0.0 594.7433992664419 -251.06798443889775 0.08610469733058067 -242.97479725658445 1.085017515418544 17231.942104033365 -140.288726281746 -0.08108648664822378 -0.0339839306111363 0.9878163928549147 0.6766818438737386 1.0692889514973976 -5.72310394764818 -13.98045484823919 116.66652582307762 102.83329441242286 13531.912960842144 -52193.78642156412 0.1630889250103945 0.1686777209906699 -0.8313222790093301 1.020304083025989 1.0307655623530234
0.0604095307627 453.9410781179727 233422382.84745646 52561.58413553558 78537.75366648355 76984.10457860533 0.5009601888857078 0.05120691903534491 -0.6283700893817636 453.9410781179727 0.8349336481428464 134.13950567673174 1.2065635587610828 0.0 608.5840563754215 -248.11477168118293 0.08660192746736751 -239.46612075681088 1.111473834504191 16374.687579032783 -140.72349782479552 -0.08200044563896142 -0.03426967907163114 1.0026567455181377 0.66424391802503 1.0823131208683692 -5.676119790041934 -13.906850129446342 112.64947306146172 102.72323808362368 13570.93180305813 -50968.16268323752 0.16772309737529123 0.176282258231651 -0.823717741768349 1.0357652478485126 1.045681687910478
0.061152567991 442.74159615068174 221081757.46504024 57224.50128259091 76580.1766595734 73844.6662818613 0.5071596729279089 0.05811980488628108 -0.6221925416273885 442.74159615068174 0.8452661215465148 134.59406247023125 1.2230735799191264 0.0 622.6105064920498 -245.0876752420337 0.08709677369664375 -236.00316870880886 1.1384653145232366 15553.875727199798 -141.16676095461025 -0.0829320999117781 -0.03456080656901251 1.01791768014107 0.6515334385922446 1.0956435551237602 -5.629050776575425 -13.832553469728142 108.66896122392673 102.60749938753412 13593.539980401549 -49750.99922131512 0.17265155859455533 0.18408289541882017 -0.8159171045811798 1.0516171676991926 1.0609766459487395
0.0619047445773 431.7099789919386 209251787.52457044 61510.03869303223 74649.71127774839 70803.60990168115 0.5134320224591867 0.06515561718369221 -0.6158497728646644 431.7099789919386 0.8557200374319779 135.05775225624012 1.2398702645673134 0.0 636.8196079734103 -242.03077096533508 0.08758917274900661 -232.58538389166864 1.1658880412394719 14768.692386757775 -141.6185617910469 -0.08388167749356594 -0.0348574149081536 1.0336050698600119 0.6385346468196705 1.109285391180625 -5.581904730932471 -13.757553619615917 104.72437572023769 102.48578439208009 13600.994548672506 -48543.24281871735 0.17788503242803405 0.1920946483881123 -0.8079053516118877 1.0678757303779787 1.0766668325787188
0.0626661729356 420.8474129709499 197919030.7354139 65432.3029391155 72746.56440628605 67859.34934273826 0.5197738974024234 0.07231756225141014 -0.6093297096671233 420.8474129709499 0.8662898290040391 135.53061583627772 1.2569601193369158 0.0 651.210165513913 -238.95350530581575 0.08807906571016587 -229.21221508166633 1.1936114911027653 14018.270178586674 -142.07891981669323 -0.08484939432996208 -0.035159606676592355 1.0497245512607682 0.6252312881660053 1.1232435616120164 -5.5346897082361535 -13.681838904797589 100.81513416977067 102.35778445474408 13594.478970306656 -47345.783914416446 0.18343472225672924 0.2003331759290059 -0.7996668240709941 1.0845574589841158 1.0927695889146336
0.0634369668627 410.15499832509937 187070045.32628632 69005.15847780224 70870.92971416497 65010.26487131572 0.5261814954981193 0.07960876480167502 -0.6026197752527507 410.15499832509937 0.8769691591635322 136.0126757760421 1.2743493839107816 0.0 665.778232576412 -235.80763915243773 0.08856639840968351 -225.88311697852646 1.2214773852755927 13301.694328347037 -142.54782625894387 -0.08583545256887837 -0.035467485118416284 1.0662814835421406 0.6116066098246156 1.1375227598688304 -5.487413999133124 -13.605397225491165 96.94068794507375 102.22317558815517 13575.105346362798 -46159.458103487654 0.1893123243786082 0.20881479829737626 -0.7911852017026237 1.1016794396848957 1.1093031969507878
0.0642172415551 399.6337477779975 176691405.4729678 72242.26172965812 69022.98738353513 62254.70524677986 0.5326505154060839 0.08703229110549222 -0.5957067833301415 399.6337477779975 0.8877508590101398 136.50393424749348 1.2920440756799985 0.0 680.5188381591279 -232.61813865854143 0.08905112182993398 -222.5975501360856 1.249300959083591 12618.00941348758 -143.02526394216272 -0.08684003859116651 -0.035781153992828746 1.0832809623458217 0.5976432219918325 1.1521274613864274 -5.440086133955519 -13.528216040202476 93.10050223412537 102.08161781458526 13543.924192286193 -44985.05236215225 0.19553010333568185 0.21755663509444945 -0.7824433649055506 1.1192592997512991 1.1262869262493282
0.0650071136263 389.2845851847945 166769716.74262258 75157.03217860631 67202.90386958487 59590.98988767387 0.5391761183927012 0.09459110217871067 -0.5885769853698298 389.2845851847945 0.8986268639878353 137.00437055810804 1.3100498786180053 0.0 695.4274684124828 -229.39458833539786 0.08953319253505264 -219.35498089399346 1.2768751868209351 11966.224943832576 -143.51118985496095 -0.0878633208975614 -0.03610071741714915 1.1007277296009326 0.5833231900587997 1.167061840219473 -5.392714886805271 -13.4502823534152 89.2940733924477 101.93275451039668 13501.92062162899 -43823.3024694577 0.2021008656130972 0.22657654533142435 -0.7734234546685756 1.1373149906700037 1.1437409072686426
0.0658067011239 379.10834427961646 157291631.53214172 77762.64135795564 65410.8317819622 57017.41107637416 0.545752888846968 0.10228802030373688 -0.5812160865057225 379.10834427961646 0.9095881480782801 137.51393853732128 1.3283720615725576 0.0 710.4978698092983 -226.09981968166056 0.0900125731216543 -216.15488131310073 1.30397986493369 11345.321458556402 -144.00552654076 -0.08890544784881248 -0.036426279692096636 1.1186261015124481 0.5686280803991571 1.1823297046259842 -5.345309279687308 -13.371582708727265 85.52093748106799 101.77621174439119 13450.014307722699 -42674.89294791783 0.20903795343416792 0.23589310797900942 -0.7641068920209906 1.155864536222401 1.1616859713133887
0.0666161235477 369.10576747821074 148243864.13732702 80072.03611445404 63646.90975476852 54532.23618488214 0.5523747930416792 0.11012573715524467 -0.5736091663834255 369.10576747821074 0.9206246550694654 138.0325636637003 1.34701548868604 0.0 725.7216806125624 -222.74669162805398 0.09048923269041996 -212.9967291093845 1.3303970661738882 10754.257212497143 -144.5081754755131 -0.08996654522869463 -0.03675794510963434 1.1369799560300111 0.5535388645519832 1.1979344933680358 -5.297878586445717 -13.292103182991179 81.78065681686257 101.61159761177218 13389.066832868972 -41540.46181707157 0.21635530096054567 0.24552572514128435 -0.7544742748587157 1.174925806448243 1.1801435079892943
0.0674355018673 359.2775047978999 139613205.00999314 82097.92932776624 61911.26217865321 52133.70993237947 0.5590351342808854 0.11810678172662009 -0.5657406839866003 359.2775047978999 0.9317252238014756 138.56013998561306 1.3659845398148756 0.0 741.0913209107295 -219.35837065550487 0.09096314734079362 -209.880007592912 1.3559335160819312 10191.974259577195 -145.01901067312858 -0.09104671354036009 -0.03709581774022968 1.155792659192153 0.5380359513794085 1.2138792110673275 -5.250432336752516 -13.211829371371195 78.07282629115461 101.4385015690692 13319.882253568841 -40420.60083045838 0.2240674353906775 0.2554946170308141 -0.7445053829691859 1.19451611992519 1.1991351497243707
0.0682649585403 349.6241128566407 131386535.37746584 83852.7641630575 60203.999177550926 49820.056659191796 0.5657265089055475 0.1262334435958334 -0.5575945829804406 349.6241128566407 0.9428775148425793 139.0965267653639 1.3852829318621387 0.0 756.5970503948322 -215.88351219632676 0.0914343006882776 -206.80420560710076 1.3804497812653655 9657.404025260921 -145.53785175338288 -0.09214602519977753 -0.037440001199417094 1.1750669248621253 0.5220993695231346 1.230166296916937 -5.202980319939118 -13.130746388725633 74.39710024244351 101.25649377301595 13243.201702331487 -39315.85198808766 0.23218941001954596 0.26582068729719355 -0.7341793127028065 1.214651639828849 1.2186822351885245
0.0691046175303 340.1460539703449 123550841.25153866 85348.76388364879 58525.216535564774 47589.48261657394 0.5724407603275669 0.1345078143178706 -0.5491541316307569 340.1460539703449 0.9540679338792781 139.64154484662498 1.4049138022485212 0.0 772.2262434562907 -212.34232523573704 0.09190268440468466 -203.7688174715554 1.4038942777838503 9149.473963177941 -146.06449574299617 -0.09326452150005732 -0.037790598391732336 1.1948048458328109 0.5057085528197094 1.2467976672858279 -5.155532588719666 -13.04883886981278 70.753160598372 101.06512442949959 13159.716453755325 -38226.71604397778 0.24073691195353283 0.27652573069101205 -0.723474269308988 1.2353469630693379 1.238805403945273
0.069954604326 330.8436953372012 116093226.35200354 86597.90464167413 56874.99540651079 45440.17826415223 0.5791689287425618 0.14293172025800222 -0.5404019975637903 330.8436953372012 0.9652815479042697 140.19497276814315 1.4248795503404792 0.0 787.9674007069714 -208.75020800244647 0.092368298782672 -200.77334292343178 1.4263342974675342 8667.112856679247 -146.59869713633694 -0.09440220923917705 -0.03814771123106522 1.215007763187302 0.48884248037759553 1.263774595864745 -5.108099462707751 -12.966090955094971 67.14073674218982 100.8639231575967 13070.064713269623 -37153.65026351108 0.24972621528303238 0.2876323380003243 -0.7123676619996757 1.2566143597614752 1.2595237927699263
0.0708150459592 321.717308356962 109000925.66536795 87611.89372649766 55253.40241701721 43370.32058061698 0.5859012042238481 0.15150665112731448 -0.5313203370857427 321.717308356962 0.9765020070397468 140.75654257072023 1.445181669954004 0.0 803.8056992509606 -205.0665659292686 0.09283115332525271 -197.81728706578264 1.4479715166954907 8209.255895323662 -147.14014779183668 -0.09555905729101802 -0.038511440334187866 1.2356761285138704 0.4714798366153653 1.2810975873119952 -5.060691531925136 -12.882486304597455 63.55962557854343 100.65239837661352 12974.829136697463 -36097.06690668686 0.25917412147412355 0.29916378212099637 -0.7008362178790036 1.2784629281550313 1.280854045602981
0.0716860710245 312.76706800442827 102261317.8060102 88402.21037194907 53660.489512551 41378.075363331176 0.5926268762015721 0.16023378853845302 -0.5218906568798407 312.76706800442827 0.9877114603359535 141.32593522928087 1.4658208034561127 0.0 819.7246273613915 -201.31519381397555 0.09329126735804914 -194.90016031224758 1.4691227040521495 7774.850195704657 -147.68850444628725 -0.09673499283450504 -0.038881884689084864 1.2568095103874932 0.4535988318744432 1.2987663975545014 -5.013319659845499 -12.798008098258439 60.009663964218774 100.43003672195168 12874.54806370432 -35057.340491058276 0.2690980500515398 0.31114419775825564 -0.6888558022417444 1.3008979988776197 1.3028094198231814
0.0725678096981 303.9930523597882 95861936.97378422 88980.06636393833 52096.29389130082 39461.59953501178 0.5993342823878617 0.16911389948535654 -0.5120939750515954 303.9930523597882 0.9988904706464362 141.90277592484495 1.486796495594841 0.0 835.7067219971266 -197.48056316922785 0.09374867066880599 -192.0214783378752 1.490147142820798 7362.858954541539 -148.24335547505098 -0.09792989733033888 -0.039259141292643525 1.2784064007261997 0.4351774723619145 1.316779852922222 -4.965994986446229 -12.712639040114977 56.49076190293921 100.19630250088584 12769.709488901499 -34034.80382810515 0.27951593007976366 0.32359837511329825 -0.6764016248867017 1.3239202566780806 1.3253984529477942
0.0734603937574 295.39524220909027 89790484.75952817 89356.42871005603 50560.83804516104 37619.0434321188 0.6060107600134639 0.17814733023042056 -0.5019107624708636 295.39524220909027 1.0100179333557733 142.4866288011298 1.5081071708849099 0.0 851.7311821905824 -193.5559900910613 0.09420340416931698 -189.18076202971776 1.5113330034682328 6972.265853476483 -148.80423410070824 -0.09914360234521101 -0.03964330475964005 1.3004641672266912 0.41619349925437127 1.335135817638734 -4.918728930767125 -12.626361377966216 53.00288930697573 99.95063719522074 12660.758166876247 -33029.752716821095 0.29044623387091806 0.33655183683024237 -0.6634481631697576 1.347525314873129 1.3486238716150436
0.0743639566006 286.9735207859021 84034840.7943477 89542.01035803641 49054.12959243066 35848.55308542155 0.6126425936629788 0.1873339423449079 -0.4913210076231361 286.9735207859021 1.021070989438298 143.076991470473 1.5297499818151623 0.0 867.7764344886049 -189.55615064753505 0.09465552058450062 -186.3775374401306 1.5328187713862986 6602.0787004251515 -149.37060751570914 -0.10037588496731029 -0.04003446689862896 1.322978918128757 0.3966245149552718 1.3538310739085269 -4.871533193290976 -12.539156907615393 49.546086832036835 99.69245902485943 12548.096129410831 -32042.446188577822 0.30190792869045885 0.350030755760509 -0.649969244239491 1.371703474279796 1.3724815087539568
0.0752786332668 278.7276736089853 78583073.55728427 89547.25866033987 47576.161434804424 34148.272477277416 0.6192149687418643 0.19667303533420058 -0.48030431961564946 278.7276736089853 1.0320249479031072 143.6732892213272 1.5517206282874576 0.0 883.8181514390153 -185.45978792326227 0.09510508516496345 -183.61133574104315 1.5546309918708108 6251.332546559927 -149.94186144330575 -0.10162646315017425 -0.04043271625516664 1.3459453467006897 0.37644816345577203 1.3728611823080175 -4.824419757844487 -12.451007005070583 46.120481302807974 99.421162581888 12432.082343129943 -31073.106384594248 0.31392039879758254 0.36406182337341864 -0.6359381766265814 1.396439931041372 1.3969595647554365
0.076204560456 270.6573884436825 73423450.0773379 89382.3698984117 46126.91167638635 32516.345776353483 0.6257119233471193 0.20616331824272588 -0.4688399199748599 270.6573884436825 1.0428532055785322 144.27486876181476 1.5740132856036722 0.0 899.8292095237166 -181.2627644150176 0.0955521764240959 -180.8816931811919 1.5767659019819587 5919.092610094692 -150.5173073456895 -0.10289499066988238 -0.0408381376197702 1.3693566450882868 0.35564214476944606 1.3922204133664193 -4.777400893101999 -12.36189264691007 42.72627848241248 99.13611855046314 12313.038194766914 -30121.922092452383 0.3265034395097545 0.37867226162052914 -0.6213277383794709 1.4217157217746377 1.4220386688974438
0.0771418765496 262.76225537834426 68544445.32732792 89057.28329479112 44706.3437095804 30950.91954263853 0.632116304674444 0.21580283706620795 -0.456906739370566 262.76225537834426 1.0535271744574068 144.8809917247591 1.5966204350868407 0.0 915.7801602748965 -176.9689437258882 0.09599688689904294 -178.18815104429933 1.5992164055671478 5604.456513984372 -151.09617167158032 -0.10418105191221229 -0.04125081149964466 1.3932043523021085 0.3341843842367136 1.4119016135395224 -4.730489153574419 -12.271794446407588 39.36377381912659 98.83667352713483 12191.24839383433 -29189.04937621314 0.33967717784470164 0.3938896993686877 -0.6061103006313123 1.4475091385269991 1.4476927507179973
0.0780907216311 255.04176702162775 63934750.77177626 88581.68122334979 43314.40617650373 29450.14489882215 0.638409726897044 0.22558891015904456 -0.4444834987532994 255.04176702162775 1.0640162114950733 145.4908277286296 1.619532712741774 0.0 931.6393984429241 -172.58025737288295 0.09643932393467997 -175.5302556092044 1.6219736113054843 5306.556153601669 -151.6775902904464 -0.10548415633843643 -0.04167081355266474 1.4174782120927094 0.3120531776315914 1.4318960822343516 -4.683697380040655 -12.18069268651699 36.033358005275005 98.52214995805015 12066.963300068077 -28274.61306488305 0.35346200059763627 0.40974206889388487 -0.5902579311061151 1.47379755958623 1.4738909827597741
0.0790512375072 247.49531882564654 59583282.61439471 87964.97882994125 41951.033123287256 28012.17966394466 0.6445725362600596 0.23551803149175415 -0.43154887262581976 247.49531882564654 1.0742875604334328 146.1034472315253 1.6427386878076131 0.0 947.3723231230748 -168.07809580339207 0.09687961049024846 -172.9075581113216 1.6450266228411405 5024.559045090755 -152.26059139609828 -0.1068037328295267 -0.042098213982209136 1.4421659831551574 0.28922745546091894 1.4521934015602302 -4.6370386993725505 -12.088567373097614 32.73553408832095 98.19184621236145 11940.398767252991 -27378.706715645952 0.3678784227217246 0.42625739626473436 -0.5737426037352656 1.5005591628818746 1.500600498836753
0.0800235677285 240.12220952452043 55479189.22525245 87216.33871650192 40616.14405666733 26635.19044240207 0.6505837804071685 0.2455858319422525 -0.4180815296204291 240.12220952452043 1.0843063006786142 146.71781398214824 1.666224771058185 0.0 962.9407686035686 -163.46466710066866 0.09731788596480503 -170.31961470772563 1.6683624499704561 4757.669475207982 -152.84410253241612 -0.1081391237614804 -0.04253307689248372 1.4672533332643696 0.26568686087110605 1.4727813518236665 -4.590526523604787 -11.995398288819175 29.470910464128693 97.84503680991597 11811.74143116391 -26501.396066737434 0.3829470325857553 0.4434637498352604 -0.5565362501647396 1.527774230284387 1.5277895434966626
0.0810078576116 232.92164170097365 51611857.93177593 86344.66396314517 39309.64400960669 25317.35466608383 0.656421184484989 0.25578698417142304 -0.4040603084857102 232.92164170097365 1.0940353074749818 147.33277718611487 1.6899749989892716 0.0 978.3047057234053 -158.74974417435388 0.0977543070436635 -167.76598644058228 1.6919657969612032 4505.129148560883 -153.42693671286474 -0.10948957888195493 -0.04297545960294124 1.4927236500025314 0.2414120269035716 1.4936457436893487 -4.544174548234449 -11.901165054996438 26.240214782713963 97.48097282715581 11681.149304874793 -25642.719427426528 0.3986883425275497 0.46138901393688425 -0.5386109860631157 1.55542526534111 1.5554297803101296
0.0820042542602 225.892722478226 47970921.284394525 85358.59106548954 38031.42369815346 24056.862584508504 0.6620611369773504 0.26611509740402456 -0.38946443092046445 225.892722478226 1.103435228295584 147.94706350721557 1.7139707973751195 0.0 993.4205407027857 -153.90955650698808 0.09818904855989409 -165.2462392058677 1.715818829937681 4266.217544875372 -154.00777655587683 -0.11085424907918041 -0.04342541192147614 1.5185578368262922 0.21638490361550206 1.5147702362875617 -4.4979967496391895 -11.805847208827226 23.044309858818124 97.09888250285411 11548.752242318224 -24802.688015109736 0.4151226085307082 0.48006061479334716 -0.5199393852066528 1.5834959942552096 1.583496983281613
0.0830129065876 219.03446433366165 44546262.67161362 84266.50319011795 36781.35967913638 22851.919197988253 0.6674786858635064 0.27656266786621664 -0.37427360602100956 219.03446433366165 1.1124644764391776 148.55926881800355 1.738190870418168 0.0 1008.2408158224449 -148.94662214751983 0.09862230437134173 -162.75994372048393 1.7399010680352398 4040.252158817719 -154.58517973211968 -0.11223218004112374 -0.04388297537649856 1.544734191067276 0.19058891688512183 1.5361362388071067 -4.452007381488865 -11.709424291961849 19.884188280326114 96.6979720696897 11414.656718267808 -23981.28909962961 0.43226971462809854 0.4995053859315539 -0.5004946140684461 1.61196987775469 1.6119700241363863
0.0840339653386 212.3457860378871 41328021.13481026 83076.52650108177 35559.31442215598 21700.74613038946 0.6726475443903639 0.2871209796263955 -0.35846825918632685 212.3457860378871 1.1210792406506065 149.16784975744673 1.7626109814642796 0.0 1022.7159126897955 -143.87324155973147 0.09905428824765351 -160.30667549335584 1.764189166602873 3826.588477706419 -155.1575672182127 -0.11362230574897947 -0.044348182407975036 1.5712282094516912 0.16400930856262153 1.5577227395610695 -4.406220970064836 -11.611875940965259 16.76098421610841 96.27742683780609 11278.947021324766 -23178.486748824445 0.4501489688010848 0.51974927283859 -0.48025072716141004 1.640828514341421 1.6408285271513965
0.0850675831123 205.82551372965952 38306595.770883545 81796.52169786289 34365.13654516068 20601.583439326867 0.6775401135911726 0.29777998110713 -0.34202983989700386 205.82551372965952 1.1292335226519543 149.77111533140192 1.7872036827549505 0.0 1036.7928257804508 -138.67187404849136 0.09948523476751117 -157.88601479635162 1.7886566489304505 3624.6198321016464 -155.72320414051734 -0.11502344207343929 -0.04482105551738866 1.5980123599568028 0.13663358562818767 1.5795061014459475 -4.360652308447675 -11.513182003806044 13.675992659640315 95.8364125600916 11141.685221238318 -22394.221848146255 0.46877883730484854 0.5408169354579649 -0.45918306454203506 1.670050458130481 1.6700504586778848
0.0861139143846 199.47238210043986 35472649.405274354 80434.0945624432 33198.66100135823 19552.691355577223 0.6821275197069693 0.30852822163852706 -0.3249410181469312 199.47238210043986 1.1368791995116154 150.36721845848612 1.8119381813646844 0.0 1050.4144466191171 -133.33581657466402 0.09991540021678302 -155.49754663817492 1.813273771874255 3433.777347518715 -156.28020237309966 -0.11643428038718623 -0.04530160637970378 1.6250559436428842 0.10845179404985882 1.6014599485778975 -4.315316449276306 -11.413322665787232 10.630666930862503 95.37407710617394 11002.915215845225 -21628.414741057975 0.48817674413126866 0.5627314938772736 -0.4372685061227264 1.6996106933890447 1.699610693397671
0.0871731155315 193.28503571865798 32817111.600101948 78996.5978208323 32059.70926444974 18552.351953484722 0.6863796687540198 0.3193527619256688 -0.3071859642452096 193.28503571865798 1.143966114590033 150.95414766846108 1.8367801503448238 0.0 1063.5209581975494 -127.87957321589067 0.10034506348874128 -153.1408607383367 1.8380073359964164 3253.5299469278702 -156.82651411891027 -0.11785338126934972 -0.04578983491711183 1.6523249207332005 0.07945690817113697 1.623555016997444 -4.270228696160605 -11.31227858746409 7.626625206890509 94.88955247916591 10862.664882235988 -20880.96661157906 0.5083588061431675 0.5855141660459732 -0.4144858339540268 1.7294802806360066 1.7294802806360394
0.0882453448525 187.26203046624642 30331181.058843974 77491.12515483722 30948.089532347694 17598.87074454376 0.6902653214473083 0.3302390517536277 -0.2887507315805432 187.26203046624642 1.1504422024121805 151.52971901303113 1.8616914708316372 0.0 1076.0498321642074 -122.29353793107362 0.10077452697632713 -150.8155515029972 1.8628204255401521 3083.3845354647224 -157.35991527032877 -0.11927916843761986 -0.046285728339122145 1.6797816923726465 0.04964536323342147 1.6457589604364016 -4.22540459342882 -11.2100310594973 4.665667292165736 94.38195720364277 10720.946466126741 -20151.75971687297 0.529339489960466 0.6091837721718931 -0.3908162278281069 1.7596259745840734 1.7596259745840734
0.0893307625942 181.40183511456306 28006327.502465546 75924.51442756265 29863.597018518467 16690.578195714254 0.6937521922466016 0.3411708399370712 -0.2696236034681404 181.40183511456306 1.156253653744336 152.0915684558538 1.8866300502761955 0.0 1087.9344815529337 -116.5688858042039 0.10120411745491036 -148.5212180023267 1.887672222098159 2922.8865964161705 -157.87799956701915 -0.12070992307027029 -0.04678926015025119 1.7073849345245635 0.019017520620765303 1.6680362083325055 -4.1808599142733955 -11.10656218190082 1.7497806172083727 93.85039912068129 10577.75882832831 -19440.658854630867 0.5511312807802274 0.6337562847909264 -0.3662437152090736 1.7900099385352624 1.7900099385352624
0.0904295309741 175.70283300286118 25834292.827768106 74303.35649134596 28806.01417057946 15825.831163967827 0.6968070709438579 0.35213011431203434 -0.2497954066308241 175.70283300286118 1.1613451182397632 152.63714473534867 1.911549711608939 0.0 1099.105902351548 -110.71949427632201 0.10163418694337788 -146.25746394930007 1.912517886831318 2771.6213851966368 -158.3781817720201 -0.12214377848019992 -0.04730038913254193 1.7350894810307844 -0.01242192946701798 1.6903478728218362 -4.136610646889344 -11.0018550524621 -1.1188627702579055 93.29397861776582 10433.090906673286 -18747.51356641297 0.5737443627910211 0.6592444212615698 -0.3407555787384302 1.820589539501333 1.820589539501333
0.0915418142051 170.16332385987562 23807091.720141694 72633.9858195164 27775.1109350541 15003.014251166971 0.6993959716010352 0.3630969647342704 -0.22926003629574754 170.16332385987562 1.165659952668392 153.1637029992265 1.9363999163726444 0.0 1109.4925738968223 -104.73499165458364 0.10206511354355674 -144.02389767876613 1.9373082749908896 2629.2158560293783 -158.85767649349916 -0.12357871537149878 -0.047819058304742694 1.7628461002727833 -0.04466326311250939 1.712651547259157 -4.092672978771155 -10.895893976914552 -3.9378848378184728 92.71179233000151 10286.921181834961 -18072.157742194613 0.5971861476043915 0.6856569626356797 -0.31434303736432034 1.8513169153040716 1.8513169153040716
0.0926677785198 164.7815257241889 21917011.74592993 70922.49103428908 26770.64508371413 14220.54107039758 0.701484312314115 0.3740495387087944 -0.20801482111247893 164.7815257241889 1.169140520523525 153.66829941388414 1.9611256994110464 0.0 1119.0197896439226 -98.6180411067356 0.10249730224157509 -141.82013212877166 1.961989858261418 2495.34184011667 -159.3135045654136 -0.12501255789517096 -0.048345193868274954 1.7906014159499848 -0.07769127517245658 1.734901248724627 -4.049063278693878 -10.788664705929994 -6.704707730711945 92.10293733850351 10139.22129920923 -17414.41194807501 0.6214608954264598 0.7129982782663387 -0.28700172173366134 1.882138798789864 1.882138798789864
0.0938075921956 159.55557699867688 20156612.762405768 69174.71387802699 25792.36246542373 13476.855427481427 0.7030371222019434 0.38496395310976367 -0.1860610259811819 159.55557699867688 1.171728537003239 154.14778696453303 1.9856675110220572 0.0 1127.6114689554347 -92.37340434440034 0.10293118566981554 -139.64578482185328 1.9865045519091264 2369.7208289948803 -159.7424851607369 -0.12644297041752128 -0.048878704144312474 1.818297771288972 -0.1114846400293066 1.7570473017141792 -4.005798076512968 -10.680154679234041 -9.416545659649572 91.4665158983409 9989.957246501059 -16774.08409235077 0.646569234285733 0.7412676718435345 -0.2587323281564655 1.9129962088467736 1.9129962088467736
0.0949614255796 154.48353860890484 18518725.92209352 67396.24988401146 24839.99737262378 12770.432411778378 0.7040192849809253 0.39581421977840076 -0.16340437824196152 154.48353860890484 1.1733654749682088 154.59881269427584 2.009961096726247 0.0 1135.1891644600994 -85.99720534408561 0.10336722481347178 -137.5004778484088 2.0107895759259864 2252.131082524678 -160.14123034064818 -0.12786745551886608 -0.04941947851346514 1.8458731247295146 -0.14601525762646042 1.7790362510677142 -3.9628940404123014 -10.570353306680891 -12.0703991855585 90.80164071740391 9839.090707498031 -16150.970258890735 0.6725076497613058 0.7704586963259974 -0.2295413036740026 1.9438241712942061 1.9438241712942061
0.0961294511143 149.56339628048354 16996452.033287503 65592.45578299047 23913.27283021553 12099.779397489494 0.7043958124179001 0.40657222103941726 -0.14005552719818393 149.56339628048354 1.1739930206965001 155.0178166585776 2.033937493498316 0.0 1141.6735723046602 -79.49908190172124 0.10380590965551947 -135.38383784995764 2.0347774288112763 2142.4181168594164 -160.50615229746364 -0.1292833530603552 -0.049967386366704246 1.8732610290939191 -0.18124771610155713 1.8008108565305676 -3.9203679515891676 -10.459252256708334 -14.66306219079766 90.10744081107231 9686.58189871362 -15544.85643672395 0.6992680083974189 0.8005585540446654 -0.19944144595533464 1.9745515747411653 1.9745515747411653
0.097311843363 144.793062924226 15583159.498745963 63768.44534211107 23011.900973448253 11463.436953133913 0.704132154898125 0.4172076332962984 -0.11603067400544798 144.793062924226 1.173553591496875 155.40103298560445 2.0575229174914274 0.0 1146.9844915178335 -72.87463050741988 0.10424775974565732 -133.2954960044825 2.0583957489465563 2040.509937729699 -160.8334535514808 -0.1306878408073136 -0.050522276080059325 1.9003905477560763 -0.2171385194907865 1.8223100201317761 -3.8782366761639055 -10.346845776801773 -17.191111770196542 89.38306794537044 9532.38977330519 -14955.51856329712 0.7268369562592013 0.831547276115929 -0.16845272388407095 2.0051008676128044 2.0051008676128044
0.0985087790363 140.17038112661945 14272481.732613135 61929.09991193848 22135.583390086147 10859.979658533723 0.7031945452695901 0.42768795517453995 -0.09135201853004471 140.17038112661945 1.1719909087826503 155.7444931549164 2.0806388902526054 0.0 1151.0415609394902 -66.13868763686688 0.10469332468286785 -131.23508801098023 2.081567410390371 1946.4394189929087 -161.11914334184368 -0.13207793664705453 -0.0510839740262853 1.927186337478143 -0.2536356084658159 1.843468877948175 -3.836517134178738 -10.233131030883134 -19.65092429998029 88.6277036798145 9376.475345007864 -14382.724570502145 0.7551954286954927 0.8633971369955442 -0.1366028630044558 2.0353880457781943 2.0353880457781943
0.0997204370185 135.69312574381001 13058314.107061327 60079.06401248423 21284.011486557443 10288.016829055796 0.7015503759004876 0.4379784632749146 -0.06604841627868985 135.69312574381001 1.1692506265008127 156.04403209339523 2.103202210222123 0.0 1153.7656192371212 -59.28706024407713 0.10514318449723985 -129.20225407557743 2.1042104596331446 1860.3771062096398 -161.35903150497506 -0.13345050264330197 -0.051652283638073844 1.9535686396740546 -0.29067758441556946 1.8642187947527467 -3.7952262655707107 -10.118108455534124 -22.03866897386351 87.84056700993851 9218.801730083846 -13826.234277050826 0.7843180131732419 0.8960717972435432 -0.10392820275645676 2.065322423744356 2.065322423744356
0.100946998394 131.35900659888674 11934810.516330963 58222.75379829793 20456.866920431858 9746.193147367176 0.6991686107879833 0.44804227341338515 -0.04015585284134149 131.35900659888674 1.1652810179799722 156.29529733837632 2.125125165138631 0.0 1155.0778353390706 -52.327510897650676 0.10559794991832834 -127.19663889881869 2.126238289496701 1782.680001181647 -161.54874661612342 -0.13480225130710308 -0.05222698453855967 1.9794534427886816 -0.32819322673131135 1.884487526126295 -3.754380993038101 -10.001782146190575 -24.350325571114183 87.02092260117023 9059.336819358494 -13285.80101756361 0.8141724248087094 0.9295256806813614 -0.07047431931863857 2.094806698661334 2.094806698661334
0.102188646474 127.16567126782098 10896379.434365183 56364.361227427995 19653.82191080467 9233.189201489682 0.6960202227742226 0.45784040593201125 -0.013717946483267518 127.16567126782098 1.1600337046237044 156.4937611899671 2.146315758140437 0.0 1154.903157005068 -45.281987950968045 0.10605826251372275 -125.2178916634366 2.14755982316072 1713.9648631831103 -161.6837511853912 -0.1361297539685152 -0.05280783175818252 2.004752666173742 -0.3661009818163336 1.9041993965019586 -3.713998181605906 -9.884160245251167 -26.581699276703418 86.16808959362629 8898.055037595997 -12761.17261851114 0.8447189615500375 0.9637033145774145 -0.03629668542258546 2.123737019201119 2.123737019201119
0.103445566826 123.11070796124902 9937679.676419886 54507.84901524964 18874.539721151275 8747.72193109996 0.6920786615779172 0.4673318045935733 0.013213400462878111 123.11070796124902 1.1534644359631954 156.63473713378184 2.1666778364260733 0.0 1153.169007752832 -38.13422429977502 0.106524794688813 -123.26566601831755 2.1680795964694184 1655.2198344083763 -161.7593412668367 -0.1374294519031526 -0.053394555055555085 2.0293742942524515 -0.4043082460153823 1.9232754202528708 -3.674094594920804 -9.765255363982622 -28.72841988453655 85.28145094605888 8734.93693536043 -12252.091013041925 0.8759098582892563 0.9985384771212176 -0.0014615228787824286 2.152002913084413 2.152002913084413
0.104717947298 119.19164849432288 9053615.758155638 52656.967982784656 18118.675076258096 8288.544982390169 0.6873203412448796 0.4764735676888366 0.040577793019815234 119.19164849432288 1.1455339020747994 156.71339998089678 2.1861116950946142 0.0 1149.8068720064737 -30.91692128921906 0.1069982495214822 -121.33962007258569 2.1876983151459792 1607.9776661356432 -161.77069358224162 -0.13869767012653778 -0.0539868583630076 2.053222839367046 -0.4427113235546559 1.9416337475419576 -3.6346868482028634 -9.645085012558914 -30.78598849709701 84.36046326932052 8569.973537661139 -11758.294933695015 0.9076889372922464 1.033953915418073 0.03395391541807302 2.1794878174928725 2.1794878174928725
0.106005978049 115.40597133589525 8239332.874923989 50815.249156045196 17385.87448937596 7854.448972110038 0.6817251390412354 0.4852210129871854 0.06830574879932261 115.40597133589525 1.1362085650687257 156.72480984568415 2.2045143138680485 0.0 1144.7553424952582 -23.637842440756195 0.10747936043066089 -119.4394163795321 2.206313040880134 1574.588306969446 -161.71286772517593 -0.13993063395700256 -0.05458441937871999 2.0761995778676927 -0.4811948115552255 1.9591898734574023 -3.595791357801081 -9.52367202959674 -32.74977931604708 83.4046670885871 8403.165216329331 -11279.519013970039 0.9399910127989671 1.06986056516093 0.06986056516093009 2.206069130229656 2.206069130229656
0.107309851579 111.7511047279676 7490211.684125558 48986.010923588794 16675.776839207163 7444.261661789432 0.6752769100559395 0.4935278992310468 0.0963184278379714 111.7511047279676 1.1254615167598991 156.6639416725842 2.2217799445978708 0.0 1137.957850374325 -16.294310060785918 0.10796889065329648 -117.56472192261893 2.223817729231497 1558.6555236669572 -161.58084052474197 -0.14112448910744854 -0.055186889328465 2.0982030357804673 -0.5196314806769237 1.975857090393783 -3.5574242873294213 -9.40104504845644 -34.615073553666605 82.41369745020684 8234.523550103955 -10815.494921761921 0.9727415190205682 1.1061571884785901 0.10615718847859013 2.2316187052384895 2.2316187052384895
0.108629762754 108.22442989223276 6801862.680496771 47172.36968285613 15988.013737297817 7056.84804635814 0.6679639906166845 0.5013467348273206 0.12452757277673543 108.22442989223276 1.1132733176944742 156.5257187743275 2.2378008904712097 0.0 1129.3667739700388 -8.920043781984983 0.10846763251532196 -115.71520811006249 2.2401039620859766 1565.745663908425 -161.36955513053275 -0.1422753245524322 -0.05579389291609416 2.1191296172691674 -0.5578824650632612 1.9915470761134828 -3.5196014906784336 -9.277238934990875 -36.37710808547939 81.38729477560204 8064.073967471292 -10365.952936392789 1.0058562995746931 1.1427302833356254 0.14273028333562543 2.2560036010300997 2.2560036010300997
0.109965908836 104.82328429646248 6170120.396601894 45377.23403223248 15322.209983154207 6691.110356597317 0.6597796957013703 0.5086289675467465 0.15283519350925856 104.82328429646248 1.0996328261689505 156.30505111865392 2.252468019678209 0.0 1118.943482111646 -1.517201176736083 0.10897640648976424 -113.89055076161188 2.2550614142602434 1604.543915640199 -161.07393750669803 -0.1433791990411153 -0.05640502848874789 2.1388740764512675 -0.5957970656535377 2.006170313949984 -3.4823384518005405 -9.152295244939252 -38.031091500146914 80.32531584346808 7891.854623425534 -9930.621149792049 1.039241250282317 1.1794536635678567 0.17945366356785675 2.2790864897368075 2.2790864897368075
0.111318489514 101.54496497068499 5591037.34920464 43603.318378813245 14677.984019874357 6345.987977375484 0.6507227909167278 0.5153254134848635 0.18113382120084087 101.54496497068499 1.0845379848612131 155.99687860132417 2.2656718060620538 0.0 1106.6594566421998 5.884913443755672 0.10949606002169246 -112.09043009448484 2.268578856782485 1688.7188544142523 -160.688960899602 -0.14443217091829239 -0.057019868440393216 2.1573303549274825 -0.633213393421665 2.0196368727045835 -3.445650221377588 -9.02626266826683 -39.57226813685031 79.22774475811933 7717.919337006294 -9509.227326842149 1.0727923700662694 1.216188773839783 0.21618877383978297 2.3007267587009963 2.3007267587009963
0.112687706935 98.38673188920902 5060877.774843282 41853.13931605915 14054.948401036629 6020.457286652818 0.6407979264975241 0.5213865491020886 0.20930651430460578 98.38673188920902 1.0679965441625403 155.59621923140708 2.277303058467146 0.0 1092.498386161579 13.280381738650604 0.11002746611323262 -110.31453070992765 2.2805448521095144 1839.7543754281319 -160.2096752320241 -0.14543033122265123 -0.057637959871445106 2.17439223136363 -0.6699586195110879 2.031856986896871 -3.4095513508321384 -8.899197455439399 -40.99594706665705 78.09470375064386 7542.336690237013 -9101.498294892306 1.1063956872010898 1.2527846858008873 0.2527846858008873 2.3207812299634276 2.3207812299634276
0.114073765731 95.34581140360054 4576111.236671215 40129.02672810388 13452.710336021359 5713.531417048264 0.6300160266878496 0.5267630095858746 0.2372273891717962 95.34581140360054 1.050026711146416 155.0982220270405 2.2872541003182123 0.0 1076.45514333108 20.6500049044979 0.11057152165126354 -108.56254158572574 2.2908489139288175 2090.4291928799767 -159.63127487259715 -0.14636984035034648 -0.05825882552581343 2.1899542863054116 -0.7058499874731664 2.0427419451903632 -3.374055823885111 -8.771163841688976 -42.297569445182425 76.92646363068805 7365.192062496749 -8707.161327655209 1.1399275751589955 1.289078771934323 0.2890787719343231 2.3391054830807394 2.3391054830807394
0.115476873049 92.41939971275389 4133406.008622563 38433.128390107166 12870.872009728464 5424.259942305085 0.6183946060895581 0.5314060645908317 0.2647622085876882 92.41939971275389 1.0306576768159301 154.49822265074783 2.2954198854036183 0.0 1058.5399790063088 27.954273595916344 0.11112914547603846 -106.83415606408298 2.299382614593951 2485.47650283981 -158.94915657819934 -0.14724696732976997 -0.05888196502484037 2.203912840115869 -0.7406958718201756 2.0522049422335202 -3.3391769859263025 -8.642234412710119 -43.472766101406236 75.72345369775375 7186.588198551713 -8325.944569168216 1.1732551632999393 1.324897456056966 0.32489745605696596 2.355555132872896 2.355555132872896
0.116897238588 89.6046663630461 3729622.4169030027 36767.40746538804 12309.03118874145 5151.728492033226 0.6059580176612097 0.5352680297823269 0.2917689289070826 89.6046663630461 1.0099300294353495 153.7918045271486 2.301698958342432 0.0 1038.7768352391274 35.1974505519825 0.1117012761892564 -105.12907183016375 2.306040548293782 3064.6876884478033 -158.15895989093212 -0.14805813247548352 -0.05950685641375259 2.2161668047944576 -0.7742967365057402 2.060161833590703 -3.304927471603458 -8.51249046695225 -44.51739759381612 74.48627090295273 7006.643945666172 -7957.576391482887 1.2062367753591083 1.3600569122579806 0.36005691225798064 2.3699869416933304 2.3699869416933304
0.118335074622 86.89875779413063 3361806.0483995792 35133.65810296743 11766.781667641328 4895.058300470952 0.5927376044902125 0.5383029569778652 0.3180990088542007 86.89875779413063 0.9878960074836876 152.97486172471088 2.305995016337888 0.0 1017.2046027821671 42.338292689903206 0.11228886968044131 -103.44699090968257 2.3107219214820645 3797.769888575462 -157.25665885290684 -0.14879995227968232 -0.06013295802752291 2.226618945682893 -0.8064471824425298 2.0665322958518315 -3.27131913138814 -8.382022318428579 -45.42764562479568 73.2156880363348 6825.496736653507 -7601.787234334355 1.2387229381992053 1.3943647486275754 0.3943647486275754 2.382260756111263 2.382260756111263
0.11979059604 84.29880088660653 3027180.8819446075 33533.50215044815 11243.713690786968 4653.405689434612 0.5787717458685543 0.5404670963878897 0.34359836846411895 84.29880088660653 0.9646195764475906 152.0436637040231 2.3082179449117093 0.0 993.8791548950629 49.35857751744428 0.11289289639760786 -101.78761964333957 2.31333162739014 4531.347496962668 -156.23860507397222 -0.1494692862592605 -0.06075971069158032 2.235176807185456 -0.8369374115120422 2.071240639242101 -3.238362957232624 -8.250929540518635 -46.20005589011401 71.91266071749097 6643.300812882609 -7258.3087431053655 1.2705572307378652 1.4276212426451407 0.4276212426451407 2.392240819092731 2.392240819092731
0.121264020372 81.80190654615095 2723142.4152497333 31968.398033820915 10739.41455676723 4425.961493464798 0.5641057948580831 0.5417195463803324 0.36810892549987495 81.80190654615095 0.9401763247634719 150.99492254406812 2.3082852502633466 0.0 968.8709846973462 56.24555771777692 0.11351433834261407 -100.15066867961303 2.3137817434023256 5157.103137124654 -155.10160368117505 -0.15006328568279118 -0.061386540250736525 2.241753910305057 -0.8655554965043025 2.0742168871916515 -3.2060690084484134 -8.119321170855953 -46.83161383070607 70.57833295534569 6460.227775781602 -6926.87454801167 1.3015775855415854 1.4596213241621108 0.45962132416211077 2.3997976489255826 2.3997976489255826
0.122755567822 79.40517328347212 2447250.7207284668 30439.648221044637 10253.468961477858 4211.950428092612 0.5487918832770714 0.542022907333265 0.39147033736714976 79.40517328347212 0.914653138795119 149.8258578530935 2.3061234761622686 0.0 942.2678142279672 62.95307886471466 0.1141541858130245 -98.53585295762569 2.3119930342888186 5670.824831208634 -153.84298712171056 -0.15057944261484763 -0.0620128604307993 2.2462709451136136 -0.8920898856490977 2.0753978451371493 -3.1744463380839445 -7.98731581493328 -47.3198183491516 69.2140410496429 6276.466685121542 -6607.2207976024665 1.3316178063184945 1.4901568269320418 0.49015682693204177 2.4048099657271607 2.4048099657271607
0.124265461306 77.10569079733136 2197223.5432076636 28948.398145871586 9785.459548202925 4010.6304069589924 0.5328886038492732 0.541343789039539 0.4135215995704228 77.10569079733136 0.888147673082122 148.53426197316256 2.301669272652545 0.0 914.1732179387138 69.47196606294415 0.1148134339049624 -96.94289168375343 2.307896120985912 6081.196343472986 -152.46066014755604 -0.1510156394671323 -0.06263807602059006 2.248656737489881 -0.9163316237163414 2.0747279364283497 -3.1435029207181286 -7.855041693159905 -47.662726770642706 67.821315622317 6092.2220191542165 -6299.085436624962 1.360509064407759 1.5190185584249742 0.5190185584249742 2.4071662315070963 2.4071662315070963
0.12579392648 74.90054355851237 1970929.411357952 27495.647306911324 9334.967404322946 3821.2918126520376 0.5164605584395182 0.5396535122469927 0.4341032739718085 74.90054355851237 0.8607675973991971 147.11856191435697 2.2948708713710055 0.0 884.7054018713458 75.7772397725049 0.1154930787774091 -95.37150831984827 2.301433084078999 6397.28901092784 -150.953178825464 -0.1513701977028864 -0.06326158635705717 2.2488494839973607 -0.9380774434241118 2.072160306139427 -3.11324558253575 -7.722636593668624 -47.85903391194709 66.40188157328167 5907.71402951602 -6002.209139422899 1.3880818865981635 1.5459991853948396 0.5459991853948396 2.406766782794037 2.406766782794037
0.127341191776 72.78681437743639 1766380.7840543103 26082.252687680204 8901.572487991558 3643.2567249118197 0.4995777727018177 0.5369286600639877 0.45305958132468727 72.78681437743639 0.8326296211696962 145.57787624550147 2.2856892024943836 0.0 853.9976050668721 81.8392086838866 0.11619411371691452 -93.82143056093349 2.292558720040061 6628.2861897220355 -149.31980195579735 -0.15164192468650867 -0.06388278909320304 2.246797746002087 -0.9571325790435957 2.0676576807975904 -3.083679934386187 -7.590247718087644 -47.90812367677619 64.95765579080103 5723.177226655559 -5716.335121638627 1.414168124832391 1.5708959479911702 0.5708959479911703 2.4035255691608666 2.4035255691608666
0.128907488435 70.761587953625 1581727.2751649385 24708.934219855433 8484.854118595313 3475.878111342808 0.48231498820803476 0.5331516258989983 0.47024066761550054 70.761587953625 0.803858313680058 143.9120666143256 2.2740989812955585 0.0 822.1961272134171 87.63491396506032 0.11691752501677362 -92.29239031570029 2.2812417813143324 6783.281700535144 -147.56054211985577 -0.15183015805220856 -0.0645010842175929 2.24246141671455 -0.9733137726499361 2.0611932015438783 -3.054810308754787 -7.4580314315092835 -47.81012037264622 63.49074247468931 5538.859046828278 -5441.2091902472475 1.4386031030344921 1.593513601283474 0.5935136012834741 2.397371914963532 2.397371914963532
0.130493050543 68.82195439830946 1415248.9534249667 23376.280145200006 8084.391446060448 3318.5389852062326 0.46475083669737155 0.5283111088059269 0.48550492816521307 68.82195439830946 0.7745847278289526 142.1217817699453 2.2600896559941654 0.0 789.4592643891335 93.1425381832567 0.11766428770708841 -90.7841236827241 2.26746608583175 6871.113944250777 -145.67620881475565 -0.15193480619268598 -0.06511587828887462 2.2358125849623036 -0.9864523015241374 2.0527511562694363 -3.026639701498076 -7.326152890289297 -47.56593224174226 62.003425968789024 5355.018290286548 -5176.579739482961 1.4612278571333508 1.6136674344218251 0.613667434421825 2.3882521622507777 2.3882521622507777
0.132098115064 66.96501272651251 1265349.753147145 22084.752279099892 7699.763891158321 3170.651535309056 0.44696691574646963 0.5224025417132572 0.49872132862728313 66.96501272651251 0.7449448595774494 140.20849202824118 2.243666188204733 0.0 755.9548277177413 98.34500142549047 0.1184353611639837 -89.296370928985 2.2512314614183317 6900.235121199637 -143.66844173548927 -0.1519563841483307 -0.0657265888404827 2.226836273736284 -0.996396946133408 2.0423275905283163 -2.999169719260885 -7.194785558496615 -47.17728524800767 60.49816104961105 5171.923309787503 -4922.197693675258 1.4818914141588344 1.6311862884305812 0.6311862884305812 2.3761311480080307 2.3761311480080307
0.13372292188 65.18787429995194 1130550.9915877378 20834.693588435657 7330.551624715466 3031.656231803536 0.4290467784226028 0.5154284983700412 0.5097718061221616 65.18787429995194 0.7150779640376713 138.1745143096854 2.224849770159833 0.0 721.8588826299291 103.21048817290733 0.11923168464173808 -87.82887645993098 2.2325546262807716 6878.614646265174 -141.53974250140112 -0.15189604339390306 -0.06633264890933409 2.21553111763092 -1.003017030529133 2.0299308646468246 -2.972400533250564 -7.0641105848197485 -46.646755456650396 58.97756066981068 4989.850527212979 -4677.816743040234 1.5004531535932488 1.6459156796430414 0.6459156796430414 2.360993643680713 2.360993643680713
0.135367713819 63.48766624167011 1009485.0258511986 19626.330131740677 6976.335996426853 2901.0209148194385 0.4110748639726041 0.5073988789123112 0.5185532657716484 63.48766624167011 0.6851247732876735 136.02302482852576 2.203678039059322 0.0 687.3532892939991 107.72879045845252 0.12005417276003338 -86.38138880081789 2.2114695490433705 6813.670340614009 -139.29347359464933 -0.15175559479440515 -0.06693351162376461 2.201909686031199 -1.0062048230866973 2.015581863058774 -2.9463308405887827 -6.934316052809371 -45.97776874102207 57.44438120870396 4809.081559889876 -4443.192762080811 1.5167849127435258 1.6577204029531087 0.6577204029531087 2.3428451762407825 2.3428451762407825
0.137032736699 61.86153477294522 900889.0589514138 18459.77943382767 6636.699963675328 2778.2398672164886 0.39313539507761275 0.4983311462318715 0.5249797396595477 61.86153477294522 0.655225658462688 133.75805926388333 2.1802053981222356 0.0 652.6224551647846 111.88577994258408 0.12090371100140401 -84.9536605602902 2.1880279061169117 6712.228404549973 -136.93386835338492 -0.15153752380934069 -0.06752865480501512 2.185998851328832 -1.005878162310217 1.9993142613148729 -2.920957833353576 -6.805596100225899 -45.17461169286884 55.901505348937356 4629.901581258848 -4218.084104523905 1.5307731928661443 1.666487345420442 0.6664873454204421 2.32171300388313 2.32171300388313
0.13871823936 60.30664850724039 803599.0929150666 17335.05583945145 6311.228538265887 2662.8328792977572 0.37531126233143136 0.4882503885492539 0.5289841785073327 60.30664850724039 0.6255187705523856 131.38450049224286 2.1545029490597183 0.0 617.8519291648371 115.65556007118032 0.12178115125188176 -83.54544840494607 2.1622991234864215 6580.504459743715 -134.46601727251084 -0.1512449964136499 -0.06811758550513058 2.1678398709705418 -1.0019825246117942 1.9811745188947985 -2.8962771766003463 -6.678149879586549 -44.24241898797821 54.35192275144303 4452.59695500142 -4002.2514628176373 1.542321100418156 1.672127826578309 0.6721278265783089 2.2976465971306945 2.2976465971306945
0.140424473704 58.82020166903729 716544.0632789986 16252.074004421058 5999.5091819884165 2554.3443079187227 0.35768293422804043 0.47718921311933177 0.5305198302977144 58.82020166903729 0.5961382237134008 128.90805175303294 2.126658054011115 0.0 583.2252398322782 119.03256756034564 0.12268730744179097 -82.1565130245038 2.1343700154166623 6424.101965751931 -131.89583237026096 -0.15088185574229637 -0.06869984442485845 2.147488194255153 -0.9944924866843717 1.9612216102288735 -2.872282995552667 -6.552180394355868 -43.187138951401316 52.798708763992074 4277.45237234366 -3795.4574537500484 1.5513499705417522 1.674579405400881 0.674579405400881 2.270717629114282 2.270717629114282
0.142151694731 57.39941724123934 638740.1475241707 15210.655889086733 5701.132234612116 2452.342135080181 0.34032741455577203 0.46518761610080395 0.5295614956969391 57.39941724123934 0.5672123575929534 126.33519710338058 2.0967738532898927 0.0 548.9209571559957 122.01124975091855 0.12362295132393283 -80.78661909942149 2.1043443501918544 6248.026298773384 -129.23001216528107 -0.15045260823351267 -0.0692750101427842 2.1250132061013285 -0.9834130294097263 1.9395267104104623 -2.848967872576415 -6.427893185912613 -42.01549987994696 51.24500145846592 4104.748724787542 -3597.466692320263 1.557800848508375 1.6738075271268522 0.6738075271268522 2.2410198847198055 2.2410198847198055
0.143900160576 56.041550033166885 569285.261876467 14210.536457470269 5415.691290187956 2356.417029984073 0.32331727697523277 0.4522927057259783 0.5261063431314588 56.041550033166885 0.5388621282920546 123.67314799712233 2.0649684714235135 0.0 515.1106532871487 124.57512370593209 0.12458880843980967 -79.43553526586447 2.0723420655001066 6056.709137492103 -126.47598871233767 -0.14996239897446945 -0.06984270309227608 2.100497729885975 -0.9687802241278731 1.9161726572654993 -2.8263228542465035 -6.305494882770803 -40.73495856370239 49.69397733154583 3934.7607094068358 -3408.045687461481 1.5616356015939206 1.6698066001642462 0.6698066001642463 2.208668728456301 2.208668728456301
0.145670132551 54.74388965864967 507353.7509399301 13251.367977422322 5142.78358218685 2266.181418155777 0.30671980054197995 0.43855826825880223 0.5201742249573681 54.74388965864967 0.5111996675699666 120.92977785508185 2.0313738925273346 0.0 481.9567355414437 126.72146563572475 0.12558555431939428 -78.10303407467504 2.0384981123935066 5854.04013177892 -123.64185620449983 -0.14941697584628558 -0.07040258922726117 2.0740372755593346 -0.9506612266260408 1.8912531770416814 -2.804337468626708 -6.185191611889604 -39.35363051793518 48.14882605541646 3767.754193308657 -3226.962552067563 1.5628376079893682 1.66260042692207 0.6626004269220701 2.173800094492037 2.173800094492037
0.147461875181 53.503763429853905 452191.28401326796 12332.724696250745 4882.01035777112 2181.2685621235437 0.290596232317177 0.424044232003385 0.5118075787968897 53.503763429853905 0.48432705386196173 118.11354512446465 1.9961346326588514 0.0 449.60952107855604 128.45590518465684 0.12661381094952667 -76.78889195406745 2.002961058477629 5643.4038593104915 -120.73628931460921 -0.1488226428967514 -0.07095438331582643 2.0457391176042288 -0.9291537194826549 1.8648719595724075 -2.7829997530025077 -6.067187301209734 -37.88021005933203 46.61272469317648 3603.9837416531814 -3053.986780651639 1.5614120637422668 1.6522420962894055 0.6522420962894055 2.1365691501513675 2.1365691501513675
0.149275656246 52.318539143056014 403109.9513005742 11454.110471524413 4632.977229660625 2101.3316558077063 0.2750011885146585 0.40881613475438155 0.5010711312843169 52.318539143056014 0.4583353141910975 115.23340654372826 1.9594064454754143 0.0 418.2059377583901 129.77147673049805 0.12767414355063122 -75.49288916537225 1.965891693865512 5427.720851351675 -117.76846585182064 -0.14818620264386845 -0.07149785181953393 2.015721358155896 -0.9043851349901743 1.8371417403972905 -2.762296291657065 -5.9516818620836 -36.323894824364785 45.088811815238344 3443.6909326414675 -2888.8894641276784 1.5573860439647986 1.638813617604684 0.6388136176046839 2.0971489317957817 2.0971489317957817
0.151111746818 51.18562777345802 359483.5693130572 10614.961265049253 4395.294520292597 2026.0429373247487 0.2599822089436082 0.39294433509386467 0.4880508054773168 51.18562777345802 0.43330368157268034 112.29872241136553 1.921354487049997 0.0 387.86799713233546 130.67681518471142 0.12876705769619093 -74.21480976125366 1.927461055459807 5209.488113383804 -114.74795807659197 -0.14751488808594687 -0.0720328153063355 1.9841115973303458 -0.8765107687402021 1.8081830079046688 -2.742212263815093 -5.838869281487577 -34.694279033850734 43.58016195738235 3287.1017473813595 -2731.442814284168 1.5508079157576653 1.6224245235995605 0.6224245235995605 2.0557282051722408 2.0557282051722408
0.152970421304 50.102486052015465 320743.20173653675 9814.651887924307 4168.577579396033 1955.0928215498982 0.24557947498907462 0.37650329615080946 0.4728525470179846 50.102486052015465 0.40929912498179105 109.31915532356268 1.8821516719997757 0.0 358.70116623909485 131.17604581465824 0.12989299680080862 -72.95444153715448 1.8878486233333998 4990.821029438326 -111.68463764158076 -0.14681628577594158 -0.07255915037338777 1.9510456965488514 -0.8457118621875738 1.7781228251159533 -2.7227315009721917 -5.728935665055144 -33.00126043937114 42.08976086236748 3134.4250744687097 -2581.420315297075 1.5417465715670604 1.6032103641932953 0.6032103641932952 2.0125094891750863 2.0125094891750863
0.154851957486 49.06661893578088 286372.88619343675 9052.499972284415 3952.4470998997294 1888.1890560941924 0.23182568461256364 0.3595707197486597 0.45560058520063096 49.06661893578088 0.3863761410209394 106.30456550383286 1.8419767262215703 0.0 330.7941511570267 131.2782265416448 0.13105233999895805 -71.711575983449 1.8472401890879993 4773.493263992978 -108.58856426885555 -0.1460982503332002 -0.07307679104860884 1.916666308934152 -0.8121929248079263 1.7470934364497364 -2.703836553341844 -5.622057227967601 -31.254931057438945 40.62048192949368 2985.850882544204 -2438.5965274309647 1.5302901679132126 1.5813304673635682 0.5813304673635683 1.9677066083845078 1.9677066083845078
0.156756636563 48.075581959182344 255905.58114572286 8327.770613474531 3746.5294136289344 1825.0559023643268 0.21874609019847108 0.34222666560594345 0.4364354195710283 48.075581959182344 0.3645768169974518 103.26490396940926 1.8010122365684802 0.0 304.2176958812765 131.00149292719922 0.13224540043040423 -70.48600823415853 1.8058257098098611 4558.975032165053 -105.4698757991288 -0.14536881324612588 -0.07358572966107278 1.8811213800606295 -0.7761787350223597 1.715230862352409 -2.6855087646000992 -5.518398320210095 -29.465469244760172 39.17506425579885 2841.5487866795597 -2302.747024515843 1.5165445630631778 1.5569653417182372 0.5569653417182372 1.9215421587156891 1.9215421587156891
0.158684743193 47.12698346069372 228919.3168528968 7639.682785459647 3550.45676848917 1765.4333435234148 0.2063586783890926 0.32455272866090745 0.4155117253366942 47.12698346069372 0.3439311306484877 100.21010658329158 1.7594428559851818 0.0 279.02516627848524 130.35075165422106 0.1334724239376089 -69.27753701384535 1.7637973163294127 4348.469661541069 -102.33868906964508 -0.14463608654399046 -0.07408601717812764 1.8445627250899443 -0.7379112982212039 1.682673587702204 -2.6677283541010732 -5.418109476405529 -27.64304257939422 37.756092631359834 2701.667309708759 -2173.6486272336588 1.5006315944414566 1.5303139705727027 0.5303139705727026 1.8742451012211903 1.8742451012211903
0.160636565534 46.2184866926327 205033.56133480332 6987.411317605582 3363.8675883183187 1709.076321642581 0.19467448740876253 0.3066310393422058 0.39299566163636473 46.2184866926327 0.32445747901460426 97.14999056020312 1.717453140650969 0.0 255.25266198683875 129.34839091618727 0.13473358818574582 -68.08596458331554 1.7213469489630104 4142.946023941653 -99.20498109314656 -0.1439081647597473 -0.07457776301043954 1.8071443426062286 -0.6976459854594153 1.6495609978124748 -2.650474505881475 -5.321325586563509 -25.79769092326751 36.36597977599827 2566.3324817385196 -2051.0790616071254 1.4826868635916244 1.5015903322983468 0.5015903322983468 1.826047811312951 1.826047811312951
0.16261239529 45.34781179059432 183905.79248743397 6370.093457154313 3186.4067182049403 1655.754004004556 0.18369803993590955 0.2885434721166822 0.36906247146535376 45.34781179059432 0.3061633998931826 94.09415588359323 1.6752258713585362 0.0 232.91932880589223 128.01333359930572 0.1360290021927536 -66.91109667987303 1.6786644966531066 3943.169680382359 -96.07849955731459 -0.1431930271878211 -0.075061134312865 1.7690210318534454 -0.6556481738290912 1.6160321318011515 -2.6337254631037483 -5.2281642202643335 -23.93923865717723 35.00695107368197 2435.6477412526006 -1934.8173085350913 1.4628576319602629 1.4710202936920687 0.4710202936920686 1.7771836935852512 1.7771836935852512
0.164612527752 44.51273762163987 165228.2722956472 5786.832323897092 3017.7256564198624 1605.2490808580878 0.17342786994805787 0.27037076642353847 0.3438937476848147 44.51273762163987 0.2890464499134298 91.05189354672467 1.6329401975982445 0.0 212.02877410341085 126.36012870354563 0.1373587062654769 -65.75274245930915 1.6359357710560827 3749.7301729588294 -92.96866485703512 -0.14249844283315366 -0.07553635479585488 1.7303468810549243 -0.6121894381650317 1.5822243139584264 -2.6174586273174913 -5.1387241521680815 -22.077198245557888 33.68103197272124 2309.693489734345 -1824.6435691450395 1.4413004311414943 1.43883807022627 0.43883807022626997 1.7278845201396997 1.7278845201396997
0.166637261843 43.71110348984106 148725.02331572585 5236.7010198774105 2857.4827583404167 1557.3570940361046 0.16385712598012767 0.2521917278926271 0.31767476423527863 43.71110348984106 0.27309520996687947 88.03210166783276 1.5907699742021582 0.0 192.5699411950007 124.41556323990665 0.13872267232180605 -64.61071443316794 1.593340697699513 3563.065727270665 -89.8844844607105 -0.1418318813828604 -0.07600370309231086 1.6912738774594709 -0.5675438830085442 1.5482719125514164 -2.6016506611140917 -5.053084164840089 -20.220685862702464 32.390038174366346 2188.5270884032393 -1720.339370348961 1.4181786674925916 1.4052827683414413 0.4052827683414414 1.6783779783083208 1.6783779783083208
0.168686900164 42.940810708565735 134148.99793111483 4718.74701004505 2705.343436929492 1511.8857974386833 0.15497422367223906 0.23408251228560928 0.2905919181572961 42.940810708565735 0.2582903727870651 85.04321157923161 1.5488822909443614 0.0 174.5184470635019 122.20121468544872 0.14012080458424975 -63.48482840361343 1.551051728133454 3383.4853726852302 -86.83447957302117 -0.14120043208640223 -0.07646351071533783 1.6519506433405189 -0.5219846681649657 1.5143052276930549 -2.586277593309434 -4.971302152305196 -18.37834901710255 31.13556865166513 2072.1832193358723 -1621.687757893164 1.3936602705534538 1.3705950693143625 0.37059506931436237 1.6288854421014274 1.6288854421014274
0.170761749036 42.199824031904605 121279.43834517573 4231.996326156783 2560.98033194136 1468.6545490120736 0.14676352885853763 0.21611598498453255 0.26283029424927584 42.199824031904605 0.24460588143089607 82.09312405828712 1.507436175680172 0.0 157.83838719335526 119.73369510305376 0.14155294060904572 -62.37490339906281 1.5092324554725463 3211.1884773714064 -83.82662259706338 -0.14061073339583133 -0.07691615965765058 1.61252129125761 -0.47578073518421227 1.480449497964442 -2.5713149254662633 -4.893414582030699 -16.558304615969867 29.919001488530146 1960.6744875744807 -1528.4735112103049 1.367915409826714 1.3350140704588267 0.33501407045882664 1.5796199518897227 1.5796199518897227
0.172862118549 41.48617294532536 109919.4188840399 3775.456070227578 2424.0734689067644 1427.4937340308977 0.13920604762414948 0.19836108454745727 0.23457122844005399 41.48617294532536 0.23201007937358248 79.18915696594891 1.4665813078136365 0.0 142.4838067569806 117.04467198584415 0.14301885263651676 -61.2807616035168 1.4680362693853304 3046.2814259963643 -80.86827701641778 -0.14006891489200962 -0.0773620796835098 1.573124294737903 -0.4291935357846084 1.446823918383551 -2.556737738734425 -4.819436327212992 -14.76807908568799 28.741492460303323 1853.9919246204427 -1440.483165396441 1.3411142153643205 1.2987741244826463 0.2987741244826464 1.530784203856229 1.530784203856229
0.174988322607 40.79795281305386 99893.5680008181 3348.1193353381136 2294.310405209103 1388.2442190585698 0.13228010895777237 0.18088240289640584 0.20599036353605396 40.79795281305386 0.22046684826295396 76.33800429654164 1.426457211799008 0.0 128.4000643869096 114.15689978603238 0.14451824921642148 -60.20222828678493 1.4276055256199245 2888.7929239248997 -77.96616393919666 -0.13958055375392128 -0.07780174536870638 1.5338916900157227 -0.3824744947250655 1.413540985345279 -2.5425207999743815 -4.749360909594514 -13.014574742817224 27.60397622595112 1752.1062412611523 -1357.5054126252867 1.3134248417527687 1.2621023139929468 0.26210231399294676 1.4825691622559007 1.4825691622559007
0.177140678976 40.13332587953998 91045.95628274964 2948.968841226849 2171.3863475763146 1350.7568357072655 0.12596201506806137 0.16373980663677792 0.1772558442771934 40.13332587953998 0.2099366917801023 73.54570675513995 1.3871925360572956 0.0 115.52613273812227 111.08654542549282 0.14605077708073014 -59.139131731171204 1.3880708281714664 2738.6870032457905 -75.12633451559962 -0.139150645127287 -0.07823567294584527 1.4949483497145528 -0.3358626636758241 1.3807059055505901 -2.528638666177908 -4.683161096464292 -11.304041687964133 26.507169960187163 1654.9690310923554 -1279.3313638501381 1.2850116579344504 1.2252161065139473 0.2252161065139473 1.4351527982940495 1.4351527982940495
0.179319509327 39.49052213573556 83238.15201200492 2576.978400933687 2055.0042601213895 1314.8918938421987 0.12022665641156005 0.14698803831337748 0.14852652008667583 39.49052213573556 0.20037776068593344 70.81763338933295 1.3489042807726093 0.0 103.79573151602129 107.86670670080407 0.1476160232303217 -58.09130315940963 1.3495502844943255 2595.87363562316 -72.35414098079421 -0.13878358848495115 -0.07866441700342701 1.456411243674867 -0.2895823670253248 1.348415980492131 -2.515065786547827 -4.620789896759351 -9.642047924625235 25.451579207232836 1562.5136769666494 -1205.7545409001975 1.2560334829889337 1.188321020369883 0.18832102036988307 1.3886987810558165 1.3886987810558165
0.181525139292 38.86784002559709 76347.43031507332 2231.1184187604235 1944.8749523010183 1280.5187216825864 0.11504807295427014 0.13067663796992912 0.11995093926018305 38.86784002559709 0.1917467882571169 68.1584739748442 1.3116977275172998 0.0 93.1388901261212 104.51564736103902 0.14921351719650877 -57.05857665355606 1.3121494896067527 2460.219112525703 -69.65424462081987 -0.13848318815334892 -0.07908856710960387 1.4183891842459397 -0.24384200497598016 1.3167604682262073 -2.501776600939378 -4.562181869278243 -8.033486097985561 24.437505714293987 1474.6572848737985 -1136.5714647362993 1.2266423959888229 1.1516093126199016 0.15160931261990157 1.3433561008770185 1.3433561008770185
0.183757898505 38.263647025113556 70265.13054664781 1910.3573399249399 1840.7171528984882 1247.5152332864182 0.11039995638454896 0.11484974024479544 0.09166615404836179 38.263647025113556 0.1839999273075816 65.57224137115004 1.2756660813559435 0.0 83.48373614450907 101.05361827127325 0.15084273344074373 -56.040789081021146 1.2759612365156918 2331.5538618795995 -67.0306099305804 -0.13825266726148655 -0.07950874439145625 1.3809824042400312 -0.19883254017506977 1.2858202633285096 -2.488745634640736 -4.5072547058084265 -6.482566143750829 23.465056982761094 1391.3018738712437 -1071.5817053958249 1.1969824769324495 1.1152584247055952 0.11525842470559527 1.2992583520131769 1.2992583520131769
0.186018120657 37.67638006335367 64895.15585527324 1613.6647959327488 1742.2575650033837 1215.7675202356343 0.10625609155987475 0.09954605438998707 0.06379702225941608 37.67638006335367 0.1770934859331246 63.062282680380875 1.2408905081925408 0.0 74.75737799194444 97.50793304441264 0.15250309386033847 -55.03778001128894 1.2410656374442552 2209.6796530426996 -64.48651920072192 -0.1380946941543296 -0.07992559813959557 1.3442824197973755 -0.1547266953668323 1.2556678509825938 -2.475947588243341 -4.455911045538207 -4.992828143894773 22.534157255566196 1312.3360194950753 -1010.5881921640871 1.167188933864251 1.0794300700192456 0.0794300700192456 1.2565235559523702 1.2565235559523702
0.188306143541 37.10454581101882 60152.60406774806 1340.014835038647 1649.2309049864957 1185.1694673455995 0.1025907304773157 0.08479893837713258 0.036455817908715826 37.10454581101882 0.17098455079552619 60.631298473038726 1.2074403687042419 0.0 66.88725583235657 93.89538946931 0.15419397036366708 -54.0493916368313 1.2075304503439905 2094.375863950215 -62.0245971283663 -0.13801141827868488 -0.08033980246598316 1.3083720450258702 -0.11167857712824909 1.22636740159871 -2.463357422628887 -4.408040421165223 -3.5671650703697733 21.644559668483748 1237.636589966164 -953.3975568864322 1.1373874942303441 1.0442697218129269 0.044269721812926904 1.215254272608453 1.215254272608453
0.190622309106 36.54672081923546 55962.524553507224 1088.388024580684 1561.3799258772465 1155.6223897721693 0.0993789029238045 0.07063648347938678 0.00974195895596397 36.54672081923546 0.1656315048730075 58.28136878019707 1.1753734638289715 0.0 59.802197648266336 90.23479107660981 0.155914687486145 -53.0754686879625 1.1754114207349697 1985.4045662927058 -59.64683595869347 -0.13800451406046726 -0.08075205306800125 1.2733254367008129 -0.06982344005828173 1.197974882906272 -2.4509504382813874 -4.363521290201949 -2.2078459805290223 20.795859282083914 1167.0702784537277 -899.8203353756445 1.1076939318278054 1.0099062537926558 0.009906253792655806 1.1755377586656632 1.1755377586656632
0.192966963508 36.00155152549002 52258.79217657473 857.773692673627 1478.455426296765 1127.0346906927964 0.09659666434737542 0.057081674132830856 -0.016258004663895015 36.00155152549002 0.16099444057895904 56.0139848086659 1.144736435915064 0.0 53.433140676020734 86.54692897504796 0.15766452502031486 -52.11585834827963 1.1447527800957822 1882.5149526346804 -57.354628130373825 -0.1380752300285869 -0.08116306412271906 1.239208262038845 -0.029277806530477152 1.1705382845557986 -2.438702348961497 -4.322223071492654 -0.9165467106015432 19.98750673209517 1100.4951854439646 -849.6712020022196 1.078213821459886 0.9764519180571827 -0.02354808194281735 1.1374463586361416 1.1374463586361416
0.195340457159 35.46775411597534 48983.09150326349 647.1725118236413 1400.216244779746 1099.3215372099867 0.09422128642912386 0.04415263118555789 -0.04147013281598076 35.46775411597534 0.15703547738187312 53.83008515471698 1.1155653445658924 0.0 47.71382465444587 82.84765129285374 0.15944272062001758 -51.1704101700184 1.1155879161418745 1785.4472683577978 -55.14880678002019 -0.13822444124385275 -0.08157356535039846 1.2060780013872685 0.009860040096680131 1.1440979676838292 -2.4265893492639115 -4.284008135349325 0.3056115253475342 19.218822248874453 1037.7624696145806 -802.7692619061311 1.0490425240053953 0.944002673001714 -0.05599732699828597 1.1010381503835873 1.1010381503835873
0.197743144782 34.944114255871746 46084.00229255628 455.59845363932027 1326.4292359299525 1072.4045533060146 0.09223139278833044 0.03186286734573247 -0.0658327285477507 34.944114255871746 0.15371898798055073 51.7300954130329 1.0878862594328 0.0 42.58142549357061 79.15170118452244 0.16124847237545722 -50.23897598555808 1.087940054237721 1693.936053060572 -53.02968646361489 -0.1384527023112771 -0.08198429926471902 1.173984278818055 0.047509430161442524 1.1186870328829892 -2.414588176148854 -4.248733676385378 1.458023198328569 18.489009810331318 978.717846430306 -758.9382630027229 1.0202652908375043 0.9126386524685198 -0.08736134753148021 1.0663576404490704 1.0663576404490704
0.200175385463 34.42948668450889 43516.180810886995 282.08045977357415 1256.8692388644924 1046.2115279122597 0.09060704923205871 0.02022156506460547 -0.08929585427429704 34.42948668450889 0.15101174872009787 49.713970234066586 1.061715894445801 0.0 37.97684502480748 75.4758434137915 0.1630809413205515 -49.321409819684504 1.0618229727246755 1607.7128653221382 -50.99710499427402 -0.1387602999578566 -0.08239601863331102 1.142969236507812 0.08360653183807963 1.0943317229775644 -2.402676164289761 -4.216253453000278 2.540558278410766 17.797171224752187 923.2029849324125 -718.0067725629619 0.991957487787714 0.8824247872461186 -0.11757521275388136 1.0334365359662165 1.0334365359662165
0.202637542704 33.92279468176151 41239.62796132831 125.66469425558307 1191.3190253193732 1020.6761366828811 0.08932981141766176 0.009233930068943097 -0.11182061676184757 33.92279468176151 0.14888301902943626 47.78123666188423 1.0370624022675887 0.0 33.845000661398856 71.83179000315519 0.1649392538638349 -48.417567800704504 1.037241869164386 1526.508831096013 -49.05047180615728 -0.139147302917871 -0.08280948416021731 1.1130680284874122 0.11810325213295925 1.0710519384530872 -2.390831295355567 -4.1864193407197705 3.553515335266992 17.14231995737309 871.056983347888 -679.8084381463732 0.9641850094579759 0.8534117258572893 -0.14658827414271064 1.0022947448867257 1.0022947448867257
0.20512998448 33.423029406976305 39219.03843331689 -14.58418880837462 1129.569240443109 995.737675847073 0.08838273851542214 -0.0010984963079734731 -0.13337849329982568 33.423029406976305 0.14730456419237023 45.93103812025937 1.0139260708925446 0.0 30.135064443131395 68.2300176205794 0.1668225041294667 -47.52730806930464 1.014194118957985 1450.0565865978085 -47.188810678221344 -0.13961360852904686 -0.08322546240148576 1.084309262657132 0.1509662185522818 1.0488616932976187 -2.3790322412895093 -4.1590826984490405 4.497580089532335 16.52339454360095 822.1175718792157 -644.1821111731596 0.9370046984647618 0.8256367031405547 -0.17436329685944535 0.972941267332925 0.972941267332925
0.207653083289 32.92924911682397 37423.22374729977 -139.5816446646436 1071.4183291115705 971.3408068378207 0.08775037836483744 -0.010777497739365703 -0.15395055551686815 32.92924911682397 0.1462506306080624 44.162178097785755 0.9923000750911943 0.0 26.800426375296784 64.68351647361744 0.16872975618665767 -46.65049069014224 0.9926700786477711 1378.0920050443142 -45.41080390752042 -0.14015898513782468 -0.08364472391697234 1.0567154903831304 0.18217562307261473 1.0277696124472673 -2.3672584018135288 -4.134095536973433 5.3737823195952545 15.939271456972806 776.2222769907277 -610.9719882463296 0.9104648597750681 0.7991245415887579 -0.2008754584112421 0.9453751721968203 0.9453751721968203
0.210207216213 32.44057826099325 35824.60291605876 -250.22163069067255 1016.6724487168091 947.4353100987486 0.08741873047669571 -0.019807813896913395 -0.17352659455120859 32.44057826099325 0.1456978841278262 42.473162863098764 0.9721712895766177 0.0 23.79864881887544 61.20113550917593 0.17066004617426705 -45.78697755843692 0.9726539405201784 1310.3557655227862 -43.71483800537342 -0.14078311004277322 -0.08406804166411763 1.0303037471149172 0.21172393045087087 1.0077794750159312 -2.355489936251776 -4.111311496674519 6.183451049738008 15.388777325375342 733.2095567255805 -580.0277789998315 0.8846058629870911 0.7738887804901002 -0.2261112195098997 0.9195866646179265 0.9195866646179265
0.212792764973 31.956206464674118 34398.75396967612 -347.3753485553168 965.1453757362019 923.9758470633651 0.08737519088086534 -0.02819678807022113 -0.19210425627584746 31.956206464674118 0.14562531813477558 40.8622429318078 0.953521061858928 0.0 21.091474001984142 57.78901149727617 0.17261238429951822 -44.93663230921851 0.9541245372331786 1246.594630321929 -42.0990463515907 -0.14148560252717549 -0.0844961896280689 1.0050860753158597 0.23961461170217938 0.988890734695246 -2.3437077900342755 -4.090586635731306 6.928172593359112 14.870700413238685 692.919787272243 -551.2048220331351 0.8594607571810841 0.7499327925881631 -0.25006720741183686 0.8955581107229387 0.8955581107229387
0.215410115982 31.475387402587522 33124.02142797929 -431.89061855250975 916.6583967046397 900.9217291813588 0.08760848585063025 -0.0359540627584504 -0.209688266649342 31.475387402587522 0.14601414308438376 39.32745243552882 0.9363258764350417 0.0 18.644612446685507 54.45579276025043 0.17458575671282314 -44.09932022736988 0.9370560294909676 1186.562364999441 -40.561345852570476 -0.1422660526520619 -0.08492994168309016 0.9810699843423705 0.26586101894588504 0.9710989717910286 -2.3318937161713853 -4.071780061168375 7.60975443596778 14.383801309329176 655.196034605115 -524.3641081503479 0.8350558412579867 0.7272507848162042 -0.2727492151837958 0.873264927900588 0.873264927900588
0.218059660408 30.997437563338472 31981.173649794924 -504.5905500286224 871.0401919790884 878.2366926887455 0.08810859766027522 -0.043091220814613605 -0.22628952426991944 30.997437563338472 0.14684766276712538 37.86664634869584 0.9205581384972059 0.0 16.427502191589834 51.207295388704225 0.17657912726367425 -43.274908153921984 0.9214187043207147 1130.0207316665903 -39.09947764861741 -0.14312404587338975 -0.08537007068369924 0.9582589967853522 0.290485065482504 0.9543964285468778 -2.3200302918579467 -4.054754414450191 8.230184919754759 13.926822781502455 619.8849006511905 -499.37239745730005 0.8114113340182268 0.7058289704947263 -0.29417102950527374 0.8526766332618516 0.8526766332618516
0.220741794231 30.52173491582301 30953.10471184489 -566.2728354591154 828.1267115075084 855.8886785574092 0.08886668551096474 -0.04962147966604389 -0.24192430371856383 30.52173491582301 0.1481111425182746 36.4775353028613 0.9061868387997107 0.0 14.413165189268314 48.04756806987199 0.17859143912789055 -42.46326439530136 0.9071796479326417 1076.7401715688163 -37.71104146941437 -0.1440591837803065 -0.08581734777071187 0.9366531230772869 0.3135160747384208 0.938772468480167 -2.3081009306905385 -4.039376229744992 8.791599155631989 13.498498777178195 586.8371613943284 -476.1022444237017 0.7885419805590123 0.6856465987883329 -0.31435340121166716 0.8337577413066075 0.8337577413066075
0.2234569183 30.0477174794746 30024.576429352062 -617.7091379255914 787.7610385941366 833.8496166863929 0.08987500593422852 -0.055559401140605404 -0.2566134928076098 30.0477174794746 0.14979167655704753 35.15771761547357 0.8931781837494377 0.0 12.577907677358501 44.98111217770675 0.1806216163113125 -41.66425863309988 0.8943033778472056 1026.500350019739 -36.39352739271416 -0.14507110177289503 -0.08627254188487982 0.9162493196259628 0.3349896803590656 0.9242140157614445 -2.296089890745781 -4.025516195117935 9.296247435503656 13.097562564860365 555.9083112504767 -454.4320046549208 0.7664576430689152 0.6666769404531024 -0.33332305954689756 0.8164686170101499 0.8164686170101499
0.226205438396 29.574881803599403 29181.99557454972 -659.6444326987394 749.7932496697465 812.0952136829277 0.09112683404616691 -0.06092060588319351 -0.2703818412903069 29.574881803599403 0.15187805674361152 33.904708729027234 0.8814962154533046 0.0 10.901079520503465 42.01058105756885 0.18266856504131365 -40.87776183240076 0.882752459731409 979.0906219988742 -35.14434613628316 -0.1461594839243566 -0.08673641947694996 0.89704194572929 0.3549467430209232 0.9107059906226332 -2.28398227884886 -4.013049328961705 9.746465025079303 12.722754025541212 526.9590491715255 -434.24584307708903 0.7451638889856785 0.6488882587815251 -0.3511117412184749 0.8007663155251367 0.8007663155251367
0.228987765288 29.102781363240354 28413.22236183421 -692.7966486986198 714.0802639919522 790.6047437940474 0.092616388280736 -0.06572152401090577 -0.283257295254955 29.102781363240354 0.15436064713456 32.71596777958382 0.871103351879605 0.0 9.364806498598305 39.13854536460952 0.1847311750380125 -40.10364615362909 0.8724880406790357 934.310323007746 -33.96085499026714 -0.14732407569446374 -0.08720974440028538 0.8790231728719974 0.3734323938375792 0.8982316941406433 -2.2717640514125725 -4.001855094650712 10.14464625801267 12.37282611477866 499.85563530759737 -415.4336952048714 0.7246625257374373 0.6322446699583804 -0.3677553300416196 0.7866053170929403 0.7866053170929403
0.231804314801 28.631024873787588 27707.406162508945 -717.8562249282534 680.4856880845518 769.3608424192649 0.09433875958563157 -0.06997914879618893 -0.2952703448591333 28.631024873787588 0.1572312659760526 31.588921477659742 0.8619609211169194 0.0 7.953721509958608 36.36624080838929 0.1868083206902983 -39.34178486128506 0.8634703731342778 891.9690133916849 -32.84038258332957 -0.14856469483701137 -0.08769327797704099 0.8621833943200261 0.39049509529668236 0.8867731912846035 -2.259422012084972 -3.9918174653970904 10.49321974335258 12.046550524993595 474.4702063474074 -397.8912356143646 0.7049521283439735 0.616706986094366 -0.383293013905634 0.7739382520704187 0.7739382520704187
0.234655507873 28.159274534580344 27054.844956776946 -735.4859449274168 648.8796548560002 748.3493021112846 0.09628984618455838 -0.07371082690119671 -0.3064534615353385 28.159274534580344 0.16048307697426398 30.520985340536747 0.8540296154389255 0.0 6.654729873646907 33.69460158672319 0.1888988621220125 -38.592052237921486 0.8556592566998741 851.8865746888371 -31.780249491263206 -0.14988124090844168 -0.08818777922101603 0.8465115855077013 0.4061858333115863 0.8763116424879366 -2.2469438066372045 -3.9828249527497515 10.794627699408032 11.742722585497392 450.68097657618347 -381.5198032654166 0.6860285085334373 0.6022334427314855 -0.3977665572685145 0.7627165197057495 0.7627165197057497
0.23754177062 27.68724420366601 26446.865346961113 -746.3207675543753 619.1386563731784 727.5588707030012 0.09846629477837789 -0.07693405966240699 -0.31684056929183463 27.68724420366601 0.1641104912972965 29.50958231445211 0.847269922005462 0.0 5.45673175250096 31.12434885971567 0.19100164617461393 -37.85432349681512 0.849014454837533 813.89325134291 -30.777787109298856 -0.15127370376599852 -0.08869400520852351 0.831995652043957 0.4205573568386531 0.8668276213112248 -2.2343179153016868 -3.9747706099080338 11.0513069974243 11.460165442973318 428.3723899714975 -366.22632339963184 0.6678851607466604 0.5887803822082249 -0.411219617791775 0.7528908735055218 0.7528908735055346
0.240463534398 27.214697511819047 25875.720066753063 -750.9677120670104 591.1453723660678 706.9810515676311 0.10086544803044473 -0.07966631959956831 -0.32646655915525513 27.214697511819047 0.1681090800507412 28.5521589844383 0.8416425208954861 0.0 4.3504218217403645 28.654278895776955 0.19311550730452684 -37.128474697354385 0.843496077832073 777.829629281393 -29.83035447393494 -0.15274217119006395 -0.08921271158313647 0.818622758466997 0.43366347871596894 0.8583014116245633 -2.221533642907506 -3.967552014015612 11.265672237435055 11.197733568957753 407.4352169881598 -351.9232185328061 0.6505136784162557 0.5763028812225299 -0.42369711877747007 0.744411961273275 0.7444119612736488
0.243421235871 26.74144592077512 25334.500481924457 -750.0060401330475 564.7884948044021 686.609905965897 0.10348529886931855 -0.0819249074637913 -0.3353669038000081 26.74144592077512 0.17247549811553092 27.646199492478097 0.8371085943155229 0.0 3.328079038442095 26.28434297333505 0.19523926841412 -36.41438266038988 0.8390648770895794 743.5464834641589 -28.935350900687254 -0.15428683594254133 -0.08974465318389116 0.8063796001401377 0.4455585229948352 0.8507132466119525 -2.2085811070611827 -3.961071235555317 11.440102995257945 10.954315643553521 387.7665484198471 -338.528275015933 0.6339041020246068 0.5647552490148706 -0.4352447509851293 0.7372307471304946 0.7372307471360642
0.246415317073 26.26734673297428 24817.06175697046 -743.987301138778 539.9625502255856 666.4418576202481 0.10632445167599935 -0.08372680519296517 -0.3435772732821438 26.26734673297428 0.17720741945999893 26.789237358521397 0.833630146177855 0.0 2.3833126984337945 24.0137698205244 0.19737174161243037 -35.71192488756591 0.8356825492647658 710.9046337179808 -28.09022844268982 -0.15590800244633843 -0.09029058478471934 0.7952526833230197 0.4562967701032161 0.8440435555117658 -2.1954512246656184 -3.9552347992668864 11.576931244142969 10.728836865654213 369.26978450820087 -325.9645264651908 0.6180452638630206 0.5540915239429907 -0.44590847605700934 0.7312989434042194 0.7312989434542898
0.249446225473 25.79230105776844 24317.958372145848 -733.4354351157073 516.5677171064455 646.475499628457 0.10938208921348715 -0.08508854189415083 -0.35113318822920503 25.79230105776844 0.1823034820224786 25.978865290203387 0.8311702937932735 0.0 1.510950984233261 21.83984935902183 0.1995117289248229 -35.020979481859804 0.8333120126975675 679.7747574851553 -27.292502689844397 -0.15760609297432954 -0.09085126193610638 0.7852285872625081 0.46593195500298135 0.8382731921101126 -2.182135696989309 -3.949953632969603 11.678430424985013 10.520260740383007 351.8545835978271 -314.1601275454487 0.6029251052400295 0.5442659216011208 -0.4557340783988792 0.7265694036338807 0.7265694039378965
0.252514414046 25.316251740797718 23832.388399660606 -718.8473017879489 494.5096425674001 626.7114039724546 0.11265794588910456 -0.08602611551722425 -0.35806980617028283 25.316251740797718 0.18776324314850762 25.21274324667896 0.8296934369782248 0.0 0.7068515357163471 19.761957765180984 0.20165802296641366 -34.34142506878543 0.8319175630188236 650.0370484957052 -26.539758393676976 -0.15938165364822407 -0.09142744189883319 0.7762941455474998 0.4745169615392551 0.8333835817403064 -2.1686269935271003 -3.945143011404766 11.74680968651322 10.327590393182199 335.43669449536003 -303.04816700792185 0.5885309023989921 0.5352331110765989 -0.4647668889234011 0.7229963542849966 0.7229963556400517
0.255620341339 24.839181262590685 23356.14494637912 -700.692799818675 473.6992581616828 607.1519339075484 0.1161522871167731 -0.08655487539697562 -0.36442162994405414 24.839181262590685 0.19358714519462183 24.488604895717437 0.8291655152505677 0.0 -0.032291187972699746 17.77778994753555 0.20380940757442764 -33.67314072172172 0.8314651161388086 621.5809812828395 -25.829657996230736 -0.1612353603334047 -0.09201988466120113 0.7684366855053039 0.4821033965178739 0.8293569270989363 -2.154918334859359 -3.940722496283527 11.784205221774512 10.149869459476264 319.9378564167747 -292.56653760747514 0.574849540310682 0.5269485915291376 -0.47305140847086236 0.7205357369852765 0.7205357417052761
0.258764471537 24.36110961288034 22885.573008382584 -679.4153279639299 454.0525923274465 587.801059584383 0.11986589256501189 -0.08668944835404746 -0.3702223186608638 24.36110961288034 0.19977648760835315 23.80426258423607 0.8295541689474895 0.0 -0.7089943222318484 15.884869406732285 0.20596465841652056 -33.016005889913366 0.8319223569070722 594.3049576714236 -25.159946145286916 -0.16316802404057892 -0.09262935403127197 0.7616442030617172 0.48874131545517807 0.8261763495363319 -2.1410036747126995 -3.936615862207369 11.792675606833818 9.986182596072124 305.2856111404418 -282.65775849704124 0.5618677154533641 0.5193689364158349 -0.4806310635841651 0.7191454249291134 0.7191454384047831
0.261947274537 23.882092146381677 22417.531113604957 -655.432343383373 435.49058454049384 568.664177265442 0.12380004540450355 -0.08644368279032141 -0.3755045475407195 23.882092146381677 0.20633340900750594 23.157611051545622 0.8308288614667865 0.0 -1.325178110441396 14.081225574539745 0.2081225435947072 -32.369900327186016 0.8332588501306686 568.1159086374699 -24.52845240714187 -0.16518059647032526 -0.09325661879727853 0.7559055112186723 0.49447901830857727 0.8238260042043686 -2.1268776813892076 -3.93275102358037 11.77419894362452 9.83565565857685 291.4130804824509 -273.2687846210006 0.5495721022111665 0.5124519745270055 -0.4875480254729945 0.7187853861244127 0.7187854188396059
0.265169226014 23.402217425753523 21949.356256185773 -629.1357132049156 417.93889820940467 549.7479325303475 0.12795652471128027 -0.08583057015455703 -0.38029982213794933 23.402217425753523 0.21326087451880046 22.546629999507786 0.8329610523808512 0.0 -1.8821985150227847 12.363246383795365 0.21028182423240804 -31.734704025966195 0.83544620248122 542.928955014069 -23.933095543917467 -0.16727417515242593 -0.09390245395026223 0.7512104205469935 0.4993627750339906 0.8222912284110486 -2.112535718715446 -3.9290599483474122 11.730668430396143 9.697455586566525 278.2587806457875 -264.35084651972795 0.5379495460281931 0.5061570297591377 -0.4938429702408623 0.719417910616689 0.719417980118557
0.268430807494 22.921605059349552 21478.83165037241 -600.8925800322261 401.32773430298244 531.0600479617741 0.13233760228175234 -0.08486223671952986 -0.3846384553496994 22.921605059349552 0.22056267046958725 21.969385648419642 0.8359242151198879 0.0 -2.3809743355801496 10.72989560637259 0.21244125507767125 -31.11029715262346 0.8384580719020511 518.6669052518507 -23.37188191106896 -0.16945000859278017 -0.09456764196087138 0.7475498156076403 0.5034367928680201 0.8215585857117289 -2.097973826706312 -3.925478568410629 11.663893809965124 9.570790034850026 265.7663196001687 -255.8592200346633 0.5269871451380531 0.5004449508491338 -0.49955504915086624 0.7210076349394804 0.7210077671048591
0.271732506426 22.440403535659268 21004.15652606838 -571.0456109583813 385.5916467973572 512.6091555949446 0.13694604309697492 -0.08354985539064566 -0.3885493721228791 22.440403535659268 0.22824340516162486 21.424031459189266 0.8396940330387458 0.0 -2.8221026820916664 9.177652716848396 0.21459958511175808 -30.496559986515507 0.8422703537091528 495.25994589988375 -22.842909934392935 -0.1717095013667794 -0.09525297411077906 0.7449158475856873 0.5067429231304438 0.821616028245881 -2.08318870195678 -3.9219466842210253 11.575596736343595 9.454906787231758 253.88422354722195 -247.75308465372615 0.5166724424240624 0.49527836320550844 -0.5047216367944916 0.723521794607502 0.7235220236591056
0.275074816255 21.958788065102052 20523.91708269399 -539.9138550535117 370.6693573337959 494.40463476732043 0.14178510668022623 -0.081903639815332 -0.392060098375147 21.958788065102052 0.2363085111337104 20.9088080951784 0.8442484127585634 0.0 -3.205790999948425 7.703012462057985 0.2167555581859621 -29.893372862328427 0.8468611872405873 472.6451531310633 -22.344367933709066 -0.17405421863578058 -0.09595925186758794 0.7433020037458793 0.5093206438514838 0.8224529359875626 -2.0681776780263457 -3.9184078519174013 11.467412780536758 9.349092985138476 242.56563407126927 -239.99529986408876 0.506993492612169 0.4906216831592344 -0.5093783168407656 0.7269302403839251 0.7269306074331482
0.278458236495 21.476958432070415 20037.058964615673 -507.7935208302354 356.5035744224079 476.45645569697564 0.1468585538458074 -0.0799328324905503 -0.395196744565382 21.476958432070415 0.244764256409679 20.422042763862834 0.849567511844297 0.0 -3.532043036986872 6.304595625039516 0.21890791368782112 -29.300616116093103 0.8522109774860303 450.7660325470575 -21.87453226656379 -0.17648589121464628 -0.09668728830297267 0.7427031852854972 0.5112070313781801 0.8240601651440911 -2.052938705842625 -3.914809278713335 11.340893128242644 9.252674201229672 231.7680209789978 -232.55219577983428 0.49793892887581825 0.48644113897031827 -0.5135588610296817 0.7312054702074182 0.7312060204793739
0.281883272804 20.995136861210717 19542.86010233083 -474.95844594369817 343.04081269673577 458.77502916330565 0.15217065325543314 -0.07764564586425515 -0.3979838845212087 20.995136861210717 0.2536177554257219 19.96214802907497 0.8556338709045133 0.0 -3.8006484215360437 4.9788044825857645 0.22105538724353738 -28.71817003452623 0.8583025203036898 429.5721715825324 -21.431768894143786 -0.17900642003083508 -0.09743790955321135 0.7431158514464968 0.512436574973239 0.8264301648354537 -2.0374703341699396 -3.9111016995268897 11.197502839909337 9.165013385300336 221.45296692161625 -225.3934108767555 0.489498096020775 0.4827049269126368 -0.5172950730873632 0.7363227958746339 0.7363235750546046
0.285350437059 20.513565907472525 19040.90425454859 -441.6610521666636 330.23121559639407 441.37106285650947 0.1577261908218609 -0.07504927644807705 -0.400444600731817 20.513565907472525 0.2628769847031015 19.527620182117765 0.8624323839712846 0.0 -4.011196528453515 3.7228394656967327 0.2231967114728556 -28.145914808311154 0.8651209689347731 409.0187526712222 -21.014529270495473 -0.18161788074704358 -0.09821195631283847 0.7445380550761356 0.513041239530025 0.829556985117295 -2.021771690359695 -3.9072392533086053 11.038624791124287 9.085509706364606 211.58585158492045 -218.49166594524408 0.481661070373034 0.47938315261439646 -0.5206168473856035 0.742260299800327 0.7422613500874073
0.288860247435 20.032506369556252 18531.05489780578 -408.1329979060122 318.0283808923226 424.25542457562096 0.16353048040300291 -0.07214987262347866 -0.4026004286492162 20.032506369556252 0.27255080067167153 19.117037267197894 0.8699503720224553 0.0 -4.163136703567552 2.5340967528987184 0.22533061679508304 -27.583730488540965 0.8726539028098397 389.06617800125997 -20.621349580602995 -0.18432252830188894 -0.0990102853675158 0.7469695442675994 0.5130503760832671 0.8334363527979718 -2.005842461282194 -3.903179352892742 10.86556026083071 9.013597313097902 202.13560720553767 -211.82258489844844 0.47441874359592784 0.4764479025995535 -0.5235520974004465 0.7489989242541729 0.7490002806753878
0.292413228479 19.552235237666455 18013.429431266 -374.58605270539056 306.38918932781485 407.4390128478081 0.16958937562751664 -0.06895253784496654 -0.40447138132587623 19.552235237666455 0.28264895937919443 18.729056819779334 0.8781775780533181 0.0 -4.255788862000413 1.4100879129609996 0.2274558322976553 -27.031496948443497 0.8808913196241386 369.67964388823754 -20.250847279978686 -0.18712280140398993 -0.0998337711545088 0.7504118101201726 0.5124907521957495 0.8380656939295297 -1.9896828746975164 -3.8988825502355215 10.67953221870033 8.948744031423253 193.07443379369784 -205.36448944950024 0.4677628507409781 0.47387321219977896 -0.526126787800221 0.756522458995703 0.7565241464190471
0.296009911189 19.073043674026408 17488.373712107146 -341.21277927415963 295.27363681427727 390.93263506153244 0.17590928303115974 -0.06546129985165854 -0.4060759004572556 19.073043674026408 0.29318213838526624 18.362413379524718 0.8871062379280106 0.0 -4.288370043714827 0.34776785668369564 0.2295710866706505 -26.489093848218005 0.8898257026389702 350.8287972908897 -19.90171993963608 -0.19002132711416217 -0.10068330735914761 0.7548681827561533 0.511386471224128 0.8434442059694904 -1.9732936809184252 -3.894312399446299 10.481686308028221 8.89045001646845 184.37756350847002 -199.09822577223764 0.4616860443708871 0.4716351283372624 -0.5283648716627376 0.7648176260866384 0.7648196571794968
0.299650833097 18.595235035536682 16956.43680359197 -308.1874461318864 284.6446698961541 374.74689357001915 0.1824971747459425 -0.06167911957773912 -0.40743089498155727 18.595235035536682 0.30416195790990413 18.01591585163594 0.8967310629283469 0.0 -4.259965073703569 -0.655333932165799 0.23167510922654042 -25.95640060342592 0.899452001437655 332.4873468765464 -19.572741220341257 -0.19302092520753594 -0.10155980853757987 0.7603438667074002 0.5097590231690345 0.8495728698887128 -1.956676134974649 -3.8894353122397836 10.273094695324442 8.838246373347623 176.02298523695413 -193.0069643750635 0.45618190879749604 0.4697116594084997 -0.5302883405915003 0.7738740511487568 0.7738764253785805
0.303336538344 18.119122940491263 16418.346296631964 -275.666812272514 274.46802619698695 358.89207991795917 0.1893606034269713 -0.057607877346205996 -0.4085517325130078 18.119122940491263 0.31560100571161886 17.688444742735946 0.907049273198611 0.0 -4.169599232194417 -1.601521234281054 0.23376663098895564 -25.43329635946602 0.9097676633273487 314.6327417368902 -19.262758332030494 -0.19612461295417688 -0.10246421176814491 0.7668460086604656 0.5076272635323055 0.8564544956446285 -1.939831979245269 -3.884220419235272 10.054758446670796 8.791693759679054 167.99120461715262 -187.07602328832343 0.4512450029488468 0.468082785932625 -0.531917214067375 0.7836842991586334 0.7836870027757259
0.307067577765 17.645029383092325 15874.98389456597 -243.790896621191 264.7120778246244 343.3780773771451 0.19650771524995783 -0.05324835349493489 -0.4094522155442373 17.645029383092325 0.32751285874992975 17.378949330572823 0.9180606432056926 0.0 -4.0161753757776015 -2.4937506832610077 0.23584438588044493 -24.919659968462888 0.9207726769480282 297.24589405426224 -18.97068980367213 -0.19933560951906484 -0.1033974783304912 0.7743837706654492 0.5050073703997127 0.8640937743874366 -1.9227634265846911 -3.8786394211305417 9.827609585921298 8.750380980515555 160.2650186159905 -181.29269922742571 0.44687091191551936 0.46673049089259533 -0.5332695091074047 0.7942439267215956 0.7942469335706805
0.310844508972 17.17328290082591 15327.36174726575 -212.68391280729463 255.34768028569835 328.2142719810627 0.20394726457451798 -0.04860024326263135 -0.41014463624957775 17.17328290082591 0.33991210762419666 17.086444795852355 0.9297674713746189 0.0 -3.7985170363240224 -3.333826387699914 0.23790711200322812 -24.415369971168154 0.9324695415753682 280.3108889113636 -18.695520875509033 -0.20265734078402692 -0.10436059540848346 0.782968352033196 0.5019129184996344 0.8724972795209034 -1.9054731440190276 -3.872666446918086 9.59251554257721 8.713923585166478 152.82926320825038 -175.64608129139913 0.44305624440899943 0.4656386886706386 -0.5343613113293614 0.805551435693636 0.8055547086824518
0.314667896432 16.704216797193848 14776.5993771133 -182.4549453553002 246.34802523890642 313.4094721218408 0.2116886271674343 -0.04366211655634865 -0.4106397066695663 16.704216797193848 0.3528143786123905 16.810009344782678 0.9421746719428242 0.0 -3.5153646803746663 -4.124309327875392 0.23995355301177532 -23.92030458436446 0.944863357183966 263.8148297560772 -18.43630247664234 -0.2060934440155034 -0.10535457781703712 0.7926130899364485 0.4983547671335527 0.8816735482292193 -1.8879642370048604 -3.8662779079783456 9.350280015700465 8.681962473180153 145.6706274142147 -170.1269068003685 0.43979871132405796 0.46479331472656926 -0.5352066852734307 0.8176083850909405 0.8176118780770895
0.318538311558 16.238167422990276 14223.901414559597 -153.19886863929196 237.68849791528908 298.9718367578814 0.219741812556453 -0.038431429771265915 -0.4109466032790398 16.238167422990276 0.366236354260755 16.548781351841846 0.9552897509817151 0.0 -3.1653433353595974 -4.8672752201550225 0.24198245960777512 -23.43434169042923 0.9579618006752699 247.74766785152286 -18.192146743180487 -0.2096477725603647 -0.10638046975106144 0.8033334817022818 0.4943411201649747 0.8916330848326326 -1.8702402342698328 -3.859452352644325 9.10164729989307 8.654162516163286 138.77742519280025 -164.72738903333197 0.4370971274415268 0.4641822677939642 -0.5358177322060358 0.8304193540201816 0.8304230139624135
0.322456332791 15.77547251987745 13670.536321875756 -124.99708400385725 229.3465398142366 284.90881225664344 0.22811747607577748 -0.032904497498815764 -0.41107292196148315 15.77547251987745 0.38019579345962917 16.301956545419362 0.969122871498146 0.0 -2.7469894809092628 -5.5651254763046305 0.24399259113589855 -22.95735883326242 0.9717751902004615 232.10216217560156 -17.96222504339712 -0.21332440072819736 -0.1074393465525748 0.815147264453546 0.48987745178901504 0.9023884228007809 -1.8523050732830855 -3.852170325092748 8.84730411495805 8.630211200093775 132.13941581013574 -159.44107625779094 0.43495147099391684 0.4637954676217796 -0.5362045323782204 0.84399201957855 0.8439957887692863
0.326422545684 15.316469628800428 13117.816077034646 -97.9183750965683 221.30151557565245 271.227077816756 0.2368269281334172 -0.027076493215047757 -0.41102469326813157 15.316469628800428 0.3947115468890287 16.06878524645427 0.9836868536208971 0.0 -2.2586960060422525 -6.219631221884064 0.24598271730132185 -22.489233218423138 0.9863164857497899 216.8738883074809 -17.745764174053285 -0.217127628431523 -0.10853231649317871 0.8280744497627026 0.48496652427252124 0.9139541423540516 -1.8341630863673888 -3.8444142215003754 8.587883265870229 8.609817292273217 125.7476092136062 -154.2627001185641 0.4333629028736739 0.4636248350489647 -0.5363751649510353 0.8583371524120964 0.8583409706938618
0.330437542996 14.86149456416182 12567.077127013645 -72.01966591748362 213.53458576899757 257.9324993276731 0.24588214349931817 -0.020941428311247155 -0.4108063495795391 14.86149456416182 0.4098035724988636 15.84856967905254 0.9989972229193245 0.0 -1.6987951879084078 -6.832033712166748 0.24795162002034327 -22.029841716190063 1.0016013374753572 202.0613719098584 -17.542043823921276 -0.22106198618247094 -0.10966052257196432 0.8421373887624002 0.4796083335363542 0.9263469194982834 -1.815818987406666 -3.8361681552462383 8.323966047515025 8.592709535551682 119.59410054442883 -149.18804324978808 0.4323338162635366 0.4636643341035458 -0.5363356658964542 0.8734686742889697 0.8734724811575185
0.334501924775 14.410879957857402 12019.662424324079 -47.346694101300045 206.02858353181762 245.0300915837014 0.25529576531450504 -0.014492105988478129 -0.4104206285884774 14.410879957857402 0.42549294219084177 15.640661371513097 1.0150723136023645 0.0 -1.0654547912840524 -7.405541346380007 0.24989809538835098 -21.57906087116477 1.0176481883141268 187.66635472424585 -17.3503954729793 -0.22513223947719474 -0.11082514432026716 0.8573608708796979 0.4737999621524355 0.9395856102271124 -1.7972778592339542 -3.8274178151970437 8.056083213382514 8.578635371977384 113.67193339788633 -144.21382454841878 0.4318679286888561 0.46391009636078273 -0.5360899036392173 0.8894037890972045 0.8894075256192409
0.338616298449 13.964953875436072 11476.904892202592 -23.934944751230546 198.76789683918162 232.52398867226003 0.26508110746226266 -0.0077201533768306956 -0.4098686481889018 13.964953875436072 0.4418018457704378 15.444458634174417 1.031933197581536 0.0 -0.3566651573725065 -7.9409295107887115 0.251820955800439 -21.136766915066737 1.0344782052120918 173.69407260983442 -17.170196686241972 -0.22934339331880188 -0.11202739960633815 0.8737721058362253 0.4675356903598735 0.9536912176940842 -1.7785451417289495 -3.818150332289283 7.784720561114049 8.567359696754988 107.97491478863427 -139.33755337152706 0.43197026006578754 0.4643603243053933 -0.5356396756946067 0.9061628901112686 0.9061665006988862
0.34278127892 13.52403850254874 10940.112313304384 -1.8102611702735203 191.73835633039462 220.41742220835442 0.2752521541279616 -0.0006159657726247013 -0.4091497819065165 13.52403850254874 0.4587535902132694 15.259404145185227 1.049603808306753 0.0 0.429634010418581 -8.439069273424792 0.25371903220973246 -20.7028357836412 1.0521154026171393 160.15371337458146 -17.000870510034297 -0.23370069671037097 -0.11326854644263927 0.8914008323327105 0.46080680945535174 0.9686869882362552 -1.759626620490043 -3.8083541518415798 7.510319425448482 8.558663643028304 102.49750721337357 -134.55743417888087 0.43264724211944106 0.46501545198403393 -0.5349845480159661 0.9237697198310797 0.9237731537930944
0.346997488651 13.088448907579192 10410.553521563023 19.010503580583304 184.9271269054782 208.71270727651202 0.2858235514323163 0.006831341450881569 -0.40826153963850953 13.088448907579192 0.4763725857205272 15.084982632797562 1.0681110460820178 0.0 1.2957222282338847 -8.903100719372667 0.25559117653582847 -20.277143139168658 1.070586747932374 147.0588954991023 -16.841884297719908 -0.2382096462159723 -0.11454988477611684 0.9102794110982575 0.45360144755092197 0.984598493164023 -1.7405284162735628 -3.798018899206625 7.233277740655372 8.552343397148903 97.23472105049751 -129.87227074305343 0.4339068253777303 0.4658782990231475 -0.5341217009768525 0.9422515099681419 0.9422547228480586
0.351265557761 12.658491878903076 9889.446154140413 38.51862177914586 178.32260500310855 197.41123569688884 0.29681059481081046 0.014633901779894829 -0.4071996179866196 12.658491878903076 0.4946843246846841 14.920718656652628 1.0874847066980646 0.0 2.2440846635379077 -9.333457539650926 0.2574362642412808 -19.85956439611071 1.0899220930104019 134.4280308934297 -16.692744216927892 -0.24287598934524515 -0.1158727582584676 0.9304427988523064 0.44590465208503466 1.0014535914268476 -1.7212569750998297 -3.787135253518063 6.9539554327008775 8.548209043428919 92.18196734961083 -125.28134526245788 0.4357584741676223 0.4669540060584485 -0.5330459939415515 0.9616388957613332 0.9616418505255067
0.355586124122 12.234464837908137 9377.945946326163 56.71292198821732 171.91432146427525 186.5134762861965 0.30822921114548923 0.02280515721335622 -0.40595774122289613 12.234464837908137 0.5137153519091487 14.76617449669181 1.1077576106862528 0.0 3.2772992689158267 -9.730974853958589 0.25925319707708777 -19.449974750846152 1.1101543037859296 122.2846178882185 -16.55299474754537 -0.2477057276157969 -0.11723855598444091 0.9519286518734088 0.43769816119796134 1.0192825245050168 -1.7018190590417277 -3.7756948288797885 6.672674832180571 8.54608343702232 87.33498008982701 -120.78434344167366 0.43821329996426 0.468250240298001 -0.531749759701999 0.9819660916568045 0.9819687596577918
0.359959833449 11.816654828504033 8877.13739104664 73.59918385082915 165.69284804585592 176.01898174901459 0.3200959290397948 0.031359906380341786 -0.40452751032486234 11.816654828504033 0.5334932150663246 14.620948139110297 1.1289657047414625 0.0 4.39818405757069 -10.097619184017281 0.26104090599407365 -19.048249216672602 1.1313193627298614 110.65721523461804 -16.422217502005623 -0.252705118182393 -0.11864871418431831 0.9747774066604988 0.42896019379851874 1.0381179902070805 -1.682221737705574 -3.76369004830966 6.389721762976641 8.545801102852012 82.68973801186395 -116.38127900453227 0.44128419159417415 0.4697773909962235 -0.5302226090037765 1.003271037133803 1.0032733988461817
0.3643873394 11.405337584824142 8388.025953521224 89.189417333763 159.64970955625125 165.92640183761895 0.3324278410150679 0.04031429733875928 -0.40289836297322806 11.405337584824142 0.5540464016917799 14.484671364668456 1.1511480387185518 0.0 5.609747837101494 -10.433858991700255 0.26279835426149495 -18.654262661467648 1.153456348912903 99.57890711437555 -16.30002723740258 -0.2578806747684467 -0.12010471784941945 0.999032274469951 0.4196654105625824 1.057995131330442 -1.6624723804738593 -3.7511140259161664 6.105349449981234 8.547207158211275 78.24236614826577 -112.07240602984002 0.4449858727781711 0.47154862205013237 -0.5284513779498676 1.0255953861888019 1.0255974317203274
0.368869303675 11.000776674315153 7911.531720386657 103.50134794398343 153.77730060817805 156.23350228848054 0.34524255374564616 0.049685893115711796 -0.401057354180857 11.000776674315153 0.5754042562427436 14.357007928105109 1.1743469020618869 0.0 6.915197020337312 -10.741119631245388 0.26452454077321846 -18.267889849558834 1.1766075757407959 89.08620832197971 -16.186071652429924 -0.26323916729368707 -0.12160810228120089 1.0247393361853454 0.4097846125237042 1.0789516278909084 -1.6425786493793522 -3.7379604506811415 5.819778647810057 8.550156256184158 73.98908642112 -107.85816387339895 0.44933507994260175 0.4735801562234798 -0.5264198437765202 1.0489847084935142 1.0489864377776261
0.37340639611 10.603222720368928 7448.4844272019 116.55776508992739 148.06880678714927 146.93718920418047 0.35855812304965345 0.05949366820674042 -0.39898906776228565 10.603222720368928 0.5975968717494224 14.237651829820688 1.1986078039871368 0.0 8.317982065970973 -11.019767694454229 0.2662185035715656 -17.889005488133655 1.2008185749083042 79.21722091234263 -16.08002788400934 -0.26878761967520376 -0.12316045452603577 1.051947527769272 0.399284644393621 1.1010276816916864 -1.6225484928195404 -3.724223469440233 5.533201073564552 8.554511546506774 69.92614336745265 -103.73910646728099 0.4543506560198497 0.47589139105066813 -0.5241086089493319 1.0734884968273566 1.073489919469678
0.377999294782 10.212912699035975 6999.6198953005205 128.38603291458958 142.518131058657 138.0335383031117 0.3723929753649013 0.06975806450349577 -0.39667537571801126 10.212912699035975 0.6206549589415021 14.126325667732313 1.223979583223491 0.0 9.821705263771385 -11.270296254012518 0.267879323596548 -17.517484275894198 1.2261382087721464 70.00913824012345 -15.98160198722822 -0.27453330619558425 -0.12476341468726503 1.0807087052697204 0.38812807726318305 1.1242660839796712 -1.6023901398707172 -3.7098975782742105 5.245779866940186 8.560143650338308 66.04976740202316 -99.71585737803926 0.4600537463282183 0.47850521122614875 -0.5214947887738512 1.0991603484633348 1.0991614831412986
0.382648686108 9.83006931366693 6565.577647006745 139.01757807078081 137.11982348853977 129.51782868048966 0.38676580508864294 0.08050102801699581 -0.39409520453799884 9.83006931366693 0.6446096751477383 14.022779070401114 1.2505144706097393 0.0 11.430255688142994 -11.494162001136635 0.2695061286765429 -17.153200956108197 1.2526187367202781 61.495201220660334 -15.89052766447886 -0.28048374468460713 -0.12641867706716234 1.1110776695113804 0.3762729150910857 1.1487122465204014 -1.5821120954204748 -3.694977503988127 4.957650795617463 8.566929644964794 62.356137494536554 -95.78906462979307 0.4664679943636421 0.4814482927162427 -0.5185517072837573 1.1260580980616257 1.1260589714261582
0.387355264947 9.45490044493923 6146.899827222432 148.48731010789356 131.8690163677841 121.38458056415712 0.40169545396943857 0.09174598788687051 -0.3912244031690856 9.45490044493923 0.6694924232823977 13.92678718869933 1.278268020113312 0.0 13.14773671489738 -11.691001493273234 0.27109809778080374 -16.796030372652403 1.2803157523527604 53.701393605785235 -15.806562581172251 -0.28664668763327544 -0.12812799110801146 1.143112095804789 0.36367246365949596 1.1744141404744133 -1.5617231360423374 -3.679458097387347 4.668925888867497 8.574752053960864 58.84133034533757 -91.95934844509011 0.47361967252239134 0.48475127624828196 -0.515248723751718 1.1542437900538025 1.1542444351113073
0.392119734706 9.087598674264873 5744.031201283236 156.83323823002064 126.76136308857309 113.62759656814742 0.41720076253306226 0.10351792366035893 -0.38803537339633154 9.087598674264873 0.6953346042217705 13.838149249797368 1.307299230825439 0.0 14.978429090569431 -11.86117551793705 0.2726544655465274 -16.445847528793443 1.3092883100566688 46.643345201645474 -15.729488968176142 -0.29303010963298814 -0.12989316209484542 1.1768725785836365 0.35027485868724073 1.201422356394237 -1.5412323065596671 -3.663334222646837 4.379692783264141 8.583497838372432 55.501314087878605 -88.22727868811485 0.48153797436186585 0.48844924793064726 -0.5115507520693527 1.1837839115858022 1.183784365555482
0.396942807443 8.728340881658498 5357.320177255326 164.09598965534963 121.7929809254602 106.24000601751449 0.4333003902566596 0.11584335962972633 -0.3844968160178816 8.728340881658498 0.7221673170944327 13.756687152988615 1.337670501076551 0.0 16.92687443188554 -12.005492726015607 0.27417452710609563 -16.102527649372263 1.3395988867534043 40.32382100736384 -15.65911128188489 -0.29964219064853076 -0.13171605156071017 1.212422552463009 0.33602278499534494 1.229790045198571 -1.5206489174228224 -3.6466006453614823 4.090017012848854 8.593057383852983 52.33192222802804 -84.59334040554319 0.4902552353685762 0.4925820713846789 -0.5074179286153211 1.2147494249519821 1.2147497267262128
0.401825203974 8.377287915024988 4987.020791721398 170.31837895062944 116.96039805895884 99.21431183320048 0.45001260234100576 0.1287503605606085 -0.3805734244445822 8.377287915024988 0.7500210039016763 13.682244094450521 1.369447579457094 0.0 18.99782599075348 -12.123605307899645 0.275657643236335 -15.7659462453278 1.3713133417454901 34.73122451326584 -15.595254398910729 -0.3064912948263273 -0.13359857734482178 1.2498281971829615 0.3208531353663147 1.259572849284392 -1.4999825428144158 -3.6292519239050045 3.799943770322078 8.603323478615277 49.328838794911704 -81.05790797268128 0.49980719328128526 0.49719478856884636 -0.5028052114311536 1.2472158131253082 1.2472160005429247
0.406767653983 8.034584329871796 4633.295529002557 175.54501738710655 112.26050433285882 92.54243952206122 0.467355015981918 0.14226852427954825 -0.3762255252779194 8.034584329871796 0.77892502663653 13.614683210119946 1.4026995013586105 0.0 21.196189417390524 -12.21508398004447 0.27710324585674395 -15.435979180514035 1.4045008636352543 29.839364023512896 -15.537762212423203 -0.31358594370350934 -0.13554271323603145 1.2891583161615148 0.3046966123713692 1.2908288146439162 -1.4792430195116844 -3.6112822997330554 3.509499267823889 8.614190276869609 46.487592319065854 -77.62122605199795 0.5102332895249848 0.5023380900606544 -0.49766190993934556 1.2812631273185213 1.2812632345726465
0.411770896127 7.7003581979677005 4296.218879231148 179.8219810932407 107.69050558562924 86.21578781819058 0.4853443003616365 0.15642898966988875 -0.3714086160841531 7.7003581979677005 0.8089071672693942 13.553886211940984 1.4374985511852412 0.0 23.527055661562184 -12.280554296167185 0.27851084389468433 -15.112502741472344 1.4392339443716624 25.608535450389112 -15.486497354622156 -0.32093478288938476 -0.1375504881252427 1.3304842126383867 0.2874772017030984 1.3236183093622866 -1.4584404465190708 -3.592685586660997 3.218690973511187 8.625552242005222 43.80356213029852 -74.28339968082446 0.5215770453689925 0.5080689191481987 -0.49193108085180126 1.3169760912763826 1.316976146847577
0.416835678149 7.374720982944185 3975.7815233421165 183.19640807958098 103.24788121075859 80.22528052628672 0.5039958220847068 0.1712643510354145 -0.366073030417163 7.374720982944185 0.8399930368078448 13.499751999315919 1.4739200063906819 0.0 25.995713298146462 -12.319324163198578 0.27988002956494196 -14.795393708469472 1.4755881395023904 21.987754893039355 -15.44133800872288 -0.32854654088105545 -0.13962398458133984 1.3738793990224754 0.26911186668979625 1.358003784019023 -1.4375851854601673 -3.5734550559921865 2.9275107557387816 8.637303063870796 41.27196883523823 -71.04437502339408 0.5338863622146307 0.5144509132843107 -0.48554908671568925 1.354443952017886 1.3544439775025197
0.421962756991 7.0577674808989554 3671.8951121097693 185.71619617799632 98.93034592560241 74.56141913706897 0.5233232365547151 0.18680860523515602 -0.36016344992886085 7.0577674808989554 0.8722053942578586 13.45219522825754 1.5120419443289976 0.0 28.607473138206906 -12.330469607362469 0.2812104850854574 -14.48452942849747 1.5136418930200022 18.917834858051773 -15.40217682293456 -0.3364299799735962 -0.1417653367521425 1.4194193234210941 0.24951004347400504 1.394049560592992 -1.4166878617261753 -3.5535833303718882 2.6359359359348007 8.6493345442708 38.8878842519171 -67.90393445542014 0.5472139291632356 0.5215550441767758 -0.4784449558232242 1.3937604390735332 1.3937604491167805
0.427152898902 6.74957582333077 3384.397430427821 187.42974157962544 94.73581370268722 69.21433579173063 0.5433380052069143 0.20309709625431951 -0.3536183123339777 6.74957582333077 0.9055633420115239 13.411144799383315 1.551945029677546 0.0 31.367760550475808 -12.314164077866527 0.28250198985199926 -14.179787890460368 1.5534763459154703 16.33487317110348 -15.368920661914725 -0.3445938360094209 -0.14397672748276255 1.4671810526330378 0.22857302116379213 1.4318215913651549 -1.3957593663328574 -3.5330622647827203 2.343929493328363 8.661535445087635 36.64624951005113 -64.8616974713241 0.5616177106215139 0.5294603941634506 -0.4705396058365494 1.435023736344513 1.4350237396154764
0.432406879558 6.450207541679843 3113.0579558729783 188.38559733899018 90.66236544767438 64.17384622853125 0.564048841303001 0.22016632367817537 -0.346369415978871 6.450207541679843 0.9400814021716685 13.376542244278712 1.5937119861927975 0.0 34.282002843269474 -12.269062241767939 0.2837544281476181 -13.881047800555102 1.5951748357093407 14.173715677733517 -15.341486564888243 -0.353046747118017 -0.14626038451433265 1.517242714135766 0.20619365657775068 1.4713869894121814 -1.3748108585695293 -3.5118828341580723 2.05144406982493 8.673790293058891 34.5418731279015 -61.91711008532498 0.5771613119640976 0.538254680962919 -0.46174531903708105 1.4783360831684371 1.478336084003872
0.437725484177 6.159707688591296 2857.5836712831015 188.6322782881522 86.70821946500867 59.42950229492983 0.5854610708483513 0.2380538339594742 -0.3383412146802074 6.159707688591296 0.9757684514139189 13.348339971286759 1.6374272367337115 0.0 37.35552240701625 -12.194420753561909 0.2849677973783385 -13.588188659368235 1.6388225668002747 12.371039285923255 -15.319801948252646 -0.36179716906559317 -0.1486185756386274 1.5696830113396987 0.1822556715490049 1.5128136504451306 -1.3538537692451416 -3.490035018968595 1.7584217300841853 8.685978136231412 32.56945823189223 -59.06945424512814 0.5939145599257799 0.5480351841120981 -0.45196481588790194 1.5238036355306939 1.5238036356864537
0.443109507632 5.878105016858625 2617.625040823801 188.21799056449336 82.87170439734369 54.970643734687215 0.607575896453899 0.25679796220813395 -0.32945030095066374 5.878105016858625 1.0126264940898317 13.326499331534478 1.683176193139168 0.0 40.5935210575134 -12.089109472366655 0.28614221691520647 -13.301090840046161 1.6845059388273769 10.867792138203953 -15.303801184303829 -0.37085327483551955 -0.1510536026226953 1.6245804636998429 0.15663328672938548 1.5561696169776353 -1.3328998047318792 -3.4675076857647813 1.4647973415071167 8.697971246990978 30.72361121478832 -56.31784603949439 0.6119539696100109 0.5589094310605882 -0.4410905689394118 1.5715359251508179 1.57153592517
0.448559754576 5.6054122096196695 2392.782109602355 187.19044158548814 79.15123527502128 50.78644886029199 0.630389563322897 0.2764375819528582 -0.31960472650905125 5.6054122096196695 1.0506492722048284 13.310988454520785 1.7310445456957773 0.0 44.00089291281751 -11.95191980563594 0.28727793756575287 -13.019635665970881 1.7323118805271767 9.610878686280483 -15.293424115030447 -0.3802228376967369 -0.15356779375423618 1.6820125994172852 0.129190665695301 1.6015224164156947 -1.3119609514878063 -3.4442884749633977 1.1705000259038325 8.709633767737136 28.998864014417084 -53.66124416147907 0.6313633272124567 0.570996095714229 -0.42900390428577095 1.6216453679190752 1.6216453679204281
0.454077039557 5.341626162721272 2182.6105955813778 185.59663728548065 75.545291448527 46.865983870714665 0.6538924056744889 0.29701174811160075 -0.30870338297346334 5.341626162721272 1.0898206761241482 13.301779815498971 1.781117293150685 0.0 47.58219002189267 -11.78153464284754 0.28837535172550655 -12.74370548976006 1.782326933091456 8.55408895315182 -15.288613125499722 -0.3899130935895344 -0.15616349477969935 1.742054920637434 0.09978151575214571 1.6489381953152236 -1.2910494812506155 -3.420363679532359 0.8754560437926955 8.720820296075157 27.389691173951757 -51.09845556898574 0.6522342445132858 0.5844258225648147 -0.4155741774351853 1.6742464986889631 1.6742464986890075
0.459662187144 5.086728313937439 1986.627971858489 183.48270194695576 72.05239756020272 43.19825050027981 0.6780677805352926 0.3185592584572967 -0.2966353968138481 5.086728313937439 1.130112967558821 13.298847459499143 1.8334775707449729 0.0 51.34135414365905 -11.575853517526621 0.28943500425467755 -12.4731837713572 1.8346361411220546 7.658365159601086 -15.289309801328038 -0.3999305827158135 -0.158843058036093 1.8047796764642476 0.06824877270116556 1.6984806869754046 -1.2701779566335527 -3.3957181366307476 0.5795921066599092 8.731374408044184 25.89052738238271 -48.628142916473706 0.6746667089054266 0.5993420354422688 -0.40065796455773117 1.7294550030010898 1.7294550030010905
0.465316032046 4.840685017508103 1804.3194093416862 180.89375432441022 68.67110601467732 39.77223177447501 0.7028908641474451 0.3411181864588701 -0.28327938438391087 4.840685017508103 1.1714847735790752 13.302163832427699 1.8882053891951642 0.0 55.28162691288977 -11.333754574139133 0.2904576041104284 -12.207955156580667 1.8893218645085168 6.8915509951731995 -15.295453158760218 -0.4102809651980257 -0.16160882952425956 1.870254507774619 0.03442415204950813 1.7502100818135429 -1.2493592371109314 -3.370335110770764 0.2828371085912149 8.741127119696575 24.49579432528534 -46.24883851313536 0.6987697341955439 0.6159019303766159 -0.3840980696233841 1.7873867039556908 1.7873867039556908
0.47103941924 4.603447961278609 1635.143579615222 177.87372960648898 65.39998197234783 36.57693565659494 0.7283273191194134 0.36472518763559497 -0.26850301876447535 4.603447961278609 1.2138788651990224 13.31169614038955 1.9453758464345472 0.0 59.40532756338962 -11.05283707785274 0.29144403679957953 -11.947905554438847 1.946462076985408 6.227784532415317 -15.306973911820645 -0.4209688100740185 -0.1644631336570453 1.9385406706129749 -0.0018717602529609142 1.8041815065736606 -1.228606485279539 -3.344196188756673 -0.01487216862512497 8.749895289874463 23.199911571017136 -43.958949063688436 0.7246618054139524 0.634277069813368 -0.36572293018663204 1.8481559350123904 1.8481559350123904
0.476833204096 4.374954622499927 1478.538242707706 174.46529135202923 62.237590154699255 33.6014363817282 0.7543318232683581 0.38941480663956085 -0.25216239008743224 4.374954622499927 1.2572197054472636 13.3274021592933 2.005057315359831 0.0 63.71354078071306 -10.73111163322145 0.29239537765489276 -11.692922213997662 2.0061286527033446 5.6466882343359135 -15.32379176375272 -0.43199735394638095 -0.167408255409687 2.009691162344724 -0.04082965001793924 1.8604434436774122 -1.207933173146831 -3.317281180058538 -0.3135883696965216 8.757479970515606 21.997323027458265 -41.75677131355776 0.7524714568974603 0.654654246847018 -0.345345753152982 1.9118739522942814 1.9118739522942814
0.482698252507 4.15512876068773 1333.9255792391648 170.70970892242494 59.182483340260106 30.83491333566005 0.7808464594986653 0.4152185553372435 -0.23410166887822215 4.15512876068773 1.301410765831109 13.349225417540136 2.067309096952887 0.0 68.20595046523725 -10.366547279358613 0.2933129059915488 -11.442893799849625 2.0683851340102706 5.132481304647229 -15.34580961638423 -0.4433682261977851 -0.1704464195536019 2.0837484060351565 -0.082651085293036 1.9190357465234769 -1.1873530883606507 -3.2895680242300416 -0.6133477923045625 8.763664714336018 20.882512208596825 -39.64050109061594 0.7823376402040476 0.6772359624065023 -0.3227640375934977 1.9786467282376112 1.9786467282376112
0.488635441013 3.943880943659219 1200.717246941662 166.6467682804899 56.2331928076679 28.266687332393428 0.8077989810407261 0.4421638614410094 -0.21415287241364733 3.943880943659219 1.346331635067877 13.377089653925255 2.1321787626542292 0.0 72.88039936505304 -9.956065917418025 0.2941981201325537 -11.197710466793357 2.1332842036815243 4.673107798328975 -15.372907872814864 -0.4550811391794352 -0.17357976666434993 2.1607416365496714 -0.1275479030688213 1.97998739818232 -1.166880340063028 -3.2610327171139217 -0.9141646889075883 8.768213855400433 19.850020360396424 -37.60824510736097 0.8144100014817947 0.7022407729273759 -0.29775922707262414 2.0485724079952528 2.0485724079952528
0.494645656937 3.741109103883962 1078.31911277723 162.3147114218882 53.38822004834298 25.88625418637965 0.8351009564358232 0.47027288185429694 -0.19213575356204093 3.741109103883962 1.3918349273930386 13.410892459355479 2.1996991738309974 0.0 77.73258992203502 -9.49764674989946 0.2950527533311869 -10.957263932037776 2.200864850034015 4.259440820124935 -15.404938967813404 -0.4671335395780733 -0.17681032557331683 2.240683972719895 -0.1757413454546178 2.0433140016658435 -1.146529364083136 -3.2316492495264137 -1.2160257862492152 8.770870783873239 18.8944670999535 -35.65803487155848 0.8488490453268563 0.7299034832894069 -0.2700965167105931 2.1217384106824455 2.1217384106824455
0.500729798517 3.546699122613095 966.1356531072738 157.75015797601964 50.64603006870121 23.683315505412253 0.862645824163495 0.49956104522180284 -0.1678581575270972 3.546699122613095 1.4377430402724918 13.450498019427092 2.2698848827453943 0.0 82.7557180351344 -8.988469378785863 0.2958787905593853 -10.721447545955517 2.2711489291827944 3.884595270367661 -15.441719116532923 -0.4795202198573385 -0.1801399819229186 2.3235689780225512 -0.2274604438001842 2.1090148041615153 -1.1263149271649573 -3.2013895709247633 -1.5188819996526437 8.77135624379485 18.010563172333544 -33.78783611652723 0.8858259377500597 0.7604747387762352 -0.23952526122376483 2.198217779048727 2.198217779048727
0.506888775039 3.3605254385849515 863.5740031254134 152.98805910973357 48.00504608417601 21.64780664721734 0.890306892937004 0.5300354266932131 -0.14111667095879166 3.3605254385849515 1.4838448215616735 13.495728858142698 2.3427281506028814 0.0 87.93993794223074 -8.425453312040808 0.2966784861263467 -10.490156360709697 2.344137357323773 3.543360407700005 -15.483020212838824 -0.4922328885473702 -0.183570442500138 2.4093668635573087 -0.2829399340823699 2.1770694122585814 -1.1062521298001082 -3.170223584192134 -1.822640267936995 8.769366691629173 17.193126222439297 -31.995560750269007 0.9255220419956348 0.794220241460321 -0.205779758539679 2.2780650630219945 2.2780650630219945
0.513123506972 3.182451678052974 770.0476401458525 148.06166581988577 45.46364535682946 19.769921807558763 0.9179353350619031 0.5616929113116538 -0.11169773051025511 3.182451678052974 1.529892225103172 13.54635650535349 2.4181944945929166 0.0 93.27195879446667 -7.806201852574532 0.2974543820530255 -10.263287196432238 2.419805841592454 3.2317488790574593 -15.528560992434556 -0.5052596987005661 -0.18710319504642725 2.4980202757678645 -0.3424174792690072 2.247434140814962 -1.0863564071504797 -3.1381191757532974 -2.1271546202490246 8.764572763751508 16.43709601893727 -30.27907882700848 0.9681280506646927 0.8314193742866889 -0.16858062571331112 2.361311599389861 2.361311599389861
0.519434926108 3.0123313035261563 684.9796983883383 143.00249030069176 43.02015619230817 18.04013623828789 0.9453582431469896 0.5945180585603916 -0.07937948934281791 3.0123313035261563 1.5755970719116494 13.602091032668941 2.496217582568831 0.0 98.73449922930267 -7.127204272987494 0.29820932710559894 -10.040738704520066 2.4980999610604204 2.9466502476259437 -15.577995783622583 -0.5185847358949618 -0.19073946326899763 2.5894395545515616 -0.4061297899563226 2.320037878837188 -1.066643527529183 -3.105042291617842 -2.432214787484675 8.756617913132374 15.737544591739752 -28.63622756067759 1.0138424826399122 0.8723628460376491 -0.12763715396235087 2.4479599179492983 2.4479599179492983
0.525823975699 2.850008278046603 607.8059159458911 137.84030210793196 40.67285606103654 16.449225609212682 0.9723768429353653 0.6284808114191651 -0.043934260454248086 2.850008278046603 1.6206280715589423 13.66256942112354 2.576693811104694 0.0 104.30568567800597 -6.385753470528934 0.29894649631927106 -9.822411428377933 2.578929924447044 2.6855729427877533 -15.630903969520304 -0.5321874692462887 -0.19448015684890274 2.6834976943552755 -0.4743079665049415 2.3947777038227667 -1.0471295877585518 -3.070957071724658 -2.737535469417713 8.745117289038518 15.08969033999571 -27.064823238512233 1.0628696227963332 0.9173495882714662 -0.08265041172853382 2.5379776598304087 2.5379776598304087
0.5322916106 2.695317742193568 537.9772094463794 132.60311732391924 38.4199704043094 14.988282552242064 0.9987649647883156 0.6635339148851486 -0.005131988830507694 2.695317742193568 1.6646082746471926 13.727342762893068 2.6594762858166847 0.0 109.95865500072495 -5.579662077644272 0.29966941081948856 -9.608207860761723 2.6621647082968303 2.4464576103990416 -15.686777268722345 -0.5460421693205637 -0.19832581632354618 2.7800248367215894 -0.5471714416366358 2.471514066497577 -1.0278310046627595 -3.0358260447632794 -3.042743363197342 8.729656948628232 14.4889077295685 -25.562670267140124 1.1154165620743965 0.9666823186090214 -0.03331768139097857 2.631290593256214 2.631290593256214
0.538838797411 2.5480867012709245 474.9618968839525 127.31718667492032 36.259672631873116 13.648730447290536 1.0242679314370426 0.6996100507292671 0.03725502912127121 2.5480867012709245 1.7071132190617377 13.795862380648257 2.744368248183009 0.0 115.66087168526977 -4.705258467083546 0.300381957668747 -9.398032497994041 2.747625598073499 2.2275458865115576 -15.745004870334952 -0.5601173037798306 -0.20227655283541326 2.8788023514456818 -0.6249202833691525 2.5500655930204856 -1.0087645018857316 -2.9996104107185944 -3.347361961622317 8.70979350574341 13.930733479039272 -24.127568178665157 1.171689132383944 1.0206614844389954 0.020661484438995403 2.7277747035007334 2.7277747035007334
0.545466514619 2.4081347189533138 418.247567854945 122.00702623163679 34.19008469748034 12.42233451570878 1.0486020162878928 0.7366189467689326 0.08344652424519428 2.4081347189533138 1.7476700271464882 13.867464982212248 2.8311165513916823 0.0 121.37360850905227 -3.760659414765141 0.30108840937287185 -9.191791890762612 2.8350797123325897 2.0272907004663057 -15.804860902511003 -0.5743749210905313 -0.2063319829320521 2.97955693503913 -0.7077264620832867 2.630203925378625 -0.9899470909677182 -2.9622704129727753 -3.6507985987756175 8.685054339250723 13.410879403557109 -22.75732282384253 1.2318869078926418 1.0795780283165177 0.07957802831651772 2.8272480554630057 2.8272480554630057
0.552175752748 2.2752746156549244 367.3426173741286 116.6954217413271 32.2092782898645 11.301210321485517 1.0714546659350304 0.7744441862089938 0.13364683463475613 2.2752746156549244 1.785757776558384 13.941357111036531 2.91940461119314 0.0 127.05166812298364 -2.744315094101693 0.301793442654397 -8.9893946908252 2.924232895593113 1.844296692533224 -15.865488350680078 -0.5887700385281113 -0.21049115876217586 3.0819543909374763 -0.795722844138262 2.711648243360303 -0.9713960457530125 -2.9237658145285397 -3.9523278453263373 8.654938499853783 12.925237340948517 -21.44975218081762 1.2961966143790924 1.1437038134203599 0.14370381342035987 2.929461589978744 2.929461589978744
0.558967514507 2.14931316820863 321.7774655785091 111.4034481077377 30.315276882315516 10.277829778277761 1.0924857226152398 0.8129399677098373 0.18803589474002425 2.14931316820863 1.8208095376920663 14.01659925835484 3.008845432432091 0.0 132.64286042794268 -1.6537167080715394 0.30250215593882224 -8.790751694088499 3.0147225391418004 1.6772817852414021 -15.925883228107956 -0.6032500583437216 -0.2147524943153738 3.1855935479978292 -0.8889903546740581 2.7940599039897953 -0.9531288688940048 -2.884056504555047 -4.251075029464408 8.618918470440125 12.469885012428097 -20.202692639646703 1.364784010305763 1.213279970717481 0.21327997071748106 3.0340895084095476 3.0340895084095476
0.565842814936 2.0300518084751364 281.10547355246035 106.15051186658545 28.506058164628197 9.34502478221031 1.1113298677026229 0.8519280125558836 0.24675874241659645 2.0300518084751364 1.8522164461710382 14.09209014740157 3.0989751885876347 0.0 138.0878568661026 -0.48838918971913314 0.303220084935404 -8.595775879861346 3.106110760647669 2880.80929014704 -15.984881015658921 -0.6177542370711374 -0.21911368864457603 3.290000697729024 -0.9875435956819073 2.877037554395804 -0.9351632492576313 -2.8431032374063547 -4.546001898391221 8.576442947464862 12.041095291687721 -19.01400701012037 1.4377842515579855 1.2885033022715784 0.2885033022715784 3.1407197484426166 3.1407197484426166
0.572802681559 1.9172873182043082 244.90357844580137 100.95437900878201 26.779556915629477 8.495988597927605 1.1276005363421957 0.8911945135502605 0.30991293923436314 1.9172873182043082 1.8793342272369928 14.16655187120142 3.1892471664713558 0.0 143.32030317876863 0.7516251905366952 0.3039532155887909 -8.404382445608476 3.1978776892002454 1131.2938011893978 -16.041142019109824 -0.6322132421120492 -0.22357164739369237 3.394624509759497 -1.0913141512638755 2.9601126403353906 -0.917517008937962 -2.8008685216694817 -4.835891051831865 8.526940819345143 11.635340955899254 -17.88158907106876 1.5152902825225043 1.3695099542315088 0.3695099542315088 3.2488441814685016 3.2488441814685016
0.579848154543 1.810812517764565 212.77267040696353 95.83121424720566 25.133668422494605 7.724275136404322 1.1408955462964332 0.9304874491933438 0.3775342629534557 1.810812517764565 1.901492577160722 14.238516807909262 3.2790268401141778 0.0 148.26699928782304 2.06604805239266 0.3047079935606798 -8.216488837179504 3.2894155622310373 710.4696824653813 -16.093139206752397 -0.6465488363546685 -0.22812240437489548 3.498832026612956 -1.200132253483757 3.0427458736837876 -0.9002080385895438 -2.757317674973779 -5.119332694599112 8.469826518773093 11.249300742302252 -16.80336841479157 1.597339449452234 1.456356815836941 0.4563568158369411 3.357849392997663 3.357849392997663
0.586980286844 1.7104169463012528 184.33773088068295 90.79563028618239 23.566252179644714 7.023796269389745 1.1508046387688078 0.9695144919195285 0.4495808875710894 1.7104169463012528 1.9180077312813464 14.306317380667583 3.3675886188524355 0.0 152.84855336014223 3.452781177009208 0.30549132926514994 -8.032014775429364 3.3800241230971055 525.4596309954385 -16.139149862378964 -0.6606737357443546 -0.2327610454221257 3.6019062028876285 -1.313707241783749 3.124325079441694 -0.8832542198051577 -2.712420047517448 -5.394715039432154 8.404506916359797 10.8798668616291 -15.777315514108725 1.6838984716062821 1.5490009169321173 0.5490009169321173 3.4670086482134637 3.4670086482134637
0.594200144372 1.6158875309175311 159.24775545002956 85.86073376323955 22.075135868494797 6.38881733100132 1.1569190772501143 1.0079416421871141 0.5259161274526771 1.6158875309175311 1.928198462083524 14.368079981149638 3.454114589536201 0.0 156.98043100230987 4.908645756865962 0.3063105974523558 -7.850882277367624 3.46890758661216 425.9686028649078 -16.177250695714587 -0.6744916912035647 -0.23748163726324717 3.7030453148985933 -1.4316070118735233 3.204164696332814 -0.8666733333401149 -2.6661504182444724 -5.66021800010249 8.33038990083463 10.524151327485864 -14.801445253721681 1.7748468528150696 1.6472769187527252 0.6472769187527252 3.575475380836249 3.575475380836249
0.601508806147 1.527009242790165 137.1754845185564 81.03817752270959 20.658119643158578 5.813950962945689 1.1588433582154791 1.04539294413378 0.606290456274357 1.527009242790165 1.9314055970257986 14.421724574482777 3.5376960533001554 0.0 160.5743817530992 6.429236151323512 0.30717363018386734 -7.673015673303585 3.5551739533779525 369.6531735306554 -16.20531913015761 -0.6878978504332204 -0.2422771646690313 3.8013648886117126 -1.5532375500868012 3.281507525616891 -0.8504829521897903 -2.618490562368822 -5.9138128944852015 8.246894751407869 10.179493328748995 -13.873820381973951 1.8699592915859142 1.750873613077649 0.750873613077649 3.6822792101034474 3.6822792101034474
0.608907364463 1.443565738048606 117.81696332765759 76.33821699399417 19.312980571578855 5.294149461307695 1.1562089436931595 1.0814515752517786 0.6903235839770498 1.443565738048606 1.927014906155266 14.464971614711356 3.6173384901323162 0.0 163.54042203603655 8.008241887375382 0.3080887020517966 -7.498341619003501 3.6378373243435713 342.41617909022483 -16.22104229694633 -0.7007794549712684 -0.24713947964866304 3.8959026773464522 -1.6778236780173297 3.3555292049910115 -0.8347003187600186 -2.569430974304533 -6.153269703638295 8.153464349000483 9.843467375662046 -12.992554681807679 1.9688877711911863 1.8593104421405275 0.8593104421405275 3.7863253482957937 3.7863253482957937
0.616396925046 1.3653399815196556 100.89095406111771 71.76976709683495 18.03747724714231 4.824695785387238 1.148689760226468 1.1156625768127253 0.7774875629520297 1.3653399815196556 1.9144829337107803 14.495357989930813 3.69197049666281 0.0 165.7893256486732 9.637666247593511 0.30906450645474226 -7.3267891035307855 3.715823834991199 344.1804704388788 -16.22193490656749 -0.7130169267987047 -0.2520592668934838 3.985627152649051 -1.8043923223316374 3.425345817070375 -0.8193422057701153 -2.5189727248492795 -6.376173078187423 8.049579191395413 9.513891430221802 -12.155815448349353 2.071144218938271 1.9719152985846136 0.9719152985846136 3.886398232295394 3.886398232295394
0.623978607224 1.2921148513208698 86.13822129026497 67.34046199355086 16.829354488152248 4.4011933876698395 1.1360189944999235 1.1475375437184008 0.8670923275224858 1.2921148513208698 1.893364990833206 14.510263634756551 3.7604573183556917 0.0 167.23558868444889 11.307749479550731 0.3101101218301108 -7.158289451845583 3.7879819870429663 397.03262259958 -16.205368020218984 -0.7244853912795037 -0.25702603000582586 4.069449997694853 -1.9317601548947962 3.490025075531188 -0.8044247609754561 -2.4671294163334063 -6.579949152039996 7.9347730726240835 9.188835447334027 -11.36182568010381 2.1760850068616464 2.0878054286541925 1.0878054286541925 3.9811704194873982 3.9811704194873982
0.631653544093 1.2236737227074381 73.32071159629895 63.056717077243114 15.686348135775614 4.019555024780421 1.1180064842013588 1.1765615227649686 0.9582752591793986 1.2236737227074381 1.8633441403355981 14.506950271474075 3.8216193995149963 0.0 167.80085412691562 13.00664183775276 0.3112349668330359 -6.992776322959045 3.8530980501611714 656.6157501279266 -16.16861010468122 -0.7350566711417973 -0.26202810317406494 4.146242928092765 -2.0585276022142978 3.5486013778802894 -0.7899633364678619 -2.413929187724495 -6.7619045939976825 7.8086501596932365 8.866629954994655 -10.608865963458172 2.2828987877571674 2.2058735109563576 1.2058735109563576 4.069217651291956 4.069217651291956
0.639422882685 1.1598010295204564 62.22064688095008 58.92379157356138 14.606189853178854 3.675990705770367 1.0945557600600844 1.202202269195065 1.049996509233353 1.1598010295204564 1.8242596001001408 14.482613267168398 3.8742561093334937 0.0 167.41767718178534 14.720575576169871 0.31244874368110503 -6.830185703339836 3.909917038639607 0.5999002061087507 -16.10888110830153 -0.7446017670814864 -0.26705269285569044 4.21485894231545 -2.183081297216743 3.6000948076717445 -0.7759723040171611 -2.3594167060731848 -6.9192786988885135 7.670903053766637 8.545873970654128 -9.895275874888167 2.3905993422153093 2.3247811691251794 1.3247811691251794 4.14904076922532 4.14904076922532
0.647287784142 1.100282801745855 52.63955023531321 54.945851932154255 13.586611945716216 3.366994930995326 1.0656795847811278 1.223921918318234 1.141041915105516 1.100282801745855 1.7761326413018796 14.434446997099235 3.917174556407396 0.0 166.0334226540086 16.434059607265148 0.31376136918089587 -6.670455895429999 3.957169613646158 0.5494822137239722 -16.02341989963986 -0.7529938165766947 -0.27208595360440635 4.274157885555076 -2.3036070864255667 3.643533972222905 -0.7624648587664842 -2.303655071367571 -7.049308932842288 7.521331265754394 8.22544173855552 -9.219454954774058 2.498025244253196 2.442962317179366 1.442962317179366 4.219094958481246 4.219094958481246
0.655249423887 1.0449071778866934 44.39722145005482 51.12603710296693 12.625352126369062 3.0893333708830553 1.0315126689729806 1.2411910021955577 1.2300353101042312 1.0449071778866934 1.7191877816216343 14.359723191373863 3.9492230917258655 0.0 163.61412237484817 18.129727770820068 0.31518289333266014 -6.513527501723328 3.993605010693155 0.504264693383077 -15.9095648149264 -0.7601114904737094 -0.2771131013741588 4.323035937062411 -2.418115559030224 3.677982316049284 -0.7494528145304736 -2.246727547456901 -7.149309765746169 7.359859378988351 7.904487901041207 -8.579863426011727 2.6038481554407764 2.558638693881647 1.558638693881647 4.277826475503281 4.277826475503281
0.663308991801 0.9934648909774573 37.33067832730371 47.466522614047385 11.72015822423509 2.840029128649092 0.9923201876886536 1.2535044659020531 1.3154614980213724 0.9934648909774573 1.6538669794810894 14.255880676972582 3.9693284775024615 0.0 160.14800287344707 19.788816478196743 0.31672340592221837 -6.359343404064898 4.018029456173146 0.4642102667125553 -15.764845019087247 -0.7658427523824864 -0.2821185664229915 4.360458151317934 -2.5244812401924217 3.702567099470278 -0.7369463949040833 -2.1887390278507133 -7.216762587171637 7.186554029014302 7.582449674220643 -7.97502222774008 2.7065911718368443 2.6698492623656165 1.6698492623656165 4.323716241846705 4.323716241846705
0.6714676924 0.945749727189878 31.29307846234633 43.9685853802564 10.868792794775127 2.616348724993756 0.9485007933458256 1.260399224314832 1.3957008046317374 0.945749727189878 1.5808346555763761 14.120623654994324 3.9765354602081135 0.0 155.64834232918756 21.391605412975892 0.31839293205538044 -6.207848738521125 4.029349217661198 0.4317940954667832 -15.587080195997782 -0.7700888685155497 -0.2870861863162217 4.385492958444348 -2.6204960921397307 3.7165100405501375 -0.7249540253212073 -2.1298171437208993 -7.249414313755757 7.001638720959876 7.259045634450243 -7.403512628628686 2.804658302867972 2.7744946860887465 1.7744946860887463 4.355329341665122 4.355329341665122
0.679726745017 0.9015589561718866 26.15263463958334 40.63266841027616 10.069037610208063 2.415787936418292 0.9005830519459123 1.2614725344182893 1.4690751847133658 0.9015589561718866 1.5009717532431872 13.952024388040275 3.9700469379565533 0.0 150.15539908507188 22.917581027471922 0.3202013182337649 -6.0589908657092835 4.026616681733004 0.4361738131400256 -15.374484254959864 -0.7727685188742509 -0.2919994375213674 4.397347108564831 -2.703936694817777 3.7191582289018608 -0.7134821320535107 -2.0701129252644273 -7.2453804639861525 6.805505448029692 6.934270160809842 -6.863975297227318 2.8963753553216436 2.870396882224176 1.8703968822241757 4.371368635467363 4.371368635467363
0.68808738398 0.8606937324383392 21.79153570605625 37.45844437921715 9.31869800369719 2.236057611606512 0.8492146374400465 1.2564002438304192 1.5339047826749366 0.8606937324383392 1.4153577290667443 13.748624950038568 3.9492625117416806 0.0 143.73710486026863 24.346202143792393 0.3221581112015657 -5.912719337062754 4.009077143776624 1.2939415140785213 -15.125767424607425 -0.773821830170611 -0.2968417017929045 4.395399240244307 -2.7726430837013196 3.7100136420290637 -0.7025349548102985 -2.009800941763178 -7.203247145781493 6.59872208849745 6.608382613133396 -6.355108682802731 2.9800415111775624 2.955372249280087 1.9553722492800871 4.370729978346831 4.370729978346831
0.696550858803 0.8229594671745254 18.104883299344248 34.44487842109125 8.615607041928802 2.075069581906488 0.7951441778551186 1.2449538579850197 1.5885727542554238 0.8229594671745254 1.3252402964251977 13.509531756747364 3.9138130506806217 0.0 136.4882830204881 25.65761270487342 0.32427243244504306 -5.768985856491717 3.9762134540935863 4.511127406202345 -14.84023052764981 -0.7732141289994148 -0.3015965611230606 4.379230129901091 -2.824605896858201 3.68875949237144 -0.6921143799703129 -1.9490788644171524 -7.12216580674094 6.38203465869623 6.281890815966018 -5.875666769420444 3.0539898334758933 3.027315744368667 2.027315744368667 4.352556040793864 4.352556040793864
0.705118434367 0.788166170159238 14.999653403747946 31.590290554692388 7.957629526555898 1.9309227743034494 0.7391963136869477 1.2270153022855135 1.6315950218389963 0.788166170159238 1.2319938561449129 13.234496126422396 3.863588877983909 0.0 128.52832052417082 26.832952545959674 0.32655285173498216 -5.627744238487917 3.9277852407113527 6.271130081921635 -14.517844835180407 -0.7709392044447689 -0.30624811262806423 4.348647673149278 -2.858057151473465 3.655281637598615 -0.6822198015829166 -1.888166419631855 -7.001934177060635 6.156363693008449 5.955528707972869 -5.424456298558496 3.1166538170043654 3.0842915041598356 2.0842915041598356 4.316285360304748 4.316285360304748
0.713791391109 0.7561287614887028 12.39369034044949 28.892415885498473 7.342665751915949 1.801889625365418 0.6822412299318896 1.2025881945865236 1.6616904621450308 0.7561287614887028 1.1370687165531495 12.923974128087504 3.7987591786981802 0.0 119.99730715014354 27.855224479347573 0.3290072635645846 -5.4889503621202635 3.863859082667911 7.123184610529316 -14.159310338072833 -0.7670218749098409 -0.31078129264816273 4.303704682356446 -2.871558598735263 3.609683317455672 -0.6728480168832558 -1.827303725185635 -6.843056250766933 5.922794305475571 5.630227877154423 -5.000333268049527 3.1666359658032963 3.1246241711462375 2.1246241711462375 4.261692887699387 4.261692887699387
0.72257102522 0.7266673530359135 10.214739614370137 26.34846336146679 6.7686550765875175 1.6864028854596695 0.6251605694785493 1.1718046554286856 1.6778465387621915 0.7266673530359135 1.0419342824642488 12.579159888234496 3.7197808212264403 0.0 111.0507693485114 28.710059036241397 0.331642770556162 -5.3525621210981384 3.7848264572202877 7.426453451417801 -13.766086787662706 -0.7615196761510007 -0.3151821977286721 4.244708038937247 -2.86408123563137 3.552291921300479 -0.6639931623087892 -1.7667490273665172 -6.646775639198049 5.682559848005666 5.307083644265058 -4.602198917692345 3.2027737564729986 3.146984442462268 2.146984442462268 4.188918724926516 4.188918724926516
0.73145864883 0.6996074997410907 8.399524640004651 23.955173451090495 6.233579230961417 1.5830428923837616 0.5688121090336361 1.1349269293179998 1.6793752369531314 0.6996074997410907 0.9480201817227268 12.201987877327955 3.6273954186758584 0.0 101.85336936314644 29.385961596477514 0.3344655778923912 -5.218539370868751 3.691407026027088 7.395899617331518 -13.340393340645399 -0.7545235195533455 -0.3194383892709833 4.172218235370469 -2.8350695826706045 3.483656962981566 -0.6556466947944867 -1.7067758668103123 -6.415078102966337 5.437019488337835 4.98731670779999 -4.228995394143629 3.2241980536477417 3.1504621459056232 2.1504621459056232 4.09848232762835 4.09848232762835
0.740455590211 0.6747804208969499 6.892871339864715 21.708873111157104 5.735465373307443 1.4905253825935074 0.5139958193008414 1.092343345742816 1.6659543693531598 0.6747804208969499 0.8566596988347357 11.795101875083812 3.5226140681878952 0.0 92.57198262334656 29.874897354571548 0.3374809026610571 -5.086843871839829 3.584635811976944 7.164391924286693 -12.885174034353385 -0.746157213272033 -0.32353916866289917 4.087038834638997 -2.7844847869746507 3.4045388976304913 -0.647797421500133 -1.6476697048281403 -6.150660457685417 5.187630451975851 4.672231291463319 -3.8797010383141437 3.2303791358042613 3.1346204137320077 2.1346204137320077 3.991280112566743 3.991280112566743
0.74956319397 0.6520231918289625 5.646883508837549 19.605528947862037 5.272388885383262 1.407689897540796 0.4614238672519408 1.0445586585926598 1.6376505490919242 0.6520231918289625 0.7690397787532347 11.361790800766308 3.406690327845159 0.0 83.3686568382001 30.17261980189757 0.34069290144307357 -4.957439229925221 3.4658345609155146 6.815904877007455 -12.404029634654886 -0.7365757840663948 -0.3274758106556047 3.9901962001629525 -2.7128224165556314 3.3158892037204084 -0.6404315792534909 -1.5897240271770774 -5.8568663775525875 4.93591606113835 4.363171592166984 -3.5533256197670635 3.221156421409718 3.0995261099687874 2.0995261099687874 3.868565888722022 3.868565888722022
0.758782821256 0.6311789064131521 4.62017084282282 17.640797930506817 4.8424758880324354 1.333488830935822 0.41169675067949396 0.9921791724790887 1.5949214933913174 0.6311789064131521 0.6861612511324899 10.905894228928437 3.2810827445238075 0.0 74.39399744049577 30.27878460273067 0.3441046188258704 -4.83029083381312 3.336568997948606 6.404248211876029 -11.901118518071453 -0.7259625807700816 -0.3312417446748734 3.8829104191496167 -2.6211026571311393 3.218822684042972 -0.6335329628945646 -1.5332359135144726 -5.537591770743859 4.683431019970236 4.061478192753568 -3.2489056402559973 3.1967491680171265 3.0457534390470187 2.0457534390470187 3.731914690179509 3.731914690179509
0.768115849958 0.6120968110812067 3.777130668814827 15.810075945985487 4.443905482786178 1.2669771515688708 0.36528713145494945 0.935893511955299 1.5385972392266654 0.6120968110812067 0.6088118857582491 10.431682906656516 3.1474091249849145 0.0 65.78146449891086 30.19682404668947 0.34771795857082877 -4.7053657899507115 3.198595112060999 5.964106438367115 -11.381032005461037 -0.7145251796820044 -0.33483267644926734 3.7665589812347933 -2.5108331540927473 3.114583540389375 -0.6270830996368759 -1.4785010284904758 -5.1971651870198485 4.431725600164877 3.7684463560417907 -2.9654999577431713 3.157747095476544 2.9743601543053906 1.9743601543053904 3.5831720400636398 3.5831720400636398
0.777563674912 0.5946324110054163 3.087283601281015 14.108543499937344 4.074911689216467 1.2073028245952346 0.3225321381376907 0.876450167214723 1.4698416484213244 0.5946324110054163 0.5375535635628179 9.943721520514483 3.007395211984142 0.0 57.642974336660636 29.933821802954466 0.3515336782035496 -4.582632854884761 3.053798310306978 5.517784713342813 -10.848651152531378 -0.702490148189865 -0.33824664562994905 3.642635128166248 -2.3839469938195923 3.0045070935443867 -0.621061464576642 -1.4258079659270864 -4.8402103317195335 4.182310453527357 3.48528781881161 -2.702185829136007 3.1050815646034304 2.8868381219766484 1.8868381219766484 3.424391685539466 3.424391685539466
0.787127708114 0.5786475493038873 2.524662696597963 12.531208845929317 3.7337851178845383 1.1536979431231937 0.2836340655175441 0.8146332140459932 1.3900974156317716 0.5786475493038873 0.4727234425292402 9.446722313397313 2.8628208581610117 0.0 50.06603607600024 29.500222853609344 0.3555514067208481 -4.4620623653236535 2.90412962844007 5.079455675430682 -10.308993617860496 -0.6900967660895441 -0.34148401862592626 3.5127031189731137 -2.2427206042907373 2.8899793103909794 -0.6154457308121111 -1.3754318894393964 -4.471499363097445 3.9366237077640758 3.2130976728883818 -2.4580555754214797 3.039979676443873 2.785042386562773 1.7850423865627731 3.2577658290920133 3.2577658290920133
0.796809378923 0.564010460194582 2.0672550312414786 11.072948703537847 3.4188743370289556 1.1054705711529853 0.2486686157357251 0.7512376850513284 1.3010191286537296 0.564010460194582 0.4144476928928752 8.945398432003248 2.7154668215466047 0.0 43.11253339697547 28.909165762049078 0.3597696840811341 -4.343626166640384 2.751542892189564 4.657898817770519 -9.767059677741209 -0.6775898604815858 -0.34454741938843814 3.378352727689513 -2.0896779239448864 2.772396328816201 -0.6102120463517574 -1.327627473545834 -4.095806037554991 3.696001801607079 2.9528275579101653 -2.232214015168877 2.963905034796638 2.671104627263321 1.6711046272633212 3.0855523201561965 3.0855523201561965
0.806610134284 0.5505957970830812 1.696494163710464 9.72854580065864 3.128586963276571 1.0619972887470985 0.21759921955538206 0.6870459489686634 1.2043995613297973 0.5505957970830812 0.36266536592563675 8.444325513033679 2.567064927255434 0.0 36.81906676758063 28.176073262415187 0.3641860203193717 -4.227297539178679 2.59793598749143 4.25830150321278 -9.227685699794904 -0.6652119961978872 -0.3474416040384987 3.2411551202329885 -1.9274877973032412 2.653125944344064 -0.6053353291786914 -1.2826212875787193 -3.717766873037505 3.4616552084742995 2.7052657573107077 -2.0237766322471527 2.8784897543073518 2.547337724846992 1.547337724846992 2.9100030907726286 2.9100030907726286
0.816531438936 0.538284636682246 1.3968015065455575 8.492723930787172 2.861390476896675 1.0227164212726179 0.19029559892228062 0.6228063630937336 1.102094734397511 0.538284636682246 0.3171593315371344 7.947818743898647 2.4192540659346453 0.0 31.19864894328366 27.318045208951165 0.36879697132334727 -4.11305112364894 2.445098945954507 3.88346015065395 -8.69541297011833 -0.6531953765447214 -0.3501732877736269 3.1026221843139257 -1.758861878775311 2.533472885194543 -0.6007895715642266 -1.240603966733031 -3.3417578797363596 3.2346498226919485 2.471024649206568 -1.8318685955352838 2.7854628527767917 2.416138626318082 1.4161386263180822 2.733297957855217 2.733297957855217
0.826574775635 0.5269644602687465 1.1551742971474772 7.360180257536211 2.615812759770684 0.9871219262864307 0.16655460910424785 0.5592151330199907 0.9959527265566491 0.5269644602687465 0.27759101517374646 7.459830846949671 2.2735437417303954 0.0 26.243465646022983 26.353149451032895 0.3735982279003871 -4.000862845000004 2.294670807257036 3.5345887832659244 -8.17437782316641 -0.641753937109704 -0.35275093427648485 2.9641710090582403 -1.5864594282262225 2.414649255934438 -0.5965481449132042 -1.201722751481367 -2.9717922266850394 3.0158943792829955 2.2505353162536403 -1.655624563964308 2.686579993884494 2.2798959848052327 1.279895984805233 2.5574869999789795 2.5574869999789795
0.836741645375 0.5165291132767748 0.9608176087712493 6.325614890455008 2.3904423807463515 0.9547579049275078 0.14612150932588286 0.4969020045140628 0.8877503665854983 0.5165291132767748 0.24353584887647145 6.983874404570833 2.13128621546197 0.0 21.92834780379207 25.29982886490948 0.3785847144350937 -3.89070983552298 2.1481066821128287 3.211865672584972 -7.668227263161542 -0.6310762265440583 -0.35518451876916124 2.8270948794134334 -1.4128041661704047 2.2977511420264793 -0.5925840970893207 -1.1660751853831328 -2.6114422422554306 2.8061338892128607 2.044048790074266 -1.4941892069167957 2.583559030536962 2.140907951141253 1.1409079511412532 2.3844438000177246 2.3844438000177246
0.847033567613 0.5068787444508778 0.8048176545289565 5.383757677438636 2.1839286309832544 0.9252136990943245 0.12871009877950917 0.4364200683616689 0.7791407463155471 0.5068787444508778 0.21451683129918198 6.522969796041808 1.9936575776147292 0.0 18.214602083153828 24.176439498644804 0.3837506934329338 -3.7825703572767466 2.0066557853232934 2.9148027600572086 -7.180062205154437 -0.6213197146911176 -0.35748527596645513 2.6925417239501734 -1.2402167299063813 2.1837419215342933 -0.5888704351637951 -1.1337048555893368 -2.263786992288354 2.6059487299289086 1.8516430827318833 -1.3467183242216025 2.478024892650992 2.001313950003577 1.001313950003577 2.215830781302759 2.215830781302759
0.857452080495 0.49791972580023325 0.6798535198005948 4.5293925264572925 1.9949813282057909 0.8981195315098381 0.11402055242067718 0.3782396747493245 0.6716132736345327 0.49791972580023325 0.19003425403446197 6.079618131252349 1.8616475276689948 0.0 15.053877658252748 23.00074543905176 0.38908987239346804 -3.676423724175301 1.871350522143531 2.6424942074966187 -6.712408626572827 -0.612607106720639 -0.3596654435673291 2.56150052000279 -1.07076466179662 2.073442434094132 -0.5853803877725742 -1.1045999690842057 -1.9313849333133213 2.4157587610102964 1.673235026812531 -1.2123804774013873 2.3714662659683277 1.8630426887606353 0.8630426887606354 2.0530769427950974 2.0530769427950974
0.867998741085 0.4895645546242085 0.5799443886411587 3.757379319423138 1.822370400576748 0.8731426430194354 0.1017542244375158 0.322746175793481 0.5664667248188233 0.4895645546242085 0.16959037406252636 5.655796998011343 1.7360570988813497 0.0 12.391815747695953 21.789434191236055 0.3945955097931584 -3.572250223941076 1.7430058656570842 2.393782263001158 -6.26721494277035 -0.6050250494685304 -0.36173801073723544 2.4347956053396667 -0.9062302119157438 1.967527708863708 -0.582087642647037 -1.0786952504982665 -1.6162694683310068 2.2358316485543495 1.5085957858411774 -1.090358996333481 2.2652052312771405 1.7277770108951112 0.727777010895111 1.8973673849576373 1.8973673849576373
0.8786751256 0.48173173890395166 0.5002293280112098 3.0626731468352935 1.6649252692933254 0.8499838800327912 0.0916251004342954 0.27024099092771675 0.46479464586263664 0.48173173890395166 0.1527085007238257 5.252975743174099 1.6175031465864622 0.0 10.171283386788767 20.55796712787704 0.4002605174069945 -3.4700310401121826 1.622227478877369 2.167366675532543 -5.845872152094195 -0.5986253168757123 -0.3637164794597735 2.3130882578834395 -0.7480948023685634 1.8665295270061182 -0.5789665562917109 -1.0558771747991738 -1.3199639371828396 2.066294481883626 1.3573688067644745 -0.9798541760155509 2.160379757159614 1.5969347638829445 0.5969347638829444 1.74964326460677 1.74964326460677
0.889482829645 0.47434566733908506 0.43677672156100816 2.4403414847091254 1.5215340475852925 0.8283746846930284 0.08336792480438032 0.2209454426060936 0.3674818357107557 0.47434566733908506 0.1389465413406339 4.872146366552295 1.5064283770513895 0.0 8.335076326353374 19.32030685183639 0.4060775566965219 -3.3697481745056805 1.50942672257213 1.9618761601083763 -5.449252566126951 -0.5934282153663026 -0.3656146448690249 2.1968845185743024 -0.5975382673463449 1.7708438951276388 -0.5759923341143847 -1.0359920168129468 -1.043512374808322 1.9071477441285523 1.2190892407567147 -0.880085609409474 2.0579379772336686 1.4716640468177435 0.47166404681774365 1.6106105881583774 1.6106105881583774
0.90042346845 0.4673364653249877 0.386420510737018 1.8855791232066117 1.3911425683873493 0.8080744412184753 0.07674328646147785 0.17500669124895787 0.27521000061030965 0.4673364653249877 0.12790547743579642 4.513865885283352 1.403115478046106 0.0 6.828047504964856 18.088751328543527 0.4120391275491558 -3.271384370328928 1.4048403612589775 1.775914596946131 -5.07776188128306 -0.5894276450843648 -0.36744639886054264 2.086547769406543 -0.45545016006072997 1.680742207743655 -0.5731411805283517 -1.0188557554283697 -0.7875217555257636 1.758280741110824 1.0932038036586094 -0.7902945014769713 1.9586422919707467 1.352850366124926 0.35285036612492604 1.4807558435607224 1.4807558435607224
0.911498677112 0.4606398381563224 0.3466205081932542 1.39372094657375 1.2727532607454897 0.788868133575443 0.07154011106835384 0.13250512543746282 0.18847048457457838 0.4606398381563224 0.11923351844725641 4.1783061790427585 1.3077040030218348 0.0 5.598660311940828 16.873976226499977 0.41813764818606325 -3.1749230361131957 1.308552934302368 1.6080907810300318 -4.731399385352745 -0.5865970693045296 -0.3692255595687275 1.9823144387890457 -0.3224502330109529 1.5963848412202246 -0.5703904195747371 -1.0042646375812232 -0.5522117116583262 1.6194876836516405 0.9790902619735631 -0.7097458668303086 1.863080920341789 1.2411329857323083 0.24113298573230837 1.3603665041795647 1.3603665041795647
0.92271011084 0.4541969027192844 0.3153441666692695 0.9602528754221762 1.1654238912781156 0.7705642720763383 0.06757608509735019 0.09346263286072577 0.10758202102776071 0.4541969027192844 0.11262680849558365 3.865307720279217 1.2202088295233444 0.0 4.600015416627416 15.685001533856612 0.42436552553665413 -3.0803481707555527 1.220520102319244 1.4570377612658532 -4.40982162771323 -0.5848956168473598 -0.37096572778474 1.8843112745572455 -0.19891530104016894 1.517836014297533 -0.5677185874353916 -0.9920052284576786 -0.3374682284999994 1.4904837394999273 0.8760759485289942 -0.6377305622281825 1.7716844660616617 1.1369278076809186 0.13692780768091856 1.2495546161765023 1.2495546161765023
0.934059445203 0.4479540089434683 0.29096733327999247 0.5808209609755279 1.0682661865496461 0.7529930496102927 0.06469654699381973 0.057851227306426854 0.03271154661603046 0.4479540089434683 0.10782757832303289 3.5744341483294417 1.1405391249390633 0.0 3.7904233397901996 14.529244888033602 0.43071521581591926 -2.987644289896938 1.140591603404621 1.3214256705612546 -4.112405516981356 -0.5842736632005211 -0.37268017011670634 1.7925728060381936 -0.08500984603172332 1.445078878933008 -0.5651054988372518 -0.9818630234020679 -0.14289820368234957 1.3709205067299952 0.7834548131039234 -0.5735670794819191 1.6847452277151607 1.0404542425848367 0.04045424258483668 1.1482818209078696 1.1482818209078696
0.945548376379 0.4418625522400525 0.2721916748935791 0.25123875911080984 0.9804443510936678 0.7360046915923986 0.06277234050651281 0.025601612528505447 -0.03610358772408095 0.4418625522400525 0.10462056751085469 3.3050252750655673 1.0685169797867737 0.0 3.1336051638177556 13.412628357225357 0.43717927539306756 -2.8967963538962636 1.0685328750697303 1.1999705501760771 -3.8383078879866357 -0.5846774511782734 -0.3743817277111179 1.7070579702803144 0.01928185908250319 1.3780300575935198 -0.5625322897629493 -0.9736290753379859 0.03211754124761393 1.2604004975447012 0.70050270282232 -0.5166030620875409 1.6024374027694597 0.9517639096929293 -0.048236090307070684 1.056384477203784 1.056384477203784
0.957178621409 0.435878778154212 0.257976628641959 -0.032506891247439995 0.9011734970141388 0.7194679674896731 0.06169705562348132 -0.003388638485274876 -0.09893335311317575 0.435878778154212 0.10282842603913554 3.056246744137284 1.0038950729259597 0.0 2.5986072419230863 12.339746979823818 0.44375040233940305 -2.8077896975250294 1.004044745430046 1.091440680610648 -3.586519607820918 -0.5860525554329697 -0.37608274862949487 1.6276652474305153 0.11412388765671849 1.3165530952164224 -0.5599814391402119 -0.9671044896734375 0.18837457937754754 1.1584903499525157 0.6264907055742155 -0.46621652493408 1.5248368213913797 0.8707694211323005 -0.12923057886769945 0.9735978471714359 0.9735978471714359
0.968951918452 0.42996358040137456 0.24748390114221344 -0.27425148979788805 0.8297179990256732 0.7032688355095236 0.061383998327689177 -0.029247509197445537 -0.15593372166497405 0.42996358040137456 0.10230666387948197 2.82713514876313 0.946372942214508 0.0 2.159509971426999 11.313953149790034 0.4504214692364191 -2.720609961666023 0.9467808931975995 0.9946613019533759 -3.355913243983121 -0.5883462069261574 -0.37779504151638066 1.55424599515408 0.1997983612043004 1.2604705349979763 -0.557436772267307 -0.9621029630939912 0.3267996807768938 1.0647325984194425 0.5606965213952602 -0.42181678049988014 1.4519393312745978 0.7972719578694701 -0.20272804213052986 0.8995786217489522 0.8995786217489522
0.980870027049 0.4240822934668568 0.24003271479921987 -0.47764983751776247 0.7653897877852858 0.6873091959594422 0.06176314550960537 -0.05212172050720842 -0.20732700188210074 0.4240822934668568 0.10293857584934228 2.6166379173851873 0.8956115739672414 0.0 1.7950043647968705 10.337479120516686 0.45718554799842503 -2.6352430270487766 0.8963629547252288 0.9085181608769086 -3.145283955286475 -0.5915086407941882 -0.37952984793000505 1.4866159093436535 0.2766776442067037 1.2095744909839186 -0.5548834487260016 -0.9584517487534203 0.44841082051572123 0.9786559297232755 0.5024138878736978 -0.3828450673895763 1.3836773334943113 0.7309867099513463 -0.26901329004865365 0.8339252858006885 0.8339252858006885
0.992934728382 0.4182044808832791 0.23506417169322635 -0.6461744015147093 0.7075465957264957 0.6715057324043209 0.06277826319885134 -0.0721707615809645 -0.25338430454858973 0.4182044808832791 0.10463043866475223 2.4236476948061125 0.8512461341161626 0.0 1.4878900294013502 9.411717625573004 0.464035927507418 -2.551674950473849 0.8523932713261935 0.8319600537551481 -2.953383688225241 -0.5954937045435961 -0.38129783063989864 1.424564685054624 0.3451996439346339 1.1636356988762708 -0.5523079374057702 -0.9559915116624969 0.5542827739111038 0.8997839259791052 0.45096012655637147 -0.3487748691538912 1.3199342463898718 0.6715655649605735 -0.3284344350394265 0.7761960036253258 0.7761960036253258
1.00514782554 0.41230372028891216 0.2321132747670185 -0.7831145488079114 0.6555901630025851 0.655788823340969 0.06438429995855414 -0.08956174468081103 -0.29441024737743804 0.41230372028891216 0.10730716659759025 2.2470312496567746 0.8128969192201522 0.0 1.2245427520299612 8.537173267482524 0.4709661249462129 -2.4698919034513747 0.8144655087774608 0.7640005963429062 -2.778980938927596 -0.6002589746006026 -0.3831090752448638 1.3678839545972588 0.40584631553362704 1.1224211123857517 -0.5496979810943271 -0.9546070471365745 0.6455180116603529 0.8276423533513536 0.40568205031973575 -0.31911200125498024 1.2605767879996685 0.6186169020889314 -0.3813830979110686 0.7259240686865216 0.7259240686865216
1.0175111438 0.40635738629429635 0.2307873038467017 -0.891577024087987 0.608964421738573 0.640101510292876 0.06654511299050028 -0.10446511331617339 -0.33073004883668206 0.40635738629429635 0.11090852165083381 2.085653198506449 0.7801784728141519 0.0 0.994390315978031 7.713702347238031 0.4779698917034352 -2.3898801132795864 0.7821732243081596 0.7037191342755407 -2.6207552460472385 -0.6057655963404043 -0.38497310263079265 1.3162936178216373 0.4591255660380784 1.0856600856105019 -0.5470425528523235 -0.9540980349402816 0.7232229021726302 0.7617650949051799 0.3659603053355835 -0.2933944216516293 1.2053850961708037 0.5717222963091272 -0.4282777036908728 0.6826308179599755 0.6826308179611155
1.03002653086 0.400346432244146 0.2307494079531403 -0.9744874277434037 0.5671536579590567 0.6243985114951591 0.06923154715748156 -0.11705113919273318 -0.362678897698639 0.400346432244146 0.11538591192913594 1.9383949381827534 0.752707014230497 0.0 0.7894081276098708 6.940737476699419 0.48504121458671096 -2.311625807806065 0.7551166296670333 0.6502609936396281 -2.4775091779421334 -0.6119780131621355 -0.3868988899714906 1.2695689016807792 0.5055563759049132 1.053110359979982 -0.5443318061915283 -0.954372096818184 0.7884887266821166 0.7016988509273578 0.33121236426337614 -0.27119180997966613 1.1541829897516431 0.53045027841317 -0.46954972158682995 0.6458361904847738 0.6458361933078625
1.04269585719 0.39425517169309854 0.23170640961515715 -1.0345920867044256 0.5296806709526527 0.6086452724342056 0.07241985636042848 -0.12748707665550768 -0.39059329087954076 0.39425517169309854 0.12069976060071415 1.8041693250594486 0.7301064697211733 0.0 0.6036629471958216 6.217099977152298 0.4921743134004995 -2.2351151610992037 0.732907913107786 0.6028387818805278 -2.348052161296126 -0.6188636903452871 -0.3888948983020274 1.2274637762405207 0.5456566827857398 1.0245217666827688 -0.5415570207250981 -0.9553136744798366 0.8423766742829136 0.6470067434758073 0.30089447072513953 -0.2521050129479173 1.1067640156398066 0.4943675476550524 -0.5056324523449476 0.6150673376117086 0.6150675892348308
1.05552101624 0.38807106075010456 0.23339996069170046 -1.0744613183342833 0.4961049345404811 0.5928170478753128 0.07609044077973964 -0.13593502272562952 -0.41480440721212436 0.38807106075010456 0.1268174012995661 1.6819316366567683 0.7120129940874416 0.0 0.43290859690587025 5.541346908062349 0.49936363518610416 -2.1603342446873146 0.715175064425297 0.5607370788494215 -2.2312430040799 -0.6263928921397187 -0.3909691048349854 1.1897348782081847 0.5799341437183311 0.9996496818720807 -0.5387105448837292 -0.9568157022516486 0.8859069428590619 0.597270965826935 0.2745024818992172 -0.23576522959972154 1.0629174769086185 0.46304755047623625 -0.5369524495237638 0.5898657640433064 0.589869752568981
1.06850392474 0.3817844819614669 0.23560031703167644 -1.0964930197622347 0.46602076259094105 0.576898010899305 0.08022686473479526 -0.14255028606177966 -0.4356330278925404 0.3817844819614669 0.13371144122465878 1.5706873456406552 0.6980784133321183 0.0 0.2742272965243527 4.911854075633147 0.5066038461604416 -2.0872689803419835 0.7015646644801354 0.5233138817431511 -2.1259971525468995 -0.6345385348334874 -0.39312903859854614 1.1561445281203366 0.6088790614305909 0.978257671854319 -0.5357857368624437 -0.9587789757705666 0.9200508035656516 0.5520946146945986 0.2515719868907441 -0.2218330986815242 1.022433086895678 0.43607705718828504 -0.563922942811715 0.5697957258292692 0.569819644106861
1.08164652301 0.37538853065900707 0.2381021024107254 -1.1029167682295726 0.4390554952992364 0.56088038699296 0.08481511210298172 -0.14748021063937866 -0.4533858193511847 0.37538853065900707 0.1413585201716362 1.46949725743788 0.6879727008204516 0.0 0.1257307895866298 4.326715788276261 0.5138898218090485 -2.0159050960001146 0.6917437718161271 0.48998944051838156 -2.031291535194592 -0.6432761098124405 -0.39538181812646916 1.12646314084788 0.6329592223028984 0.9601195149765848 -0.5327769048841169 -0.9611116933272366 0.9457252541327594 0.5111028356130355 0.23167779971556915 -0.20999767535880962 0.9851046206762439 0.41306097536706543 -0.5869390246329346 0.5544518719629393 0.5545319505358188
1.09495077524 0.3688788045532953 0.24072154872910292 -1.0957986674388407 0.41486770717621524 0.5447636123920071 0.08984304015965067 -0.15086341706459924 -0.46835283815785117 0.3688788045532953 0.14973840026608445 1.3774804742338822 0.6813855621082332 0.0 -0.013690390395918671 3.7839239410136245 0.5212166355661119 -1.946228085506096 0.6854009923909531 0.46023070333147403 -1.9461672261194654 -0.652583662354219 -0.3977341901923616 1.100471055161092 0.6526164571480819 0.9450206374939644 -0.529679247629679 -0.9637291288535241 0.9637899882401542 0.4739434012999219 0.21443289400565854 -0.19997527607195645 0.9507326548950076 0.3936255820466851 -0.6063744179533149 0.5434574842578515 0.5436430278711344
1.10841866978 0.36225319729345645 0.24329478399652685 -1.0770465477721594 0.3931454431054246 0.5285535169819072 0.09529999268761706 -0.1528293512153038 -0.48080595483047817 0.36225319729345645 0.15883332114602844 1.293815619042346 0.6780273663155503 0.0 -0.14457313093910465 3.2814075535648954 0.5285795465926872 -1.8782231715510544 0.6822469709356017 0.4335434748005325 -1.8697305138013807 -0.6624418043829633 -0.4001925687886976 1.0779599104518862 0.6682644918637078 0.9327591066567721 -0.526488795510265 -0.966553387634313 0.9750460453839869 0.44028683058750995 0.19948696789334486 -0.19150825735813481 0.9191265893058578 0.3774205666673739 -0.6225794333326261 0.5364550532584487 0.5367922447489013
1.12205221942 0.3555116966692536 0.24567682747421066 -1.048415610059731 0.3736044880766779 0.512261532936737 0.10117653915633723 -0.1534980975512572 -0.4909980525677379 0.3555116966692536 0.16862756526056205 1.2177406943520892 0.6776295126928241 0.0 -0.26704808452767026 2.8170709381792873 0.5359739869888558 -1.8118752721507612 0.6820143885643344 0.40947310969794304 -1.8011526056470348 -0.6728337424650246 -0.4027630737299872 1.0587336069396625 0.6802878904314195 0.9231462282670231 -0.5232023533107453 -0.9695132043708884 0.9802358708746155 0.4098261427582282 0.18652470591584863 -0.18436372563971315 0.8901060416791005 0.3641200713364592 -0.6358799286635408 0.5330999739885786 0.5336186840682655
1.13585346172 0.348656188038212 0.24774101809464819 -1.0115142642024126 0.3559866760326791 0.49590393079895534 0.10746430963291777 -0.15298037604371567 -0.49916277584961666 0.348656188038212 0.17910718272152962 1.1485519017833836 0.6799444068719129 0.0 -0.38097073562446176 2.3888024146001188 0.5433955488623508 -1.7471689698158475 0.6844573424822779 0.3876084815988414 -1.7396683842819556 -0.6837453041520274 -0.40545156842965535 1.042608945640923 0.6890417695339153 0.9160068548972264 -0.5198174445871636 -0.9725437496008886 0.9800443351347803 0.38227632930605 0.1752638645742359 -0.17833222131149026 0.8635017629193935 0.35342301943819376 -0.6465769805618062 0.5330618801825069 0.5337706799315549
1.1498244593 0.3416902636046571 0.24937866885898027 -0.967810366763769 0.3400582418101425 0.4795010853435488 0.11415590133718514 -0.15137771263912164 -0.5055147708086928 0.3416902636046571 0.19025983556197526 1.085601691709019 0.6847450647532826 0.0 -0.48602278425399315 1.9945243562828645 0.5508399713543213 -1.6840884847604336 0.6893483729232289 0.367584862090056 -1.6845742839251496 -0.6951649521995676 -0.40826369649276084 1.029415950680099 0.694852211025714 0.9111794115535777 -0.5163322581407987 -0.9755864234122178 0.9751006242475015 0.35737361305123777 0.1654531960120059 -0.17322635589361093 0.8391561151181237 0.3450528081567603 -0.6549471918432397 0.536030249300372 0.5369180663122908
1.16396730015 0.3346190380105149 0.2504987915859141 -0.9186375602222155 0.3256082189489853 0.4630767735088762 0.12124483687244936 -0.148782709386623 -0.5102502236331612 0.3346190380105149 0.20207472812074895 1.0282962642552742 0.6918245044875877 0.0 -0.5817898909972095 1.6321934429698564 0.5583031279393871 -1.6226176512404926 0.6964778165006579 0.34908427457874885 -1.6352256631826787 -0.7070837804950614 -0.41120491691711497 1.0189979749415843 0.6980170927428255 0.9085157428484532 -0.5127455967482181 -0.9785886240531938 0.9659806121110075 0.3348745533367992 0.15687032041130894 -0.16887944998056162 0.8169232468208353 0.33875661528574175 -0.6612433847142583 0.5417199866044807 0.5427610154389145
1.17828409794 0.32744897071605905 0.25102778107879425 -0.865201854648394 0.31244688775063495 0.4466575069075012 0.1287255581156758 -0.14527941005157607 -0.5135476639896888 0.32744897071605905 0.21454259685945967 0.9760927072987697 0.7009949328697709 0.0 -0.6678181454056736 1.2998411986105711 0.5657810141385539 -1.5627398973004762 0.7056607587231197 0.33183350964144287 -1.5910337145521876 -0.7194954892989792 -0.414280537754474 1.0112115936935495 0.69880729703138 0.9078807857587826 -0.5090568282890214 -0.9815034865881319 0.9532096693364205 0.3145550459091871 0.1493195534702934 -0.1651441574756647 0.7966689968340898 0.3343043633233196 -0.6656956366766804 0.5498746805604758 0.5510339795879531
1.19277699234 0.32018769554465365 0.25090898672512074 -0.8085882435414801 0.30040427582469714 0.4302719012302408 0.1365934442254747 -0.14094371045893608 -0.5155689035761168 0.32018769554465365 0.22765574037579117 0.928495914003204 0.7120868367996744 0.0 -0.7436566633218724 0.9955799486633818 0.5732697357949592 -1.504438227759703 0.7167385423800592 0.31560067678627357 -1.5514621695517423 -0.7323963412541339 -0.4174957481737908 1.0059263640600953 0.697468108572245 0.9091521438984953 -0.5052658393296605 -0.9842895934666123 0.9372656516745737 0.2962092571319893 0.1426297605867871 -0.1618911093450594 0.778270623684304 0.33148750866365584 -0.6685124913363442 0.5602673345532978 0.5615057834158771
1.20744814935 0.31284385773684553 0.25010212649116176 -0.7497673629559312 0.2893287137407135 0.4139500847260839 0.14484484364231362 -0.13584379928054524 -0.5164600630564911 0.31284385773684553 0.24140807273718937 0.8850553972130141 0.7249480096806984 0.0 -0.8088845554123211 0.7175735053494877 0.5807654980186183 -1.4476952104056373 0.7295713865725683 0.3001910739146438 -1.516023882295924 -0.7457850999787817 -0.4208556489129269 1.0030244755697857 0.6942207370056735 0.9122195857445339 -0.5013729911875584 -0.9869106603013619 0.9185819884110747 0.27964852444356736 0.13665225668960287 -0.15900757900067153 0.7616164028325962 0.3301177164392355 -0.6698822835607645 0.5726991923329725 0.573977351743569
1.22229976158 0.30542695883207605 0.248582526375219 -0.6896022485367659 0.2790854471713561 0.3977231477171754 0.15347711435983277 -0.1300406298630527 -0.5163526802287582 0.30542695883207605 0.2557951905997213 0.8453620846295733 0.7394425103709631 0.0 -0.8631295098294218 0.4641021654369715 0.5882645947621029 -1.3924929660700975 0.7440307650583105 0.28544291130121313 -1.4842773076655984 -0.7596629559726932 -0.42436528113381233 1.0024002994641308 0.689263956809897 0.9169844697244336 -0.4973790784783549 -0.989335204684661 0.8975508630891609 0.26470024825046334 0.13125875300026482 -0.15639616411388768 0.7466051088644095 0.33002543038707954 -0.6699745696129205 0.5869974058989058 0.5882782695386325
1.23733404865 0.2979472095071501 0.24634018398158605 -0.6288549627634409 0.2695553079554316 0.38162263446219863 0.16248866751043722 -0.12358837749161304 -0.5153647907375656 0.2979472095071501 0.2708144458507287 0.8090451647340069 0.7554496551131631 0.0 -0.9060792302556806 0.23352639755649912 0.5957633994093252 -1.3388131604074545 0.7599966199870454 0.2712232804888313 -1.4558230911472148 -0.7740334438584886 -0.42802965379115326 1.0039599097098253 0.6827757041561057 0.923359166334299 -0.4932852900488946 -0.9915362046989823 0.8745262739592223 0.2512067947946252 0.12633940854735332 -0.15397351839499565 0.7331454638590966 0.33105847803130706 -0.6689415219686929 0.6030122802269099 0.6042630805796677
1.25255325745 0.29041539069009537 0.24337866948541656 -0.5681932118497247 0.2606334446596676 0.3656800788251774 0.1718790108874097 -0.11653489855295696 -0.5136020129138447 0.29041539069009537 0.28646501814568287 0.7757690301553132 0.7728630052318383 0.0 -0.9374852470205025 0.024284879111746607 0.6032583559122857 -1.2866370005128456 0.7773587223762699 0.2574244899226705 -1.4303007091848343 -0.7889023547783296 -0.43185376953564397 1.0076205609949975 0.6749146799888728 0.9312664573223624 -0.4890931723065617 -0.9934907539678285 0.8498270452958387 0.23902442487425887 0.12180096586026695 -0.15166911796314575 0.7211555428493147 0.3330806705456246 -0.6669193294543754 0.6206144497220529 0.6218077188382095
1.26795966252 0.2828427229322333 0.23971388772897229 -0.5081968596145741 0.25222811328221834 0.34992658415813976 0.18164879109405171 -0.10892217452638044 -0.5111585968646257 0.2828427229322333 0.3027479851567529 0.7452303509818248 0.7915893882921272 0.0 -0.9571640972763035 -0.16507235981178758 0.6107459710014278 -1.2359452330867935 0.7960195307986333 0.2439608436346314 -1.4073852408687362 -0.8042776483896407 -0.43584264932190686 1.0133101547736292 0.6658219002446877 0.9406389401306456 -0.4848045947886892 -0.9951797200676549 0.8237397122857122 0.22802225929404218 0.11756499151065852 -0.1494240755900499 0.7105621696168762 0.3359704487542685 -0.6640295512457315 0.6396922582183323 0.6408063240849637
1.28355556637 0.2752407442070774 0.23537273021617916 -0.4493642918989597 0.244259529259502 0.3343924478900517 0.1917998328771442 -0.1007867315936014 -0.5081184152111797 0.2752407442070774 0.3196663881285737 0.7171553035421211 0.811547972917394 0.0 -0.9649952564739582 -0.3359221687088309 0.6182228071281374 -1.1867181462400822 0.8158962090459301 0.23076587109459062 -1.386784316902693 -0.820169367255004 -0.4400013557913004 1.0209667144826315 0.655622160107245 0.9514184549237856 -0.48042171793187377 -0.9965874111526584 0.7965212404900471 0.21808128882549924 0.11356623088570839 -0.14719000953304617 0.7013003263540579 0.3396196044566443 -0.6603803955433557 0.6601494707953623 0.6611685341600103
1.29934329983 0.26762119611110846 0.23039164994895678 -0.39211863544948794 0.23665878009984206 0.31910683056448474 0.20233517552057773 -0.0921600380872094 -0.5045559002242842 0.26762119611110846 0.33722529253429623 0.6912969651015175 0.832669392310012 0.0 -0.9609156729663672 -0.48956106846986425 0.625685476313347 -1.1389355737431313 0.8369206111340592 0.21778997561930885 -1.3682352368988049 -0.8365895565454912 -0.4443350155763321 1.0305378722218392 0.644425419491661 0.9635555336789081 -0.4759469629157794 -0.9977012551723106 0.7684015920166374 0.20909343381072729 0.10975107309195964 -0.14492796592708934 0.6933125796875429 0.34393207095509437 -0.6560679290449056 0.6819033386399539 0.6828172416392315
1.31532522242 0.25999591845521475 0.22481519284884713 -0.33681382808088683 0.2293667991852745 0.30409746877918853 0.213259106413862 -0.08306888316919558 -0.5005369350631932 0.25999591845521475 0.35543184402310335 0.6674328835339525 0.85489490895991 0.0 -0.9449150410927054 -0.6271679818005985 0.6331306348759771 -1.0925769017535494 0.8590373571980624 0.20499846500597996 -1.3515022435856956 -0.8535521911391385 -0.44884884064882996 1.0419803671756895 0.6323281212537554 0.9770088689483678 -0.47138298348440094 -0.9985114947751179 0.7395861529429715 0.20096065652774078 0.10607612227457021 -0.14260739441958278 0.6865485231525861 0.3488227728445654 -0.6511772271554346 0.7048829923288629 0.7056867638072926
1.33150372266 0.25237675221377603 0.21869451900992531 -0.28374040553222957 0.2223333999735909 0.28939043112134294 0.22457719241837223 -0.07353570860120866 -0.4961196375113855 0.25237675221377603 0.37429532069728705 0.6453628218209555 0.8781756831859016 0.0 -0.9170298995348434 -0.7498792786366051 0.6405549788573168 -1.04762107873389 0.8822012312885403 0.19236996810287207 -1.3363740648068934 -0.8710731117843122 -0.4535481488204457 1.0552596022580254 0.6194143493679826 0.9917448466407843 -0.46673263966063533 -0.9990109002191931 0.7102579141461908 0.19359412779431884 0.10250689877871139 -0.14020519481161645 0.6809642815607383 0.3542166144938279 -0.6457833855061721 0.7290282058582428 0.7297214475558673
1.34788121844 0.24477545067428383 0.21208594343161125 -0.23313115008808027 0.21551636918910735 0.2750099156587826 0.2362963085548224 -0.06357893028955458 -0.4913551170209693 0.24477545067428383 0.393827180924704 0.6249066744284825 0.9024720639037347 0.0 -0.8773340690456459 -0.8587587082352893 0.6479552403652324 -1.0040466271240494 0.9063752318948632 0.17989516786760626 -1.322661572489281 -0.8891699706257646 -0.45843838355111544 1.0703492069286682 0.6057569485565526 1.0077370893097815 -0.46199897322132766 -0.9991945005181491 0.6805795551529177 0.18691344805085086 0.09901663343830036 -0.1377048130130388 0.6765220260039642 0.36004750301859967 -0.6399524969814003 0.7542883846897284 0.7548745527325965
1.36446015743 0.23720359866006513 0.20504952634789397 -0.18516652084237795 0.20888061971054442 0.26097808735556355 0.24842466700399946 -0.0532132379537967 -0.4862881836069548 0.23720359866006513 0.41404111167333246 0.605902552314812 0.9277529280663777 0.0 -0.8259347171268913 -0.9547398427582706 0.6553281847772412 -0.961831656921186 0.9315298629276498 0.16757584486181984 -1.3101956045486034 -0.9078621885406762 -0.46352513318367394 1.0872306287114168 0.5914185715193214 1.0249660301869126 -0.4571851848403036 -0.9990593354443039 0.6506953878168861 0.18084592219193443 0.09558516443260862 -0.13509539580595242 0.6731895170380845 0.36625743333914784 -0.6337425666608522 0.7806217628095916 0.7811073901253437
1.38124301737 0.22967253969886522 0.19764773484593662 -0.13997971153232014 0.20239740034236886 0.24731495354713556 0.2609718449708692 -0.042449832548936896 -0.48095791673225863 0.22967253969886522 0.43495307495144875 0.5882050273514724 0.9539951582191901 0.0 -0.7629657522468805 -1.0387496198573452 0.6626706084262883 -0.9209538825892203 0.9576431277313828 0.15542424545512346 -1.2988250966973478 -0.9271709228656727 -0.468814149693141 1.1058928141901825 0.5764525167812384 1.0434185784263685 -0.4522946128342756 -0.9986042264081866 0.6207330123000584 0.17532588672848018 0.09219796453848898 -0.13237102439035986 0.6709397392387338 0.372795753819702 -0.627204246180298 0.807994879556693 0.8083887781198328
1.39823230648 0.22219331085075092 0.18994419625463446 -0.09766159148940734 0.19604356138774998 0.23403827512245862 0.2739488127527409 -0.03129667298168645 -0.47539825514854905 0.22219331085075092 0.45658135458790156 0.5716835277465404 0.9811830994393526 0.0 -0.6885779089402838 -1.111642931035862 0.6699793372494924 -0.8813906407362122 0.984700309189243 0.14346265347240839 -1.2884152451394986 -0.9471190462432681 -0.4743113671170599 1.1263318753863523 0.5609035978601897 1.0630877701043333 -0.4473307133704261 -0.9978295663103394 0.5908049619070533 0.1702940873289175 0.08884523668248832 -0.12952998886941153 0.6697505207984508 0.3796184048784361 -0.6203815951215639 0.8363820950691817 0.8366945770614876
1.41543056385 0.2147765849951537 0.1820025599873342 -0.058265360141181444 0.18980087536242932 0.22116351107811683 0.28736796425692446 -0.019758693417763304 -0.4696385250126954 0.2147765849951537 0.47894660709487413 0.5562208765008247 1.0093080820821787 0.0 -0.6029368959896487 -1.1741566575141738 0.6772512260650089 -0.8431189098552725 1.0126935683986704 0.13172313145796538 -1.2788458462242787 -0.9677311375947273 -0.48002291976085676 1.1485508024509876 0.5448089184874185 1.083972464586683 -0.44229704206896114 -0.9967371288071988 0.5610101924381927 0.1656971044599002 0.08552110705271301 -0.1265741253562325 0.6696041953561135 0.3866872371297553 -0.6133127628702447 0.8657652182428854 0.8660073691491137
1.43284035979 0.20743262033258933 0.1738854777499065 -0.021810836085050522 0.18365541008967748 0.2087037939072977 0.3012431490680304 -0.007837963439732133 -0.4637038433001905 0.20743262033258933 0.502071915113384 0.5417119621216607 1.0383680718131936 0.0 -0.5062169596415553 -1.2270418246823025 0.6844831583957803 -0.8061153321095489 1.041621610132586 0.12024732315463502 -1.2700098993230693 -0.9890334838402319 -0.48595516027371094 1.172559263292238 0.5281984599124911 1.106077127252559 -0.43719723692938106 -0.9953298947091616 0.5314353274956412 0.1614868246059089 0.08222292730894763 -0.12350822476860626 0.6704873481788539 0.3939694902981472 -0.6060305097018528 0.8961332990561056 0.8963163308330199
1.45046429621 0.20017121678085942 0.16565370943573152 0.011711391364657597 0.17759695225775524 0.19666993307829736 0.315589706579398 0.004466134393810126 -0.4576155629461967 0.20017121678085942 0.5259828442989967 0.5280625318470656 1.0683672813528 0.0 -0.39859287880416094 -1.2709631791185076 0.6916720469498059 -0.7703562363402288 1.0714893073714158 0.10908606257721654 -1.2618122035844745 -1.011054092143401 -0.49211467772772394 1.1983733813543602 0.5110957296529629 1.129411588450794 -0.43203500247797016 -0.9936118943748412 0.502155927130595 0.15761995442936397 0.07895063085156308 -0.1203394792332143 0.6723905370553634 0.40143721826625933 -0.5985627817337407 0.927482351734343 0.9276170607122927
1.46830500706 0.19300167895982248 0.1573653597424873 0.042336132390935255 0.17161848054012482 0.18507044384937654 0.33042450550494645 0.0171567640044369 -0.45139164370117196 0.19300167895982248 0.5507075091749107 0.515188098818535 1.0993158654737387 0.0 -0.28024036660055196 -1.306505802490794 0.698814834790846 -0.7358176619321952 1.1023074078912463 0.09829858226744483 -1.254168135394977 -1.0338227142928507 -0.4985083158099777 1.2260155744381287 0.4935182958267877 1.1539908611283602 -0.4268140950588352 -0.9915880667764898 0.47323759331370907 0.1540575751796768 0.07570617604914831 -0.11707698964962515 0.675308065263218 0.40906680977521925 -0.5909331902247807 0.9598151470753181 0.9599114919228461
1.48636515864 0.1859327854959563 0.14907524356710086 0.07012009471461833 0.16571568472264542 0.17391159871824827 0.34576598576349227 0.03023954205674584 -0.44504692248647926 0.1859327854959563 0.5762766429391538 0.5030129531326301 1.1312297204526747 0.0 -0.15132857793227106 -1.3342762310588214 0.7059084967271634 -0.7024753850092686 1.134092343784057 0.08795102890614008 -1.247002627499766 -1.0573708803842274 -0.5051431911862105 1.2555144679233072 0.4754781694166677 1.1798350308802572 -0.421538309235055 -0.9892641315674225 0.4447368890769248 0.1507647346680255 0.07249307405743867 -0.11373133336191962 0.6792378249841534 0.4168386386631042 -0.5831613613368958 0.9931410943319072 0.9932079013202562
1.50464745009 0.17897276422662506 0.14083437878009805 0.09513850397824436 0.15988652946198548 0.16319749858363014 0.3616342057887381 0.043722409107341896 -0.4385934698188522 0.17897276422662506 0.6027236763145636 0.49146926802272445 1.1641302064957113 0.0 -0.012016003182474307 -1.354777054306807 0.71295004157995 -0.6703049441498816 1.1668659652114304 0.07811396258627779 -1.240249075037962 -1.0817319434701118 -0.5120267122106683 1.286904762847577 0.4569823126234239 1.2069690976194334 -0.4162114651713823 -0.9866464746182698 0.41670234373018933 0.14771007418016474 0.06931595116108269 -0.11031416091410842 0.6841810865330135 0.42473660296675386 -0.5752633970332461 1.0274759744266544 1.0275207692814536
1.52315461373 0.17212927305021103 0.1326896013466213 0.11748211272135406 0.15413086078662677 0.15293016102430323 0.37805089649355095 0.05761557036941398 -0.43204080139174805 0.17212927305021103 0.6300848274892517 0.48049629383250037 1.1980440260975036 0.0 0.13754853870239492 -1.368473677543179 0.7199365145378523 -0.639281668275725 1.200655427828979 0.06885874498045236 -1.233848504797976 -1.1069411352299905 -0.519166598004359 1.3202272160764352 0.43803292625787177 1.2354229259418226 -0.4108373970011986 -0.9837420462904484 0.38917520976819664 0.14486548777621255 0.0661801984798729 -0.10683785724977929 0.6901423885871835 0.4327478506306923 -0.5672521493693077 1.0628418251180192 1.062870780411646
1.54188941548 0.16540938600949812 0.12468329394344373 0.13725441760205115 0.14845005167431777 0.14310962292495383 0.3950395187935446 0.07193144045632777 -0.4253960860874858 0.16540938600949812 0.6583991979892411 0.47003963054820963 1.2330031119017555 0.0 0.2972332038022498 -1.3758385934809927 0.7268650000789301 -0.6093807046104303 1.2354930896809633 0.06025283516170046 -1.2277487860374467 -1.1330356302800422 -0.5265708980539082 1.3555286320601267 0.4186277298014819 1.265231204564988 -0.40541994207460746 -0.9805582690768228 0.36219018764980726 0.1422058115358372 0.06309166752829913 -0.10331524026264588 0.6971294340708857 0.4408625097236415 -0.5591374902763585 1.0992667970679952 1.0992847776754182
1.56085465529 0.1588195842733276 0.11685322118466099 0.15456907496525607 0.1428466859043143 0.13373405490990856 0.4126253296360296 0.08668458180082661 -0.4186643806441328 0.1588195842733276 0.687708882726716 0.46005057288039597 1.2690445020825831 0.0 0.46692432404438045 -1.3772602228633404 0.7337326252604887 -0.5805770471814284 1.2714163959317224 0.05235435434970351 -1.2219038522831944 -1.1600546219188819 -0.5342480124135467 1.3928618559281485 0.3987602767239607 1.2964334024285025 -0.3999629310471878 -0.9771029563068693 0.3357761512051033 0.13970854042582495 0.06005640460173159 -0.09975929337580478 0.7051529732014323 0.44907338405456454 -0.5509266159454355 1.1367849579108271 1.136795641344732
1.58005316755 0.15236575166459923 0.10923246036484119 0.1695476136272661 0.1373242769752207 0.12479988513925949 0.4308354543600608 0.1018916885048057 -0.41184877274496623 0.15236575166459923 0.7180590906001014 0.45048552068367914 1.3062103178551352 0.0 0.6465269563228696 -1.3731049076657982 0.7405365632614233 -0.5528455659438318 1.308467864461781 0.045206607742156985 -1.2162730852666144 -1.1880394075208858 -0.542206712603488 1.4322858423012512 0.3784201289174157 1.3290737971811895 -0.3944701787625791 -0.9733842393029862 0.30995671998020247 0.13735357059720815 0.05708044315148125 -0.0961829443980621 0.7142267517011498 0.45737576671474767 -0.5426242332852523 1.1754362025273202 1.1754422480069642
1.59948782151 0.1460531743748035 0.10184941746884155 0.18231734990686677 0.13188702005825934 0.1163019301484283 0.4496989669386934 0.11757157620311252 -0.4049505224207771 0.1460531743748035 0.7494982782311557 0.44130544857081166 1.3445477558103787 0.0 0.8359689673624271 -1.3637244015597891 0.7472740372053536 -0.5261610361446856 1.3466950863668186 0.03883341300091506 -1.210820734202919 -1.2170334843134103 -0.5504561633069045 1.473865743189658 0.3575930242207806 1.3632015183823059 -0.3889454758787457 -0.9694105027053468 0.28475080464711333 0.13512296504399748 0.05416963082445698 -0.09259887575430466 0.7243674649585023 0.4657672555848724 -0.5342327444151276 1.2152661655737371 1.2152694061890115
1.61916152171 0.13988654450590526 0.09472791720099538 0.1930095054554289 0.1265395745344188 0.10823353056498412 0.46924697785850406 0.13374517890706572 -0.3979691992561562 0.13988654450590526 0.7820782964308401 0.4324754291470732 1.3841090971746839 0.0 1.0352021330938161 -1.349416975915713 0.7539423242200215 -0.5004981678004974 1.3861507434415186 0.03323610675616366 -1.2055153737766826 -1.2470826552102534 -0.5590059449749125 1.5176730163646517 0.3362610334072877 1.398870606811855 -0.38339258118813335 -0.9651903267409526 0.26017312076476684 0.13300074070273699 0.051329489301199197 -0.08901936474184342 0.7355947199338116 0.474247574048974 -0.525752425951026 1.2563261472278118 1.256327782479131
1.63907720843 0.13386996709667195 0.08788735636591888 0.20175754948278624 0.1212868752248344 0.1005866897184947 0.4895127319696321 0.15043557207775082 -0.3909027760785271 0.13386996709667195 0.8158545532827202 0.4239642047215213 1.424951777204193 0.0 1.244202971955574 -1.3304677457742722 0.7605387597189565 -0.4758316350983609 1.4268926854462114 0.028392856243420826 -1.20032944696346 -1.278235145979269 -0.5678660774374594 1.5637855843588455 0.31440264635688414 1.4361401195683383 -0.37781521459412737 -0.9607324365657705 0.23623462470067136 0.1309726751871915 0.048565109375113484 -0.08545615549129999 0.7479310310761252 0.4828184475603028 -0.5171815524396972 1.298673112974459 1.2986738841092902
1.65923785809 0.12800697030079966 0.08134290910553833 0.20869572603708803 0.11613396958632942 0.09335221333570741 0.5105317141726085 0.1676680058617808 -0.3837477116739811 0.12800697030079966 0.8508861902876808 0.4157438027306619 1.4671384786136996 0.0 1.4629759220601968 -1.3071327674636244 0.7670607416887268 -0.45213610607184407 1.4689840315723763 0.02426046181314721 -1.1952388457930088 -1.3105417323547583 -0.5770470446134045 1.6122880195483615 0.291992837415078 1.4750742564780692 -0.372217050713134 -0.9560456567109024 0.21294291698973683 0.12902613149805686 0.04588107199671747 -0.08192035602096495 0.7614018292606808 0.4914834941483692 -0.5085165058516308 1.3423697260432639 1.3423700629777833
1.67964648375 0.12230051835652976 0.07510577418076657 0.21395775309756782 0.11108587930740062 0.08651984864684514 0.5323417669022993 0.18546994398727162 -0.37649903840206195 0.12230051835652976 0.8872362781704989 0.4077891905267548 1.5107372397684369 0.0 1.6915527096689866 -1.2796309134413864 0.7735057353109818 -0.42938627141501584 1.5124932870680123 0.020778341369819084 -1.1902225134809719 -1.3440558795526047 -0.5865598204702025 1.6632717509207493 0.26900313154626027 1.5157425025869737 -0.3666017130398574 -0.9511388715205696 0.1903026294546133 0.1271498991539857 0.04328139061538904 -0.07842235739951606 0.7760354727502503 0.5002481082930934 -0.4997518917069066 1.3874844004374938 1.38748453547315
1.7003061355 0.11675302706514379 0.0691834538782128 0.21767572238192817 0.10614748376182263 0.08007842149459951 0.554983216957524 0.2038711412380377 -0.36915037792661826 0.11675302706514379 0.92497202826254 0.4000779659026381 1.5558216503359217 0.0 1.9299951794960244 -1.248184758107172 0.7798712773588246 -0.40755687373637883 1.5574945470158092 0.017873982008512885 -1.185262147344389 -1.3788338926446106 -0.5964158962893605 1.716835340693768 0.24540155746908088 1.5582198352361671 -0.36097276867862055 -0.9460209896834094 0.16831571607540008 0.125334050320882 0.04076948088706385 -0.07497177825499843 0.7918633124312281 0.5091194372483147 -0.49088056275168535 1.4340914697000522 1.4340915187511316
1.72121990097 0.11136638142653567 0.06358005572895688 0.21997911202780368 0.10132342355906067 0.07401597011604527 0.5784990143317141 0.22290369735367052 -0.36169402711290116 0.11136638142653567 0.9641650238861903 0.3925900792982283 1.602470996773289 0.0 2.1783964384149916 -1.2129539420839888 0.7861549809011639 -0.3866227356247567 1.6040676512449619 0.015468931323666066 -1.1803418453148335 -1.414935079616721 -0.6066273094192441 1.7730847402027219 0.2211526993739553 1.6025869041571785 -0.35533372356957627 -0.9407009131595849 0.1469818034695088 0.12356980962261058 0.038348137942667435 -0.07157742148757841 0.8089197163165316 0.5181062665603606 -0.48189373343963937 1.4822712915491025 1.4822713074699556
1.74239090575 0.10614195516716787 0.05829660875381817 0.2209939962234489 0.09661802242262807 0.06831987453548846 0.6029348841224719 0.24260216854100178 -0.3541209352755098 0.10614195516716787 1.0048914735374532 0.3853075853153949 1.6507705382619435 0.0 2.4368795978556994 -1.174119830121277 0.7923545397487206 -0.36655878779659545 1.6522984692782818 0.01348444136947258 -1.1754478864155526 -1.4524219277534811 -0.6172066735880221 1.8321336468852072 0.19621757840078083 1.6489303063318599 -0.3496880182119798 -0.935187510183787 0.12629841156483013 0.12184943641729518 0.03601953903085544 -0.06824725433175727 0.8272421733477539 0.5272190453474157 -0.4727809546525843 1.5321105191345983 1.5321105236739914
1.76382231389 0.10108063185082372 0.05333138644446284 0.2208423527640997 0.0920352250197669 0.06297698060676205 0.628339489215851 0.2630036609841698 -0.34642073739199464 0.10108063185082372 1.0472324820264185 0.37821441938338896 1.7008117446344237 0.0 2.7056055216693173 -1.13183990401385 0.7984677330351411 -0.3473400961500044 1.7022791486681157 0.011846089558966277 -1.1705684642718097 -1.4913602923692335 -0.6281672109505844 1.8941038486740418 0.17055361207918607 1.6973428420065284 -0.344039023830973 -0.9294895907086982 0.10626122258689252 0.12016611842982404 0.0337852506543321 -0.06498839740454547 0.8468713666476233 0.5364698391193506 -0.46353016088064936 1.583702321193291 1.5837023223071167
1.78551732835 0.09618282732245902 0.04868023068765698 0.21964148546935008 0.0875785500317596 0.05797371795972797 0.6547646111055413 0.2841479206430139 -0.3385818224311413 0.09618282732245902 1.091274351842569 0.3712961989105353 1.7526925294114273 0.0 2.9847653620847003 -1.0861740305369316 0.8044924295664849 -0.3289418884509807 1.7541083595798077 0.010487018724475496 -1.1656934108158303 -1.5318196022214619 -0.6395227859709193 1.9591255837582422 0.14411461636585585 1.7479237771580691 -0.3383900389824045 -0.9236158863646539 0.08686436399980557 0.11851387572261711 0.031646243100028254 -0.06180712461430116 0.8678512319156731 0.5458722368300001 -0.4541277631699999 1.6371465886799474 1.6371465889093497
1.80747919149 0.09144851320460899 0.044336870291568686 0.21750364538878864 0.08325105574338365 0.05329621121052545 0.6822653434351228 0.30607754348094346 -0.3305911529091964 0.09144851320460899 1.1371089057252046 0.3645400442100796 1.8065177528160081 0.0 3.27458535115655 -1.0372863595257618 0.8104265921285796 -0.3113395800231036 1.8078918085028217 0.009349743697873874 -1.160814160362186 -1.5738730789788786 -0.6512879413424231 2.027338093415799 0.11685042745539309 1.8007792936788554 -0.3327442865421696 -0.9175750320956761 0.06810045175659496 0.11688747402764552 0.029602931677392696 -0.058708885450925744 0.8902291876905942 0.5554415783977235 -0.44455842160227654 1.6925504841238301 1.6925504841622971
1.82971118554 0.0868772412382547 0.04029322959701536 0.21453563220637092 0.07905531687237108 0.0489303840005475 0.7109002979683839 0.3288380572549314 -0.32243438827553594 0.0868772412382547 1.1848338299473067 0.35793441866342973 1.8623994416717706 0.0 3.575335162938269 -0.9852583701465222 0.8162682815764016 -0.2945087987263264 1.8637424726213199 0.008386699691132284 -1.1559234355975416 -1.6175979709210642 -0.6634779360328827 2.098890003525298 0.08870697243086866 1.8560227588691998 -0.32710491109149076 -0.911375549104431 0.04996091223321608 0.11528234666223702 0.027655198113972875 -0.0556983188541955 0.9140561735779914 0.565194790085102 -0.434805209914898 1.7500286200324917 1.7500286200375497
1.85221663313 0.08246816821477107 0.03653972417225124 0.21083855966395912 0.07499341235093553 0.04486205549995026 0.7407318376982426 0.3524780975498207 -0.314095839071869 0.08246816821477107 1.2345530628304044 0.35146898615020805 1.9204572237585356 0.0 3.8873165009861346 -0.9301182638190936 0.8220156608759203 -0.27842540871743715 1.9217810486544007 0.007559840226137154 -1.1510151131880644 -1.6630758094615092 -0.6761087856891027 2.1739398722899583 0.05962607099766904 1.9137751508565468 -0.32147497664189256 -0.9050258330308624 0.032436128560235034 0.11369452415976752 0.02580243084265779 -0.05277928411000657 0.939386809459554 0.5751504373821301 -0.4248495626178699 1.8097035002125401 1.8097035002130377
1.87499889771 0.07822008131326218 0.033065539255173824 0.20650772053619745 0.07106692086722217 0.0410770291877653 0.7718263186436463 0.3770496393353563 -0.305558310578684 0.07822008131326218 1.2863771977394105 0.34513448326552176 1.9808188871607264 0.0 4.2108747488987595 -0.8719710035825361 0.8276669986168166 -0.2630655338550003 1.9821365278597496 0.006839622247128044 -1.1460841760569913 -1.7103926787961738 -0.6891973055276576 2.252656835565816 0.029545066621556097 1.9741655750960398 -0.3158574647045475 -0.8985341408257731 0.015515498623783208 0.11212057094024258 0.024043573138300276 -0.04995489993363923 0.9662796378264057 0.5853289201708287 -0.4146710798291713 1.8717061179102394 1.871706117910274
1.89806138416 0.07413142362615174 0.02985888979129504 0.20163245317036763 0.06727692447430764 0.03756117378663366 0.8042543587158335 0.402608131302834 -0.2968032026097517 0.07413142362615174 1.340423931193056 0.3389226051149226 2.043620728583304 0.0 4.546397120783738 -0.8108077999904292 0.8332206727776443 -0.2484055790971027 2.0449465635252673 0.006203682863926594 -1.1411264620190682 -1.7596395094040393 -0.7027611559714585 2.335221137430706 -0.0016031731497242426 2.0373316530621555 -0.31025527265165764 -0.891908581439796 -0.0008123014821694863 0.11055752835103264 0.022377157058064794 -0.04722757785146438 0.9947972062376501 0.5957523368459754 -0.4042476631540246 1.9361762680390313 1.9361762680390329
1.92140753918 0.07020031973101418 0.026907259927890576 0.1962961566609556 0.06362401839365994 0.034300496384585655 0.8380911261509122 0.42921278994048917 -0.2878102833187829 0.07020031973101418 1.3968185435848537 0.33282590374083243 2.1090082602660707 0.0 4.894311274607435 -0.7466758559079706 0.8386751736095066 -0.23442225200818534 2.110358197478055 0.005635443601864211 -1.1361386822561776 -1.8109123916885093 -0.7168188911419189 2.421824921486649 -0.03389075621677682 2.1034201624820277 -0.3046712123946539 -0.8851571073625893 -0.016559322885403516 0.10900286347961007 0.020801356582393137 -0.04459907067366712 1.0250063779017957 0.6064447682961547 -0.3935552317038453 2.0032633118810086 2.0032633118810086
1.94504085191 0.06642460110929288 0.02419762104554908 0.19057629415097727 0.06010832592406313 0.031281207798895386 0.8734166488811661 0.45692679621622617 -0.27855771045455824 0.06642460110929288 1.4556944148019435 0.32683769685061215 2.177136704347385 0.0 5.2550965566826875 -0.6795955908155786 0.8440291068372732 -0.22109258200423731 2.1785283780025115 0.005122799462271751 -1.1311182403736453 -1.864312911538249 -0.7313900105437173 2.512672903638675 -0.0673949059188104 2.172587547226539 -0.29910800930918724 -0.8782875068197352 -0.031738151549672966 0.10745442319007344 0.019314026270731744 -0.04207051370168942 1.0569784888367315 0.617432242223517 -0.382567757776483 2.07312665702546 2.07312665702546
1.96896485439 0.06280183130016236 0.021716628225634887 0.18454447341031122 0.056729518198346957 0.028489780377706785 0.9103161563137202 0.4858175571126471 -0.2690219565107399 0.06280183130016236 1.5171935938562005 0.3209519870433827 2.2481716373454605 0.0 5.629274162911697 -0.6094959825022859 0.8492811960960187 -0.2083939393042158 2.249624630204358 0.004656981004520558 -1.126063140418303 -1.919948514302322 -0.7464950140785029 2.6079831767697614 -0.10219826318595691 2.245000544429216 -0.2935683014341249 -0.8713073990316784 -0.046361802082409365 0.10591039288392659 0.017912744871002657 -0.039642471290398426 1.0907895829135612 0.6287428205315109 -0.37125717946848913 2.1459364143877115 2.1459364143877115
1.9931831221 0.059329330637908184 0.019450794677158132 0.1782665939384846 0.05348683699180319 0.025912998452924826 0.9488804418891362 0.5159570618458189 -0.2591775542524559 0.059329330637908184 1.5814674031485605 0.315163389281373 2.322289848896105 0.0 6.017416220885635 -0.5364190859381199 0.8544302852388385 -0.1963040523395403 2.3238259436237425 0.0042316240524848 -1.1209720122986049 -1.9779328921094446 -0.7621554607127555 2.707988181426512 -0.1383894696708362 2.3208369672180917 -0.2880546388984415 -0.8642242287569105 -0.060443731202154405 0.10436925952807553 0.01659486347002323 -0.03731498757588711 1.1265207782779516 0.6404069177934193 -0.3595930822065807 2.2218743209419802 2.2218743209419802
2.0176992745 0.056004200465708136 0.01738664485544328 0.17180297203013523 0.05037912041066102 0.023538001738808927 0.9892062564867676 0.5474221238167077 -0.24899714186919408 0.056004200465708136 1.6486770941446127 0.30946706655407535 2.3996799522754184 0.0 6.420153633625232 -0.4603188270630252 0.8594753402848436 -0.18480102401727905 2.4013234164143507 0.003842045789912085 -1.1158439268274591 -2.0383864006972257 -0.7783940310502734 2.812935544976686 -0.17606331857774626 2.4002863388223075 -0.2825694835715385 -0.8570452621981872 -0.07399764061199265 0.10282977853428381 0.015357539473268927 -0.035087629169477406 1.1642584508320732 0.6524572325078795 -0.34754276749212054 2.301134326652492 2.301134326652492
2.04251697558 0.05282334672344309 0.015510847038133057 0.1652085324789353 0.04740483090063271 0.021352322007389617 1.0313967411135667 0.5802947300828449 -0.2384513273915545 0.05282334672344309 1.7189945685226113 0.30385867236497766 2.4805432411310573 0.0 6.8381650316637295 -0.3810692152228391 0.8644154510228119 -0.17386334677603976 2.482321149423892 0.0034847053363919363 -1.1106783473092179 -2.101436510995575 -0.7952345941086247 2.923089121361076 -0.21532119842020533 2.4835507107633035 -0.2771152089211769 -0.849777585282758 -0.08703741525042052 0.10129094411016558 0.014197776206365424 -0.03295953249482367 1.2040945528384646 0.6649289103757359 -0.33507108962426413 2.3839234788983474 2.3839234788983474
2.06763993438 0.04978350281452082 0.013810326025660763 0.15853304250837405 0.04456208434422892 0.01934391340352628 1.0755618874758563 0.6146625008133351 -0.2275083500086721 0.04978350281452082 1.792603145793094 0.29833429959349617 2.5650947957844217 0.0 7.272187603452071 -0.29866716348502553 0.8692498321390864 -0.16346991659831112 2.567037395046521 0.0031568175864968603 -1.1054751933245042 -2.167218290866 -0.8127022786621632 3.038730228638832 -0.25627185691802246 2.57084566460178 -0.27169410005282274 -0.8424281010008813 -0.099577175725312 0.09975196275087982 0.013112464535059125 -0.03092945272458856 1.2461270828457378 0.677859968741837 -0.32214003125816304 2.4704631145349305 2.4704631145349305
2.09307190557 0.046881251689831295 0.012272357326746279 0.15182131335542398 0.041848680058339555 0.017501176803190084 1.1218190343450054 0.6506190200639119 -0.21613408036909232 0.046881251689831295 1.869698390575009 0.2928904351479415 2.653564310205917 0.0 7.723027802965019 -0.21303642824344 0.873977824132747 -0.153600045581209 2.6557054329133205 3.287134809929473 -1.1002346843070514 -2.235874922176175 -0.8308235494269659 3.160158740025874 -0.2990316763046972 2.6624011472086604 -0.2663083539397251 -0.8350035271807139 -0.11163111154512873 0.09821222952686591 0.012098410965199681 -0.028995804154267887 1.290460349450865 0.6912912829378652 -0.30870871706213476 2.5609896735128745 2.5609896735128745
2.11881669001 0.04411304707116151 0.0108846442526367 0.14511344026245654 0.03926213154715859 0.01581297861779857 1.1702934160765657 0.6882642595515888 -0.20429189148027027 0.04411304707116151 1.9504890267942763 0.2875239192628246 2.7461971353140058 0.0 8.19155112421951 -0.12401185150165334 0.8785988937731674 -0.1442334734280326 2.7485746680865084 1.0356898614788976 -1.094957276678528 -2.307558262844703 -0.8496262885426913 3.287694367366942 -0.34372517171102 2.7584624762730323 -0.26096007980684693 -0.8275103969787077 -0.12321340627178734 0.0966713069137254 0.011152367849464113 -0.027156702189179944 1.3372053405726656 0.7052667381027995 -0.2947332618972005 2.6557557648970755 2.6557557648970755
2.1448781353 0.04147523376969647 0.009635379049500606 0.13844507341956674 0.036799696997803645 0.014268664474356834 1.2211187487162685 0.7277051419302885 -0.19194227529012697 0.04147523376969647 2.035197914527114 0.28223190956518823 2.843255639236987 0.0 8.678691464952763 -0.03151538625289943 0.8831126341297025 -0.13535037780998493 2.8459120543952845 0.60111657304707 -1.0896437307940738 -2.3824294479222354 -0.869139882721535 3.421678196268551 -0.3904858919071807 2.859291579209803 -0.25565129966913785 -0.8199550583639279 -0.1343382946201609 0.09512890588844043 0.010271065656195875 -0.02541000630353508 1.386480281741437 0.7198337079587716 -0.28016629204122845 2.7550316224858857 2.7550316224858857
2.17126013636 0.03896406705359488 0.00851328964489677 0.13184766109958312 0.0344584094210151 0.012858068197841879 1.2744378637923484 0.769056006728013 -0.17904274622270933 0.03896406705359488 2.124063106320581 0.2770118489440135 2.9450203600978715 0.0 9.185460909781971 0.06458414163835434 0.8875187642884823 -0.12693138344626753 2.9480033187230186 0.41576583637348746 -1.084295005889218 -2.460659536505799 -0.8893953165390033 3.5624741339266595 -0.4394569161061291 2.965168119653264 -0.2503839490037868 -0.8123436739469793 -0.14501994849597089 0.09358486906548953 0.009451235108766066 -0.02375335603089433 1.4384110276060786 0.7350431622654154 -0.26495683773458456 2.8591062685859963 2.8591062685859963
2.19796663604 0.03657573103585265 0.0075076735154487075 0.12534871209199577 0.03223510631592653 0.011571516526272925 1.3304034016888737 0.812439180772419 -0.16554760078554853 0.03657573103585265 2.2173390028147897 0.2718614370967816 3.051791402029241 0.0 9.712946059361268 0.1644674651757428 0.8918171287642852 -0.11895756993462392 3.055154438653859 0.3127354249027884 -1.078912235124494 -2.5424302120047404 -0.9104252723345196 3.710470575508623 -0.49079159975994047 3.0763908164760614 -0.24515987755006366 -0.8046822223230092 -0.15527244286686026 0.09203915564850229 0.008689629852718924 -0.02218420687842082 1.4931315726938332 0.7509499582867356 -0.2490500417132644 2.9682889611015253 2.9682889611015253
2.22500162566 0.03430635606083382 0.006608420019216208 0.11897206151534323 0.030126458307292034 0.010399829981678191 1.389178557972657 0.857985623742945 -0.15140758867887305 0.03430635606083382 2.315297596621095 0.26677860515633145 3.163890007942222 0.0 10.262317648307535 0.2682837825724392 0.8960076963125807 -0.1114104787300505 3.1676933089047865 0.24701791863194625 -1.073496731843428 -2.627934534418121 -0.9322642372394044 3.866082244510864 -0.5446544825220548 3.1932789105126385 -0.23998085022820392 -0.7969764989050308 -0.1651097542083464 0.09049182801450055 0.007983047239338329 -0.02069986427882117 1.550784647889769 0.7676132449667343 -0.23238675503326567 3.0829108415878292 3.0829108415878292
2.25236914566 0.03215203507023573 0.005806022665331888 0.11273812471230715 0.028128996743363426 0.00933432030717883 1.4509378956017143 0.9058355697222213 -0.1365696903976028 0.03215203507023573 2.4182298260028574 0.2617614930431845 3.2816601356052546 0.0 10.834836223161375 0.37623282309825423 0.9000905586851501 -0.1042721186077209 3.2859714238449835 0.20139658085869958 -1.0680499341816212 -2.7173777531694063 -0.9549486179482752 4.029752100117106 -0.6012220730712142 3.3161736674019906 -0.23484854815542106 -0.7892321175011832 -0.17454569807271747 0.08894303974959375 0.007328344331402641 -0.019297513710300286 1.611522274114248 0.7850967280142043 -0.21490327198579573 3.2033265540170617 3.2033265540170617
2.28007328615 0.030108838949217735 0.005091582648207377 0.10666415494975075 0.026239140041151222 0.008366784873466617 1.5158682263378052 0.9561392747889235 -0.12097676171025151 0.030108838949217735 2.5264470438963422 0.256808429513984 3.4054702821860907 0.0 11.431855192515236 0.48853684974956074 0.9040659287120488 -0.09752497042764396 3.410365824402014 0.16786039794712934 -1.0625734045398723 -2.8109781842402035 -0.9785168637983404 4.201953479761812 -0.6606838720667362 3.445440083262876 -0.22976456976454543 -0.7814545121986454 -0.1835939219135828 0.0873930249788522 0.006722453152411609 -0.017974249479153853 1.67550643586547 0.8034691048087494 -0.19653089519125055 3.3299161487050917 3.3299161487050917
2.30811818757 0.028172830846010407 0.004456804913758059 0.10076449252740827 0.02445321860490405 0.007489498433919236 1.584169566010752 1.0090578169199087 -0.10456717130502025 0.028172830846010407 2.64028261001792 0.25191791408678854 3.5357154387129 0.0 12.054830402277315 0.6054038590149015 0.9079341383510037 -0.09115199045581601 3.541281192663131 0.14217418332488851 -1.0570688167625581 -2.90896815658616 -1.0030095989042285 4.3831924015578245 -0.7232434463817756 3.581468715727315 -0.22473043199885306 -0.7736489392553518 -0.19226788705139053 0.08584208884776337 0.006162393060186518 -0.016727100699481467 1.7429097915399043 0.8228045061439118 -0.17719549385608824 3.463087116161832 3.463087116161832
2.33650804127 0.02634007947937338 0.003893987963802931 0.09505080374436363 0.022767498299226765 0.006695202596255752 1.6560561729577798 1.064763937810338 -0.08727446850707077 0.02634007947937338 2.7600936215962997 0.24708860126216622 3.672819153089229 0.0 12.705328469558212 0.7270970274939326 0.9116956361458057 -0.08513661296114883 3.679152074901911 0.12188657855593893 -1.05153792046442 -3.0115950348794946 -1.0284697640136946 4.574010022487782 -0.7891195044381597 3.7246776313021 -0.2197475715915117 -0.7658204793775347 -0.20058082812573608 0.08429059902514752 0.005645280320898615 -0.015553054502450201 1.8139164008914819 0.8431828969680022 -0.1568171030319978 3.603276518564302 3.603276518564302
2.36524709018 0.02460667143956331 0.003396008495243573 0.0895323137973297 0.02117820239472552 0.005977093351053309 1.7317576796440823 1.1234429747724108 -0.06902698886735692 0.02460667143956331 2.886262799406804 0.24231928610412387 3.8172358105394473 0.0 13.385028509011113 0.853920983273187 0.9153509846234689 -0.07946275152471394 3.824445345663864 0.10547889218459562 -1.0459825221858674 -3.1191223265587875 -1.0549427689697157 4.774985330930063 -0.8585471165012325 3.8755145452274045 -0.2148173464035959 -0.7579740405241322 -0.20854573013702082 0.08273897811150871 0.005168336165531376 -0.014449077279171607 1.888722531523259 0.8646905547527695 -0.13530944524723054 3.7509533541595736 3.7509533541595736
2.39433962939 0.022968722506749917 0.0029563018630248605 0.08421603553065227 0.01968153189800869 0.00532880698175929 1.8115203198337266 1.1852939478610358 -0.04974725635877464 0.022968722506749917 3.0192005330562113 0.2376088916754829 3.9694532766974366 0.0 14.095735610031388 0.9861410712044851 0.9189008570956628 -0.07411479970913248 3.977663063980457 0.09195893398868457 -1.0404045265651556 -3.2318308774715643 -1.0824766565854005 4.98673817605694 -0.9317792931472412 4.0344592540436715 -0.20994103682848256 -0.7501143604932402 -0.21617536636278267 0.08118769684971275 0.0047288941952780845 -0.0134121344557454 1.9675376430007283 0.887420807596385 -0.11257919240361502 3.9066213406525963 3.9066213406525963
2.42379000683 0.021422388004522844 0.002568839277990146 0.07910697587209815 0.018273684239816387 0.004744404653192606 1.895608259045809 1.250530598484029 -0.029351646399652598 0.021422388004522844 3.1593470984096816 0.2329564574939747 4.129995452010029 0.0 14.839392916368054 1.1241008574785307 0.922346034467965 -0.0690776304904519 4.1393452687498 0.08065017867682497 -1.0348058626901873 -3.3500201636527467 -1.1111222789459714 5.209932341970525 -1.009088229870415 4.2020260630290664 -0.20511984724318258 -0.7422460091969443 -0.22348222300279086 0.07963726803771534 0.0043244035421915634 -0.01243920645664752 2.0505852435608434 0.9114744332108318 -0.08852556678916823 4.070821531620513 4.070821531620513
2.45360262392 0.01996387221635227 0.002228102577166595 0.0742083410691084 0.016950870495891293 0.004218355955220197 1.9843050569967187 1.3193826313532628 -0.0077497925434433235 0.01996387221635227 3.3071750949945313 0.22836112933802485 4.299425302451088 0.0 15.618082436373033 1.2681751415340754 0.9256874016748898 -0.06433659493058119 4.310073289345038 0.07107479694166233 -1.0291884968910603 -3.474009696488888 -1.1409334871689925 5.445279060589775 -1.0907670095163444 4.378766596384827 -0.20035490750408738 -0.7343733925567703 -0.2304785094037093 0.07808824106999193 0.0039524324196201725 -0.011527303978362047 2.1381039655952443 0.9369603849407384 -0.06303961505926159 4.24413547993527 4.24413547993527
2.48378193619 0.018589436895160544 0.0019290572297034096 0.06952172981663929 0.015709330876327206 0.0037455216543610193 2.077915242295319 1.392097074162416 0.015156102145637451 0.018589436895160544 3.463192070492198 0.2238221500968628 4.478348172637835 0.0 16.434045528015794 1.4187262005977457 0.9289259437564834 -0.059877520110490856 4.4904733820320715 0.06288516554233461 -1.0235544510088834 -3.604140536601467 -1.1719673357463816 5.693540829171072 -1.1771315100491884 4.565272857376648 -0.19564727448365155 -0.7265007546760932 -0.23717617622229992 0.0765411970196846 0.0036106702812189985 -0.01067348124658876 2.2303487586788733 0.9639966376953102 -0.03600336230468981 4.427188708187508 4.427188708187508
2.51433245401 0.01729540889472886 0.0016671242518277206 0.06504730919248 0.014545348780791853 0.003321135881482329 2.1767660429744864 1.4689396530377878 0.03947175789954871 0.01729540889472886 3.6279434049574775 0.21933885127976427 4.667415162857026 0.0 17.28968954839562 1.5761996445802027 0.9320627420413946 -0.05568670594856773 4.681220474963816 0.05582192794927945 -1.017905743715053 -3.740776941581567 -1.2042843027879375 5.955535414825967 -1.2685221051684816 4.76218040705019 -0.19099793363081408 -0.7186321815336425 -0.2435868562328426 0.07499674420409717 0.003296927382074954 -0.009874846662061362 2.3275920098684892 0.9927107771945272 -0.007289222805472839 4.620654182152005 4.620654182152005
2.54525874319 0.016078186962207475 0.0014381515375898786 0.06078398759756735 0.013455263296953063 0.0029407879640078144 2.2812092641666286 1.55019645265572 0.0653117256547433 0.016078186962207475 3.8020154402777147 0.21491064568174745 4.867327165932458 0.0 18.187602268308158 1.7410321530799848 0.9350989696960086 -0.05175092166403239 4.883042636292315 0.04968732450039544 -1.0122444415629408 -3.884308148674424 -1.2379485274370314 6.232140443120717 -1.3653060685746856 4.970172060494757 -0.18640780056583545 -0.7107716039211375 -0.24972191597777071 0.07345551416981541 0.003009135169792494 -0.009128572978918496 2.430125002843003 1.023241119938322 0.023241119938322008 4.825256560216037 4.825256560216037
2.57656542573 0.01493424772252046 0.001238385077025131 0.05672956787202363 0.012435480261127495 0.0026004040854330757 2.391623338217017 1.636175552190453 0.09279998528690747 0.01493424772252046 3.986038897028362 0.21053702034058974 5.078838882315269 0.0 19.130568859356316 1.9137287994955605 0.9380358875536164 -0.04805740110211243 5.096725579023244 0.044327675707663265 -1.0065725962138528 -4.035150310228165 -1.273028066073166 6.52429813670993 -1.467879610273148 5.189981654730754 -0.18187772268594118 -0.7029228006101985 -0.25559239450154203 0.07191815804074782 0.002745343925767659 -0.008431904766372601 2.538259239681568 1.0557374298658067 0.055737429865806654 5.041776326894168 5.041776326894168
2.60825718047 0.013860150895882956 0.0010644404462614584 0.05288089631457913 0.011482481970843913 0.002296228936906739 2.508415569268552 1.7272089728719053 0.12207094820637954 0.013860150895882956 4.180692615447587 0.20621753037879187 5.302763563653967 0.0 20.121581021199237 2.0948332623208987 0.9408748394454496 -0.04459383769353753 5.323117977989129 0.0396215502211169 -1.000892280445754 -4.193748598101848 -1.3095951688735075 6.83302072066824 -1.5766706274587632 5.422398399642644 -0.17740848078916338 -0.6950894021048215 -0.2612090406473948 0.07038534319098323 0.002503721123445297 -0.007782165457306587 2.6523281052206533 1.0903621512661852 0.09036215126618519 5.271054766713772 5.271054766713772
2.64033874379 0.012852543786016411 0.0009132748736131341 0.04923399680123 0.01059283551285065 0.0020248075037880256 2.6320245693882383 1.8236547193667543 0.15327038468428666 0.012852543786016411 4.386707615647064 0.20195179322560386 5.539978000331351 0.0 21.16386171425913 2.28490812082777 0.9436172475371998 -0.04134837865388885 5.563137116768964 0.035471574002509394 -0.9952055734732408 -4.360579483033897 -1.347726578545546 7.159396178355132 -1.6921414489087827 5.668271490688728 -0.17300079070899346 -0.6872748932714656 -0.26658230154788676 0.06885775019067351 0.0022825483681453707 -0.007176762571012097 2.7726885627080673 1.1272915395044523 0.12729153950445227 5.513999155151517 5.513999155151517
2.67281491034 0.011908165076772366 0.0007821601527724386 0.04578419467772165 0.009763199916400908 0.0017829671109825752 2.762922937060403 1.9258990138840997 0.1865564203936989 0.011908165076772366 4.604871561767339 0.19773948324126236 5.7914279821610375 0.0 22.260878887461068 2.4845855900487894 0.9462646076302815 -0.03830961853638026 5.817775110845394 0.031798635641438096 -0.9895145459080092 -4.536153219755966 -1.387503853270218 7.504594544064168 -1.8147918178463271 5.928515154835703 -0.16865530494896377 -0.6794826172054942 -0.27172231016613535 0.0673360699983824 0.002080217815107194 -0.006613191823109674 2.89972298229683 1.1667168745254122 0.16671687452541217 5.771588436292751 5.771588436292751
2.70569053373 0.011023847979126155 0.0006686565880271227 0.04252623137620856 0.00899033208578156 0.0015677998340193524 2.901620170480687 2.0343587771908593 0.22210073378607742 0.011023847979126155 4.8360336174678125 0.1935803269292829 6.05813435125389 0.0 23.416369042645485 2.6945441168664384 0.9488184842206528 -0.035466592362706884 6.088105846552884 0.028537706600151033 -0.9838212670213027 -4.7210165430228805 -1.4290137159477325 7.8698748166966555 -1.9451623065017192 6.204114211732064 -0.16437261432325007 -0.6717157780547401 -0.276638896603855 0.06582100135890631 0.0018952284438177609 -0.006089040333909818 3.0338411992288434 1.2088459270715592 0.20884592707155925 6.044879544539372 6.044879544539372
2.7389705273 0.010196522765534318 0.0005705881336837615 0.039454367868614115 0.008271091686533722 0.0013766453647606118 3.0486658705593874 2.1494842941345462 0.260089734285085 0.010196522765534318 5.081109784265646 0.18947409817198135 6.341199518550731 0.0 24.63435474741619 2.915530937293546 0.9512805057323054 -0.03280876806623745 6.375292520807377 0.025634773328599935 -0.9781277840474019 -4.915755608767459 -1.472348432236596 8.25659244618561 -2.083837862849509 6.4961300839744505 -0.160153249588101 -0.6639774448623257 -0.2813415711188392 0.06431324838715251 0.0017261816696765152 -0.005601988709357348 3.175482661919964 1.2539043924189475 0.25390439241894747 6.335014176684593 6.335014176684593
2.77265986478 0.009423218734080358 0.0004860188268105063 0.036562480984784734 0.00760244497696716 0.0012070744066618759 3.204653230448495 2.2717622532005124 0.30072614718855384 0.009423218734080358 5.341088717414158 0.18542061414961314 6.641814864602712 0.0 25.919174508518676 3.148310848820663 0.9536523593136994 -0.030326038764783014 6.680596239781452 0.023044549726463186 -0.972436158982612 -5.120999189287376 -1.5176062198830809 8.666207682105085 -2.231452126587551 6.8057075427074265 -0.15599768307504633 -0.6562705543852401 -0.28583956583258907 0.06281351830798408 0.001571777261734024 -0.005149812611335004 3.3251189646909274 1.3021378409312163 0.3021378409312163 6.643226558345375 6.643226558345375
2.80676358112 0.008701065637564592 0.0004132305916888035 0.033844146688807475 0.006981467723296866 0.0010568726586579463 3.3702228660347178 2.4017188644881746 0.34423026770006526 0.008701065637564592 5.617038110057863 0.18141973106315074 6.9612683777579285 0.0 27.275508663814588 3.3937653080138417 0.955935786154909 -0.028008714216781527 7.005385030235441 0.020728746515224054 -0.9667484085133173 -5.337422158668845 -1.5648916924134788 9.100294393201478 -2.388691438236052 7.134081776398549 -0.15190633030406794 -0.6485979144043169 -0.29014177989221823 0.0613225193347846 0.0014308081906956557 -0.0047303830127073355 3.483256283143615 1.3538132328189336 0.3538132328189336 6.970851342876797 6.970851342876797
2.84128677317 0.008027294619823365 0.00035070245422727666 0.031292719176063584 0.0064053472696673575 0.0009240254356703943 3.5460670199055255 2.5399235211550413 0.3908418693733884 0.008027294619823365 5.910111699842543 0.17747134051814617 7.300953569215931 0.0 28.708402463213076 3.652824165805368 0.9581325762702168 -0.02584751228004656 7.351144371712388 0.01865474493855489 -0.9610665480345979 -5.565749294908638 -1.614316340176568 9.560550078432778 -2.5563000373409284 7.482586493776186 -0.14787955159408775 -0.640962207323833 -0.2942568284307189 0.059840958667226246 0.0013021562950336519 -0.004341666403154752 3.650438378590234 1.4092212668246713 0.4092212668246713 7.319332966667214 7.319332966667214
2.87623460048 0.007399238693327252 0.00029709117675188616 0.028901399099703524 0.0058713837843143175 0.0008067029603516946 3.7329341521219757 2.6869926590237916 0.4408219798721662 0.007399238693327252 6.221556920203293 0.173575365700871 7.662378900075459 0.0 30.22330780716839 3.9264807174500937 0.9602445636741136 -0.023833549763597084 7.719488492441206 0.016794567532754795 -0.9553925702857651 -5.806759419642637 -1.665999052436265 10.048806581920717 -2.735085276542679 7.852662559929286 -0.1439176536500326 -0.6333659927190399 -0.29819302780312784 0.058369540599095555 0.001184787332042436 -0.0039817240290314585 3.827249661717424 1.468678547461769 0.46867854746176896 7.690235467665062 7.690235467665062
2.91161228607 0.006814332797032317 0.0002512133102889372 0.026663295072736137 0.005376990839652122 0.0007032463514998258 3.931634001809697 2.84359403527699 0.494454890527094 0.006814332797032317 6.552723336349495 0.1697317580621046 8.04717822687659 0.0 31.826109900697983 4.215838854454462 0.9622736214646967 -0.02195833307327444 8.112172993484277 0.015124070632564048 -0.9497284384245459 -6.061289927111951 -1.720066684243173 10.567041906887424 -2.9259234479071377 8.245867535545841 -0.14002089113741165 -0.6258117110672997 -0.30195839428397186 0.0569089647122706 0.0010777461600128292 -0.0036487107470786866 4.014318570537928 1.5325300411645237 0.5325300411645237 8.085253377514018 8.085253377514018
2.94742511718 0.00627011346871715 0.0002120286323516492 0.02457147855037685 0.004919695312149398 0.0006121543244477704 4.1430431198898265 3.0104514787847396 0.5520505159811604 0.00627011346871715 6.905071866483045 0.16594049391499094 8.457122382464206 0.0 33.5231723937422 4.522068865614344 0.9642216568581925 -0.020213748653707952 8.53110897651903 0.013622304103538837 -0.9440760987714336 -6.33024172045722 -1.776654672432177 11.117393223767854 -3.129766396132754 8.663886206224603 -0.13618946823584294 -0.6183016862696491 -0.3055606638480767 0.05545992415890716 0.0009801521033329461 -0.0033408735182931313 4.212321357284809 1.6011519713058462 0.6011519713058462 8.506223837788891 8.506223837788891
2.98367844613 0.0057642181659109904 0.00017862493365860475 0.02261903108719826 0.004497136739739363 0.0005320706107549329 4.368110971600407 3.1883499995101765 0.6139467076516416 0.0057642181659109904 7.280184952667345 0.16220157117766396 8.894131660318987 0.0 35.32137357347252 4.846475640678276 0.9660906066478507 -0.018592052990785923 8.978378484117519 0.012270998668293658 -0.9384374518990946 -6.614584617062591 -1.835907705494454 11.702170986174407 -3.347648379033243 9.10854198289411 -0.13242354016802427 -0.61083812916985 -0.30900726973845827 0.05402310401754266 0.0008911941374543789 -0.0030565493901424092 4.421986033507062 1.6749546384264686 0.6749546384264686 8.955139591093813 8.955139591093813
3.02037769101 0.005294384269935343 0.00015020409858579843 0.02079908720380804 0.004107066148903707 0.00046177209757870976 4.607866625352526 3.3781416167522127 0.6805122959641388 0.005294384269935343 7.679777708920876 0.15851500651082756 9.360290004885016 0.0 37.22815687942873 5.190419395416614 0.9678824321184377 -0.01708586279831259 9.456252170597796 0.011054151782200462 -0.9328143920851879 -6.91536325116147 -1.8979804523755919 12.323874719707408 -3.5806943469198322 9.58180972639835 -0.12872321471402073 -0.6034231402060795 -0.3123053890807952 0.05259917971649788 0.0008101265791861268 -0.0027941634191934427 4.644097010786532 1.7543861645907253 0.7543861645907253 9.434163873511602 9.434163873511602
3.05752833661 0.004858447801885229 0.00012606942067270194 0.019104869448037357 0.00374734443803397 0.0004001576801730996 4.863426117789344 3.5807514877209785 0.7521497982105538 0.004858447801885229 8.105710196315574 0.15488083203712674 9.857859994526127 0.0 39.25158388524904 5.555434265562363 0.9695991148741249 -0.01568814457256984 9.967208312066564 0.009957689988649708 -0.9272087566521687 -7.233703536786236 -1.9630383562646483 12.985209942243479 -3.8301280960876873 10.085829420117264 -0.12508855368936725 -0.5960587122725154 -0.3154618998070827 0.05118881551995703 0.0007362644367796559 -0.002552226040842212 4.879499745927906 1.8399357884650964 0.8399357884650964 9.94564598478067 9.94564598478067
3.09513593515 0.004454341883790721 0.00010561408670946525 0.0175297203460789 0.0034159403818946397 0.0003462378165756687 5.136000573105494 3.797184949231534 0.8292990381360115 0.004454341883790721 8.560000955175823 0.15129909277704123 10.389299993311834 0.0 41.40038017328921 5.943160725720012 0.9712426520380132 -0.014392204452684076 10.513954709330195 0.00896919173909906 -0.9216223604166354 -7.570819749360395 -2.031258499423334 13.689107197748742 -4.097282208929289 10.622921646749166 -0.12151957440837449 -0.5887467339625111 -0.3184834220014401 0.04979266307655718 0.0006689793518434788 -0.0023293305293788677 5.129106242572918 1.932138315969528 0.932138315969528 10.492139271145351 10.492139271145351
3.13320610715 0.004080094971420169 8.831075797740065e-05 0.01606712846952251 0.0031109282744873953 0.0002991247682103857 5.426905116530619 4.028535124067834 0.912440843809085 0.004080094971420169 9.044841860884365 0.14776984363249268 10.95728270469345 0.0 43.68401293413312 6.355347386259636 0.9728150520388534 -0.01319167772595975 11.09945278350505 0.008077657856323315 -0.9160569857936354 -7.928022273367612 -2.1028305463863095 14.438742740664125 -4.383608552675081 11.195604380487268 -0.11801625111469002 -0.581488991724826 -0.3213763163428496 0.04841136002110265 0.0006076954929769305 -0.002124150146321441 5.39390087977976 2.031578650650271 1.031578650650271 11.076420511534636 11.076420511534636
3.17174454227 0.003733828887165381 7.370217816267565e-05 0.014710750075334013 0.0028304853101828024 0.0002580235069573192 5.737568735017984 4.275991240722705 1.0021009275052961 0.003733828887165381 9.562614558363308 0.14429314686309283 11.564715485868604 0.0 46.112744265544734 6.793984821860074 0.9743183303933669 -0.012080518355531034 11.726944363443446 0.0072733202180935005 -0.910514354719445 -8.306726112206102 -2.1779577732290925 15.237561219344794 -4.690689577379045 11.806611393122019 -0.11457851638743335 -0.5742871731454179 -0.3241466632184955 0.047045528633740695 0.0005518855845795765 -0.0019354351566556777 5.674946660981486 2.138896533449824 1.1388965334498238 11.701511091813131 11.701511091813131
3.21075700014 0.003413756678260706 6.13927334309879e-05 0.013454427987773264 0.0025728887061830185 0.00022222326596943744 6.06954512784977 4.540848118134376 1.0988548879285833 0.003413756678260706 10.115908546416284 0.14086906936256505 12.214763434344867 0.0 48.69771095415543 7.261137082052676 0.9757545055587531 -0.011052988511686124 12.399982420494569 0.006547481313115312 -0.9049961739467172 -8.708460214930343 -2.2568581916836723 16.089301083890764 -5.020251847364969 12.458912978255338 -0.11120626251794573 -0.567142869344856 -0.32680031609017524 0.04569577455240831 0.0005010673986212877 -0.00176200993064642 5.973392537474479 2.254792703344572 1.254792703344572 12.370701249760856 12.370701249760856
3.25024931124 0.0031181803250157256 5.104089312532674e-05 0.012292205470774434 0.0023365126308367255 0.00019108970926033406 6.424524682513778 4.824516264515828 1.2033329100147618 0.0031181803250157256 10.707541137522963 0.13749768021944878 12.910874047537725 0.0 51.45101524065698 7.759099927893494 0.9771255950857448 -0.010103648026493772 13.122464626936104 0.005892378629928015 -0.899504091374232 -9.134877716425493 -2.339765777671827 16.998022032466505 -5.374179744196465 13.155738250048113 -0.10789934286046009 -0.5600575773843655 -0.32934286596337237 0.044362685541765576 0.0004548001269882064 -0.0016027697917743735 6.290480894943543 2.3800346379124075 1.3800346379124075 13.08757577543537 13.08757577543537
3.29022737777 0.0028454883214601443 4.2352460317666306e-05 0.011218337859455578 0.002119824981014031 0.0001640576931800057 6.804347725931354 5.128533280886762 1.3162254746648738 0.0028454883214601443 11.340579543218924 0.13417904824371366 13.656805017883798 0.0 54.385799475111426 8.290409057014909 0.9784336118584472 -0.009227343909834929 13.898671639727805 0.005301069576793989 -0.8940397063716246 -9.587767198228688 -2.42693181508358 17.968135647730172 -5.754531393070283 13.900600121774517 -0.10465757315232722 -0.553032703217014 -0.3317796592447756 0.0430468303135042 0.00041268114928957926 -0.001456677974987359 6.627556104511249 2.515463562179809 1.515463562179809 13.856043105398733 13.856043105398733
3.33069717452 0.0025941531500858037 3.507456318853471e-05 0.010227301260467933 0.0019213840259475288 0.00014062459168406237 7.211019139605378 5.454576510048833 1.4382898155079573 0.0025941531500858037 12.018365232675631 0.13091323961365897 14.456655048183588 0.0 57.516358878059165 8.857742598262375 0.9796805604612409 -0.00841919992931306 14.733310251513444 0.004767333181976678 -0.8886045855158651 -10.069065056789709 -2.5186263666541495 19.00443924080888 -6.163556467487143 14.697322936111053 -0.10148073280702648 -0.5460695638073432 -0.33411582177920873 0.041748757406840795 0.0003743429983615949 -0.0013227625776960285 6.986074008133247 2.6620023843526717 1.6620023843526717 14.680367617028303 14.680367617028303
3.37166474977 0.0023627286705168045 2.8990322091096167e-05 0.009313798220566594 0.0017398349675931957 0.00012034415640020739 7.646724539433342 5.804476822451603 1.57035658406528 0.0023627286705168045 12.74454089905557 0.12770031567077325 15.31489748312085 0.0 60.85825095639943 9.464089477174404 0.9808684337904628 -0.007674606227167757 15.631561462582734 0.004285585664981102 -0.8832002359034403 -10.580869117372574 -2.615139885214625 20.112152921136673 -6.60371517578311 15.550072692206072 -0.09836856617944624 -0.5391693895993978 -0.3363562400768748 0.040468994122822934 0.00033945041253579804 -0.0012001134638701318 7.367612022081104 2.820663858467274 1.8206638584672739 15.565204757522844 15.565204757522844
3.41313622619 0.0021498474404710484 2.391412975850924e-05 0.008472761610864984 0.0015739064399733543 0.00010282088204047678 8.113848184417092 6.180234094517083 1.7133377146052329 0.0021498474404710484 13.523080307361822 0.12454033068765394 16.236418021967054 0.0 64.42841027444645 10.112700233533197 0.9819992098012703 -0.0069892090479246605 16.599135220821164 0.0038508076554363492 -0.87782811730857 -11.12545362330026 -2.716784980160486 21.296960870385934 -7.07770000769512 16.463390788282013 -0.09532078380171044 -0.5323333269298847 -0.33850558133076136 0.03920804551582135 0.00030769768424892104 -0.001087879273242838 7.773880563024111 2.992560247905594 1.992560247905594 16.515640555267417 16.515640555267417
3.45511780177 0.001954217986277645 1.9687485895143084e-05 0.007699356345580215 0.0014224069730707145 8.770484762208755e-05 8.614992801377271 6.5840343102436565 1.8682350577603177 0.001954217986277645 14.358321335628785 0.12143332977553273 17.226556393389103 0.0 68.24529347194097 10.807073282626058 0.9830748485080874 -0.0063589005490536366 17.642332111357224 0.0034584811073493384 -0.872489642843294 -11.705285746398468 -2.8238983555850026 22.56505690140767 -7.588459698516732 17.442231284410845 -0.09233706359114185 -0.5255624401814962 -0.3405683021127436 0.03796639345328708 0.00027880616175206187 -0.000985264459284068 8.206735565778885 3.1789139290614017 2.1789139290614017 17.53723526469019 17.53723526469019
3.49761575073 0.001774622038893022 1.6175331246864838e-05 0.006988979224392823 0.001284221449036698 7.468700413770804e-05 9.153001564154245 7.018268410699534 2.0361497065111944 0.001774622038893022 15.255002606923743 0.1183793470032104 18.291152313434935 0.0 72.32902605661604 11.551110090967242 0.9840972890461712 -0.005779808792230057 18.76811281639938 0.003104534389696105 -0.8671861613255727 -12.323043792727793 -2.9368429383738226 23.923194708320768 -8.139225428741371 18.492002002074642 -0.08941705203300168 -0.5188577140337667 -0.3425486384995754 0.03674449572918624 0.0002525219017159112 -0.0008915263732354485 8.668192101397024 3.3810688302654484 2.3810688302654484 18.63607143718919 18.63607143718919
3.54063642447 0.0016099117495952722 1.3262829978952795e-05 0.006337257515173814 0.0011583075703608717 6.349487971318431e-05 9.73098248556993 7.485553414464445 2.218292794261833 0.0016099117495952722 16.21830414261655 0.11537840338290276 19.43659693687838 0.0 76.70155758358838 12.349050984001629 0.9850684470270618 -0.00524828783860265 19.98417727330711 0.002785294347404892 -0.8619189685431436 -12.98163729528349 -3.056010216962097 25.37874381638791 -8.733540572264936 19.618610378156635 -0.08656036533334423 -0.512220055851603 -0.3444506248529372 0.035542785246749135 0.00022861354962868798 -0.0008059724584878894 9.160439673771362 3.600503704572226 2.600503704572226 19.818807847188776 19.818807847188776
3.58418625249 0.0014590068990015807 1.0852553008305902e-05 0.005740046178792425 0.0010436923542914579 5.388867398928813e-05 10.352335456950676 7.988755921049503 2.4159976661090052 0.0014590068990015807 17.253892428251127 0.11243050517091786 20.669890094360134 0.0 81.38686356026562 13.205453391626413 0.9859902119117757 -0.004760908069645353 21.299054538869562 0.0024974442579964885 -0.856689321791503 -13.684229185164357 -3.181822813502745 26.939751636840107 -9.375293975247217 20.828514379760286 -0.0837665905477945 -0.5056502974692437 -0.3462781162526134 0.03436166926813264 0.00020687038000659567 -0.0007279575207798884 9.685859208588981 3.83884710259742 2.83884710259742 21.092739530848547 21.092739530848547
3.62827174339 0.0013208921113024763 8.862018905973696e-06 0.005193423637276237 0.000939468676309262 4.565771423409158e-05 11.02078229870792 8.531017799066293 2.6307324442837334 0.0013208921113024763 18.36797049784653 0.10953564216322884 21.998702942130265 0.0 86.41114295685053 14.12543416772012 0.9868644448397852 -0.004314446587986964 22.72220363755644 0.002237986804592893 -0.8514983980001958 -14.43426029579902 -3.314737315186431 28.61501165934189 -10.068755499041114 22.12877837886231 -0.08103528668378551 -0.49914919722259443 -0.3480347541896138 0.033201528729137085 0.00018710041719949234 -0.0006568810389163268 10.247041161495355 4.097892773173228 3.0978927731732284 22.46586327101976 22.46586327101976
3.67289948584 0.0011946140847044987 7.221552535398025e-06 0.004693687086020889 0.0008447918766838185 3.8617246666206266e-05 11.740400205395142 9.1157853508915 2.864115290284605 0.0011946140847044987 19.56733367565857 0.1066937860819013 23.431448965943176 0.0 91.80302884049567 15.114550801121478 0.9876929764755115 -0.003905877874729846 24.26412969064842 0.002004211456512139 -0.8463473238327044 -15.235476474654059 -3.455247393449199 30.414140031578253 -10.818617493979763 23.52713611061938 -0.07836598577693882 -0.49271744244792515 -0.3497240035100496 0.03206271762852662 0.00016912880601945178 -0.000592184636429838 10.84680635591968 4.379618450826932 3.379618450826932 23.946952126485503 23.946952126485503
3.71807614951 0.0010792788481785837 5.8724250704798285e-06 0.004237346771227397 0.0007588764330650267 3.260553754000333e-05 12.515658865247522 9.74684154346938 3.1179310369726636 0.0010792788481785837 20.859431442079202 0.10390488921504006 24.977362479051866 0.0 97.59386536324062 16.178825365249615 0.9884776048161604 -0.0035323647183478357 25.93651537047664 0.0017936655575660648 -0.8412371765915307 -16.091958550771995 -3.6038872429770716 32.34766022936357 -11.63004036948539 25.03206028387254 -0.07575819394679682 -0.4863556508116433 -0.35134916106153957 0.03094556248490284 0.0001527962758159763 -0.0005333496155103722 11.48822878728437 4.686206311689002 3.686206311689002 25.545637753768204 25.545637753768204
3.76380848615 0.0009740490529787935 4.765242652258614e-06 0.00382111953210166 0.0006809927218768726 2.7481259653840526e-05 13.351461869586602 10.428341659643472 3.3941490664868255 0.0009740490529787935 22.252436449311006 0.10116888291495983 26.64658551579783 0.0 103.81797096952667 17.32498629501153 0.989220093745806 -0.0031912491731764803 27.75236980055068 0.0016041286607468188 -0.8361689561162633 -17.00815555516263 -3.761235376950771 34.42709684936251 -12.508702416167234 26.652839677453365 -0.07321139242462506 -0.48006437267100016 -0.3529133342720864 0.029850361870944045 0.00013795770758115005 -0.00047989457576747414 12.17466040005151 5.020064921291567 4.020064921291567 27.272501370602573 27.272501370602573
3.81010333053 0.0008781413072129654 3.858553877520951e-06 0.0034419220820672137 0.0006104638679272613 2.3121141189913027e-05 14.253192800837905 11.164853587229535 3.6949445629724416 0.0008781413072129654 23.755321334729842 0.09848567651143893 28.450265897702284 0.0 110.51294711089959 18.560352700403723 0.989922171133089 -0.0028800439471821093 29.726199581874997 0.0014335897156843521 -0.8311436127159695 -17.98892151880472 -3.927918818591614 36.6650807240006 -13.460857289368608 28.39966576585079 -0.07072503856220205 -0.47384409280478657 -0.3544194759640005 0.02877738602058516 0.00012448088106554485 -0.00043137316863439207 12.909759389270757 5.383855409345092 4.383855409345092 29.139176744074934 29.139176744074934
3.8569676015 0.0007908235602286591 3.117649450421116e-06 0.0030968636894777796 0.0005466626928846412 1.9417854998361228e-05 15.226766632443539 11.961402365525721 4.022721356807473 0.0007908235602286591 25.3779443874059 0.09585515609576326 30.400665744213374 0.0 117.72003502088099 19.892956302892006 0.9905855275462755 -0.0025964238794857764 31.87420248602429 0.0012802266990782451 -0.8261620326009944 -19.03955629065509 -4.104617734577546 39.0754653592013 -14.493396831013177 30.283728643979895 -0.06829856681858629 -0.46769523225352766 -0.35587037646798103 0.02772687651094643 0.00011224529053142113 -0.0003873719235854993 13.697520971795408 5.78051955485784 4.78051955485784 31.15846394226374 31.15846394226374
3.90440830299 0.0007114125429230053 2.5135300454438133e-06 0.0027832386431781275 0.0004890087675224636 1.627812770966551e-05 16.278687080018496 12.823520122305814 4.38013793102256 0.0007114125429230053 27.13114513336416 0.09327718356545754 32.51128306438672 0.0 125.48449459751325 21.331658282953263 0.9912118148260646 -0.0023382177504833734 34.21448860863912 0.0011423884164687044 -0.8212250411659197 -20.16585084340387 -4.292070561437091 41.6734569601394 -15.613921940988556 32.31732428579635 -0.06593138972568001 -0.4616181500801845 -0.35726867333525203 0.026699046023091907 0.00010114108281801182 -0.00034750818549104804 14.542311826775238 6.213311790025887 5.213311790025887 33.34445692339005 33.34445692339005
3.95243252512 0.0006392712692889601 2.0220210109559432e-06 0.00249851847494224 0.00043696557231732264 1.3621049320801348e-05 17.416110662239443 13.757301747266826 4.770136235053034 0.0006392712692889601 29.026851103732408 0.0907515957049084 34.79698733878544 0.0 133.85603443936867 22.886219824305897 0.991802645241922 -0.0021034002195801094 36.76733178115426 0.0010185781990481825 -0.8163333943983666 -21.37413760684843 -4.4910796823140195 44.475759236009424 -16.830821387157012 34.51397405570619 -0.0636228988340468 -0.45561314521722596 -0.3586168489615601 0.025694078178608547 9.10680834502486e-05 -0.0003114281453712015 15.448908132277019 6.6858346449986215 5.6858346449986215 35.71268574873103 35.71268574873103
4.00104744518 0.0005738066037803974 1.6230148934315475e-06 0.002240344114620792 0.0003900377691496917 1.1376565152178235e-05 18.64691830295722 14.769467440213095 5.195974603499888 0.0005738066037803974 31.07819717159537 0.0882782035044948 37.274171775095255 0.0 142.88928451024472 24.56738693543165 0.9923595901811175 -0.0018900841848301653 39.555456376919814 0.0009074392820766154 -0.811487790494676 -22.671346426371926 -4.702517718629129 47.500735429058295 -18.15336096244829 36.88855861782936 -0.061372465642005894 -0.44968045830385966 -0.35991724800598623 0.024712127452928636 8.193492421393182e-05 -0.00027880497645034144 16.42253825746293 7.202079284734197 6.202079284734197 38.28027645632957 38.28027645632957
4.05026032876 0.0005144668981744606 1.2998249189469583e-06 0.002006517944657754 0.00034776858507347565 9.484133295310027e-06 19.979795380887364 15.867432601748586 5.661264476645208 0.0005144668981744606 33.29965896814561 0.08585679141125925 39.960923444790815 0.0 152.6443442263825 26.38693840517354 0.9928841795872577 -0.0016965132330373223 42.60436276892446 0.0008077416556108258 -0.8066888705175606 -24.065066809371434 -4.92733450982395 50.768589084062064 -19.591783037683005 39.45746742837777 -0.05917944250493829 -0.4438202731688813 -0.36117208411564183 0.023753319167293497 7.365824356772089e-05 -0.00024933705911741504 17.468930115916457 7.766470722648471 6.766470722648471 41.06612969079408 41.06612969079408
4.1000785308 0.0004607397012203714 1.038634543992369e-06 0.0017949958383987072 0.00030973731150813334 7.891531880987332e-06 21.424321378246177 17.059385922807646 6.170011119948583 0.0004607397012203714 35.70720229707696 0.08348711693517559 42.877213417025544 0.0 163.187378270441 28.357949140366294 0.9933779011326266 -0.00152105445600359 45.942695574152324 0.0007183702251591951 -0.801937205282043 -25.563617250997087 -5.166564863041525 54.301565847689446 -21.157417445615195 42.23876569461065 -0.057043163530306 -0.43803271859914966 -0.36238343222688973 0.02281774955518367 6.616195566859703e-05 -0.00022274629547316312 18.59436355061249 8.383917934615162 7.383917934615162 44.09112023169212 44.09112023169212
4.15050949673 0.00041214954347691587 8.280299453109663e-07 0.001603879302329505 0.00027555691771406136 6.5538016494213025e-06 22.991070334973053 18.35437721636487 6.726659984554452 0.00041214954347691587 38.318450558288426 0.08116891013820897 46.04511054284288 0.0 174.59126852864773 30.494873786810473 0.9938421998764214 -0.0013621914395711698 49.602660538275266 0.0006383141431380085 -0.7972332996599931 -27.17612249899732 -5.4213371659819325 58.12417965322366 -22.862806829594486 45.25238173553806 -0.054962945454929316 -0.4323178701259361 -0.36355323809448614 0.021905485906731945 5.937659723181689e-05 -0.00019877652038970933 19.80572909493524 9.05987095856949 8.05987095856949 47.378321516857916 47.378321516857916
4.20156076354 0.0003682557994010725 6.586039268047914e-07 0.001431407731902889 0.000244871778059453 5.432310429325087e-06 24.691723466939845 19.762416248007863 7.336149488995488 0.0003682557994010725 41.15287244489974 0.07890187345490039 49.48902193389523 0.0 186.93637881878374 32.813541986135085 0.9942784776746301 -0.0012185176036272338 53.62049445281834 0.0005666571784100704 -0.792577608955213 -28.912599722607414 -5.6928829675431265 62.26346637984778 -24.721848381793137 48.52031734487649 -0.05293808850894211 -0.42667575163221916 -0.36468333971936695 0.021016566787610363 5.323873880489548e-05 -0.0001771920012887584 21.11059393494804 9.800385949502868 8.800385949502868 50.95325839440261 50.95325839440261
4.25323996093 0.00032865062808411504 5.226211598658942e-07 0.001275950744641116 0.0002173555119370826 4.493927197180893e-06 26.539195506821336 21.294583033769534 8.003968953826622 0.00032865062808411504 44.231992511368894 0.07668568146035905 53.235961465195516 0.0 200.31140443765048 35.33158525346069 0.9946880930207989 -0.0010887297290622655 58.03698866637439 0.0005025690023148902 -0.7879705184196055 -30.784054685003014 -5.9825476450024295 66.74926707584899 -26.749950934529547 52.06688268414054 -0.050967877266044584 -0.42110633671979725 -0.3657754519707461 0.02015100232995765 4.769043853010347e-05 -0.00015777601315052187 22.517274564480097 10.612196512667225 9.612196512667225 54.84418902403612 54.84418902403612
4.30555481245 0.00029295699358437946 4.137359608183461e-07 0.0011360007413077897 0.00019270893636688178 3.7102944067491283e-06 28.547776753457413 22.96315231564993 8.73622477039627 0.00029295699358437946 47.579627922429026 0.07451998090127421 57.315852692825295 0.0 214.81427118638254 38.06854714135817 0.9950723609003553 -0.0009716217701338792 62.89807165148401 0.00044529731154013065 -0.783412346845235 -32.80258924147103 -6.291802292198392 71.61454644575527 -28.96421312973741 55.91896075284356 -0.049051581480549104 -0.41560955079148965 -0.36683117428361156 0.019308774596926252 4.267875682361363e-05 -0.0001403295020486363 24.034918523326247 11.502795235326822 10.502795235326822 59.08242315775585 59.08242315775585
4.35851313664 0.00026082676536706055 3.2675494090205294e-07 0.001010165685471352 0.00017065812627701078 3.0571882423439124e-06 30.73329258612811 24.78173419647368 9.539716605307277 0.00026082676536706055 51.22215431021352 0.07240439066094137 61.761870915520795 0.0 230.5532368643271 41.04583120669473 0.9954325526900212 -0.0008660789371450761 68.25545118700606 0.0003941606925787504 -0.7789033748061973 -34.98152147872853 -6.622256981138622 76.89575117439975 -31.38362634469875 60.10630535449107 -0.04718845691157543 -0.4101852722160974 -0.3678520236529549 0.01848983801711833 3.815532252228882e-05 -0.0001246698292659644 25.673596864186237 12.48052769332763 11.48052769332763 63.70268200354115 63.70268200354115
4.41212284822 0.00023193889902943215 2.574378951476423e-07 0.0008971620203207886 0.00015095258256422455 2.513957358696185e-06 33.11328301543214 26.765430722721693 10.42201936096356 0.00023193889902943215 55.188805025720235 0.07033850210396098 66.61082438668379 0.0 247.64806762145886 44.287465413726444 0.995769896340426 -0.000771071998873829 74.16730446080372 0.00034854214146540615 -0.7744437982172205 -37.33552019200108 -6.97567556907779 82.63320998513004 -34.029297383352066 64.66187356791579 -0.04537774613903341 -0.4048333339209682 -0.3688393922973784 0.01769411988406987 3.407592107927424e-05 -0.00011062957807780885 27.444404959409795 13.554693344897089 12.554693344897089 68.74349837061732 68.74349837061732
4.46639195926 0.00020599769693942569 2.0233118352168655e-07 0.0007958079302483603 0.00013336350444235597 2.0630315185258035e-06 35.70720502935729 28.93101449621915 11.391580318476201 0.00020599769693942569 59.51200838226215 0.06832187916313018 71.90358870073835 0.0 266.2313191726672 47.819986577051424 0.9960855764940961 -0.0006856518709037474 80.69901886920846 0.0003078831968308183 -0.7700337656854699 -39.88075556910647 -7.353992248405684 88.8715867770862 -36.92470660513499 69.62220318080784 -0.04361867936555333 -0.3995535254745251 -0.36979458834004086 0.016921520924703504 3.040014215375185e-05 -9.80554466663675e-05 29.359578394824037 14.735665393747894 13.735665393747894 74.24767377601005 74.24767377601005
4.52132858035 0.00018273114832172808 1.58628647794783e-07 0.0007050168035815787 0.00011768216134897926 1.6894923404238416e-06 38.536660321673466 31.297129323092037 12.457827648836442 0.00018273114832172808 64.22776720278911 0.06635405893690632 77.68559485162555 0.0 286.44992291335154 51.67264329482142 0.9963807346177668 -0.0006089444634111985 87.92395739209894 0.00027167860253369706 -0.7656733828544287 -42.635067996228464 -7.759330061121292 95.66038928527561 -40.09599720751766 75.02783653398248 -0.04191047521159668 -0.39434559387039847 -0.37071884452061876 0.01617191592756874 2.7091051297303145e-05 -8.680720221495624e-05 31.4326220824865 16.035024633794336 15.035024633794336 80.26279183658345 80.26279183658345
4.57694092189 0.00016188934783379174 1.2405581003138954e-07 0.0006237909366858554 0.00010371836377584312 1.3806991071340603e-06 41.625652536385964 33.8845154673491 13.63128987353732 0.00016188934783379174 69.37608756064327 0.06443455200724829 84.0073774341806 0.0 308.46681399431924 55.87834309014606 0.9966564697678519 -0.0005401456793463488 95.92421740250599 0.00023947145548879024 -0.7613626741680264 -45.61815759305429 -8.194021632381954 103.05454045202202 -43.572297330520406 80.92379664357168 -0.040252341499749926 -0.3892092455579553 -0.3716132829307245 0.015445154430880202 2.411488554243869e-05 -7.675669692833504e-05 33.67845289137875 17.465706624881037 16.465706624881037 86.84179418552431 86.84179418552431
4.63323729523 0.00014324299154024688 9.6773696003293e-08 0.0005512155756183561 9.12990276161807e-05 1.1259632747156421e-06 45.00087761727138 36.716266950906785 14.923737494946366 0.00014324299154024688 75.0014626954523 0.06256284316511279 90.92520019039867 0.0 332.46282674039196 60.47337041122314 0.996913838590845 -0.00047851680058030865 104.79135362470501 0.00021084880083633483 -0.7571016306692044 -48.85179703201106 -8.660632411320274 111.1150267217885 -47.38609380757031 87.36012858045126 -0.0386434760321621 -0.38414414798104424 -0.37247896588757967 0.014741061467531614 2.1440791491757702e-05 -6.77869556472367e-05 36.113564026336185 19.042176572919303 18.042176572919303 94.0436392683716 94.0436392683716
4.69022611396 0.00012658194887072495 7.529916167314686e-08 0.00048645317398433196 8.026682869606603e-05 9.162659572721781e-07 48.69205181186732 39.81812022946005 16.348338566404095 0.00012658194887072495 81.15341968644555 0.060738391987608116 98.50175825284964 0.0 358.63890856829573 65.49813024918174 0.9971538560945111 -0.00042337998741359684 114.62698587784081 0.0001854376158395841 -0.7528901867951059 -52.36007071843563 -9.161986748911568 119.9096262354227 -51.57364774508797 94.3925074807627 -0.037083067358964966 -0.3791499307226852 -0.3733168760850072 0.01405943836216983 1.9040575757872816e-05 -5.9791314422438664e-05 38.75620654897716 20.780621179639425 19.780621179639425 101.93404086608497 101.93404086608497
4.74791589517 0.00011171390900357806 5.843906091142913e-08 0.0004287379493926722 7.047894468438897e-05 7.440132485860967e-07 52.73228300239371 43.21878174287568 17.91983646210342 0.00011171390900357806 87.88713833732285 0.058960633666830166 106.80697479942627 0.0 387.2184677278912 70.99788951376125 0.9973774962633533 -0.00037411404948350935 125.54321554655935 0.00016290115743234265 -0.7487282182133805 -56.16964399630225 -9.701197188174985 129.5137327370682 -56.175467472262724 102.08292718748199 -0.035570295540003016 -0.3742261874374121 -0.37412791672648515 0.01340006357757935 1.688848169577233e-05 -5.267261829968903e-05 41.62659439974536 22.699167962219434 21.699167962219434 110.58630629954229 110.58630629954229
4.80631526068 9.846309990198883e-05 4.5235989101340294e-08 0.00037737072504009353 6.18058794616058e-05 6.028247790145135e-07 57.15849090426074 46.95030025851941 19.654754790397618 9.846309990198883e-05 95.26415150710123 0.057228979816902475 115.91890629749885 0.0 418.450153636802 77.02279086203455 0.9975856924829068 -0.0003301504757864393 137.66274113128554 0.00014293563641821445 -0.7446155666955883 -60.31006622849003 -10.281697396025491 140.0112888331937 -61.236849354630124 110.50048124259277 -0.03410433289943951 -0.3693724770934123 -0.37491293912638957 0.012762693607240505 1.4960988718068429e-05 -4.634247375284943e-05 44.74713732609247 24.818138269840816 23.818138269840816 120.08228977694205 120.08228977694205
4.86543293838 8.666907808912786e-05 3.492368411135514e-08 0.00033171402214519306 5.41303668793273e-05 4.873513981689487e-07 62.011883350894216 51.04848730169212 21.571626076509588 8.666907808912786e-05 103.35313891815703 0.05554281941058972 125.92476499466662 0.0 452.61097851902315 83.62893447163295 0.9977793385433874 -0.0002909696053339239 151.11852264610673 0.0001252671848547594 -0.7405520204756595 -64.81411245024542 -10.907279227240151 151.49583956128242 -66.8084854208167 119.7222447880944 -0.03268434477382725 -0.36458832540413444 -0.37567272546619146 0.012147063907731986 1.3236624533726987e-05 -4.072054841422043e-05 48.14270064312537 27.160329453160372 26.160329453160372 130.5134683713174 130.5134683713174
4.92527776352 7.618558711225872e-05 2.6890461651248457e-08 0.000291187435648126 4.734635001957655e-05 3.931183225506914e-07 67.33849671968625 55.55339555762724 23.691254247043886 7.618558711225872e-05 112.23082786614376 0.053901519745775374 136.92208211318763 0.0 490.009782352764 90.87912109849509 0.9979592893405215 -0.000256097063473959 166.0528447484518 0.00010964909451332348 -0.7365373189451208 -69.71816888617685 -11.582134482267351 164.07172768470315 -72.94715732594706 129.8342761652904 -0.03130949025360068 -0.35987322648794295 -0.3764079953937036 0.011552889871613918 1.1695796445476694e-05 -3.5733920491771664e-05 51.8408998185594 29.75133890883083 28.75133890883083 141.9821667749746 141.9821667749746
4.98585868002 6.68794825454488e-05 2.064931675360319e-08 0.0002552632737810277 4.1358031989495335e-05 3.163904954369339e-07 73.18980951225961 60.50986300058814 26.03701479795943 6.68794825454488e-05 121.98301585376603 0.05230442752264945 149.02003065172545 0.0 530.9912235095984 98.84339828583092 0.9981263616400126 -0.0002251003979063526 182.61561015166757 9.585929982024624e-05 -0.7325711640914365 -75.06266829981915 -12.310902001780473 177.85544985321874 -79.71652748152775 140.93275435216773 -0.02997892291898423 -0.3552266443371839 -0.37711941935634585 0.010979867830478 1.03206373210347e-05 -3.131647330300073e-05 55.87243399945269 32.61993476378595 31.61993476378595 154.60295061755198 154.60295061755198
5.04718474178 5.8629721276738216e-05 1.5813541341030673e-08 0.00022346245097337692 3.6078994595367466e-05 2.540572760791943e-07 79.62343964421288 65.96813160265077 28.635196681130807 5.8629721276738216e-05 132.70573274035482 0.0507508699209316 162.3409294214856 0.0 575.9403305168801 107.60005814339594 0.9982813347782565 -0.0001975859224545573 200.96171686145746 8.36980828901196e-05 -0.7286532252605813 -80.8925820837442 -13.098720836219648 192.97719563522244 -87.18803926848109 153.12527076410134 -0.02869179156946242 -0.3506480141119666 -0.37780762522616007 0.010427676090614688 9.09486383912351e-06 -2.74083318121937e-05 60.27146289486764 35.79847812069147 34.79847812069147 168.5042108610463 168.5042108610463
5.1092651141 5.1326412767794726e-05 1.207689376800151e-08 0.00019535062659611295 3.143138136267772e-05 2.0353390974746284e-07 86.70393779972545 71.9845504510145 31.51538944710566 5.1326412767794726e-05 144.50656299954244 0.04924015576819325 177.0219524466481 0.0 625.2876229616129 117.23703850102113 0.998424951966442 -0.00017319568402696106 221.24744248394921 7.298598100757427e-05 -0.7247831238809299 -87.25797707767944 -13.951290337201623 209.5825942782293 -95.44193850383924 166.53229625207234 -0.027447240947238598 -0.34613674353373947 -0.37847318466316326 0.009895975991813329 8.003645569688498e-06 -2.3955338703358848e-05 65.07603127868684 39.32340109625525 38.32340109625525 183.8299640957977 183.8299640957977
5.17210907501 4.486992991971531e-05 9.197514335017313e-09 0.00017053459368829285 2.734514134935532e-05 1.62677531421948e-07 94.50369123962864 78.62237897775451 34.71092922518983 4.486992991971531e-05 157.50615206604775 0.047771576742924385 193.21708129123758 0.0 679.5148777433619 127.85292698325304 0.9985579209957949 -0.00015160469152020184 243.62591516483968 6.35618804304797e-05 -0.720960444917981 -94.21464633037867 -14.874938144119895 227.83470435352322 -104.56844452646732 181.28885385090172 -0.026244412455105122 -0.34169221466818855 -0.37911662555827197 0.009384412988431836 7.033486345058003e-06 -2.0908569361284025e-05 70.32855228747546 43.23575778153875 42.23575778153875 200.7419098475865 200.7419098475865
5.23572601663 3.917007713555638e-05 6.9849148344486615e-09 0.00014865889936419328 2.3757329974198993e-05 1.297157266218358e-07 103.10395362744568 85.95270398337075 38.25941088534884 3.917007713555638e-05 171.83992271240948 0.04634440860901719 211.09933359775832 0.0 739.161850843057 139.5579995285407 0.9986809150273995 -0.0001325183080673753 268.2419584762149 5.5281278529972674e-05 -0.7171847539842844 -101.82482404947305 -15.876697186230436 247.9162796925014 -114.66909056549298 197.54642554281406 -0.025082444868050682 -0.3373137850141961 -0.3797384506620206 0.00889261774728711 6.172115178042835e-06 -1.822388220762779e-05 76.07635698009192 47.58185717940424 46.58185717940424 219.4217798918137 219.4217798918137
5.30012544663 3.414531315298657e-05 5.289483897472859e-09 0.00012940268230388928 2.061146379379085e-05 1.0318591546263835e-07 112.59602041595498 94.05548353453106 42.203266497543126 3.414531315298657e-05 187.66003402659163 0.04495791248871447 230.86330052413476 0.0 804.8338256580419 152.47653750646842 0.9987945739357373 -0.00011566975648991118 295.2268927845751 4.8014699292075944e-05 -0.7134555731897185 -110.15799705004336 -16.964392990301317 270.0323470032126 -125.85824442184524 215.4751221813923 -0.023960475038416057 -0.3330007889257175 -0.38033911450751146 0.008420207257623083 5.408384276735706e-06 -1.5861501442474287e-05 82.37231297662093 52.41397774577072 51.41397774577072 240.07401177236235 240.07401177236235
5.36531698963 2.9722026213537218e-05 3.9940453141275215e-09 0.0001124767334016569 1.785692586458969e-05 8.188404272996429e-08 123.08257176342276 103.02074401655457 46.59043594282832 2.9722026213537218e-05 205.1376196057046 0.04361133614689824 252.72805554853292 0.0 877.210146606501 166.74822483381388 0.9988995051921419 -0.00010081784004034589 324.6942599584142 4.16462509043474e-05 -0.7097723987674733 -119.29182666033303 -18.146742781090968 294.41315209236603 -138.26486044947728 235.26616657174856 -0.022877638594729785 -0.3287525392794257 -0.3809190416480073 0.007966785951646516 4.732176786286373e-06 -1.3785632323692345e-05 89.2755324866614 57.791196288293435 56.791196288293435 262.92881589399803 262.92881589399803
5.4313103886 2.5833859137076332e-05 3.007086883076036e-09 9.762075843718165e-05 1.5448418389907828e-05 6.482124977449769e-08 134.6792075484386 112.94994941102028 51.47513565643237 2.5833859137076332e-05 224.46534591406433 0.04230391534841643 276.9404815704967 0.0 957.0541729280385 182.52991056751898 0.9989962846243958 -8.77448260978575e-05 356.7377068568731 3.6072311480290334e-05 -0.7061347097624351 -129.31319689153526 -19.43346809113352 321.31752337604473 -152.03448545600327 257.1347304089118 -0.021833070634089582 -0.32456832855494594 -0.38147863638139123 0.0075319468273051995 4.134321238191925e-06 -1.1964105436353138e-05 96.85217746198042 63.780338277563885 62.780338277563885 288.24568419162824 288.24568419162824
5.49811550638 2.2421081881357435e-05 2.2573447680735277e-09 8.460083379465037e-05 1.334545979685486e-05 5.118737548284367e-08 147.5162048292732 123.95756716859677 56.9187347016622 2.2421081881357435e-05 245.860341382122 0.04103487512554626 303.77907608378416 0.0 1045.2244753566674 199.9987881673482 0.9990854578806485 -7.625441263581223e-05 391.43241447540004 3.120033228726945e-05 -0.7025419514180085 -140.319407740462 -20.835422864745865 351.03671333103443 -167.33154917986724 281.32317621784966 -0.020825906406722758 -0.3204474302990906 -0.3820182667062818 0.007115272574145628 3.6065120174831387e-06 -1.036804817418345e-05 105.17637194891248 70.4570606221435 69.4570606221435 316.3174020042655 316.3174020042655
5.56574232711 1.9430009200931357e-05 1.6894844854744547e-09 7.320705212344702e-05 1.1511923244196216e-05 4.032028549541758e-08 161.7405317473278 136.1728678702567 62.9907704563812 1.9430009200931357e-05 269.567552912213 0.039803431189970644 333.5583233685942 0.0 1142.687640615151 219.3544781226581 0.9991675411739233 -6.616990305463588e-05 428.8413132067393 2.694774923198442e-05 -0.6989935524157183 -152.41953500814037 -22.364739350176567 383.8988006655737 -184.34200665530938 308.104776406788 -0.019855281993484682 -0.31638910060675657 -0.3825382819059068 0.006716336694725286 3.1412368216842346e-06 -8.971582603754908e-06 114.33124775336066 77.90710762802604 76.90710762802604 347.47466054023903 347.47466054023903
5.63420095773 1.681246104589861e-05 1.2606665080395087e-09 6.325134172696283e-05 9.915613730474738e-06 3.1680162939837757e-08 177.51815717648708 149.74198960185356 69.77011440932341 1.681246104589861e-05 295.86359529414517 0.03860879121019714 366.6337097034686 0.0 1250.5331095952133 240.82211142309674 0.9992430223750113 -5.7332480664307184e-05 469.0267351771437 2.3240992467123276e-05 -0.6954889270851781 -165.73598131763902 -24.034994438553394 420.27373107479065 -203.27637004536672 337.78797485085295 -0.018920334975013352 -0.31239257924114605 -0.3830390153633674 0.006334704619978801 2.731709253216974e-06 -7.751547121094826e-06 124.4101357806455 86.22775262881788 85.22775262881788 382.09134792296305 382.09134792296305
5.70350162951 1.4525263388561675e-05 9.378233659277932e-10 5.456545194541214e-05 8.527881228993551e-06 2.4828012110327338e-08 195.03670335921728 164.83030851284514 77.34631023711177 1.4525263388561675e-05 325.06117226536213 0.037450156215553386 403.4074825024739 0.0 1369.9899848510067 264.6565582531503 0.9993123622025007 -4.959960340489289e-05 512.0672706680995 2.0014586130640532e-05 -0.6920274651710163 -180.40624740193326 -25.86139953068787 460.5790959290576 -224.37318944412166 370.72127573066456 -0.018020205092447148 -0.30845709105702596 -0.3835207745105853 0.0059699348137149675 2.371806406408225e-06 -6.687240553462595e-06 135.51792366369548 95.52945261459979 94.52945261459979 420.5906248799619 420.5906248799619
5.77365469956 1.2529787212963473e-05 6.955072738708448e-10 4.699909752079119e-05 7.323267256706459e-06 1.9407730262759332e-08 214.50849534230358 181.6251702973831 85.82112607966093 1.2529787212963473e-05 357.5141589038393 0.03632672186220153 444.33528498350023 0.0 1502.4463778251236 291.14585114014557 0.9993759951288025 -4.284354017114467e-05 558.0785566757867 1.721033082273379e-05 -0.6886085477418034 -196.58495697578192 -27.861017509608555 505.28677326863686 -247.90307542077096 407.29886734892693 -0.017154034898698975 -0.30458184738904054 -0.3839838568125915 0.005621579863826447 2.0560116352323473e-06 -5.76018753612357e-06 147.77261436479753 105.93776847659205 104.93776847659205 463.45192738043136 463.45192738043136
5.84467065236 1.0791523461339525e-05 5.141938715227893e-10 4.041824925094812e-05 6.279182462748581e-06 1.5131193560645553e-08 236.17406975317496 200.33903351189298 95.3103415032067 1.0791523461339525e-05 393.62344958862496 0.0352376798304774 489.93379109183167 0.0 1649.4717615512336 320.6160436403483 0.9994343302689397 -3.6950017464398854e-05 607.2358713943943 1.4776561302123054e-05 -0.6852315462503658 -214.44617378542063 -30.05301097417011 554.9305568706686 -274.1733287843518 447.9670872269096 -0.016320970400324722 -0.30076604711611266 -0.3844285491167887 0.005289187555784946 1.7793614165515507e-06 -4.9539232445889295e-06 161.30710728204366 117.59557561800409 116.59557561800409 511.21902520662906 511.21902520662906
5.91656010138 9.279691788743356e-06 3.789495005569095e-10 3.470356357119459e-05 5.375612999078617e-06 1.176588253111879e-08 260.3062179553443 221.21309310676105 105.94580993303299 9.279691788743356e-06 433.8436965922406 0.034182219053046206 540.7895065252735 0.0 1812.8424987166975 353.43709678102533 0.9994877528246686 -3.181693425746701e-05 659.796110869638 1.2667473281767543e-05 -0.6818958176742265 -234.1860563485621 -32.45892657239068 610.1149341663395 -303.5332804302963 493.2318664184977 -0.015520161688238205 -0.29700887805581 -0.38485512268415867 0.004972301926619822 1.537396283021433e-06 -4.253796344959774e-06 176.27123757409893 130.66561551632674 129.66561551632674 564.5093121085673 564.5093121085673
5.98933379063 7.966881048651036e-06 2.7838733018629333e-10 2.9748942804421285e-05 4.5948534776304106e-06 9.124641483564324e-09 287.214649122889 244.5214657858582 117.87785119392345 7.966881048651036e-06 478.6910818714817 0.033159527052349085 597.5689330654052 0.0 1994.571300638722 390.02873785021893 0.999536624826887 -2.7353225429571637e-05 716.1170632937908 1.0842513435420264e-05 -0.6786007129174374 -256.02590260830914 -35.10302106521919 671.525202092625 -336.3804707480457 543.6673159299041 -0.014750763557779524 -0.2933095181830123 -0.3852638415089956 0.004670464295219865 1.3261156853065973e-06 -3.6467889463881832e-06 192.83412022114334 145.3334564097944 144.3334564097944 624.0245382812761 624.0245382812761
6.06300259626 6.828719497797494e-06 2.0385227720155002e-10 2.5460216611158864e-05 3.921264489979852e-06 7.057226304310509e-09 317.2513748249976 270.5760256930679 131.27802031793226 6.828719497797494e-06 528.752291374996 0.03216879117982657 661.0303116929283 0.0 2196.941229544169 430.86768706947225 0.9995812860848823 -2.347780113476361e-05 776.6728089945618 9.26582708363795e-06 -0.6753455788922174 -280.21564582243616 -38.01263569119029 739.9391322762974 -373.16779426856345 599.9256358084248 -0.014011936116750435 -0.28966713686491347 -0.3856549642261695 0.0043832142667650205 1.1419362803709622e-06 -3.1213521934927106e-06 211.18684090130137 161.81091991813764 160.81091991813764 690.5632112931337 690.5632112931337
6.13757752819 5.843572783167664e-06 1.4878657948029093e-10 2.175393688902865e-05 3.341052765152837e-06 5.443346964238957e-09 350.8169333588112 299.73199896972903 146.3423186604184 5.843572783167664e-06 584.694888931352 0.03120919982558977 732.0372075917704 0.0 2422.544933488372 476.49621259812295 0.9996220552032042 -2.011856859907013e-05 842.065221487817 7.905758634049342e-06 -0.6721297604960945 -307.0378729429625 -41.218626503776385 816.2404396508963 -414.411774301078 662.7485652296623 -0.013302845380396375 -0.2860808959376417 -0.3860287459898538 0.004110090708908795 9.816534941867861e-07 -2.667256404517172e-06 231.54555071954422 180.34005560107312 179.34005560107312 765.0349445324251 765.0349445324251
6.21306973179 4.992267851087344e-06 1.082375580695297e-10 1.855627823031948e-05 2.842072176793173e-06 4.186955891774471e-09 388.3675941426718 332.3944419878129 163.29491679858904 4.992267851087344e-06 647.2793235711197 0.030279943639186336 811.5742403697087 0.0 2674.329876330386 527.5319611201878 0.9996592308632103 -1.7211522314486416e-05 913.0325757240768 6.734400219426157e-06 -0.6689525964450267 -336.81244915383405 -44.75585964539002 901.4343492655349 -460.7021497215901 732.9806262876546 -0.012622663853262937 -0.2825499509540918 -0.3863854339686206 0.003850632696957699 8.424061018239502e-07 -2.275454658815103e-06 254.1550256944153 201.19774929535515 200.19774929535515 848.4770728664748 848.4770728664748
6.28949048949 4.257840993923005e-06 7.847693098423903e-11 1.580203690688404e-05 2.4136438946489067e-06 3.2115719276860524e-09 430.42370546043816 369.0257589435991 182.3924932666082 4.257840993923005e-06 717.3728424340636 0.029380216667769885 900.7653357006718 0.0 2955.650750985045 584.6786607702235 0.9996930922827527 -1.4699954210772859e-05 990.4569002363783 5.727184379229079e-06 -0.6658134308123129 -369.9018459049732 -48.66378205372283 996.6656196758204 -512.7130207112667 811.5844710682691 -0.011970571096768464 -0.2790734523365347 -0.38672527852156746 0.003604380425890939 7.216437289827181e-07 -1.9379588769733885e-06 279.2927772417568 224.7010950499448 223.7010950499448 942.0739374840084 942.0739374840084
6.36685122251 3.625308329427314e-06 5.6707358861601224e-11 1.3433720433087158e-05 2.0463940987310373e-06 2.4564626748392528e-09 477.57937793624023 410.15442359508603 203.9292703057613 3.625308329427314e-06 795.9656298937338 0.028509217481015772 1000.894900199495 0.0 3270.3302316172512 648.7395998281172 0.9997239005398103 -1.2533687145932504e-05 1075.3719507251817 4.86251681021667e-06 -0.6627116068029819 -406.71728646511934 -52.98707989824579 1103.2394169947893 -571.215782089886 899.658668714953 -0.011345754281641635 -0.27565054634830044 -0.38704852676753554 0.0033708760874268506 6.170969060012011e-07 -1.6477273191435162e-06 307.2737871010555 251.21363020164063 250.21363020164063 1047.1792600953745 1047.1792600953745
6.44516349255 3.081457087516909e-06 4.083698022656922e-11 1.1400721649115632e-05 1.7321077881669874e-06 1.8735363702484754e-09 530.5137332003094 456.38512134689535 228.24288714079057 3.081457087516909e-06 884.1895553338491 0.02766615022681411 1113.4324424746396 0.0 3622.729178120387 720.6327315303523 0.9997518993341112 -1.0668403943370208e-05 1168.9735269367661 4.121445757002145e-06 -0.659646470565578 -447.72584348322886 -57.77643917533928 1222.6455371550671 -637.0941824891357 998.4583625615328 -0.010747408724598116 -0.2722803763786475 -0.387355425782987 0.0031496647105186066 5.267496379066393e-07 -1.3985627002811972e-06 338.45598182121813 281.1526086556728 280.1526086556728 1165.3421639895219 1165.3421639895219
6.5244390035 2.6146561587428523e-06 2.9306761350814017e-11 9.65857055894968e-06 1.4635972871918162e-06 1.4248185576134709e-09 590.0039827624447 508.4105537862748 255.72125617328538 2.6146561587428523e-06 983.3399712707412 0.026850225709916364 1240.0612274440266 0.0 4017.8284717648576 801.4075195425002 0.9997773156870822 -9.065037219535554e-06 1272.633542412507 3.4873647033506846e-06 -0.6566173778710396 -493.4586446479799 -63.0894254122176 1356.5865405242005 -711.3618746835082 1109.4192831078913 -0.010174738408449492 -0.2689620837728263 -0.3876462290609941 0.0029402949631426875 4.4881427331187303e-07 -1.1850200325286016e-06 373.2465692534593 314.9974927780445 313.9974927780445 1298.3374640487857 1298.3374640487857
6.60468960325 2.2146844381788402e-06 2.095873547281962e-11 8.168257709132763e-06 1.2345841808959673e-06 1.0804093770256437e-09 656.9406575518561 567.0251862044109 286.8105507477932 2.2146844381788402e-06 1094.9010959197603 0.026060662274731743 1382.7116466675534 0.0 4461.323881616512 892.2664801414882 0.9998003614256041 -7.689182574655007e-06 1387.9189545904005 2.94574537034633e-06 -0.6536236852773061 -544.5203721223367 -68.99150241905349 1507.0104600124655 -795.1828580949426 1234.1856845876528 -0.009626956484686222 -0.2656948089831741 -0.3879211871115572 0.0027423199148284127 3.817084676377491e-07 -1.002323382866538e-06 412.109364092705 353.2998470344535 352.2998470344535 1448.2009429542138 1448.2009429542138
6.68592728537 1.872575578013581e-06 1.493579026206464e-11 6.8956237574541284e-06 1.0395934776660308e-06 8.168347021019622e-10 732.3453608597181 633.1412958805748 322.0245673498432 1.872575578013581e-06 1220.5756014328636 0.02529668687813303 1543.6001687827068 0.0 4959.736446058394 994.5881805804747 0.9998212330863024 -6.510629120271005e-06 1516.6163447457618 2.48389830038776e-06 -0.6506647605311326 -601.6002722263147 -75.55721356419404 1676.1488985884946 -889.8953848357191 1374.642912507763 -0.009103285758459747 -0.2624776925408591 -0.3881805573611533 0.0025552977578774394 3.240341903588691e-07 -8.462908615645398e-07 455.5732971556311 396.69493659492105 395.69493659492105 1617.2705380277846 1617.2705380277846
6.76816419098 1.580477838596095e-06 1.0605712849961038e-11 5.810809432908731e-06 8.738588936013254e-07 6.157190713989155e-10 817.391489309867 707.8077124978306 361.9556732398207 1.580477838596095e-06 1362.3191488497785 0.02455753581826832 1725.2748220895992 0.0 5520.541385238544 1109.954689211688 0.9998401135283651 -5.502867004292256e-06 1660.7628680637972 2.0907584390888123e-06 -0.6477399817905152 -665.4849314469928 -82.87155327485058 1866.5614349502396 -997.039892809657 1532.9553922110024 -0.008602959154014683 -0.25930987596055666 -0.3884246029629542 0.0023787924872540733 2.745585489721942e-07 -7.132670942253691e-07 504.2422861004611 445.91529112196645 444.91529112196645 1808.234439971745 1808.234439971745
6.85141261053 1.331527806196084e-06 7.503821574737433e-12 4.887760980114005e-06 7.332382374530325e-07 4.6272076413746484e-10 913.4284487308364 792.2317343849439 407.2876338467845 1.331527806196084e-06 1522.3807478847275 0.023842455674310214 1930.668381731512 0.0 6152.318229922359 1240.1851458121762 0.9998571723616464 -4.642687157385694e-06 1822.6842589855826 1.7566934104399623e-06 -0.6448487353207204 -737.0731205358295 -91.0315614451074 2081.1874540908975 -1118.3917000650863 1711.6110035882919 -0.00812522016126956 -0.2561905026364299 -0.3886535899971332 0.0022123745377207733 2.3219633303495667e-07 -6.00062555762043e-07 558.8067062061701 501.8065992084503 500.8065992084503 2024.1873470931778 2024.1873470931778
6.93568498564 1.119736818921052e-06 5.289789091952759e-12 4.103786353537734e-06 6.141379491620907e-07 3.4667978573582907e-10 1022.0099919652064 887.8047961811719 458.8106700837802 1.119736818921052e-06 1703.3499866086775 0.023150704054560083 2163.1606566924575 0.0 6864.926091399502 1387.3729719252294 0.9998725667326874 -3.909805946999967e-06 2005.0406880839143 1.4733323486196541e-06 -0.6419904167163635 -817.3930636095358 -100.14817941635248 2323.406729144042 -1255.9993339952289 1913.472989178673 -0.007669323262027318 -0.2531187188409143 -0.38886778806950195 0.002055621377697197 1.9599415781482197e-07 -5.038991683403084e-07 620.0567425353644 565.3463682597578 564.3463682597578 2268.6963548684353 2268.6963548684353
7.02099391096 9.398890159606223e-07 3.715262286500409e-12 3.4391576998035814e-06 5.134459174501855e-07 2.5893825196673016e-10 1144.9274197905318 996.1325741799238 517.4391725620062 9.398890159606223e-07 1908.212366317553 0.02248155024890371 2426.651538879559 0.0 7669.709126187355 1553.9293019570714 0.9998864420563218 -3.2865286003769256e-06 2210.8814513839275 1.2334133169188693e-06 -0.6391644405104626 -907.6225530038115 -110.34841330159313 2597.110329988735 -1412.2295476155261 2141.840759955576 -0.007234534335126589 -0.2500936744969749 -0.3890674794848874 0.0019081180603625445 1.6511608846733718e-07 -4.2236160252801844e-07 688.8979636711821 637.6658806229689 636.6658806229689 2545.878246940522 2545.878246940522
7.10735213606 7.874499964601122e-07 2.599666853015074e-12 2.8767558672993976e-06 4.2847177656124923e-07 1.9279994118998747e-10 1284.248531133077 1119.0703104771462 584.2324956779889 7.874499964601122e-07 2140.4142185551286 0.021834276033184826 2725.6467142331176 0.0 8579.736937045907 1742.6370809743514 0.9998989328139958 -2.7574445127243052e-06 2443.709786612743 1.0306475014575852e-06 -0.636370227865092 -1009.1124090772101 -121.77785889043054 2906.783680635005 -1589.8201497020257 2400.521169696924 -0.006820131040789972 -0.24711452389302918 -0.38925294652755016 0.0017694577302644573 1.388306042300576e-07 -3.533537464579618e-07 766.3694620798765 720.0759677268375 719.0759677268375 2860.490186281966 2860.490186281966
7.19477256734 6.58485141943564e-07 1.812193745404422e-12 2.4017533039615054e-06 3.5689394564767456e-07 1.431018411521562e-10 1442.3633850183078 1258.764362127138 660.4194935887394 6.58485141943564e-07 2403.938975030513 0.021208176118371655 3065.3584686192526 0.0 9610.085973345076 1956.7111845645275 0.9999101633018083 -2.3091554859355767e-06 2707.5593664293206 8.595985643404569e-07 -0.6336072138679734 -1123.4138787508593 -134.60365256002473 3257.604047373628 -1791.9422320599463 2693.91224222423 -0.0064254031826010615 -0.24418042675204144 -0.3894244779604461 0.0016392420869257706 1.1649884075874259e-07 -2.950598925785604e-07 853.6650723431147 814.0974275437352 813.0974275437352 3218.0364025742483 3218.0364025742483
7.28326826991 5.495867230555386e-07 1.2584375495076818e-12 2.001331631081966e-06 2.967127308011891e-07 1.058755409391394e-10 1622.0381221478578 1417.7011139657798 747.4274797049065 5.495867230555386e-07 2703.39687024643 0.020602558856336217 3451.8243499513364 0.0 10778.171226045355 2199.8683374167235 0.9999202476174649 -1.930050913312442e-06 3007.084426723856 7.155756221969845e-07 -0.6308748553872494 -1252.310671587939 -149.01792472976587 3655.555076117525 -2022.2735096395022 3027.1016189124202 -0.006049653047456948 -0.24129054865592742 -0.3895823766804086 0.0015170818048611116 9.756398604573071e-08 -2.459101793225671e-07 952.1582058710953 921.4969310221854 920.4969310221854 3624.8938012686153 3624.8938012686153
7.37285246963 4.5780897414781596e-07 8.705224892412632e-13 1.6644305760769583e-06 2.4620887663092486e-07 7.80804709532663e-11 1826.4783673437873 1598.7646037699756 846.9163530535943 4.5780897414781596e-07 3044.130612239646 0.020016746621780972 3892.04696529324 0.0 12104.135257375161 2476.415593497666 0.9999292914524475 -1.6100614219638487e-06 3347.6660034867773 5.945384804615047e-07 -0.6281726153981064 -1397.8564728915717 -165.24184699742986 4107.561500309092 -2285.084733660273 3405.9824257487726 -0.005692195722550143 -0.2384440619004353 -0.38972694343624925 0.001402596910406024 8.15417263403326e-08 -2.0454987607526117e-07 1063.4308880694452 1044.3293354254738 1043.3293354254738 4088.4599476651197 4088.4599476651197
7.46353855501 3.806103801801411e-07 5.998332761338649e-13 1.3815253438720411e-06 2.0390700007391622e-07 5.739441523805498e-11 2059.4040117344007 1805.304581650346 960.8190529498056 3.806103801801411e-07 3432.3400195573345 0.01945007635040795 4394.15907250714 0.0 13611.306179384765 2791.3473968650105 0.999937391653301 -1.340493422929967e-06 3735.53714378348 4.930138813737009e-07 -0.6254999755402331 -1562.418926584451 -183.53038156699927 4621.647897733612 -2585.3419192771526 3837.389940582584 -0.005352359389368578 -0.2356401462239005 -0.3898584888229095 0.0012954171160002794 6.801168495840362e-08 -1.6981215328622737e-07 1189.3078781762774 1184.987854241765 1183.987854241765 4617.3278737990995 4617.3278737990995
7.55534007924 3.158024779823123e-07 4.116840688416495e-13 1.1444294992475788e-06 1.6854339220291537e-07 4.204952979838898e-11 2325.1375362396857 2041.2169376233276 1091.3894373263793 3.158024779823123e-07 3875.229227066143 0.018901899867009925 4967.618664392522 0.0 15326.738834187661 3150.4622211235587 0.9999446371664981 -1.1138479663053147e-06 4177.930697144294 4.080216053958679e-07 -0.6228564356699453 -1748.7312729807654 -204.17786262958043 5207.125949547715 -2928.827231678282 4329.262918230983 -0.0050294855941240176 -0.232877989346181 -0.3899773324757978 0.001195182112493532 5.660974456987549e-08 -1.4069397489079632e-07 1331.8967224815717 1346.263438409348 1345.263438409348 5221.492665475491 5221.492665475491
7.64827076221 2.6150452899085355e-07 2.8142390828639645e-13 9.461208276597744e-07 1.390377212349357e-07 3.070439983185168e-11 2628.7084780279406 2311.038888989213 1241.2590451198212 2.6150452899085355e-07 4381.1807967132345 0.018371584272149324 5623.439841833056 0.0 17281.852876010107 3560.504728433198 0.9999511094870536 -9.236709463955606e-07 4683.253987439737 3.3700939346494146e-07 -0.6202415097292975 -1959.9530579970312 -227.5245646687574 5874.815646160915 -3322.28216658414 4890.834306674762 -0.004722929494563848 -0.23015678754563856 -0.3900837985127126 0.0011015418203033027 4.702118407477054e-08 -1.1633480224164108e-07 1493.6348494476804 1531.4151825886656 1530.4151825886656 5912.5959793019 5912.5959793019
7.74234449259 2.1610347251918655e-07 1.9160267769792097e-13 7.805878209703389e-07 1.1446821193528682e-07 2.2344544060615378e-11 2975.9771664340533 2620.061810791904 1413.5045181537826 2.1610347251918655e-07 4959.961944056756 0.017858512199442858 6374.466462210538 0.0 19513.187191473848 4029.3291421380695 0.9999568836533788 -7.644099180303954e-07 5261.295552464786 2.7779574626224425e-07 -0.6176547251678779 -2199.7416068763487 -253.96444320915668 6637.306986774523 -3773.5774252495917 5532.857051194469 -0.0044320600828898615 -0.2274757463049421 -0.3901782144530179 0.001014156600242809 3.897455951695778e-08 -9.599782071446147e-08 1677.3450427177665 1744.2539624540632 1743.2539624540632 6704.215906510819 6704.215906510819
7.83757532985 1.7821861778979454e-07 1.2991694462165514e-13 6.426946230665869e-07 9.404991666569358e-08 1.6205298680350158e-11 3373.781486116221 2974.465184553605 1611.727838095092 1.7821861778979454e-07 5622.969143527035 0.017362082080697307 7235.696981622127 0.0 22063.293828438505 4566.092675867469 0.999962027833536 -6.313128206869578e-07 5923.47020128525 2.2851974262517302e-07 -0.6150956298321419 -2472.3362874786108 -283.9542703992558 7509.27004617359 -4291.91480498498 6267.871843310868 -0.004156260384696661 -0.22483408084441586 -0.39026091767490523 0.0009326974251682181 3.2236260470818594e-08 -7.905342342858018e-08 1886.300902646555 1989.2419823095815 1988.2419823095815 7612.211125836617 7612.211125836617
7.9339775064 1.466705791987626e-07 8.772702320818385e-14 5.280624487551505e-07 7.711573069218602e-08 1.17122481813566e-11 3830.111198138925 3381.475788711384 1840.151829523188 1.466705791987626e-07 6383.518663564875 0.01688170830721883 8224.670493088062 0.0 24981.79850414619 5181.488800438552 0.9999666043915528 -5.203112918295005e-07 6683.109961370822 1.8759709954669322e-07 -0.6125637877511769 -2782.6579909822945 -318.0244324166008 8507.822789654108 -4888.067298806405 7110.524975852584 -0.0038949276338298327 -0.22223101646260815 -0.3903322509772771 0.0008568460135529049 2.660567499736589e-08 -6.496470840803847e-08 2124.3041260892333 2271.6112726945494 2270.6112726945494 8655.129936259425 8655.129936259425
8.03156542973 1.2045400271306106e-07 5.899073804069279e-14 4.329657023635903e-07 6.309983893628917e-08 8.435366992292244e-12 4354.315314105179 3849.5571925845934 2103.734036698832 1.2045400271306106e-07 7257.1921901752985 0.016416821402334775 9361.92622687413 0.0 28326.65847095063 5888.025045770151 0.9999706705948228 -4.279254568473334e-07 7555.810066495238 1.5368177671412228e-07 -0.6100587741798065 -3136.4267515353017 -356.7917096825441 9652.968080504292 -5574.665118440011 8077.946281461423 -0.003647473423259695 -0.21966578914530413 -0.3903925571090454 0.0007862949261959288 2.1910907926846784e-08 -5.327477237384248e-08 2395.7758903289923 2597.504998522023 2596.504998522023 9854.697188697322 9854.697188697322
8.13035368452 9.871367189254379e-08 3.9499929082874e-14 3.542411721319422e-07 5.152331147868795e-08 6.0538375968677164e-12 4957.349133916056 4388.635718216511 2408.3028791240167 9.871367189254379e-08 8262.248556526762 0.015966868085443335 10671.551435650777 0.0 32165.659967841682 6700.345607148131 0.9999742782463521 -3.5119573427166983e-07 8559.84098386397 1.2563249331668657e-07 -0.6075801856426013 -3540.3010081958123 -400.974426403099 10968.113746195395 -6366.537170861608 9190.199262578446 -0.003413323831947946 -0.21713764596487767 -0.3904421884819892 0.0007207476274938685 1.80049995183684e-08 -4.359560267657122e-08 2705.8651896686333 2974.146436912062 2973.146436912062 11236.394993438824 11236.394993438824
8.23035703484 8.072361994225397e-08 2.6335998463906675e-14 2.8920880972674024e-07 4.1981594847221235e-08 4.329153348832515e-12 5652.068970232508 5010.370153636403 2760.720385514218 8.072361994225397e-08 9420.114950387513 0.015531311349396941 12181.835335901731 0.0 36578.202484524416 7635.625904592998 0.9999774744057855 -2.876060163359284e-07 9716.639896164002 1.0248358644832656e-07 -0.6051276335355387 -4002.0427324040584 -451.4104355044923 12480.69221262246 -7281.118895067164 10470.81780019974 -0.003191919527936147 -0.2146458453429967 -0.39048150058652564 0.0006599185126701233 1.4762590219536247e-08 -3.559838480184765e-08 3060.5772622349477 3410.040954894199 3409.040954894199 12830.155905281712 12830.155905281712
8.33159042637 6.5868909418634e-08 1.7483279790152632e-14 2.3560278120848726e-07 3.413367233385795e-08 3.084627383768651e-12 6453.584316163562 5728.4742668166045 3169.0771615723643 6.5868909418634e-08 10755.973860272605 0.015109630449753466 13926.051021844969 0.0 41657.42503819605 8714.041448601078 0.9999803020346186 -2.350183647692461e-07 11051.397880665965 8.341970309392814e-08 -0.6027007423575736 -4530.713520918763 -509.07850187458837 14222.900029294811 -8338.940362449412 11947.447204161159 -0.002982715847793596 -0.21218965752167193 -0.39051084981753703 0.0006035329024489493 1.2076988715351801e-08 -2.9005065206377677e-08 3466.9261690222074 3915.218019168562 3914.218019168562 14671.191879441167 14671.191879441167
8.43406898861 5.362977389820858e-08 1.1555641349821895e-14 1.9151158753336223e-07 2.7692690144670924e-08 2.18983737989929e-12 7379.679263750354 6559.103062558341 3642.9264149439387 5.362977389820858e-08 12299.465439583924 0.014701320883920356 15943.391854527863 0.0 47512.748934366355 9959.320542770543 0.9999827998546759 -1.9162549635964865e-07 12593.76246315238 6.775386701216061e-08 -0.6002991551833832 -5136.907801725395 -575.1237647820262 16232.581842316487 -9564.211435610545 13652.611075613944 -0.0027851828527213096 -0.20976836481412015 -0.3905305987437666 0.0005513270068076519 9.857600532142127e-09 -2.3581022645538462e-08 3933.1164027325635 4501.52172148759 4500.52172148759 16800.987161071513 16800.987161071513
8.53780803717 4.3567846119994506e-08 7.603986201747795e-15 1.5532617291847654e-07 2.2417868561082708e-08 1.5488596702512605e-12 8451.317581511908 7521.315967247008 4193.564991642379 4.3567846119994506e-08 14085.529302519848 0.014305894312057185 18280.094294162227 0.0 54272.91969555975 11399.41946262021 0.999985003294021 -1.558964184411593e-07 14378.679590235246 5.490851072140974e-08 -0.5979225271951059 -5833.030600669649 -650.8881043169501 18554.288480805775 -10985.523921636845 15624.629906175718 -0.0025988053616466692 -0.2073812618772808 -0.3905411094214065 0.000503047859398389 8.027677239602409e-09 -1.912871578917888e-08 4468.759178285928 5182.9596920811655 5181.9596920811655 19268.488994601015 19268.488994601015
8.64282307603 3.531422495579927e-08 4.981297788316188e-15 1.2569506252861765e-07 1.8107536970718554e-08 1.091401936726239e-12 9693.249005259022 8637.633279196727 4834.371723757142 3.531422495579927e-08 16155.415008765038 0.013922878456109601 20990.78673252218 0.0 62089.65167972243 13067.322456056969 0.9999869441574414 -1.2654321146499115e-07 16447.404254451714 4.4399108121547846e-08 -0.5955705290213662 -6633.628890847131 -737.9464126906951 21240.545650695785 -12636.695921890723 17908.723379120827 -0.002423082961693131 -0.20502765602868928 -0.3905427464494655 0.0004584532243119285 6.522352450048608e-09 -1.548219020777919e-08 5085.130641930748 5976.123214159768 5975.123214159768 22131.538222924806 22131.538222924806
8.74912979986 2.8559159152101364e-08 3.248441951130281e-15 1.0148566185246186e-07 1.4593149616494443e-08 7.661449604371892e-13 11134.738138366078 9934.705613140486 5581.215231621707 2.8559159152101364e-08 18557.896897276798 0.013551816955024698 24140.112128898505 0.0 71142.0058388343 15002.00295421169 0.9999886509182535 -1.0248473358842602e-07 18848.715449680032 3.582008162203676e-08 -0.5932428472971956 -7555.787464681697 -838.1499866981045 24353.377387966735 -14557.788479858154 20558.335031156672 -0.0022575299964455644 -0.20270686735357546 -0.39053587745888646 0.00041731147693628074 5.28693164582222e-09 -1.2502338720540609e-08 5795.480490689938 6900.693626967553 6899.693626967553 25458.59052424435 25458.59052424435
8.8567440964 2.3043149240135063e-08 2.1087074504969204e-15 8.175094876810851e-08 1.173415539632998e-08 5.357616734015741e-13 12810.44218858344 11444.1205147806 6452.946049759201 2.3043149240135063e-08 21350.7369809724 0.01319226917981726 27804.6830307316 0.0 81641.65053040869 17249.59283781123 0.999990149860601 -8.28080040093937e-08 21640.37917873871 2.883269494244578e-08 -0.5909391787091689 -8619.602642916441 -953.6785218298722 27966.13828645445 -16796.3314016296 23636.72660368312 -0.002101675532547874 -0.20041822894123998 -0.39052086695992494 0.00037940146063033327 4.27540681230996e-09 -1.0072821213182079e-08 6615.401305482049 7980.053491257066 7979.053491257066 29330.790472229466 29330.790472229466
8.96568204879 1.854929043389971e-08 1.3625205405600672e-15 6.570087512241141e-08 9.413609580198599e-09 3.7320497413438675e-13 14761.469614615658 13203.376095428182 7471.991894113507 1.854929043389971e-08 24602.449357692763 0.012843810061991883 32075.44125180627 0.0 93839.19677858285 19864.775261793664 0.9999914642115003 -6.675259767163766e-08 24890.912949778132 2.3154675430996466e-08 -0.588659234085577 -9848.750016886217 -1087.10251304702 32165.720889336044 -19408.80429373452 27218.900342492634 -0.0019550633051835685 -0.19816108708378588 -0.39049808024919347 0.0003445123209533348 3.449170046749174e-09 -8.096560543306391e-09 7563.271531643278 9242.02592623315 9241.02592623315 33844.475283925916 33844.475283925916
9.07595993799 1.489669885432225e-08 8.762577220944559e-16 5.267786763241583e-08 7.534428606923036e-09 2.5895163174960816e-13 17036.659019484097 15257.058029475675 8665.078555154694 1.489669885432225e-08 28394.431699140165 0.012506029804760255 37060.51025429486 0.0 108031.84362238906 22912.470537117257 0.9999926147349039 -5.368393729554555e-08 28681.717340601568 1.8551338876385753e-08 -0.5864027394596558 -11271.165972166342 -1241.4582665187531 37055.21915778306 -22462.428399112086 31393.920243344168 -0.0018172516429880894 -0.19593480132082713 -0.3904678844548914 0.00031244331930962223 2.775901949478966e-09 -6.492739972424036e-09 8660.787458642897 10719.770061781688 10718.770061781688 39114.20176092185 39114.20176092185
9.18759424522 1.1934881153645251e-08 5.6086582954586e-16 4.2135890482509915e-08 6.016201048360773e-09 1.789638933715266e-13 19694.12667583025 17658.26461781164 10064.104075388459 1.1934881153645251e-08 32823.544459717086 0.012178533693575955 42888.648535105545 0.0 124572.61220284876 26469.89157711814 0.9999936201316624 -4.3072383437703365e-08 33109.65528158937 1.4828016909684187e-08 -0.5841694294832327 -12919.867125593739 -1420.3382184737075 42757.1473863288 -26037.33759965505 36267.71949443119 -0.0016878133731553537 -0.19373874450706374 -0.39043064190378546 0.00028300362765322024 2.2286135583902684e-09 -5.1942364595191955e-09 9933.602926611708 12452.86698006562 12451.86698006562 45276.41143978271 45276.41143978271
9.30060165444 9.538923665241532e-09 3.572731264867007e-16 3.3622595646642755e-08 4.7924784095041765e-09 1.2318775589122424e-13 22803.142264609436 20470.33534505558 11707.201115516946 9.538923665241532e-09 38005.2371076824 0.011860941758568104 49713.438223199344 0.0 143881.51882022372 30629.01365386757 0.9999944978194778 -3.4473237153775926e-08 38290.17834305379 1.1823611076299385e-08 -0.5819590489207234 -14833.937207078568 -1627.9998648586625 49417.33730099411 -30229.214042502877 41966.50202748681 -0.0015663357072964966 -0.19157230301790887 -0.3903867114295773 0.0002560121061515135 1.784822993942266e-09 -4.145431931129597e-09 11412.100193311711 14488.639565106445 14487.639565106445 52493.87667278884 52493.87667278884
9.41499905479 7.605391713674464e-09 2.2648088518849735e-16 2.6764141620430156e-08 3.808478910630526e-09 8.445095532776326e-14 26446.406143621778 23768.951028933574 13640.030221894202 7.605391713674464e-09 44077.343572702965 0.011552888490013473 57718.373794597166 0.0 166459.12728961307 35499.56474578507 0.9999952624238122 -2.7523934242879022e-08 44361.12222455818 9.405118786654371e-09 -0.5797713581106994 -17059.71753833531 -1869.4973562207033 57209.664027367835 -35152.493190408946 48640.87071423157 -0.0014524201088885864 -0.18943487668063866 -0.3903364539061264 0.00023129706548516494 1.4258496092708452e-09 -3.3003512747328472e-09 13132.320454664874 16883.75938125234 16882.75938125234 60961.102953955306 60961.102953955306
9.53080354316 6.048842773782237e-09 1.4286565661759906e-16 2.1252312725152315e-08 3.0191459223199677e-09 5.76574921243089e-14 30722.818873107684 27644.689279060953 15917.355622938885 6.048842773782237e-09 51204.698121846144 0.011254022556599953 67123.05374478502 0.0 192903.00223917468 41212.70380481948 0.9999959273516255 -2.1922050175149366e-08 51487.32268499771 7.462995727361289e-09 -0.5776061230057812 -19652.245532810535 -2150.8407423976505 66341.78627246094 -40944.26614169036 56470.84524160741 -0.0013456821430623141 -0.1873258787522142 -0.3902802223315167 0.0002086960155312587 1.136210344165149e-09 -2.6210820824059764e-09 15137.088150614802 19706.204732517544 19705.204732517544 70910.9028543637 70910.9028543637
9.64803242675 4.79886889133319e-09 8.967349989287313e-17 1.6833618365391102e-08 2.387510194167101e-09 3.920126330431793e-14 35750.85527451074 32206.14008286995 18604.970147843247 4.79886889133319e-09 59584.75879085123 0.010964006371791605 78190.72893869448 0.0 223927.71521940548 47925.44875845839 0.99999650524825 -1.7414427233575225e-08 59866.23900763303 5.9072365839138704e-09 -0.5754631185786592 -22676.995850595726 -2479.189005894643 77062.13153269058 -47769.04148538195 65671.97305543214 -0.0012457513094628677 -0.185244736072972 -0.39021836509125984 0.00018805540216569695 9.031050924627338e-10 -2.0764369671355636e-09 17477.372741839343 23037.65277797205 23036.65277797205 82622.41156882327 82622.41156882327
9.76670322559 3.7975942754503275e-09 5.60034711943893e-17 1.3300090228855298e-08 1.883311661233983e-09 2.6540933563135494e-14 41672.68187170917 37583.710640444544 21782.050502159487 3.7975942754503275e-09 69454.46978618194 0.010682515872020204 91237.52028834143 0.0 260389.24787691026 55826.08116886892 0.9999970056041432 -1.3801461751228317e-08 69734.81642444221 4.66407081002601e-09 -0.5733421356417308 -26211.991427005014 -2863.084456682745 89668.41068267598 -55824.56568196655 76502.78397992718 -0.0011522708591590282 -0.1831908888520445 -0.3901512329882244 0.00016923033379827304 7.159790192936324e-10 -1.6408239498041045e-09 20213.94089649404 26976.406748860725 26975.406748860725 96430.87653504267 96430.87653504267
9.88683367527 2.997563335109279e-09 3.479801891307312e-17 1.0481532187593802e-08 1.4818425402492174e-09 1.7892974162900324e-14 48659.19057769834 43934.27872373966 25544.040752460976 2.997563335109279e-09 81098.65096283056 0.01040924002480611 106643.69171529154 0.0 303314.75025985553 65140.84292408159 0.9999974391816212 -1.0908065339876316e-08 81377.87564739367 3.6731838193809566e-09 -0.5712429591330772 -30350.36744094038 -3312.737847993797 104518.01316432514 -65348.9447829683 89273.89800987531 -0.0010648975962937238 -0.18116379063756297 -0.390079157587449 0.0001520842993215877 5.661512346478028e-10 -1.2932949069534224e-09 23419.362201494572 31640.97983339589 31639.97983339589 112739.63079622645 112739.63079622645
10.0084417295 2.3599627718927095e-09 2.1510805976585402e-17 8.239011364969252e-09 1.1629785816391905e-09 1.2010944907654252e-14 56916.16364834842 51446.89756914182 30006.19660053974 2.3599627718927095e-09 94860.27274724736 0.010143880532912201 124867.4693477871 0.0 353938.9489081044 76141.94239702521 0.9999978147198036 -8.595177458659009e-09 95138.38778487332 2.8853860696061414e-09 -0.5691653961946428 -35203.490899092496 -3840.3757997654284 122040.72618981086 -76629.38581655872 104359.17817964104 -0.0009833016654962061 -0.17916290861463474 -0.39000247898483054 0.00013648887901540477 4.465008829112351e-10 -1.0167462172050485e-09 27180.45344256349 37174.50095260133 37173.50095260133 132034.77369984868 132034.77369984868
10.1315455627 1.85312873412845e-09 1.3228021982521764e-17 6.459404125401761e-09 9.103698749241556e-10 8.02745546901523e-15 66691.83639578118 60349.79717733179 35307.93980772815 1.85312873412845e-09 111153.0606596353 0.009886151456578009 146462.00046736345 0.0 413748.78305577184 89157.56330423937 0.9999981342336924 -6.770254135091136e-09 111430.07890076215 2.2606625462547474e-09 -0.5671092568773084 -40904.76264006121 -4460.664900914001 142754.31717962486 -90012.92993147069 122209.40402286408 -0.0009071663258857281 -0.17718772260977264 -0.38992152749728165 0.00012232344994244395 3.512022035912712e-10 -7.972487798303073e-10 31601.256519989573 43750.12791374039 43749.12791374039 154903.1885733757 154903.1885733757
10.2561635732 1.4512965813607733e-09 8.091747064996373e-18 5.050838972441102e-09 7.107666936561534e-10 5.3414874032443345e-15 78286.19433548952 70918.9958405589 41618.22137088716 1.4512965813607733e-09 130476.9905591492 0.009635778710217773 172096.21193003637 0.0 484538.097208098 104584.16015866738 0.9999984161655745 -5.297539962256792e-09 130752.92529969427 1.7665449908445157e-09 -0.5650743430066174 -47614.2600377941 -5191.230346917256 167283.6652590859 -105919.66224271376 143369.07199809517 -0.0008361877125670663 -0.17523772616350997 -0.38983661154556765 0.00010947488728393936 2.7550171523444823e-10 -6.234880729550841e-10 36806.67469993667 51577.71505126322 51576.71505126322 182054.7056104124 182054.7056104124
10.3823143851 1.133556579411634e-09 4.923473238028479e-18 3.938898659302082e-09 5.534592165099046e-10 3.5384027033235353e-15 92062.41958242105 83488.91412788538 49142.15053245486 1.133556579411634e-09 153437.36597070177 0.009392499884834815 202580.51650315663 0.0 568475.005576989 122901.27513527503 0.9999986525419087 -4.1505785475237644e-09 153712.23081748415 1.3767568677113805e-09 -0.5630604865637685 -55524.415605600436 -6053.291340047583 196384.2952831574 -124859.01445558283 168497.07839798043 -0.0007700745866479245 -0.17331242544962724 -0.38974805696356263 9.783726305417095e-05 2.1553138287694885e-10 -4.862973883723842e-10 42946.929312455635 60912.05579130535 60911.05579130535 214349.4217620071 214349.4217620071
10.5100168521 8.82983919265138e-10 2.9795803414595202e-18 3.0634628123074786e-09 4.2981314047582905e-10 2.3334038605546206e-15 108461.01322175396 98465.47132584667 58129.17595113488 8.82983919265138e-10 180768.35536958996 0.00915606355085116 238898.53132072484 0.0 668184.8218290417 144690.31714619705 0.9999988611440278 -3.2277405193070763e-09 181042.16417578352 1.0700883154662974e-09 -0.5610675044864819 -64866.9762489547 -7072.440973934376 230971.36828677155 -147449.88238323224 198392.2156690202 -0.0007085480745357929 -0.17141133959534172 -0.3896561616633997 8.731154347310076e-05 1.68152211432122e-10 -3.7826967993132385e-10 50203.0129171816 72063.05529646049 72062.05529646049 252831.41066605045 252831.41066605045
10.6392900593 6.859159044043866e-10 1.7933489864141842e-18 2.376090900297927e-09 3.3288575738779093e-10 1.53174584098378e-15 128017.24957898918 116342.28914105573 68883.23575199174 6.859159044043866e-10 213362.08263164863 0.008926229202638693 282246.3183836404 0.0 786852.3930459293 170657.36038291885 0.9999990319927397 -2.5220152632954296e-09 213634.84940462664 8.294646043245728e-10 -0.5590952313606203 -75921.54718828296 -8279.605237865277 272155.48005769687 -174445.54783853717 234024.6813133296 -0.0006513413976505303 -0.16953400032059276 -0.38956122851801234 7.780528630483477e-05 1.3082388955930596e-10 -2.934357692822206e-10 58793.39742604825 85408.35304327181 85407.35304327181 298770.43567492045 298770.43567492045
10.7701533271 5.313530381294375e-10 1.0734264205977498e-18 1.8378583159048642e-09 2.5710939942929167e-10 1.0008612341944086e-15 151382.79085635964 137720.76386174702 81775.34064631246 5.313530381294375e-10 252304.65142726607 0.0087027665051521 334080.9920735785 0.0 928348.7135722615 201661.50360786883 0.9999991865034937 -1.9465347111946585e-09 252576.39027939233 6.41176807725075e-10 -0.5571434917924927 -89026.10138280714 -9712.224501382987 321286.9304786773 -206764.56144522398 276575.0707570019 -0.0005981995933035105 -0.1676799518482297 -0.38946353799772826 6.923233932202549e-05 1.0149630866432493e-10 -2.2699819808903043e-10 68982.27905141129 101408.9717901994 101407.9717901994 353713.6232174655 353713.6232174655
10.902626213 4.1046413308872993e-10 6.389232263808106e-19 1.4175724125687795e-09 1.980311296068805e-10 6.509194936278316e-16 179352.5053530627 163334.99301135784 97259.2357984801 4.1046413308872993e-10 298920.8422551045 0.008485455226012364 396181.0780535846 0.0 1097387.7163184704 238750.0691730602 0.999999313130528 -1.5080345860951638e-09 299191.5673352945 4.942482168927033e-10 -0.5552121267218193 -104589.9311143857 -11415.711861570084 380010.5952568824 -245529.1344494216 327482.7465596064 -0.0005488792278428989 -0.16584875096702906 -0.3893633742467557 6.151254102387016e-05 7.851963591099701e-11 -1.7511176331288853e-10 81089.75300177794 120628.79769259336 120627.79769259336 419549.63994769787 419549.63994769787
11.0367285154 3.1617850837942814e-10 3.781505726752661e-19 1.090305567103023e-09 1.5209925905479936e-10 4.21330111803622e-16 212897.80359297097 194082.77557631655 115890.90336519096 3.1617850837942814e-10 354829.67265495163 0.008274084563476041 470721.5760201426 0.0 1299721.0762410848 283202.1601788301 0.999999420792828 -1.165708640726848e-09 355099.39809879515 3.79913932602704e-10 -0.5533009792255055 -123109.63913812277 -13445.256697547247 450334.047884848 -292112.9125994369 388505.9319018837 -0.0005031481028455615 -0.16403996612186383 -0.38926101193793294 5.4571424628256964e-05 6.056992770171358e-11 -1.3470300920304356e-10 95504.37522989642 143758.83898358693 143757.83898358693 498588.51163853856 498588.51163853856
11.1724802761 2.4285089067742523e-10 2.2253119449522197e-19 8.361924630122828e-10 1.1648875518181434e-10 2.714155688127105e-16 253208.16508228393 231064.24955746415 138352.90259838867 2.4285089067742523e-10 422013.6084704732 0.008068452953944054 560367.5110688619 0.0 1542380.282656651 336583.4341386986 0.9999995103624101 -9.024709868299396e-10 422282.34837693744 2.911946364930568e-10 -0.5514098828423226 -145188.9226530013 -15868.059486089658 534712.3131753388 -348200.55672107387 461796.5314302624 -0.00046078495538223177 -0.16225317800630565 -0.389156703933546 4.8339926302568455e-05 4.658780495067307e-11 -1.033221981346618e-10 112698.7047048656 171647.50406348595 171646.50406348595 593661.1125339591 593661.1125339591
11.3099017835 1.8598683729876215e-10 1.301958173876728e-19 6.3944676794553e-10 8.895884257574167e-11 1.7399586883309205e-16 301742.9622727885 275630.1509774328 165484.83584201592 1.8598683729876215e-10 502904.93712131423 0.007868367577420082 668390.7729633301 0.0 1833978.5799009271 400813.4565862317 0.9999995890388033 -6.930109819336394e-10 503172.7055026486 2.2254846069821172e-10 -0.5495386863142819 -171563.09569842342 -18766.106450559317 636153.5289629687 -415862.2328034617 549993.4816285782 -0.00042157915320268865 -0.16048797879477494 -0.38905070682649595 4.2754098499115186e-05 3.57280514209193e-11 -7.902225773263245e-11 133248.59184165453 205338.5040721394 205337.5040721394 708243.4411934536 708243.4411934536
11.4490135755 1.420183947650164e-10 7.572733856428415e-20 4.875594085792563e-10 6.773719206670537e-11 1.1099657736430096e-16 360296.2735939645 329442.19102745946 198321.5006625551 1.420183947650164e-10 600493.7893232743 0.007673644004654234 798816.2899858294 0.0 2185087.9571187105 478250.99318367307 0.9999996609344031 -5.22609289177467e-10 600760.6000922087 1.695874500567892e-10 -0.5476872283533787 -203129.5470954214 -22239.62129955261 758350.9130518247 -497646.84743492404 656339.4264526077 -0.0003853303857430938 -0.158743972326394 -0.3889432555043754 3.775482919479351e-05 2.7318291148724274e-11 -6.026006055760404e-11 157857.12372855048 246118.3200186717 246117.3200186717 846612.109341946 846612.109341946
11.5898364425 1.0812133286300443e-10 4.378516517446016e-20 3.7064687612509787e-10 5.142599729453627e-11 7.045647417229167e-17 431078.09879794996 394548.7769002586 238140.8393369452 1.0812133286300443e-10 718463.4979965833 0.00748410585561995 956605.3373335286 0.0 2608710.9331594133 571799.929494099 0.9999997193649294 -3.949640614564487e-10 718729.3649254435 1.2884730120421343e-10 -0.5458553640074253 -240985.64489262356 -26411.36792400381 905847.9594012471 -596699.0916709453 784826.8841680486 -0.00035184835183865005 -0.15702077354860688 -0.3888345900638543 3.328756773970232e-05 2.0825233353928262e-11 -4.581616104165572e-11 187384.46140466374 295575.86578918213 295574.86578918213 1014039.3637857655 1014039.3637857655
11.7323914307 8.206668540716932e-11 2.5164517649764735e-20 2.809229636950488e-10 3.8926022317431025e-11 4.4498640537927056e-17 516816.34155470936 473480.1338295032 286524.23583636386 8.206668540716932e-11 861360.569257849 0.0072995843841104436 1147885.8050942128 0.0 3120872.362626881 685042.786676688 0.999999762774065 -3.0455304944609907e-10 861625.505970103 9.760090250701896e-11 -0.5440429389857636 -286476.0047010162 -31432.024759459957 1084245.6043997617 -716906.5435071617 940381.6832714276 -0.00032095244496293005 -0.1553180082111168 -0.3887249304700938 2.9302057956458773e-05 1.5827166061941046e-11 -3.472971966167258e-11 222885.0351419127 355677.5189222072 355676.5189222072 1217038.0881800563 1217038.0881800563
11.8766998453 6.210051530388363e-11 1.4374932047787332e-20 2.1227187169110874e-10 2.937535967475694e-11 2.796150831553363e-17 620885.1392143563 569368.0826219522 345432.56995344 6.210051530388363e-11 1034808.5653572605 0.007119918164111871 1380242.1353107006 0.0 3741362.7300033523 822408.9256654775 0.9999998029473347 -2.3052915132382168e-10 1035072.5853182072 7.370779232495991e-11 -0.5422497956843548 -341251.5568874896 -37486.91154787888 1300462.6198691702 -863085.04338258 1129093.7021255633 -0.00029247143684760273 -0.15363531295780866 -0.38861448249601693 2.5752079037150194e-05 1.1991621862988732e-11 -2.6245903681133633e-11 265654.05451190984 428861.7669572192 428860.7669572192 1463670.3323144796 1463670.3323144796
12.0227832534 4.684682979859635e-11 8.16105642686457e-21 1.5990423490064086e-10 2.2100194183955467e-11 1.74797653956321e-17 747466.6799950644 686097.1727083287 417302.33935915376 4.684682979859635e-11 1245777.7999917741 0.0069449527247130195 1663081.139350928 0.0 4494674.718669704 989384.934326984 0.9999998368141085 -1.7378853911509395e-10 1246040.9164866107 5.549297264658146e-11 -0.540475786149621 -407343.50972287887 -44804.42634512289 1563063.5839077435 -1041212.7757026551 1358507.708720421 -0.0002662431602761656 -0.151972334953355 -0.38850345102247746 2.2595194721038498e-05 9.057294917674951e-12 -1.9773496097793226e-11 317285.78391596925 518158.83752869 518157.83752869 1763936.6375204641 1763936.6375204641
12.1706634874 3.522942610048135e-11 4.604449650254575e-21 1.2008079748285852e-10 1.6575336941200385e-11 1.0870375228349168e-17 901755.6825303619 828495.7622922917 505167.3494934456 3.522942610048135e-11 1502926.1375506034 0.0067745402283902155 2008094.487044049 0.0 5411185.060044531 1192782.672134062 0.999999862840716 -1.3283285582588178e-10 1503188.363675243 4.1649646671953924e-11 -0.5387207614453544 -487256.1601887594 -53666.649880750614 1882672.815984654 -1258726.4034237026 1637990.7031080327 -0.00024211419181244302 -0.15032873142194367 -0.3883920298905779 1.979251115275261e-05 6.819444669608398e-12 -1.485083436783661e-11 379746.6784340506 627342.1594338133 627341.1594338133 2130268.2969844164 2130268.2969844164
12.3203626483 2.6409169054590816e-11 2.5814681828491076e-21 8.989111854305622e-11 1.2392685958840349e-11 6.724497181499779e-18 1090218.3497653746 1002578.1420917438 612813.1309218386 2.6409169054590816e-11 1817030.582942291 0.006608539117697929 2429844.7138641295 0.0 6528648.960098123 1441077.4381139427 0.9999998868667156 -9.952993984541081e-11 1817291.9316051262 3.116139571679565e-11 -0.5369845650492593 -584083.6046182371 -64422.702422693896 2272497.964434455 -1524896.557363522 1979196.9146140236 -0.00021993953521641778 -0.14870416957366966 -0.3882803953760596 1.7308443753096993e-05 5.1181531394362995e-12 -1.1118527034982562e-11 455467.38149216404 761120.5717383893 761119.5717383893 2578151.1546806805 2578151.1546806805
12.4719031089 1.973380980783059e-11 1.4380699493369172e-21 6.707689427292979e-11 9.236097857634862e-12 4.137647464051002e-18 1320921.019872826 1215852.030454116 744973.3715679229 1.973380980783059e-11 2201535.0331213768 0.0064468138520506575 2946509.4046893 0.0 7894094.742381699 1744835.9764220584 0.9999999101315583 -7.174461025272194e-11 2201795.5170308207 2.3240100773165022e-11 -0.5352670478997603 -701656.8184594583 -77505.60383535655 2748993.772491826 -1851305.068392343 2396657.732945192 -0.00019958230627043196 -0.1470983264299432 -0.3881687213980725 1.5110493361395509e-05 3.82890800556606e-12 -8.297666855024053e-12 547458.7393704492 925382.8507219735 925381.8507219735 3126917.88384335 3126917.88384335
12.6253075171 1.4697963900312564e-11 7.9594573942825e-22 4.9891335978139527e-11 6.8614290689823495e-12 2.532195399437329e-18 1603948.1832912283 1477709.89521264 907580.2363373805 1.4697963900312564e-11 2673246.9721520473 0.006289234557984426 3580828.208489428 0.0 9566230.972385876 2117262.553931912 0.9999999205252265 -5.751221721084221e-11 2673506.6038113665 1.7276576353296144e-11 -0.5335680605842856 -844729.40905676 -93453.60202518951 3332705.326061884 -2252452.678556753 2908531.7076555723 -0.00018091341967374041 -0.14551088820167288 -0.3880571723251005 1.3169031846878101e-05 2.8550739617154104e-12 -6.172486682936576e-12 659458.3539098365 1127509.3392673517 1127508.3392673517 3800756.311419399 3800756.311419399
12.7805987996 1.0911293270274146e-11 4.37665893827217e-22 3.6987603527716065e-11 5.080732633174922e-12 1.5412117193625273e-18 1951935.381809844 1799928.0888715992 1108084.076292674 1.0911293270274146e-11 3253225.63634974 0.00613567675183991 4361310.7126424145 0.0 11618510.20482367 2574894.793731422 0.9999999404489082 -3.902056455729053e-11 3253484.4280679696 1.2801437639097743e-11 -0.5318874429035971 -1019212.73306767 -112937.21348927674 4049341.755053314 -2746534.659888923 3537560.22098476 -0.0001638112786673283 -0.14394155042044213 -0.38794589244413435 1.145709731601453e-05 2.121894039862335e-12 -4.576596384177962e-12 796116.118703574 1376769.987669175 1376768.987669175 4629995.624018915 4629995.624018915
12.9378001648 8.073291710065093e-12 2.390687714099932e-22 2.7330573592741638e-11 3.749784610267005e-12 9.328668558375136e-19 2380750.065320621 2197305.0137099684 1355862.8966582697 8.073291710065093e-12 3967916.775534368 0.005986021098196834 5323780.672192638 0.0 14143039.877525454 3138488.631413895 0.9999999455957925 -3.224243094734902e-11 3968174.739408477 9.454177936670178e-12 -0.53022504991602 -1232474.1541923978 -136793.58220402413 4931146.560183746 -3356433.270165526 4312288.092209598 -0.0001481614680026861 -0.14239001753084754 -0.38783503235293015 9.950198989242921e-06 1.5717259727121445e-12 -3.3820963593009297e-12 963229.7846493777 1684834.1892274357 1684833.1892274357 5652750.964761804 5652750.964761804
13.0969351068 5.953368215694157e-12 1.2971450455256744e-22 2.0127283613310772e-11 2.758270093649709e-12 5.614871594866345e-19 2910363.4736414887 2688478.704265437 1662747.5300098779 5.953368215694157e-12 4850605.789402481 0.005840153077661691 6513354.319412359 0.0 17255584.280851267 3834157.523594075 0.9999999492942436 -2.7149171799578653e-11 4850862.9373279335 6.9588120287292035e-12 -0.5285807243947586 -1493716.2510289988 -166070.23600075237 6018650.217042511 -4110989.891482309 5268625.823911514 -0.00013385645081484944 -0.1408560022915152 -0.3877247220760941 8.626131761620129e-06 1.1602709457072067e-12 -2.4909937362105484e-12 1168044.4276400295 2066424.7188983588 2066423.7188983588 6917030.50830084 6917030.50830084
13.2580274087 4.375166791231055e-12 6.990431020824216e-23 1.47722819319673e-11 2.022086743453978e-12 3.3604152329656624e-19 3565969.7874301495 3296976.915319407 2043697.1637762384 4.375166791231055e-12 5943282.97905025 0.005697962781259043 7986981.142826488 0.0 21101975.006325893 4694830.307147958 0.9999999744330816 -1.2353451595004117e-11 5943539.322730511 5.104754370331462e-12 -0.5269543043485438 -1814460.059954416 -202080.93787605152 7362917.2479897 -5046640.07201444 6451854.094385259 -0.00012079526995593242 -0.13933922627146372 -0.38761507806472667 7.464800410077161e-06 8.535988842660749e-13 -1.828456910623586e-12 1419634.2689394506 2540158.9538467526 2540157.9538467526 8483441.932897002 8483441.932897002
13.4211011458 3.20426263362948e-12 3.7413883338058334e-23 1.0804829352483665e-11 1.4773285490651376e-12 1.9996259476883036e-19 4379425.896893202 4052568.9435722004 2517670.397726071 3.20426263362948e-12 7299043.161488671 0.0055593446784504615 9816714.559214741 0.0 25866352.556768924 5762120.666934859 0.9999999753765855 -1.0724310328669162e-11 7299298.712412562 3.731855933290574e-12 -0.5253456473373692 -2209162.2886866336 -246477.14003570826 9028433.892964285 -6209519.983751998 7919201.602890012 -0.00010888325428277118 -0.13783941884577017 -0.3875062284808748 6.4480533626672055e-06 6.258096697652424e-13 -1.3375319694679903e-12 1729390.7314756145 3129633.672181133 3129632.672181133 10428676.833669804 10428676.833669804
13.5861806899 2.3385401633173727e-12 1.9885579767558998e-23 7.87549364603994e-12 1.0755986981215882e-12 1.1829779325508064e-19 5391108.152430155 4993009.651324394 3108750.11045398 2.3385401633173727e-12 8985180.254050259 0.0054241973013328835 12093931.364504239 0.0 31781778.749175705 7088753.521268632 0.9999999825292739 -6.850742195751991e-12 8985435.023517916 2.7187344007400494e-12 -0.5237545879366569 -2696005.510420967 -301339.61298790993 11096827.33514651 -7658185.250364388 9743167.638215536 -9.80317303579437e-05 -0.1363563171335628 -0.3873982707962432 5.559525900376514e-06 4.572003881244693e-13 -9.75017949784392e-13 2111647.0810962506 3864826.0085344706 3864825.0085344706 12850006.26258473 12850006.26258473
13.7532907124 1.700693971670985e-12 1.0495015839614627e-23 5.720165729228164e-12 7.803701057110356e-13 6.95737707706661e-20 6652312.576629612 6166295.501019384 3847600.999851059 1.700693971670985e-12 11087187.62771602 0.005292423161747548 14934789.627567079 0.0 39143937.67142899 8741682.444523329 0.9999999911240333 -3.1299407510232413e-12 11087441.626836112 1.97370373532745e-12 -0.5221809676741854 -3297912.205614988 -369296.2236883976 13671668.351397231 -9467130.70901526 12015815.714470433 -8.815774000644524e-05 -0.13488966613383452 -0.3872913015372209 4.784492622179642e-06 3.328345802985645e-13 -7.082579544142057e-13 2584480.723681211 4783908.887095928 4783907.887095928 15871096.514811948 15871096.514811948
13.9224561881 1.2324044440939373e-12 5.499580378428461e-24 4.139916205228066e-12 5.641690032079886e-13 4.0674667772482e-20 8228364.979495788 7633589.464796219 4773361.803997837 1.2324044440939373e-12 13713941.63249298 0.0051639283953194845 18487304.43649082 0.0 48328876.01055615 10806130.730711991 0.9999999772098235 -7.218448061507843e-12 13714194.87217312 1.4277479303739835e-12 -0.520624637320373 -4043849.14850567 -453673.68706482183 16884687.217479512 -11731356.583494421 14854334.725099871 -7.918376410016224e-05 -0.13343921791541016 -0.3871854193977443 4.109728970614689e-06 2.4142888452039363e-13 -5.1265109347803e-13 3170745.584986534 5935608.026864566 5935607.026864566 19649549.659357548 19649549.659357548
14.0937023992 8.898298526921189e-13 2.8611417374529772e-24 2.985434189291761e-12 4.0640296957567414e-13 2.3636338862881318e-20 10202661.00164259 9473022.26016518 5936107.242378045 8.898298526921189e-13 17004435.002737653 0.005038622693623442 22940543.245115697 0.0 59816012.008917674 13390861.236723108 0.9999999748885875 -7.135403379265881e-12 17004687.493707877 1.0290971729247871e-12 -0.5190854284187123 -4970509.369032172 -558693.5634236711 20903838.337928843 -14572305.864479614 18408259.29707974 -7.103745293234257e-05 -0.13200473159709541 -0.38708069681448154 3.523381578919247e-06 1.744898064696251e-13 -3.697300917108195e-13 3899403.335191189 7382268.780367047 7382267.780367047 24386703.7831047 24386703.7831047
14.2670549388 6.401296762873151e-13 1.4776575881735324e-24 2.1450485111030955e-12 2.9169174843631794e-13 1.365154664205877e-20 12681927.118816126 11784645.546101311 7400061.03753458 6.401296762873151e-13 21136545.198026877 0.004916419005712678 28536607.235561457 0.0 74218066.26196657 16634999.007683188 1.000000007045797 1.793898363189328e-12 21136796.950835858 7.390556248771177e-13 -0.5175631818901203 -6124486.291514289 -689726.0218512963 25943790.63779603 -18145606.62231082 22868868.870917358 -6.365136349230261e-05 -0.13058597347743928 -0.38697720841447486 3.0148471793052208e-06 1.2564690908613954e-13 -2.6568121674072243e-13 4807245.439769151 9203858.901894424 9203857.901894424 30340404.0999213 30340404.0999213
14.4425397145 4.587928242627961e-13 7.575191348001223e-25 1.5355388194791194e-12 2.0858897224854716e-13 7.836033475721028e-21 15803088.475196341 14696901.41290994 9247797.991360847 4.587928242627961e-13 26338480.7919939 0.0047972334829288095 35586279.783354744 0.0 92320099.43848425 20716958.002829127 0.9999999927534879 -1.6511236822225328e-12 26338731.81700155 5.288032741343693e-13 -0.5160577461922609 -7565090.9756088285 -853619.2082312249 32279606.12200557 -22651190.584372558 28481452.154844675 -5.6962703918123275e-05 -0.12918271611731666 -0.3868750300732931 2.574659782873753e-06 9.013949016315527e-14 -1.9020873388881483e-13 5941125.3300116705 11503203.813822545 11503202.813822545 37841684.605816446 37841684.605816446
14.620182953 3.2759184108437127e-13 3.8544197628477073e-25 1.0951123623669967e-12 1.486067477270817e-13 4.469823585574998e-21 19742257.54900365 18375093.693313874 11585752.579210613 3.2759184108437127e-13 32903762.58167275 0.004680985164885809 44489516.16088337 0.0 115130531.90813054 25866137.904138938 0.9999999991321116 -1.7674750552032492e-13 32904012.889074426 3.7695327681665144e-13 -0.5145689516370333 -9368011.937997442 -1059127.813958465 40264620.91880167 -28346549.729373503 35561351.14338775 -5.091308536263524e-05 -0.12779473854711237 -0.38677421308974425 2.1943858260537092e-06 6.442289695741179e-14 -1.3566685202625524e-13 7360858.337128923 14412850.02059526 14412849.02059526 47316612.60226801 47316612.60226801
14.8000112033 2.330221613462045e-13 1.946389446941612e-25 7.780556194139295e-13 1.0547402008862277e-13 2.5335567211471258e-21 24726528.457740843 23032510.371278964 14551462.36915201 2.330221613462045e-13 41210880.76290141 0.004567595989062248 55762344.13205342 0.0 143948022.22185376 32378215.694003977 0.9999999910189455 -1.6326939800137552e-12 41211130.362721235 2.676930805201276e-13 -0.5130966401908477 -11630081.553320158 -1317472.1362964492 50353881.963292964 -35564153.808028474 44515005.36878118 -4.5448281487568236e-05 -0.1264218261213283 -0.38667481406788656 1.8665269600300227e-06 4.586774066040371e-14 -9.639857593403884e-14 9143001.20039155 18104090.694932632 18104089.694932632 59314971.45783404 59314971.45783404
14.9820513411 1.6511582214180583e-13 9.753601563397058e-26 5.506761955800398e-13 7.457474744652376e-14 1.426865619293617e-21 31049492.711401258 28945062.5973799 18323112.866175696 1.6511582214180583e-13 51749154.519002095 0.004456990497866043 70072268.38517779 0.0 180449358.7103746 40635302.035539635 0.9999999912728649 -1.4144241333724494e-12 51749403.42109993 1.893749785385326e-13 -0.5116406507841976 -14475499.536976643 -1643069.2332505463 63134942.27123349 -44734387.47226427 55867623.40240541 -4.051799574567844e-05 -0.12506377004318867 -0.3865768807395945 1.5844301485441201e-06 3.253090895526564e-14 -6.823397760316801e-14 11385787.752231397 22798859.623073943 22798858.623073943 74548014.14207605 74548014.14207605
15.1663305726 1.16543172998258e-13 4.84979636118853e-26 3.882352922633786e-13 5.2523865930380556e-14 7.983867450586453e-22 39091704.80602254 36470604.12759554 23132150.200549282 1.16543172998258e-13 65152841.3433709 0.0043490957958553745 88284992.54392019 0.0 226805243.53069076 51132513.6234893 0.9999999939619706 -8.713030297258229e-13 65153089.55745334 1.3345142250444026e-13 -0.5102008191711316 -18063980.150221232 -2054491.6299943312 79368433.90600094 -56415839.081947565 70299666.50601076 -3.6075636591058976e-05 -0.12372036754344842 -0.38648045162681194 1.3422047299205458e-06 2.2981920948351552e-14 -4.811088165735604e-14 14215592.562630048 28785449.02027829 28785448.02027829 93938290.36364919 93938290.36364919
15.3528764386 8.193524710057149e-14 2.3925629629907936e-26 2.7263766755360583e-13 3.6848447196694494e-14 4.437992198457779e-22 49347747.81828497 46074495.2945752 29279992.77567087 8.193524710057149e-14 82246246.36380829 0.004243841387015272 111526240.13947916 0.0 285833276.03042805 64513073.74381948 0.9999999686883353 -4.0176750815135165e-12 82246493.89942652 9.367377967940476e-14 -0.5087769885534341 -22601445.67124658 -2575727.6970940065 100041665.0266982 -71335404.61810902 88695078.38121833 -3.2078100719793515e-05 -0.12239142144371998 -0.38638556710569644 1.1346460930179367e-06 1.617174924195368e-14 -3.3789175356790716e-14 17795418.66288991 36439336.796431124 36439335.796431124 118685583.16023941 118685583.16023941
15.5417168188 5.737455295468072e-14 1.1709605130442561e-26 1.9069866516678753e-13 2.5748863294913024e-14 2.45057188096726e-22 62462124.68616364 58363519.1384951 37160228.18011707 5.737455295468072e-14 104103541.14360607 0.004141159034145316 141263770.32372314 0.0 361200575.30365515 81614852.78155911 0.9999999693676509 -3.490319144816567e-12 104103788.01017629 6.549164566643335e-14 -0.5073689916057198 -28354099.445401307 -3237843.0300153927 126439610.36835709 -90441522.65137763 112205212.1055034 -2.848556441079253e-05 -0.12107674030330519 -0.38629225129892414 9.571656143638454e-07 1.1334103617385796e-14 -2.363645475909402e-14 22336069.224751025 46250851.50700471 46250850.50700471 150354392.65061077 150354392.65061077
15.7328799357 4.001391460313139e-14 5.684826459213778e-27 1.3284920112852316e-13 1.7920568281975086e-14 1.3440651578090734e-22 79276982.42451012 74131004.93491548 47288185.152389795 4.001391460313139e-14 132128304.0408502 0.00404098278509487 179416490.19324 0.0 457692979.8326779 103532390.03988202 0.9999999872018795 -1.2931877790833823e-12 132128550.24765062 4.560424989008958e-14 -0.5059766752882524 -35666996.428678125 -4081176.302768529 160239201.8233827 -114975045.74220139 142333799.90286386 -2.526128300801898e-05 -0.11977613846794015 -0.38620053681901917 8.057265028678192e-07 7.911440580188248e-15 -1.6467819649737045e-14 28110897.782532487 58862031.607786685 58862030.607786685 190990335.64863688 190990335.64863688
15.9263943589 2.7792283596748315e-14 2.737441192045185e-27 9.217178442618345e-14 1.2421628947451527e-14 7.321650197909177e-23 100895745.2955998 94417018.63792743 60340418.75746867 2.7792283596748315e-14 168159575.49266633 0.003943247938379437 228499995.250135 0.0 581573375.9574977 131699056.19519736 0.9999999790003804 -1.87916349148054e-12 168159821.04888523 3.1626747812034854e-14 -0.504599853149654 -44988615.34142337 -5158249.440534451 203634898.54075778 -146563819.96709177 181050190.16541606 -2.2371398553811732e-05 -0.1184894359404844 -0.3861104172072904 6.767852011541131e-07 5.499719280737512e-15 -1.142660316145323e-14 35475323.04809143 75115843.17846885 75115842.17846885 243275418.6711352 243275418.6711352
16.1222890095 1.922369619634969e-14 1.307317280944927e-27 6.368583579168412e-14 8.574648752808273e-15 3.960926152670376e-23 128768200.15923588 120588910.27685866 77207652.23118833 1.922369619634969e-14 214613666.9320598 0.0038478966660107053 291821320.1632481 0.0 741061204.7280567 167997359.98851317 0.999999964279951 -2.8268498653005736e-12 214613911.84666976 2.1842964188819125e-14 -0.5032384818963804 -56903462.34646001 -6537635.111895984 259506433.11336097 -187349367.32413572 230940729.94404244 -1.9784755557109867e-05 -0.11721645931221052 -0.38602202258134305 5.672379964506221e-07 3.8073284653832915e-15 -7.895934373955923e-15 44892766.18130117 96122177.45631203 96122176.45631203 310735844.3883718 310735844.3883718
16.3205931644 1.3241181597855358e-14 6.1912911854909745e-28 4.381986471319575e-14 5.894443011473614e-15 2.1278768567299216e-23 164804573.81682485 154449250.34526163 99065632.14972976 1.3241181597855358e-14 274674289.6947081 0.0037548500152811415 373739922.84443784 0.0 946972293.4074602 214909711.01148963 1.000000040757958 2.8486102365832267e-12 274674533.9769554 1.5022909345635902e-14 -0.5018920474524574 -72175449.86803953 -8309110.801873803 331643298.1214096 -240156544.7894974 295411478.32933307 -1.7472724851647256e-05 -0.11595703865475934 -0.38593500880054665 4.743725007201813e-07 2.6246546855646624e-15 -5.433413397017127e-15 56969008.426701486 123346173.78179389 123346172.78179389 398020463.476502 398020463.476502
16.5213364603 9.081784540531526e-15 2.9073711078918423e-28 3.002343757187026e-14 4.034924829450389e-15 1.1350645984750257e-23 211529021.62957028 198381468.41294637 127471379.24422121 9.081784540531526e-15 352548369.3826171 0.0036641136688600954 480019749.6268383 0.0 1213582308.005599 275704685.21715903 1.0000000222310683 1.3702372569923682e-12 352548613.04104704 1.0288679782830017e-14 -0.5005611474155933 -91805793.1437977 -10590546.860386934 425046924.2375459 -308723191.9938708 378961329.71838427 -1.5409035492873917e-05 -0.11471102688553952 -0.385850120531424 3.9582366789820016e-07 1.801668041625172e-15 -3.7230830596253644e-15 72498554.85492882 158728238.37918448 158728237.37918448 511276607.7618016 511276607.7618016
16.7245488987 6.202222623814097e-15 1.3536070448052605e-28 2.048272362949447e-14 2.7502422658762165e-15 6.0114721509562336e-24 272286230.1047543 255545436.0655608 164491739.2497583 6.202222623814097e-15 453810383.5079239 0.0035754646022882496 618302123.7576822 0.0 1559793552.9590652 354728170.6682204 0.9999999519939694 -2.6056934387952424e-12 453810626.5511698 7.01625128593949e-15 -0.4992451678700698 -117110416.07879922 -13537138.539255066 546336235.2064937 -398007736.710612 487548715.79825556 -1.3569614429428368e-05 -0.1134782307191144 -0.38576693714834964 3.2953402656412834e-07 1.2314157827296362e-15 -2.5402130942641535e-15 92525851.6985698 204844296.33991688 204844295.33991688 658654679.8478408 658654679.8478408
16.9302608502 4.217276424633434e-15 6.24758550549966e-29 1.3913256501434039e-14 1.8664969326742677e-15 3.1607394837395885e-24 351522155.22319317 330142437.54532915 212876297.91822308 4.217276424633434e-15 585870258.705322 0.0034891779664504375 798746557.6235452 0.0 2010669730.2976887 457774226.0394591 1.0000000067316215 3.212985433265203e-13 585870501.1455274 4.763952830961141e-15 -0.49794135874569867 -149824047.321069 -17353812.720081963 704296479.4649087 -514604533.11244166 629088173.39649 -1.1932435077174668e-05 -0.11225858566072267 -0.38568277308529736 2.73717801853281e-07 8.379792735028179e-16 -1.7256419212232868e-15 118426220.75958678 265121272.3521818 265121271.3521818 850991531.0575038 850991531.0575038
17.1385030587 2.854970032419038e-15 2.8583265857130963e-29 9.409463150331702e-15 1.2611892807953714e-15 1.6496982413164818e-24 455163100.1396753 427781104.8108481 276308973.44681025 2.854970032419038e-15 758605166.8994589 0.0034047007802102025 1034914141.3462691 0.0 2599630608.179862 592432130.0843861 1.0000000698990998 2.929434472775938e-12 758605408.739237 3.2205123327450994e-15 -0.4966588636824013 -192240084.37708008 -22311966.696348567 910631565.9605914 -667331849.1367013 814132577.8321599 -1.0477369061829135e-05 -0.1110519517407965 -0.3856069119445342 2.2682869120714886e-07 5.677459633017671e-16 -1.16714848898372e-15 152026399.06113255 344151402.4096298 344151401.4096298 1102756569.3090887 1102756569.3090887
17.3493066463 1.9241207127704196e-15 1.296107491727685e-29 6.335323262083927e-15 8.484054772128575e-16 8.546516051813008e-25 591127082.4259373 555956651.5475029 359715399.8449142 1.9241207127704196e-15 985211804.0432289 0.0033225505204997085 1344927204.888143 0.0 3371336299.7715263 769021675.0838603 1.0000000430320537 1.581179631671148e-12 985212045.2853272 2.1674577115918203e-15 -0.4953939012757904 -247398451.7612355 -28772057.712854445 1180957006.0898342 -867977034.4484476 1056771712.8352557 -9.186057558233343e-06 -0.10985781675397692 -0.3855360845233947 1.875308396191732e-07 3.829479797545322e-16 -7.859037152892235e-16 195745202.04660544 448074955.2600393 448074954.2600393 1433286759.3032682 1433286759.3032682
17.562703118 1.2909237334819752e-15 5.82443085305843e-30 4.246319715810882e-15 5.6816422346887e-16 4.394433502345595e-25 770036435.1512648 724721351.4912125 469697173.4600799 1.2909237334819752e-15 1283394058.5854414 0.0032422042104655567 1753091233.0455213 0.0 4385421111.807132 1001466142.4824055 0.9999999588521246 -1.3236078899581116e-12 1283394299.2431765 1.4521775515404622e-15 -0.4941373259538624 -319342661.9882984 -37214273.28786815 1536182772.490181 -1132343779.7185996 1375886020.1143613 -8.041775024451817e-06 -0.10867617803899061 -0.3854611479135482 1.5467306468295945e-07 2.571276085421635e-16 -5.268072823333755e-16 252788713.90473956 585121172.9678416 585121171.9678416 1868515231.553283 1868515231.553283
17.7787243664 8.621490794126193e-16 2.5935823873423933e-30 2.8331964044927457e-15 3.787621153291017e-16 2.242362745496616e-25 1006173959.7762169 947615325.6813755 615183746.290143 8.621490794126193e-16 1676956599.6270282 0.0031638664755210626 2292140346.9171715 0.0 5722164927.226197 1307970587.9908574 1.0000000519787247 1.461497589616556e-12 1676956839.7032607 9.685213996374624e-16 -0.49289789734115486 -413465522.90403336 -48280229.86561146 2004415267.3377037 -1481761152.6442232 1796875400.326221 -7.029307039392608e-06 -0.10750677581207506 -0.38539112153054134 1.272656772789941e-07 1.7185992142935469e-16 -3.5152335672065495e-16 327458667.71067536 766423370.9488108 766423369.9488108 2443379970.575839 2443379970.575839
17.9974026761 5.731303762808682e-16 1.1442812769840989e-30 1.8816184877123344e-15 2.5133772856950953e-16 1.1354228579625466e-25 1318812319.3643994 1242897177.811442 808197699.781872 5.731303762808682e-16 2198020532.273999 0.0030874527863241244 3006218233.055871 0.0 7489729610.477859 1713762113.8910682 1.0000000436681409 1.071587263368201e-12 2198020771.782267 6.429736540770121e-16 -0.49166561315562896 -536982860.0263609 -62829860.063918196 2623501684.3700256 -1944970060.4308076 2353965336.252757 -6.13483471425127e-06 -0.1063495391778011 -0.3853160739788994 1.04459924802434e-07 1.1433370642435522e-16 -2.3347839530004265e-16 425481152.09602684 1006970272.1109624 1006970271.1109624 3204990804.3849616 3204990804.3849616
18.218770729 3.792180170483366e-16 5.001536242566907e-31 1.2438161430169083e-15 1.6600597140276372e-16 5.704490480130965e-26 1734039000.084213 1635311883.702652 1065079741.4366889 3.792180170483366e-16 2890065000.140355 0.0030128342621013986 3955144742.577044 0.0 9834158910.17192 2252601538.0124764 1.0000000088731453 1.8973711490843925e-13 2890065239.089569 4.248631404109118e-16 -0.4904460586768384 -699579915.3195895 -82019297.57603692 3444634068.608534 -2560974612.201817 3093487025.5815654 -5.345824680588227e-06 -0.10520446575713716 -0.38524159291989096 8.552971565804294e-08 7.570640021851455e-17 -1.5435064212408452e-16 554569068.4681787 1327136936.8080087 1327136935.8080087 4217201936.948364 4217201936.948364
18.442861609 2.497260007700843e-16 2.1655157033342283e-31 8.183259869907177e-16 1.0912877678065173e-16 2.8434233478815194e-26 2287269365.9014487 2158470319.58961 1408053501.4562469 2.497260007700843e-16 3812115609.835748 0.0029400580027686258 5220169112.291995 0.0 12953962077.709206 2969868695.305817 1.0000001048354679 1.9503287873590125e-12 3812115848.23246 2.794164466121118e-16 -0.4892411979984272 -914295830.9273951 -107407772.20976855 4537226059.590394 -3382785455.462952 4078310067.231612 -4.650928304823657e-06 -0.10407140729872616 -0.3851697907016513 6.98554309070754e-08 4.9891715289032856e-17 -1.0155828796185985e-16 725110449.7546457 1754635493.381753 1754635492.381753 5566751103.217501 5566751103.217501
18.6697088068 1.636636759130143e-16 9.286571879776916e-32 5.358159745021239e-16 7.139679958353764e-17 1.406012203776664e-26 3026741256.1538005 2858168512.3156023 1867424462.6957092 1.636636759130143e-16 5044568760.256334 0.0028690330817230662 6911993223.952044 0.0 17118866650.247868 3928690237.217622 1.0000001489705814 2.407296584294727e-12 5044568998.108539 1.828841157188064e-16 -0.4880493702140659 -1198741674.790658 -141104815.37163505 5995697617.340725 -4482659614.129007 5394015803.167716 -4.039886444009721e-06 -0.10295022786359181 -0.38509914235288145 5.69096494016491e-08 3.2721522878310975e-17 -6.650296615201759e-17 951128857.0843905 2327257387.2700596 2327257386.2700596 7371826147.526394 7371826147.526394
18.8993462251 1.0674037978275072e-16 3.943972832024849e-32 3.4913927680793664e-16 4.648535242302048e-17 6.896305534757503e-27 4018370159.394558 3797025179.441388 2484692755.2111483 1.0674037978275072e-16 6697283598.990931 0.0027997221691614515 9181976355.20208 0.0 22697177869.87563 5213756314.990606 1.0000000846981576 1.1869394356267549e-12 6697283836.305589 1.1912293864364717e-16 -0.48687132433455493 -1576779950.3524337 -185973647.947437 7948926661.754898 -5959466999.147031 7157506294.019044 -3.50343963275637e-06 -0.10184079199109444 -0.38503053234464746 4.6244577879374256e-08 2.135618760102486e-17 -4.333711708352121e-17 1251643062.7639673 3096757748.5349646 3096757747.5349646 9794041347.525894 9794041347.525894
19.1318081836 6.927346900276544e-17 1.6586103768290303e-32 2.263857423384928e-16 3.0117931378213717e-17 3.354904395759507e-27 5352523177.727164 5060928322.383133 3316843416.070423 6.927346900276544e-17 8920871962.878607 0.0027320908727233844 12237715379.94903 0.0 30193350170.619354 6942237403.990645 0.9999998180889136 -2.2071233729548112e-12 8920872199.662909 7.721183279328752e-17 -0.48570654981311023 -2080848970.0594265 -245913094.52194354 10573382361.61689 -7948889111.731838 9528971011.712563 -3.0332441557759082e-06 -0.1007429640939898 -0.38496358571691325 3.748101316009559e-08 1.3869868855373154e-17 -2.810256322215327e-17 1652510398.7382827 4134206886.164694 4134206885.164694 13055078849.0433 13055078849.0433
19.3671294243 4.4734275209655226e-17 6.906114457915133e-33 1.4606299887340403e-16 1.941686795601664e-17 1.6185865611422797e-27 7153501948.259098 6768080977.871371 4442399286.737717 4.4734275209655226e-17 11922503247.098497 0.0026660939496213542 16364902534.836214 0.0 40300448540.24029 9274827112.358797 0.9999999830192813 -1.780797731498751e-13 11922503483.35951 4.979833464239031e-17 -0.48455490722904354 -2755190360.5652018 -326249628.1605991 14111515092.11739 -10637766679.13941 12728657184.85487 -2.6217937619795535e-06 -0.09965661376761564 -0.38489829346124976 3.029867669621659e-08 8.962991718796776e-18 -1.8133107419644144e-17 2189011845.0188913 5537542405.19046 5537542404.19046 17460045652.288956 17460045652.288956
19.6053451162 2.8742355180126355e-17 2.8467438749515654e-33 9.376597501121704e-17 1.2455217391965303e-17 7.743533374551251e-28 9592860566.071457 9081704417.976786 5969920090.212921 2.8742355180126355e-17 15988100943.452429 0.002601692466627119 21958021034.66535 0.0 53974134972.28479 12433153516.97421 0.9999998828236798 -1.060374010819487e-12 15988101179.197077 3.195666035371512e-17 -0.48341627029472967 -3660345246.5840716 -434284384.2515251 18897545829.422012 -14284247116.470186 17060402861.325607 -2.262346774203651e-06 -0.09858161223055753 -0.3848346580631118 2.4427774622302424e-08 5.762871746992114e-18 -1.1641583783070791e-17 2909444885.9695845 7442173318.360729 7442173317.360729 23430274261.813156 23430274261.813156
19.8464908612 1.837323579273273e-17 1.1615392565121347e-33 5.988761715205723e-17 7.94903279861986e-18 3.673200790434026e-28 12908174800.774788 12227949253.69045 8049998636.6828 1.837323579273273e-17 21513624667.95798 0.002538847619564901 29563623305.64078 0.0 72536478757.89464 16724402236.279015 1.0000002803104648 2.185140957067233e-12 21513624903.19313 2.0403108450150713e-17 -0.48229044788110437 -4879439223.659875 -580058972.7507994 25393772138.541103 -19246206177.676857 22944788920.375275 -1.9488583473430834e-06 -0.09751783329211704 -0.38477261459117246 1.9641648795128573e-08 3.686405291291763e-18 -7.435980043907554e-18 3880147470.5831227 10035948214.135544 10035948213.135544 31549572882.093525 31549572882.093525
20.0906026987 1.1684303658773325e-17 4.690673923819984e-34 3.805291766722891e-17 5.047083864937894e-18 1.7274546175372548e-28 17429584137.9542 16521237641.02659 10892255294.201015 1.1684303658773325e-17 29049306896.590336 0.002477521668258656 39941562191.79135 0.0 97822853473.41794 22575001336.722816 0.9999997049252698 -1.9780843629746414e-12 29049307131.32274 1.2959615724341174e-17 -0.4811772945885409 -6526997649.194593 -777431262.6090037 34241856981.919857 -26021485240.16496 30966004190.20176 -1.6759176281626571e-06 -0.09646515301577753 -0.3847121415707853 1.5750396082843044e-08 2.3459457727418884e-18 -4.725232161509946e-18 5192550085.329521 13580361237.427963 13580361236.427963 42629668134.018295 42629668134.018295
20.3377171119 7.39173032549554e-18 1.8745488213260863e-34 2.405305150437062e-17 3.1878808931954675e-18 8.053390872579237e-29 23617456657.90081 22400239742.120464 14789485859.673912 7.39173032549554e-18 39362427763.16802 0.002417677702695234 54151913623.841934 0.0 132390128958.71281 30579676612.472553 0.9999997057738061 -1.6932011348558262e-12 39362427997.40435 8.188811160198136e-18 -0.4800766480438166 -8761352739.905874 -1045591821.1038113 46335529353.44077 -35305038043.90021 41938319977.36862 -1.4386895709083007e-06 -0.09542344964537648 -0.3846531983967469 1.2595344306109159e-08 1.485100484601092e-18 -2.987025990901025e-18 6973101590.272754 18440685521.14698 18440685520.14698 57803113284.315 57803113284.315
20.5878710324 4.6514391762448506e-18 7.412454758590394e-35 1.512361038110663e-17 2.0029528472499716e-18 3.721466941105433e-29 32116026482.30318 30479130851.71921 20152103400.408363 4.6514391762448506e-18 53526710803.83864 0.0023592798548084564 73678814205.24701 0.0 179812899358.3877 41570385686.44922 0.9999998642908132 -6.692424392440444e-13 53526711037.58546 5.147001652061293e-18 -0.4789883557196927 -11802167063.576513 -1411208974.9042008 62924005380.99219 -48070392035.225395 57000717658.18206 -1.2328611658101008e-06 -0.09439260368020896 -0.3845957520388145 1.0044283727910447e-08 9.35165730650263e-19 -1.87826799171262e-18 9397294577.15355 25128954400.236572 25128954399.236572 78655665204.07521 78655665204.07521
20.8411018461 2.9113743251953555e-18 2.8998402862849474e-35 9.458348315537199e-18 1.2517506682994754e-18 1.704375702712366e-29 43830049421.617165 41620877517.57898 27557432377.409348 2.9113743251953555e-18 73050082369.36194 0.0023022930376546584 100607514747.77129 0.0 245106508350.41937 56715277134.23656 0.9999998577733082 -5.999645225074346e-13 73050082602.62575 3.217836013299845e-18 -0.47791227121514107 -15955270873.83514 -1911473811.412036 85759633094.94641 -65686176022.56801 77752069863.70688 -1.0545918400696819e-06 -0.09337249751354063 -0.3845397737010005 7.987362840201033e-09 5.857168965323022e-19 -1.1747630216207962e-18 12709550725.584465 34365480310.484634 34365480309.484634 107415562679.84657 107415562679.84657
21.0974473988 1.8123805124123172e-18 1.1222124006665556e-35 5.883296589858654e-18 7.780624445718003e-19 7.73542585600425e-30 60034751216.734215 57042398499.22448 37820513380.89261 1.8123805124123172e-18 100057918694.55702 0.002246683108154513 137878432076.44965 0.0 335333257156.6821 77660481249.32137 0.9999997566176475 -8.766321002440236e-13 100057918927.34421 2.0008785856026056e-18 -0.47684824437556134 -21647992146.24234 -2598438153.313669 117309433833.76366 -90083409636.19122 106444953120.44904 -9.004677956789069e-07 -0.09236301551437454 -0.38448522886031017 6.333566370224215e-09 3.6485855695343196e-19 -7.30782649221226e-19 17251515139.206635 47167223077.99359 47167223076.99359 147225141772.5506 147225141772.5506
21.3569460018 1.1220498856607212e-18 4.29542894600035e-36 3.639506843477807e-18 4.809847250178752e-19 3.478741817535885e-30 82534103673.63422 78466016616.94597 52096179632.2737 1.1220498856607212e-18 137556839456.05704 0.002192416722597197 189653019089.33075 0.0 460474367600.7549 106734132152.12856 0.9999996505690749 -1.0726974863928262e-12 137556839688.3739 1.2373584265562608e-18 -0.47579613263432685 -29479594235.56958 -3545216918.730172 161059303848.00308 -123996549267.09615 146264539854.56287 -7.674600530511933e-07 -0.09136404393731035 -0.3844320886959438 5.0077019538222215e-09 2.2603192215634657e-19 -4.521079905247489e-19 23502464391.94604 64975193334.82843 64975193333.82843 202532032790.88547 202532032790.88547
21.6196364376 6.90807185598645e-19 1.6259579918523317e-36 2.238984464049729e-18 2.956913788560648e-19 1.5499939345512411e-30 113889513913.36424 108338381886.8604 72026753951.00201 6.90807185598645e-19 189815856522.27374 0.0021394613763322007 261842610474.27576 0.0 634688826399.6097 147241198496.17648 0.9999992677290441 -1.912359159916832e-12 189815856754.1265 7.609543949935316e-19 -0.4747557946491509 -40293545706.318115 -4854888662.561595 221953079400.88824 -171312083100.5943 201731398816.32565 -6.52885975188164e-07 -0.09037547079297528 -0.3843803238542633 3.94782979540738e-09 1.3924960172405056e-19 -2.781522138130543e-19 32137222878.614517 89838804281.75128 89838804280.75128 279654660804.025 279654660804.025
21.8855579658 4.22915414387043e-19 6.0858815748317375e-37 1.369671387841322e-18 1.807617610741289e-19 6.841601573370985e-31 157751488901.9094 150148109308.10233 99956555644.80606 4.22915414387043e-19 262919148169.849 0.0020877853528414535 362875703815.655 0.0 878137566897.1122 203890942842.95093 0.9999994449629509 -1.2307932450994485e-12 262919148401.2438 4.653503794322161e-19 -0.47372709118805334 -55281457286.62944 -6673315474.324064 307028632108.2892 -237574549523.8254 279285435776.79407 -5.543740533682504e-07 -0.08939718583899212 -0.3843299053478304 3.1030768772481436e-09 8.53035695685259e-20 -1.7016853760478262e-19 44109483938.44017 124683626565.66571 124683626564.66571 387602774735.5147 387602774735.5147
22.1547503288 2.5743754894268293e-19 2.2521038990889235e-37 8.331210472375453e-19 1.0987644469811577e-19 2.9912662750981145e-31 219342464808.403 208888386376.65714 139244614454.1966 2.5743754894268293e-19 365570774680.6717 0.0020373577200524773 504815389135.8683 0.0 1219636954689.8875 283419089947.60254 0.9999997561952042 -4.581890422628021e-13 365570774911.6146 2.8296289474095943e-19 -0.47270988671504305 -76133123833.8149 -9207677478.872482 426342904826.1484 -330723846574.85205 388135640334.60266 -4.698317421797566e-07 -0.08842908047899706 -0.38428080623558786 2.431783908012277e-09 5.1958817701511244e-20 -1.0351471225989023e-19 60772130145.476654 173701746762.1032 173701746761.1032 539272521442.7749 539272521442.7749
22.4272537579 1.5580497719335079e-19 8.238396843660315e-38 5.038433515534292e-19 6.640518726876277e-20 1.2953012957356029e-31 306162393486.4874 291733293951.8693 194722292505.65424 1.5580497719335079e-19 510270655810.8124 0.0019881482966891276 704992948317.4666 0.0 1700533376614.8657 395496943557.39746 1.000000970638392 1.5429879596240426e-12 510270656041.3094 1.7107090467684917e-19 -0.4717040472304824 -105253947325.10535 -12753371155.08124 594322297222.771 -462173657362.0854 541501372421.0202 -3.974161390123252e-07 -0.08747104773480512 -0.38423299949722034 1.899939242797408e-09 3.146585280248402e-20 -6.260661831779516e-20 84051641411.95859 242923039651.67065 242923039650.67065 753193695462.483 753193695462.483
22.7031089791 9.374557818202483e-20 2.978682486150413e-38 3.029336869240513e-19 3.98995180546863e-20 5.55460577551634e-32 429023856003.5175 409030405352.0676 273365558554.9392 9.374557818202483e-20 715039760005.8625 0.00194012763502951 988405318561.8018 0.0 2380382899398.996 554064792009.5754 1.0000005588224485 7.499556531342932e-13 715039760235.9194 1.0282268827876124e-19 -0.47070944323867586 -146081213980.12698 -17733195907.25358 831741642758.735 -648394924501.0298 758432638302.8229 -3.3550731083402776e-07 -0.08652298215048213 -0.38418646108894366 1.4798594896612355e-09 1.8944229622865896e-20 -3.7644599392621306e-20 116701882752.87247 341054440017.4807 341054440016.4807 1056094200023.3433 1056094200023.3433
22.9823572195 5.607236528032211e-20 1.0643146218210256e-38 1.810642658437883e-19 2.3832522617205132e-20 2.358576941737856e-32 603576562663.5768 575763279033.7628 385286453166.0259 5.607236528032211e-20 1005960937772.628 0.0018932670293293123 1391247390939.6538 0.0 3345309661774.218 779295491918.3448 0.9999993613014795 -7.222000775186643e-13 1005960938002.2507 6.143790658663372e-20 -0.46972594500758763 -203545964622.71378 -24754665003.023483 1168635769812.6733 -913249992339.9149 1066489897151.5831 -2.8268407906636436e-07 -0.08558477970968723 -0.3841411652971782 1.1490814708607485e-09 1.1338098009967723e-20 -2.250183369160265e-20 162674832040.0454 480717750153.7661 480717750152.7661 1486678687926.394 1486678687926.394
23.2650402133 3.3338325513828266e-20 3.7576513505462995e-39 1.0757694493640405e-19 1.4150676315038593e-20 9.915354042818895e-33 852561539189.7687 813714854294.4541 545201099632.46313 3.3338325513828266e-20 1420935898649.6145 0.0018475384255083143 1966136998283.0776 0.0 4720355354058.171 1100497397624.9705 0.9999992549152543 -7.084333120133124e-13 1420935898878.8086 3.649107402294124e-20 -0.46875342528350744 -284750142124.66943 -34694154075.204346 1648600173454.4768 -1291446948998.5662 1505704960686.4165 -2.3770208161538735e-07 -0.0846563379372555 -0.38409708734554354 8.894346639398375e-10 6.745241627512768e-21 -1.3370082390231729e-20 227664274804.86234 680282478909.3586 680282478908.3586 2101218377558.9731 2101218377558.9731
23.5512002079 1.970168281272e-20 1.3106873657321133e-39 6.352939200822033e-20 8.351354280478217e-21 4.1264266176529485e-33 1209157648658.1646 1154680512245.876 774612029200.9624 1.970168281272e-20 2015262747763.6077 0.0018029145225976113 2789874776965.5703 0.0 6687799151352.382 1560423271766.8875 0.9999981634434633 -1.4653833702027441e-12 2015262747992.379 2.154306056453454e-20 -0.46779176210789397 -399963320182.131 -48820947644.83648 2335169103040.7275 -1833672293055.9792 2134458956679.3938 -1.9947393958745414e-07 -0.08373755566911134 -0.38405420643731725 6.862672388695193e-10 3.9885653301159135e-21 -7.896214819881248e-21 319906355277.1198 966590636327.5039 966590636326.5039 2981853384091.1113 2981853384091.1113
23.8408799705 1.157163992767163e-20 4.5159868780198765e-40 3.728778456748645e-20 4.898650556947899e-21 1.6997828392275598e-33 1721970008323.6626 1645259487283.8865 1105065514966.1738 1.157163992767163e-20 2869950013872.771 0.0017593686081538399 3975015528839.945 0.0 9514445127151.742 2221692576387.017 0.9999998635909118 -9.114931032172535e-14 2869950014101.125 1.2640551470492275e-20 -0.4668408315295119 -564095774119.2583 -68980839333.78896 3321313072024.5786 -2614248277073.5176 3038240708689.7773 -1.6705136468290735e-07 -0.08282833316058305 -0.3840124983688377 5.278023693550553e-10 2.3440412153551708e-21 -4.634894825486611e-21 451363058151.8077 1379023932504.4512 1379023932503.4512 4248973946377.222 4248973946377.222
24.1341227941 6.754381101567239e-21 1.5367778913919714e-40 2.1750127599889907e-20 2.855635477831931e-21 6.9296482451184455e-34 2462496467915.6895 2354029399891.799 1583033528773.3472 6.754381101567239e-21 4104160779859.4824 0.0017168746931340204 5687194308633.83 0.0 13592434676291.031 3176402278477.9644 0.9999977828837958 -1.2381207170619746e-12 4104160780087.425 7.371051504221195e-21 -0.4659005164224234 -798884446160.1112 -97868987790.44707 4743639798453.536 -3742603886446.513 4342750853079.8623 -1.3960905190478653e-07 -0.08192857193215139 -0.3839719444890339 4.046046598176383e-10 1.3690211635807488e-21 -2.7037331774349993e-21 639479018594.0531 1975599792594.3047 1975599792593.3047 6079760572453.787 6079760572453.787
24.4309725045 3.917796541102356e-21 5.164253425112797e-41 1.2607440683705653e-20 1.6542545672438706e-21 2.79557867469338e-34 3536349761554.365 3382333896868.8945 2277260864813.3 3.917796541102356e-21 5893916269257.275 0.0016754073647653545 8171177134071.575 0.0 19500542445486.086 4560570301943.232 0.999999482936502 -2.4080737404119645e-13 5893916269484.812 4.2713406831878386e-21 -0.46497069703792615 -1136150249339.839 -139437097015.08765 6803716357323.932 -5380530053639.039 6233589629341.213 -1.1643021074548847e-07 -0.08103817479731847 -0.3839325222403669 3.0913932345431027e-10 7.945442669568097e-22 -1.5673188161258077e-21 909800088066.6559 2842145971956.792 2842145971955.792 8736062241214.067 8736062241214.067
24.7314734663 2.258031819460294e-21 1.7134613453518385e-41 7.261529313577372e-21 9.522287297513944e-22 1.1158830584141768e-34 5100195611182.568 4880571439916.609 3289868961025.698 2.258031819460294e-21 8500326018637.614 0.0016349418691291818 11790194979664.312 0.0 28096625193004.875 6575932538773.347 0.9999989799377162 -3.9535041906901824e-13 8500326018864.75 2.4594412237783335e-21 -0.46405125915137974 -1622672119380.8496 -199503592435.7616 9800218884400.844 -7768245447751.084 8985961034498.502 -9.689359655065612e-08 -0.08015704587898598 -0.3838942132719984 2.354092299236619e-10 4.5820020617569e-22 -9.02789666358566e-22 1299892865763.2305 4106166884788.586 4106166884787.586 12606492903426.2 12606492903426.2
25.0356705899 1.2930516573042501e-21 5.612325861430929e-42 4.1555739729486724e-21 5.446095674419473e-22 4.406512910474477e-35 7387427304060.097 7072895377891.703 4773208537448.088 1.2930516573042501e-21 12312378840100.162 0.0015954540452929346 17085587377549.25 0.0 40657654202665.72 9522977225958.348 0.9999956201513399 -1.4096501743665613e-12 12312378840326.902 1.4070575612547518e-21 -0.4631420904818079 -2327511224024.7417 -286671870327.2399 14177615155139.771 -11263939086205.514 13009680519524.068 -8.046191213761156e-08 -0.07928509044653323 -0.383857000033865 1.7865702618243325e-10 2.6253518640538372e-22 -5.166747686317779e-22 1865236315039.6106 5957889872087.426 5957889872086.426 18270268712187.586 18270268712187.586
25.3436093382 7.356388985468778e-22 1.8144453230027075e-42 2.3626587736666012e-21 3.0945646823218495e-22 1.7212464751428194e-35 10747251191972.332 10294830553555.213 6955547612385.908 7.356388985468778e-22 17912085319953.887 0.0015569203036536563 24867632932340.797 0.0 59092738621043.58 13851230412001.002 0.9999994263338137 -1.5298873279334657e-13 17912085320180.234 7.99752765756908e-22 -0.462243077169862 -3353064294870.6377 -413718093820.7783 20600200994746.83 -16404016525230.154 18917665494535.023 -6.667145799802273e-08 -0.07842221508627618 -0.3838208620834328 1.351216971513311e-10 1.4944458787035438e-22 -2.937748918500216e-22 2688115674792.942 8682346777671.9375 8682346777670.9375 26594432097625.824 26594432097625.824
25.6553357331 4.157587647523012e-22 5.78904750818024e-43 1.3344519171439075e-21 1.7468234511369377e-22 6.64973406296318e-36 15704448375556.566 15050811481804.549 10180398292074.457 4.157587647523012e-22 26174080625927.613 0.0015193177020220243 36354478918003.07 0.0 86268609209114.1 20236127524273.637 1.0000042925394252 9.46465128492946e-13 26174080626153.58 4.515782041243621e-22 -0.4613541123434441 -4851817276799.377 -599697747692.7518 30065187890782.723 -23995290980087.56 27630617026733.688 -5.512291746793453e-08 -0.077568327633238 -0.3837857847111526 1.018395845344836e-10 8.450808493461404e-23 -1.659371873395542e-22 3891107264855.1094 12708490916245.227 12708490916244.227 38882571542172.84 38882571542172.84
25.9708963626 2.3340521206675457e-22 1.8224745825017434e-43 7.486886371792383e-22 9.79485523756512e-23 2.5405017859139957e-36 23051154896247.55 22102581505661.57 14966988684807.121 2.3340521206675457e-22 38418591493745.92 0.0014826236667009355 53385580178554.05 0.0 126509136663068.44 29697061132874.67 1.0000026276607399 4.779510121011299e-13 38418591493971.51 2.5328411990133e-22 -0.4604750889535976 -7051850776133.852 -873157264946.3704 44076204765080.65 -35256680191792.65 40537724703864.13 -4.5473171060848826e-08 -0.07672333722785174 -0.38375175172622383 7.648537251599933e-11 4.746858020585421e-23 -9.310410916883553e-23 5657613271334.724 18684726170651.54 18684726170650.54 57103317664397.46 57103317664397.46
26.2903383878 1.3014759385268972e-22 5.660242326349847e-44 4.172150307228756e-22 5.455198552847262e-23 9.596852657695288e-37 33988446713520.914 32605613965662.7 22103665533293.54 1.3014759385268972e-22 56647411189201.52 0.0014468163462253846 78751076722496.06 0.0 186365380724215.78 43779461267594.03 0.9999927200439042 -1.0899059432745162e-12 56647411189426.734 1.4110575165555337e-22 -0.45960590281311187 -10295842075751.533 -1277052222459.9404 64910683177158.38 -52037968696340.82 59744483423671.51 -3.7428041744475316e-08 -0.07588715442716916 -0.38371874838485276 0.0 2.6483062951194235e-23 -5.1886461997731406e-23 8263271987956.858 27595571064601.734 27595571064600.734 84242982253803.25 84242982253803.25
26.61370955 7.207452574925484e-23 1.7340231852444664e-44 2.3090992745242926e-22 3.0175200996840573e-23 3.584029512183314e-37 50345747444520.734 48320596970704.88 32792811868943.11 7.207452574925484e-23 83909579074201.23 0.0014118750016188072 116702390943145.34 0.0 275808084359641.53 64836930069950.41 0.9999974570599202 -3.126388037344441e-13 83909579074426.08 7.807406513987564e-23 -0.4587464491188573 -15100974639493.236 -1876312859243.142 96033797902105.66 -77159077494815.03 88456575911446.97 -3.073588023134354e-08 -0.07505969155827648 -0.38368675756026815 0.0 1.4673975383465236e-23 -2.87185769502585e-23 12124218827904.426 40942674533185.31 40942674533184.31 124852253607386.55 124852253607386.55
26.9410581775 3.9637900178600454e-23 5.2389874769848695e-45 1.2691481932798315e-22 1.6576007949362168e-23 1.323080658834748e-37 74922396981489.36 71942790381214.44 48876723837529.34 3.9637900178600454e-23 124870661635815.61 0.0013777778966977672 173747385473345.94 0.0 410082864648809.5 96470313062288.81 1.0000055507256718 5.591083152012288e-13 124870661636040.06 4.2900001285035636e-23 -0.4578966330596321 -22251383116917.75 -2769534975603.118 142742238843320.6 -114938639634899.19 131577263079362.44 -2.5181906318770444e-08 -0.07424086328303056 -0.3836557697771606 0.0 8.074360147646962e-24 -1.5785507218722757e-23 17871577207504.98 61026968338862.59 61026968338861.59 185897629974678.2 185897629974678.2
27.2724331931 2.164638348899219e-23 1.5607658217310087e-45 6.926786314054041e-23 9.041959235881866e-24 4.827372755798635e-38 112021872097344.25 107617331379686.7 73191296255090.1 2.164638348899219e-23 186703120162240.44 0.0013445053747053995 259894416417331.53 0.0 612609909745101.1 144215049370238.97 1.0000116319153949 9.5767838104166e-13 186703120162464.53 2.340770943682971e-23 -0.4570563432683496 -32941462897036.027 -4107129155683.394 213170077951760.75 -172021317770048.6 196641350075641.78 -2.058322904492995e-08 -0.07343058738172446 -0.3836257558875828 0.0 4.411759489893054e-24 -8.61595817284312e-24 26466957789520.332 91390487394901.38 91390487394900.38 278093607557141.8 278093607557141.8
27.6078841213 1.1737296903701136e-23 4.5840619130928e-46 3.753731310452355e-23 4.897339322898464e-24 1.7405322406892667e-38 168291265104793.2 161749286627657.2 110122466424729.81 1.1737296903701136e-23 280485441841322.0 0.0013120378002584446 390607908266052.8 0.0 919536406029476.8 216617728075739.72 0.9999876639548074 -8.282263763703668e-13 280485441841545.75 1.2681594509974591e-23 -0.4562255184537293 -48999072191070.44 -6119627813566.43 319867836488272.3 -258678846917535.3 295282270081902.25 -1.6784474717924558e-08 -0.07262878682185647 -0.3835967316310446 0.0 2.3934319961387943e-24 -4.669391089150748e-24 39382394646950.3 137511500228859.5 137511500228858.5 417996942070181.5 417996942070181.5
27.947461096 6.318594841872525e-24 1.3271157399984603e-46 2.01961530089062e-23 2.6335084526303514e-24 6.20063407352015e-39 254046638251119.7 244283319690892.7 166486431533658.38 6.318594841872525e-24 423411063751866.2 0.001280566934201377 589897495285525.5 0.0 1386928800919077.8 326945781541047.75 0.999988401057228 -6.334932578511143e-13 423411063752089.56 6.821250097938035e-24 -0.4554050232373288 -73234802042724.48 -9162044426918.75 482293502788735.1 -390866668551109.44 445547874569685.25 -1.3653957926397703e-08 -0.07183537778953249 -0.38356964544716277 0.0 1.289137734098852e-24 -2.5124113729662404e-24 58882439036868.92 207904178639427.12 207904178639426.12 631315242391293.2 631315242391293.2
28.2912148675 3.376786900849809e-24 3.786465791617145e-47 1.0787194040276958e-23 1.405877792453366e-24 2.1822676373525918e-39 385375085725871.7 370733423881158.1 252926000142023.12 3.376786900849809e-24 642291809543119.5 0.0012512376039241354 895217809685143.6 0.0 2102120329317222.0 495910643329006.9 0.9999956238893133 -1.9395596240201485e-13 642291809543342.5 3.642415823193061e-24 -0.45459408485755315 -109991088752364.48 -13783721678033.781 730758731552070.0 -593486270060740.9 675571138352658.9 -1.1080336308240367e-08 -0.07105022544452018 -0.38354385941283897 0.0 6.892978072925419e-25 -1.3420088500744636e-24 88466922008950.45 315863093735267.25 315863093735266.25 958154903278386.8 958154903278386.8
28.6391968104 1.791339385637924e-24 1.0644801123391281e-47 5.719537839601999e-24 7.450062569044356e-25 7.586329691812512e-40 587474780923125.0 565445156480751.8 386211783404448.5 1.791339385637924e-24 979124634871875.0 0.0012337293372743988 1365336418276324.5 0.0 3202030919309687.0 755768468423525.4 1.0000128572818878 4.612976667317525e-13 979124634872097.8 1.9306921291902527e-24 -0.45383379374196714 -166008527940720.22 -20838851062318.723 1112747352722841.5 -905692553397297.5 1029454571066394.2 -8.969695134052575e-09 -0.07027262356000777 -0.3835611701824207 0.0 3.659201410956769e-25 -7.115997500701163e-25 133622717850966.53 482341469407259.5 482341469407258.5 1461466104279134.5 1461466104279134.5
28.9914589311 9.431974290517401e-25 2.947415448039939e-48 3.0102330913171102e-24 3.9186172758418255e-25 2.6045913982598174e-40 899829876246891.8 866805756939930.4 593153717278524.2 9.431974290517401e-25 1499716460411486.2 0.001321958991973082 2092870177690011.5 0.0 4900145671839169.0 1163219356132622.5 0.9999655242499474 -9.988676552552533e-13 1499716460411708.2 1.0156502638827475e-24 -0.4532369552466687 -251781041860428.28 -31662214071691.48 1702946346305543.0 -1389636062721615.0 1576624469654782.2 -7.243012924592469e-09 -0.06949607298783543 -0.38374088225783437 0.0 1.9296298114699755e-25 -3.7455884967299804e-25 203229885894056.62 740857016098264.8 740857016098263.8 2240573476509751.0 2240573476509751.0
29.348053876 4.928739874084424e-25 8.013169926264913e-49 1.5807986465118653e-24 2.0456203904189172e-25 8.830021299935524e-41 1380918242281605.0 1342690968245519.8 937952903832110.5 4.928739874084424e-25 2301530403802675.0 0.0027114722946739206 3239483307634786.5 0.0 7493647128038018.0 1908697933355932.2 1.0000002283641267 5.329070518200751e-15 2301530403802890.5 5.305031512191305e-25 -0.4581373397386627 -383302089396740.0 -48350060078854.15 2628587846935605.0 -2174106157015723.5 2436459461090282.0 -5.833963263151837e-09 -0.06863811346156676 -0.38949922627710126 0.0 1.035441966992438e-25 -1.969247355260287e-25 327057443132930.1 1172638130555810.5 1172638130555809.5 3474168534358485.5 3474168534358485.5
29.7090349387 2.5558463099580085e-25 2.001620547615839e-49 8.786430013604352e-25 1.0594377329574647e-25 2.95546948544392e-41 1987384046918609.5 2229704127435257.5 2010625398865595.5 2.5558463099580085e-25 3312306744864349.5 0.031494687906770395 5322932143729946.0 0.0 1.1076516163114586e+16 4123293111845039.0 1.0000276970170714 5.192513086171857e-13 3312306744864488.0 2.722444497311832e-25 -0.5422921068328265 -569896572444728.6 -74211237845636.45 4237331136895526.0 -4120040346586508.0 3956110260377560.5 -4.687018154680964e-09 -0.06586856463161314 -0.47642354220173255 0.0 7.50603379854827e-26 -1.112627143774088e-25 925024392031176.5 2539709455812853.0 2539709455812852.0 5852016200677202.0 5852016200677202.0
