# r(1) ntot(2) grad2ntot(3) laplntot(4) tauk(5) tautf(6)  ptot(7) qtot(8) z(9) denstest(10) Fvw(11) vp(12) Fmggaus(13) Fcurvefit(14) divgradgrad2(15) divgradlapl(16) Har-dep-ind(17) vesp(18) Fmggapc(19) vpstitch4(20) vpts(21)  FxcPW91lb(22) FxcPW91lda(23) Fs1(24)  Fvw_ts(25) Fs(26) vxlda(27)  vcpw91(28) vw(29) Vresp(30) taupusbigZ(31) taurespts(32) Fpauli(33) FgeapauliusbigZ(34) zusbigZ(35) FmggausbigZ(36) FbigZnuc(37) 
0.000347222222222 3771.9716293843453 18435287487.992588 -776635656.9909528 636985.8582652332 2624314.927220718 0.13967761462768064 -22.19538275309385 -49.53000258410142 3771.9716293843453 0.23279602437946773 111.87864806187962 -48.29720655972195 0.0 190204.24489748914 874128806.2827246 0.0008874983202311325 -51770.382915591574 0.23279602437946773 428798.1248484689 -155.80597559270973 -0.03091172598309284 -0.016947480009881808 41.24938854795808 74.21740520135897 4.531158233280813 -11.49673523672521 -21.507173736871227 51636.084113735735 104.9709141103359 -165006487.5012215 107052760.34352478 41.01659252357861 -62.87602367752856 -63.87602367752856 0.23279603192628429 0.2720103232423702
0.000355798611111 3770.8073413121188 18423636449.808014 -758159317.9907658 636792.5492192801 2622964.994752799 0.13970430205153828 -21.678500842771015 -48.381415653641575 3770.8073413121188 0.23284050341923046 111.88191400827581 -47.14857515022234 0.0 -40644.98673833141 60591544.91994379 0.0009093362765309964 -50520.79967110178 0.23284050341923046 428577.7561724991 -115.28869146672514 -0.030914934523738957 -0.016948177736351797 40.22639007104927 72.49450997932261 4.406365512218852 -11.495552222421734 -21.50498171461548 50427.015961349665 104.97091139498635 -161036526.21462068 104466949.12742306 39.99354956763004 -61.39484382626979 -62.39484382626979 0.2328405117413942 0.2720548029066374
0.000364586836806 3769.6146720230263 18411942252.89529 -739374254.123611 636599.6104416659 2621582.4438024326 0.13973345209398347 -21.152517705618976 -47.21260742299622 3769.6146720230263 0.23288908682330578 111.8845247448359 -45.979718336172915 0.0 -26274.049038633675 -44758439.63023949 0.0009317094797328979 -49301.337154332025 0.23288908682330578 428352.0818924643 -125.74221621153265 -0.030918321809794196 -0.01694891936651983 39.259675540197314 70.74128143888656 4.316524039962097 -11.494340117904303 -21.50280469598599 49197.09774281648 104.97090854264712 -157000247.48310122 101837938.54081877 39.02678645337401 -59.88758730600237 -60.88758730600237 0.2328890957601374 0.27210338708194914
0.000373592131675 3768.3929392819227 18399820625.655872 -721257402.1579226 636398.8432787121 2620166.504617646 0.139762216892362 -20.645369317755645 -46.085653620038265 3768.3929392819227 0.2329370281539367 111.88765887959623 -44.85271659188433 0.0 -12657.463227962502 4353727.65787227 0.0009546309438353602 -48111.26931703132 0.2329370281539367 428120.966110651 -121.67144667999673 -0.030921775250788635 -0.016949705988564753 38.307236632012724 69.05083475400608 4.219729163420747 -11.493098211213677 -21.50056165307732 48011.0984320044 104.97090554612977 -153107608.39856142 99302498.72795567 38.07429960385878 -58.43430489197251 -59.43430489197251 0.2329370381585547 0.2721513292515325
0.000382819857327 3767.141443925296 18387623397.057396 -703581384.2665133 636194.2438514854 2618716.3890331066 0.13979333652562678 -20.150560801840758 -44.9861252433878 3767.141443925296 0.232988894209378 111.88925385908827 -43.75313634917842 0.0 -20791.06081713976 11820959.819519851 0.0009781139939413308 -46949.88761186529 0.232988894209378 427884.28375514474 -117.43035307300306 -0.030925407123622517 -0.01695053871942127 37.37758990895623 67.40152490034527 4.12509852769388 -11.491825772108951 -21.498327871724577 46853.955586664015 104.97090250153211 -149309753.58479548 96828798.73128435 37.144601014746854 -57.016389483828085 -58.016389483828085 0.2329889053894596 0.2722031962818413
0.000392275507803 3765.8594653587134 18375172154.179314 -686255181.7510964 635985.1264460746 2617231.2853185986 0.13982552802048373 -19.665491131811393 -43.90824033442604 3765.8594653587134 0.23304254670080624 111.89066989812935 -42.67519778772523 0.0 -22879.00813449982 -2643479.321387554 0.0010021722730548972 -45816.50057074759 0.23304254670080624 427641.90490235994 -118.3612479463045 -0.030929167914800913 -0.01695141871186297 36.473564389585164 65.78467965273879 4.035992485602099 -11.490522047430387 -21.49606603805016 45719.63538883933 104.97089961723765 -145587114.64113057 94404095.7772433 36.240521842884355 -55.626384820403096 -56.626384820403096 0.2330425588186299 0.272256849636099
0.000401964712846 3764.5462733878494 18362379414.806644 -669358405.2202175 635770.4589918258 2615710.3719524182 0.13985819723840537 -19.1924461247002 -42.85707760635364 3764.5462733878494 0.2330969953973423 111.89237649953965 -41.6239806109563 0.0 -20082.008515279875 -1339921.0606055001 0.0010268197504589706 -44710.43339327589 0.2330969953973423 427393.69539954996 -118.49877600288164 -0.030933035857635575 -0.01695234713648659 35.59084555996372 64.20791741106468 3.9485435997857214 -11.489186273069832 -21.493758105305474 44613.42837537831 104.97089683962739 -141956799.68452984 92039535.56328085 35.35774856456637 -54.27084023013238 -55.27084023013238 0.23309700876956496 0.2723112992836937
0.000411893241253 3763.201119511838 18349291102.1136 -652876250.7075082 635550.4266099605 2614152.807600453 0.13989176655837868 -18.73100863143844 -41.831710686986725 3763.201119511838 0.23315294426396446 111.89399021671852 -40.59855774272276 0.0 -20321.58653521325 1511287.5118674552 0.0010520707285008942 -43631.02754492889 0.23315294426396446 427139.51932451484 -118.15688358523039 -0.030937030139514623 -0.016953325195263956 34.72910670255756 62.66984838239209 3.8629006367612826 -11.487817665057113 -21.49141441401691 43534.36207575768 104.97089417836874 -138415629.67024046 89733046.29115051 34.49595375829359 -52.948561104694186 -53.948561104694186 0.233152959140417 0.2723672493288123
0.000422067004312 3761.8232380118015 18335876819.963314 -636783437.447257 635324.7966369219 2612557.7324498785 0.13992607912563343 -18.280460261354442 -40.830542920233036 3761.8232380118015 0.23321013187605572 111.89568891117698 -39.59733278835698 0.0 -19955.403571687366 -599000.3492660692 0.0010779398503659237 -42577.64036473197 0.23321013187605572 426879.2381293957 -118.36297172554623 -0.030941146699278197 -0.016954354120053913 33.88848540678973 61.1680776697242 3.7796698405292757 -11.486415420601073 -21.489029073762023 42480.76642208018 104.97089163328984 -134958170.87286422 87481089.11926134 33.65527527491367 -51.657488443828434 -52.657488443828434 0.23321014814901575 0.2724244379960974
0.000432492059318 3760.4118454851387 18322137112.314476 -621083033.8093623 635093.5003202896 2610924.2677454394 0.13996121542973491 -17.84089569780036 -39.85378483278559 3760.4118454851387 0.23326869238289152 111.89742053703498 -38.6205161404027 0.0 -19215.035764396023 -1008.4806738103321 0.0011044421078640813 -41549.644683005616 0.23326869238289152 426612.70972447214 -118.27671899175039 -0.0309453910812434 -0.016955435173512837 33.06794889196025 59.70292101838411 3.6982639904216463 -11.484978717547087 -21.48660279168486 41452.85456680555 104.97088920408412 -131585083.8040679 85284094.22118445 32.834680199577356 -50.39789373810256 -51.39789373810256 0.23326871028065055 0.27248299996202474
0.000443174613184 3758.9661403284654 18308062015.01331 -605759329.332611 634856.3642880261 2609251.5152701754 0.13999717758202104 -17.411870582066737 -38.900448963973524 3758.9661403284654 0.23332862930336842 111.89919742876147 -37.66712033467016 0.0 -18897.8732190165 70637.57230903361 0.0011315928493944442 -40546.42844749562 0.23332862930336842 426339.7893755006 -118.32092881351127 -0.030949765735045147 -0.016956569650094046 32.26727650357747 58.27289723619249 3.618905205518011 -11.483506713778716 -21.484134046149677 40449.59165272826 104.97088689068802 -128292992.49635501 83139862.7054969 32.0339478742741 -49.16850359022246 -50.16850359022246 0.23332864897757177 0.2725429383386785
0.000454121026129 3757.485302546202 18293645001.97253 -590806286.2042868 634613.2827181467 2607538.5572069003 0.14003399568563268 -16.993218122452333 -37.97016471016909 3757.485302546202 0.23338999280938783 111.90101894640475 -36.7367747173597 0.0 -18347.510158152192 -81933.81167899865 0.0011594077880757595 -39567.39435968456 0.23338999280938783 426060.32901168667 -118.29046656149876 -0.030954274296023026 -0.016957758876557885 31.485861525158914 56.87745040098384 3.541414915043893 -11.481998546947226 -21.48162205868986 39470.58551518175 104.9708846931101 -125080600.05971076 81047549.87861384 31.252471532349524 -47.96884008253842 -48.96884008253842 0.233390014519267 0.27260430355767884
0.000465337815475 3755.968493089803 18278879230.81201 -576213210.8515606 634364.1486462057 2605784.4554606676 0.14007169927093607 -16.584637583244405 -37.0622638135371 3755.968493089803 0.2334528321182268 111.90288634848264 -35.828810981418876 0.0 -17971.300643555507 41254.78748387523 0.0011879030100441488 -38611.95951821809 0.2334528321182268 425774.17761436536 -118.30440775314491 -0.030958920438327486 -0.016959004213214165 30.72331421539043 55.51557810959957 3.465823245724336 -11.480453333719389 -21.47906599426098 38515.134176459214 104.97088261171994 -121945608.96200205 79005659.25307776 30.489861383272203 -46.79804145214448 -47.79804145214448 0.23345285600154786 0.2726671446081024
0.000476831659517 3754.4148537330148 18263754688.75328 -561972150.9501903 634108.7512901118 2603988.2516055997 0.14011029540463732 -16.185906866237275 -36.1762527329786 3754.4148537330148 0.23351715900772888 111.90480076467466 -34.942735573970864 0.0 -17485.105037316283 -79191.62931596067 0.0012170949829229387 -37679.555072786345 0.23351715900772888 425481.18083178386 -118.31381060293643 -0.030963706995075623 -0.016960307054352964 29.979149520479385 54.1865400464653 3.3920538336262744 -11.478870169567175 -21.476464349973426 37582.71772653338 104.9708806466609 -118886310.74242322 77013078.11740589 29.745632361471657 -45.65547124458753 -46.65547124458753 0.2335171853958884 0.27273147357871486
0.000488609401507 3752.8235064814753 18248265664.30461 -548074931.8280799 633847.0253823319 2602148.966297491 0.14014982599999676 -15.796797346922755 -35.31162347612464 3752.8235064814753 0.23358304333332794 111.90676336188612 -34.07804043279131 0.0 -17070.020116015425 23371.226299038575 0.001247000564465041 -36769.62588475243 0.23358304333332794 425181.1811408247 -118.29838408935757 -0.03096863826612821 -0.016961668829403517 29.252911512988053 52.88957419974252 3.3200497636036688 -11.477248128079015 -21.47381655330712 36672.80131721638 104.97087879845385 -115900949.34148075 75068662.66282596 29.019328469654724 -44.54047437045553 -45.54047437045553 0.23358307236557696 0.27279736000425525
0.000500678053724 3751.193553199044 18232402802.215046 -534512497.53641516 633578.78673014 2600265.5989417895 0.1401903069541746 -15.417054831454765 -34.46781119131307 3751.193553199044 0.233650511590291 111.90877533875761 -33.23416067972278 0.0 -16664.25346000603 -30355.100435769145 0.001277637011361674 -35881.630197004284 0.233650511590291 424874.01772710757 -118.31019302878121 -0.030973717571129166 -0.016963091003773575 28.544200835997547 51.62383328310617 3.2498015332064902 -11.475586260487377 -21.47112126250338 35784.79112523801 104.97087706780279 -112987579.17176303 73171145.70172654 28.310550324407252 -43.45232241573505 -44.45232241573505 0.23365054365875293 0.2728648306984087
0.000513044801651 3749.5240752457635 18216158019.260765 -521277423.1892238 633303.8958762246 2598337.1273797806 0.14023176586956682 -15.046471963635007 -33.64435512788456 3749.5240752457635 0.23371960978261136 111.9108379304217 -32.41063551810195 0.0 -16243.593477376537 -17421.793192804656 0.001309021988247677 -35015.03931124063 0.23371960978261136 424559.5264110147 -118.30593575534294 -0.030978948768626835 -0.01696457507968392 27.85256805473817 50.38862615523263 3.181239560556968 -11.473883595203695 -21.46837741829833 34918.20175290359 104.97087545541203 -110144605.28043967 71319488.4150423 27.61884844495556 -42.390421212012576 -43.390421212012576 0.23371964503457687 0.2729339315266762
0.000525717008252 3747.81413296518 18199522967.75911 -508361484.7605931 633022.206979431 2596362.507405784 0.14027423032304318 -14.684818182473323 -32.84074296893782 3747.81413296518 0.23379038387173864 111.9129524057025 -31.60695258506608 0.0 -15860.018004486774 -6804.390002525316 0.0013411735768627242 -34169.33727327782 0.23379038387173864 424237.5396635565 -118.30853197590477 -0.030984335786161058 -0.016966122597250125 27.177615934939908 49.183184325449474 3.114337724647058 -11.47213913719489 -21.46558391527101 34072.49432521719 104.97087396216496 -107370260.97185834 69512540.11805387 26.943825551068166 -41.354110092715764 -42.354110092715764 0.23379042276309814 0.2730047086098626
0.000538702218356 3746.062765327969 18182488572.410004 -495757069.1563929 632733.5523710198 2594340.672470244 0.14031772431916226 -14.331880381509889 -32.056501180124435 3746.062765327969 0.23386287386527044 111.9151200702438 -30.822638306259165 0.0 -15467.498851417988 -25562.51949169052 0.0013741102854167855 -33344.02056583927 0.23386287386527044 423907.8864765077 -118.3128608697225 -0.03098988247919476 -0.016967735135338145 26.518939369724382 48.00679747889824 3.0490529092856886 -11.470351867514225 -21.462739502071674 33247.17044447162 104.97087258930424 -104662910.85369936 67749235.66877294 26.285076495859112 -40.34277840390285 -41.34277840390285 0.23386291665448644 0.2730772018300365
0.000552008163149 3744.2689894355344 18165046199.87732 -483456782.32519233 632437.7815637621 2592270.53322661 0.1403622773458853 -13.987451621902045 -31.291169941035484 3744.2689894355344 0.23393712890980883 111.91734226094152 -30.057232812125676 0.0 -15088.741382970144 -11905.549722825454 0.0014078510581243492 -32538.59780877085 0.23393712890980883 423570.39238268574 -118.31154597386558 -0.030995592997463448 -0.016969414312652198 25.87614150913524 46.85877586858329 2.9853415129185223 -11.468520742684058 -21.459843032570713 32441.746105829556 104.97087133788139 -102020966.65488273 66028540.608456686 25.642204380225433 -39.35583317683159 -40.35583317683159 0.2339371760232175 0.27315146043068783
0.000565642764779 3742.43180010373 18147186805.205288 -471453179.0569705 632134.7328403903 2590150.9771765512 0.14040791783761875 -13.651323316996987 -30.544285767900888 3742.43180010373 0.23401319639603124 111.91962035692026 -29.310272571504857 0.0 -14724.008617827165 -13682.577644835947 0.0014424152849411161 -31752.589466366633 0.23401319639603124 423224.87937708554 -118.31270799613048 -0.031001471523843933 -0.016971161788715522 25.248844803766445 45.738424253052656 2.923170816982756 -11.466644694154803 -21.456893282511203 31655.733651653012 104.9708702094143 -99442829.11905204 64349413.330250226 25.014831607370414 -38.392676718579466 -39.392676718579466 0.2340132483301708 0.27322753179480175
0.000579614141069 3740.5501693832844 18128901002.078922 -459739141.46123254 631824.2355781808 2587980.868248158 0.14045467375131693 -13.323296177584476 -29.815405837226713 3740.5501693832844 0.23409112291886155 111.92195577295863 -28.58131471430785 0.0 -14364.400301016725 -15533.90389457298 0.0014778228114686676 -30985.527562084208 0.23409112291886155 422871.16587836115 -118.3144152316454 -0.031007522299594456 -0.016972979264967082 24.636674545465578 44.64507838153378 2.862502567637294 -11.464722627693467 -21.453888964361546 30888.667035816925 104.97086920546421 -96926969.3532545 62710858.06668641 24.402583422546716 -37.452737979035284 -38.452737979035284 0.2340911800791723 0.2733054626573529
0.000593930610353 3738.623046136026 18110179347.0702 -448307705.8112017 631506.1197536762 2585759.0464448435 0.14050257480071845 -13.003175211576057 -29.104096877281194 3738.623046136026 0.23417095800119744 111.92434996172577 -27.869925919279996 0.0 -14014.951965894674 -12586.276123094927 0.0015140939490752492 -30236.955399750237 0.23417095800119744 422509.0666795746 -118.31595056120568 -0.031013749716180008 -0.01697486848578995 24.039265804005538 43.578088329921385 2.8033001852696326 -11.462753422823095 -21.450828788363744 30140.090277977397 104.97086832781444 -94471891.62331414 61111900.649247 23.80509484600434 -36.53545822577839 -37.53545822577839 0.2341710209956649 0.27338530247899073
0.000608600696429 3736.6493555267234 18091012123.60686 -437152051.4156507 631180.2087425367 2583484.327403518 0.14055165083026566 -12.690769403321738 -28.40993445305611 3736.6493555267234 0.2342527513837761 111.92680441332504 -27.17568170167233 0.0 -13673.73622029199 -15793.967354207301 0.0015512494851942203 -29506.427291642292 0.2342527513837761 422138.3928967305 -118.31828261684132 -0.031020158252075 -0.016976831239689967 23.456263509800237 42.5368174291229 2.745529045633843 -11.460735932169651 -21.44771141590601 29409.556720441356 104.97086757837559 -92076130.95415828 59551586.94985045 23.222010758416463 -35.640290121944595 -36.640290121944595 0.23425282076492027 0.27346710109732864
0.000623633133631 3734.6279985927617 18071389480.553402 -426265564.64221936 630846.3239832524 2581155.502049423 0.14060193292620485 -12.385893574711991 -27.732507103695102 3734.6279985927617 0.23433655487700808 111.92932066361749 -26.498170548818095 0.0 -13338.364969544375 -13275.333673466523 0.0015893106938209872 -28793.508293283132 0.23433655487700808 421758.9519588535 -118.31951244474476 -0.031026752519504073 -0.016978869360374522 22.887319346225997 41.520648470583644 2.6891535337258867 -11.458668980881752 -21.444535489222783 28696.633316327607 104.97086695927298 -89738266.89595346 58028991.844902925 22.652982791348993 -34.76670306174959 -35.76670306174959 0.2343366312974009 0.27355091032699996
0.000639036872032 3732.557851718294 18051301379.04023 -415641742.2250689 630504.2831796648 2578771.3361480604 0.14065345305232307 -12.088365583217557 -27.07141011537579 3732.557851718294 0.2344224217538718 111.93190028468472 -25.836987693621918 0.0 -13018.457900359263 -5122.525007338719 0.001628299346210185 -28097.77394434167 0.2344224217538718 421370.5475243921 -118.32107699693734 -0.031033537252140544 -0.016980984728000397 22.332095490140066 40.5289743658124 2.6341410102932064 -11.456551365945774 -21.4412996198223 28000.894166964554 104.97086647286916 -87456902.74062552 56543205.67845801 22.097673068386193 -33.914175140189386 -34.914175140189386 0.23442250590160763 0.27363678355011267
0.000654821082771 3730.437766198162 18030737325.052425 -405274153.1094616 630153.8913687356 2576330.569968089 0.14070624200125312 -11.79800520846442 -26.426243043996866 3730.437766198162 0.23451040333542186 111.93454489304435 -25.191732640661446 0.0 -12703.341160978562 -22774.858199371967 0.0016682377217746489 -27418.810015999894 0.23451040333542186 420972.9794897687 -118.33005953589964 -0.031040517224837434 -0.016983179270305265 21.790265883968587 39.56119443155015 2.5804632807110184 -11.454381855585416 -21.438002330287038 27321.91795879428 104.97086612174117 -85230657.31111865 55093328.91960761 21.555755480633163 -33.08218995832291 -34.08218995832291 0.23451049599377882 0.27372477209863044
0.000670995163515 3728.266567713223 18009686676.101036 -395156878.15187216 629794.9511741041 2573831.917850008 0.14076033182211975 -11.51464695726783 -25.79663817440573 3728.266567713223 0.23460055303686625 111.9372561466455 -24.562037621368862 0.0 -12377.00660046049 -20482.314462702103 0.0017091486191831817 -26756.21226425408 0.23460055303686625 420566.04386034363 -118.32946645125776 -0.03104769735373112 -0.01698545496389997 21.261497104208782 38.61675707726295 2.528077449377749 -11.452159188562995 -21.434642120334473 26659.317439923158 104.97086590849125 -83058259.47760476 53678533.72201748 21.026896551171916 -32.2702733234366 -33.2702733234366 0.23460065508301686 0.27381492948274144
0.000687568744054 3726.043055839616 17988139811.123077 -385283941.1165468 629427.302089749 2571274.067822159 0.14081576502396767 -11.238123522248975 -25.1822237754036 3726.043055839616 0.23469294170661278 111.9400357544558 -23.947530833696987 0.0 -12083.112200531215 2498.383041144242 0.0017510553676624986 -26109.586189252088 0.23469294170661278 420149.53280630236 -118.31607703431291 -0.031055083068873324 -0.01698781383553316 20.745472281274083 37.695104682536524 2.476950255826884 -11.449882073507402 -21.431217720864264 26012.701329938638 104.97086583626587 -80938425.90875556 52297984.26841219 20.510779339567467 -31.477945864133233 -32.47794586413323 0.23469305406309937 0.27390732662942785
0.000704551692032 3723.7660034723986 17966085439.524574 -375648913.7743498 629050.7302270762 2568655.681126821 0.14087257360453295 -10.968254227330686 -24.582598392000836 3723.7660034723986 0.2347876226742216 111.94288546092405 -23.347810769326614 0.0 -11801.617430294988 -8958.079058245317 0.0017939818384859808 -25478.546800508473 0.2347876226742216 419723.2346844212 -118.32677778573998 -0.03106267947328767 -0.01699025796351531 20.241907706917335 36.79563504710984 2.4270750211331285 -11.447549188145924 -21.427727509866255 25381.6477502326 104.97086590801258 -78869776.09209232 50950781.47390665 20.007120084243113 -30.704689877895053 -31.704689877895053 0.2347877464192185 0.27400201688052617
0.000721954118825 3721.4341564963083 17943511044.585564 -366246426.91815436 628664.9830984815 2565975.3920394364 0.1409307824662425 -10.704889105358738 -23.997428800747187 3721.4341564963083 0.2348846374437375 111.94580706621471 -22.76254416330345 0.0 -11509.831798577527 -15903.143900676321 0.00183795245672252 -24862.718387569457 0.2348846374437375 419286.93380324024 -118.33694207446024 -0.031070491482446987 -0.016992789478785325 19.750487859791956 35.917848321972855 2.378406184393231 -11.445159178780404 -21.42416960664394 24765.805615101643 104.9708661272665 -76851157.11070248 49636174.53004723 19.51560322234822 -29.950075651201473 -30.950075651201473 0.2348847736853057 0.27409904190042633
0.00073978638556 3719.046233157817 17920406226.81497 -357070918.0656476 628269.8818476469 2563231.80735351 0.1409904357062189 -10.44787240002837 -23.426368941850036 3719.046233157817 0.23498405951036483 111.94880241528426 -22.191384882339673 0.0 -11224.088591177862 -19282.981101647212 0.0018829922131378002 -24261.734296369894 0.23498405951036483 418840.41055072774 -118.34415962968342 -0.031078524884807706 -0.016995410566470467 19.270918624328637 35.06122539293826 2.330913220369918 -11.44271065944828 -21.420542599440346 24164.81067933965 104.97086649766737 -74881374.62059484 48353385.59702109 19.03593456481827 -29.213656917712992 -30.213656917712992 0.23498420953833543 0.27419847524597674
0.000758059109284 3716.6009235211354 17896759080.457863 -348117070.62649953 627865.1996344667 2560423.5059719495 0.1410515682607741 -10.19705538403751 -22.869088361951167 3716.6009235211354 0.2350859471012902 111.95187340146927 -21.634002414849878 0.0 -10941.456093540948 -9639.254315585911 0.001929126676320814 -23675.236710929326 0.2350859471012902 418383.4413033617 -118.33857252029338 -0.031086785203902765 -0.016998123467346072 18.802908172973474 34.22527056055965 2.284561488317929 -11.44020221115984 -21.41684475689341 23578.314983165925 104.97086702318317 -72959287.09904225 47101671.272737674 18.567822225872185 -28.495007536398376 -29.495007536398376 0.23508611230895338 0.2743003752706634
0.000776783169283 3714.0968889722017 17872559418.57449 -339379358.24573374 627450.7700515972 2557549.038563687 0.1411142313226721 -9.952283019654093 -22.32524260859824 3714.0968889722017 0.23519038553778682 111.95502197630847 -21.090052223060454 0.0 -10686.95829325871 -2461.9683120295545 0.001976382005023431 -23102.876440382086 0.23519038553778682 417915.7984981149 -118.33327322033438 -0.03109527872351386 -0.017000930479252302 18.34618623306958 33.409467117718094 2.23933184746181 -11.437632381174502 -21.41307473115104 23005.9562418929 104.97086770800506 -71083708.03756212 45880258.814135954 18.110995847531797 -27.79368331388185 -28.79368331388185 0.23519056743000866 0.27440482736779903
0.000795969713564 3711.532761599365 17847793423.13352 -330852315.6083938 627026.3070765296 2554606.9270893387 0.141178450215979 -9.713401857444254 -21.794490720566458 3711.532761599365 0.23529741702663168 111.95825012604729 -20.559193303539825 0.0 -10426.459381075734 -16136.99737322482 0.002024784960707942 -22544.312710928636 0.23529741702663168 417437.2505655298 -118.34597428981579 -0.031104010796210658 -0.017003833958736083 17.900492195943894 32.613303608507465 2.1952087985320525 -11.434999682140024 -21.40923038870846 22447.37596702753 104.9708685562583 -69253463.93671618 44688384.028559424 17.66519477891726 -27.109244558270266 -28.109244558270266 0.2352976172825536 0.27451187390366394
0.000815630165489 3708.907143946374 17822449333.262238 -322531347.686168 626591.5964863488 2551595.664765073 0.14124426924281458 -9.480283812400103 -21.276548130137733 3708.907143946374 0.23540711540469098 111.96155991879776 -20.041141014733043 0.0 -10166.32575079372 -10302.800473929734 0.0020743629203539386 -21999.212963054273 0.23540711540469098 416947.5617321076 -118.34422204212024 -0.03111298764954577 -0.017006836322146914 17.46553996531007 31.83635315673837 2.152145123720827 -11.432302591602815 -21.40531005208966 21902.274051064243 104.97086957293479 -67467568.4581519 43525404.59125741 17.23013284990538 -26.441324301420494 -27.441324301420494 0.23540733588941687 0.27462158883319976
0.000835776230577 3706.2186080727524 17796514976.122536 -314411197.72765434 626146.4126738316 2548513.715243262 0.14131173233071725 -9.252781214608149 -20.77108674702658 3706.2186080727524 0.23551955388452878 111.9649534471741 -19.53556719314205 0.0 -9922.907111938763 -7534.459525879738 0.002125143889364775 -21467.25265350563 0.23551955388452878 416446.49233904405 -118.34837348680594 -0.031122215611714785 -0.017009940047850516 17.041083598468774 31.078123602578362 2.110128334392758 -11.42953955079557 -21.401311960853118 21370.30559197968 104.9708707628246 -65724893.05728755 42390585.55461265 16.805564044584244 -25.789499449883852 -26.789499449883852 0.23551979662600064 0.27473404553968794
0.000856419903472 3703.4656953904637 17769977168.749218 -306487122.8461826 625690.498567929 2545359.512695667 0.1413808782670553 -9.030761312424495 -20.277811625042666 3703.4656953904637 0.23563479711175886 111.96843288903582 -19.04217682793091 0.0 -9680.306199743512 -10968.32242896104 0.002177156514823306 -20948.115062094697 0.23563479711175886 415933.7985948598 -118.3522382342635 -0.031131700921902795 -0.0170131476772683 16.62686642294936 30.338172505193413 2.0691294155131743 -11.426708964209917 -21.397234138848493 20851.160057999285 104.97087213137695 -64024419.62631099 41283263.927945316 16.391231625837598 -25.153389651627574 -26.153389651627574 0.23563506433830472 0.2748493088119094
0.000877573475088 3700.646915793457 17742823298.428394 -298754373.11080515 625223.6187327158 2542131.4610982467 0.14145175331396992 -8.81409098081432 -19.79642699931178 3700.646915793457 0.23575292218994987 111.97200045381047 -18.56067407712183 0.0 -9443.852606647672 -9553.227914748848 0.0022304300988429645 -20441.49110303825 0.23575292218994987 415409.23264363315 -118.35796077199848 -0.031141450241869675 -0.017016461817062133 16.222643200284473 29.61605619157102 2.0291253490375256 -11.4238091984299 -21.39307474078212 20344.526217007035 104.97087368399481 -62365128.598950624 40202775.75712514 15.986890278094522 -24.532613499070486 -25.532613499070486 0.2357532163746694 0.274967455952532
0.000899249539923 3697.760747395825 17715039791.38854 -291208421.48406917 624745.5078272497 2538827.9342265306 0.14152439905456468 -8.602643494215005 -19.326651319077147 3697.760747395825 0.23587399842427448 111.97565843993057 -18.090777320652872 0.0 -9211.87180533324 -11392.164285828836 0.0022849946122293495 -19947.07914103226 0.23587399842427448 414872.54255873914 -118.36033155695259 -0.031151470169536302 -0.017019885140409557 15.828169925835267 28.9113523124743 1.990088945683647 -11.42083858157772 -21.388831714759576 19850.107641190065 104.9708754267952 -60746048.31038915 39148488.309653305 15.592295927410992 -23.92680791457252 -24.92680791457252 0.23587432226236682 0.2750885564698423
0.000921461003559 3694.805635707844 17686614047.619907 -283844746.85855883 624255.9357560393 2535447.275020629 0.14159886789443174 -8.396292135169208 -18.86820306762703 3694.805635707844 0.23599811315738625 111.97940917899416 -17.632204954469643 0.0 -8984.471320787563 -9280.776593566112 0.0023408807082587876 -19464.58481162483 0.23599811315738625 414323.47236484854 -118.36123393553135 -0.031161767866723162 -0.017023420389203233 15.443212951999408 28.223638563721416 1.9519981895455987 -11.41779540216745 -21.38450322815803 19367.60808091746 104.97087736587937 -59166208.44236346 38119769.708045445 15.207214838842022 -23.33560986468633 -24.33560986468633 0.23599846963595528 0.27521269792757863
0.000944221090347 3691.77999328052 17657531944.474434 -276658966.35880154 623754.6234177689 2531987.795500874 0.14167520315960827 -8.19491409626068 -18.42080940377871 3691.77999328052 0.23612533859934712 111.98325508895088 -17.18468406517936 0.0 -8769.805021765047 -3175.7097969646775 0.002398119736761876 -18993.72084593243 0.23612533859934712 413761.76204187685 -118.3605551770961 -0.03117235026150916 -0.017027070375562843 15.067543009709299 27.552505659468277 1.9148303279213685 -11.41467790842616 -21.38008711623623 18896.74037787157 104.97087950784095 -57624668.36048006 37116007.44202206 14.831417671109952 -22.758667503403522 -23.758667503403522 0.2361257309792807 0.2753399527680327
0.000967543351278 3688.682199028089 17627779878.671818 -269646572.3156593 623241.3115693445 2528447.7763294955 0.1417534554616887 -7.998382688778546 -17.984188872043717 3688.682199028089 0.2362557591028145 111.98719864270183 -16.747933112940903 0.0 -8560.492005168197 -12443.336053522717 0.002456743758344105 -18534.2068996607 0.2362557591028145 413187.14768128475 -118.37380913066954 -0.0311832247104832 -0.0170308379839008 14.700946396621127 26.897531388364637 1.87857329587483 -11.411484307268337 -21.375581331884515 18437.208671861918 104.97088185953861 -56120460.66328731 36136571.55349417 14.464690637518311 -22.195617876180314 -23.195617876180314 0.2362561909929478 0.2754704056164725
0.000991441672055 3685.5105977999056 17597342195.115974 -262803712.77242336 622715.6736815233 2524825.4666727935 0.14183366207214052 -7.806590482432788 -17.55810279366122 3685.5105977999056 0.23638943678690086 111.99124237963973 -16.32171335687432 0.0 -8338.64407765663 -13397.446058993079 0.0025167855588863093 -18085.7693861138 0.23638943678690086 412599.36106687103 -118.37910999465385 -0.03119439817241333 -0.017034726172647122 14.343190795275776 26.258357711562862 1.8431913116239471 -11.408212763511285 -21.370983374944633 17988.76125949409 104.97088442843402 -54652758.83365493 35180923.8970471 14.106801358488875 -21.646153191601062 -22.646153191601062 0.23638991214588645 0.27560411889041625
0.00101593028135 3682.263499742952 17566207155.629246 -256126426.58592117 622177.5182795158 2521119.08383978 0.14191589502386326 -7.619426673287944 -17.142305044378933 3682.263499742952 0.23652649170643877 111.99538891971893 -15.905778552672494 0.0 -8138.929729046368 -1852.7229901710432 0.0025782786641733693 -17648.1413134979 0.23652649170643877 411998.13009054126 -118.36871919031182 -0.0312058791471841 -0.01703873797635746 13.994058246908047 25.634615402666256 1.8086582996813707 -11.404861398858129 -21.366291615854546 17551.138885923443 104.97088722217688 -53220713.0761228 34248511.078612 13.757531755201608 -21.109956057714342 -22.109956057714342 0.23652701488208394 0.2757412129588336
0.0010410237593 3678.9391795188735 17534358929.92462 -249610174.64010292 621626.5172840495 2517326.812771773 0.14200019671369862 -7.436763078606668 -16.736510836479557 3678.9391795188735 0.23666699452283105 111.99964093242986 -15.499843841956725 0.0 -7947.54220561694 -8016.419452383552 0.002641257354781044 -17221.062125520173 0.23666699452283105 411383.17919130734 -118.38086645147268 -0.03121767508997859 -0.0170428765081062 13.653365450715793 25.025877256545055 1.774978512935186 -11.401428290712808 -21.361503517822314 17124.042762586523 104.97089024865302 -51823349.246502236 33338698.79312423 13.416698456192961 -20.586659222622227 -21.586659222622227 0.23666757029863827 0.27588175884186794
0.00106673704616 3675.535876262772 17501781864.244606 -243251477.31702766 621062.350634574 2513446.8063955386 0.14208661417429616 -7.258502846511428 -16.340505013246574 3675.535876262772 0.23681102362382694 112.0040011935785 -15.103693989622746 0.0 -7747.89492241792 -10775.25093172048 0.0027057566812081113 -16804.27754676692 0.23681102362382694 410754.22828385525 -118.38838814334667 -0.03122979379245305 -0.017047144960771102 13.320892108498915 24.43182051199526 1.7421142658446451 -11.397911471742717 -21.35661658085065 16707.245775204425 104.97089351669413 -50459920.957660854 32451001.087556686 13.08408108487509 -20.075985228437744 -21.075985228437744 0.23681165726500342 0.2760258353210504
0.0010930854512 3672.051792535323 17468461707.56047 -237046541.2603277 620484.747834298 2509477.1848455463 0.14217520918244672 -7.084539641120033 -15.954051364240735 3672.051792535323 0.23695868197074454 112.00847252068836 -14.71709268226999 0.0 -7556.887745039547 -7894.259963913119 0.0027718124790518596 -16397.539431240286 0.23695868197074454 410110.9936993515 -118.39174693371933 -0.031242243794910113 -0.0170515466099656 12.996440575330835 23.852090819037524 1.7100462962022676 -11.39430892838298 -21.3516286161278 16300.499312922695 104.97089703491335 -49129614.48197085 31584888.113338374 12.75948189336009 -19.577629467468014 -20.577629467468014 0.2369593792627911 0.27617354578225384
0.00112008466184 3668.4850940641772 17434383186.94635 -230991663.87515393 619893.405680286 2505416.0356053216 0.14226603865321852 -6.914769660780464 -15.576919303442835 3668.4850940641772 0.23711006442203086 112.01305783718385 -14.339809239020806 0.0 -7371.435479103478 -7124.98863838522 0.002839461384613926 -16000.605614296084 0.23711006442203086 409453.1880232835 -118.39146352187709 -0.031255033601112675 -0.017056084815790372 12.679818015729094 23.286342267023578 1.6787558501288808 -11.390618600135815 -21.3465372044796 15903.560687978688 104.9709008128252 -47831635.5936249 30739842.74635325 12.442707951307062 -19.091294584960426 -20.091294584960426 0.23711083172321168 0.276324985550889
0.00114775075299 3664.8339089006804 17399531262.93922 -225083133.4489998 619288.0307132959 2501261.413001742 0.14235916490100367 -6.749088648201692 -15.208877240301543 3664.8339089006804 0.23726527483500612 112.01776012438219 -13.971611965466536 0.0 -7193.907781034998 -5548.27006659207 0.002908740850507145 -15613.239768505342 0.23726527483500612 408780.520235668 -118.394767611524 -0.0312681720962927 -0.017060763025577883 12.370840587117225 22.734227435507314 1.6482290115437275 -11.386838378244631 -21.341339975650687 15516.186340869468 104.9709048602132 -46565188.1518733 29915346.6093091 12.13357531228222 -18.616681930894547 -19.616681930894547 0.2372661191294959 0.2764802590047707
0.00117610019659 3661.096327177691 17363889059.061455 -219317397.02571645 618668.268606812 2497011.3384040156 0.1424546387137001 -6.587396910837463 -14.84970371106651 3661.096327177691 0.23742439785616684 112.0225824673911 -13.612279313210344 0.0 -7019.73800138435 -7228.423939408993 0.00297968916152694 -15235.211263385096 0.23742439785616684 408092.69568957225 -118.40404287657657 -0.031281667870020964 -0.017065584775758272 12.069325871317178 22.195414100647714 1.6184491604780231 -11.382966104968133 -21.336034141716247 15138.143254650235 104.9709091872949 -45329510.099384174 29110903.565474607 11.831901473461013 -18.153505914136893 -19.153505914136893 0.23742532682827555 0.2766394513559989
0.00120514987145 3657.2704004004945 17327440729.05103 -213691113.95536944 618033.8016503768 2492663.7999117034 0.1425525228167125 -6.429600954296531 -14.499191043350384 3657.2704004004945 0.23758753802785415 112.02752802066168 -13.26160350532253 0.0 -6844.764509133676 -9775.536899464116 0.003052345450753537 -14866.295027613487 0.23758753802785415 407389.4160564849 -118.41297229585871 -0.03129553016518985 -0.017070553694536344 11.77509028886252 21.669590719016295 1.5893944601974996 -11.378999572348663 -21.330617138733203 14769.212672456362 104.9709138049413 -44123885.08538522 28326047.22758197 11.537502750834665 -17.70149872876888 -18.70149872876888 0.23758856012084384 0.2768026677696881
0.00123491707327 3653.354140952796 17290170081.614094 -208201067.16471127 617384.3018701976 2488216.7523092763 0.14265288070139548 -6.275610845743735 -14.157139480469628 3653.354140952796 0.23775480116899247 112.03260003541222 -12.919384679300634 0.0 -6673.16035926567 -6238.53919302504 0.0031267497157323916 -14506.271415415018 0.23775480116899247 406670.379489985 -118.41243706899877 -0.031309768433367226 -0.01707567350430896 11.487952772742489 21.15645762031477 1.5610416656893842 -11.37493652117926 -21.325086317212083 14409.184064663232 104.9709187244345 -42947623.340660274 27560328.53008703 11.250197971573497 -17.260402776728046 -18.260402776728046 0.23775592565733794 0.27697001474241534
0.00126541952498 3649.34552141916 17252061918.405037 -202843831.5138949 616719.4766793731 2483668.116834689 0.14275578773541506 -6.125330216394086 -13.82333498122451 3649.34552141916 0.23792631289235844 112.03780185154615 -12.585408668332152 0.0 -6515.451336266315 -3823.236672834041 0.003202942834961022 -14154.926075264435 0.23792631289235844 405935.2812507754 -118.41306897656796 -0.03132439278709327 -0.01708094802445411 11.207749247511048 20.655693700872643 1.533380843778891 -11.370774639755401 -21.31943924340394 14057.832445531272 104.97092395762746 -41799990.45148145 26813269.304746628 10.969822934618689 -16.82994203941928 -17.82994203941928 0.23792754996995258 0.2771416186493263
0.00129667538725 3645.242474127993 17213097830.444725 -197616026.7243212 616038.9247985588 2479015.7812219337 0.14286129645542603 -5.978663837718112 -13.497566004492732 3645.242474127993 0.2381021607590434 112.04313689847551 -12.25946384373369 0.0 -6356.378259036237 -8768.049614478321 0.0032809665843911507 -13812.049822789013 0.2381021607590434 405183.8135983027 -118.42791855298492 -0.03133941260881952 -0.017086381173859133 10.934321327775917 20.166981619819417 1.5064040512932029 -11.366511562829311 -21.31367274627726 13714.935576982305 104.9709295167113 -40680261.553371176 26084397.67320029 10.696219167016874 -16.409843721656113 -17.409843721656113 0.23810352162938686 0.27731756787038997
0.00132870326931 3641.0428908684953 17173260911.601343 -192514922.033677 615342.2973486481 2474257.599964428 0.14296947544455402 -5.835535941259049 -13.17966427753056 3641.0428908684953 0.23828245907425671 112.04860871285656 -11.941381818456303 0.0 -6194.288278252941 -7769.209351744684 0.0033608636542750763 -13477.43851610537 0.23828245907425671 404415.66473304125 -118.43078226956095 -0.03135483811929167 -0.01709197697325855 10.667489279949221 19.690068929937752 1.4800781133112642 -11.36214487071836 -21.30778398035312 13380.315517816161 104.9709354147514 -39587851.475284226 25373332.717824854 10.429206820874965 -15.99989082618292 -16.99989082618292 0.23828395603786245 0.2774979776119313
0.00136152224006 3636.744621934264 17132535393.025803 -187537362.13065374 614629.2854185632 2469391.393840155 0.14308040657377197 -5.695857770819414 -12.869432685633916 3636.744621934264 0.23846734428961996 112.05422091519469 -11.630965341344297 0.0 -6044.472050822123 -3998.9647539789657 0.003442677666024472 -13150.892933963733 0.23846734428961996 403630.52081106574 -118.4296821406042 -0.03137068027334213 -0.017097739548740745 10.407099439723442 19.224659913687667 1.4543926074382956 -11.357672087685293 -21.301770345161902 13053.76502216829 104.97094166526006 -38522083.87910571 24679634.11143175 10.168632095433823 -15.599829162439878 -16.599829162439878 0.2384689908645251 0.27768298531971414
0.00139515183939 3632.3454758545204 17090903156.092054 -182680183.59249246 613899.5002324417 2464414.950242647 0.14319415597664242 -5.559540112385672 -12.566673073415037 3632.3454758545204 0.23865692662773738 112.05997724248923 -11.3280161467873 0.0 -5899.840703214634 -5518.992879589928 0.0035264531892555905 -12832.21865749802 0.23865692662773738 402828.0655945828 -118.43831294150914 -0.0313869495974272 -0.017103673134259957 10.153005658491125 18.77045730124664 1.4293412103031797 -11.353090681003042 -21.29562868942206 12735.075973245934 104.97094828220689 -37482280.62397644 24002860.40390988 9.914348731863388 -15.209403197414431 -16.20940319741443 0.23865873766598622 0.2778727023119877
0.00142961208983 3627.8432189319433 17048345756.540134 -177940585.5726835 613152.542165064 2459326.023319092 0.14331079080586054 -5.426504575404035 -12.27121133912876 3627.8432189319433 0.23885131800976758 112.06588152890909 -11.032360021118992 0.0 -5752.929566467272 -7781.3045286746 0.0036122357590447005 -12521.225954303165 0.23885131800976758 402007.9797125049 -118.45039457298844 -0.031403656869365394 -0.017109782074558 9.905052596220795 18.327199902689884 1.4049049053582492 -11.34839805978805 -21.289355766907967 12424.064915497085 104.97095528037173 -36467841.51761711 23342620.926703516 9.666201278211027 -14.828388416920957 -15.828388416920957 0.23885330982545483 0.278067241704266
0.00146492350845 3623.23557479108 17004845626.659058 -173315929.86738786 612388.0420283529 2454122.334148012 0.1434303893769156 -5.296677577634611 -11.982884082709381 3623.23557479108 0.239050648961526 112.07193772589739 -10.743833433747856 0.0 -5607.900173898245 -5972.7983207972 0.003700071893221844 -12217.729665660909 0.239050648961526 401169.94112101645 -118.45321444469846 -0.03142081353226105 -0.017116070828179085 9.663084385357259 17.89464257441023 1.3810608159137319 -11.343591573812496 -21.282948509890385 12120.5593997261 104.97096267522623 -35478201.39275653 22698547.806940105 9.424033736395732 -14.456574107612022 -15.456574107612022 0.23905283945913514 0.2782667353248447
0.0015011071191 3618.5202236526866 16960385928.899277 -168803348.4846678 611605.6559897956 2448801.5706364135 0.14355304013524342 -5.169978363359119 -11.701511978035441 3618.5202236526866 0.23925506689207238 112.0781498852738 -10.462256911143369 0.0 -5472.902211707397 -4052.5291322008634 0.0037900091098033595 -11921.5490960729 0.23925506689207238 400313.6264430271 -118.45458041070015 -0.0314384316599198 -0.01712254397103874 9.4269620473368 17.472516278089138 1.3577998774630986 -11.338668511996655 -21.27640399629491 11824.370919658495 104.97097048258188 -34512745.75707858 22070241.026590493 9.187706980444728 -14.09372901868449 -15.09372901868449 0.23925747574028366 0.2784713320294483
0.00153818446495 3613.6948020064847 16914947357.154545 -164399982.49921608 610804.9549543291 2443361.3878972135 0.14367881463985194 -5.046326240774621 -11.426915816002643 3613.6948020064847 0.2394646910664199 112.0845221827803 -10.187451124936223 0.0 -5339.764013985612 -6205.765575915938 0.0038820959446540133 -11632.507905524984 0.2394646910664199 399438.7107850063 -118.46634626779269 -0.03145652287630042 -0.017129206199474008 9.196552717289268 17.060552160315158 1.3351160330899798 -11.333626101281153 -21.26971871100524 11535.311277968196 104.97097871927846 -33570862.000746675 21457301.84859697 8.957088026222848 -13.739622049785345 -14.739622049785345 0.2394673398726168 0.27868115266666227
0.00157617762123 3608.756902364488 16868510977.878574 -160103425.9320239 609985.5221522998 2437799.408747442 0.14380779144451913 -4.925654219873431 -11.158946846303209 3608.756902364488 0.2396796524075319 112.09105891738648 -9.919267193895678 0.0 -5205.071821184457 -6193.555956137508 0.003976381969001702 -11350.434005182951 0.2396796524075319 398544.8663149042 -118.4735555242878 -0.031475099322105814 -0.017136062333290587 8.971709498385048 16.658527051985637 1.3129859595213789 -11.328461505547397 -21.262889194044057 11253.223338852707 104.97098740256907 -32652034.911495637 20859394.971406955 8.732029845977515 -13.394061379427635 -14.394061379427635 0.23968256488124873 0.2788963298843238
0.00161510920847 3603.7040725821003 16821059140.541159 -155911114.89962098 609146.9845629779 2432113.223750887 0.1439400640170689 -4.807890316651345 -10.897445242954202 3603.7040725821003 0.23990010669511486 112.0977645020758 -9.657545136259087 0.0 -5077.46401959308 -4429.316632955079 0.004072917807343369 -11075.159454168182 0.23990010669511486 397631.764518658 -118.47651517732083 -0.031494173980879905 -0.01714311731963313 8.75229873798026 16.266201162199593 1.2913966930968743 -11.323171824048055 -21.255912251034044 10977.938851241895 104.97099655075 -31755715.42227728 20276163.013615377 8.512398631285146 -13.056840903690555 -14.056840903690555 0.23990330886469624 0.2791170213591935
0.00165500240592 3598.533815465747 16772572698.702475 -151820411.38929743 608288.9165025125 2426300.391617204 0.14407571712183734 -4.692960069386888 -10.642245661040251 3598.533815465747 0.24012619520306225 112.10464348043953 -9.402119465837188 0.0 -4953.747162072079 -5229.089931178156 0.004171755155145736 -10806.520359958673 0.24012619520306225 396699.0764933059 -118.48500105329549 -0.03151375973617247 -0.017150376236537538 8.538196189479956 15.88332642649269 1.270341826138686 -11.317754090096376 -21.24878430762263 10709.284143212999 104.97100618253603 -30881338.504382446 19707238.23065475 8.298069994276895 -12.727747401383834 -13.727747401383834 0.24012971565160435 0.2793433704563574
0.00169588096535 3593.2435885543446 16723032113.319105 -147828959.71222925 607410.8773593343 2420358.43983008 0.14421483611876768 -4.580797536415954 -10.393201689989183 3593.2435885543446 0.24035806019794614 112.111700533845 -9.152843629791237 0.0 -4830.153985961078 -5431.696471471517 0.0042729467967837905 -10544.356780804112 0.24035806019794614 395746.47165678284 -118.49341397864737 -0.03153386975238013 -0.017157844296344118 8.329270744998862 15.509683181584458 1.249805146109463 -11.312205269896191 -21.241501659532197 10447.104868484997 104.97101631756234 -30028399.82240151 19152292.42234123 8.088912684800917 -12.406592068449843 -13.406592068449843 0.24036193029062347 0.2795755217197736
0.00173776922519 3587.8308036586477 16672418557.003414 -143934420.60734078 606512.449647664 2414284.865037781 0.14435751650622453 -4.47133712424678 -10.15016770796503 3587.8308036586477 0.24059586084370754 112.11894047193809 -8.909571847121322 0.0 -4711.132427308278 -4502.372935882306 0.004376546623420948 -10288.512630499232 0.24059586084370754 394773.6191131802 -118.49908278993826 -0.03155451786638756 -0.01716552684965389 8.125396287764916 15.145052941666307 1.2297726764076187 -11.306522261075012 -21.234060727176416 10191.24760843647 104.97102697618098 -29196398.6296142 18610999.711727615 7.884800426921209 -12.093187118230684 -13.093187118230684 0.2406001149973136 0.279813636814239
0.00178069212506 3582.2928264827437 16620712612.105728 -140134384.69473228 605593.1934998939 2408077.133572495 0.14450385276688701 -4.364510881141388 -9.912992851079954 3582.2928264827437 0.24083975461147836 112.1263682452163 -8.672153096468476 0.0 -4595.369977996549 -5021.388431455261 0.004482609651034343 -10038.835585220919 0.24083975461147836 393780.1886597874 -118.50823800513899 -0.031575718146896005 -0.017173429389310685 7.926455526265699 14.789209358416109 1.2102366172923977 -11.300701891257422 -21.226457749174326 9941.553804964955 104.9710381797093 -28384819.1132687 18083024.422772955 7.685615771654221 -11.78733800406073 -12.78733800406073 0.24084443060514638 0.2800578759602177
0.00182467522055 3576.626976413392 16567894329.326963 -136426659.20296478 604652.6482401541 2401732.682195026 0.14465393879849828 -4.260257403363885 -9.681540805695297 3576.626976413392 0.24108989799749714 112.13398895406877 -8.4404509076978 0.0 -4480.51634331101 -4808.015700541468 0.0045911920382313036 -9795.176993254581 0.24108989799749714 392765.84947749384 -118.51594316037699 -0.031597484919529184 -0.017181557554279244 7.7323268030284344 14.441947909210445 1.1911820871174041 -11.29474091676752 -21.218688790765786 9697.87973888497 104.9710499499597 -27593192.021353073 17568061.221852854 7.491236905030938 -11.488868942789548 -12.488868942789548 0.2410950372723113 0.2803083986555365
0.00186974469849 3570.8305261876408 16513944611.381443 -132809031.59127405 603690.38029876 2395248.918741006 0.14480787998131953 -4.158514504029544 -9.455673534852794 3570.8305261876408 0.24134646663553255 112.14180784376312 -8.214327068217262 0.0 -4370.590631183216 -4208.022298460901 0.00470235110430442 -9557.391786160217 0.24134646663553255 391730.2718742798 -118.52244748129488 -0.03161983326063401 -0.017189917133892136 7.542894723495506 14.10306148006734 1.1725979225833183 -11.288636021154327 -21.210750065715587 9460.080088744637 104.97106230984502 -26821043.91349578 17065802.030193154 7.301548256859974 -11.197601929236438 -12.197601929236438 0.24135211465501827 0.28056538382556684
0.00191592739255 3564.9007015624784 16458843112.172474 -129279267.4056174 602705.9094448026 2388623.2228091587 0.14496577486966275 -4.059219119547165 -9.235251043245052 3564.9007015624784 0.24160962478277126 112.14983031072849 -7.99364141846228 0.0 -4262.31945111663 -4852.529186550072 0.004816145347120755 -9325.338392384423 0.24160962478277126 390673.1279646794 -118.53330506357088 -0.03164277826982988 -0.01719851407227856 7.35805016603119 13.77234002327332 1.1544767521766128 -11.282383813667545 -21.202637437404928 9228.007724758258 104.97107528306356 -26067896.61373673 16575935.714405145 7.116440541248418 -10.913356432614508 -11.913356432614508 0.24161583143150034 0.28082899934785843
0.00196325079914 3558.834681342139 16402569809.03632 -125835385.30152334 601698.7632749407 2381852.9468896366 0.14512772885244993 -3.9623159397554306 -9.020150575534217 3558.834681342139 0.24187954808741655 112.15806192348313 -7.7782710274468005 0.0 -4155.584868310394 -4319.7368098386805 0.004932634460884351 -9098.878653361258 0.24187954808741655 389594.0898105696 -118.53999617242698 -0.031666335627574156 -0.01720735447240006 7.177677507582 13.449599347272182 1.1368021535428856 -11.275980828056856 -21.194346784219505 9001.53300397305 104.97108889416893 -25333326.38276352 16098186.595464284 6.935797959494582 -10.635974154426815 -11.635974154426815 0.24188636805685837 0.2810994248054399
0.00201174309388 3552.629596877833 16345105266.603294 -122475253.51357318 600668.4861182787 2374935.4169443226 0.1452938566078813 -3.8677447597023793 -8.810238512831779 3552.629596877833 0.24215642767980217 112.16650839831902 -7.568082085151977 0.0 -4053.761123692788 -3963.9563969929604 0.005051879354012968 -8877.87774075902 0.24215642767980217 388492.83322012995 -118.54811093844546 -0.03169052170402771 -0.017216444601147414 7.001673057968066 13.134638960021068 1.1195673335844054 -11.269423520759267 -21.1858740599915 8780.515503880566 104.97110316855195 -24616877.19782477 15632257.955132555 6.759516630288263 -10.365282787141105 -11.365282787141105 0.2421639209619958 0.2813768556695443
0.0020614331483 3546.2825321508517 16286428400.152292 -119196844.37858108 599614.56001503 2367867.9336815355 0.14546426223350953 -3.7754484535352155 -8.60538806301679 3546.2825321508517 0.24244043705584922 112.1751756352744 -7.36294762596094 0.0 -3952.8556995331282 -4464.4525290550555 0.00517394216671229 -8662.20407658294 0.24244043705584922 387369.0362705125 -118.55946566285093 -0.03171535276883971 -0.017225790893694703 6.829933245746445 12.827268615506568 1.1027632540482484 -11.262708269643557 -21.177214755454635 8564.821825675544 104.97111813248624 -23918115.363625873 15177867.6588584 6.5874928086905955 -10.101118826520972 -11.101118826520972 0.24244866944126953 0.281661470183024
0.00211235054706 3539.7905236934216 16226519270.504438 -115998297.12992506 598536.5023553997 2360647.7736924575 0.14563906397664186 -3.6853749982091943 -8.405483794504345 3539.7905236934216 0.24273177329440312 112.18406970674813 -7.162752021209942 0.0 -3853.8704776573004 -4103.918164336706 0.005298886288601178 -8451.729254688287 0.24273177329440312 386222.37876087317 -118.56752407078966 -0.031740845995459274 -0.01723539995833479 6.662351544258834 12.527315100658386 1.0863755826227708 -11.25583137252385 -21.168364559168406 8354.330095176665 104.97113381332578 -23236643.121010993 14734756.957949746 6.419619770964431 -9.843333418888198 -10.843333418888198 0.24274081688803495 0.2819534705951021
0.00216452560557 3533.1505603207756 16165357745.506905 -112877651.21488988 597433.8184098661 2353272.190422682 0.14581838242283318 -3.5974690371861127 -8.210402871410373 3533.1505603207756 0.24303063737138864 112.19319685941775 -6.967372234038985 0.0 -3758.49667372822 -3801.312595306852 0.005426776375999879 -8246.32796431571 0.24303063737138864 385052.545768944 -118.57611963911222 -0.03176701899695297 -0.01724527858185875 6.498830733694764 12.23459409465843 1.0703971345663827 -11.248789045410035 -21.159319034265682 8148.911163710863 104.97115023914547 -22572041.273280572 14302653.147659963 6.255800096323377 -9.591768162282284 -10.591768162282284 0.2430405712297794 0.2822530635725725
0.00221798938803 3526.359583306571 16102923188.235437 -109833028.76053466 596305.989729459 2345738.415683014 0.1460023375929061 -3.5116776457112224 -8.020027860977393 3526.359583306571 0.24333722932151017 112.20256354076307 -6.7766906316558835 0.0 -3665.231573540122 -3888.0214216717854 0.0055576783691829315 -8045.877915530715 0.24333722932151017 383859.2263433985 -118.58653981577481 -0.03179388971925239 -0.017255433734443992 6.339274338063734 11.948929381692254 1.0548192776650884 -11.24157742116205 -21.150073536504976 7948.441449251444 104.97116743900352 -21923908.38813028 13881295.110001735 6.095937108742223 -9.346271622424979 -10.346271622424979 0.24334814010224926 0.28256045537436925
0.00227277372592 3519.4144863626752 16039194888.35996 -106862631.8638195 595152.4886573148 2338043.6609891024 0.14619105273951252 -3.4279502660766683 -7.834246595340022 3519.4144863626752 0.24365175456585422 112.21217638171044 -6.590594840774168 0.0 -3573.6407764005303 -3906.730744944724 0.005691659509305701 -7850.259766436436 0.24365175456585422 382642.11392264056 -118.59761191812231 -0.031821476604917624 -0.017265872575116862 6.1835866175998655 11.670152641488082 1.0396319771907547 -11.234192547869274 -21.140623311331208 7752.802777829645 104.9711854428783 -21291860.23085156 13470432.935223494 5.939934863034011 -9.106699154559031 -10.106699154559031 0.24366373723121237 0.2828758582205524
0.00232891123695 3512.31211581358 15974152476.221884 -103964718.67332369 593972.7924965944 2330185.119164801 0.14638465807769116 -3.3462379603960613 -7.652950516550789 3512.31211581358 0.24397443012948528 112.22204222337754 -6.408976086421304 0.0 -3484.168512163747 -3710.6565082164393 0.005828788355158937 -7659.357052126235 0.24397443012948528 381400.9071525526 -118.60730036067434 -0.03184979875418468 -0.01727660245715556 6.031673564289007 11.398100964783023 1.0248248530177715 -11.226630387365882 -21.13096358856496 7561.880715354127 104.97120428175681 -20675524.63840883 13069824.573872937 5.787699134159522 -8.872910769346717 -9.872910769346717 0.24398758871911153 0.28319949656828947
0.0023864353445 3505.049270558204 15907775678.293673 -101137537.51935588 592766.3742447991 2322159.9657590045 0.14658328859083955 -3.2664912950871625 -7.4760299721801236 3505.049270558204 0.2443054809847326 112.23216810605425 -6.231724491195391 0.0 -3397.456410414372 -3525.33957465237 0.0059691347995450665 -7473.056115279143 0.2443054809847326 380135.3117229039 -118.6173219881648 -0.031878875848984876 -0.017287630934123957 5.883445905741616 11.13260979794194 1.0103902640929658 -11.218886813446334 -21.12108951778544 7375.559882808764 104.97122398742782 -20074527.350049768 12679226.612963947 5.639140424756883 -8.644765066169054 -9.644765066169054 0.2443199294900673 0.2835316035383505
0.00244538029751 3497.6227024428617 15840043738.59313 -98379385.09839694 591532.6813113787 2313965.360967487 0.14678707862243537 -3.1886622016220594 -7.30337834230448 3497.6227024428617 0.2446451310373923 112.24256129121699 -6.0587332112670875 0.0 -3312.657133204542 -3582.9602000928826 0.006112770085441496 -7291.246038535265 0.2446451310373923 378845.040257281 -118.62895863144968 -0.031908727947071856 -0.017298965765509093 5.738816278194153 10.873519136444257 0.9963205023587807 -11.210957610441865 -21.11099601924736 7193.728075923063 104.97124459266679 -19488504.486050725 12298402.41795745 5.494171147156761 -8.422124555011674 -9.422124555011674 0.24466099433440003 0.28387241194824675
0.00250578119086 3490.0291164909922 15770936118.643377 -95688643.64476967 590271.159676202 2305598.4514463264 0.1469961682110478 -3.112705193246351 -7.134894752711962 3490.0291164909922 0.2449936136850797 112.25322926138988 -5.8899011390268825 0.0 -3229.4286865467443 -3506.7507085005013 0.006259766821686509 -7113.81857849737 0.2449936136850797 377529.8120607703 -118.6403114315699 -0.031939375749413815 -0.01731061492289925 5.59769734970354 10.620677591172917 0.9826059446039599 -11.202838471565554 -21.100677947458887 7016.2789450132595 104.97126613118104 -18917110.563247703 11927127.33848874 5.35270373601846 -8.204859155496395 -9.204859155496395 0.24501102852338585 0.2842221649170902
0.00256767398627 3482.265171254995 15700432575.953327 -93063712.21862069 588981.2560468626 2297056.372311596 0.14721070380039297 -3.0385751523253193 -6.970479158945737 3482.265171254995 0.24535117300065495 112.26417973072435 -5.725127985945082 0.0 -3148.5990842110755 -3304.3950064911846 0.006410198998329314 -6940.668101270638 0.24535117300065495 376189.3552179019 -118.65112776999285 -0.0319708406416691 -0.017322586596273518 5.460004973808048 10.37393501408505 0.9692382847473371 -11.194524997305168 -21.090130104100272 6843.107103604745 104.97128863753089 -18360003.727402255 11565179.087609762 5.214653800807393 -7.992839857441565 -8.992839857441565 0.24537028912008163 0.2845811171539594
0.00263109553373 3474.3274791387876 15628512755.44598 -90502996.75522067 587662.4024773454 2288336.2491591857 0.1474308343838172 -2.9662269953271054 -6.810031596110334 3474.3274791387876 0.24571805730636204 112.27542064654146 -5.564313538803972 0.0 -3069.8171477283922 -3317.097542823596 0.006564142001502758 -6771.691519525013 0.24571805730636204 374823.4078912956 -118.66347014620715 -0.03200314455286437 -0.01733488920067261 5.32565859059753 10.13314137506338 0.9562109846867366 -11.186012693698832 -21.079347129515284 6674.107396508321 104.9713121470993 -17816843.59464996 11212336.345501898 5.079940533291167 -7.785937753333448 -8.785937753333448 0.24573903867142932 0.2849495286274386
0.00269608359342 3466.2126070264067 15555156162.927464 -88004990.30256635 586314.0145691154 2279435.200474043 0.1476567110963925 -2.895618296725359 -6.6534580091621205 3466.2126070264067 0.2460945184939875 112.28696021542262 -5.407363490668133 0.0 -2992.4484388271217 -3255.395793256902 0.006721672627841632 -6606.7882311846315 0.2460945184939875 373431.7169770549 -118.67588929477915 -0.03203630995247844 -0.017347531382699538 5.194577290729102 9.898155507578519 0.9435153432041608 -11.177296970849689 -21.06832348662841 6509.180665376481 104.97133669630918 -17287308.492234044 10868389.990911106 4.948482772235114 -7.584031556869389 -8.58403155686939 0.246117544571823 0.28532766392272224
0.00276267685817 3457.917076755678 15480342963.48107 -85568210.01737937 584935.5193069984 2270350.3399221 0.1478884946839193 -2.82670724357178 -6.500665718580132 3457.917076755678 0.24648082447319883 112.29880688415594 -5.254184894106933 0.0 -2917.293285438651 -3107.1382979237105 0.0068828690982105515 -6445.860059586216 0.24648082447319883 372014.04044230893 -118.68786403759168 -0.032070360165453456 -0.017360522027643925 5.066682732264088 9.6688383030458 0.9311434853032681 -11.16837314118275 -21.057053652326854 6348.229249200952 104.97136232213522 -16771081.947361078 10533134.282411845 4.820201907790889 -7.387001755833211 -8.38700175583321 0.24650609167319193 0.28571580482097036
0.00283091497657 3449.4373657357432 15404053054.282671 -83191176.34960167 583526.3209098255 2261078.7788545093 0.14812634664928243 -2.759451941511322 -6.351561865061135 3449.4373657357432 0.2468772444154707 112.31096937539901 -5.104684620645664 0.0 -2843.865320171792 -3100.7440665484955 0.00704781107110377 -6288.811194854782 0.2468772444154707 370570.14916716085 -118.70126530303787 -0.032105319031260335 -0.017373870266741295 4.941900073053342 9.445050382786544 0.9190893468512866 -11.159236417760047 -21.04553187673579 6191.15546142848 104.97138906255958 -16267848.171068199 10206363.938458458 4.695022828637871 -7.194728606187571 -8.19472860618757 0.24690496768896097 0.2861142356751698
0.00290083857649 3440.7699077945636 15326266596.446033 -80872497.3224202 582085.818994689 2251617.6291176635 0.14837043414504958 -2.6938132037802367 -6.20605961454134 3440.7699077945636 0.24728405690841598 112.32345668496178 -4.958775557632924 0.0 -2772.029743921346 -2997.6151382324388 0.007216579655091436 -6135.548137077891 0.24728405690841598 369099.8247932122 -118.71419428600984 -0.03214121111576945 -0.017387585484438695 4.820153800392086 9.22666140284254 0.9073445032394811 -11.149881912744496 -21.033752306599737 6037.867695098481 104.97141695610398 -15777310.190707402 9887885.936900068 4.572869743483671 -7.007100134000115 -8.007100134000115 0.24731447138919938 0.28652325159799086
0.00297248928933 3431.911093886767 15246964191.720293 -78610772.27068739 580613.4140987395 2241964.0057648355 0.14862093161283232 -2.6297513720744266 -6.064071095888107 3431.911093886767 0.24770155268805388 112.33627808707121 -4.816369543200054 0.0 -2702.1485775559827 -2933.2629587366546 0.007389257420772322 -5985.9796404998015 0.24770155268805388 367602.86413065204 -118.72788318137009 -0.03217806179360168 -0.017401677326310774 4.7013723150157904 9.013539459602809 0.8959028399821951 -11.140304635610848 -21.021709021332278 5888.273466339764 104.97144604200928 -15299169.164371433 9577506.03721666 4.453670762327737 -6.8240030281628865 -7.8240030281628865 0.24773491559704408 0.2869431614098821
0.00304590977478 3422.857273083154 15166126271.426605 -76404656.39189248 579108.4845186761 2232115.030130356 0.14887801472451578 -2.567228459125282 -5.925512153203613 3422.857273083154 0.24813002454085964 112.3494431578276 -4.677382128662753 0.0 -2633.6837034018668 -2880.10877660728 0.0075659284118620666 -5840.016659266127 0.24813002454085964 366079.07764090516 -118.74196699963886 -0.03221589702101115 -0.017416155706929042 4.585484709964668 8.805558221625132 0.8847573386688404 -11.130499491553927 -21.00939586700378 5742.284088133491 104.97147636002954 -14833138.224655747 9275037.812821025 4.337354685423809 -6.645328768647505 -7.645328768647505 0.24816661717296762 0.28737427760867984
0.00312114374621 3413.604753613642 15083734009.282957 -74252838.360748 577570.4184745005 2222067.83301613 0.14914186912268715 -2.5062074137930574 -5.790300725647812 3413.604753613642 0.24856978187114526 112.36296177728141 -4.541730943776667 0.0 -2567.0656932951106 -2779.0080007267516 0.007746678155466331 -5697.572294429393 0.24856978187114526 364528.2911225868 -118.75603355663407 -0.032254743704520125 -0.017431030818090637 4.472421775208747 8.60259449451467 0.8739011298400177 -11.120461279845168 -20.996806679067454 5599.813067551826 104.97150795062426 -14378937.701643677 8980299.51884011 4.223851993337601 -6.470971537410892 -7.470971537410892 0.24860991178181224 0.28781693110027673
0.00319823599675 3404.1498038889645 14999768465.78099 -72154016.04017994 575998.5818489145 2211819.557909889 0.14941268192685522 -2.446651302842836 -5.658355016579421 3404.1498038889645 0.24902113654475871 112.37684413375148 -4.409333880034662 0.0 -2501.9303112449034 -2762.6790181889924 0.007931593671517098 -5558.561742118544 0.24902113654475871 362950.34813323675 -118.77135726523011 -0.03229462937774433 -0.017446313137557984 4.362117122205211 8.404525479354211 0.8633286666954392 -11.110184692051947 -20.983935052017948 5460.774319905332 104.97154085436311 -13936289.861832326 8693110.685639782 4.113095985660453 -6.300825857151635 -7.300825857151635 0.24906513998160362 0.2882714572433257
0.00327723242586 3394.488653949903 14914211267.984941 -70106960.39919157 574392.341957246 2201367.3647215385 0.14969064821786074 -2.388525474758494 -5.529598311637928 3394.488653949903 0.24948441369643456 112.39110076305032 -4.280113897941494 0.0 -2438.2255759271907 -2676.170726130881 0.008120763481098409 -5422.902243240272 0.24948441369643456 361345.1072534158 -118.78615227855425 -0.03233558248005691 -0.017462013437554366 4.254503940079961 8.211235996224747 0.8530324848836658 -11.099664310603297 -20.970774502491437 5325.086865464209 104.97157511228072 -13504932.669652529 8413301.067676205 4.005019526383527 -6.13479280472609 -7.13479280472609 0.24953265810025316 0.28873820671335326
0.00335818006678 3384.6174965646655 14827044562.417507 -68110431.75450264 572751.0646646204 2190708.43319157 0.14997597050400535 -2.331794730960894 -5.4039526917708836 3384.6174965646655 0.24995995084000894 112.4057425175323 -4.153992740930875 0.0 -2376.2663738755496 -2598.223636867683 0.008314277613929477 -5290.513033994939 0.24995995084000894 359712.4479861355 -118.80165982586004 -0.032377632355294596 -0.017478142794385497 4.149519074520218 8.022609054042988 0.8430073582508189 -11.088894606851712 -20.957318446724955 5192.6686926158045 104.9716107656279 -13084601.778871939 8140698.914725128 3.899559123680209 -5.972771903657402 -6.972771903657402 0.25001283775309224 0.289217544946445
0.00344112711443 3374.5324889381154 14738250523.811132 -66163237.02048591 571074.095187657 2179839.967014945 0.1502688535614689 -2.2764252659022937 -5.281343336910977 3374.5324889381154 0.2504480892691149 112.42078062233585 -4.030895247641862 0.0 -2315.66063903942 -2562.3425553919815 0.00851222761454725 -5161.315297982099 0.2504480892691149 358052.26843019476 -118.81790265410655 -0.032420809063711635 -0.017494712597539725 4.04710011270024 7.838532308943427 0.8332473893858628 -11.077869939674777 -20.943560058870737 5063.440955386864 104.97164785543701 -12675042.810594277 7875138.9818020575 3.7966520234311245 -5.814666673880366 -6.814666673880366 0.250506057360967 0.2897098436359741
0.00352612295416 3364.2297542166375 14647812110.066734 -64264218.39900695 569360.7846108857 2168759.1977950656 0.15056951185644726 -2.2223842945891517 -5.161697709244703 3364.2297542166375 0.2509491864274121 112.43622665985423 -3.910748522817291 0.0 -2256.46819996472 -2503.331059000337 0.008714706547433086 -5035.232119188325 0.2509491864274121 356364.4866585368 -118.83444628766483 -0.03246514370153536 -0.017511734559705817 3.947185864796445 7.6588968350579165 0.8237465296785551 -11.066584553725216 -20.92949245612214 4937.327165356782 104.97168642274 -12276008.949374437 7616460.946297983 3.696236678369033 -5.660383578709528 -6.660383578709528 0.2510127147944953 0.29021549332753305
0.00361321819113 3353.7053832725305 14555712603.528633 -62412240.15769292 567610.4717305972 2157463.389350146 0.15087816471615273 -2.1696396031252783 -5.044944547265289 3353.7053832725305 0.25146360786025457 112.45209259615821 -3.7934809394050344 0.0 -2198.677610459815 -2436.971346030472 0.008921809000779265 -4912.18843624057 0.25146360786025457 354649.0427472145 -118.85133062285968 -0.03251066822838923 -0.017529220726892784 3.8497169570521463 7.483595618277849 0.814499211700759 -11.055032577852035 -20.915108564813394 4814.252214182524 104.97172650815182 -11887258.07604006 7364507.551882273 3.598253349191892 -5.509830727473269 -6.509830727473269 0.2515332196484752 0.29073489563482036
0.00370246468045 3342.955436573049 14461936036.501534 -60606193.51869785 565822.4975386988 2145949.84215954 0.1511950404892359 -2.118159718648451 -4.931014249573204 3342.955436573049 0.2519917341487265 112.46839079368132 -3.6790225154244776 0.0 -2142.333943564122 -2380.1985297947895 0.009133631088929298 -4792.1109977098 0.2519917341487265 352905.8994275149 -118.86865621830657 -0.032557415657088536 -0.017547183489015936 3.7546355201493338 7.312524129643563 0.8055000666089822 -11.043208023476542 -20.900401219736306 4694.14274271123 104.9717681517651 -11508553.830821505 7119125.291704604 3.502643786000607 -5.36291837056176 -6.36291837056176 0.252068000469057 0.2912684704137324
0.00379391555806 3331.9759461968188 14366466752.909475 -58844993.05408242 563996.187504741 2134215.8980157645 0.15152037179135164 -2.0679137865852324 -4.819838595065482 3331.9759461968188 0.25253395298558606 112.4851340152241 -3.567304642079896 0.0 -2087.238952082312 -2341.3155101086895 0.009350270453349541 -4674.928318502152 0.25253395298558606 351135.04351300455 -118.88681080544029 -0.032605419885984414 -0.017565635590866973 3.661885306263936 7.145579908269695 0.7967440740985761 -11.031104782987631 -20.885363032380138 4576.926870729092 104.97181139273874 -11139664.813416045 6880163.898525146 3.40935135327835 -5.219558538465053 -6.219558538465053 0.2526174971791658 0.29181664812452934
0.00388762527234 3320.762918119984 14269289958.047564 -57127596.39535743 562130.8707726467 2122258.9450101657 0.15185440097788985 -2.0188722680263145 -4.711352300766462 3320.762918119984 0.2530906682964831 112.50233546882392 -3.458261632469979 0.0 -2033.444778409671 -2272.0351124679796 0.00957182626207686 -4560.570637342981 0.2530906682964831 349336.4844746713 -118.90493585668082 -0.03265471594291926 -0.017584590143275722 3.5714106071388483 6.982664895050865 0.7882255001663714 -11.018716628287756 -20.869986523551766 4462.5356880098525 104.97185626918501 -10780368.83633459 6647479.103018902 3.3183199388423654 -5.079667050847536 -6.079667050847536 0.2531821704449586 0.2923798791540887
0.00398364961657 3309.3123344009095 14170391507.287018 -55452963.25228113 560225.8707602634 2110076.4224530207 0.15219737775133094 -1.971005504666114 -4.605489829260003 3309.3123344009095 0.25366229625221826 112.52000878352914 -3.351827533007785 0.0 -1981.0169489216669 -2223.4905964886184 0.009798399207444691 -4448.96987520046 0.25366229625221826 347510.26012819476 -118.92395555474741 -0.032705339914861194 -0.017604060635155322 3.4831582995638803 6.823680645139265 0.7799399932846268 -11.006037209076165 -20.854264051806272 4350.9001836975185 104.97190281797769 -10430444.10121025 6420926.892015817 3.2294960033116618 -4.943159399451787 -5.943159399451787 0.25376249828931097 0.2929586303205788
0.0040820457621 3297.620155871785 14069757807.355982 -53820095.16480916 558280.5000042055 2097665.8263743403 0.15254955779347926 -1.9242851204462292 -4.502188501426405 3297.620155871785 0.2542492629891321 112.53816806425056 -3.2479392384372727 0.0 -1929.7120054638922 -2183.650163492771 0.010030091502145982 -4340.059594823512 0.2542492629891321 345656.432836575 -118.94354882601874 -0.03275732891863361 -0.017624060945372787 3.3970757317220097 6.668532997809897 0.7718824788206776 -10.993060051536935 -20.83818776942806 4241.954233766922 104.97195107391175 -10089677.730962053 6200369.069472609 3.1428264687328773 -4.809954762146892 -5.809954762146892 0.2543589740058956 0.29355338275241794
0.00418287229242 3285.6823247150255 13967376307.229628 -52228017.844821945 556294.0771097705 2085024.714937919 0.1529112077856096 -1.8786834085457238 -4.401387141635845 3285.6823247150255 0.254852012976016 112.55682788536294 -3.146535128659829 0.0 -1879.6537692049435 -2124.47567934489 0.010267006873359828 -4233.774961159844 0.254852012976016 343775.0921636294 -118.96341954466516 -0.0328107213303696 -0.017644605355589066 3.3131115675684026 6.517130041461763 0.7640480402761752 -10.979778556741117 -20.821749741042296 4135.633291356221 104.97200107005013 -9757861.988924596 5985670.7827494275 3.0582595545923867 -4.679974255947912 -5.679974255947912 0.2549721150495965 0.2941646406843411
0.00428618923804 3273.494767356088 13863235148.36567 -50675771.28314903 554265.9120207982 2072150.7142250375 0.15328260138860195 -1.834172977933023 -4.303025286352795 3273.494767356088 0.2554710023143366 112.57600331761297 -3.047554284038458 0.0 -1830.7874628208608 -2080.3021612310345 0.01050925055495127 -4130.052702768398 0.2554710023143366 341866.35745616304 -118.98401146744527 -0.03286555665231018 -0.01766570856332772 3.231216249585334 6.369380928757745 0.7564324147536571 -10.966185999235837 -20.80494183047083 4031.873633131424 104.97205283643852 -9434792.129631728 5776699.131966266 2.9757452472709973 -4.553139916350265 -5.553139916350265 0.2556024569041876 0.294792925222214
0.00439205811222 3261.0533975287567 13757323409.783154 -49162427.77557125 552195.3137185749 2059041.5242294031 0.1536640216048643 -1.7907274038816543 -4.207044633225697 3261.0533975287567 0.25610670267477387 112.59570995647341 -2.9509379305509236 0.0 -1783.0437658773474 -2033.386489850766 0.01075692927753547 -4028.831074173645 0.25610670267477387 339930.37563897145 -119.00509356331622 -0.032921875637282265 -0.017687385695562396 3.1513409919713657 6.225198048946956 0.7490310030701928 -10.952275525658038 -20.787755750795334 3930.613736361124 104.9721064004624 -9120270.276032194 5573325.690567462 2.8952342892965914 -4.42937656609206 -5.42937656609206 0.25625055738107294 0.2954387785766005
0.00450054194759 3248.354119514979 13649631116.855726 -47687077.42500984 550081.5888757827 2045694.9250607397 0.1540557605959112 -1.7483207114910084 -4.113387893085072 3248.354119514979 0.25675960099318534 112.61596392371132 -2.8566282920918864 0.0 -1736.4429442209223 -1985.1879578059609 0.011010151256320905 -3930.0498191190914 0.25675960099318534 337967.324258825 -119.02681983372668 -0.032979720312197654 -0.017709652322854458 3.073438486134514 6.084495305963213 0.7418396088914134 -10.938040153371267 -20.77018304887475 3831.7931823342396 104.9721617858119 -8814102.295807289 5375424.471338186 2.8166788851413282 -4.308610334723094 -5.308610334723094 0.2569169969862345 0.296102764308494
0.0046117053337 3235.3928316040165 13540149280.763645 -46248834.323407285 547924.041732668 2032108.7833986834 0.15445811981123075 -1.7069276027901616 -4.02199929480959 3235.3928316040165 0.2574301996853846 112.63678190440042 -2.7645690951242057 0.0 -1690.9231034314855 -1944.1790087496631 0.011269026176687092 -3833.650134685371 0.2574301996853846 335977.4109635881 -119.04921655835278 -0.03303913401526971 -0.0177325244739944 2.9974625168924196 5.947188875652589 0.7348540769352679 -10.923472769171969 -20.752215097610442 3735.353133224629 104.9722190118546 -8516099.12337249 5182872.787544173 2.740032317207035 -4.1907693096672665 -5.1907693096672665 0.25760237966629396 0.2967854679793521
0.00472561445544 3222.165429756122 13428870001.360605 -44846835.53168388 545721.9763288166 2018281.0591750555 0.15487141083136222 -1.666523425756708 -3.932824517728036 3222.165429756122 0.2581190180522704 112.65818116708 -2.674705499675766 0.0 -1646.4472430995356 -1900.961190021482 0.011533665177138126 -3739.5746363252442 0.2581190180522704 333960.87400809943 -119.07221647591905 -0.03310016146326758 -0.0177560186512116 2.9233679587070456 5.813197103907964 0.7280703143396945 -10.908566128045608 -20.73384310590941 3641.236262955235 104.97227809321781 -8226076.536562958 4995551.105939582 2.665248940654775 -4.075783449072873 -5.075783449072873 0.2583073348428957 0.29748749907215355
0.00484233713249 3208.6678114597116 13315786537.173668 -43480239.25097917 543474.6974642469 2004209.8124663269 0.15529595586023098 -1.6270841124216016 -3.8458105548039017 3208.6678114597116 0.25882659310038497 112.68017958191128 -2.586983961703517 0.0 -1603.0259506917366 -1855.1608244035497 0.011804180829807434 -3647.7673236732403 0.25882659310038497 331917.98291338875 -119.09575794537386 -0.03316284880614044 -0.01778015184601057 2.8511108183138685 5.682440301172391 0.7214843583259045 -10.89331285195676 -20.715058119222533 3549.386623847089 104.97233903921115 -7943854.7578272335 4813342.786263267 2.5922842252134837 -3.9635844053930356 -4.963584405393036 0.2590325189230853 0.29820949237725114
0.00496194285966 3194.8958798268254 13200893331.671215 -42148220.362160124 541181.5099615111 1989893.210635824 0.15573208770684224 -1.5885860157048066 -3.7609053500208183 3194.8958798268254 0.25955347951140373 112.70279564740527 -2.5013518705094144 0.0 -1560.62510393076 -1816.3932775846135 0.012080687118008322 -3558.173547251008 0.25955347951140373 329849.04001729965 -119.12009405966228 -0.03322724366253311 -0.017804941555592247 2.7806484270434004 5.554840198527426 0.7150925944286867 -10.877705428720526 -20.695851006892592 3459.7493041982384 104.9724018524741 -7669257.487532131 4636133.4519187715 2.521094947531996 -3.854105057769205 -4.854105057769205 0.259778616071796 0.29895210862008514
0.0050845028483 3180.8455479346903 13084186024.74959 -40849978.99862483 538841.7172879613 1975329.5357253503 0.1561801495600861 -1.5510062343961457 -3.6780585202286 3180.8455479346903 0.26030024926681017 112.72604851883958 -2.4177582709617895 0.0 -1519.180779645472 -1776.2047524122142 0.012363299411067133 -3470.739975917939 0.26030024926681017 327754.3781008318 -119.14508668775352 -0.03329339514846803 -0.01783040579988421 2.7119389182000866 5.4303210305872955 0.7088912520328602 -10.861736210961649 -20.676212444144998 3372.2711016743306 104.9724665284868 -7402113.737495361 4463812.185072796 2.4516386689332763 -3.747280442894441 -4.747280442894441 0.2605463384552361 0.29971603459327845
0.00521009006865 3166.512743402112 12965661693.07788 -39584733.46336814 536454.6291433435 1960517.1920754279 0.15664049748391423 -1.514322354199681 -3.597220783382868 3166.512743402112 0.2610674958065237 112.74995803848496 -2.3361532875763444 0.0 -1478.7221443698188 -1734.9406196427926 0.012652134435882324 -3385.4145651685076 0.2610674958065237 325634.36214153003 -119.17071601274483 -0.03336135401692292 -0.017856563139244674 2.6449415627783956 5.308808676472128 0.7028767661810289 -10.845397415146229 -20.65613296160049 3286.8999821173634 104.97253305452155 -7142256.309850619 4296270.530873363 2.383874066971872 -3.643047017756441 -4.643047017756441 0.2613364313310276 0.3005019880789507
0.00533877929335 3151.8934131422347 12845318708.246367 -38351718.39420796 534019.554021633 1945454.7141044573 0.1571134984023508 -1.478512380016858 -3.5183438050779823 3151.8934131422347 0.2618558306705847 112.77454475008308 -2.2564879744073973 0.0 -1439.1872237611476 -1698.8504769448987 0.012947310245435118 -3302.146526115117 0.2618558306705847 323489.3899692138 -119.1971928297512 -0.033431172618145974 -0.017883432692995596 2.579616824675626 5.1902304307267775 0.6970458556705863 -10.828681120616807 -20.63560288143219 3203.5849361667983 104.9726014085759 -6889521.386328747 4133402.2345079626 2.317760994005041 -3.541342461677485 -4.541342461677485 0.2621496706298656 0.3013107152612209
0.00547064714189 3136.9835285195313 12723156951.564257 -37150192.67746988 531535.8058287972 1930140.7744716047 0.15759953230153792 -1.4435550440993137 -3.441380886593346 3136.9835285195313 0.2626658871692299 112.79982994673757 -2.178714999424116 0.0 -1400.5648948401129 -1658.680032881475 0.01324894618376936 -3220.8862953111884 0.2626658871692299 321319.88870324806 -119.22429409843107 -0.03350290503060742 -0.017911034158397184 2.5159258667034736 5.074516034166942 0.691395045703122 -10.811579268888876 -20.61461235874941 3122.276613571507 104.97267155796003 -6643750.228587987 3975104.344464308 2.253259979534244 -3.442106563655586 -4.442106563655586 0.2629868673448108 0.30214299498652464
0.0056057721263 3121.7790905618867 12599177841.032877 -35979427.01875613 529002.7030693487 1914574.1922518448 0.15809899224282012 -1.4094293328131062 -3.3662859132777476 3121.7790905618867 0.2634983204047002 112.82583568856312 -2.1027875928730473 0.0 -1362.8498706044036 -1623.8166895178879 0.013557162847466074 -3141.5855052111037 0.2634983204047002 319126.31902406627 -119.25231135526519 -0.033576607106591064 -0.017939387830777254 2.453831203259908 4.961596096448388 0.6859213482719441 -10.794083662808688 -20.593151367326612 3042.9263452231653 104.97274345826395 -6404786.49775377 3821275.466895445 2.1903328828552078 -3.3452798662352796 -4.34527986623528 0.2638488688857513 0.3029996398782445
0.00574423469782 3106.276135662677 12473384319.03726 -34838715.607593134 526419.566443162 1898753.9415587797 0.15861228381771553 -1.3761149422154326 -3.293014366134614 3106.276135662677 0.2643538063628592 112.85258484338169 -2.0286605597717546 0.0 -1325.9642586639984 -1589.7280533685555 0.013872082043302269 -3064.196955434931 0.2643538063628592 316909.1693435713 -119.2810894605891 -0.033652336496526665 -0.017968514624030776 2.393295991545779 4.851403613747635 0.6806215668850752 -10.776185966068812 -20.57120967183795 2965.48707564618 104.9728170517797 -6172478.750027689 3671817.3926300025 2.12894218518292 -3.2508049700006945 -4.2508049700006945 0.26473655887259373 0.3038814960045827
0.00588611729485 3090.4707413601964 12345781147.262028 -33727369.21972747 523785.72876141913 1882679.1601779552 0.15913982851546327 -1.3435920176863598 -3.2215227482148197 3090.4707413601964 0.26523304752577215 112.8801011148424 -1.9562897006890476 0.0 -1289.9482616488551 -1551.1127226672206 0.014193826741999463 -2988.674584650628 0.26523304752577215 314668.95727201854 -119.31053481326398 -0.03373015283320085 -0.01799843609233415 2.3342843748860385 4.743873106480306 0.6754926633067636 -10.757877702607855 -20.548776895394983 2889.9128267327587 104.97289226568068 -5946678.957089574 3526634.1269299863 2.0690513273602664 -3.158625793960284 -4.158625793960284 0.2656508640433428 0.304789449554112
0.00603150439203 3074.3590324870293 12216374719.5767 -32644710.03431094 521100.52558674745 1866349.1584973368 0.15968206102783014 -1.3118409497098473 -3.1517681268038538 3074.3590324870293 0.2661367683797169 112.90840908716675 -1.8856313584241369 0.0 -1254.766093237348 -1518.8079324065288 0.014522521027818959 -2914.9734431690513 0.2661367683797169 312406.23159172526 -119.34100649867332 -0.03381011767430534 -0.01802917445256367 2.2767617431908818 4.6389399340792075 0.6705320403445181 -10.739150256229502 -20.525842437496447 2816.158279107874 104.97296901062938 -5727241.372322206 3385631.156816353 2.0106249748111646 -3.068686985094155 -4.068686985094155 0.2665927512138987 0.30572442353521245
0.00618048255052 3057.937187656827 12085173239.959759 -31590083.30812578 518363.3004198194 1849763.428684946 0.16023943112756117 -1.2808428425865306 -3.0837091777886774 3057.937187656827 0.2670657185459353 112.93753425062721 -1.816643459242742 0.0 -1220.360698817324 -1486.6638190349036 0.01485829004386531 -2843.0496662061196 0.2670657185459353 310121.5638944149 -119.37233816177559 -0.033892294630741865 -0.01806075260752916 2.2206940084794686 4.536541860501038 0.6657368291043813 -10.719994870405692 -20.502395504284532 2744.1797235486288 104.97304717862703 -5514025.036818348 3248717.0799685307 1.9536282899335333 -2.980935265186013 -3.980935265186013 0.2675632311387893 0.30668738150745767
0.00633314046952 3041.2014459562 11952186871.138662 -30562848.57021626 515573.4089395762 1832921.6539633425 0.1608124052974103 -1.2505791711335539 -3.0173054251818385 3041.2014459562 0.26802067549568387 112.96750305593066 -1.7492847496861548 0.0 -1186.7452403585694 -1453.0856538894661 0.015201259932702858 -2772.8604477898 0.26802067549568387 307815.55124055117 -119.40451280405068 -0.03397674948758433 -0.0180931941703408 2.166048072341225 4.43661791260753 0.6611043796997335 -10.700402648111245 -20.47842513131579 2673.9343601170654 104.97312664065483 -5306891.8824574305 3115802.3662927337 1.898027396845541 -2.8953184501815947 -3.8953184501815947 0.2685633629027967 0.3076793316730543
0.00648956903911 3024.14811395547 11817427712.657576 -29562379.596499622 512730.21624165104 1815823.7180797956 0.16140146614278866 -1.2210317816985572 -2.952517242504629 3024.14811395547 0.2690024435713145 112.9983429421693 -1.6835147989333146 0.0 -1153.8929786269696 -1421.6039663846154 0.015551557772343919 -2704.3640152752737 0.2690024435713145 305488.814271044 -119.43763674926913 -0.03406355023846688 -0.01812652348974396 2.1127917887426926 4.339108382566505 0.656632241846071 -10.680364551823024 -20.453920151766464 2605.380298677771 104.9732072447999 -5105706.713814594 2986799.347727392 1.8437893451713778 -2.811785451956645 -3.811785451956645 0.2695942543797417 0.30870132707927533
0.00664986139438 3006.773573057389 11680909900.803587 -28588066.595098518 509833.09912480443 1798469.7149723722 0.1620071134058117 -1.1921829857809567 -2.889306062336662 3006.773573057389 0.27001185567635283 113.03008238895438 -1.619294206660309 0.0 -1121.7815421218233 -1390.7711958045945 0.015909311507265496 -2637.519604485144 0.27001185567635283 303141.9929651018 -119.47172828746443 -0.03415276718677462 -0.018160765676441117 2.060893792288791 4.243955141612875 0.6523180090354344 -10.659871403709165 -20.428869203181826 2538.4767454008615 104.9732888131215 -4910337.670803883 2861622.5180161544 1.7908819366124382 -2.730286548572387 -3.730286548572387 0.2706570652540521 0.30975446840364784
0.00681411297082 2989.074287137541 11542649680.478111 -27639314.415238403 506881.4472719031 1780859.9585655855 0.16262986465143198 -1.1640154921628767 -2.8276342265122176 2989.074287137541 0.2710497744190533 113.06275096319825 -1.5565844520931642 0.0 -1090.3888255782604 -1361.0461795982121 0.016274649873993886 -2572.28743548137 0.2710497744190533 300775.7448389235 -119.50683267359227 -0.03424447303649108 -0.01819594663055506 2.0103235642222548 4.151101414961976 0.6481594023706901 -10.638913885957841 -20.40326072547554 2473.183863533253 104.97337113920865 -4720655.83529032 2740188.275564095 1.7392737898032014 -2.6507731911119095 -3.6507731911119095 0.2717530098064048 0.31083990644768944
0.0069824215612 2971.046810508696 11402665491.902098 -26715543.364756264 503874.6650930289 1762994.992707294 0.16327025620048696 -1.136512446515714 -2.767465075517123 2971.046810508696 0.27211709366747827 113.09637935972154 -1.4953479818496445 0.0 -1059.696439057691 -1331.3780186936617 0.016647702321541096 -2508.628688871493 0.27211709366747827 298390.7406457849 -119.54292209707864 -0.03433874299582144 -0.018232093070229917 1.9610513416306865 4.060491915386525 0.644154195616962 -10.617482541287625 -20.377082964128167 2409.462849738543 104.97345398478578 -4536535.399020441 2622415.0314875375 1.6889342479632083 -2.5731981189884365 -3.5731981189884365 0.2728833599941567 0.31195884494754367
0.00715488737376 2952.687796180943 11260978050.00358 -25816186.67007137 500812.1734108232 1744875.6011968928 0.1639288440220836 -1.109657329684255 -2.708762723775505 2952.687796180943 0.273214740036806 113.1309994617669 -1.435547983738699 0.0 -1029.694868525632 -1302.2246190098579 0.017028598925873186 -2446.505482726202 0.273214740036806 295987.6629316259 -119.58007701853421 -0.03443565488232474 -0.01826923256149509 1.9130482348611193 3.972072505650988 0.6403003500834802 -10.595567773611252 -20.350323971506548 2347.275729679174 104.97353707634223 -4357853.109589538 2508222.847522589 1.6398334948243134 -2.4975150701862527 -3.4975150701862527 0.2740494488486349 0.313112543632896
0.00733161309189 2933.994004479492 11117610365.508419 -24940691.632343642 497693.40870463586 1726502.817942967 0.16460620381869942 -1.083434010640326 -2.65149217745065 2933.994004479492 0.2743436730311657 113.16664438662652 -1.3771485044194842 0.0 -1000.3554579049926 -1275.2973337281735 0.017417470298614707 -2385.8808500336786 0.2743436730311657 293567.20083244226 -119.61836084183233 -0.03453528919872916 -0.018307393549330066 1.8662861186615298 3.8857903751655853 0.6365959205844101 -10.573159848932667 -20.322971588339154 2286.5854607801857 104.97362010136766 -4184488.5079158954 2397533.5910268747 1.5919424456303641 -2.423678933175147 -3.423678933175147 0.27525267228667594 0.31430231974487466
0.00751270393526 2914.9623119857943 10972587882.451202 -24088520.477270238 494517.82740357425 1707877.9371913637 0.1653029328448397 -1.0578267898737064 -2.5956194335635545 2914.9623119857943 0.2755048880747329 113.2033485468364 -1.3201145454888217 0.0 -971.6536278536131 -1247.7405249406777 0.017814447489485838 -2326.718716707728 0.2755048880747329 291130.04398851364 -119.65771512221318 -0.03463772928171606 -0.018346605390068948 1.8207375386049287 3.8015941876537545 0.6330389763429924 -10.550248896444534 -20.295013465568342 2227.3560150510834 104.9737027041704 -4016324.1056223437 2290271.0476448983 1.5452326505301959 -2.3516458747791202 -3.3516458747791202 0.27649449381243874 0.31552955244542247
0.00769826772246 2895.5897207662206 10825938533.943615 -23259147.344538197 491284.9068629145 1689002.5237631768 0.16601965064351912 -1.0328202748647644 -2.541111204356542 2895.5897207662206 0.27669941773919854 113.24114770813324 -1.2644117866173432 0.0 -943.6015347382494 -1219.0928150179025 0.018219661882183897 -2268.98388012654 0.27669941773919854 288676.88091659173 -119.69818555393158 -0.03474306141099442 -0.01838689838529303 1.7763758643756338 3.7194336672884125 0.6296277708623303 -10.52682490979163 -20.26643705932033 2169.552131631929 104.97378448124901 -3853244.728878242 2186360.4931228245 1.4996764466364354 -2.281372984744293 -3.281372984744293 0.27777644799758916 0.31679568590130447
0.00788841493521 2875.873367988546 10677692747.515684 -22452056.42926459 487994.14423474774 1669878.4233737828 0.1667569990389004 -1.0083992993889483 -2.487934737958997 2875.873367988546 0.27792833173150067 113.28007904596913 -1.2100064062274964 0.0 -916.1645536051959 -1195.7547265705298 0.01863324508368211 -2212.6419881827446 0.27792833173150067 286208.3970103499 -119.74005827005885 -0.03485137489206888 -0.018428303817071858 1.7331753793140128 3.639259329694662 0.6263608470693292 -10.50287774863072 -20.23722960786535 2113.139159520551 104.97386497620595 -3695137.107321054 2085728.426096227 1.4552470475825119 -2.2128180444750503 -3.2128180444750503 0.27910014286272855 0.3181022312457945
0.00808325878411 2855.8105358913126 10527883516.652685 -21666750.848030847 484645.0583217905 1650507.7729690762 0.16751564314987089 -0.984549324889947 -2.436058711829321 2855.8105358913126 0.27919273858311816 113.3201812257386 -1.1568659732462028 0.0 -889.2832415634283 -1170.7099204519957 0.01905532880644724 -2157.659518853277 0.27919273858311816 283725.2548433219 -119.78306287638861 -0.03496276218385063 -0.018470853984697364 1.691110663953313 3.5610238215496075 0.6232364288828702 -10.47839714045805 -20.207378131971957 2058.08383410886 104.97394367451689 -3541891.771374872 1988303.8026604913 1.411917925370195 -2.145940679214985 -3.145940679214985 0.2804672620190537 0.3194507686539011
0.00828291527607 2835.398662004392 10376546712.193907 -20902743.83909104 481237.2021075444 1630893.0109508825 0.16829627639511158 -0.9612560587391239 -2.385452391857478 2835.398662004392 0.28049379399185265 113.36149446075378 -1.1049585978656253 0.0 -863.0242568781196 -1142.197814062569 0.01948604474331257 -2104.0037602459033 0.28049379399185265 281228.0994746277 -119.8270959407264 -0.03507731919085627 -0.01851458224320947 1.6501571298843436 3.484680656455599 0.6202529741710032 -10.453372682593713 -20.176869526167692 2004.3535338313445 104.9740199973485 -3393401.165295062 1894016.799089447 1.369663335892491 -2.0807012737865374 -3.0807012737865374 0.28187957637468963 0.3208429584577389
0.00848750328339 2814.635349611502 10223720751.580515 -20159551.290698644 477770.14742492704 1611036.887254163 0.16909961545696575 -0.9385051073407639 -2.336084854026832 2814.635349611502 0.28183269242827624 113.40406056957524 -1.0542521615985558 0.0 -837.3369148919471 -1121.059656080957 0.01992552443448917 -2051.6427911331843 0.28183269242827624 278717.5682071107 -119.87286769518823 -0.035195145157399944 -0.01855952304382496 1.6102915009297247 3.4101830502308226 0.6174096744377363 -10.427793844323283 -20.145690415530837 1951.9156138535268 104.97409329438557 -3249558.0134384455 1802797.7572472137 1.3284588085014486 -2.0170599687366337 -3.0170599687366337 0.28333894003590954 0.32228053629150544
0.00869714461449 2793.518378995897 10069446757.172552 -19436714.63428042 474243.4910487876 1590942.473760288 0.1699264027888224 -0.916283034499383 -2.287927340056144 2793.518378995897 0.283210671314704 113.44792310003184 -1.00471666874144 0.0 -812.148412079992 -1098.095940984142 0.02037389912756697 -2000.5454619703735 0.283210671314704 276194.23991020926 -119.91985443421231 -0.03531634286718173 -0.018605711975142044 1.5714902354432907 3.337487452979314 0.6147048743707844 -10.401649969881346 -20.113827188936348 1900.7394347250977 104.97416283768872 -3110260.2371473247 1714580.383404232 1.2882795641285867 -1.9549796981634655 -2.9549796981634655 0.2848472912309208 0.32376531462762614
0.00891196408647 2772.0457184400675 9913769024.63724 -18733780.51058671 470656.8749704788 1570613.1740255225 0.17077741484300046 -0.894576437744289 -2.2409512169769394 2772.0457184400675 0.2846290247383341 113.49312735657787 -0.9563221922386054 0.0 -787.5295714505145 -1072.4855404540108 0.020831299628230642 -1950.6813763500177 0.2846290247383341 273658.66347900813 -119.96805081728962 -0.035441019079462024 -0.018653185807481765 1.5337308581559534 3.2665504838859643 0.6121374295114679 -10.374930281031792 -20.081266158874907 1850.794591691603 104.97422781270463 -2975406.5984367477 1629298.897462387 1.2491018334176194 -1.8944235586733957 -2.8944235586733957 0.2864066726958031 0.3252992019828681
0.00913208959941 2750.2155357612764 9756734462.491125 -18050301.019238025 467009.96119962033 1550052.7330433258 0.17165345318514819 -0.8733719489561471 -2.195127965362028 2750.2155357612764 0.2860890886419137 113.53972050922233 -0.9090388767201143 0.0 -763.4306109913645 -1051.3487026395019 0.021297856142768034 -1902.0208729175429 0.2860890886419137 271111.3545901303 -120.0179491057911 -0.03556928428328308 -0.01870198253873837 1.4969919328069288 3.197328918495738 0.6097066913446376 -10.347623880221361 -20.04799332879145 1802.0509171405433 104.97428730951965 -2844896.7144869864 1546888.05835012 1.2109028441650151 -1.835354793963302 -2.835354793963302 0.28801921996838775 0.3268841906824681
0.00935765221251 2728.026210475512 9598392998.330452 -17385847.085108273 463302.4497516063 1529265.2470835776 0.17255535175119735 -0.8526568781117783 -2.1504306206205404 2728.026210475512 0.28759225291866225 113.5877517037504 -0.862838367701878 0.0 -739.8185910147436 -1029.5368432969033 0.021773698112543535 -1854.5350077213518 0.28759225291866225 268552.75466353 -120.06930164696428 -0.03570125310312929 -0.018752141441576567 1.4612520958454196 3.1297818466245895 0.6074115431512221 -10.319719754455816 -20.013994530018678 1754.4797006044062 104.9743403140813 -2718633.9414425152 1467285.0309070088 1.1736598429267573 -1.777738653662046 -2.777738653662046 0.28968717122630094 0.3285223671416443
0.00958878622216 2705.476345729701 9438797565.27394 -16739995.897570942 459534.07816299156 1508255.17276087 0.17348397742936067 -0.8324186218566855 -2.1068324595768724 2705.476345729701 0.2891399623822678 113.6372720993799 -0.8176924971946047 0.0 -716.7004904621896 -1008.1399620251431 0.022258954038101256 -1808.1955369784873 0.2891399623822678 265983.2514214608 -120.12222500174767 -0.03583704444497452 -0.018803703114037625 1.4264909012297369 3.063868701904553 0.6052512649327381 -10.291206778849151 -19.979255402594415 1708.052567379334 104.97438569675218 -2596522.6652911413 1390427.621291864 1.137350938847469 -1.721540699600712 -2.721540699600712 0.2914128745372193 0.33021591802121897
0.00982562924185 2682.564781026242 9278004121.541595 -16112336.201965943 455704.62301785836 1487027.336258731 0.17444023123521613 -0.8126449229829016 -2.0643075788289904 2682.564781026242 0.29073371872536025 113.68833504555279 -0.7735738601036302 0.0 -694.0500069638506 -987.0992819155678 0.022753751294808004 -1762.9749002742026 0.29073371872536025 263403.1565824299 -120.17669570769294 -0.035976781670066536 -0.01885670953129908 1.3926884176723864 2.9995501286683655 0.6032251380060594 -10.262073721154158 -19.943761389621695 1662.7419659561315 104.97442220123813 -2478469.431438077 1316255.011794936 1.1019546989470261 -1.6667275516761868 -2.666727551676187 0.2931987901409836 0.33196713249755727
0.0100683222841 2659.2906047797283 9116071699.358414 -15502464.95390404 451813.90277873614 1465586.941770359 0.1754250502766392 -0.7933237110712349 -2.0228305435310987 2659.2906047797283 0.2923750837943987 113.74099610724627 -0.7304554597366999 0.0 -671.8726829152092 -966.0948194929871 0.02325821593758896 -1718.846204155938 0.2923750837943987 260812.70619465937 -120.23283184503794 -0.03612059280881042 -0.018911204100907412 1.3598254413808935 2.936787454031848 0.6013326707644219 -10.232309246098668 -19.90749774670276 1618.520870057603 104.97444843143032 -2364382.22071069 1244707.2871777122 1.0674503575864949 -1.6132664349851735 -2.6132664349851735 0.2950474973766024 0.33377840858242347
0.0103170098445 2635.653167621854 8953062333.883207 -14909987.854441924 447861.7756465188 1443939.579968738 0.17643940752937226 -0.774443130859641 -1.982376450101976 2635.653167621854 0.29406567921562043 113.79531324512345 -0.6883107708863556 0.0 -650.1350691614888 -947.224345740483 0.023772472496973566 -1675.7832061079166 0.29406567921562043 258212.05103974594 -120.29082413189576 -0.03626861069162726 -0.018967231719428514 1.32788343318772 2.8755427820810904 0.5995735459995195 -10.201901920720248 -19.87044950257946 1575.3628314786001 104.97446283798455 -2254170.5531918467 1175725.503669804 1.0338177539720999 -1.5611252606848347 -2.5611252606848347 0.29696169649847415 0.3356522546035515
0.0105718399877 2611.6520956085346 8789041177.299555 -14334523.600094886 443848.1461266466 1422091.2356792288 0.1774843153634961 -0.7559917697500084 -1.942921437020013 2611.6520956085346 0.2958071922724935 113.85134687718107 -0.6471142447475196 0.0 -628.8186299178773 -927.375631755651 0.024296643763386635 -1633.7602989353268 0.2958071922724935 255601.2300861688 -120.35050481264147 -0.03642097323890672 -0.01902483883261246 1.2968441654864307 2.815779758105855 0.5979472744612108 -10.17084021966359 -19.832601500566373 1533.2423956232517 104.97446370272013 -2147746.4017829373 1109252.2796598217 1.001036973213937 -1.5102732847918272 -2.510273284791827 0.2989442136356151 0.3375912943969789
0.0108329644354 2587.2873039255915 8624076570.808592 -13775696.465069074 439772.9704486263 1400048.2952642646 0.17856082866317477 -0.7379582821356633 -1.9044418546172885 2587.2873039255915 0.2976013811052913 113.9091600557241 -0.6068404735119972 0.0 -607.9390808603976 -907.8725038077478 0.02483085056103507 -1592.75249554146 0.2976013811052913 252980.18785004684 -120.4120209520338 -0.03657782374104613 -0.01908407349775146 1.266690254200764 2.7574623215575023 0.5964537421664895 -10.139112531241182 -19.793938428607305 1492.1344130180332 104.97444912168963 -2045022.596651008 1045230.7529163304 0.9690888730954726 -1.460680037658988 -2.460680037658988 0.3009980124581709 0.3395982778828104
0.011100538657 2562.5590104862104 8458239834.823939 -13233138.605496552 435636.2485803883 1377817.5531239847 0.1796700424867243 -0.720331507725342 -1.8669145245551666 2562.5590104862104 0.29945007081120717 113.96881853565672 -0.5674644537439595 0.0 -587.4550088973627 -890.3763161301858 0.02537521151073731 -1552.7354139937247 0.29945007081120717 250348.75915704452 -120.47560266132405 -0.03673931092944926 -0.019144985449813356 1.2374049656582435 2.7005550965623475 0.5950930251131055 -10.106707163518074 -19.754444728011023 1452.0142560604118 104.97441698698225 -1945913.3048663917 983604.897906861 0.9379548948470364 -1.4123156585241197 -2.4123156585241197 0.30312619127273366 0.3416760780677284
0.0113747219618 2537.4677503390717 8291605456.968314 -12706495.322319567 431438.0359540017 1355406.2181015443 0.1808130978853701 -0.7031007652515961 -1.8303174011300214 2537.4677503390717 0.3013551631422835 114.03039098736971 -0.5289622379877379 0.0 -567.3555407090789 -871.8707731199802 0.025929842781523913 -1513.685263056099 0.3013551631422835 247706.63333795534 -120.54102024332292 -0.036905589379937466 -0.019207626169174735 1.208971768549914 2.645024380647604 0.5938649460177018 -10.073612351665416 -19.71410467987209 1412.8583474926481 104.97436496659579 -1850335.1685203311 924320.2597130832 0.9076166054076305 -1.3651517484640223 -2.3651517484640223 0.3053319891346603 0.34382769790025636
0.0116556775942 2512.014389423416 8124251080.511948 -12195415.244895793 427178.4460006238 1332821.918430994 0.18199118434480016 -0.6862553284267138 -1.7946284103479568 2512.014389423416 0.30331864057466695 114.09394905959086 -0.4913097697732898 0.0 -547.6502636379131 -853.9185005236396 0.026494857829419974 -1475.5788279604312 0.30331864057466695 245053.3908737498 -120.60851248775543 -0.037076819793822796 -0.019272048954721288 1.181375085497041 2.5908364019970462 0.5927698423697585 -10.039816264721308 -19.672902412375475 1374.6432178850514 104.97429048180965 -1758205.1931396062 867322.5767652665 0.8780564449223742 -1.319159873368061 -2.319159873368061 0.3076188000328922 0.34605628274105515
0.0119435728308 2486.200139290718 7956257277.451044 -11699556.097062074 422857.6426682058 1310072.7066419679 0.18320553748242505 -0.6697847400613468 -1.7598261445547336 2486.200139290718 0.3053425624707084 114.15956761189207 -0.4544835820840252 0.0 -528.3048288904145 -837.1750307183836 0.027070367125577914 -1438.39345658788 0.3053425624707084 242388.469740536 -120.67820999613105 -0.03725316909477524 -0.019338308998353315 1.1545998142964944 2.537958362675198 0.5918080918508537 -10.00530701393645 -19.63082180766323 1337.3460683994124 104.97419068333728 -1669441.9731198126 812558.5838973742 0.8492572518257858 -1.274312459648896 -2.274312459648896 0.30999016545172053 0.3483651136960031
0.0122385790797 2460.026571480028 7787707742.9538 -11218584.92229158 418475.85398201714 1287167.0631996882 0.184457446394587 -0.6536788372134851 -1.725889929207133 2460.026571480028 0.3074290773243117 114.2273248254469 -0.4184608518828212 0.0 -509.31255566382316 -820.1870585776504 0.027656477869921304 -1402.1070460019698 0.3074290773243117 239711.15268998937 -120.75007751353996 -0.03743481092433208 -0.01940646346431966 1.1286312763073714 2.486358534702595 0.5909800683386914 -9.970072661042673 -19.587846611345412 1300.9448150997753 104.97406242405832 -1583965.7523750332 759976.0430836385 0.8212021989830596 -1.2305828805450876 -2.2305828805450876 0.31244978623062913 0.35075761968093333
0.012540871983 2433.4956321681084 7618689118.0193815 -10752174.35744422 414033.3679360426 1264113.8993961925 0.18574825316353558 -0.6379275452896308 -1.692799364589603 2433.4956321681084 0.30958042193922597 114.29730239649983 -0.3832189426503769 0.0 -490.66471394934086 -803.8542592840483 0.028253293694236965 -1366.698029209896 0.30958042193922597 237020.5822575198 -120.82426579081312 -0.03762192583340667 -0.01947657157191865 1.103455502110765 2.4360055729046617 0.5902864387378116 -9.934101227324467 -19.543960372681518 1265.4177237917643 104.97390223016588 -1501697.61571519 709523.2193347651 0.7938750801715391 -1.1879448651205244 -2.1879448651205244 0.315001526994083 0.35323738105786373
0.012850631521 2406.609656826016 7449291000.412813 -10300005.273717443 409530.53825853247 1240922.5592134646 0.18707935697021685 -0.6225210346876465 -1.660534680002499 2406.609656826016 0.31179892828369477 114.36958571601723 -0.3487357517188041 0.0 -472.3430119401573 -787.9619107365195 0.02886091435001615 -1332.145362344031 0.31179892828369477 234315.73833882101 -120.90082171445988 -0.03781470166973834 -0.019548694682379904 1.0790589873830532 2.3868690439091824 0.5897279240745281 -9.897380703207519 -19.499146479845304 1230.7436871094164 104.97370626852226 -1422560.0612856592 661149.249879503 0.7672600590993583 -1.146372955124067 -2.146372955124067 0.3176494196055264 0.35580813386927623
0.0131680421196 2379.371384941116 7279605844.31327 -9861765.189068254 404967.7851560943 1217602.8201714256 0.18845221603130027 -0.6074496354040857 -1.629076546870265 2379.371384941116 0.3140870267188338 114.44426406252514 -0.3149895201514312 0.0 -454.3403547972457 -772.2070955930741 0.029479435384395222 -1298.4285120740783 0.3140870267188338 231595.44278408337 -120.97982566317955 -0.038013333890087764 -0.019622896389885486 1.055428803649378 2.3389191447324533 0.5893054189250394 -9.859899058517085 -19.45338814676932 1196.9020745576681 104.97347031145125 -1346476.659349735 614803.9214256715 0.7413417769305441 -1.1058422640316858 -2.105842264031686 0.32039766823790883 0.3584737747635478
0.0134932927599 2351.7839747041326 7109728907.48205 -9437147.937515447 400345.5990885468 1194164.8930357816 0.18986835111772254 -0.59270382125733 -1.5984060488943965 2351.7839747041326 0.3164472518628709 114.52143080209811 -0.2819587970315256 0.0 -436.64437724241225 -757.0446083242543 0.030108947801231214 -1265.5274433706657 0.3164472518628709 228858.358493628 -121.06140389375241 -0.03821802594853032 -0.019699242617126543 1.0325526080175713 2.2921266560539713 0.5890200083855521 -9.821644253349687 -19.406668430072948 1163.8727079069863 104.97318969756402 -1273371.98588238 570437.6245092115 0.7161053561547005 -1.066328438650746 -2.066328438650746 0.32325065532254393 0.36123836713473845
0.0138265770911 2323.8510176519894 6939758111.426336 -9025854.240788084 395664.5406265203 1170619.4203426044 0.19132934728709 -0.5782742506193747 -1.56850477513504 2323.8510176519894 0.3188822454784834 114.60118360854347 -0.24962252965655662 0.0 -419.23944519634466 -742.2115645391506 0.030749537709530046 -1233.4226074993646 0.3188822454784834 226102.98255598362 -121.1456468390611 -0.03842898962677972 -0.019777801715542772 1.0104185700617094 2.2464630808763983 0.5888729011882231 -9.782604249629554 -19.35897020659167 1131.6359308668953 104.97285928956134 -1203171.7467122942 528001.4344882898 0.6915363245832261 -1.0278077792013418 -2.027807779201342 0.3262129419934826 0.3641061422319789
0.0141680935452 2295.576553296175 6769794010.9581585 -8627591.280112825 390925.2467498395 1146977.4737298556 0.1928368589736988 -0.564151747378488 -1.5393547852465643 2295.576553296175 0.32139476495616465 114.68362470068243 -0.21796002029039974 0.0 -402.11799094040435 -727.6023261352141 0.03140128595573205 -1202.0949303976636 0.32139476495616465 223327.6476245138 -121.23262819097158 -0.038646445512544585 -0.01985864457028214 0.989015387889262 2.201900589551125 0.5888654524110772 -9.742767023484392 -19.31027621647878 1100.172578423171 104.97247342654723 -1135802.6954295314 487447.05412349035 0.6676206229330973 -0.9902571946212815 -1.9902571946212815 0.3292892751645107 0.36708150673651296
0.0145180454558 2266.965083398939 6599939611.364517 -8242071.546572084 386128.429681515 1123250.5497614995 0.19439261158194238 -0.5503272320891893 -1.5109384588381132 2266.965083398939 0.32398768596990396 114.7688610614308 -0.18695077286820916 0.0 -385.2662394464709 -713.5705209993781 0.032064267743482644 -1171.5258012060126 0.32398768596990396 220530.5341804014 -121.32250827560188 -0.03887062335441782 -0.019941844710972073 0.9683323769115064 2.1584117929338684 0.5889992595089697 -9.702120578063589 -19.260569031516397 1069.4638619619273 104.97202587305401 -1071192.3891601872 448726.65527652425 0.6443446909416024 -0.9536540083489247 -1.9536540083489247 0.3324845909152335 0.3701690462886428
0.0148766411785 2238.02158634892 6430300278.5655985 -7869014.484958697 381274.8814436874 1099450.5645956816 0.19599840605219743 -0.5367918352826869 -1.483238754038856 2238.02158634892 0.32666401008699575 114.85700472558894 -0.15657474395186033 0.0 -368.6698118271572 -699.7358107116451 0.03273855223699708 -1141.6970611931606 0.32666401008699575 217709.6567273463 -121.41533162395262 -0.03910176254996822 -0.020027478427136522 0.9483592927745806 2.1159701276959524 0.5892759893950599 -9.660652957535738 -19.209831081097477 1039.4915606503055 104.9715097619129 -1009269.5523958021 411793.1131399779 0.6216952826875848 -0.9179762918826249 -1.9179762918826249 0.33580401391860604 0.37337352667521295
0.0152440942157 2208.75153090996 6260983604.603216 -7508144.4051128235 376365.47668445285 1075589.8468683544 0.19765612295044832 -0.5235367663826442 -1.4562389222583922 2208.75153090996 0.32942687158408057 114.94817301539709 -0.12681205067431156 0.0 -352.32378776716666 -686.092892220561 0.03342420215109045 -1112.5909928189822 0.32942687158408057 214862.88949926005 -121.51123191070155 -0.039340112633933236 -0.020115624890510497 0.9290865132126911 2.074549426192895 0.5896975677862204 -9.618352261347207 -19.158044663436435 1010.2378055717169 104.97091753210074 -949963.6385603813 376599.71891589626 0.5996596416286105 -0.8832024970542987 -1.8832024970542987 0.33925286643180175 0.37669990275081633
0.0156206233428 2179.160890026502 6092099199.723542 -7159190.735141054 371401.17220854806 1051681.1293402624 0.19936772479048231 -0.5105533323322158 -1.4299225530204533 2179.160890026502 0.33227954131747056 115.04248887016817 -0.09764301170298273 0.0 -336.2129047919043 -673.0572168281617 0.03412127332411516 -1084.1903091938013 0.33227954131747056 211987.97336095318 -121.61038697380104 -0.039585933711859075 -0.020206366282380664 0.9105050005061722 2.0341239824248563 0.5902661466940993 -9.575206659827101 -19.105191919813723 981.685114139814 104.97024085966936 -893204.892108029 343100.22076501057 0.5782254591887017 -0.8493115139075964 -1.8493115139075964 0.342836667633189 0.3801533189323165
0.0160064527394 2149.2561539702315 5923758553.625896 -6821889.113123473 366383.0108974109 1027737.5387029708 0.20113526109783278 -0.4978330208021441 -1.4042737663719245 2149.2561539702315 0.33522543516305464 115.14008110415175 -0.06904833120886988 0.0 -320.32178159560334 -660.256529013055 0.03482981427868732 -1056.4781436361422 0.33522543516305464 209082.51133678376 -121.71287079062449 -0.03983949702408071 -0.02029978792821785 0.8926061703519803 1.9946688378368682 0.590983977039757 -9.531204410238256 -19.05125485831406 953.8165277038318 104.9694705829623 -838924.59801489 311248.9839227742 0.5573807351889257 -0.8162829189577261 -1.816282918957726 0.3465611314815862 0.38373910931733524
0.016401812122 2119.0443432326297 5756074877.730048 -6495980.008895358 361312.1256133175 1003772.5838676001 0.20296087369351573 -0.4853674114010415 -1.3792770234001155 2119.0443432326297 0.3382681228225262 115.24108477979642 -0.041008900577589324 0.0 -304.6446935644075 -647.5851068943186 0.035549865764306104 -1029.4380396086462 0.3382681228225262 206143.99655187683 -121.8187850548619 -0.04010108553770372 -0.020395978438538766 0.8753820137816299 1.9561594941593312 0.5918535364905949 -9.486333873982673 -18.996215377366152 926.6154699311505 104.96859661916619 -787054.8016598437 281000.8060092358 0.5371138909591037 -0.7840967309819034 -1.7840967309819034 0.3504321740099072 0.3874628056426237
0.0168069368814 2088.5330206478507 5589162862.779046 -6181207.925054515 356189.7387616193 979800.1423190781 0.20484679991535465 -0.4731481190458099 -1.3549170051615844 2088.5330206478507 0.34141133319225775 115.34564149555163 -0.013505671969326727 0.0 -289.16986926252275 -635.3552050630985 0.03628146028663388 -1003.0539407853112 0.34141133319225775 203169.8405947878 -121.92833485538824 -0.040370994479595156 -0.020495029857757103 0.8588251719660966 1.9185717300116238 0.5928776095045283 -9.440583534340195 -18.940055244847883 900.0656611747709 104.96760787280546 -737528.1503537775 252310.8142269042 0.5174138387738388 -0.7527332549759895 -1.7527332549759895 0.3544559166106104 0.3913301413658683
0.0172220682224 2057.7303032609366 5423138455.118653 -5877322.760181461 351017.16373388976 955834.4449505658 0.20679537690268743 -0.46116689908199227 -1.331178852630631 2057.7303032609366 0.34465896150447906 115.45389980633874 0.013480108873848096 0.0 -273.8821632037884 -623.4607103090466 0.037024621621005706 -977.310181426774 0.34465896150447906 200157.37259899697 -122.04164842358125 -0.04064953193284064 -0.02059703781953717 0.842928774569025 1.8818819584444528 0.5940591282259919 -9.393942015642715 -18.882756095133452 874.1512890983262 104.96649213546038 -690278.2030125412 225134.66647818778 0.49826981306454604 -0.7221733916988535 -1.7221733916988535 0.3586386776810164 0.3953470465154557
0.0176474533075 2026.6448732589677 5258118676.871864 -5584078.926515242 345795.80957390834 931890.0588468052 0.2088090483864472 -0.44941558879478427 -1.3080480467831461 2026.6448732589677 0.3480150806440787 115.56601555703882 0.03996703386093259 0.0 -258.77148507278133 -611.7688278994409 0.03777936431075186 -952.191476940272 0.3480150806440787 197103.87143501767 -122.15885613072021 -0.04093701955924431 -0.020702101710998146 0.8276865193675557 1.8460670432933597 0.5954012566331921 -9.346398103020826 -18.824299467457234 848.8569202770091 104.96523597478544 -645239.2632676378 199428.43988872028 0.479671438723477 -0.6923984832138976 -1.6923984832138976 0.36298697874096464 0.39951965519989985
0.0180833454042 1995.2859882479017 5094221346.722222 -5301234.938830673 340527.18059313693 907981.8682629558 0.21089036862445212 -0.43788607934751816 -1.2855103520677473 1995.2859882479017 0.3514839477074202 115.68215231859735 0.06597359563967276 0.0 -243.8277288637049 -600.3243935404649 0.03854569315132544 -927.6829146567627 0.3514839477074202 194006.59706068283 -122.28012078966333 -0.04123379323351102 -0.020810324845042836 0.8130927071012909 1.8111042121991476 0.5969074292919927 -9.29794076329202 -18.76466678625439 824.1674606533538 104.96382461255554 -602346.3095901967 175148.58587567194 0.4616087593938707 -0.6633902400964624 -1.6633902400964624 0.36750754394743834 0.40385430686492607
0.0185300040357 1963.6634906698423 4931564839.744652 -5028553.260361545 335212.87892969756 884125.0536658985 0.2130420085230932 -0.42657030582195626 -1.2635518033422632 1963.6634906698423 0.3550700142051554 115.80248181428544 0.09151821086289202 0.0 -229.0387526736645 -589.2443475697684 0.03932360265924462 -903.7699448351115 0.3550700142051554 190862.8209418171 -122.4056371398168 -0.04154020379247049 -0.02092181464166048 0.799142250961837 1.7769710336116764 0.5985813640734965 -9.24855916684344 -18.703839377476484 800.0681470727711 104.9622417901905 -561534.9861055056 152251.92285621783 0.44407223675668167 -0.6351307247511886 -1.6351307247511886 0.37220730120868073 0.40835754953167624
0.0189876951354 1931.78781633435 4770267790.204895 -4765800.689094834 329854.6042039646 860335.0688552283 0.21526676020663346 -0.4154602835819766 -1.242158793451257 1931.78781633435 0.3587779336777224 115.92718436569749 0.11661914022646536 0.0 -214.39014304880544 -578.4000496262172 0.040113076527287184 -880.4383718676452 0.3587779336777224 187669.8487299741 -122.53556336864165 -0.04185661775173908 -0.02103668281846947 0.7858306183580451 1.7436455456176443 0.6004270062204792 -9.198242710636341 -18.641798451986045 776.5446069509895 104.96046962069775 -522741.70810752996 130695.70554114459 0.4270526846803227 -0.607602464471309 -1.607602464471309 0.3770933743224064 0.41303613519904825
0.0194566912052 1899.670001927058 4610448861.850526 -4512747.869184016 324454.15817543725 836627.616106775 0.2175675453170669 -0.4045480733277702 -1.2213180078647736 1899.670001927058 0.36261257552844484 116.05644939721235 0.1412945676636712 0.0 -199.87392207800895 -567.7268935367257 0.04091408706595866 -857.6743456873585 0.36261257552844484 184425.06044238815 -122.67005883473871 -0.04218341820226062 -0.02115504559115861 0.7731538788051084 1.7111061532876792 0.6024485791436023 -9.146981042295815 -18.57852515078455 753.5828120034043 104.9584884253856 -485903.58725762443 110437.57365636824 0.41054130327666355 -0.5807883673727676 -1.5807883673727676 0.38217308740321065 0.4178970264690861
0.019937271478 1867.3216912751006 4452226396.758768 -4269168.459647223 319013.4421676728 813018.6192349691 0.21994741888678135 -0.39382570939744355 -1.201016271085847 1867.3216912751006 0.36657903147796894 116.19047591670241 0.16556276039212192 0.0 -185.47659677586665 -557.4314419364381 0.041726594631580384 -835.464353357246 0.36657903147796894 181125.9650171108 -122.80937569249352 -0.042521005565056724 -0.021277023884849637 0.7611088053633414 1.679331396136114 0.6046506891117166 -9.094764085112141 -18.51400050536799 731.1689781701205 104.95627655352924 -450958.27692089847 91435.45321647031 0.39452977388537236 -0.5546715244298333 -1.5546715244298333 0.3874539685746755 0.4229474012822739
0.0204297220835 1834.7551407131903 4295718134.681785 -4034840.4730414427 313534.4596015667 789524.1948956756 0.22240957690957086 -0.38328532226690554 -1.181240830088784 1834.7551407131903 0.3706826281826181 116.32947310537796 0.1894417980938341 0.0 -171.1840030763464 -547.3125245882081 0.04255054704256799 -813.7952108838422 0.3706826281826181 177770.20801753248 -122.95366265392522 -0.04286979852641243 -0.021402743555283092 0.7496926926616253 1.6483003690723035 0.6070381432604617 -9.041582064691921 -18.448205460156753 709.2897536900738 104.9538101840799 -417844.29141230363 73647.76336274663 0.3790100644790072 -0.5292355751903408 -1.5292355751903408 0.3929437319478083 0.42819464083336645
0.0209343362189 1801.9832227714278 4141040913.8438234 -3809544.73247147 308019.31779969163 766160.6216383721 0.2249573642059666 -0.3729190027077875 -1.161979064100219 1801.9832227714278 0.3749289403432777 116.47366083828335 0.2129498762430586 0.0 -156.98799052943284 -537.3952092972548 0.04338587898337557 -792.6540551773909 0.3749289403432777 174355.64506127266 -123.10314792626627 -0.04323023502523019 -0.021532335622967715 0.7389035547324652 1.6179922827025692 0.6096161508098038 -8.987425536201966 -18.381120892253517 687.9320281433781 104.95106310613806 -386500.70752418356 57033.22120467323 0.3639746143891875 -0.5044643337289814 -1.5044643337289814 0.3986502951589552 0.4336463468824563
0.0214514143235 1769.019428742709 3988310299.756244 -3593065.198267764 302470.2254275024 742944.3072117673 0.22759427921569247 -0.3627188300041315 -1.1432185544027997 1769.019428742709 0.3793237986928208 116.62327033432283 0.2361052442900211 0.0 -142.87331716090955 -527.7931805078456 0.044232511399262965 -772.0283362084875 0.3793237986928208 170880.37798540833 -123.25808141309994 -0.04360277315640575 -0.021665936518415252 0.7287400820111132 1.5883865653732592 0.6123902808615802 -8.93228541329617 -18.31272757436069 667.0829823697483 104.9480064773238 -356867.2643639186 41550.909034218 0.3494162833182924 -0.48034187879199663 -1.4803418787919966 0.4045817703312914 0.4393103362515335
0.0219812642573 1735.877869640098 3837640287.1864696 -3385189.3120179796 296889.4951288248 719891.7538716499 0.2303239832679718 -0.3526769087656678 -1.1249471798762571 1735.877869640098 0.3838733054466197 116.77854478293247 0.25892612557036254 0.0 -128.82775511119206 -518.3520168945237 0.04509035088044379 -751.9058093516819 0.3838733054466197 167342.78702248321 -123.41866549540975 -0.04398789229563931 -0.02180368834055353 0.7192015875925157 1.559463001332179 0.6153664087758819 -8.87615299813783 -18.24300620879484 646.730150065067 104.94460855641138 -328884.47508766473 27160.345938362356 0.33532828214589605 -0.45685267725167167 -1.4568526772516717 0.4107464572874763 0.4451946384471742
0.0225242014845 1702.5732755393246 3689142944.1059375 -3185707.056442375 291279.54249884875 697019.5218115599 0.23315030754442553 -0.34278527610274395 -1.1071529210348763 1702.5732755393246 0.3885838459073759 116.9397400264718 0.28143092487249954 0.0 -114.83978078109716 -509.1527583170771 0.04595928903935607 -732.2745278791677 0.3885838459073759 163741.59948434413 -123.58516898482219 -0.04438609417811761 -0.021945739128614184 0.7102881437338924 1.5312014329165224 0.6185508544623817 -8.819020012706225 -18.171937416421414 626.861296310767 104.94083440854975 -302493.46021689003 13821.380437966844 0.32170429782651655 -0.4339813315855299 -1.4339813315855299 0.41715285741264196 0.4513075096462117
0.0230805492612 1669.120993228892 3542928058.120547 -2994411.4171063015 285642.8852832474 674344.1907959827 0.23607726061551196 -0.3330359471442643 -1.089823972343568 1669.120993228892 0.3934621010258533 117.10712527494135 0.3036381286822851 0.0 -100.89460725362446 -500.17834254748885 0.04683920188114484 -713.1228356334416 0.3934621010258533 160075.92136272226 -123.75784526620043 -0.04479790404825988 -0.02209224314806688 0.7020005163281494 1.5035819248400677 0.6219503162048725 -8.760878631466223 -18.09950173066503 607.4644920979061 104.93664557904826 -277636.0843245488 1494.2806108662044 0.3085384153022961 -0.4117127249169783 -1.4117127249169783 0.4238096635956279 0.45765742705940193
0.0236506388279 1635.5369820631354 3399102796.467979 -2811098.0820016726 279982.14362412936 651882.320071 0.23910903735914593 -0.3234208838907651 -1.0729486862152497 1635.5369820631354 0.39851506226524325 117.28098387307742 0.3255663760499936 0.0 -86.98038933387402 -491.375991840771 0.04772994917028958 -694.4393598546433 0.39851506226524325 156345.28856971054 -123.9369569870795 -0.04522387191555396 -0.022243361191290802 0.6943402128538113 1.4765846752344602 0.625571918698483 -8.701721515436592 -18.025679609000566 588.5280824765644 104.93199973335719 -254254.93183846088 -9860.281211340334 0.29582515058856806 -0.39003194903455674 -1.3900319490345567 0.4307257668994473 0.4642530974758874
0.024234809607 1601.8378078101798 3257771337.873793 -2635565.1068507624 274300.03812293155 629650.4065750571 0.24225002653256902 -0.31393195485889736 -1.0565154945495039 1601.8378078101798 0.4037500442209484 117.4616140946444 0.3472345496714444 0.0 -73.08322534800601 -482.8058689841392 0.04863137379469639 -676.2130041574993 0.4037500442209484 152549.72060224146 -124.12281116080544 -0.04566457381253379 -0.022399260894186892 0.6873095442972665 1.4501898937506064 0.6294232748477141 -8.64154184750637 -17.950451417483404 570.0406444141773 104.92685025862096 -232293.27467446707 -20281.2476705187 0.2835595000763182 -0.368924203413147 -1.368924203413147 0.4379102665103638 0.4711034681076497
0.0248334094042 1568.0406346596687 3119034516.3743463 -2467613.223988412 268599.38849957276 607664.841736701 0.24550481920046316 -0.30456096698008656 -1.0405129921045821 1568.0406346596687 0.4091746986674386 117.6493299977897 0.3686617065628566 0.0 -59.18868461149944 -474.41618927412094 0.04954330112954307 -658.4329416916125 0.4091746986674386 148689.75137443995 -124.31569668286988 -0.046120613143271566 -0.022560117068251843 0.6809115820143401 1.4243779219343937 0.6335124410502561 -8.580333369505796 -17.873797425801282 551.9910424345439 104.92114582321749 -211695.18026804528 -29807.104497840686 0.27173688334690144 -0.34837490295311846 -1.3483749029531185 0.4453724643169432 0.4782177249078895
0.0254467946165 1534.1632148977692 2982989474.236758 -2307045.387992978 262883.11256166775 585941.8667236681 0.24887821808431487 -0.29529960893044377 -1.024929824414786 1534.1632148977692 0.4147970301405248 117.84446228928061 0.38986720572573885 0.0 -45.28354210275319 -466.2132281228182 0.050465538405411244 -641.0886083994195 0.4147970301405248 144766.48228033513 -124.51593836782354 -0.046592622132115055 -0.022726112050660975 0.6751502455090354 1.3991290599086705 0.6378480042804053 -8.518090420373191 -17.79569781174736 534.3683678433433 104.91482988962956 -192405.4575467525 -38475.91440733342 0.26035321536851047 -0.3283695336921393 -1.3283695336921393 0.45312188512544593 0.48560531234393345
0.0260753304436 1500.2238765552108 2849729292.548324 -2153666.8292937707 257154.2229010578 564497.5265530531 0.2523752449692747 -0.2861394507489524 -1.009754697915116 1500.2238765552108 0.4206254082821245 118.04735930157673 0.4108707103670086 0.0 -31.35234184338158 -458.2094536751758 0.051397874080571816 -624.1696964717396 0.4206254082821245 140781.61642116282 -124.72387612667353 -0.04708126325949335 -0.022897436071253413 0.6700303079697045 1.3744235774452995 0.6424390857737595 -8.454807976171933 -17.716132633301424 517.1619529783675 104.90784017480925 -174369.71045855057 -46325.27939853043 0.24940489968757998 -0.3088936660596029 -1.308893666059603 0.4611682824517632 0.4932759406346414
0.0267193911055 1466.2415086599497 2719342658.2008805 -2007285.047194534 251415.8256111756 543347.6230411682 0.25600115065211215 -0.27707193729304946 -0.9949763801358316 1466.2415086599497 0.42666858442018696 118.25838793057713 0.4316922042843554 0.0 -17.380441906666785 -450.3721651410247 0.05234007722393658 -607.6661479133076 0.42666858442018696 136737.48917821483 -124.93985092102662 -0.0475872308687332 -0.02307428763844538 0.6655574122268545 1.350241708730352 0.6472953547497333 -8.390481691506471 -17.63508183690771 500.3613788291886 104.90010805345936 -157534.38215433728 -53392.31050767499 0.2388888278066675 -0.28993295539345953 -1.2899329553934595 0.4695216511577198 0.5012395993411011
0.0273793600658 1432.2355440476158 2591913511.0624495 -1867709.51727296 245671.1165662667 522507.6668028585 0.2597614226819903 -0.2680883414641327 -0.9805836072269472 1432.2355440476158 0.43293570446998386 118.47793468278886 0.4523520972430366 0.0 -3.352601455441571 -442.7070715947886 0.05329189691144626 -591.5681482388773 0.43293570446998386 132637.1061214203 -125.16424115126756 -0.04811125276011107 -0.02325687394468334 0.6617381459983032 1.3265635093504262 0.6524271016877852 -8.325107942441262 -17.552525230522516 483.95643231813216 104.89155789659968 -141846.73579212214 -59713.63721614884 0.22880244152831936 -0.27147302289373054 -1.2714730228937305 0.4781922541981515 0.5095065820408272
0.0280556302594 1398.2259398159315 2467520715.02335 -1734751.7949184717 239923.37846615355 501992.82860102237 0.263661794073776 -0.2591797675306878 -0.9665651042515669 1398.2259398159315 0.43943632345629335 118.70640677160405 0.4728712192047265 0.0 10.746866668863717 -435.20705072934044 0.054253061639210474 -575.8661203315929 0.43943632345632105 128484.15987298539 -125.39743397451366 -0.0486540919004642 -0.02344541129126835 0.6585800446741679 1.3033688818919191 0.6578452379759652 -8.258683871286769 -17.468442471762824 467.9371288288421 104.88210633927216 -127254.9220306558 -65325.36087358423 0.21914372121787448 -0.2534994820250638 -1.2534994820250638 0.48719063839120924 0.5180875021602129
0.0287486043269 1364.233155097195 2346237732.8955574 -1608225.3046589803 234175.97676018855 481817.8901050822 0.2677082510626469 -0.2503371093653612 -0.9529095038676869 1364.233155097195 0.44618041843774486 118.94423320664137 0.493270914570058 0.0 24.934515060228254 -427.88386875515 0.055223278759963045 -560.5507184041915 0.4461804184696023 124283.0533991529 -125.63985153078949 -0.04921654817938151 -0.023640125534560488 0.6560916608190005 1.2806374496556154 0.6635613625674188 -8.191207432822928 -17.382813042815403 452.29367991621734 104.8716614687526 -113707.9783791776 -70263.05184060606 0.20991124238125566 -0.23599783385871875 -1.2359978338587188 0.4965276698690273 0.5269933249363178
0.0294586948537 1330.2781263451768 2228132319.8729086 -1487945.5082655463 228432.35560402 461997.19445146684 0.27190704076214295 -0.24155106234446885 -0.9396053841168093 1330.2781263451768 0.4531784012702383 119.19186598181454 0.513573017153429 0.0 39.227574423010346 -420.7037177614415 0.05620223394694485 -545.6128221126721 0.45317840437016355 120038.90016820596 -125.8919111000522 -0.04979946024786781 -0.023841252552773206 0.6542825557015454 1.2583486090851344 0.6695877494950195 -8.122677442516986 -17.29561622778199 437.01652724040184 104.86012192499174 -101155.91011110018 -74561.69347521715 0.20110415443130705 -0.2189535160082594 -1.2189535160082594 0.506214553207033 0.5362353858145158
0.0301863246166 1296.382239747641 2113266237.934711 -1373729.596704233 222696.03383521602 442544.5966571053 0.2762646789490149 -0.23281206127265744 -0.9266411420118534 1296.382239747641 0.46044113158169153 119.44978126969534 0.5337999895698382 0.0 53.642196744705544 -413.66559922178675 0.05718959069262828 -531.0435307590251 0.4604412094427938 115757.53682662129 -126.1540716873294 -0.05040370745698886 -0.0240490387358149 0.6531634001815793 1.236481335823883 0.6759374454194955 -8.053093626135723 -17.206831095576945 422.0962901672726 104.8473759029416 -89549.6690818258 -78255.69267270554 0.1927222685998877 -0.20235173982072396 -1.202351739820724 0.5162628877897678 0.5458254400258649
0.0309319268346 1262.5673010701291 2001694968.7143517 -1265396.505166871 216970.59866359652 423473.41436116135 0.28078795442471866 -0.22411026210626614 -0.9140049593838784 1262.5673010701291 0.46797992404119776 119.71848071044096 0.5539749646573193 0.0 68.19711684825218 -406.79244201831875 0.05818498984640142 -516.8341576561052 0.46798077939641236 111445.51505527052 -126.42682713615557 -0.05103021175770141 -0.024263741496645043 0.6527460112861081 1.215014131062085 0.6826243019626941 -7.982456671506696 -17.116436444249235 407.5237669641988 104.83330004604032 -78841.19892533188 -81378.84567535456 0.18476608724491034 -0.18617744645025525 -1.1861774464502552 0.5266847102028145 0.5557756997761784
0.0316959454275 1228.8555026458246 1893467471.454711 -1162767.0768710824 211259.70106103254 404796.3790263068 0.2854839351320083 -0.2154355505232021 -0.9016848309878689 1228.8555026458246 0.4758065585533472 119.9984926516479 0.5741217275654782 0.0 82.91096694044833 -400.0477990545123 0.05918804920260787 -502.9762245775912 0.47581200894324854 107110.07572834015 -126.71066741872505 -0.051679939773772963 -0.02448562980593265 0.6530433505277966 1.1939250602973541 0.6896629689763034 -7.910768281996637 -17.024410780047486 393.28996793891366 104.8177582190774 -68983.513884572 -83964.28314207902 0.17723679197444944 -0.1704153432659261 -1.1704153432659261 0.5374925310198259 0.5660988674365547
0.0324788352795 1195.269387556224 1788625952.2331111 -1065663.7826631216 205567.04970669156 386525.5879348623 0.29035997147726006 -0.206777471387491 -0.8896684126792542 1195.269387556224 0.48393328579543343 120.29037348551392 0.5942648731161793 0.0 97.80239258935288 -393.43664137180957 0.06019836314206165 -489.4614563513373 0.4839570561918821 102759.13516742874 -127.00612871112008 -0.052353904873076514 -0.024714984749881486 0.6540696383518342 1.1731915237537367 0.6970690048192647 -7.83803123190234 -16.93073227238928 379.38605991260647 104.80060014561819 -59930.67960331637 -86044.47811865775 0.17013635255640078 -0.1550497081539035 -1.1550497081539035 0.5486994167308907 0.5768082060597135
0.0332810625109 1161.8318109644015 1687205656.7988646 -973910.8430082258 199896.40421511055 368672.4572702553 0.2954236974184856 -0.1981252241256323 -0.8779430127510134 1161.8318109644015 0.49237282903080937 120.59470897122725 0.614429816279796 0.0 112.89149352030095 -386.95371544852645 0.06121550234161969 -476.28177553768097 0.49245155917961625 98401.24298951412 -127.31376727978113 -0.05305316926500111 -0.02495210011145746 0.6558403719527897 1.152790242782917 0.7048588888180523 -7.764249423760128 -16.835378698058037 365.8033869559579 104.78165989662442 -51637.87855159493 -87651.19847628087 0.16346754292198026 -0.1400643783751434 -1.1400643783751434 0.5603190458467173 0.587917588165077
0.0341031047549 1128.5658986658375 1589234697.8102038 -887334.15613491 194251.56863103158 351247.67663212435 0.30068303023576587 -0.18946762110491847 -0.8664954991009535 1128.5658986658375 0.5011383837262765 120.91211559659885 0.6346428846253231 0.0 128.19841037887952 -380.59142038349285 0.06223901355658026 -463.42929724872977 0.5013505704890333 94045.53883777441 -127.63417270901743 -0.05377884616404556 -0.025197282974421788 0.6583723976622812 1.1326971207426713 0.7130500885801374 -7.689427947777877 -16.738327391714115 352.53345193142644 104.76075421172312 -44061.43263499024 -88815.48741535665 0.1572340139360047 -0.1254426308451786 -1.1254426308451786 0.5723657939603334 0.5994415690203564
0.0349454514424 1095.4950027777656 1494733903.9708948 -805761.3180919753 188636.38358236363 334261.1652547946 0.306146166156408 -0.18079305985435984 -0.8553122310191819 1095.4950027777656 0.51024361026068 121.24324187249195 0.6549313792414981 0.0 143.74471831349842 -374.3506816311663 0.06326841949095405 -450.89632405759704 0.5107317460351111 89701.69498692402 -127.96796489984968 -0.05453210191482996 -0.025450854350381205 0.6616839625036103 1.1128871431085463 0.7216611061814967 -7.61357314325137 -16.639555172579925 339.5679143303273 104.73768063582095 -37158.84239597726 -89567.63238776903 0.15144035224293026 -0.1111670940524978 -1.1111670940524978 0.5848548186240161 0.6113954594505664
0.035808604093 1062.642654695741 1403716710.3325877 -729021.6727299767 183054.71908603833 317722.03030722844 0.3118215741384561 -0.17208950037829437 -0.844378999564293 1062.642654695741 0.5197026235640936 121.58876966298868 0.6753236239998006 0.0 159.55216444372175 -368.213215797196 0.06430321876551791 -438.67534102981983 0.5206946123354625 85379.846609515 -128.31578422867398 -0.05531415817175629 -0.025713149827382674 0.6657947582005388 1.0933342914917414 0.730711516614229 -7.536692662250446 -16.539038283702386 326.89859508484824 104.71221544976062 -30888.831257007492 -89937.13114595701 0.14609213463644524 -0.09721967100342033 -1.0972196710034203 0.597802151160097 0.6237954049414985
0.0366930766141 1030.032515209057 1316189074.3602011 -656946.220997433 177510.4660672595 301638.5275232011 0.3177179841374016 -0.16334440755754487 -0.8336808821832873 1030.032515209057 0.529529973562336 121.9494154277246 0.6958490913790487 0.0 175.64321138860262 -362.1812361961821 0.0653428859976672 -426.75901084830195 0.5313564087477046 81090.519808385 -128.67831640320316 -0.056126293995691336 -0.025984520240082683 0.6707260153460167 1.0740113320874856 0.7402220569638833 -7.458795535286758 -16.436752305937762 314.5174467510366 104.68411137185463 -25211.355774040672 -89952.6791882368 0.14119604178368073 -0.08358135143098222 -1.0835813514309822 0.611224821803158 0.6366584926065854
0.0375993956065 997.6883220555626 1232149429.2412937 -589367.7341702036 172007.52769454083 286018.0246003375 0.32384437046694053 -0.15454473585897602 -0.8232021840820808 997.6883220555626 0.5397406174449009 122.32593140791964 0.7165384333628201 0.0 192.0414772644776 -356.2471760206021 0.0663868720081686 -415.140169057537 0.5428460408470952 76844.53927977952 -129.05627267138937 -0.05696984789117383 -0.026265332358141692 0.6765005343334853 1.0548897369748211 0.7502146518972114 -7.379892239531171 -16.332672065883287 302.4165684520309 104.65309500540847 -20087.656728799146 -89642.13052244749 0.1367599168885845 -0.0702321357434319 -1.070232135743432 0.6251409674070438 0.6500028437583197
0.038528100678 965.6338347960028 1151588675.8511043 -526120.7388743393 166549.81056402542 270866.9675898454 0.33020992963334 -0.14567688251793584 -0.8129263013485093 965.6338347960028 0.5503498827222334 122.71910665039226 0.737423581373724 0.0 208.77092897634816 -350.4014348355911 0.06743460416984662 -403.81181940610645 0.5552978432471362 72652.93308718846 -129.4504006263117 -0.057846219765080704 -0.026555969592182094 0.6831427610988795 1.0359394911153528 0.7607124846714539 -7.299994769181738 -16.226771540050866 290.58819031984564 104.6188640037379 -15480.279579822187 -89032.47838215074 0.1327928783766461 -0.05715085791953367 -1.0571508579195337 0.6395699746232583 0.6638477369082897
0.0394797447647 933.892777261626 1074490208.6055512 -467041.56433415855 161141.21513164774 256190.85067102872 0.3368240498563378 -0.13672665215527557 -0.8028355971692609 933.892777261626 0.5613734164272297 123.1297679408441 0.7585378192579688 0.0 225.85650878036418 -344.64016132110277 0.06848548691779491 -392.7671292943461 0.5688464033679478 68526.82576383051 -129.86148282670473 -0.05875687269560032 -0.02685683271308563 0.6906788436149591 1.0171289236114818 0.7717400492568507 -7.219116708411851 -16.119023737226527 279.02467020486785 104.58108392184211 -11353.103969459133 -88149.829584166 0.12930542718772942 -0.044315025067142244 -1.0443150250671422 0.6545326283259925 0.6782137355310502
0.0404548944604 902.4887775974397 1000829983.2941957 -411968.39174731215 155785.62617375422 241994.1895701177 0.34369627277624115 -0.1276792200504295 -0.7929112634842747 902.4887775974397 0.5728271212937353 123.55878043869416 0.7799158578094606 0.0 243.32376988801644 -338.95453234098 0.0695389024389218 -381.9994253241214 0.583623092100716 64477.32304307449 -130.29033575067757 -0.059703334531185655 -0.0271683405816381 0.6991366877657668 0.9984245214618336 0.7833232024890571 -7.137273306730385 -16.009400579197006 267.7184901526408 104.53938472034686 -7671.370200096606 -87019.38100172498 0.1263095664720315 -0.03170063799351608 -1.031700637993516 0.6700512780019939 0.6931228320880495
0.0414541303536 871.4453061443888 930576620.7440599 -360741.2993104146 150486.902590057 228280.4989653681 0.3508362437983789 -0.11851909195443643 -0.7831331581185682 871.4453061443888 0.5847270729972982 124.00704809124633 0.80159391487873 0.0 261.1990237571024 -333.3382327811579 0.07059421156291729 -371.50218895825816 0.5997544234078027 60515.39013449144 -130.73781196560776 -0.06068719917471661 -0.027490930882711713 0.7085460143971206 0.9797907128454196 0.7954892184302886 -7.054481557078134 -15.8978727583706 256.662249751021 104.49335688449494 -4401.699980825035 -85665.39938752777 0.12381894139982244 -0.019281979848365438 -1.0192819798483654 0.6861500248841264 0.7085986105954171
0.0424780473733 840.7856112520318 863691552.4564862 -313202.3326006923 145248.8672744857 215052.27412160533 0.3582536509895047 -0.10923006994926715 -0.7734796383902302 840.7856112520318 0.5970894183158412 124.47551364978212 0.8236097799256109 0.0 279.50912377495024 -327.7809011114712 0.07165075487822897 -361.2690522775786 0.6173620301493715 56651.72270476222 -131.2047964693582 -0.0617101275432017 -0.027825060858530246 0.7189384031434207 0.9611896514800651 0.8082668306198834 -6.970760276551656 -15.784409590716262 245.8486653989367 104.44254711668975 -1512.1185423315237 -84111.20045131113 0.1218489848275796 -0.007031399916638259 -1.0070313999166383 0.702854926259377 0.7246664257125989
0.0435272551434 810.5326532572037 800129202.7003176 -269195.548741212 140075.29637125437 202310.97703379949 0.36595814849760466 -0.09979520860214063 -0.7639273502234305 810.5326532572037 0.6099302474960078 124.96515820475904 0.8460028972725773 0.0 298.2813870103669 -322.2755956066471 0.0727078540987651 -351.2937938412084 0.6365639090301406 52896.61524258519 -131.6922123787126 -0.06277384803293777 -0.02817120803297222 0.7303473445788576 0.9425809428364764 0.8216862844294754 -6.886130189950011 -15.668978844190548 235.27056030668638 104.38645355807901 1027.9340590945221 -82379.13468262102 0.12041709708284985 0.005080960381713684 -0.9949190396182863 0.720194234526987 0.7413536136507592
0.0446023783455 780.7090368653587 739837210.6919959 -228567.10516780464 134969.90855187978 190057.02732265255 0.3739592632307523 -0.0901967852968842 -0.7544510239645608 780.7090368653587 0.6232654387179205 125.47700016766744 0.8688144147533599 0.0 317.5437804868431 -316.81622998252095 0.07376481370922182 -341.570334654279 0.6574765160803461 49259.82462650495 -132.2010150282892 -0.06388015642232607 -0.028529870917228976 0.7428082646740117 0.9239213897075345 0.8357793635382533 -6.800614016296527 -15.551546555698328 224.92086618168815 104.32452049033672 3247.586776690133 -80490.57009459601 0.11954282595609125 0.017087433295359444 -0.9829125667046406 0.7381986541986832 0.7586897219994594
0.0457040570906 751.3369421529858 682756690.1034244 -191165.34429692174 129936.35404551978 178289.79807910233 0.3822662811885894 -0.08041627157998135 -0.7450232423089799 751.3369421529858 0.6371104686476491 126.01209349815745 0.8920872263386691 0.0 337.32451036537947 -311.38927127496953 0.07482092291977646 -332.0927342399 0.6802173431450669 45750.43383664819 -132.73218764063802 -0.06503091504720308 -0.028901569685511018 0.7563585391983483 0.9051647072475868 0.8505794088887348 -6.714236558373519 -15.432076828858817 214.79262342812078 104.25613246500514 5174.527462155586 -78465.87886401235 0.1192480705506992 0.0290231270544139 -0.9709768729455861 0.7569016343636731 0.7767067747343629
0.0468329473007 722.4380544514709 628822525.9461343 -156840.86262195057 124978.20367683044 167007.6168319757 0.3908881106532453 -0.07043430066115468 -0.7356141653999664 722.4380544514709 0.6514801844220756 126.57152500947528 0.9158660190221093 0.0 357.6516311636676 -305.98594552236 0.07587545796489348 -322.85518680954357 0.7049076458098811 42376.71875916253 -133.28674263515722 -0.06622805110580905 -0.029286846806909184 0.7710375035411897 0.8862611866259245 0.8661213362575263 -6.627024795348069 -15.310531617464187 204.87897579185054 104.18060780408851 6835.001161840798 -76324.42956030894 0.11955731911911421 0.04092628403120924 -0.9590737159687908 0.7763397122492312 0.7954395881352972
0.0479897210991 694.0334934274936 577963704.5878388 -125446.5928267698 120098.93755060382 156207.77178993545 0.39983311681024103 -0.06023064252308815 -0.7261912305109233 694.0334934274936 0.6663885280170684 127.15641059078052 0.940197297506145 0.0 378.5534570934198 -300.5999109761229 0.07692768478102174 -313.8520175458458 0.7316749639222266 39146.01988622519 -133.86572045185042 -0.0674735538359237 -0.02968626761624235 0.7868864387277662 0.8671573364273621 0.8824416337971122 -6.539007978655324 -15.186870479890556 195.17316757388593 104.09719141153418 8253.811286414575 -74084.58110937662 0.1204979107106978 0.052838672441433365 -0.9471613275585666 0.7965529051755821 0.8149261380334074
0.0491750672102 666.1437417057168 530103678.75112534 -96837.9335776188 115301.9340006795 145886.5234709045 0.40910892528507137 -0.04978420792767679 -0.7167188698912393 666.1437417057168 0.6818482088084523 127.76789003260006 0.965129338917213 0.0 400.05778674106944 -295.2146671532984 0.07797686210550568 -305.0776789924997 0.7606549617881788 36064.62051360828 -134.47017106079971 -0.06876947040478933 -0.030100420803098136 0.8039485003743365 0.847795568567375 0.8995783067803758 -6.450217731337042 -15.061050322161593 185.66855825386156 104.00504683269499 9454.315541244403 -71763.67363486873 0.12210029156588414 0.06480595545297207 -0.9351940445470279 0.8175851358163762 0.835207969944168
0.0503896913703 638.7885732617284 485160762.9181619 -70872.80156087794 110590.45854809256 136039.12173793267 0.4187221887029511 -0.0390730258263914 -0.7071581147296861 638.7885732617284 0.6978703145049185 128.40712018691363 0.9907121997752324 0.0 422.1914088064232 -289.8210153199106 0.07902224503891829 -296.5267475431209 0.791992203626128 33137.641032612526 -135.1011623527504 -0.07011790020790426 -0.03052991879638532 0.8222686690592549 0.828113733926223 0.9175708498008753 -6.3606881505784445 -14.933025119781979 176.35861031015247 103.90324749560418 10458.443916475646 -69378.03378336338 0.12439835455433643 0.07687820814238211 -0.9231217918576179 0.8394847751929836 0.8563307306801827
0.0516343167471 611.9869820960802 443048555.2667897 -47411.75758773717 105967.65266172368 126659.82831464101 0.42867830906408283 -0.028074266848419946 -0.6974662360543892 611.9869820960802 0.7144638484401381 129.07526613958171 1.0169976123857487 0.0 444.9803812581007 -284.40858461120735 0.08006308911885315 -288.1939200502364 0.8258388773972705 30368.94664511361 -135.75976230512265 -0.07152098719107874 -0.0309753980134103 0.8418936117897395 0.8080447379348712 0.9364601362841039 -6.270455913980742 -14.802745606715588 167.23690335182934 103.79076706693844 11286.706445171803 -66942.97335463848 0.12742976334960135 0.08911038800032178 -0.9108896119996782 0.8623052268638742 0.8783447634642153
0.0529096843708 585.7571114483972 403676387.40448964 -26318.113104891847 101436.5231479035 117741.94470272455 0.4389811131687068 -0.016764276213124357 -0.6875963370198419 585.7571114483972 0.7316351886145114 129.7734898863202 1.0440388515946695 0.0 468.4487489507455 -278.95976343582356 0.0810986549573501 -280.0740105351834 0.8623503551006086 27761.07648159899 -136.4470248528958 -0.07298090996248004 -0.03143751894102921 0.862871505509835 0.7875161093249258 0.9562882779690999 -6.179560389235513 -14.670158960759203 158.29714464304678 103.66646885558455 11958.209750599804 -64472.794191382774 0.1312363168953237 0.10156286938178194 -0.8984371306182181 0.8861056158801811 0.9013058337580441
0.0542165535748 560.1161840123291 366949793.64270926 -7458.013469974743 96999.9313533245 109277.84544382652 0.4496324700287599 -0.005118613091028008 -0.677496873578225 560.1161840123291 0.7493874500479332 130.50293612731718 1.0718905764697082 0.0 492.6182396176939 -273.4632965631492 0.08212821349588036 -272.16194701694883 0.9016758439351431 25315.198584376387 -137.16398413412213 -0.07449986909928841 -0.0319169660076811 0.8852518217633812 0.7664494936846932 0.9770984552012236 -6.088043747400461 -14.535208452089408 149.5331713349161 103.52909419828157 12490.6841426758 -61980.799906529646 0.13586437171544805 0.1143020718604536 -0.8856979281395464 0.9109516044147522 0.9252760204560421
0.0555557024481 535.0804335583629 332770999.85635275 9299.437482530135 92660.58288298929 101259.01658996992 0.4606318455891399 0.006887858826577286 -0.6671111960729984 535.0804335583629 0.7677197426485665 131.26471451147833 1.1006085465755682 0.0 517.507679845916 -267.90430967520393 0.08315105194108882 -264.4527684483568 0.9439413332753217 23031.09157955755 -137.91162851319092 -0.07608007125937162 -0.03241444719901654 0.9090850026617436 0.744760213226642 0.9989346492253864 -5.995951079710326 -14.397833080823698 140.93897301598952 103.37724976817434 12900.506380076135 -59479.30523328716 0.14136526001317717 0.1274010632782896 -0.8725989367217104 0.9369162788203615 0.9503247473210708
0.0569279282985 510.66503837341094 301039426.3565434 24082.07681028149 88421.0175812649 93676.0991916462 0.47197578508817056 0.01928086007377408 -0.6563770295963103 510.66503837341094 0.7866263084802843 132.05987768076872 1.130249278883974 0.0 543.1317601706027 -262.2643841719207 0.08416648044296249 -256.9416217692227 0.9892213894836069 20907.158734393874 -138.69088009745923 -0.07772370946211922 -0.03293069336214547 0.9344220671701433 0.7223567749010373 1.0218413179996286 -5.903330517733259 -14.257967193296917 132.5087088650604 103.2093937544847 13202.732248717057 -56979.65203548245 0.14779575868985897 0.1409402436976629 -0.8590597563023371 0.9640811466197206 0.976530018349923
0.0583340481275 486.884056995494 271652201.58356845 37014.580569577636 84283.60002931174 86518.93757904913 0.48365731529130435 0.032086542211430986 -0.6452259288506043 486.884056995494 0.8060955254855072 132.88939435055465 1.1608695966349027 0.0 569.5000664543795 -256.5278985280195 0.08517383958721866 -249.62375907379587 1.0374953328490755 18940.47514657716 -139.5025687920291 -0.07943293890736282 -0.03346645713330387 0.9613141105224192 0.6991403847807373 1.0458629803664288 -5.810233356800553 -14.115540087075036 124.2367303688418 103.02382087745383 13411.133045830948 -54492.22827296903 0.15521858503691208 0.15500806437408798 -0.844991935625912 0.9925371800378764 1.0039798426223245
0.0597748991162 463.750366662789 244504681.48964766 48218.35906884313 80250.51036724073 79776.6321377011 0.49566525643164344 0.04533128101874578 -0.6335827183755922 463.750366662789 0.8261087607194058 133.75411644206258 1.1925260423438135 0.0 596.6160492657967 -250.67679358908012 0.08617250877227148 -242.49453489924264 1.0885835622018358 17126.86862873502 -140.34739892685747 -0.08120984752999082 -0.03402251141481141 0.9898116726240096 0.6750044906569199 1.0710436869183548 -5.716714182274366 -13.970475599423118 116.11761157180827 102.81864622166204 13538.235520055658 -52026.48951997694 0.1637029119046038 0.1697017680150691 -0.8302982319849309 1.022385799380935 1.0327738067424281
0.0612513391244 441.27560496759384 219490971.64554983 57811.44609760353 76323.73586532063 73437.59624944587 0.5079834371161682 0.059041399484163835 -0.6213649450221073 441.27560496759384 0.8466390618602804 134.65473929191901 1.225274116838173 0.0 624.4751922611702 -244.68927965469345 0.08716191555302663 -235.54940362597387 1.1420630169650552 15461.032905527085 -141.22590384758874 -0.08305642051767012 -0.034599647314409815 1.0199639440116282 0.6498343969130675 1.0974263488557143 -5.622830998312041 -13.822691699860341 108.14619147824546 102.5917879024925 13595.363825460381 -49590.98232850621 0.17332488215134786 0.18512811583975242 -0.8148718841602476 1.053739587429758 1.0630246728746502
0.0627642472008 419.47011513188176 196504446.54627028 65908.4172515687 72505.06299766284 67489.61699779074 0.5205898025041504 0.07324284110294275 -0.60848228274035 419.47011513188176 0.8676496708402508 135.59175367200706 1.2591673880999008 0.0 653.0634562522772 -238.54635859596777 0.08814154602596046 -228.78391700389275 1.1971713659036567 13936.670954727886 -142.13840650565245 -0.08497449778801144 -0.035198671449272946 1.0518178311817217 0.623506867163775 1.125051950258972 -5.528645358293423 -13.672100083256069 100.31761058149637 102.34094861761139 13592.690901486609 -47193.37411362245 0.18416816034147102 0.20140417898551066 -0.7985958210144893 1.0867224494113046 1.0948598132072513
0.0643145241066 398.34289543022567 175438262.09544665 72620.27897453029 68796.07015997723 61919.91922196393 0.5334554089786496 0.08796072397261474 -0.5948360341032999 398.34289543022567 0.8890923482977494 136.56538831834683 1.2942563141944496 0.0 682.3554699125692 -232.22547547938998 0.08911095634582912 -222.19372179479402 1.2527328483590114 12546.662008043375 -143.08495284652906 -0.0869657233816122 -0.035820402500584304 1.0854167706196214 0.5958899350557004 1.1539585358615783 -5.434222496287695 -13.518605776165934 92.62737472443088 102.06359619357252 13539.2862051237 -44840.48109903472 0.1963244223218719 0.2186580082023284 -0.7813419917976716 1.121468527616682 1.128421903528602
0.0659030928521 377.90155313580067 156185857.71954387 78054.38650689682 65198.12133824441 56715.23241991327 0.5465433032859761 0.10321881332821334 -0.5803186419165276 377.90155313580067 0.9109055054766269 137.57554148123464 1.3305868635600993 0.0 712.3118960978707 -225.7023958742292 0.09006978545249182 -215.77455753582433 1.3071827281776027 11283.246800466217 -144.06524674667014 -0.08903148574593257 -0.03646566689376239 1.1207993387140476 0.5668427943825826 1.1841800259047153 -5.339631458033149 -13.36210678559315 85.07141757474736 101.75694330337865 13443.171478472168 -42538.30210292988 0.20989383323742078 0.23702929362856917 -0.7629707063714308 1.1581190716383913 1.1638681103083461
0.0675308992455 358.1522635160881 138641442.47334647 82314.35857772682 61712.36032610352 51861.86000596996 0.5598072812568676 0.11903886387065281 -0.5648133117790939 358.1522635160881 0.9330121354281128 138.6216998034447 1.368198823649019 0.0 742.8771426496909 -218.95264437248983 0.09101776909458699 -209.5222544288968 1.3588220679840952 10138.222399197819 -145.07856825138265 -0.09117284755609797 -0.03713529345995759 1.1579975763193768 0.5362159225259368 1.2157447806440587 -5.244945230215559 -13.20249378516809 77.64617996268223 101.4179266265062 13311.377628418037 -40292.0533816503 0.22498544089126415 0.25666988470690655 -0.7433301152930935 1.1968159318793763 1.2013662943088184
0.0691989124569 339.09973423570926 122700462.61874247 85499.99879354169 58339.70604815224 47345.75035299372 0.5731905349810311 0.13543982008324337 -0.5481937849720977 339.09973423570926 0.9553175583017186 139.70284286735517 1.407123773329621 0.0 773.9762241564514 -211.94998363598233 0.09195475522937106 -203.43273134468907 1.4064440651518464 9103.13791058523 -146.12367695605158 -0.09339046402142229 -0.03783010692362838 1.1970350035009354 0.5038514913575739 1.24867389420002 -5.150240865696559 -13.039649890255935 70.34870427889342 101.04318583602551 13150.003730816237 -38106.20548708156 0.24171744519921676 0.2777441192245198 -0.7222558807754802 1.2376901935934286 1.2410861241224558
0.0709081255946 320.7471756395849 108260045.48657957 87707.22781899746 55080.84856609469 43152.569055795575 0.5866241953938144 0.1524368590412197 -0.5303243064177553 320.7471756395849 0.977706992323024 140.81733154825514 1.4473826859052688 0.0 805.5118127975403 -204.66859053968574 0.0928807208704479 -197.5019939547389 1.4502606426416453 8169.482474814609 -147.19870252630528 -0.09568448826303154 -0.038550920042437375 1.2379242932610346 0.4695841288522917 1.2829791911504587 -5.055599602392929 -12.873450525403499 63.17674195383712 100.62904294419378 12964.279008634467 -35984.52239056943 0.26021730093801054 0.30042890359255003 -0.69957109640745 1.2808448733616857 1.2831824628227757
0.0726595562968 303.09627727706174 95219417.38672654 89028.01233662287 51936.24627589106 39267.771807200144 0.6000257969374115 0.17004022937768015 -0.5110599301790981 303.09627727706174 1.000042994895686 141.9627784362213 1.4889830647165878 0.0 837.3604410694552 -197.0783686933501 0.09379579044686577 -191.72613297949516 1.492325164271596 7328.857201026712 -148.30100831058422 -0.09805446280875825 -0.039298524215484715 1.280664532036376 0.4332422303034187 1.3186608573657883 -4.9611069724415495 -12.703763450839624 56.12888811975057 100.17148271747025 12758.623674733653 -33930.10045533655 0.2806215371406903 0.3249133599272427 -0.6750866400727573 1.3263325225974945 1.327768895788135
0.0744542473373 286.1471910155847 83480291.28810918 89550.32284252238 48906.12395893962 35676.67726838316 0.6132976949682492 0.18825391621156304 -0.4902471417050438 286.1471910155847 1.022162824947082 143.13589865066 1.5319156832420382 0.0 869.3686508296488 -189.1513066765496 0.09470025571254627 -186.1013225583343 1.5349687339641407 6573.124947108666 -149.42705118688127 -0.10049919606455804 -0.040073678366082194 1.325238107263434 0.3946497709085387 1.3557047501465527 -4.866852897539098 -12.530448971157087 49.204720342610116 99.6661350880106 12536.715390908692 -31945.41138268481 0.303075282316352 0.3513980659297212 -0.6486019340702788 1.3741335516108766 1.3748831436746898
0.0762932672465 269.8985211161268 72947221.9389601 89358.0817222124 45990.471893133355 32364.539319615462 0.6263254889841092 0.20707404678255617 -0.467725064904111 269.8985211161268 1.0438758149735154 144.3323397297129 1.5761507500694043 0.0 901.3493123186972 -180.85952171498855 0.09559459722904685 -180.62381873629514 1.578888408211565 5894.532881279789 -150.5722063981346 -0.1030166231325485 -0.04087709589817888 1.37160709885806 0.353628992364995 1.394079266824256 -4.772931765717856 -12.35336039241818 42.404972730578706 99.10826075309767 12301.552334510392 -30032.343313761987 0.3277312838845445 0.3800935404340726 -0.6199064595659274 1.4241478182732838 1.4244551416866194
0.0781777109475 254.34732151489982 63527926.04677356 88531.12910085439 43189.04609356124 29316.61805771221 0.6389765252792161 0.2264870616894831 -0.44332730777035767 254.34732151489982 1.0649608754653603 145.54648980845232 1.6216335676950027 0.0 933.0772173353433 -172.17250417385068 0.09647950739949854 -175.2899580674273 1.6240604434531927 5285.805979315575 -151.7305762536783 -0.10560365081089745 -0.04170942953232063 1.4197092191132723 0.3100040031670833 1.4337318189740353 -4.679442483254211 -12.172344799612606 35.731726613361616 98.49274145421472 12055.518211762073 -28192.24352018116 0.3547483436479119 0.4112179033758184 -0.5887820966241816 1.4762148470028391 1.4763021316805693
0.0801087004079 239.48910059373742 55133565.32387834 87145.20047242948 40501.369607071974 26518.24893264504 0.6510985755434048 0.24646763261152832 -0.41688463203868487 239.48910059373742 1.0851642925723413 146.7712641226438 1.6682796605336563 0.0 964.2850338181976 -163.0618045527637 0.09735591499357736 -170.0961563311355 1.6704044235996522 4740.211702004389 -152.8947789975571 -0.10825598719834868 -0.04257125383748164 1.4694532879269593 0.2636055172005801 1.4745848996117283 -4.586488494584815 -11.98724422712417 29.188621560702558 97.8140767819537 11800.447568838179 -26425.961464622218 0.384288995354618 0.44499346841530507 -0.5550065315846949 1.53016147587059 1.5301753833673315
0.082087385308 225.31783360361595 47678990.964816794 85271.91574710832 37926.73490711867 23954.90941781637 0.6625188194636271 0.266976324956444 -0.38822864004290525 225.31783360361595 1.1041980324393785 147.99787117902935 1.7159693923964734 0.0 994.6597217616192 -153.5016889663992 0.09822501103593931 -165.0389073573217 1.7178058052722418 4251.598564502774 -154.05571882912608 -0.1109679573803369 -0.043463045307270694 1.5207142668319362 0.21427694925123184 1.51653176485621 -4.494177761289085 -11.79789731638671 22.781085844582336 97.066389737171 11537.69085748917 -24733.891791679052 0.4165162343925577 0.4816420156825163 -0.5183579843174837 1.5858401756135163 1.5858410338282924
0.0841149437251 211.82598293354357 41082948.536498256 82978.77362474345 35464.20738749171 21612.28264920388 0.6730432915842883 0.28795699754949333 -0.35719673371859006 211.82598293354357 1.1217388193071474 149.21556171296356 1.7645420855885572 0.0 1023.8394185811031 -143.4668013118135 0.0990882758611676 -160.11478195836128 1.7661101485308772 3814.4135148544747 -155.2023330320256 -0.11373230792987067 -0.04438515987300529 1.573327878029498 0.1618821608088364 1.559431750908958 -4.402622690112707 -11.604141563708565 16.51659049004428 96.24344370059612 11268.177598567818 -23116.016041989715 0.4515890587223505 0.5213784115942467 -0.4786215884057533 1.6431172315587095 1.6431172418459719
0.0861925828351 199.00452626962425 35268242.920930125 80329.16412719997 33112.63004198114 19476.31748440063 0.6824569912123671 0.309334005998075 -0.3236384921707476 199.00452626962425 1.1374283186872787 150.41136593197498 1.813789826516531 0.0 1051.4110250273343 -132.9351410383671 0.09994750703453817 -155.32042696092475 1.8151169983558855 3423.7052046633216 -156.3213340842556 -0.1165400048101184 -0.045337807824627596 1.6270849601389483 0.10631496536036207 1.6031053689935324 -4.31193999776259 -11.405816285527743 10.404909162196901 95.33867388360044 10992.479973207535 -21571.94453269922 0.48965664145166965 0.5644023816109928 -0.43559761838900724 1.7018307002983732 1.7018307003043887
0.0883215396311 186.84299270687154 30161862.991970275 77382.39287985982 30870.629138006923 17533.284488663758 0.6905248811984726 0.3310092566935698 -0.2874236980120265 186.84299270687154 1.1508748019974544 151.56982765583223 1.8634511039854278 0.0 1076.9098755687469 -121.89174796651507 0.10080484772858289 -150.65256433423937 1.864573543471253 3075.1224332094876 -157.39695056744054 -0.11938003110172736 -0.04632102621030375 1.6817256988575646 0.04751061301888863 1.6473293017238422 -4.22225049893793 -11.202766406964844 4.458380173763672 94.3452367367329 10710.87542717564 -20100.95722539165 0.5308508968601102 0.6108881330306832 -0.38911186696931677 1.7617629350281374 1.7617629350281374
0.09050308166 175.32950676985598 25695066.849558942 74193.71145772406 28736.621048646506 15769.827395715394 0.6969940397824401 0.3528591797295871 -0.2484522521304584 175.32950676985598 1.1616567329707337 152.672747878468 1.9132044808402753 0.0 1099.8210597313096 -110.3250204612732 0.10166281500405155 -146.1079904071369 1.9141682239832527 2764.920323329975 -158.4106705036669 -0.12223919397995096 -0.047334648929384486 1.736933923493795 -0.014540532794556638 1.6918314699705006 -4.133678802069812 -10.994847224377517 -1.3078328721524741 93.25608112024925 10423.406652998265 -18702.04248813445 0.5752771905230614 0.6609715117002655 -0.33902848829973453 1.8226282446709992 1.8226282446709992
0.092738507777 164.45084023853678 21803428.401587114 70814.36776741954 26708.82011734071 14173.009648488644 0.7015972399533337 0.37473181168142494 -0.20666595915732766 164.45084023853678 1.1693287332555562 153.69895499463644 1.9626627740982283 0.0 1119.5833793582005 -98.23240951969214 0.10252432728198499 -141.68357516836153 1.9635247264688651 2489.992990936604 -159.34102227886325 -0.12510195314049835 -0.04837827491741906 1.7923318582819476 -0.07977730568252701 1.736286530913473 -4.046352895687673 -10.781930259819656 -6.875516850682061 92.06404523101031 10129.941915026651 -17373.9354812862 0.6230031250263914 0.71473470817166 -0.28526529182834004 1.884063441427216 1.884063441427216
0.0950291489191 154.1924716174101 18426846.75767903 67291.66470701343 24785.247509939032 12730.35568884809 0.7040582299527233 0.3964441352920811 -0.162062262243854 154.1924716174101 1.1734303832545387 154.6241241926573 2.011368121010685 0.0 1135.5973129453685 -85.62249207587085 0.103392730115472 -137.37626164105197 2.012196704653929 2247.963961307565 -160.16340181544345 -0.12795028638134393 -0.049451235052010135 1.8474756719605738 -0.14805006771906515 1.7803121123429286 -3.9604036071422817 -10.563910323726455 -12.223229850665021 90.7619832481861 9830.233049566208 -16115.154319927524 0.6740452887060351 0.7721884046160299 -0.2278115953839701 1.9456187878705689 1.9456187878705689
0.0973763688974 144.5386530107789 15509520.362919126 63669.02890621514 22963.74105584374 11429.886732009778 0.704098956956519 0.4177799203025427 -0.11470974296697034 144.5386530107789 1.1734982615941985 155.42067437563747 2.058788518627228 0.0 1147.2366188023827 -72.51444466705763 0.10427181916940127 -133.1830653246225 2.059663772335745 2037.3934826774077 -160.84997510288554 -0.13076361175436818 -0.05055255868746448 1.9018523270133376 -0.21910147274761071 1.8234662372515351 -3.875963914665082 -10.340713884248713 -17.32619589401432 89.34292529837559 9523.971333409861 -14924.034096339597 0.7283540654191392 0.8332515935383387 -0.16674840646166134 2.006749855132537 2.006749855132537
0.0997815652092 135.4724840858426 12999888.104639972 59986.09581120656 21241.966030254916 10260.150832300402 0.7014488991333725 0.4384884062013143 -0.06476487382429785 135.4724840858426 1.1690814985556208 156.05777675232355 2.1043166247313234 0.0 1153.8649204294202 -58.93959142787291 0.1051658591092197 -129.10107369390158 2.105329521735051 1858.2260209147632 -161.3697005232382 -0.133518789182957 -0.051680941050836114 1.9548783791927027 -0.2925465221154269 1.865246533050919 -3.7931680937616634 -10.112308794544933 -22.156318034791695 87.80027352411776 9210.842383404399 -13798.759511611248 0.7857968806370819 0.8977297248308833 -0.10227027516911669 2.0668112233865044 2.0668112233865044
0.10224616987 126.97599274613725 10850539.918533888 56278.804062009905 19617.42671902001 9210.247124440779 0.69585653843857 0.45828415325034233 -0.012489346019342928 126.97599274613725 1.1597608973976168 156.5015137772645 2.147271551378274 0.0 1154.8574794768765 -44.951200605720494 0.10607959689667863 -125.12744574669702 2.148522280113391 1712.756315507402 -161.68850058846158 -0.13619022724725294 -0.0528347130887115 2.0059013527715917 -0.367852946770191 1.9050917850548936 -3.712150680297429 -9.878715354324045 -26.682339487440515 86.12803564593018 8890.57836205364 -12737.395042219921 0.846140455373975 0.9652920537236347 -0.03470794627636531 2.1250529511212517 2.1250529511212517
0.104771650266 119.03022207513797 9018099.877027908 52579.501378265464 18087.47881519486 8269.844203294404 0.6871028224420909 0.47684847579099227 0.041733172213922476 119.03022207513797 1.145171370736818 156.7152305454855 2.1869045429507405 0.0 1149.6291978151678 -30.615406978944055 0.10701826781026227 -121.2594115892625 2.1884995069371485 1607.7902195457957 -161.76962820271336 -0.1387501229763204 -0.05401181572521587 2.0542044289188137 -0.44432354856648987 1.942386499740698 -3.633045235529368 -9.64001862137904 -30.87019799207181 84.3210953174698 8563.007450594421 -11737.91287777804 0.909033058181996 1.0354496699204119 0.035449669920411875 2.18062104065723 2.18062104065723
0.107359510027 111.61532301309276 7463084.810584337 48917.05523241448 16649.34246607915 7429.1926806320835 0.6750162030635464 0.49383281604683626 0.09738225334327133 111.61532301309276 1.1250270051059106 156.66011972727995 2.222409258449182 0.0 1137.6651857971026 -16.014234512938597 0.10798759236038816 -117.49427204977093 2.224456604778585 1559.7591871303946 -161.57425558764754 -0.14116886215907423 -0.05520978085201638 2.0990150645274332 -0.521082381716877 1.9764690193449121 -3.5559829028110146 -9.396381754963244 -34.68360178291337 82.37551569257859 8228.098588704564 -10798.217653290432 0.9739880594215227 1.1075360328391037 0.10753603283910373 2.232563037945014 2.232563037945014
0.110011289925 104.71065218499754 6149741.794929907 45316.993988715316 15300.116026503472 6679.132039390948 0.6594885373843731 0.508864704142542 0.15379039826583696 104.71065218499754 1.0991475623072886 156.29607702846246 2.2529379605731257 0.0 1118.5589644312547 -1.275010325541032 0.10899376221092025 -113.82939830103655 2.255541565179926 1607.6124201907908 -161.06237822775122 -0.1434156051433423 -0.05642572166676198 2.139518523428726 -0.5970681181678518 2.0066441009611564 -3.4810907528761614 -9.148060059076547 -38.084919867638135 80.28886896507215 7886.006102530149 -9916.171546142028 1.0403709611214371 1.1806932481678043 0.1806932481678043 2.279840810475093 2.279840810475093
0.112728568786 98.29487425683439 5045867.74570966 41801.61372794972 14036.790069322686 6011.091985471068 0.6404907785418843 0.5215559896893743 0.21013808295137382 98.29487425683439 1.0674846309031405 155.58285006232967 2.2776227138545146 0.0 1092.05019317565 13.497679713028083 0.11004341323685526 -110.26223150131192 2.2808747205442983 1846.3250464662262 -160.19391792594382 -0.1454590756276057 -0.057656335155481284 2.174875809339285 -0.6710353347281073 2.0321993780908176 -3.4084899243948903 -8.895415173981599 -41.036271250650316 78.06058028479386 7537.099419556264 -9089.61069061638 1.1073911784361448 1.2538652607169525 0.2538652607169525 2.321349891620093 2.321349891620093
0.115512964435 92.34606807759079 4122615.0356406136 38390.15195773341 12856.262516452496 5417.088564912406 0.6180871311974045 0.5315145510966117 0.2654588080703899 92.34606807759079 1.030145218662341 154.48148922538695 2.2956040267327307 0.0 1058.0575383496803 28.156299810199503 0.11114358404221564 -106.79028241039907 2.299576308994485 2498.2361833972295 -158.93025247026546 -0.14726856295312826 -0.05889791952960131 2.2042476416537427 -0.741569951659698 2.0524273146752274 -3.338293577960673 -8.638928934399999 -43.50104112546639 75.69226967654573 7181.997621861254 -8316.367022446871 1.1741024229914017 1.3258039878433088 0.3258039878433088 2.3559492065056498 2.3559492065056498
0.118366134657 86.84183580588555 3354285.477945364 35098.94662411204 11755.352641156984 4889.715385441121 0.5924459141307554 0.5383587365118024 0.31865509723992336 86.84183580588555 0.9874098568845924 152.95606978686072 2.3060649541245155 0.0 1016.721409393681 42.48656139782541 0.11230165854160082 -103.41113099674514 2.310800157509279 3814.1684348495073 -157.23599445156867 -0.14881512285896947 -0.060146409194311704 2.226823101041843 -0.8071192648214159 2.066651257189039 -3.270604695927538 -8.37921562323161 -45.44564783159191 73.18807078121672 6821.591374006788 -7594.284329921234 1.2394132441572505 1.3950896598844444 0.39508965988444444 2.3824995167690366 2.3824995167690366
0.121289778183 81.75941461145482 2718117.550479213 31941.529360767236 10730.816784518975 4422.13038673104 0.5638455811328363 0.5417331676256717 0.36852469674914257 81.75941461145482 0.9397426352213939 150.97563763799525 2.3082673319705367 0.0 968.4227306357492 56.35221863642945 0.1135252919364283 -100.12242600934877 2.3137704025409476 5166.9383740067715 -155.0807657126494 -0.15007295795493725 -0.061397429173604044 2.2418506282366026 -0.8660345901975117 2.0742532705125276 -3.2055137823090387 -8.117032246874412 -46.84130745642621 70.55490134913072 6457.037564172701 -6921.221232392546 1.3021079930152086 1.460164445523263 0.46016444552326297 2.399907080744657 2.399907080744657
0.124285635704 77.07578928785762 2194069.0859350828 28928.855969625656 9779.363971198904 4008.038544648997 0.5326742358560901 0.5413281767508381 0.4138044878076551 77.07578928785762 0.8877903930934835 148.51627578315356 2.3015948809011384 0.0 913.7910960848795 69.56376626956465 0.11482231968354678 -96.92188449994919 2.3078263347373693 6085.972767371517 -152.44144640653295 -0.15102092394168531 -0.06264637030386759 2.2486742725358457 -0.9166368627426438 2.074706762669255 -3.143096519087405 -7.853285488738112 -47.66627641784565 67.8026572319752 6089.770047351054 -6295.0696975966 1.3608838794423623 1.5193890925728022 0.5193890925728022 2.4071794856662856 2.4071794856662856
0.127355490906 72.7678057714183 1764598.1771086364 26069.462470950675 8897.670282790536 3641.6711079855113 0.49942133311129216 0.5368990299628891 0.45322549901191345 72.7678057714183 0.8323688885188203 145.5631482793811 2.285594387530734 0.0 853.7106705437199 81.89126976424252 0.11620065054656128 -93.8072912931028 2.292466578073757 6630.028703357548 -149.30421304317412 -0.15164407651406175 -0.06388848490093356 2.2467690323417866 -0.9572945446908101 2.0676078299266845 -3.083411472024098 -7.5890338005083695 -47.907887949562955 64.94430196273485 5721.480796623573 -5713.759781471537 1.4144001438229665 1.571114092120352 0.5711140921203519 2.403482980639172 2.403482980639172
0.130501171531 68.81228424632016 1414446.1754637305 23369.60868333279 8082.394340631573 3317.7618767577087 0.46466129874269596 0.5282840409760842 0.48557742625397093 68.81228424632016 0.7744354979044933 142.112361131807 2.260012924158464 0.0 789.2911801270922 93.17019244637461 0.11766814542067586 -90.77649838591464 2.2673904346722016 6871.3941754762445 -145.666303933589 -0.15193517197327944 -0.06511900135414904 2.2357735725354932 -0.9865113053491207 2.0527037720020105 -3.0264979374485614 -7.325484209906476 -47.56432133776789 61.9958262709404 5354.082418550454 -5175.259308017157 1.4613380746309999 1.6137633191996121 0.6137633191996121 2.3881988171041053 2.3881988171041053
0.133724550468 65.18613102909784 1130424.5323947251 20833.477684735935 7330.191998858549 3031.521110793832 0.42902938141426916 0.5154213905328988 0.5097817842741913 65.18613102909784 0.715048969023782 138.17244378142124 2.224830753297973 0.0 721.8254094263917 103.21677581589952 0.11923248489632564 -87.82742426268646 2.232535728173457 6878.563588174204 -141.53757694667343 -0.15189599259504627 -0.0663332542835212 2.2155196059746816 -1.0030223327525476 2.029918309136133 -2.972374036781894 -7.063982274214961 -46.646170409772 58.976058407557815 4989.668547392914 -4677.578578377574 1.5004706369509 1.6459290122133843 0.6459290122133844 2.3609779812371663 2.3609779812371663
0.137027546864 61.86644835291377 901208.0541703126 18463.33865674906 6637.730758311989 2778.6076634902156 0.3931913128433012 0.49836125389389857 0.5249638044408099 61.86644835291377 0.6553188547388354 133.76526702215637 2.1802826591796456 0.0 652.7309270302842 111.87045591511283 0.12090102954716625 -84.95805312500607 2.1881051688816244 6712.588164386424 -136.9413730170067 -0.15153836851462335 -0.06752682519093711 2.1860526805678635 -1.005885324907493 1.9993684642912046 -2.921035167246503 -6.805994430603423 -45.17732546139719 55.90631609244508 4630.453256431293 -4218.767599790011 1.530733825829028 1.666465301047565 0.666465301047565 2.3217841557864007 2.3217841557864007
0.140412127272 58.8306411753027 717136.4828773779 16259.72458829531 6001.703720076674 2555.0999346761814 0.3578092863792147 0.47727266067841606 0.5305180809457918 58.8306411753027 0.5963488106320246 128.92624086590544 2.126866891577816 0.0 583.4740619097596 119.01167425489356 0.12268067785876034 -82.16643400974877 2.1345796775574604 6425.300065806042 -131.91469947432097 -0.15088476358736627 -0.06869568702763842 2.1476433783189393 -0.9945600582960291 1.961372396728959 -2.8724529113395927 -6.55308198167438 -43.19518348289781 52.809903808772766 4278.703334848056 -3796.913663218825 1.5512945676869145 1.6745737717653357 0.6745737717653357 2.2709225823973602 2.2709225823973602
0.143880306815 56.05652015173039 570026.0385730354 14221.605820379886 5418.842922878774 2357.4662212607154 0.3235074935432005 0.45244357136879304 0.5261597977925765 56.05652015173039 0.5391791559053343 123.70369206876254 2.0653389536979105 0.0 515.4896671228366 124.54734660423588 0.12457772728595044 -79.45067980751266 2.072715086079915 6058.93729652894 -126.50757482432918 -0.1499683063674822 -0.06983634503147486 2.10078670709563 -0.9689660819906426 1.9164462193551852 -2.8265744926669756 -6.306866266240096 -40.75002875057643 49.71147377912888 3936.6631763940077 -3410.137328943954 1.5616075511902954 1.6698704485737133 0.6698704485737134 2.2090496044790475 2.2090496044790475
0.147434150394 53.52239995954832 452992.2318012548 12346.560457628557 4885.93199954223 2182.5350149687843 0.2908407252174467 0.42427362125752005 0.5119551209908644 53.52239995954832 0.48473454202907784 118.15740145771105 1.9966896630199422 0.0 450.1009103250557 128.4316111696612 0.1265977442247612 -76.80896614671889 2.003521030596196 5646.688328812567 -120.78152057606428 -0.1488321762853041 -0.07094596575856948 2.046189013345291 -0.9295108621626555 1.86528935176161 -2.783322842030392 -6.068984989314996 -37.90356944003038 46.636283355905846 3606.4772248588533 -3056.5877609739596 1.5614544713162133 1.6524258259886084 0.6524258259886084 2.1371603680176863 2.1371603680176863
0.151075773909 51.20719220591447 360284.9405381259 10630.9414445429 4399.8180685763145 2027.4657521286479 0.26026926331770156 0.39325971721278447 0.4883263888910744 51.20719220591447 0.43378210552950264 112.35637142347093 1.922108494420577 0.0 388.4486034391323 130.6625055793191 0.1287454484000854 -74.23953016564451 1.9282227755656007 5213.748839512165 -114.80727437092655 -0.14752830177825801 -0.07202248658411567 1.9847429188507564 -0.8770836185131122 1.8087590739931179 -2.742597306461289 -5.841040363804606 -34.72670384147743 43.609393624473554 3290.1151265909034 -2734.438202704682 1.5509608133212538 1.6227722333344436 0.6227722333344438 2.0565543388639465 2.0565543388639465
0.154807345524 49.09049218001569 287136.40707597986 9070.040050018426 3957.42272291368 1889.7204607373124 0.23214245525712426 0.3599754661522623 0.4560307318092877 49.09049218001569 0.3869040920952071 106.37598209136931 1.842934823904495 0.0 331.43739996841833 131.28170607448004 0.1310246165416864 -71.74066913906127 1.848208743427427 4778.588983271648 -108.66188994147069 -0.14611538896954193 -0.07306469911685573 1.9174919967823827 -0.813014128412334 1.747836074812195 -2.70427499727692 -5.624540628672179 -31.296680173737244 40.65486175899333 2989.304770892641 -2441.882349339613 1.5305879046871755 1.581876702401954 0.581876702401954 1.9687807944971611 1.9687807944971611
0.158631086959 47.152658809541826 229622.53153870587 7658.242208218474 3555.7521315385766 1767.0366835812702 0.2066921639296265 0.3250459772302565 0.4161137806159383 47.152658809541826 0.34448693988271084 100.29476737712935 1.7606007204986491 0.0 279.7036712654986 130.37357116743897 0.13343800908455714 -69.31073897149024 1.7649679544792396 4354.230820304123 -102.42544447179012 -0.14465637781739382 -0.07407230182144868 1.8455877509429535 -0.7389996508848109 1.6835835316599712 -2.668212736337583 -5.420837853477758 -27.693867646822127 37.79498165656658 2705.4770817641784 -2177.131810903704 1.5011008110602424 1.5310814466403504 0.5310814466403503 1.875568386523061 1.875568386523061
0.162549274806 45.374887227833824 184537.5547947625 6389.179249204223 3191.9061033684375 1657.4019771334397 0.18403592732263616 0.2891202317250142 0.3698435855776077 45.374887227833824 0.30672654553772694 94.19107968277315 1.6765701311153345 0.0 233.60685552168195 128.0598304717129 0.13598732221701956 -66.94815255560331 1.680023077894186 3949.4203983101006 -96.1776396395729 -0.14321550772838906 -0.07504591951195003 1.7702424225555986 -0.6570075602123204 1.617103111784739 -2.6342495242683643 -5.231066463773546 -23.99842062019604 35.04962315682137 2439.7264726619997 -1938.4154192183892 1.4635158770178716 1.472018560567684 0.4720185605676842 1.778745106105411 1.778745106105411
0.166564241894 43.73927342948437 149281.9714384397 5255.871454171801 2863.0861256770822 1559.030203590227 0.1641884230392819 0.25284331128102594 0.318631916862603 43.73927342948437 0.27364737173213655 88.1399188294154 1.5922792885947397 0.0 193.24344297012004 124.49045276466646 0.13867316604797456 -64.65137797706808 1.5948648825925353 3569.638127333096 -89.99457388303753 -0.1418552533912278 -0.07598708994531372 1.692681293346273 -0.5691636658712833 1.5494913230015475 -2.602209425349761 -5.056088318093639 -20.287107587875802 32.4357103006291 2192.7888043272637 -1723.9805068853075 1.4190339216141363 1.406508224970613 0.406508224970613 1.6801555967027495 1.6801555967027495
0.170678378669 42.22887061398397 121763.30302647514 4250.86257651121 2566.602322062523 1470.339752792386 0.14707894909786318 0.21683062886170762 0.2639511025106641 42.22887061398397 0.24513158182977196 82.21016644208763 1.5090826843404361 0.0 158.47930495171528 119.83770962582653 0.14149506805356224 -62.41893659171314 1.5108932951466651 3217.93084813105 -83.94592783485874 -0.14063344534352493 -0.07689822016610255 1.6140979474910049 -0.4776371810425868 1.4817993547059316 -2.5719047445167735 -4.896450940084582 -16.63054030306101 29.96686510447713 1965.0370278587818 -1532.0960351471754 1.3689663656612328 1.3364509965311724 0.33645099653117233 1.5815825783609443 1.5815825783609443
0.174894134622 40.827736852729664 100309.1733463995 3366.346424948426 2299.87930428689 1389.9337475349146 0.13257221366964275 0.18164605494247837 0.20725462036159237 40.827736852729664 0.2209536894494046 76.46240638969178 1.428208309810997 0.0 128.99465969736855 114.28644280623797 0.14445149959215398 -60.249400954437846 1.429369379450953 2895.573938004877 -78.0927589218661 -0.13960089448016247 -0.07778251732134261 1.5356155828741376 -0.38453316035885665 1.4149991396325603 -2.5431393614044895 -4.7523649849628224 -13.090992982465446 27.65322742718994 1756.4938165869414 -1361.0576580211196 1.3146618934247332 1.2637248499808937 0.2637248499808938 1.4846785394302984 1.4846785394302984
0.179214019747 39.52097385133552 83591.97590640439 2594.28419019944 2060.4609288940123 1316.5822152552248 0.12048978584918772 0.14778516070661002 0.14990808179367007 39.52097385133552 0.2008163097486462 70.94743499404078 1.3507243915423162 0.0 104.33540301284404 108.02479830229277 0.1475399221366679 -58.14139261777682 1.3513807119292474 2602.5836232163874 -72.48600841981632 -0.13879978077959132 -0.07864390006973973 1.4582564471998183 -0.2918008926067206 1.3499573626268229 -2.5157120883799107 -4.623704899217045 -9.720910902822443 25.50144589210304 1566.8587060552982 -1209.1943016678624 1.2574401374511721 1.1900956035256456 0.19009560352564564 1.3909119132742918 1.3909119132742918
0.183640606035 38.29475665004358 70564.31289159629 1926.5118802264155 1846.0139520138 1249.2061440655395 0.11063001078921807 0.11566416936338778 0.09313517519387202 38.29475665004358 0.18438335131536346 65.7054836452999 1.2775185265092355 0.0 83.96457138421066 101.2377237011423 0.15075684913805476 -56.09357980261298 1.2778209487583732 2338.1048174596117 -67.16574266949937 -0.13826294925804178 -0.0794868974442883 1.3829204834167328 -0.20116387989592915 1.2874182137807977 -2.489419929748306 -4.51003330365359 -6.562129563232803 23.514821580199293 1395.5464926164482 -1074.8758024947308 1.1985371321013691 1.1171466769084597 0.11714667690845976 1.3015300282238231 1.3015300282238231
0.188176529004 37.13635420863723 60404.299993796674 1354.8383865129126 1654.3306106483153 1186.863290042687 0.10278486185247986 0.08561464478761814 0.037980896783625734 37.13635420863723 0.17130810308746644 60.766106541864076 1.209288999871092 0.0 67.30914264620243 94.09982867105829 0.15409791908571827 -54.104674949800454 1.209382977975896 2100.7002980959437 -62.1610822935964 -0.13801410338772285 -0.0803165420505501 1.3103733431843145 -0.11407404620459402 1.227994857035513 -2.4640611375949826 -4.410645645535954 -3.645761698259994 21.693576598429978 1241.7334333370225 -956.5212336164536 1.1390652400968482 1.046231224568722 0.04623122456872192 1.2175393276561883 1.2175393276561883
0.19282448927 36.034140914231095 52469.78340190931 871.1335103549923 1483.3301587392643 1128.7355643001345 0.09675293611085982 0.05788336554907349 -0.0147079819070364 36.034140914231095 0.1612548935180997 56.1486332078579 1.1465469116110634 0.0 53.79895231263202 86.77032468793604 0.15755797535767976 -52.17343216082671 1.1465637437991933 1888.5640173379163 -57.490709281212965 -0.13806874144338935 -0.08113826392324326 1.2412429672456577 -0.031689658312145236 1.1721687331467647 -2.439437982533565 -4.3246283864376345 -0.992648733948621 20.035214308671087 1104.4074748773673 -852.6073545472289 1.0799880737275582 0.9784465997243104 -0.021553400275689666 1.13970149324241 1.13970149324241
0.197587254155 34.9775991505307 46260.4950360353 467.4060167576872 1331.0594086545661 1074.117804258552 0.09234845361462175 0.032636505155991535 -0.06428695686019917 34.9775991505307 0.15391408935770293 51.863054578102485 1.0896271324975038 0.0 42.896068340119854 79.39019599668664 0.16113114878417958 -50.298644542495104 1.089678214389426 1699.6776693944337 -53.163812593439104 -0.13843558367180586 -0.08195779037060202 1.1760233654359333 0.04512573883773115 1.1202953437351768 -2.4153591826628005 -4.250922382089773 1.3857543311457734 18.53493677526786 982.4191861085292 -761.6767385871585 1.0221092760782302 0.9146289003064044 -0.0853710996935956 1.0685429896641072 1.0685429896641072
0.202467659333 33.95731315130012 41387.17804461122 135.87200057746895 1195.6923254738022 1022.4077219583396 0.08940661204418746 0.00996706091361603 -0.11030521581298282 33.95731315130012 0.14901102007364578 47.91120090048605 1.038705804260663 0.0 34.11450231154463 72.08008118911786 0.1648109394075903 -48.47914146929942 1.0388797523643698 1531.9255140814512 -49.18132405595978 -0.13911821007865433 -0.08278105590991847 1.1150839232872947 0.11578748369492568 1.0726149186124132 -2.3916419583280994 -4.188383538671921 3.486200952011566 17.186087189489417 874.530640939053 -682.3452104408764 0.9660729032136488 0.8553638848344768 -0.14463611516552322 1.0043749049081225 1.0043749049081225
0.207468610519 32.96495445226424 37546.742582784245 -130.98630468077317 1075.5287388316913 973.0968233508692 0.08778594604004407 -0.010095575913226225 -0.1524878665331606 32.96495445226424 0.14630991006674013 44.28807696143078 0.9938220435335796 0.0 27.031191019469382 64.93967855663203 0.16859029462769262 -46.713785777311216 0.9941842400476345 1383.1785737545506 -45.537303768553 -0.1401166657799755 -0.08361412509500821 1.0586824874279268 0.17996182977749423 1.0292663193600724 -2.368113702456927 -4.135834898412916 5.3123169071711285 15.980589642670045 779.460118307766 -613.3082731117726 0.9123725773611867 0.8010098271862475 -0.19899017281375256 0.9473197372529877 0.9473197372529877
0.212593085198 31.99325933905471 34502.55966497977 -340.37112391494793 968.9922396979144 925.7621036914135 0.08736846261134018 -0.02757493981642864 -0.19071240346071577 31.99325933905471 0.14561410435223365 40.98323880179926 0.9549017008915179 0.0 21.289775497408826 58.04845579008626 0.17246168166244455 -45.0014709089127 0.9554956584408927 1251.356147509729 -42.220355234800365 -0.14142886962538806 -0.08446312980713097 1.0069806208004801 0.23753057040699577 0.9903026689081748 -2.3446132747351776 -4.092107157628663 6.873222831741 14.90936457456971 695.9211658509107 -553.3462820603565 0.8613665164482466 0.7517278608359236 -0.24827213916407642 0.8973419651881572 0.8973419651881572
0.217844134403 31.03599876210697 32069.062162856542 -499.1285701748509 874.6273397256496 880.0583433142696 0.08805830718484821 -0.042536546636369854 -0.2249824105768933 31.03599876210697 0.14676384530808034 37.982121466517164 0.9217814347311871 0.0 16.598995589438562 51.466809817529644 0.17641715299815036 -43.34111802396812 0.9226313561206856 1134.4702959548365 -39.214980802286334 -0.14305174985573835 -0.08533422152363321 0.9600597231046852 0.2885523340959798 0.9557074861623605 -2.320991942068663 -4.05606729026136 8.182204511943148 13.962704566824636 622.6552940947411 -501.3282594536456 0.8132958777966048 0.7075159264439702 -0.2924840735560298 0.8542797717520506 0.8542797717520506
0.223224884523 30.08794126608226 30099.89452697053 -613.7166742161969 791.0959674701096 835.7108536430497 0.08977961155158157 -0.055077363618726734 -0.2554009733032173 30.08794126608226 0.14963268591930262 35.2672538942588 0.8942317126160854 0.0 12.727470229124629 45.238011727650914 0.18044840414516006 -41.731673105649115 0.8953456856675979 1030.6571255669214 -36.502813667232786 -0.1449821033932662 -0.08623353823315356 0.9179369807890868 0.3332238979817251 0.9254103556341866 -2.297113997913969 -4.0266368341218515 9.255496272538178 13.130601143662927 558.4580253668014 -456.2142628714717 0.7683042948697842 0.6682431165424721 -0.33175688345752785 0.8178758024617748 0.8178758024617748
0.22873853917 29.144809532198146 28478.93226162364 -690.1813646437794 717.1733835383185 792.5085516457211 0.09247403060047031 -0.06531614358077437 -0.28214554958760274 29.144809532198146 0.15412338433411718 32.819322127920266 0.8719778347465145 0.0 9.496388395338997 39.39040406355052 0.18454682363062486 -40.1721040708102 0.8733512142244383 938.1976745854978 -34.06369116485663 -0.14721722076612523 -0.08716718507176256 0.8805804533445071 0.3718438629366984 0.8993014922296405 -2.272857098822081 -4.002802297863441 10.111215203817013 12.403018401948636 502.19852037971253 -417.05633935249125 0.72645706901039 0.6336821468195497 -0.3663178531804503 0.7878055311536669 0.7878055311536669
0.234388381088 28.203231194759255 27113.574661839648 -734.1399084376078 651.7435996832859 750.2972718825946 0.09609832266420311 -0.0733849038190777 -0.30544544947084395 28.203231194759255 0.1601638711070052 30.61806312631687 0.8547184216361613 0.0 6.77135202575919 33.93946349382177 0.18870353557645222 -38.66139791475493 0.8563370763959162 855.5304212728324 -31.876553666457916 -0.14975533625852086 -0.08814122736332106 0.8479228432863698 0.4047802171705975 0.877244795161048 -2.248112359439161 -3.9836202073494116 10.768464455646424 11.770113383724196 452.83326183441443 -382.99812083169434 0.6877589721793645 0.6035384624259611 -0.3964615375740389 0.7637023335329663 0.7637023335329665
0.240177774101 27.260684635148902 25929.797963166413 -750.7712936686326 593.7943806514767 708.9732553630937 0.10062219456621067 -0.07942168001289404 -0.32556254012674335 27.260684635148902 0.16770365761035114 28.642987360930512 0.8421411174836079 0.0 4.454247992930618 28.890186201288792 0.1929094355761625 -37.19855791391447 0.8439843390885984 781.2569826864706 -29.920168876769353 -0.15259596111511764 -0.0891616945554222 0.8198737044434495 0.43244259098666465 0.8590891896751259 -2.2227842471867825 -3.9682188743143234 11.24660791145944 11.22240607564415 409.41445665302336 -353.27315607641714 0.6521700468330984 0.577475177739033 -0.42252482226096705 0.7451788353493869 0.7451788353496653
0.246110165121 26.3154404833456 24868.536773016724 -744.8128876280998 542.4119124818604 668.4767824633514 0.1060265241778262 -0.08356455756961165 -0.3427753489366573 26.3154404833456 0.17671087362971033 26.873939932922767 0.833935524693053 0.0 2.4757135975668847 24.239301331221615 0.19715522084997317 -35.78260090280649 0.8359784913760189 714.1423395597011 -28.173693017419595 -0.1557401450328856 -0.09023459350744066 0.7963300175830448 0.4552593988617492 0.8446782288916281 -2.1967903157240927 -3.955798330718618 11.564706216105517 10.750903857577448 371.09393883510455 -327.2021199573476 0.6196191439533345 0.5551336240394399 -0.4448663759605601 0.7318444976701186 0.7318444977109844
0.252189086199 25.366499591060908 23883.03843052617 -720.5626513887366 496.7752167722443 628.7859429523784 0.11230199597052473 -0.08594689410581842 -0.3573664253766702 25.366499591060908 0.1871699932842079 25.29151688712779 0.8298035679075377 0.0 0.7885401189480133 19.976812589349134 0.20143141578427914 -34.41255465490255 0.8320193306609299 653.110774360775 -26.617087275707753 -0.15919069624999285 -0.09136592964384602 0.7771851860513704 0.47365964030360264 0.8338580496847474 -2.1700608133377255 -3.9456292785301 11.741096657724896 10.347186287164678 337.12338442146756 -304.1890646199821 0.5900151927671626 0.5361496836881416 -0.46385031631185836 0.7233196770228189 0.7233196781949256
0.258418156629 24.4135282464105 22936.905312520437 -681.8864818481168 456.1503860156399 589.9105572695171 0.11944813363842029 -0.08669362754808836 -0.36961270364526344 24.4135282464105 0.19908022273070047 23.877356953749857 0.829467519085437 0.0 -0.6378408315760427 16.087888898144975 0.20572839406857824 -33.087455387363306 0.8318285269173921 597.2384459134436 -25.231408249028206 -0.16295237751186614 -0.09256173463270397 0.7623365325526628 0.4880589812243284 0.8264838007539975 -2.1425381982434146 -3.9370514539082277 11.793098592243325 10.003456489033816 306.85155888892467 -283.7168454270181 0.5632563098219623 0.5201662440306709 -0.47983375596932915 0.7192464675591238 0.7192464796741804
0.264801085097 23.456791411251576 22002.604095789546 -632.2299522713075 419.8847145397069 551.8862805498208 0.1274726880045364 -0.08591850910500672 -0.3797784469067355 23.456791411251576 0.21245448000756068 22.61432993615466 0.8326760331008252 0.0 -1.8218345504171611 12.55449212153214 0.21003639866426918 -31.806345414755725 0.8351552442043417 545.7433773624941 -23.998994312055437 -0.16703208702480804 -0.09382809941889853 0.7516914677016293 0.49884951035758307 0.8224247449059741 -2.114176588739523 -3.9294715512833247 11.736822653983616 9.712565305335508 279.7193187457033 -265.3418998161819 0.5392369876940687 0.5068423126355504 -0.4931576873644497 0.7192967984090103 0.7192968625884699
0.271341671899 22.497084739454397 21060.275603072005 -574.6336034344808 387.400791646658 514.7689325845761 0.13639132267556678 -0.08372206931991798 -0.38811026171176854 22.497084739454397 0.22731887112594465 21.48664221196789 0.8392086094141761 0.0 -2.7731484775142707 9.356120801877848 0.2143455608340701 -30.568270967298325 0.841780248596835 497.9736049077362 -22.903570660979298 -0.1714390279077612 -0.09517121165669896 0.7451725571794336 0.5063924355256713 0.8215682875486604 -2.084941171437064 -3.922360707292799 11.587061013611823 9.468013926026604 255.25304233122614 -248.68857298604675 0.5178536860534889 0.49585945493959716 -0.5041405450604028 0.7231783504805126 0.7231785661034219
0.278043811195 21.535666144253305 20096.72657183961 -511.751572565289 358.1906204222889 478.6291056611199 0.1462275395043743 -0.08019020884528393 -0.39483385595896325 21.535666144253305 0.24371256584062387 20.479877936361625 0.8488787098816606 0.0 -3.495380348264652 6.4710738356640345 0.21864591940033362 -29.372280203582697 0.8515187379567669 453.39410229235943 -21.93028747851556 -0.1761848680728477 -0.09659739674406925 0.7427216059709764 0.5110132619915703 0.8238230667701303 -2.054807587538031 -3.915251528705969 11.357244253773105 9.263940088064846 233.0569449274526 -233.44309173304322 0.4990090401303525 0.48692597706847796 -0.513074022931522 0.7306386137176479 0.7306391392003884
0.284911493332 20.57418762812278 19104.523735099065 -445.87263904940505 331.8098195567345 443.54710430071725 0.15701279133096016 -0.07539322792204126 -0.4001520492059586 20.57418762812278 0.2616879855516003 19.580992086846273 0.8615359363456417 0.0 -3.9879030453947704 3.8772705659896785 0.2229274413633902 -28.21742142838677 0.8642222930584347 411.5732798327655 -21.065710545425702 -0.18128389262163885 -0.09811316187441586 0.744303006426343 0.5129987452917377 0.8291213630663559 -2.02376131264103 -3.907734675561455 11.059445558522523 9.09509221879308 212.80480289859156 -219.34737955487049 0.48261502087474273 0.4797794886612845 -0.5202205113387155 0.7414676299849743 0.7414686440362203
0.291948807217 19.61462807741041 18081.141172808682 -378.94323076591866 307.8719586324627 409.60827104518415 0.16878673224061394 -0.06938517680544783 -0.4042436999241269 19.61462807741041 0.28131122040102324 18.778268983807358 0.8770675204768964 0.0 -4.247138272734161 1.5526899351348815 0.2271800449232362 -27.102741538449187 0.8797801960778258 372.16959779499115 -20.297776914448967 -0.18675315041116305 -0.09972524264215088 0.7499065063544129 0.5125951430858493 0.837420990683998 -1.9917970430208332 -3.8994550303985283 10.704419654398748 8.956795170584668 194.2314413396951 -206.19283386505975 0.46859528595338973 0.4741882795581276 -0.5258117204418724 0.755499778372625 0.7555014217912159
0.299159942755 18.659227667298552 17028.136314339958 -312.5918659447876 286.0430723775065 376.89874756448967 0.18159756612231867 -0.06220341695841691 -0.40726324675547265 18.659227667298552 0.3026626102038645 18.061257327684544 0.8953993634483919 0.0 -4.267370338940206 -0.5240882030015334 0.23139362588518406 -26.027284708430997 0.8981203457115623 334.91877126880604 -19.61572656995775 -0.1926125978324502 -0.10144065187979 0.7595495529441486 0.5100073333985875 0.8487068275654563 -1.9589180981361674 -3.890107537835113 10.301665676308358 8.844910503294884 177.12428330291195 -193.8141857160933 0.4568869427402841 0.4699519020625159 -0.5300480979374841 0.7726149360893352 0.772617264849988
0.306549193341 17.710424484385182 15950.346764062897 -248.15452330502546 266.0363908895756 345.5017135466965 0.1955024554635536 -0.053868297950891195 -0.4093405961331709 17.710424484385182 0.32583742577258934 17.420690527648027 0.9164968296394185 0.0 -4.0411988962148655 -2.3734921445246693 0.23555808835208517 -24.990091333185795 0.9192099644477754 299.62208479749563 -19.01001907682157 -0.19888524203923302 -0.10326673047471346 0.7732793500333526 0.5053984189422267 0.8629921205336459 -1.925135847152791 -3.8794328008005463 9.859505057164773 8.755793642607117 161.31520091192274 -182.08355052326854 0.44744192426076324 0.4669013049341073 -0.5330986950658927 0.792739298547965 0.7927422655211723
0.314120958417 16.770793913066512 14855.11226076361 -186.7004837987846 247.6073193481325 315.4941361426382 0.21056795900214045 -0.04438287334309806 -0.41058113928412965 16.770793913066512 0.3509465983369008 16.84839909287956 0.9403654590527712 0.0 -3.559736448302316 -4.014733344307349 0.23966338055724742 -23.990197234983384 0.9430562548027238 266.1364722470377 -18.472241990847387 -0.20559728632478733 -0.10521119997169183 0.7911747437490207 0.49888950948056093 0.8803196779550418 -1.890469165187884 -3.8672125445852474 9.38516778872124 8.686249692964527 146.67284522502783 -170.90476031454503 0.44022814541211996 0.46489879976316106 -0.5351012002368389 0.8158460831150978 0.8158495479632253
0.32187974609 15.842991274996976 13751.532493997725 -129.05818842009035 230.54869054967074 286.9440518247591 0.22687046083368187 -0.03373258330309668 -0.41106568264937315 15.842991274996976 0.3781174347228031 16.33722013441109 0.96705175207343 0.0 -2.8125941970034876 -5.465696749671425 0.24369953662885677 -23.026633144992637 0.9697071510141463 234.3673049452124 -17.995016941669462 -0.2127782782313948 -0.10728221677017981 0.8133480425338648 0.4905593790664587 0.9007630537556334 -1.8549439235553649 -3.853265031959484 8.884881235282661 8.633489213512187 133.09559506064673 -160.2080579659553 0.43523060781106176 0.46383813922698125 -0.5361618607730188 0.8419563294780644 0.8419600864785793
0.329830175818 14.929698151809026 12649.77513379461 -75.84087117307274 214.68631113062605 259.90839072456316 0.2444965533782374 -0.02188488537104737 -0.4108501947182347 14.929698151809026 0.40749425563039565 15.8809076544403 0.9966440609121611 0.0 -1.7877455953376846 -6.742634624328463 0.2476567250765578 -22.09842446322805 0.9992521961883123 204.26511237828265 -17.571905260359692 -0.22046126031230048 -0.10948842767458333 0.8399467970910708 0.4804438735338869 0.9244277462594167 -1.8185925172764024 -3.837440519153045 8.363959722021404 8.59508487261494 120.50518249768596 -149.9451934326225 0.4324525414606751 0.4636448333266425 -0.5363551666733575 0.8711398580186782 0.8711436705182348
0.337976981161 14.033572748783508 11560.44833732777 -27.471461439205655 199.874813962028 234.4313410967647 0.26354332339892855 -0.00878875494335027 -0.4099651197243762 14.033572748783508 0.4392388723315476 15.474046166887726 1.0292737526071716 0.0 -0.4712959932641005 -7.860313379180756 0.2515253047459451 -21.2045913000796 1.0318237045611025 175.82775642407134 -17.19731860439979 -0.2286829205173163 -0.1118390264731225 0.8711556461884715 0.4685347221427152 0.9514525191668972 -1.781453431979043 -3.8196168091213143 7.826889504801127 8.568929572974554 108.84108602760398 -140.08498962674804 0.4319167738569239 0.4642770267763744 -0.5357229732236256 0.903516624702428 0.9035202583060796
0.346325012595 13.157204601886884 10494.050293331095 15.793308643596447 185.99382438243788 210.54323999724824 0.28411847469635265 0.005625913937133364 -0.40841422783800385 13.157204601886884 0.47353079116058777 15.111969305073446 1.0651165633225839 0.0 1.1528251604541302 -8.831812817333184 0.25529588905643846 -20.34414879893307 1.0675981280978177 149.10882479281776 -16.866433169778965 -0.23748373616324045 -0.11434381102897083 0.9071981639667012 0.4547777447034766 0.9820107839585992 -1.7435708521225057 -3.7996949413845464 7.277410570538649 8.55319637540024 98.05566700300338 -130.60937517471268 0.4336673728061134 0.4657269784785536 -0.5342730215214464 0.9392584037817263 0.9392616545086453
0.354879240406 12.303073850976608 9460.505360510173 53.83995998573448 172.94444430263667 188.2599647389508 0.3063402028375935 0.02144904788720928 -0.4061727866767105 12.303073850976608 0.5105670047293225 14.790684374993695 1.104394218052612 0.0 3.1031637738864584 -9.668437050593571 0.2589594193779154 -19.516107733247544 1.1067977001250464 124.23042766069007 -16.575110559317068 -0.24690810240740144 -0.1170132401486601 0.9483387370953749 0.4390701784386249 1.0163120809124317 -1.704994311559629 -3.7775950504199383 6.718592224350416 8.546300335201527 88.11007307954745 -121.50991554588768 0.4377717323660523 0.46802342283302023 -0.5319765771669798 0.9785909379638296 0.9785936543066636
0.363644757645 11.473515247171758 8468.792155184243 86.67663998790141 160.64605098737076 167.58279005996624 0.3303366985019411 0.03879126249638426 -0.40318489593683654 11.473515247171758 0.5505611641699019 14.506803283611848 1.1473762682330653 0.0 5.401078839872305 -10.379893137004576 0.26250724850443624 -18.719475373962503 1.1496923100838918 101.39271525824093 -16.31982566381818 -0.2570044296610206 -0.11985848911232862 0.9948844030830707 0.42125695584862094 1.0546036055778845 -1.6657783876380758 -3.7532523841533907 6.152902094297719 8.54686219110564 78.97087945693099 -112.78483797842713 0.4443232389131688 0.4712350201871731 -0.5287649798128269 1.021796558181506 1.0217986568164326
0.372626783158 10.67068699222162 7526.665228029222 114.41286870613607 149.0334060719611 148.4986672795881 0.356245122099739 0.05778479571674717 -0.39935989411054557 10.67068699222162 0.5937418701662317 14.257479811572875 1.194381976055686 0.0 8.071038404788185 -10.974009708355883 0.2659312353708965 -17.95325661437904 1.196601443260045 80.86508292260477 -16.097599781500527 -0.2678251893435488 -0.12289150227726482 1.047186482570855 0.4011258844437412 1.0971716358894161 -1.6259824396893239 -3.7266134834247047 5.582270316303219 8.553673703442081 70.60740650198395 -104.43652571559436 0.45344461240462325 0.4754750180285914 -0.5245249819714086 1.0692171324350292 1.0692186064773703
0.381830664702 9.896544444353237 6640.467846163907 137.24087842718893 138.05406519611415 130.98087491922595 0.3842098326509224 0.07858449478511086 -0.3945675414418609 9.896544444353237 0.6403497210848706 14.040352860293776 1.2457821796430095 0.0 11.140856969290944 -11.4568794512401 0.26922385236807883 -17.216455337494786 1.2478961253046241 62.942411944886075 -15.905941060797844 -0.2794268780419408 -0.12612504051990156 1.1056418824204814 0.378401405134501 1.144342771201217 -1.5856703926188522 -3.697632495529321 5.008146772226263 8.565664318370462 62.98968644592957 -96.46947626661492 0.46529216133561085 0.4809075102359365 -0.5190924897640635 1.1212573693520786 1.1212582862748612
0.39126188212 9.152818673050971 5815.030066687762 155.41849707294625 127.6660763854312 114.98998548513234 0.4143795841287781 0.10136871686080945 -0.3886318649445391 9.152818673050971 0.6906326402146302 13.853494975216288 1.302000775270091 0.0 14.641860296001388 -11.832734866293622 0.2723783068933736 -16.508076012505203 1.3040005202370022 47.8631154485788 -15.74278929636558 -0.29186985928373305 -0.12957272038720138 1.1706937182642998 0.3527369173452653 1.1964846785426886 -1.544910566639524 -3.6662675901888164 4.431554306328439 8.581868732509497 56.08699203461536 -88.88867769720211 0.4800610780496695 0.4877554492940357 -0.5122445507059643 1.1783881538972802 1.178388639279198
0.400926050609 8.440999780549985 5053.643553504927 169.2536687160353 117.83595335564267 100.47508981690666 0.44690331699154906 0.12634002295329783 -0.3813233815727441 8.440999780549985 0.7448388616525818 13.695365100683382 1.3635154800798377 0.0 18.60886970802381 -12.103798407753198 0.27538867918054954 -15.827125495957578 1.3653928614777202 35.713518972871114 -15.60646525869501 -0.30521802859724584 -0.13324904072208354 1.2428308840166167 0.3237054518082558 1.2540060380356115 -1.5037755537148458 -3.6324774466881444 3.853137683950713 8.601394842438049 49.8668709556858 -81.69837512519152 0.49799202236403495 0.49631078754502234 -0.5036892124549777 1.241149672276339 1.241149877964192
0.410828924059 7.762324863680744 4358.102457290159 179.0906076360614 108.53690709965751 87.37521936674959 0.4819240565350986 0.1537254575158874 -0.3723494374241 7.762324863680744 0.8032067608918311 13.564764184943641 1.4308573234677313 0.0 23.079992469083194 -12.270360415383362 0.27825007886485714 -15.172615017688685 1.4326051884865771 26.36451270695876 -15.495623342245306 -0.31953822822214983 -0.13716939102205314 1.322586001306503 0.2907885691722064 1.317355207018128 -1.4623421415179536 -3.5962177646362674 3.273209440079647 8.623391484949549 44.29461394339615 -74.9011859571209 0.519379240414672 0.5069470985528919 -0.49305290144710817 1.3101538651273876 1.3101539285265849
0.420976398483 7.117770439827833 3728.798526541004 185.2975126569271 99.74731886482532 75.62090724190847 0.5195703041285958 0.18377607405333743 -0.3613425082201328 7.117770439827833 0.8659505068809931 13.460791784733278 1.5046079986608603 0.0 28.096083953980788 -12.330558666835016 0.2809588233110707 -14.543562323718398 1.5062210566489358 19.477311729575558 -15.409204257543145 -0.33489931566187875 -0.14135003389964318 1.4105309104916084 0.2533635933698682 1.3870168772966633 -1.4206912853048124 -3.5574377643689603 2.691795830544214 8.647015308300176 39.333072614853855 -68.49751323178495 0.5445804036106153 0.520134894560691 -0.47986510543930905 1.386085402243416 1.3860854144094858
0.431374515526 6.508049119415128 3164.858038037202 188.25584925283096 91.44943642954473 65.13583101213523 0.5599441570277589 0.2167653114202508 -0.34784620725538173 6.508049119415128 0.9332402617129315 13.382801265551251 1.5853940544575496 0.0 33.69974535602237 -12.280152810427792 0.2835126412813794 -13.938993949789708 1.586870249153694 14.577107106945746 -15.34638680741621 -0.35137076121583083 -0.145808051601161 1.5072686870523075 0.2106892236454288 1.4635058565577435 -1.3789081276001356 -3.5160766452927987 2.1086837876662994 8.671396067729704 34.942767108535044 -62.485219651499094 0.5740284253393761 0.5364599877757755 -0.4635400122242245 1.469700249536317 1.469700250651895
0.442029466059 5.933610270280707 2664.308244471384 188.3511037085291 83.62827476880668 55.83848385158553 0.6031052329360059 0.2529856078414738 -0.3312989943315485 5.933610270280707 1.0051753882266765 13.33035044673964 1.673876393895128 0.0 39.93368212252962 -12.11269062425213 0.2859109061662151 -13.357947594983187 1.6752190268568319 11.156659215276532 -15.306534791307325 -0.3690206142097815 -0.15056124353384243 1.613420735148204 0.16189002875509725 1.5473567125426426 -1.3370820646419752 -3.4720599801115637 1.523472783787427 8.695599623443796 31.08220885338275 -56.859513211562025 0.6082453469215275 0.5566449285406264 -0.4433550714593736 1.5618203167679843 1.561820316798293
0.452947593871 5.394644387033434 2224.2617461557966 185.96494552897602 76.27070277172872 47.64382533676979 0.6490493373219384 0.2927424659142372 -0.3110157606675297 5.394644387033434 1.081748895536564 13.303143595111468 1.7707331348690345 0.0 46.838245526203345 -11.81899238948491 0.28815490359828866 -12.799474562718153 1.7719540636106466 8.764119494239289 -15.289135440147483 -0.3879126372184197 -0.15562795808235763 1.7296071336293108 0.10594067582243978 1.6391076885668057 -1.2953068569274648 -3.4252960542494435 0.9356351768201154 8.718587958045385 27.70837782708923 -51.61300322369307 0.6478582380927469 0.5815733231165404 -0.4184266768834596 1.6633222186531054 1.6633222186532013
0.464135399439 4.891090852716887 1841.1082652420348 181.46866985222147 69.36469736669206 40.46486893787688 0.6976807221346947 0.33634484915325935 -0.28616807171082315 4.891090852716887 1.1628012035578246 13.300959467950554 1.8766331318470018 0.0 54.44768966407865 -11.387059053814085 0.29024813869721483 -12.262642238298454 1.8777574876085088 7.0494801716329425 -15.293722418474353 -0.4081023613697484 -0.1610268376274187 1.8564177970820621 0.04165170638029331 1.7392767360893886 -1.2536807788024018 -3.375672192565378 0.3445920123894819 8.739175658204852 24.777288853970948 -46.73588066133509 0.6936165935242377 0.6123160535132323 -0.38768394648676774 1.7751172570710572 1.7751172570710572
0.475599543806 4.4226487563242545 1510.7047395589884 175.21794264684982 62.89874760736828 34.214169591874324 0.7487768382449193 0.38409073945885663 -0.2557640430468656 4.4226487563242545 1.2479613970748655 13.323558667451792 1.9921973540279998 0.0 62.78513336392563 -10.803131003837706 0.29219668841303603 -11.746536566566114 1.9932703696503724 5.770489236051078 -15.319782339549004 -0.4296317710989339 -0.1667764507304528 1.9943718403703747 -0.032341067787990105 1.8483273892604548 -1.2123067981490039 -3.3230511861985996 -0.2501945867842892 8.755982575217494 22.244621928450837 -42.216202300323104 0.7464104432955092 0.6501581711260884 -0.3498418288739116 1.898119568200954 1.898119568200954
0.487346852538 3.988790414622989 1228.5561800700195 167.54847554180603 56.861390054828696 28.805181584988272 0.8019447516357522 0.4362456674178459 -0.21863148223553086 3.988790414622989 1.336574586059587 13.370561898556982 2.1179431038240564 0.0 71.85550716660421 -10.048878800404557 0.294009604013983 -11.250264498212971 2.1190398123716796 4.773889235238307 -15.36662328591925 -0.45252228480469736 -0.172894780128915 2.143860992914598 -0.11757763866656613 1.966620696849993 -1.1712927718885007 -3.267267990729751 -0.8490907969765296 8.767382866089013 20.066317490844757 -38.040207690678315 0.8072864068550112 0.6966218015894146 -0.30337819841058544 2.033196387649002 2.033196387649002
0.499384319795 3.5887772332042136 989.9815959679792 158.77296504720067 51.24086356114452 24.153463938377836 0.8565692112210205 0.4930130274034639 -0.17340691869011038 3.5887772332042136 1.427615352035034 13.441289239367524 2.2542084333449237 0.0 81.63589947152622 -9.104380502146345 0.29569936759383203 -10.772956367773045 2.2554471384928316 3.968850500368995 -15.433217436514681 -0.47676569616520814 -0.1793985301343322 2.305074491529703 -0.2157614059765125 2.094351036111456 -1.1307516351611375 -3.208127096666014 -1.4521339720756217 8.771451423068019 18.19919258066489 -34.19270132183529 0.8774591394946689 0.7534816797746302 -0.2465183202253698 2.1810970318096645 2.1810970318096645
0.511719112494 3.22167752818005 790.2604930008207 149.17882682865684 46.024857680191914 20.177717366774985 0.9117534853180914 0.5544934448617224 -0.11853824892667819 3.22167752818005 1.519589142196819 13.534549061826686 2.401050893270141 0.0 92.06447569101807 -7.950261409466494 0.29728240364078456 -10.313768171829178 2.4026113825567714 3.3032190464980395 -15.517992878173128 -0.50231273632757 -0.18630221340137032 2.4779008322510414 -0.32872234067558875 2.231461549549166 -1.090801550710653 -3.1454008717798163 -2.0588238345641336 8.765909953491365 16.60148573393999 -30.65742620092697 0.9583116900542223 0.8227633201601048 -0.17723667983989522 2.342352462356924 2.342352462356924
0.524358574573 2.8863859655108874 624.7577746500665 139.02644043890615 41.20035522485184 16.800643964702278 0.9662568818409764 0.6206299624481528 -0.052313982472217635 2.8863859655108874 1.6104281364016273 13.648365832465764 2.55811415392941 0.0 103.02571308737517 -6.561336467555547 0.2987796429189872 -9.871883714247371 2.5602614386867395 2.746514210484968 -15.618541249343519 -0.529059092284364 -0.19361697563844507 2.6618018158731678 -0.45833840509221574 2.3775348364435076 -1.0515659751335185 -3.078829860171585 -2.6678276749245633 8.748076805483329 15.233261025362307 -27.41738314645269 1.0513736794715403 0.9067069725045658 -0.09329302749543422 2.517135108906193 2.517135108906193
0.537310231365 2.5816441758057547 489.0255210845936 128.54864934950308 36.753546489080335 13.949625912361395 1.0184362350833511 0.6911403045345662 0.027072921064442035 2.5816441758057547 1.6973937251389186 13.77963789432268 2.7244666462033607 0.0 114.33346656743596 -4.914290279095845 0.3002171264299092 -9.446516587170454 2.7275803581493134 2.279475770535728 -15.731296568106021 -0.5568289371936745 -0.20134912395266813 2.855662028981827 -0.6064072899763022 2.531662032723875 -1.0131735698169553 -3.0081259303989185 -3.2766540505366493 8.714827212842206 14.056854787341186 -24.45520040665454 1.1582683038429082 1.007686863838031 0.007686863838030966 2.7050805889769496 2.7050805889769496
0.550581794079 2.306062245179936 378.88158358253804 117.9505578131498 32.66979940477149 11.557226660875468 1.0662034977969201 0.7654337926877798 0.12140324627370314 2.306062245179936 1.7770058296615336 13.923724302642537 2.898409075935237 0.0 125.71488754182653 -2.9911339808207953 0.3016266287052866 -9.036911959367398 2.9030171361589265 1.8883820303884247 -15.85113103129244 -0.5853564514400806 -0.20949833721028807 3.0576132348221736 -0.774440145964399 2.692289234345386 -0.975757877071642 -2.9329793868732366 -3.881239685051808 8.662573924314648 13.037190272898592 -21.753424594386477 1.2806074051606398 1.1280552554215473 0.12805525542154728 2.905061085083081 2.905061085083081
0.564181164393 2.0581406848944312 290.46626116136935 107.40976154420396 28.93368474409845 9.561521760741401 1.1070185095517446 0.8425156912669783 0.23222967014625628 2.0581406848944312 1.8450308492529077 14.073973207030777 3.0772605193991636 0.0 136.7949799027287 -0.7758728369401007 0.3030462620264397 -8.642348145607745 3.0840727741112137 4604.684763603738 -15.970885669654654 -0.6142666445342762 -0.21805556876438661 3.2648436957074574 -0.9633547883036866 2.857049978800469 -0.9394566464987388 -2.8530719549123122 -4.475465569134597 8.587282130659188 12.142007575048847 -19.294757997978785 1.4198128464545496 1.26988233451527 0.2698823345152701 3.1149131837681776 3.1149131837681776
0.578116439154 1.8362925448899154 220.2786326630128 97.07720759290424 25.529040439177034 7.906271184498218 1.1379418188361512 0.9208880393254438 0.3605781335585403 1.8362925448899154 1.896569698060252 14.221229342695992 3.2571478316187923 0.0 147.0876505417274 1.7375924807486935 0.30452100363591755 -8.262137934347653 3.2670806800150096 780.4044954465423 -16.08090512591846 -0.6430577712494842 -0.22700070192952992 3.473414801133772 -1.1730570996912273 3.022603866407521 -0.9044106776744174 -2.7680972583571934 -5.050669933213612 8.484536616188027 11.3420970862284 -17.062281077077508 1.5768451030735202 1.4345697006278746 0.4345697006278746 3.3311393986881264 3.3311393986881264
0.592395915201 1.638865326440618 165.194902525549 87.07835310831267 22.43906739394586 6.5409480474736785 1.155776710021796 0.9984602286584253 0.5065387155049512 1.638865326440618 1.9262945167029932 14.353393786450575 3.4328332322079445 0.0 155.9997737326434 4.5402795387119035 0.30610306258429176 -7.895629653275186 3.447009773121337 445.7225293947979 -16.16863038530277 -0.6710890443532114 -0.23630009601829866 3.6781172261137827 -1.4019062454917581 3.1845098372031995 -0.8707620230886185 -2.677790575799579 -5.5952101562280045 8.349682024833369 10.611504121432104 -15.03962628468722 1.7518227094107894 1.622318973398757 0.6223189733987571 3.5486134901017503 3.5486134901017503
0.607028094306 1.4641623994588029 122.47139084365182 77.51460726188999 19.646447639687615 5.420641316614708 1.1573267532989835 1.0724922025042694 0.6687578525295124 1.4641623994588029 1.9288779221649726 14.455156150731407 3.597635774694485 0.0 162.8551654687167 7.603810239556812 0.3078519773781477 -7.542207957374277 3.617339015720243 346.7791760678669 -16.218375558963956 -0.6975788093344845 -0.24590426297898615 3.872415560449362 -1.6460960861825913 3.337177929231122 -0.8386513955054136 -2.5819689941283226 -6.094198607461359 8.178057187193357 9.927742441106075 -13.211115169064382 1.9435376382843896 1.831470090204407 0.831470090204407 3.7603480123693798 3.7603480123693798
0.622021688236 1.310463627215765 89.7350107010879 68.46497686099963 17.133480460951557 4.505851491075652 1.1397808012969672 1.139601088661082 0.8438827136217124 1.310463627215765 1.8996346688282788 14.508068116649127 3.7435173824499914 0.0 166.94562409236121 10.87532482468925 0.30983431192318295 -7.201294327786073 3.7700701640182213 375.29131325916035 -16.211452887270774 -0.7216196142415063 -0.25574603764126685 4.048542199909192 -1.8990356267086608 3.473953982692999 -0.808214642826032 -2.4805820550296493 -6.529576504455052 7.965338827680497 9.272026290159499 -11.561861081664347 2.148907531080913 2.0577744980108186 1.0577744980108186 3.9574091668390974 3.9574091668390974
0.637385623935 1.1760449401101285 64.96400076533368 59.98792737936256 14.882228223825738 3.762199179030223 1.101205379126317 1.195868251348648 1.0260696265135634 1.1760449401101285 1.8353422985438617 14.491159109826485 3.861411925057425 0.0 167.61297501616082 14.272579273971294 0.3121228068206959 -6.872347274291254 3.8959631543999613 6163.8861657448515 -16.126857203714433 -0.7422167950991548 -0.2657397230736095 4.19780546619721 -2.1508852059516324 3.5873957349220573 -0.7795782189650751 -2.373770699116455 -6.880739230306723 7.707995760424582 8.62953711688294 -10.077851767426859 2.3624631676533485 2.2937480729309403 1.2937480729309403 4.129090371474802 4.129090371474802
0.653129048846 1.0591966277999505 46.461596809069015 52.12332301903258 12.874667492083079 3.160066610678251 1.0410763206322804 1.2370781088023945 1.2067271741797208 1.0591966277999505 1.7351272010538008 14.382279204110326 3.9418543752335213 0.0 164.35806095140225 17.682884283790653 0.3147948559970729 -6.554862237799437 3.9850747415045795 0.5163914181865913 -15.942676686666603 -0.758355573091008 -0.27578176745199545 4.311157454550408 -2.388466494954181 3.6697807026553004 -0.7528536966467583 -2.261929581667656 -7.125884867199511 7.40382991079423 7.989677352878469 -8.746002144535009 2.5760302534966066 2.528325613732436 1.5283256137324361 4.263452814786237 4.263452814786237
0.669261336353 0.9582401520644611 32.82507773370745 44.894451596763965 11.092840529324604 2.6741916549827773 0.9607273021164883 1.25910342420053 1.374707902495269 0.9582401520644611 1.601212170194147 14.160255604884373 3.975920072689416 0.0 156.9602275201328 20.96682316390473 0.3179302275594642 -6.248371195693213 4.027655573089615 0.43981683855943965 -15.638316369329935 -0.7690973058952913 -0.28575350258948323 4.380025262568184 -2.5957992438076203 3.713848259569968 -0.7281315435365991 -2.145764619476458 -7.244180554160262 7.052546445274473 7.346261389410606 -7.554183832847075 2.7788130923740364 2.747096071338955 1.7470960713389554 4.348308241533102 4.348308241533102
0.685792091361 0.8715433182593649 22.912327891658553 38.31006806755875 9.51900315880308 2.283232920379024 0.8635575466197256 1.2584152406973603 1.5171337991500964 0.8715433182593649 1.4392625776995427 13.80774667631427 3.9563963768496393 0.0 145.57884312273737 23.966607220143278 0.321608040710226 -5.952441975561381 4.015383938056452 0.7239486602664464 -15.197403248133277 -0.773698427407286 -0.29552628844537676 4.39733618886157 -2.7554548912916577 3.713711435886786 -0.7054746021461814 -2.026335202462711 -7.218626070109185 6.656258815931103 6.697547560747223 -6.4912241712739025 2.9580736111620274 2.9333615072593684 1.9333615072593682 4.372624084958911 4.372624084958911
0.702731156017 0.7975336809293668 15.807718565842308 32.366425699206644 8.1357654944965 1.969323105548218 0.7548565873851875 1.2326478679915445 1.6209114290401914 0.7975336809293668 1.2580943123086459 13.314394957021172 3.8790057413488372 0.0 130.80055314219413 26.521602011533712 0.32590314380498603 -5.666677288045175 3.942789989408183 5.894262877518555 -14.610963878123382 -0.7717370079260509 -0.30496903257332836 4.358583725128585 -2.8507319143298355 3.665797680505593 -0.6849119364780977 -1.9050701145164048 -7.039216475561802 6.219808945663239 6.046010295321365 -5.546870334611353 3.100489412819939 3.0700956477318546 2.0700956477318546 4.3281899600405005 4.3281899600405005
0.720088615571 0.7347100982343648 10.788757118223032 27.049258725464256 6.926222510261785 1.7176259910796898 0.6411919588925606 1.181103694835564 1.6747608642382008 0.7347100982343648 1.0686532648209344 12.679607429399878 3.7434141290591354 0.0 113.60227601544312 28.487175959212866 0.3308821909529568 -5.390713493819575 3.8085744649352336 7.3822428536704825 -13.88019299996692 -0.7632245721922118 -0.3139575248054778 4.262714934919411 -2.8683590512976123 3.569618065279383 -0.6664338691092594 -1.7837488103295878 -6.705730695817757 5.75078489192972 5.397771410031701 -4.711714594801054 3.194061670098477 3.1425766948476905 2.1425766948476905 4.211229959668625 4.211229959668625
0.737874804376 0.6816523894220183 7.2946031508026925 22.335684985094524 5.8740718539773376 1.5159103696884728 0.5294518231223987 1.1050629426239404 1.6713223567607587 0.6816523894220183 0.8824197052039978 11.914169341687469 3.5537420619647566 0.0 95.222036193792 29.75474179386662 0.3365998462440651 -5.124219123532608 3.61642686232818 7.2454436725714375 -13.018014985405841 -0.7486781811499653 -0.32238447076226284 4.112609701255864 -2.8011234368758036 3.4281570963384924 -0.6499890562013505 -1.6644447576573507 -6.229351104215883 5.259160508977845 4.7616709585937 -3.9770824862690795 3.2301899960518656 3.1411296167676768 2.1411296167676768 4.023549321971675 4.023549321971675
0.756100312044 0.6370290884131434 4.897223372927116 18.196000830733155 4.963716786300207 1.3541518305087556 0.4257793082210513 1.007789548822061 1.6087481703882074 0.6370290884131434 0.7096321803684189 11.040053596579426 3.3183803507566263 0.0 76.96241200107065 30.267706592355744 0.3430956075001354 -4.866893172393581 3.374999369780684 6.527699260513703 -12.048800640009246 -0.7291316663418675 -0.3301687167791869 3.9149909540309147 -2.649666315705117 3.2477414509085696 -0.6354842802053396 -1.5494323469152806 -5.6324751207003825 4.756561770111355 4.148047922176896 -3.334894016851675 3.2053587736624958 3.063207410515017 2.063207410515017 3.772839590883436 3.772839590883436
0.774775989751 0.5996033236024163 3.275663094217856 14.595344728139775 4.180352607715253 1.2241706810752246 0.334699054632303 0.8941979019208495 1.4912559974058834 0.5996033236024163 0.557831757720505 10.088235779058866 3.049087755126388 0.0 59.979300343958286 30.02941116726762 0.3503916981069677 -4.6184631950438835 3.0969364141529727 5.648600145314794 -11.006051157680737 -0.7060739146923783 -0.337262120011142 3.6797400157557973 -2.422827915348993 3.037373913228101 -0.622787281057891 -1.441059512058247 -4.946528450578607 4.255260564831654 3.5673902054576043 -2.7775162768282926 3.1219082580352926 2.91412812004635 1.91412812004635 3.4719598777668548 3.4719598777668548
0.793912956698 0.5682368876289099 2.1936606621398598 11.495210494188207 3.510035480625177 1.1193114842327154 0.25867254029821907 0.7702420632761671 1.3284304512830096 0.5682368876289099 0.4311209004970318 9.094916350999151 2.7595513517800416 0.0 45.116109844984926 29.100888763499615 0.3584923208658125 -4.378683228373031 2.797190792272729 4.781362980885761 -9.92844857816176 -0.6813126095992492 -0.34365290824016465 3.41874380065111 -2.136352643756858 2.807662141839054 -0.6117324682958987 -1.341583690717012 -4.208181659071716 3.7670733835372965 3.0290650135728248 -2.2976300793672966 2.9876229001540784 2.706185951133379 1.7061859511333788 3.1373068516304103 3.1373068516304103
0.813522606728 0.5418925902535154 1.4806260218265463 8.854796546746341 2.9397331681952696 1.034166842041961 0.19815398901722306 0.6421688590350585 1.133480443756096 0.5418925902535154 0.33025664836203844 8.097031082207636 2.4637370921181345 0.0 32.82508681907141 27.58932672528616 0.36738433766918926 -4.1473315722288575 2.4910728759707035 3.993952142811013 -8.855149964326657 -0.6567725094535636 -0.3493650989711575 3.144511381778066 -1.8103062150881561 2.569572917824136 -0.602128885206692 -1.2529664615504632 -3.4548519305473344 3.302367453609545 2.5403300644225375 -1.8881312052129284 2.814254733416028 2.4564025466206783 1.4564025466206785 2.786659194982717 2.786659194982717
0.833616615115 0.5196350115890207 1.0158467402035518 6.632183845501809 2.457357869647791 0.9643453626807191 0.1520402073934383 0.5158046148839337 0.9209877258258701 0.5196350115890207 0.2534003456557305 7.12808429010947 2.1743880714816006 0.0 23.18321354621685 25.630551093646442 0.37703919858425056 -3.924208459039118 2.1924781133606763 3.307887115170183 -7.8213719726408595 -0.634252695226887 -0.3544543675641506 2.868832555126977 -1.4659483706240486 2.333266118217576 -0.5937694637841406 -1.1766376028905177 -2.7205259107112227 2.8693404178562054 2.105755674419153 -1.5420787784137056 2.6154322094712463 2.1836115523649156 1.1836115523649156 2.4370118980206463 2.4370118980206463
0.854206945508 0.5006297916480582 0.7156722315902622 4.785341177353894 2.0517819374595057 0.9062814102113932 0.11830297556085399 0.39601450968505164 0.7047685762469977 0.5006297916480582 0.19717162593475665 6.215124036145646 1.9019402021817544 0.0 15.978244933799983 23.37001788363416 0.3874157609860018 -3.7091336452859807 1.9126075499780806 2.7243744763571267 -6.855137530959881 -0.6151912820177557 -0.3590013993871216 2.6017159927914975 -1.1228767396820822 2.107213179337526 -0.5864404983425011 -1.113279640912914 -2.032724244760986 2.473658806744238 1.727086177222076 -1.2526922003906693 2.4045443668567406 1.9056842143757835 0.9056842143757835 2.10285584031054 2.10285584031054
0.875305857062 0.4841416053262175 0.523355240768525 3.27296201800314 1.7128378160065412 0.857082441242134 0.09459383589768584 0.2864043638491566 0.49631512574229486 0.4841416053262175 0.15765639316280974 5.377234042533429 1.6539715189051045 0.0 10.825000728721001 20.94630843354625 0.398463555614559 -3.5019439568579465 1.6593393910050889 2.2362005374894043 -5.975650546815054 -0.6005066584116433 -0.36310405690839126 2.350762825674791 -0.7970248196677122 1.8977123007010113 -0.5799303789913504 -1.0627227565989155 -1.4109838333581903 2.118449273118584 1.4034752344715997 -1.013388020526555 2.193106432511981 1.6375031933189548 0.6375031933189548 1.7951595864817644 1.7951595864817644
0.896925911731 0.46953098029292384 0.40119295979458514 2.0551420293505784 1.4313039454167418 0.8144085847257411 0.0786879028562525 0.18926083920542153 0.3040049717805626 0.46953098029292384 0.13114650476042083 4.625460571508162 1.4351514765409834 0.0 7.275299106736257 18.479512183221768 0.41012607499788256 -3.302490821763076 1.4372358936111913 1.8330823628235418 -5.19329164963378 -0.5905720128984776 -0.3668696216963747 2.121018946825205 -0.4997229592576509 1.7088076633577471 -0.5740368972657822 -1.02402379912154 -0.8667770287491636 1.8045666120578767 1.1319721010522505 -0.8178421075241467 1.9898724420647842 1.38993144507858 0.38993144507858013 1.5210779498390008 1.5210779498390008
0.919079981751 0.45625011922794495 0.32460180109969267 1.0939094568972014 1.1988786232058606 0.7763786304012075 0.06872830362331489 0.10567422396066313 0.13301189972989602 0.45625011922794495 0.11454717270552482 3.96378897423208 1.2475590724354206 0.0 4.899458042222752 16.065117815290158 0.42234375272749297 -3.1106378216772086 1.248010417639258 1.5039942668448323 -4.510836334612703 -0.5853231214890835 -0.37040804497591423 1.9152257597028344 -0.23770024049668564 1.5425274880861954 -0.568572766985659 -0.9957155782786502 -0.40448293465684465 1.5310298375930833 0.908122751159305 -0.6600612285469583 1.8006785869973096 1.16969055509683 0.16969055509682987 1.2842377278023547 1.2842377278023547
0.9417812573 0.4438378884625416 0.27777296906301296 0.3536227999188368 1.008143919474999 0.7414966789492087 0.06330203341472608 0.03576780685180852 -0.014296775017797483 0.4438378884625416 0.10550338902454347 3.3906847238754065 1.0912066140067458 0.0 3.3332760040541456 13.772671246500353 0.4350564278769924 -2.926258293732431 1.0912133157201174 1.2381501008028497 -3.9253033709465885 -0.5844354707988957 -0.3738267190805435 1.7343005667392124 -0.013722633814818237 1.3993022972681395 -0.5633693062006445 -0.9761193927139653 -0.022925684500192445 1.2955199552328684 0.7265711739493688 -0.5344506505353864 1.6287971777146688 0.9798711101161084 -0.020128889883891554 1.0853744991406518 1.0853744991406518
0.965043254356 0.4319141327865859 0.25058410509824286 -0.19874903305617597 0.852521707950826 0.7085942323610168 0.06140726501567983 -0.021036267017791294 -0.1377209859886915 0.4319141327865859 0.10234544169279972 2.900772862538627 0.9646244557041083 0.0 2.2954705444460592 11.647773501430791 0.44820521066331587 -2.7492330115469397 0.9649357976860152 1.0254287457053708 -3.4298844892690212 -0.5874886461957147 -0.3772269003770231 1.5778681223398219 0.17246633175210405 1.2784268061986768 -0.558278447852745 -0.9635981068762314 0.2829466291541505 1.0948576144625122 0.5815843076482371 -0.43586871277216543 1.4755226806470223 0.8207578908882929 -0.17924210911170715 0.9231033325810927 0.9231033325810927
0.988879822738 0.42017347178877096 0.2364797286530547 -0.5934488726935541 0.7262237527993242 0.6767833047415889 0.0623701682852227 -0.06576501686756438 -0.23854473123936187 0.42017347178877096 0.10395028047537118 2.4863659546297647 0.8654055492360093 0.0 1.5852036954179465 9.715931210542365 0.46173376029998314 -2.579447973238569 0.8664161699983602 0.856580400597446 -3.0156062024629886 -0.5940702142009888 -0.3807016444461442 1.4447249587962856 0.3231670033672524 1.1784735181511512 -0.5531733729358504 -0.9566909310897037 0.5205327018652831 0.9254108194609587 0.4674631000667589 -0.3596637996668195 1.3407746783209145 0.6907131083046543 -0.3092868916953458 0.7946633887800254 0.7946633887800254
1.01330515436 0.4083787267337802 0.23107521236275158 -0.8578412041173716 0.624197613883282 0.6454170579656264 0.06575231895478328 -0.09968452106239402 -0.31893200081240636 0.4083787267337802 0.10958719825797214 2.1386932652364075 0.7906551974455658 0.0 1.069194817615641 7.987054449724092 0.4755890463957566 -2.416792320754091 0.79250613553547 0.7233372036855662 -2.67262213908511 -0.6038183966931707 -0.38433496981366605 1.3332135031977983 0.4418689351326189 1.0976290852335526 -0.5479481028803471 -0.9541760578637473 0.6983462395327285 0.7834116833098136 0.378832622266041 -0.30169272663014024 1.2236263049398262 0.5869578710239431 -0.41304212897605685 0.6965450692819154 0.6965450692819373
1.03833379167 0.3963541192191122 0.23128189679865888 -1.0163961620405209 0.542069925666565 0.6140553906012899 0.07127085674836588 -0.12414142652244138 -0.38145629115855995 0.3963541192191122 0.11878476124727647 1.8487938739003629 0.7373284700887166 0.0 0.6654837467038991 6.459778481303742 0.4897216939875249 -2.261156413153394 0.7399987438132147 0.6184657047954096 -2.390958884102096 -0.6164278916978434 -0.38820192383664176 1.241394327402242 0.5325895163220811 1.0338922064703033 -0.5425163727697176 -0.9549218468230666 0.8251193758743651 0.6651818462881459 0.31082319797915964 -0.25832193764856076 1.1226095661549655 0.506181042845008 -0.49381895715499197 0.6249658104101005 0.6249658797188664
1.06398063633 0.3839783735124494 0.23479192727412393 -1.0907351138236439 0.4760884038988314 0.5824337450905239 0.0787392239754136 -0.14045397305071816 -0.428770642298505 0.3839783735124494 0.13123203995902266 1.6081034458724623 0.7024613976605176 0.0 0.3280582183957547 5.125194128950025 0.5040860178875604 -2.1124300717657967 0.7058395365947634 0.5358065352531889 -2.1612689327077046 -0.6316430369185047 -0.39236924733897743 1.1673436378078577 0.5994119501280831 0.9852988544416676 -0.5368100594540934 -0.958050866221144 0.9092120052792366 0.5672780688237966 0.2591634097065417 -0.22641416240593615 1.036111597848835 0.44496633632768245 -0.5550336636723175 0.576202098998449 0.5762160304363835
1.09026095804 0.37117784414996247 0.23979863932283613 -1.099726367859414 0.4230637279630962 0.5504340983559647 0.08802795303725193 -0.14984441886105088 -0.4633993797464122 0.37117784414996247 0.14671325506208654 1.4087947414216082 0.6833138753156744 0.0 0.03426884980775942 3.969814266711636 0.5186398428667359 -1.97050101437061 0.6872481562435553 0.4703044829687431 -1.9750161471179073 -0.649251489453115 -0.3968963898043794 1.1091873833049453 0.6461946512655894 0.9499865446521929 -0.5307773792170899 -0.962782378052265 0.9582672453049693 0.48657442280305 0.2202077243837556 -0.20330364833216152 0.9624741282428588 0.40006192392780815 -0.5999380760721919 0.5468422112121087 0.5469849652228245
1.11719040371 0.35791977850546086 0.24486071871053147 -1.0596205342472367 0.3803122747555812 0.5180576423672707 0.099041361189361 -0.15340289104779264 -0.4876232559422963 0.35791977850546086 0.16506893531560166 1.243937877720202 0.6774456793733054 0.0 -0.22451522361191842 2.9777746809720806 0.5333441908357087 -1.835253486997889 0.6817762247548387 0.4177507770409054 -1.8246566185528934 -0.6690818010698151 -0.4018366908820962 1.065195860693026 0.6764119054749105 0.926266698182443 -0.524381011236412 -0.9684503316921674 0.9790472001371637 0.4202978639470952 0.19091935756591033 -0.18676305211343683 0.9001269253774243 0.3685291789027607 -0.6314708210972393 0.5338925581991381 0.5343447225505551
1.14478500668 0.34420581187115207 0.24884544030426378 -0.9842163306103173 0.34560050786229635 0.4853990476259582 0.11170531352422752 -0.15207327899962333 -0.5034299733683889 0.34420581187115207 0.18617552254037922 1.107539098310449 0.6827455491719903 0.0 -0.449327928878613 2.1324078882752353 0.5481628976329566 -1.7065671063337486 0.6873209521253907 0.37459016431082093 -1.7036716961174942 -0.691003568255038 -0.4072386025808559 1.033826446244782 0.6930864525391237 0.912655518874737 -0.5175962530484634 -0.9744951287641842 0.9773905389804378 0.36603190195470353 0.16882509250118083 -0.17496474087863056 0.8476509237044028 0.34780680622858395 -0.652193193771416 0.5346338328262471 0.5354596959934064
1.17306119634 0.3300657787458361 0.25090801889217657 -0.8850481722475333 0.3170916819170961 0.45262244511767263 0.1259619047875564 -0.14665338326584293 -0.5125066365723271 0.3300657787458361 0.20993650797926067 0.9945044906790579 0.6974298714069337 0.0 -0.637716861552773 1.4172735267242025 0.5630622066081159 -1.5843159117473053 0.7020949391037636 0.3379758636935514 -1.6065275666909695 -0.7149280292529386 -0.4131468743949143 1.0137429933575681 0.6987811188654036 0.9078831277543894 -0.5104092743016355 -0.9804570684025169 0.9582454134588532 0.3217000963554042 0.15195473243704227 -0.1664389087001078 0.8038064853783075 0.33572071839596274 -0.6642792816040373 0.5466389856984397 0.5477597570209042
1.20203580789 0.31555191058739623 0.25048080184596294 -0.7715881009336218 0.2932953881694318 0.4199393885660767 0.14176802287761905 -0.13780347627694856 -0.5162566478415436 0.31555191058739623 0.2362800381293651 0.9005623871900266 0.7200233902878215 0.0 -0.7861784422521076 0.8167945272195611 0.5780103711200304 -1.4683676318076326 0.7246582152912467 0.3057724202989186 -1.5285923370619976 -0.7408078060084633 -0.41960365890734913 1.0038188267440047 0.695624959052527 0.9108885330691934 -0.5028155059334695 -0.9859688068573038 0.9257441016029399 0.2855380855917446 0.13877413019946833 -0.16003045651012665 0.7675387886146395 0.33046228569633795 -0.669537714303662 0.5679031667880423 0.5691712615919597
1.23172609235 0.3007334758651887 0.24725826169647933 -0.6514554083196773 0.2730203438548281 0.3875890906360867 0.15909581533086056 -0.12605916111774776 -0.5158289733444181 0.3007334758651887 0.26515969221810093 0.8221672850370294 0.7493307188736829 0.0 -0.8914630200446378 0.31662838395629916 0.5929772876173148 -1.3585831608342023 0.7538939419752206 0.27645640427146845 -1.4660327175323236 -0.7686354773315812 -0.4266495200693964 1.0031291354700276 0.6853568959439268 0.9208062462788091 -0.4948181812860662 -0.9907461544442135 0.883296597746092 0.256060238307761 0.1281177999060718 -0.15485620357141106 0.7379694432519266 0.3305505830822353 -0.6694494169177647 0.5968679164457708 0.5981334403221891
1.26214972683 0.28569190417984486 0.24117215730321245 -0.5306279737971772 0.25533071832484955 0.3558211925933487 0.17793389553505196 -0.11184577777600369 -0.5121519439986036 0.28569190417984486 0.2965564925584199 0.7563997384635764 0.7844045485598162 0.0 -0.9511632376255668 -0.09618136478982789 0.6079341724317044 -1.254816239390939 0.7888612190255289 0.24898819915285691 -1.4157053216936397 -0.7984412676822744 -0.43432434224078603 1.0109374021889241 0.6693757518117656 0.9369488214150303 -0.4864270321911244 -0.994577663666201 0.8336885813635 0.23202494421982392 0.11912493920017099 -0.1502636764862995 0.7143809096305043 0.33478876941518565 -0.6652112305848144 0.6323570789238431 0.6335031058380234
1.29332482508 0.27051642245177326 0.2323565692634507 -0.4136504791416664 0.23950618636901733 0.32488124962192144 0.19828868682574366 -0.09549269455140523 -0.5059670054116319 0.27051642245177326 0.3304811447095728 0.7008706639907889 0.8245141392979409 0.0 -0.9638773522163157 -0.4331673378766478 0.6228532893741272 -1.156913329494449 0.828803810788266 0.22269893247126626 -1.3750517405249774 -0.8302903420382993 -0.44266814762359946 1.0266792183145335 0.6487901265475903 0.9587881850743344 -0.47765713474159865 -0.9973138309358505 0.7791754199053211 0.21240102543180073 0.11118103301111108 -0.14579237246963433 0.6961980736049607 0.34222052870240227 -0.6577794712975977 0.6734926716557618 0.674447397632769
1.32526994826 0.2553002180391379 0.22110547836573613 -0.3038352682758088 0.2250058067052085 0.2949990139406493 0.22018565256616518 -0.07724651284858293 -0.49785988420598454 0.2553002180391379 0.36697608761027534 0.6536344459670639 0.8691162034042907 0.0 -0.9291433816520933 -0.704478889354289 0.6377077307905015 -1.06471367346332 0.8731874066407724 0.19720392011705165 -1.3420025970593699 -0.8642801644389725 -0.45172183490699414 1.0499458077121453 0.6244644637722184 0.9859376239064725 -0.46852789480348683 -0.9988566624279065 0.7215677388318569 0.19633666683832737 0.10386615742641357 -0.14113815718395967 0.6829697201018701 0.35208984612846994 -0.6479101538715301 0.7196243200056566 0.7203597985648023
1.35800411598 0.24013713134241224 0.20782679503290966 -0.20345250407485138 0.21143573903586266 0.26637949132756644 0.2436703572926498 -0.0572827049468683 -0.4882880217969663 0.24013713134241224 0.40611726215441635 0.6131126428564069 0.9178292403574502 0.0 -0.8472645735489018 -0.918978280863225 0.6524712520301452 -0.9780495216505081 0.9216555416657632 0.17234146826512572 -1.3148929180688675 -0.9005382501509415 -0.46152785434176646 1.0804687021112902 0.5970596119773107 1.0181355059388433 -0.4590621610716325 -0.9991501160899966 0.6623067196716375 0.18313153686661943 0.09691035119629224 -0.13612121577672576 0.6743514399568739 0.3638056019752727 -0.6361943980247273 0.7702796598505717 0.7708033704652562
1.39154681765 0.22511886939062467 0.19299683279684793 -0.11390709443784408 0.1985207398001073 0.23919664636532012 0.26880940531335235 -0.03571551780784881 -0.4776039733705564 0.22511886939062467 0.4480156755222539 0.5780285418786744 0.9704117021516976 0.0 -0.7190988649740762 -1.08434739176836 0.6671181573287627 -0.8967465126581438 0.9739803457036014 0.14813371211764784 -1.2923893186367916 -0.9392205087565659 -0.47213083511611004 1.1181063671066311 0.5670674015484165 1.0552312640163588 -0.4492854528451456 -0.998171688078332 0.6025288820996828 0.17221230380238559 0.09015593615111303 -0.13065777240954007 0.6700906915843772 0.37691137196555724 -0.6230886280344428 0.8251327967292889 0.8254759148227154
1.42591802405 0.2103327221797301 0.17711860563535362 -0.035900513164250025 0.18607931189095012 0.21358954593579535 0.295691345074686 -0.012606134235278182 -0.4660748835964493 0.2103327221797301 0.49281890845780996 0.547351945864324 1.0267440248613608 0.0 -0.5458518320454135 -1.2072110344184894 0.681623233545574 -0.8206241894040485 1.030049824981998 0.12476577396856553 -1.2734285220622148 -0.9805102712298988 -0.48357818061106206 1.1628331835718875 0.5348393559087372 1.0971738577903567 -0.4392252900203702 -0.9959252222338979 0.5431208895757326 0.1631114712138195 0.08352638931263742 -0.12473563951592159 0.6700142751140775 0.39106028783705227 -0.6089397121629477 0.8839854583205833 0.8841905904759135
1.46113819924 0.1958597551967808 0.1606863758788667 0.030423606746063925 0.17400232980682898 0.18966066415510238 0.32442763808144987 0.012030805207392862 -0.45389841521534896 0.1958597551967808 0.5407127301357498 0.520253156885635 1.0868143149204008 0.0 -0.32889105266819074 -1.293256678278219 0.6959617278183129 -0.7494966312307252 1.089857929061688 0.10257542090152563 -1.2571661229962672 -1.0246180267683864 -0.4959206464505841 1.2147308994195807 0.5006100461111069 1.1440027027755926 -0.42891061358524063 -0.99243489817972 0.48476540641417853 0.1554492990416505 0.07700118090876265 -0.11839351257696888 0.6740181692838307 0.40599447044956005 -0.59400552955044 0.946755753456207 0.9468663281199227
1.49722831276 0.18177344491343575 0.1441578438265806 0.0853506454482218 0.16223491928187725 0.16747602763348107 0.35515378879832254 0.03822217722183969 -0.44121558957861184 0.18177344491343575 0.5919229813305376 0.4960649712412604 1.1507073917519257 0.0 -0.06959021239320183 -1.347335652711181 0.710109364315216 -0.6831731833843975 1.153494172951227 0.08203508461236675 -1.2429343002118998 -1.0717818603197864 -0.5092129154091677 1.2739825265821219 0.46451572392440527 1.1958409556657754 -0.41837128600744455 -0.9877402875649973 0.42797917073749614 0.1489185014490303 0.07059590880557805 -0.11170382376294664 0.6820595452515842 0.4215284408349844 -0.5784715591650156 1.0134707094686206 1.0135235862440675
1.53420985209 0.1681387188904585 0.1279344169548094 0.12948299490923598 0.15076133741274586 0.14706685714437834 0.38803072216533924 0.06603272012985906 -0.42812095106748244 0.1681387188904585 0.6467178702755654 0.4742515045772545 1.218596919208083 0.0 0.23079750804692847 -1.3735813245254365 0.7240423949593573 -0.6214592646232404 1.2211361113429937 0.06369663238541455 -1.2302072359767031 -1.1222685677224715 -0.5235141825122623 1.3408686235391638 0.4266088031760351 1.2528910379771157 -0.4076376620447813 -0.9818923388569331 0.37314436750347174 0.14327138804342537 0.06434704082884522 -0.10475889673006786 0.6941507532635985 0.4375359756663223 -0.5624640243336777 1.084260350485911 1.0842823056566817
1.57210483543 0.1550113585453232 0.11234922448622757 0.1636443807158574 0.13959257728474217 0.12843235881740045 0.4232464857971136 0.09556258770532271 -0.41467052479871036 0.1550113585453232 0.705410809661856 0.45438275263036076 1.2907402848631455 0.0 0.5712420907376018 -1.375479420473016 0.7377376790060742 -0.5641572331335247 1.2930445247985387 0.04807500207152435 -1.2185729396484213 -1.1763754261564738 -0.5388887631446404 1.4157658227037522 0.3868688506441136 1.3154322146474637 -0.3967402216057552 -0.9749501467486581 0.32053444023376165 0.13830912083742183 0.05830055924344365 -0.09766007499133852 0.7103550130418962 0.45393979975352516 -0.5460602002464748 1.1593524130415096 1.1593601070639736
1.61093582487 0.14243772053860415 0.0976619921814515 0.18879972223962027 0.12875641005790409 0.11154333188055249 0.46101835261076884 0.12694599425391834 -0.4008879425628019 0.14243772053860415 0.7683639210179481 0.4361139159478322 1.367475978455146 0.0 0.951013385803898 -1.3559618095909782 0.7511727862853768 -0.5110672915662118 1.3695610770859676 0.0354883624646582 -1.2077103842418193 -1.2344326104559642 -0.5554067367197997 1.4991475105193448 0.3452106068382204 1.3838200995164844 -0.3857092573107047 -0.9669783742403437 0.2703352815647347 0.1338727817316418 0.05250385122101412 -0.09050947605428049 0.7307835895013967 0.47070363002280136 -0.5292963699771986 1.2390679448845656 1.2390701362752898
1.65072593974 0.1304547320583404 0.08405955664192988 0.20598954357135763 0.11828957271393066 0.09634628720000958 0.501595391843436 0.16035091975864207 -0.386768906971071 0.1304547320583404 0.8359923197390601 0.4191686504851855 1.449223412767989 0.0 1.3697493339773208 -1.3174842435384042 0.7643261182104581 -0.46198841486707565 1.4511083958763902 0.025929951208539297 -1.1973711726585954 -1.2968062566724272 -0.5731446384117178 1.5915866879501757 0.3014892538769197 1.4584880839885868 -0.37457461037311984 -0.958045207695997 0.22266244990447792 0.12983597558866158 0.04700025761763574 -0.08340402203629957 0.7555943682111156 0.48782634996682117 -0.5121736500331788 1.3238187335712779 1.3238192156561297
1.69149887045 0.11909011563860045 0.07166065961380896 0.21627739273580232 0.10823181459450132 0.08276780726109291 0.5452615804964132 0.19597963256434087 -0.37228463948133605 0.11909011563860045 0.9087693008273553 0.40332553179442115 1.5364846613460195 0.0 1.8275016808189735 -1.2620036030086341 0.7771770419318067 -0.41671928184300455 1.5381920681050265 0.019055754959889887 -1.1873644644748644 -1.3639021934042994 -0.5921862119213726 1.6937607298950337 0.255503858946219 1.5399503728342365 -0.3633654491271776 -0.9482207441159196 0.17757556148406012 0.12609872685105994 0.04182567514687051 -0.07643135082180055 0.7849914290676784 0.5053374800051241 -0.49466251999487587 1.4141067879255171 1.4141068643190626
1.73327889255 0.10836280077385148 0.06052367774100403 0.2207094058016944 0.0986215299322212 0.07071892067704463 0.5923395463581461 0.23407039129911736 -0.3573836435695852 0.10836280077385148 0.9872325772635769 0.38840714706009544 1.6298489336939919 0.0 2.3247791870019934 -1.1912102473116746 0.7897060317210287 -0.37505919701276724 1.6314053746617112 0.014301627493740705 -1.1775454815333823 -1.436170387282201 -0.6126232367861015 1.806458671372296 0.20699793959985233 1.6288072194219227 -0.35211008531683263 -0.9375757318801741 0.1350894473595594 0.12258245994223632 0.03700684371314778 -0.06966734017941378 0.8192260941087193 0.5232948036940305 -0.4767051963059695 1.510527381439179 1.5105273893484839
1.7760908812 0.09828348185580453 0.050656058447630166 0.2202837515574399 0.08949270799363829 0.06009930885170172 0.6431949803061563 0.27489968990450697 -0.34199325251762336 0.09828348185580453 1.071991633843594 0.37427130167551925 1.729998381325971 0.0 2.862610011241316 -1.1063886556412184 0.8018948129518145 -0.33680898748230703 1.7314353872815067 0.011056422830004343 -1.1678055289902183 -1.5141101330524849 -0.6345564448861348 1.9305901458901753 0.15565933416190414 1.725751450381206 -0.34083582376896754 -0.9261805767374693 0.09518403522955798 0.11922588375261556 0.03256073900132992 -0.06317481545324491 0.8585985120465813 0.5417822537972158 -0.4582177462027842 1.61377388765779 1.6137738881231534
1.81996032597 0.08885528517590555 0.04202444315982784 0.21592911719644048 0.08087298333232493 0.05080120687776981 0.6982419477326512 0.31878541446265707 -0.32602048302024533 0.08885528517590555 1.1637365795544188 0.3608039880299496 1.8377160965341734 0.0 3.44253825369522 -1.0083709394882598 0.813726503717956 -0.30177186312562476 1.839071297340622 0.008798694126898252 -1.1580639995056536 -1.5982761396250034 -0.6580965417533367 2.067196729755322 0.1011185313455617 1.831576951986208 -0.3295688417927026 -0.9141046054964428 0.057812469116413245 0.11598162816596329 0.02849483735946551 -0.05700324016155851 0.9034601502009032 0.5609086695130193 -0.4390913304869807 1.7246452490676827 1.7246452490803659
1.86491334602 0.08007451034096259 0.03456464684751522 0.2084912732627602 0.07278254076941391 0.042712901496886634 0.757949065106258 0.3660918585885998 -0.3093500403309013 0.08007451034096259 1.2632484418437635 0.34791371451467284 1.953898401512862 0.0 4.0666929895191375 -0.8979842055445041 0.8251857492762744 -0.2697542292047288 1.9552170807580986 0.007154213886955178 -1.148263693531998 -1.6892855312456356 -0.6833653524678175 2.2174671065481832 0.04294224654843073 1.94719053080128 -0.3183340939876201 -0.9014154794757607 0.022906015148491665 0.11281350064280096 0.024808089025782944 -0.05118920452222174 0.9542186647044197 0.5808102038582235 -0.41918979614177654 1.8440586457019879 1.8440586457021053
1.91097670566 0.0719314174899557 0.02819091935103946 0.19872465639025935 0.06523369969641479 0.035721768574205545 0.8228466992208902 0.41723435944411175 -0.29184468156255194 0.0719314174899557 1.3714111653681502 0.33552697705715906 2.0795664838055985 0.0 4.7378546792206935 -0.7756015522146323 0.8362588460106336 -0.24056644261457016 2.080903618124992 0.005888053087651053 -1.1383645133262643 -1.7878258965494624 -0.7104971086378771 2.3827529354056027 -0.019370032778888848 2.0736239295168426 -0.30715524112971593 -0.8881787436867715 -0.009619327024924296 0.10969426036809163 0.021491990014147453 -0.04575725586347412 1.0113417700374525 0.6016496627120158 -0.3983503372879842 1.9730608280801663 1.9730608280801665
1.95817783029 0.0644110326899959 0.02280411424711116 0.18728970827178165 0.05823102254794656 0.029716821692647357 0.8935355808661841 0.47268608553313474 -0.27334289269108436 0.0644110326899959 1.4892259681103068 0.323584653763168 2.2158830754192227 0.0 5.459455598014202 -0.6413508296198608 0.8469338504687881 -0.21402350468483 2.217305957238996 0.004866875299417225 -1.1283401236954198 -1.8946646663308018 -0.7396399028990428 2.56458950496524 -0.08639431700014268 2.212049965955269 -0.29605459867844686 -0.87445753887586 -0.039859080134730496 0.10660381352703348 0.01853198265695999 -0.040721165662696526 1.0753635368549335 0.6236192702110279 -0.3763807297889721 2.1128452383213348 2.1128452383213348
2.0065448227 0.05749395010451938 0.018298546261356404 0.17475381888832922 0.05177177595584886 0.024590772257620075 0.9706966621958405 0.5329859623486732 -0.25365587951530455 0.05749395010451938 1.6178277703264008 0.3120391161533247 2.3641718908110967 0.0 6.235703445526562 -0.4952498382441415 0.8572006706882159 -0.18994568521976873 2.3657634911419243 0.004019413503243566 -1.118175100270821 -2.0106598056040332 -0.7709573356872743 2.7647196378029215 -0.15879210416917677 2.3638012545493723 -0.28505310323167965 -0.8603123479016592 -0.06791706714939327 0.10352775657713312 0.015908859590470954 -0.03608534633298963 1.1468918674765207 0.6469442855964473 -0.35305571440355266 2.2647720559228484 2.2647720559228484
2.05610647982 0.0511571126476768 0.014567494906918544 0.16159488185257942 0.04584665610720631 0.020241621313651988 1.0551029033432233 0.5987473014708247 -0.232565853536276 0.0511571126476768 1.7585048389053723 0.3008519364081462 2.525938985369096 0.0 7.071595640859061 -0.3367613346115252 0.8670511375695918 -0.16815907355290172 2.5278022626781795 0.0033073744774145594 -1.1078614857511448 -2.136772276884268 -0.8046303843564294 2.985120802848309 -0.2373194993307098 2.530391222438971 -0.2741702947326294 -0.8458008765724662 -0.09390153562577708 0.10045620355153954 0.013600039683845377 -0.031846298678260936 1.2266159639429364 0.6718848986011221 -0.3281151013988779 2.430389737506494 2.430389737506494
2.10689230987 0.045374555882401836 0.011507385866182886 0.14820754580490297 0.0404406552097726 0.0165738180550434 1.1476328877097963 0.6706702039597486 -0.20981863965951586 0.045374555882401836 1.9127214795163272 0.28999205733059263 2.7029028398568116 0.0 7.973027070111488 -0.16548865373846547 0.8764790537728309 -0.14849605464207372 2.70516625527052 1.5241409372284414 -1.0973988736744058 -2.274080347934559 -0.840859533851716 3.228039997676705 -0.32284586701616863 2.7135419900131454 -0.26342431121409776 -0.8309779477979674 -0.11792487123436457 0.09738284610335633 0.011580879098969257 -0.027994136463099124 1.3153185181603784 0.6987453983450242 -0.30125460165497575 2.6114668778613517 2.6114668778613517
2.15893254993 0.04011810540258507 0.009020775448878995 0.13490993410235239 0.03553400508097818 0.01349903157634513 1.2492866736672599 0.7495534031794561 -0.18512084281196395 0.04011810540258507 2.0821444561121 0.2794343613592011 2.897023613300136 0.0 8.946956519913867 0.01934272897817131 0.8854802199693599 -0.1307957092182921 2.8998482123937936 0.48687031274729387 -1.086791224100832 -2.423796083981168 -0.8798672030482836 3.496030457024625 -0.4163668878194202 2.9152129356848935 -0.25283189655126126 -0.815895435140072 -0.14010007974246796 0.0943042001295431 0.009825640052425795 -0.02451391290272787 1.4138860009125247 0.7278774034163784 -0.2721225965836216 2.8100218595284785 2.8100218595284785
2.21225818391 0.035358018211589154 0.007018299215619157 0.12195163296862235 0.031103142867425278 0.010936586193545228 1.3612047251106412 0.8363096409412348 -0.1581337239982057 0.035358018211589154 2.2686745418510688 0.26915850865960944 3.110540817852863 0.0 10.00143174364205 0.21901870153522565 0.8940524367751614 -0.11490413847391423 3.1141293295690216 0.2746608019096344 -1.0760457887556072 -2.58728463043381 -0.9219005223674586 3.7919969738393404 -0.5190242612863809 3.137636472651797 -0.2424084171620173 -0.800602291539038 -0.16053935874265512 0.09121900544086955 0.008308385123093487 -0.02138689935149453 1.5233224319882714 0.7596872530476735 -0.24031274695232652 3.0283617948987422 3.0283617948987422
2.26690096105 0.03106356356023094 0.005419756707258677 0.10952203869670082 0.027121639138742014 0.008813614436194793 1.4846898220525604 0.9319845974336671 -0.1284635939289771 0.03106356356023094 2.4744830367542674 0.25914803981815104 3.3460194428252903 0.0 11.145797253848736 0.4347643357533556 0.9021954833154782 -0.10067471431201103 3.3506280169038463 0.18257224515008041 -1.0651731345855993 -2.766086434129503 -0.9672345162930036 4.1192499854988895 -0.6321322880246231 3.3833611208561463 -0.2321678872789014 -0.7851445528875742 -0.17935386738601355 0.08812774739147056 0.007003719405089554 -0.018591731511579366 1.6447669487446224 0.7946478094534566 -0.2053521905465434 3.269130846207724 3.269130846207724
2.32289341479 0.02720354021502773 0.0041545171783472345 0.09775837478833083 0.023561068133866173 0.0070649804543894 1.6212329874872298 1.0377775503355557 -0.09565431405021618 0.02720354021502773 2.702054979145383 0.2493896533787744 3.6064006650951668 0.0 12.39087326802466 0.6683087966192065 0.9099110724943866 -0.08796825829689237 3.612354039113043 0.13102266648748576 -1.0541855575282204 -2.96194316122501 -1.0161757586549285 4.481566716403178 -0.7572035219731359 3.6552997429422858 -0.22212300116535025 -0.7695653914116322 -0.19665190781969577 0.08503227620738085 0.005887300741952175 -0.016105363459112572 1.779511737257795 0.833307435166994 -0.16669256483300599 3.535362414312377 3.535362414312377
2.38026888214 0.023746729304544304 0.0031614123682600827 0.08675360942329531 0.02039179454352652 0.005633023860642463 1.7725439772686076 1.1550671304994367 -0.059175231880669976 0.023746729304544304 2.9542399621143463 0.23987263701221495 3.8950647302336763 0.0 13.749136851859074 0.9217090296593219 0.9172027845411396 -0.07665315211771606 3.9027759053781685 0.09816498909555876 -1.0430969965901191 -3.17682786985172 -1.0690665802327992 4.8832649812056355 -0.8959838062171094 3.9567883122252763 -0.2122851709952476 -0.7539051788548012 -0.21253866561760104 0.08193550391173333 0.004936245488003069 -0.013903897970678751 1.9290250190912892 0.8763047361635135 -0.12369526383648655 3.8305446982778597 3.8305446982778597
2.43906152353 0.020662283580232737 0.002388265946511779 0.07656378020480045 0.01758366591156084 0.004467169701521237 1.9405872821160237 1.2854410956012199 -0.018408353650657627 0.020662283580232737 3.23431213686004 0.23058841326126678 4.215903783209383 0.0 15.234999467948903 1.1973443015430532 0.9240759804456637 -0.06660538367837354 4.225899618684737 0.07553828199371196 -1.0319224009343975 -3.4129802466151995 -1.1262899229632821 5.329289065240411 -1.050491515144027 4.291654194842852 -0.20266456925247767 -0.7382015655715842 -0.22711545168443947 0.07884116246286571 0.004129380828052489 -0.011963255753319482 2.094976928380371 0.9243841411814469 -0.07561585881855315 4.158696278041487 4.158696278041487
2.49930634316 0.017920055276733293 0.001791185653659252 0.06721473765017982 0.015106605152287225 0.0035234449978223284 2.1276247033400013 1.4307319475340612 0.0273677303127271 0.017920055276733293 3.546041172233336 0.22153017585955698 4.573408902546063 0.0 16.865085863183072 1.498107371602862 0.9305376974135828 -0.05770853331153791 4.5863635258595625 0.05915794465686475 -1.0206774605523634 -3.6729478350398233 -1.1882749528343761 5.825311499573822 -1.2230653195468686 4.664297311189505 -0.19327017462704035 -0.7224895695815581 -0.2404793576592671 0.0757536097960922 0.0034473931741231326 -0.010259712825836093 2.279270327340486 0.9784154928638875 -0.021584507136112485 4.524456665097223 4.524456665097223
2.56103920983 0.015490865796828035 0.0013337202790977278 0.05870819217092003 0.012931103250869052 0.0027639365816796283 2.336265805698872 1.593059132399939 0.07899687837190594 0.015490865796828035 3.893776342831454 0.21269259570727678 4.97277322120336 0.0 18.658595257799476 1.8273428380506342 0.9365965286541063 -0.049853705143637406 4.989551785371092 0.04688887927665034 -1.0093783190649672 -3.9596343792256863 -1.2555035650915338 6.377853198153293 -1.4164207651683434 5.079786074172429 -0.18410982049329977 -0.7068016725928303 -0.2527229413284997 0.07267767307573464 0.00287288334179336 -0.00877031314482651 2.484076855321839 1.0394172430857749 0.03941724308577488 4.933193585917229 4.933193585917229
2.62429687832 0.013346721211683732 0.0009859605906983894 0.051027050839270914 0.011028616156602618 0.0021562191710199495 2.569527841415065 1.7748793185690077 0.13746835027918047 0.013346721211683732 4.282546402358442 0.20407158022871041 5.420014752637622 0.0 20.637716231146708 2.1890047941122037 0.9422624903245307 -0.042939408653380085 5.441730944056005 0.037476110163712786 -0.9980413703313964 -4.276356640034705 -1.3285179414514539 6.994425825244353 -1.6337179928715833 5.543971293005457 -0.1751902451636561 -0.6911679212197344 -0.2639340404582817 0.06961852059006916 0.0023903510439707044 -0.007473173493724485 2.7118794228859118 1.1085844500863073 0.10858445008630735 5.391130852444749 5.391130852444749
2.68911701121 0.011460978088497175 0.0007236425405428298 0.04414004451479725 0.009371872471705641 0.0016727770386357663 2.8309070652894315 1.9790463774596496 0.2039444457778421 0.011460978088497175 4.7181784421490525 0.19566407346015546 5.922122887926895 0.0 22.82812766306758 2.5877046300052813 0.947546878004306 -0.036871396148611346 5.9502147724116226 0.030128705869575615 -0.9866830964245983 -4.626911312498039 -1.4079293506711257 7.683700790201281 -1.8786428160497797 6.063621620095105 -0.16651714321451128 -0.6756160302188091 -0.27419567005717704 0.06658155553986993 0.0019861258386623835 -0.0063476956316658745 2.9655223480522284 1.187322513873199 0.1873225138731991 5.905500956022252 5.905500956022252
2.75553820139 0.009808464465313528 0.000527293258456843 0.03800567260124346 0.007935100420151647 0.0012904374546092066 3.124463814672169 2.208883069002733 0.2797937612324901 0.009808464465313528 5.207439691120282 0.1874678866785019 6.487233452352772 0.0 25.25959339331274 3.0288465898363373 0.9524621162951329 -0.0315624609807692 6.523563861850444 0.02432041526241444 -0.9753199202664886 -5.015654028806813 -1.49442842248582 8.455710260994808 -2.155503872222163 6.646584936704854 -0.1580952172636042 -0.6601714871789485 -0.28358597210677094 0.0635723264296029 0.0016482600025755365 -0.00537470075460874 3.248270569874526 1.277287788484636 0.2772877884846361 6.484727479604918 6.484727479604918
2.82359999496 0.008365560931384785 0.00038144567725097937 0.03257551079734771 0.006694183430294661 0.000989829438701984 3.454924236441628 2.4682669703226123 0.366631435618209 0.008365560931384785 5.758207060736047 0.17948155234887528 7.124838496354256 0.0 27.966672597557302 3.5187551274149556 0.9570216033061566 -0.02693220276563757 7.171828378458552 0.019685717301472817 -0.9639680954560106 -5.447592842858831 -1.588797171847207 9.322086896963675 -2.4693495070059943 7.301981172346004 -0.14992822968936423 -0.644857656643008 -0.2921782360473657 0.060596450011587304 0.0013663969457728888 -0.004536500645545094 3.5638798362276285 1.3804367624837646 0.38043676248376457 7.1386438232198115 7.1386438232198115
2.89334291484 0.007110246752491808 0.0002739361037717181 0.027796934840003555 0.0056267540573566085 0.0007548773174390474 3.8278022140084564 2.7617336815377307 0.46636786414539344 0.007110246752491808 6.379670356680761 0.17170419514129745 7.846038220826155 0.0 30.98957068826636 4.064837579560678 0.9612395537219064 -0.022906764153290737 7.9068444195303575 0.01596183395154341 -0.9526436075410238 -5.928499117992983 -1.6919231082996045 10.296350377840763 -2.826108581778341 8.040433168893774 -0.14201905383611402 -0.6296958828884853 -0.30004096049924855 0.05765954372665461 0.0011316257307139538 -0.003816918197714211 3.9166800211600017 1.4990856190420994 0.49908561904209936 7.878755975722861 7.878755975722861
2.96480848483 0.006022115857987378 0.00019529035496460313 0.02361532049006067 0.004712235838701281 0.0005723351676699493 4.249545849236055 3.0946010953077163 0.5812678425563256 0.006022115857987378 7.082576415393426 0.16413541634912 8.663844257949751 0.0 34.37516012033984 4.6757824984158916 0.9651308420519545 -0.019418544986263164 8.742597398879244 0.012954532206250388 -0.941362090244672 -6.465039371950339 -1.804815835909923 11.394250712799625 -3.232760568965627 8.874343785231614 -0.13436972435193034 -0.6147055900434292 -0.3072379552149793 0.05476716538990105 0.000936330370331614 -0.0032012687311481864 4.311674297406198 1.6359825906619303 0.6359825906619303 8.718559006055356 8.718559006055356
3.03803925441 0.005082367284503602 0.0001381978550973908 0.019975781412759692 0.0039318422501520515 0.0004313654253275824 4.7277138935837595 3.4731193507667983 0.7140224186169464 0.005082367284503602 7.879523155972933 0.15677518802630566 9.593545574589879 0.0 38.17820585744114 5.3618014336695525 0.96871084931323 -0.016405898154149057 9.695669534274952 0.01051698594780111 -0.9301387371321557 -7.064932433389756 -1.9286266365120082 12.634180534909259 -3.6975413465830616 9.818229261555807 -0.1269814863575537 -0.5999043794531829 -0.3138284595248232 0.051924758538051854 0.0007740403506374625 -0.002676311878557457 4.754657378936326 1.7943959000646608 0.7943959000646608 9.673919056037594 9.673919056037594
3.11307882399 0.004273774389965295 9.706890737368517e-05 0.016824507132876435 0.0032685412371507155 0.0003231627103863571 5.271188782498633 3.9046523451209527 0.8678366447152541 0.004273774389965295 8.785314637497724 0.14962375538750594 10.653151282212978 0.0 42.46284215683848 6.134910917418756 0.9719953141416671 -0.013812812482984604 10.785793790810649 0.008536171828600166 -0.9189882403482672 -7.73713723803668 -2.0646716365346043 14.037671660699923 -4.2301931795721215 10.889121444097738 -0.11985484322298437 -0.5853081235503463 -0.31986730431493593 0.049137602372886335 0.0006392873338263934 -0.0022301824698448 5.2523570232022 1.9782212281302307 0.9782212281302307 10.763535865627954 10.763535865627954
3.18997187094 0.003580636820537776 6.766779930268144e-05 0.01410975866052171 0.002706992979464442 0.00024062220946700747 5.890434516555802 4.397897857737966 1.0465366963720726 0.003580636820537776 9.817390860926336 0.14268154554511342 11.863927557298409 0.0 47.30435738794534 7.009286714547381 0.9750001912211416 -0.0115885863605385 12.036542663174052 0.006923800331845099 -0.9079247145989857 -8.492077808922032 -2.2144592911909284 15.629994449356317 -4.842268664866884 12.107054117803537 -0.11298960277265091 -0.5709310555178554 -0.3254050727205925 0.04641076562966584 0.0005274710630227845 -0.0018523071415169927 5.812603588429981 2.1921129566184447 1.1921129566184447 12.00950381754478 12.00950381754478
3.26876417616 0.0029887188586811275 4.681308685571179e-05 0.011782577266746816 0.00223346769696935 0.00017805070381424911 6.597809686013331 4.963155303940397 1.2547011405885407 0.0029887188586811275 10.996349476688886 0.13594908226199107 13.251050617277427 0.0 52.79135019865422 8.001692963569667 0.9777415176205696 -0.009687496657663885 13.476189321211042 0.005610080521032469 -0.8969616316149231 -9.341913501937746 -2.3797230851725524 17.44088333379381 -5.547501536445771 13.495652756431225 -0.10638492180967485 -0.5567858556379157 -0.33048827931934344 0.04374906403108796 0.00043473662488902466 -0.001533312352208876 6.444533857104924 2.4416450796092466 1.4416450796092466 13.437994556298133 13.437994556298133
3.34950265131 0.0024851774086644043 3.213598863893523e-05 0.009797256086543405 0.0018357493496507248 0.00013091746375173496 7.407948395759769 5.612652318747793 1.497822344239884 0.0024851774086644043 12.346580659599615 0.12942690605515 14.8444030038395 0.0 59.02835105761538 9.13198780839517 0.9802352885958827 -0.008068466393573281 15.138790071253277 0.004539314742499697 -0.8861117708729651 -10.30086446788719 -2.562460555555733 19.505417452632905 -6.362260402893028 15.082851620722113 -0.10003934888232066 -0.5428837328645495 -0.3351595716148428 0.04115702120712491 0.00035786408734003207 -0.0012649281961835026 7.158836793033291 2.733509167414569 1.733509167414569 15.080089827014184 15.080089827014184
3.4322353668 0.002058482505438935 2.1888034057046006e-05 0.008111618726500562 0.001503030252272021 9.564168571632444e-05 8.338225128301398 6.360943974701434 1.7825049388900052 0.002058482505438935 13.89704188050233 0.12311549974561939 16.679546819392336 0.0 66.13900926361417 10.423772250189124 0.9824973440970476 -0.006694734334757868 17.06555192132079 0.0036667106665603457 -0.8753871474223986 -11.385604694740312 -2.7649800004664282 21.86509219932537 -7.3061047018357845 16.90176780647979 -0.09395086526304046 -0.5292345027788338 -0.339457910308807 0.038638833127877574 0.0002941706678639805 -0.0010398913626401727 7.968050318823041 3.0757578733659905 2.0757578733659905 16.972799753868323 16.972799753868323
3.51701158036 0.0016983328694121101 1.4789718340987107e-05 0.006687144751178778 0.001225800759220128 6.941286120633982e-05 9.409323609377854 7.225402434392095 2.1167111736448714 0.0016983328694121101 15.682206015629756 0.11701521970451781 18.798917189274626 0.0 74.26997882008 11.905157523495989 0.9845432658755028 -0.005533529803790849 19.30657052870095 0.0029560252115689986 -0.8647989693058236 -12.615737971376703 -2.9899565602707376 24.5691271576854 -8.402468765677229 18.99177000389045 -0.08811692415074224 -0.5158466617541514 -0.3434187777478813 0.036198336206582755 0.00024142529775962983 -0.000851849890168105 8.886921142055646 3.4781061256351045 2.4781061256351045 19.16031214126486 19.16031214126486
3.60388176639 0.0013955686801642327 9.912754913224734e-06 0.005488975483144929 0.000995737409238231 5.004038149176039e-05 10.645934891549238 8.22681900024394 2.51006460565433 0.0013955686801642327 17.74322481924873 0.11112623281963367 21.25328942490306 0.0 83.59567834117898 13.609710577341742 0.9863882862617758 -0.004555754961602432 21.923050074667195 0.0023777908537753363 -0.8543575902484477 -14.014375882706515 -3.240499765078924 27.676066785830187 -9.679505181564407 21.39978872830363 -0.08253448812680844 -0.5027274570627982 -0.3470743782240465 0.033838979299255084 0.00019777480468825424 -0.0006952714925474641 9.932841966581456 3.9523040950601 2.9523040950601 21.69552891430883 21.69552891430883
3.69289764602 0.0011420834144811045 6.589453944454336e-06 0.0044858291986527125 0.0008055922380361679 3.582874773810377e-05 12.077616527960872 9.390146492369686 2.9742269786572706 0.0011420834144811045 20.129360879934787 0.10544845998419926 24.103587858592057 0.0 94.32412468733439 15.57764224160521 0.9880472084365363 -0.0037356769280414426 24.990152949726177 0.001907958801948207 -0.8440724606284409 -15.608841742357907 -3.520235155165428 31.25574509946559 -11.171127427964166 24.181927259368997 -0.07720006493435246 -0.4898829538909645 -0.3504538298094356 0.031563799836088924 0.00016168081555369127 -0.0005653567439219451 11.126384219530802 4.5126002375389795 3.5126002375389795 24.641961117473766 24.641961117473766
3.78411221788 0.0009307362880827262 4.343706498295025e-06 0.0036498501293661255 0.0006490853400002343 2.5474930004485034e-05 13.73985310928886 10.74541754007826 3.523367704931154 0.0009307362880827262 22.899755182148102 0.09998152602094526 27.423122887079256 0.0 106.70411210014356 17.857239787127558 0.9895343380506301 -0.0030506316142036027 28.60067467181355 0.0015268465585904624 -0.8339520993201126 -17.43153040951575 -3.8334032311124777 35.391704552343256 -12.91830328477943 27.405448441391805 -0.07210974165887576 -0.4773180991726147 -0.3535833685332944 0.029375404333631158 0.00013186634820271779 -0.00045795794514843477 12.491949370195158 5.176318371807177 4.176318371807177 28.07607355395528 28.07607355395528
3.87757978966 0.0007552665615243745 2.8389590273630082e-06 0.002956411218926617 0.0005208022349245114 1.7984664901687866e-05 15.675369274214207 12.328883670147603 4.174749971862518 0.0007552665615243745 26.125615457023677 0.09472471684558093 31.300365428886195 0.0 121.03407498441467 20.506657539139507 0.9908634262013856 -0.0024807406985889457 32.86979882153395 0.0012183117359923148 -0.8240040658545484 -19.52096164077415 -4.1849798155486635 40.18418281720174 -14.970663443468332 31.15123212962582 -0.06725921741356317 -0.4650367823871287 -0.3564865427688305 0.027275953488751697 0.00010727094386262999 -0.0003695040942567622 14.058567360178056 5.964578403268586 4.964578403268586 32.09019386029226 32.09019386029226
3.97335601046 0.0006102107176272568 1.8393879333970834e-06 0.0023838870691540726 0.00041609714297672224 1.2604771394261632e-05 17.93576032225938 14.184432592561809 4.949464543086421 0.0006102107176272568 29.8929338704323 0.08967694375316185 35.84239841351872 0.0 137.67305417108687 23.596151872255938 0.9920476233058635 -0.0020086429793888527 37.94126105840782 0.0009690967870875991 -0.8142349354684972 -21.923074487387105 -4.5808229607453885 45.75381219609731 -17.388508104773724 35.516824139194746 -0.0626438346385024 -0.4530418940239511 -0.3591843984651576 0.025267152019299164 8.701324553132548e-05 -0.0002969321386910845 15.860878325665007 6.903199019614 5.903199019614 36.7961328900463 36.7961328900463
4.07149790392 0.0004908232920839338 1.181211002982783e-06 0.0019134102173566287 0.00033100288948279227 8.768874641925829e-06 20.583523594549067 16.36535726210704 5.873351553498512 0.0004908232920839338 34.30587265758178 0.08483671546768921 41.179224211080296 0.0 157.0543111377446 27.210846309613444 0.9930994432269977 -0.0016192410332518392 43.9953363508925 0.0007683046947437404 -0.8046502890340843 -24.692822841773506 -5.027852881721648 52.24621631900221 -20.245318216108362 40.620231158094604 -0.05825860913573501 -0.4413353819919888 -0.36169566600884373 0.023350243343570967 7.035997786494078e-05 -0.0002376244791069731 17.940343661420425 8.023832103669832 7.023832103669832 42.32970476125161 42.32970476125161
4.17206390215 0.0003930019390417513 7.516964562443955e-07 0.0015286210023149483 0.00026214784837631566 6.054241537334639e-06 23.694597169706633 18.93657107444939 6.978162136248081 0.0003930019390417513 39.49099528284439 0.08020211755094386 47.46915741909247 0.0 179.70229033555265 31.454179075988275 0.9940307370207007 -0.0012994637861929448 51.25914642193742 0.0006069762678066287 -0.7952547181393106 -27.89614842131392 -5.534273122463746 59.83774012797147 -23.630908298653576 46.60465929340063 -0.054098258958259815 -0.42991830599736036 -0.36403694835575684 0.02152600913158291 5.6700350490300434e-05 -0.00018935253837813328 20.346744845127084 9.365392863936279 8.365392863936279 48.85638814678067 48.85638814678067
4.27511388053 0.0003132171395630911 4.739537442016834e-07 0.0012154188788468451 0.0002066800841152392 4.147736131883669e-06 27.36154287376886 21.977390319695978 8.303026082629792 0.0003132171395630911 45.60257145628144 0.07577079976444981 54.90559753891123 0.0 206.2538150501275 36.45225495318584 0.9948526758349336 -0.001038045296641421 60.01983204382302 0.00047774714954577143 -0.7860518264734315 -31.612428346988963 -6.109843386778483 68.74261535615031 -27.655396276038488 53.64444964353909 -0.05015723228285593 -0.4187908901316448 -0.36622289104514505 0.01979477366424896 4.5525001756556525e-05 -0.0001502261083965997 23.14004389986887 10.975867391034257 9.975867391034257 56.578438847315695 56.578438847315695
4.38070919338 0.0002484468101352261 2.960207547105552e-07 0.0009617211137289846 0.00016219865353416996 2.8191896780551106e-06 31.697550554156457 25.585041010590647 9.896312535895582 0.0002484468101352261 52.829250923594095 0.07153997061005342 63.72556345948968 0.0 237.4846494632618 42.35930694674701 0.9955757421365576 -0.0008253199024297331 70.64107856337884 0.00037456798553054543 -0.7770442429358733 -35.93752155250603 -6.766217343387965 79.22195157495432 -32.454219111708056 61.95253855371752 -0.04642973437867086 -0.4079525746779666 -0.3682663483554771 0.0181564128828634 3.640872140372479e-05 -0.00011864813419629947 26.392700651360226 12.91460510342187 11.91460510342187 65.74385602701597 65.74385602701597
4.48891271046 0.00019611594078377525 1.8311008364829322e-07 0.0007572330741059658 0.00012669187495836806 1.9007430630469547e-06 36.84149240522538 29.879093951239884 11.817997809828817 0.00019611594078377525 61.402487342042306 0.06750639936106033 74.22048515187112 0.0 274.3429245649077 49.3645432016915 0.9962097281843528 -0.000653033700535488 83.58317401352818 0.00029247505818257334 -0.7682336606392361 -40.98757321393928 -7.517362446528796 91.59505677510982 -38.194492495423965 71.78986654855728 -0.04290975378869302 -0.39740206640384973 -0.3701785605348513 0.01661036791526534 2.899628608183086e-05 -9.327455016374005e-05 30.192569433067522 15.255237094144036 14.255237094144036 76.65772443618634 76.65772443618634
4.5997888544 0.0001540412848154752 1.1215388844004895e-07 0.0005932329260517009 9.848226232856281e-05 1.2709558816955588e-06 42.964324814546345 35.00709198066025 14.142686157694861 0.0001540412848154752 71.60720802424392 0.06366642488240166 86.74989418193877 0.0 317.99132949943106 57.700885614004314 0.9967637413142976 -0.0005141720039496533 99.42594472341297 0.00022740155148353875 -0.7596208625546335 -46.9037821248179 -8.380083675529326 106.25373901056484 -45.08309857795691 83.47728450834879 -0.03959108782666311 -0.3871373878319185 -0.37196930271876516 0.015155662801287915 2.2990829934462143e-05 -7.2978761283872e-05 34.646530986320926 18.089400478473337 17.089400478473337 89.69660850271725 89.69660850271725
4.71340363911 0.00012038103364561896 6.800384663789334e-08 0.00046237256205246404 7.61777424498312e-05 8.42685203291768e-07 50.277225829132476 41.1517159889279 16.963478747050928 0.00012038103364561896 83.79537638188746 0.0600159708360784 101.7588551289384 0.0 369.86053930509877 67.6560361664473 0.9972462154215687 -0.0004028023298441319 118.89213378649919 0.0001760217569780325 -0.7512057671806014 -53.85839572818494 -9.374679454048987 123.68043978793698 -53.377010247872185 97.41067479705542 -0.03646736747876081 -0.37715592619640964 -0.373647038654348 0.01379092607585954 1.814428501861518e-05 -5.68203739563416e-05 39.88506340604951 21.531510162678117 20.531510162678117 105.32688654456558 105.32688654456558
4.82982470899 9.358933861470259e-05 4.081049680535548e-08 0.0003584956446011903 5.8628720507742006e-05 5.539185190682603e-07 59.04197571483778 48.539943005183986 20.396946359908455 9.358933861470259e-05 98.40329285806297 0.056550566903835545 119.80023921797142 0.0 431.71715632032317 79.58654406706653 0.9976649267707005 -0.00031393252324818377 142.86549149202102 0.00013562213842720406 -0.7429874869472313 -62.062275726751515 -10.52576635223982 144.4713084907618 -63.39651715921698 114.08022435089353 -0.033532081789405095 -0.36745448119717083 -0.37521907322681225 0.012514415806214655 1.4249495175199118e-05 -4.4017780498314425e-05 46.068015632698824 25.724893977489728 24.724893977489728 124.1281868355527 124.1281868355527
4.94912137931 7.237548520241202e-05 2.423421172309382e-08 0.0002764730030028461 4.489053127442216e-05 3.609007089538046e-07 69.58424793655719 57.45479216519799 24.589541201836752 7.237548520241202e-05 115.97374656092866 0.05326537503800267 141.5632877627654 0.0 505.75038407505605 93.93589487639458 0.9980270152248484 -0.00024338304334570182 172.3927426709533 0.00010399441600641261 -0.7349643793982046 -71.7744806153654 -11.863320170377357 169.36567147768187 -75.54222732306467 134.0950791459179 -0.03077860178961864 -0.3580293124152406 -0.37669168393961827 0.011324047638749784 1.1133680707468223e-05 -3.392422000509789e-05 53.39192491675321 30.849705836663617 29.849705836663617 146.8234523975923 146.8234523975923
5.07136467738 5.566748214365426e-05 1.423643046662678e-08 0.00021205513435734597 3.4190800679010496e-05 2.3302609223539395e-07 82.310690299743 68.25044751098176 29.725897728488377 5.566748214365426e-05 137.18448383290502 0.05015522048012261 167.9103815613934 0.0 594.683027597112 111.25765547291327 0.9983390079627471 -0.0001876729816583378 208.65285116267398 7.934678928653176e-05 -0.7271341182851918 -83.31444787054185 -13.423995546661338 199.2838117263192 -90.31700787036749 158.21500317468696 -0.02820020401403134 -0.34887618604313336 -0.37807025926040005 0.010217425370909194 8.652998334038435e-06 -2.6006961832702658e-05 62.09932789341418 37.13317359026692 36.13317359026692 174.31765742317194 174.31765742317194
5.19662738491 4.257979677437386e-05 8.271464043490912e-09 0.00016174116344181523 2.5901244870599903e-05 1.4907605630145428e-07 97.73096116359625 81.37180147565927 36.03961637021135 4.257979677437386e-05 162.8849352726604 0.047214626390828886 199.92455164287176 0.0 701.9142099525909 132.2453372087104 0.9986068470805665 -0.000143918678477295 252.87567800883792 6.023016198641927e-05 -0.7194937612130086 -97.07753976686465 -15.252805554938332 235.3755869263548 -108.35440297953714 187.3911860737176 -0.025790093630114485 -0.33999042086604997 -0.3793594216684816 0.009191873538978301 6.687986633331944e-06 -1.9829277663364116e-05 72.49065165369437 44.86291628085348 43.86291628085348 207.7478515535139 207.7478515535139
5.32498408131 3.238494713233012e-05 4.751862971228298e-09 0.00012266337292947608 1.9513446658348397e-05 9.447289895809648e-08 116.48626955060476 97.37981020134953 43.82732703914007 3.238494713233012e-05 194.14378258434127 0.044437851660608874 238.97110962348134 0.0 831.7035465574678 157.77107918078414 0.9988359188714102 -0.00010974427638288375 306.2067736945109 4.5476820704400615e-05 -0.712039821298168 -113.55495836447393 -17.405268530707506 279.083241722785 -130.45558475349048 222.81904997374977 -0.02354142718800161 -0.3313669337016517 -0.38056314332013363 0.008244471503902092 5.13973354610165e-06 -1.5034895026680928e-05 84.9394591384437 54.404317034680844 53.404317034680844 248.5480996190221 248.5480996190221
5.45651118812 2.448864934957737e-05 2.698573277273125e-09 9.248623715016323e-05 1.4618169317746248e-05 5.929389444006829e-08 139.38648627232112 116.9845201055789 53.46710205340332 2.448864934957737e-05 232.31081045386856 0.04181893093614955 286.7779125072719 0.0 989.4098029586838 188.93582997252392 0.99903108514372 -8.32031832289637e-05 369.55949772884094 3.414948300269307e-05 -0.7047683438063768 -133.35935832055748 -19.95016388858799 332.2228833038373 -157.6375898980611 266.00685737632705 -0.021447334979240472 -0.32300028402799547 -0.3816848565951524 0.007372088508622549 3.926635918512257e-06 -1.1334648942403226e-05 99.91207284996877 66.22327569461862 65.22327569461862 298.5340861484872 298.5340861484872
5.59128701447 1.840821443903285e-05 1.514534645468852e-09 6.931879108890742e-05 1.0887793604241043e-05 3.684863144522797e-08 167.45859694207488 141.0882610225497 65.44265865444399 1.840821443903285e-05 279.0976615701248 0.03935171615447698 345.54032022456875 0.0 1181.8014048171672 227.134857917138 0.9991967152168617 -6.270961703336297e-05 443.564073749682 2.549900019680436e-05 -0.6976749823523147 -157.25792048467332 -22.973085140109653 397.0905972865957 -191.19654183837423 318.86521144412256 -0.019500942975407297 -0.3148847177549669 -0.3827275549803144 0.006571419194276397 2.9816484432806322e-06 -8.495072481974428e-06 117.99293571647094 80.9161243264237 79.9161243264237 360.0137858965485 360.0137858965485
5.72939180373 1.3753890449794099e-05 8.398121934248758e-10 5.163912163069083e-05 8.061492970681227e-06 2.2669634749132247e-08 202.0102265236756 170.84236976734093 80.37530092938636 1.3753890449794099e-05 336.6837108727927 0.03702991890161199 418.05901180217904 0.0 1417.4621123766544 274.1435415986525 0.9993367189651897 -4.697923848029362e-05 528.7582270627462 1.892929678069985e-05 -0.690755073877888 -186.21523517442984 -26.581041074663183 476.60123230194057 -232.7908550183437 383.8242972733679 -0.017695394301774497 -0.3070142099550891 -0.38369388468431886 0.005839019077410321 2.2499413065867977e-06 -6.328690507609495e-06 139.9175214291479 99.24912030940072 98.24912030940072 435.9328311821934 435.9328311821934
5.87090778128 1.021285301678447e-05 4.599638957548469e-10 3.8229764167583604e-05 5.932793160485479e-06 1.3803219390435142e-08 244.71327806802952 207.72199814165106 99.06625058436606 1.021285301678447e-05 407.8554634467159 0.03484715277540844 507.92171403108193 0.0 1707.3232785569708 332.2302197193585 0.9994545798238292 -3.4978046328237866e-05 626.0802198453375 1.3968367539611676e-05 -0.6840037108534802 -221.44913830718033 -30.90844123792853 574.4706841493955 -284.55119702545437 463.98811622350553 -0.016023870185137828 -0.2993825066176431 -0.3845862261895091 0.005171339518841716 1.686902468376211e-06 -4.685802916527584e-06 166.61522070267972 122.21079884777748 121.21079884777748 530.0662622944933 530.0662622944933
6.01591920348 7.535558552612553e-06 2.487607683236268e-10 2.8122816058710772e-05 4.339194230470047e-06 8.316252544685494e-09 297.7145326435491 253.62519873824667 122.55298587232727 7.535558552612553e-06 496.1908877392485 0.03279697521585375 619.7438736115757 0.0 2065.3652378998117 404.3052444338412 0.9995533877214285 -2.587864486924829e-05 737.5361125944902 1.024434752818876e-05 -0.6774158137622197 -264.5037243858545 -36.124917953714345 695.456356352826 -349.22644138824035 563.3382685316993 -0.014479610303344057 -0.29198316512290595 -0.38540676999444423 0.004564761747748076 1.2564333159477072e-06 -3.447564568519179e-06 199.26546861357744 151.08166920094698 150.08166920094698 647.2725569401955 647.2725569401955
6.1645124078 5.524188778603255e-06 1.3281033896797071e-10 2.055362969752132e-05 3.1535648334605466e-06 4.956587458889662e-09 363.7825504932138 311.0047467334349 152.18454756583492 5.524188778603255e-06 606.304250822023 0.03087292814829589 759.488798387858 0.0 2509.5456828016377 494.1187588169131 0.9996358710286631 -1.9023099985471248e-05 866.7995526732951 7.465828875750384e-06 -0.6709861979394001 -317.3452384070608 -42.44559616569314 845.6757723195067 -430.37823828942663 687.0043954245593 -0.01305593245279032 -0.28480959334131034 -0.3861575814981041 0.004015629545599048 9.294959579162184e-07 -2.520188543709576e-06 239.37152149748357 187.52739977364126 186.52739977364126 793.8316505956643 793.8316505956643
6.31677586427 4.0229321451264265e-06 6.997553804997807e-11 1.4922016429043337e-05 2.277049456660452e-06 2.9217278958120505e-09 446.50367259645276 383.04430531755554 189.72264500723054 4.0229321451264265e-06 744.1727876607546 0.02906857683943571 934.8954326679851 0.0 3063.034050711502 606.5243280749827 0.999704428305085 -1.3891543817035057e-05 1019.6076671886208 5.405729238329956e-06 -0.6647096357941531 -382.48857884618775 -50.14464120630323 1033.0306551985022 -532.6415633977641 841.6247133172678 -0.011746251442403679 -0.27785508721029945 -0.38684065704003645 0.0035202802388282677 6.828778184318283e-07 -1.830117671457456e-06 288.8578675377478 233.72396156762318 232.72396156762318 977.8967492283778 977.8967492283778
6.47280022812 2.9098662009371806e-06 3.6374301876579284e-11 1.0759970836908201e-05 1.633258800929637e-06 1.7029044808792046e-09 550.5447452737727 473.8949376370568 237.4780165656481 2.9098662009371806e-06 917.5745754562879 0.027377546719307713 1156.052592021936 0.0 3755.860409971055 747.8319060973267 0.9997611582544748 -1.0075888843275038e-05 1204.0313039007228 3.888125226281747e-06 -0.6585809132999634 -463.16494545042303 -59.573217153640606 1267.7740040203496 -662.0752166672344 1035.828878098997 -0.01054409711853198 -0.2711128667392778 -0.3874579706718424 0.0030750736978626954 4.981446040008741e-07 -1.320026164065005e-06 350.1994285640617 292.52645089270277 291.52645089270277 1210.1010263489907 1210.1010263489907
6.63267839376 2.0902244784106144e-06 1.8648501303624032e-11 7.705009499189082e-06 1.163541214068688e-06 9.811230309218379e-10 682.0069474658485 588.9941365419014 298.4951960696351 2.0902244784106144e-06 1136.6782457764143 0.02579355741208819 1436.1734418460494 0.0 4627.128516618711 926.2826267597407 0.9998078886631354 -7.257924777182012e-06 1430.816759718768 2.777554871411068e-06 -0.6525948843562315 -563.5450499096177 -71.18340880336574 1563.271976990829 -826.6355426965905 1280.8877491368157 -0.009443131421505995 -0.2645761102067007 -0.3880115162247536 0.0026764190909655534 3.6075687756481206e-07 -9.455288672107205e-07 426.5937312144146 367.697899442697 366.697899442697 1504.3761452191113 1504.3761452191113
6.79650555008 1.4908514047752457e-06 9.426659980382899e-12 5.478305179015049e-06 8.231588569423238e-07 5.586320556236196e-10 848.9046137517826 735.4982305257395 376.80404746196564 1.4908514047752457e-06 1414.8410229196377 0.024310454112384215 1792.6450703816033 0.0 5728.000470739796 1152.6907033201398 0.9998462037113561 -5.1912166911805e-06 1713.977823704752 1.9703695871172612e-06 -0.6467465145635138 -689.0377193589205 -85.56024719463898 1937.0324479964604 -1036.8197454994938 1591.591959859304 -0.008437164377588948 -0.25823798633795536 -0.3885033370088672 0.002320799192319166 2.5932864493043974e-07 -6.724900805423453e-07 522.1914250768228 464.2208450443154 463.2208450443154 1879.061867963953 1879.061867963953
6.96437923717 1.0556686331904479e-06 4.696745986281354e-12 3.866884342066535e-06 5.782159161218612e-07 3.142543400188455e-10 1061.8164135924405 922.8713456673282 477.7638591237808 1.0556686331904479e-06 1769.6940226540676 0.022922235603464455 2248.4578817778483 0.0 7125.7418458665325 1441.3154264961042 0.9998774702988183 -3.686227901589234e-06 2071.7579364317407 1.3877808487164722e-06 -0.6410309189932801 -846.6913021703958 -103.46480227753476 2412.1004458927077 -1306.543796237027 1987.4457390108948 -0.007520168931862664 -0.25209168473142296 -0.3889355480339558 0.002004792095954558 1.8500896422867644e-07 -4.7483722752296167e-07 642.4064232386405 588.7236568239014 587.7236568239014 2358.4176794779687 2358.4176794779687
7.13639940433 7.4199561494017e-07 2.3057864694294943e-12 2.7092399629835464e-06 4.032076329150309e-07 1.7461068627896994e-10 1334.775393347058 1163.6916477101006 608.5364121749524 7.4199561494017e-07 2224.6256555784303 0.021623079097689867 2834.162067753383 0.0 8909.232094115203 1811.0513744396535 0.9999028614531373 -2.598240144369157e-06 2528.060976789617 9.70301929908739e-07 -0.635443399973443 -1045.735949221071 -125.89246807451836 3018.9609097885395 -1654.346503455238 2494.297295206944 -0.006686294535563889 -0.24613044396949169 -0.38931035776380685 0.0017250902371111362 1.309696779362504e-07 -3.3279679244711245e-07 794.3352542101093 750.0667956083989 749.0667956083989 2974.692451186829 2974.692451186829
7.31266846961 5.17585871181111e-07 1.115008006778881e-12 1.8837917759741775e-06 2.7907822517702597e-07 9.58015662149438e-11 1686.491775275316 1474.7606827332306 778.7396278881924 5.17585871181111e-07 2810.81962545886 0.020407361633427615 3590.5592533470526 0.0 11196.509725379066 2287.0621932276586 0.9999233790270735 -1.817551791738481e-06 3114.479787691284 6.733322151146914e-07 -0.629979469551621 -1298.3199322971207 -154.15221303755308 3798.146562376308 -2105.049316985242 3146.576869126835 -0.00592987940965117 -0.24034757754148403 -0.3896300744583454 0.0014785166709320452 9.198416578874562e-08 -2.3148100564974283e-07 987.3269369174478 960.1530478360519 959.1530478360519 3770.972673294912 3770.972673294912
7.49329138081 3.5825801774309585e-07 5.309142453954118e-13 1.2997013779939725e-06 1.916929595457296e-07 5.188738523310632e-11 2142.0417800849864 1878.6378020712664 1001.3554415139461 3.5825801774309585e-07 3570.0696334749773 0.019269677918255828 4572.425074988923 0.0 14145.158183013871 2903.0342690037564 0.999939874648386 -1.2616167106571652e-06 3873.121795266936 4.636720743847358e-07 -0.6246348703318878 -1620.514618695845 -189.97491672031492 4803.831077940611 -2692.0563734292436 3990.3851573419693 -0.005245461417137205 -0.23473649769635688 -0.3898971110188202 0.0012620386050025423 6.408367824436084e-08 -1.5976379510278903e-07 1233.761444465634 1235.05314358128 1234.05314358128 4805.122777056257 4805.122777056257
7.67837567792 2.46016962018023e-07 2.4883142282386414e-13 8.896186862371848e-07 1.3064479505247614e-07 2.7733861358590092e-11 2735.2126405069203 2405.773960037593 1293.9974808140287 2.46016962018023e-07 4558.687734178201 0.01820485489475479 5853.68521499223 0.0 17966.67979368134 3704.302054284592 0.9999530679894958 -8.688062642647765e-07 4860.534909612005 3.167909889220272e-07 -0.6194055927984126 -2033.6933970441823 -235.6622799441629 6108.806484643043 -3460.5587992804426 5087.77817068912 -0.004627787490693812 -0.22929073682950002 -0.39011398716264845 0.0010727782237001063 4.427926805706606e-08 -1.0939350368207465e-07 1550.1187504648426 1596.577825371991 1595.577825371991 6155.265559550192 6155.265559550192
7.86803155716 1.675757012702803e-07 1.1475290086295476e-13 6.039992344941345e-07 8.832928162641597e-08 1.4624701051989258e-11 3511.7767041892293 3097.495287324069 1680.69070636574 1.675757012702803e-07 5852.961173648716 0.01720796277193025 7534.651880014456 0.0 22946.498808201457 4752.207565650022 0.9999635640179263 -5.934648985572721e-07 6153.181834425022 2.147014104098908e-07 -0.6142878809203784 -2566.4339574048113 -294.29264736808784 7811.416022564234 -4472.023117431516 6522.744723266607 -0.004071821575341494 -0.2240039665786957 -0.3902833208767844 0.000908020881800433 3.033872719322073e-08 -7.429790573763685e-08 1958.4548489155184 2074.48528933137 2073.48528933137 7927.446462980086 7927.446462980086
8.06237193663 1.1320173907504181e-07 5.2052178610996054e-14 4.066882941506922e-07 5.923288674336027e-08 7.606013398780446e-12 4534.088468901525 4010.1983078537 2194.3836931541127 1.1320173907504181e-07 7556.8141148358745 0.0162743229197778 9752.197807989987 0.0 29471.955550519426 6130.213718445763 0.9999718692030207 -4.020286508144011e-07 7855.116615973385 1.4431633082968795e-07 -0.6092782363476066 -3257.1570979952126 -370.00711413464444 10045.265109493117 -5810.5135780097935 8409.592158343525 -0.00357275106209402 -0.21887001471080236 -0.39040781960815363 0.0007652207790272325 2.0609239083856635e-08 -5.004416432743657e-08 2488.450994657242 2709.5980513472587 2708.5980513472587 10266.412166183134 10266.412166183134
8.26151252346 7.582427933871884e-08 2.3214855151446558e-14 2.7151782897450955e-07 3.938979147448049e-08 3.900159848285265e-12 5887.576231333259 5221.282707692437 2880.515304007995 7.582427933871884e-08 9812.627052222098 0.01539951265640854 12694.142356230093 0.0 38071.711296821646 7952.527359425099 0.9999784039797944 -2.700417534029498e-07 10108.815715672517 9.619027460150419e-08 -0.6043734182725637 -4157.8079549274435 -468.4095417806337 12992.901937284729 -7591.648640086027 10904.778228918418 -0.0031259917043623326 -0.21388287959157218 -0.3904902686392382 0.0006420042571870566 1.3877661388604543e-08 -3.342259847870478e-08 3180.2748850626313 3558.2288748257233 3557.2288748257233 13370.855927047822 13370.855927047822
8.46557188279 5.034907599164807e-08 1.0175964790023296e-14 1.7970614251685177e-07 2.5970596064954068e-08 1.971156452857945e-12 7689.963140364138 6837.590526729841 3802.107629230555 5.034907599164807e-08 12816.60523394023 0.014579367121078752 16619.712863170786 0.0 49471.54241983391 10376.335061836808 0.9999835167760347 -1.7981456679194707e-07 13110.55524735837 6.356187674027492e-08 -0.5995704351869156 -5339.021184258547 -597.1291464495638 16905.203796727616 -9975.363188492573 14223.703522911212 -0.002727191025008446 -0.20903674246616463 -0.3905335129061842 0.0005361708873056213 9.26148245280455e-09 -2.212854996335755e-08 4088.5985627873856 4698.50195776012 4697.50195776012 17515.10719170035 17515.10719170035
8.6746715083 3.3137164236553214e-08 4.3822180977829214e-15 1.1788801757536232e-07 1.697345620268808e-08 9.815840403698678e-13 10104.444030922881 9007.482756973714 5047.081636352135 3.3137164236553214e-08 16840.740051538138 0.01380997853411782 21888.821687890275 0.0 64673.81881134025 13619.267371497162 0.9999874938092322 -1.1867174043445061e-07 17132.378889697666 4.163177185744936e-08 -0.5948665371682234 -6897.411198082552 -766.6165102601946 22129.014185069354 -13184.202471707575 18664.687572608418 -0.002372230238433678 -0.2043259775930453 -0.3905404409034377 0.0004456925342882666 6.12452952873307e-09 -1.4521304650383187e-08 5288.274133531219 6239.434706400996 6238.434706400996 23080.174757939134 23080.174757939134
8.88893589455 2.1611754987349106e-08 1.853287092854438e-15 7.663559857592409e-08 1.0994087054018835e-08 4.81450874937446e-13 13358.630854202616 11938.227122219043 6738.829376482889 2.1611754987349106e-08 22264.38475700436 0.013087693072270833 29004.21413348725 0.0 85071.42108904065 17984.48164136117 0.9999905686488676 -7.76103674660078e-08 22553.678392310932 2.7022552628036105e-08 -0.5902592023773545 -8965.92401660535 -991.2768062646924 29146.784536427618 -17529.70565039245 24643.41222500973 -0.0020572247275177737 -0.19974516013442098 -0.3905139646325662 0.0003687106029593315 4.0124428134055565e-09 -9.442999865327584e-09 6882.399779423257 8334.06484914351 8333.06484914351 30598.44960614787 30598.44960614787
9.10849261115 1.3964435378627382e-08 7.693756175772767e-16 4.935772689208046e-08 7.055967711101185e-09 2.3250960009937987e-13 17771.963492301165 15921.18998666631 9051.58738918267 1.3964435378627382e-08 29619.939153835276 0.012409105510378025 38672.52654301794 0.0 112612.05107206924 23896.91407519547 0.9999929318760425 -5.0283643471260575e-08 29906.88177993877 1.737839041768068e-08 -0.5857461204206504 -11728.627491346682 -1291.0932372065402 38633.79277374555 -23450.694135052418 32742.713192908 -0.001778523129927086 -0.1952890722308118 -0.39045699790619526 0.0003035316800383775 2.603768689199608e-09 -6.083806346372658e-09 9013.853619910271 11198.542718609031 11197.542718609031 40818.4818724443 40818.4818724443
9.33347237864 8.937594304636978e-09 3.1339551806080136e-16 3.1488393305927535e-08 4.486090658270721e-09 1.1051883973955644e-13 23795.62359008801 21368.569408707797 12232.93410810917 8.937594304636978e-09 39659.37265014668 0.011771052177530448 51893.30675825585 0.0 150036.76267805323 31956.008813496785 0.9999947363961547 -3.227037992381554e-08 39943.97898586483 1.1070837164779531e-08 -0.5813251770134511 -15441.97660284838 -1693.9676774498191 51541.26350483598 -31569.192045545973 43785.02198623645 -0.0015327051023297142 -0.1909527069855388 -0.3903724377575325 0.00024862179328452664 1.673263652537872e-09 -3.882475800043521e-09 11881.890854689294 15140.076175980561 15139.076175980561 54799.44882612724 54799.44882612724
9.56400914639 5.664798333738989e-09 1.2520226986109895e-16 1.989395063084122e-08 2.8248571861991917e-09 5.1686367461173086e-14 32071.036895302663 28867.308162716603 16636.926442625547 5.664798333738989e-09 53451.728158837774 0.011170602162836902 70089.65460146332 0.0 201228.52979299627 43012.925192266724 0.9999961057306188 -2.0508515108375036e-08 53734.0276687754 6.984617772066572e-09 -0.576994433008865 -20465.58655570443 -2239.11748597911 69217.90938578619 -42772.6323835509 58938.45505385863 -0.0013165778429147727 -0.18673127082930416 -0.39026314167104587 0.00020259951096481422 1.064640890787817e-09 -2.453660466329003e-09 15766.18122694842 20598.09855253569 20597.09855253569 74049.82671137346 74049.82671137346
9.80024017231 3.5547968253001412e-09 4.903404160688524e-17 1.2444242516032995e-08 1.7613359528295204e-09 2.3773505641602804e-14 43516.197931927534 39258.75311671327 22773.232212062772 3.5547968253001412e-09 72526.99655321256 0.010605047347023198 95301.22876527533 0.0 271725.0576081195 58284.34486438515 0.9999971382366291 -1.2902829027439111e-08 72807.02909636559 4.363118513190333e-09 -0.5727521048013149 -27307.05952470707 -2982.0380687628012 93588.8494216525 -58335.51383583168 79873.22353308694 -0.0011271714635889107 -0.18262018410236358 -0.3901319077961223 0.00016422810271081225 6.705393474757043e-10 -1.5353032858408625e-09 21061.852868439935 28205.320560813037 28204.320560813037 100732.3171140256 100732.3171140256
10.0423061046 2.2080495017748023e-09 1.881675256684265e-17 7.705337906586413e-09 1.0871829876183084e-09 1.0750201318077552e-14 59453.9255132745 53757.16471673726 31380.47638789835 2.2080495017748023e-09 99089.8758554575 0.010071891381996443 130471.35224335585 0.0 369478.4545274384 79521.381903967 0.9999979128443911 -8.029165110556846e-09 99367.68840871198 2.6979987338741615e-09 -0.5685965457969435 -36687.72556914183 -4001.802494391701 127420.80386386813 -80100.67320033337 108993.81881929035 -0.0009617333121659554 -0.1786150804114179 -0.3899814573563605 0.00013240697678381158 4.179558582630939e-10 -9.509261400392753e-10 28330.928008410632 38878.886627012165 38877.886627012165 137968.76248246967 137968.76248246967
10.2903510653 1.3572530981417005e-09 7.072009240382115e-18 4.721572772680058e-09 6.641596109483331e-10 4.7771622405695e-15 81803.75705613922 74127.26219421613 43536.49812619998 1.3572530981417005e-09 136339.59509356538 0.009568837903185506 179877.09321976535 0.0 505988.56707018934 109262.06000769084 0.999998483612076 -4.959938681992071e-09 136615.23928545087 1.6510954517690937e-09 -0.5645262277491994 -49639.723340448516 -5411.873783984477 174717.93630979725 -110751.27888715506 149786.11028646457 -0.0008177213518888625 -0.17471180400554892 -0.38981441878371187 0.00010616259936601349 2.5776339218365844e-10 -5.828654090809006e-10 38378.341216231885 53957.428951152746 53956.428951152746 190297.02404471813 190297.02404471813
10.5445227367 8.253958474429034e-10 2.6018117404385905e-18 2.8625062001970364e-09 4.0146094701606135e-10 2.085318458587856e-15 113371.1273831319 102952.1242334185 60825.27254369756 8.253958474429034e-10 188951.8789718865 0.009093778199774397 249778.15151558406 0.0 698006.0009852824 151211.42382150056 0.9999989128318443 -3.0127493833020935e-09 189225.4092525851 9.99725389692901e-10 -0.5605397112840511 -67650.37761547267 -7376.2345622885 241316.96126984313 -154221.86847284183 207339.96220885674 -0.0006927967110611635 -0.17090640681884636 -0.38963330145245534 8.463908892827104e-05 1.5725093282939138e-10 -3.53469277319267e-10 52365.08229795662 75408.59391609623 75407.59391609623 264360.47288798273 264360.47288798273
10.8049724483 4.964796981045252e-10 9.365295199552566e-19 1.7165672147969666e-09 2.400511505622989e-10 8.937946382392538e-16 158286.3611939376 144040.4043633458 85591.47459419421 4.964796981045252e-10 263810.60198989604 0.008644778767304528 349403.07658409025 0.0 970110.1844821962 210817.98304954843 0.9999992246279804 -1.8137997770395486e-09 264082.0742537011 5.987654238200724e-10 -0.5566356461985691 -92878.47363443497 -10133.624670876221 335788.42450095835 -216324.07922125657 289141.927024021 -0.0005848155189945929 -0.16719514386042278 -0.3894405005243465 6.708866372368682e-05 9.487235385084565e-11 -2.1202490574634513e-10 71977.82251106233 106145.58399873722 106144.58399873722 369956.18598863325 369956.18598863325
11.0718552677 2.95300220044282e-10 3.296484319375468e-19 1.0179267102509195e-09 1.4195130811307431e-10 3.7598876894060624e-16 222676.11448881705 203049.95674186977 121331.58610961126 2.95300220044282e-10 371126.8574813618 0.008220068505949979 492459.44359097304 0.0 1358641.6467662456 296154.6173775823 0.9999994461058007 -1.0896659130565922e-09 371396.3280659886 3.546388924319875e-10 -0.5528127402052838 -128480.63617872351 -14034.234098428835 470811.95570657274 -305706.3316582041 406286.6330203245 -0.0004918201458497827 -0.16357446736532752 -0.3892382717502906 5.28621032605015e-05 5.659141089846879e-11 -1.2576524646247668e-10 99685.09822521095 150513.5673544769 150512.5673544769 521640.42483583867 521640.42483583867
11.3453300928 1.7363258417085337e-10 1.1340428690230826e-19 5.967562037723913e-10 8.299126465768551e-11 1.5516269098012785e-16 315698.27116020414 288450.2389086657 173299.38844858442 1.7363258417085337e-10 526163.785267007 0.007818026350022803 699464.1737155914 0.0 1917746.2805963627 419275.1153856795 0.9999996082743248 -6.45611120120293e-10 526431.3102367304 2.0765989947684621e-10 -0.5490697427137428 -179107.6101254375 -19595.67548873713 665290.9483067808 -435337.0110952122 575342.3019172235 -0.00041202996404077045 -0.16004102117832422 -0.38902872088980733 4.1399366012159845e-05 3.336662511424022e-11 -7.37490533117281e-11 139127.16303977382 215042.8360288852 215041.8360288852 741206.6212958922 741206.6212958922
11.6255597461 1.0089804442625887e-10 3.8107920040529746e-20 3.457659123368295e-10 4.795806979255331e-11 6.278749690025775e-17 451149.6138670218 413019.22684475983 249450.70577795268 1.0089804442625887e-10 751916.023111703 0.00743716898043203 1001367.7288896557 0.0 2728739.8148133964 598319.4391061461 0.9999997256377309 -3.773379386728948e-10 752181.657735089 1.2018083038608825e-10 -0.545405444277721 -251664.7527273991 -27589.032243850463 947629.8955334071 -624814.7330374967 821246.2808836765 -0.00034383174686296054 -0.1565916335148036 -0.3888138103855795 3.2220485923015455e-05 1.944052467027488e-11 -4.27419585890408e-11 195713.87242170415 309624.1390408904 309623.1390408904 1061540.1621525935 1061540.1621525935
11.9127110719 5.7928715183519566e-11 1.2501439125070623e-20 1.9794696144347967e-10 2.738437967537528e-11 2.490147553317157e-17 649983.445460684 596190.458211378 361929.2471946415 5.7928715183519566e-11 1083305.7424344735 0.0070761389238131805 1445235.989629115 0.0 3914733.8897266765 860808.0730928051 0.9999998162822294 -2.1000401417836656e-10 1083569.5408388749 6.87242953543816e-11 -0.5418186525019484 -356486.6740210264 -39172.19793952241 1360854.6195059272 -903995.7849367864 1181835.5571762733 -0.00028576981663899894 -0.15322330973378867 -0.3885953425581556 2.4916850184580285e-05 1.1189664135584183e-11 -2.4475481830249296e-11 277548.8770714538 449357.47364361165 449356.47364361165 1532663.2160780851 1532663.2160780851
12.2069550353 3.285011151439626e-11 4.00136867381807e-21 1.1193606998696161e-10 1.54464302425764e-11 9.674532808563033e-18 944284.7614713347 867763.3757768059 529422.6699168507 3.285011151439626e-11 1573807.9357855578 0.006733693463434238 2103231.6057024086 0.0 5663669.824397329 1248838.9589928575 0.9999998660376446 -1.267477234279113e-10 1574069.950720015 3.8819567500387095e-11 -0.5383081917236154 -509166.3367294869 -56098.183994567684 1970677.8143049956 -1318736.6501371283 1714994.0420441818 -0.00023653605001509078 -0.14993322422377353 -0.38837496737309435 1.9142940660714934e-05 6.360851702953079e-12 -1.38439534667669e-11 396869.8785194377 657484.1213337993 657483.1213337993 2231292.0571193574 2231292.0571193574
12.5084668247 1.8394175259593837e-11 1.248816691907014e-21 6.250508562253085e-11 8.60410947163482e-12 3.680180515602467e-18 1383599.882797819 1273818.3363058157 780929.8098680067 1.8394175259593837e-11 2305999.804663032 0.0064086936788074625 3086930.6145310383 0.0 8264901.526765066 1827355.8972805939 0.9999999103196437 -6.993627899021249e-11 2306260.0873663817 2.1653374984307848e-11 -0.5348728839570955 -733426.9997491643 -81043.26220993404 2878311.5664329305 -1940061.3163563542 2510023.324839144 -0.00019495984195228364 -0.14671871253855026 -0.3881541713486089 1.4608601821389078e-05 3.570053096326249e-12 -7.732334974595459e-12 572311.7617698986 970075.5387380258 970074.5387380258 3276075.3434010576 3276075.3434010576
12.8174259553 1.0166922004425026e-11 3.798052823382254e-22 3.445486997993721e-11 4.7315264203104765e-12 1.3699910856069376e-18 2045102.270490227 1886227.7832636174 1161836.1546743694 1.0166922004425026e-11 3408503.7841503783 0.006100094765598003 4570340.938824748 0.0 12167802.610935578 2697417.799384226 0.9999999435510926 -3.612687926590752e-11 3408762.384272201 1.1923412823137198e-11 -0.5315115557143064 -1065670.0539060882 -118128.29599819139 4240996.935972103 -2878922.16006168 3705889.20665466 -0.00015999812308009604 -0.14357726310426677 -0.3879342925739128 1.107187941859751e-05 1.9777141060021853e-12 -4.263328334573353e-12 832493.1518217241 1443596.3319615414 1443595.3319615414 4852100.116111919 4852100.116111919
13.1340163764 5.545311320867239e-12 1.1249125859628199e-22 1.8742951638363175e-11 2.5678841716550906e-12 4.988214760643022e-19 3050064.075617856 2818085.1072579506 1743797.9041023264 5.545311320867239e-12 5083440.12602976 0.005806936474542464 6827239.030132086 0.0 18076493.096197657 4017681.724318578 0.9999999644768268 -1.8575141425003494e-11 5083697.091604306 6.479440488035299e-12 -0.5282230276041784 -1562239.615409997 -173754.23696055645 6305189.980635547 -4310176.898163408 5520760.917744862 -0.00013072551709952874 -0.1405065085238955 -0.3877165190617078 8.332456870332464e-06 1.0810509375982863e-12 -2.319726069060406e-12 1221749.8546057872 2167210.09313346 2167209.09313346 7250650.219163219 7250650.219163219
13.4584265809 2.9836476030891104e-12 3.242558716438431e-23 1.0058559892926526e-11 1.3749469111598539e-12 1.7754746152730701e-19 4590786.728877884 4248959.6048291745 2640966.930912412 2.9836476030891104e-12 7651311.214796474 0.005528334813086789 10292279.145708885 0.0 27104339.37726093 6039502.486249477 0.9999999793069336 -8.800737916203616e-12 7651566.592256201 3.4737171224865057e-12 -0.5250061088857721 -2311130.5985796107 -257953.0881223511 9460693.44009617 -6511887.46796744 8300265.497602457 -0.00010632471646338444 -0.13750421740290253 -0.38750189147406877 6.225700648132051e-06 5.82885237385756e-13 -1.245181997349581e-12 1809382.2252996955 3282982.659237331 3282981.659237331 10934293.874033805 10934293.874033805
13.7908497174 1.5831001759266837e-12 9.090262751858515e-24 5.323515889535346e-12 7.260833147756982e-13 6.174226869123252e-20 6975040.271543364 6466618.4152032435 4036870.15001704 1.5831001759266837e-12 11625067.119238941 0.005263474125259073 15661938.26925598 0.0 41028295.63801602 9164807.959387 0.9999999761877131 -8.198774992251856e-12 11625320.953441974 1.836646762025026e-12 -0.5218596045940518 -3451030.9757411205 -386592.357693469 14329773.826666515 -9930327.598105203 12597046.102653798 -8.60771455029072e-05 -0.13456828589512215 -0.38729131869073075 4.617312131768352e-06 3.0990648214906897e-13 -6.591613035808999e-13 2704706.7074275743 5019356.896308478 5019355.896308478 16644424.015547419 16644424.015547419
14.1314837054 8.2805431090244e-13 2.4767660828066965e-24 2.777645121747099e-12 3.7803046193958157e-13 2.0965245819677003e-20 10700091.062805984 9936605.843920503 6229359.560110772 8.2805431090244e-13 17833485.10467664 0.00501160013984145 24062845.66478741 0.0 62711599.4713736 14042445.117872737 0.9999999743870933 -7.105427357601002e-12 17833737.438959338 9.57373419717724e-13 -0.5187823073302104 -5202582.933814416 -585005.9255238347 21915269.005721346 -15288534.375058373 19303177.502551302 -6.93539708467386e-05 -0.13169672951075215 -0.38708557781235287 3.398571555546846e-06 1.624206916229635e-13 -3.4400432313649256e-13 4081783.9010447026 7747139.862797268 7747138.862797268 25580624.96747391 25580624.96747391
14.480531353 4.268203936243266e-13 6.553994194188382e-25 1.4282917629812856e-12 1.9397812563667638e-13 6.947211565423122e-21 16577217.245389361 15419406.939721163 9706508.391396128 4.268203936243266e-13 27628695.40898227 0.004772013747377264 37335204.8003784 0.0 96813120.26843461 21730124.532652903 1.0000000048106494 1.0700329511337259e-12 27628946.285218243 4.918219757067673e-13 -0.5157730045647979 -7920196.253163016 -894031.6828004944 33849129.614457995 -23769327.72342161 29872699.375627566 -5.560750950182581e-05 -0.12888767544584107 -0.38688532912002693 2.4821498926515056e-06 8.388096173242291e-14 -1.7692776437491402e-13 6220434.205475723 12074047.399089698 12074046.399089698 39702742.80807197 39702742.80807197
14.8382004774 2.167253772032158e-13 1.6831548753520043e-25 7.235382515644304e-13 9.806320767439316e-14 2.2451819080135557e-21 25943229.725608695 24169698.08711137 15276025.785271645 2.167253772032158e-13 43238716.20934783 0.00454406447167817 58514742.994619474 0.0 150989655.75319475 33969345.26913118 1.0000000013088512 2.3225865675158275e-13 43238965.66801574 2.489129832301107e-13 -0.5128304779892345 -12178770.09081193 -1380149.950753716 52813653.54251451 -37326944.081023395 46699320.964907154 -4.436307552953904e-05 -0.12613935481026636 -0.38669112317920046 1.7984567948507785e-06 4.267178948341316e-14 -8.964590271273287e-14 9574937.333166681 19005938.59727268 19005937.59727268 62244654.80662051 62244654.80662051
15.2047040292 1.0836546400098597e-13 4.1919423136695955e-26 3.6095138696881357e-13 4.8822997436227526e-14 7.072181745973598e-22 41023456.815204434 38278645.819691405 24288165.79901138 1.0836546400098597e-13 68372428.02534072 0.004327151280446299 92660594.8243521 0.0 237954611.7801799 53656890.71530101 1.000000008904159 1.2541079286165768e-12 68372676.10558973 1.2406186273091233e-13 -0.5099535214548181 -18920303.979791485 -2152679.2104934435 83262687.56819734 -59223058.04029731 73764033.03345913 -3.521129698905199e-05 -0.12345009633391833 -0.386503425122154 1.2924869802358863e-06 2.1375364165434546e-14 -4.4730687798208136e-14 14890259.542856617 30224568.504060537 30224567.504060537 98596996.52940126 98596996.52940126
15.5802602187 5.333626585228905e-14 1.0116901173232041e-26 1.7726074418201718e-13 2.392991648757681e-14 2.169899399016356e-22 65561150.26567588 61268074.54611899 39023646.74592981 5.333626585228905e-14 109268583.77612647 0.004120689490330401 148292231.52205628 0.0 379039940.76219845 85661956.71145307 0.9999999986162609 -1.538769112130467e-13 109268830.51591219 6.087149872579399e-14 -0.5071408761339355 -29704313.227559887 -3393242.1976132733 132669292.01821388 -94958331.37760347 117757081.74772367 -2.7800925867917258e-05 -0.12081831887321443 -0.3863225572605673 9.211235904614289e-07 1.0539420685518194e-14 -2.1971282318936123e-14 23400708.242087398 48571010.666650504 48571009.666650504 157839594.44277698 157839594.44277698
15.9650926461 2.5830610306842718e-14 2.3641770514640443e-27 8.566093303056834e-14 1.1542120571390153e-14 6.480766396018337e-23 105920549.71794704 99132873.8718273 63375942.3552503 2.5830610306842718e-14 176534249.52991173 0.003924222508384378 239910192.88516203 0.0 610425321.6929322 138257063.54089373 0.9999999978845295 -1.8474111129762605e-13 176534494.96606854 2.9390314988091875e-14 -0.5043914052132135 -47140068.62776218 -5406790.908120362 213707319.7195497 -153908663.37617925 190042598.01022592 -2.183215536351085e-05 -0.11824253694559575 -0.386148868267433 6.508548866183605e-07 5.1130673944360604e-15 -1.0619637988964947e-14 37173070.18963795 78896029.9136447 78896028.9136447 255430279.44355643 255430279.44355643
16.3594304345 1.2304171579210122e-14 5.345187910390153e-28 4.071783772228443e-14 5.476235578646962e-15 1.8828796105207534e-23 173041116.92144835 162189755.10211846 104064467.75071016 1.2304171579210122e-14 288401861.5357473 0.0037370529264359486 392466330.2864574 0.0 994152601.5904096 225652200.85261628 1.000000038824224 2.6478819137309983e-12 288402105.70368856 1.3958350182405068e-14 -0.5017042060547473 -75640741.32474801 -8710919.73027352 348107671.4569668 -252230655.47131428 310136340.7463392 -1.7050450187989966e-05 -0.11572132596030983 -0.38598288009708537 4.5585997723693976e-07 2.439690905311522e-15 -5.048866112006081e-15 59705809.92121954 129572325.90334171 129572324.90334171 417974187.439089 417974187.439089
16.7635083662 5.76230983549367e-15 1.168256835249041e-28 1.9029977952409324e-14 2.5547703492101047e-15 5.317770599655111e-24 285938996.8129999 268392236.87521702 172813864.4441862 5.76230983549367e-15 476564994.6883332 0.0035591378329402163 649378860.1325195 0.0 1637811868.9984903 372536302.7806327 1.0000000103552342 5.484501741648273e-13 476565237.6248647 6.5181465348548175e-15 -0.49907630526120517 -122753838.13540411 -14193924.542768462 573550559.227138 -418075794.89572346 511930201.5042821 -1.3240892495886686e-05 -0.11325339153544767 -0.38582291372630595 3.164198019222066e-07 1.1444441390467789e-15 -2.360085318773074e-15 96985564.53880484 215211265.24732053 215211264.24732053 691776259.9356537 691776259.9356537
17.1775670228 2.652056027336539e-15 2.4662599622322673e-29 8.741019149061765e-15 1.1714166530822709e-15 1.4589477750023386e-24 478054791.22610325 449348802.89226353 290323574.9811735 2.652056027336539e-15 796757985.3768388 0.003389423197302238 1087081561.3580122 0.0 2730176843.6400237 622281387.3383029 0.9999999460365245 -2.206679283744961e-12 796758227.1159981 2.991522126285872e-15 -0.49651073297671533 -201535491.30623403 -23397731.550017472 956135174.1759622 -701071357.5973732 854970248.263674 -1.0223021848850632e-05 -0.11083769788716853 -0.38567303508734 2.1761162197184474e-07 5.275733493234933e-16 -1.0842512870435718e-15 159377188.79912335 361612223.79783106 361612222.79783106 1158370209.1746697 1158370209.1746697
17.6018529283 1.1990072147517376e-15 5.0243645187617576e-30 3.944282995506266e-15 5.27674919441985e-16 3.8854224817178614e-25 808876760.9454261 761361797.9895421 493579164.50205517 1.1990072147517376e-15 1348127934.9090436 0.0032280360705094725 1841707100.4110987 0.0 4606424319.572951 1052002425.7619932 0.9999999997382281 -8.215650382226158e-15 1348128175.471535 1.3487968788041968e-15 -0.4940131631969755 -334833020.9111134 -39030129.04216723 1613175781.6965933 -1189744725.0560968 1445103627.2580428 -7.846193051683477e-06 -0.10847245540436694 -0.38554070779260047 1.4824663244961563e-07 2.389069785935789e-16 -4.893430605915754e-16 265047846.78754973 614880311.5175033 614880310.5175033 1963008246.4265468 1963008246.4265468
18.0366186956 5.322581916702793e-16 9.869107787030537e-31 1.7476442831803325e-15 2.334108544454447e-16 1.0037044393174833e-25 1385514121.1495 1305895601.3749874 849376712.4636762 5.322581916702793e-16 2309190201.9158335 0.0030745642169666683 3158566915.37951 0.0 7868551331.484319 1800657012.4351065 0.9999999327232126 -1.6107115641261771e-12 2309190441.336521 5.971566110383428e-16 -0.49156424884555316 -563107068.9414574 -65903089.09237861 2755355728.3060627 -2043795136.000791 2472706517.4833446 -5.985390758907513e-06 -0.10615613617176696 -0.38540811267217545 1.0001534730044891e-07 1.0622106514743179e-16 -2.1685726622946372e-16 446165526.39022917 1058290279.3541679 1058290278.3541679 3367480481.2700014 3367480481.2700014
18.4821231774 2.318931215153528e-16 1.8674091407449761e-31 7.600165106587546e-16 1.0134006915680417e-16 2.513130451642568e-26 2403243876.9972596 2268136867.3938475 1479942850.5089064 2.318931215153528e-16 4005406461.6620994 0.002928052131422207 5485349313.171005 0.0 13611458920.653154 3121106823.124813 0.9999999676840828 -5.865308239094702e-13 4005406699.976872 2.5949189979357547e-16 -0.4891648216424033 -958896533.4379436 -112672906.47189434 4765851533.054944 -3555049762.984059 4284548938.8218846 -4.537476055806084e-06 -0.10388802869181867 -0.3852767929499981 6.68066402017427e-08 4.634819140210298e-17 -9.432298076896904e-17 760445071.3928449 1844241367.248169 1844241366.248169 5849647828.910269 5849647828.910269
18.9386316199 9.910956318765889e-17 3.40064515405558e-32 3.242502041424137e-16 4.316637581969789e-17 6.094356538720295e-27 4222592385.995497 3990374563.1179514 2611806605.45397 9.910956318765889e-17 7037653976.6591625 0.0027889101579122093 9649460583.113132 0.0 23853181478.31097 5479609432.740412 1.000000025052352 3.425038030968608e-13 7037654213.895592 1.1062495224643142e-16 -0.48682254526005064 -1653887389.6010005 -195107598.0646685 8350432098.415646 -6263594567.067343 7520309703.884554 -3.4178807918585223e-06 -0.10166719518159252 -0.38515535007880064 4.417057166092219e-08 1.983847286475231e-17 -4.024823188041234e-17 1312778121.7564833 3255220258.071418 3255220257.071418 10292874234.73058 10292874234.73058
19.4064158209 4.153336444568425e-17 5.954239945592017e-33 1.356481935816397e-16 1.8030386278064323e-17 1.4302011064057869e-27 7517845093.66663 7113415360.298601 4670041402.638924 4.153336444568425e-17 12529741822.777718 0.0026565837350661166 17199783226.41664 0.0 42359690992.79928 9749718930.450031 0.9999999788391027 -2.1649348980190553e-13 12529742058.966692 4.624518666938194e-17 -0.48453238238874585 -2890227821.969366 -342300031.9079278 14825865759.856073 -11181642711.550953 13375230435.74152 -2.5577068212057686e-06 -0.0994925959197953 -0.38503978646873405 2.8899662302106813e-08 8.325719029503794e-18 -1.6840341028233145e-17 2296123937.0783567 5821362458.897135 5821362457.897135 18351104281.67485 18351104281.67485
19.8857542917 1.705763981635259e-17 1.0013987631679225e-33 5.561761107176139e-17 7.381509335789253e-18 3.245389457471446e-28 13566960272.233942 12853067051.10231 8463170821.362259 1.705763981635259e-17 22611600453.723236 0.002530519018314934 31074771276.085495 0.0 76254495912.87483 17582701116.3561 1.000000114500609 8.707479182135103e-13 22611600688.89153 1.8947461267017513e-17 -0.48229678393196684 -5119084525.564601 -608637517.3442341 26681930651.972584 -20231956383.28447 24112667661.982704 -1.9011864220779933e-06 -0.09736323710423747 -0.38493354682860015 1.8706022125238757e-08 3.4242592991141697e-18 -6.905864153514109e-18 4070330198.249349 10551150621.479141 10551150620.479141 33162751075.202377 33162751075.202377
20.3769324227 6.862179361881135e-18 1.6160862834223887e-34 2.2338565015242974e-17 2.960371591217357e-18 7.114952914871891e-29 24825140315.41225 23547483675.41923 15549755848.469032 6.862179361881135e-18 41375233859.02042 0.0024107889101393507 56924989708.48945 0.0 139198219561.35495 32153485165.338596 1.0000001128829898 6.337153024560394e-13 41375234093.19435 7.604779302142762e-18 -0.48011397997572713 -9192467499.386059 -1097171097.6270843 48690651932.542046 -37116378392.37701 44077066447.10115 -1.4034784412476481e-06 -0.09527809809999718 -0.38483588187636364 1.197507135182573e-08 1.3795054514316081e-18 -2.7741396932829543e-18 7315418073.521631 19388820529.621834 19388820528.621834 60764054388.64225 60764054388.64225
20.8802426535 2.7027256573050892e-18 2.500052575739646e-35 8.784503744750369e-18 1.1624730275041808e-18 1.5057002721737183e-29 46075484633.659805 43756237083.30346 28976105172.28946 2.7027256573050892e-18 76792474389.43301 0.0022971447667709975 105768579562.72247 0.0 257751002090.2087 59644454745.94675 0.9999997420236951 -1.0615952561465747e-12 76792474622.63939 2.9884634629583664e-18 -0.47798168929447843 -16741750348.30843 -2005869326.973285 90126774337.46664 -69061649221.57852 81724483604.05338 -1.028771786736975e-06 -0.09323622410483351 -0.3847454651885834 7.579807811825631e-09 5.440837158420268e-19 -1.0910787847682134e-18 13334299948.03364 36134928438.085175 36134928437.085175 112927402827.51819 112927402827.51819
21.3959846471 1.041617836394883e-18 3.703393136356969e-36 3.3804006503547907e-18 4.467084972996191e-19 3.073141812095347e-30 86770094648.90883 82498649355.76988 54782043532.95703 1.041617836394883e-18 144616824414.84805 0.0021893753331884928 199398867948.80508 0.0 484306775802.6855 112259858600.94156 1.0000004228222659 1.266209359584991e-12 144616824647.11185 1.1492236275758447e-18 -0.47589999256500987 -30935120123.563297 -3720457471.389844 169276015353.23312 -130378673437.71823 153750745998.56213 -7.486655683434065e-07 -0.09123669404430264 -0.3846632985219734 4.742347470495684e-09 2.0997412698963651e-19 -4.1992472987071258e-19 24659190938.38509 68325557305.30078 68325557304.30078 212942381720.14883 212942381720.14883
21.9244654679 3.9259548600156657e-19 5.247394147230309e-37 1.2722464553101643e-18 1.6789333254969508e-19 6.043809373149534e-31 165862760900.3873 157878050509.29013 105117503501.55243 3.9259548600156657e-19 276437934833.9788 0.0020874298498131105 381555438336.53125 0.0 923740361463.1624 214483903664.5296 1.0000008591057525 1.8584023209200495e-12 276437935065.3248 4.3223464739520787e-19 -0.473867323245367 -58015234643.22385 -7003455145.814422 322720874580.46857 -249822233530.32166 293605658415.12415 -5.407960257320145e-07 -0.08927860267653477 -0.38458872057069066 2.931915009950622e-09 7.924774740429438e-20 -1.5806564556410134e-19 46282939746.48973 131122182238.8435 131122182237.8435 407560117072.8223 407560117072.8223
22.4659997649 1.446340406854003e-19 7.103882849447518e-38 4.680409994232446e-19 6.168333455783762e-20 1.144246133997815e-31 321934174490.3727 306779056653.6481 204791719244.59174 1.446340406854003e-19 536556957483.95447 0.0019913181460497684 741348676729.5461 0.0 1789153893543.8923 416108818126.39233 0.9999998557386495 -2.2370993946196904e-13 536556957714.4065 1.5890966678337851e-19 -0.4718827709880569 -110467049136.69485 -13384794100.948124 624754858004.5654 -486039898028.2058 569317634400.2458 -3.876816369182277e-07 -0.08736106942162242 -0.38452170156621074 1.7905895031054843e-09 2.9233958324392963e-20 -5.815830122808272e-20 88197900520.61104 255486625261.77075 255486625260.77075 792043582745.7252 792043582745.7252
23.0209099591 5.205179712560777e-20 9.178224764110246e-39 1.68212110815582e-19 2.2140044440252596e-20 2.0835062241444245e-32 634730579140.531 605513348842.9713 405243620924.33484 5.205179712560777e-20 1057884298567.5518 0.001901169547006235 1463127919492.8867 0.0 3520293967819.1123 820050450704.651 1.0000000166074856 1.8318679906315083e-14 1057884298797.133 5.707524105703283e-20 -0.4699453176648947 -213643254024.98074 -25981227499.524605 1228593318027.0823 -960493530909.0195 1121379991556.6763 -2.757593839689931e-07 -0.08548323174110627 -0.38446208592380676 1.0799066934204745e-09 1.0534645816679383e-20 -2.0904765289607165e-20 170709019459.53055 505621038929.4783 505621038928.4783 1563505337497.03 1563505337497.03
23.5895264351 1.8288842098996287e-20 1.1303737157261073e-39 5.90249861170071e-20 7.759078397524007e-21 3.6451237085839596e-33 1271700468947.2498 1214464669155.2927 814809681163.9841 1.8288842098996287e-20 2119500781578.7498 0.0018172752439985745 2934310462743.734 0.0 7039000235293.226 1642343979585.492 1.0000004483126748 3.489430966396867e-13 2119500781807.4827 2.0015034346224793e-20 -0.4680537041759504 -419837132913.94934 -51241980843.87205 2455226928862.6934 -1928714782272.2258 2244542997599.0835 -1.9458698731885703e-07 -0.08364424064100665 -0.3844094635352927 6.429511546154283e-10 3.706202469900482e-21 -7.336396950468022e-21 335726147283.94324 1016756293119.1299 1016756293118.1299 3136257074697.88 3136257074697.88
24.172187738 6.269900828187328e-21 1.3254465491184939e-40 2.0209611561031472e-20 2.653389710397064e-21 6.121197245028497e-34 2590159070718.667 2476183671925.2856 1665357684695.2026 6.269900828187328e-21 4316931784531.112 0.0017401580056452413 5982289469227.314 0.0 14309260217596.324 3343821211732.0615 0.9999979688985221 -1.106448266341431e-12 4316931784759.0176 6.848791196579026e-21 -0.4662071971089406 -838651571982.7775 -102726983049.04079 4988082782657.279 -3937013788553.1724 4567236800052.965 -1.3618792867156973e-07 -0.08184325553177355 -0.38436394157606063 3.7775515774811234e-10 1.2721987859864614e-21 -2.512248127187438e-21 671150998126.1671 2078349602309.7666 2078349602308.7666 6395281386840.879 6395281386840.879
24.7692407752 2.0959988384976505e-21 1.4778886780693506e-41 6.7476414682381416e-21 8.848765821701362e-22 9.85644533343368e-35 5365270594726.782 5134438359854.023 3461313992672.968 2.0959988384976505e-21 8942117657877.97 0.0016706326190011952 12403431650551.938 0.0 29584812151584.02 6924188139013.901 1.000002684879003 1.0150769114147806e-12 8942117658105.076 2.2853368990276196e-21 -0.46439998957718126 -1703607657731.1982 -209418106047.51132 10306473886533.154 -8172676874968.773 9451599063153.078 -9.451819149614278e-08 -0.08007943860076502 -0.3843205509774313 2.1894519229868506e-10 4.258152630504247e-22 -8.38904812921397e-22 1364356228655.1829 4320170696894.4746 4320170696893.4746 13262288354772.445 13262288354772.445
25.3810410223 6.828137166688547e-22 1.5649799192611793e-42 2.195654731036979e-21 2.875940369002543e-22 1.5202172266257958e-35 11307384137715.332 10832274621257.68 7320041176549.908 6.828137166688547e-22 18845640229525.555 0.0016100551609472406 26165681406076.46 0.0 62239617109123.22 14587667071948.582 0.9999987124250546 -3.3495428652940973e-13 18845640229751.84 7.431870278342824e-22 -0.4626720175652088 -3520689164315.684 -434308567111.6715 21668032787915.688 -17261941841333.377 19901384203815.695 -6.503579743088968e-08 -0.07835195029630451 -0.3843200672685694 1.2507448863184563e-10 1.3890851210582096e-22 -2.730123020367266e-22 2822392558390.1323 9137412053548.156 9137412053547.156 27983052283073.71 27983052283073.71
26.0079527356 2.166266227879667e-22 1.570951409477598e-43 6.957672880406726e-22 9.103532132182793e-23 2.24347707806857e-36 24243233804099.477 23259674508453.137 15772263642341.086 2.166266227879667e-22 40405389673499.13 0.001785356615768602 56177653315841.22 0.0 133259305694766.08 31278450248607.2 1.000005535334978 9.821032875834135e-13 40405389673724.25 2.3529824116238077e-22 -0.46114434106356855 -7403663258821.593 -916696126456.1307 46363350597149.766 -37126858688011.33 42648522069693.1 -4.435633625541005e-08 -0.07664286393645321 -0.3845014771280974 7.036060016069825e-11 4.417701448529482e-23 -8.65295924581447e-23 5957960923650.631 19691315287842.04 19691315287841.04 60096704961341.17 60096704961341.17
26.6503491681 6.688515634809829e-23 1.4896163108719563e-44 2.1437406976997235e-22 2.8046860174014993e-23 3.1643523232600318e-37 52786285627675.336 50809940203446.51 34709073596288.062 6.688515634809829e-23 87977142712792.23 0.0031067069535309724 122686216309081.3 0.0 289899063902878.06 68291990024302.516 0.9999933434694548 -7.982503547054876e-13 87977142713014.86 7.236176222810607e-23 -0.45993952986622233 -15835311918697.764 -1970101944931.8574 100906947270729.98 -81389324632029.47 92963445822523.42 -2.9979770661201456e-08 -0.07488473961038125 -0.38505479025504286 0.0 1.37170185017814e-23 -2.667168165655226e-23 12929804557937.736 43348581638499.8 43348581638498.8 131325724351292.03 131325724351292.03
27.3086127926 2.0084255074149866e-23 1.3134399647155448e-45 6.403322409463515e-23 8.404369332092052e-24 4.260835838943863e-38 115112095427770.77 112712434569833.94 79935639151081.72 2.0084255074149866e-23 191853492379617.94 0.01144214558455987 271789131530700.66 0.0 635206409547776.0 150879912103749.5 1.0000047062124793 3.779199175824033e-13 191853492379828.06 2.140271698221326e-23 -0.46269330320313434 -34259862557709.4 -4313090772621.6157 222578600838558.66 -183854622853161.88 205420744782039.03 -2.0075681647522855e-08 -0.07264927950629865 -0.39004402369721364 0.0 4.261055870554868e-24 -7.983703889859795e-24 30725108458940.723 100005164048072.31 100005164048071.31 291858656427690.25 291858656427690.25
27.9831355286 5.861124087926957e-24 9.607287988040998e-47 1.8144491477587184e-23 2.447644045827625e-24 5.470622931405972e-39 224721370607513.56 248753547426325.4 219865111899221.56 5.861124087926957e-24 374535617679189.3 0.06802464870942022 594400729578411.9 0.0 1302696731899662.0 337113843617506.06 1.0000167543204632 8.923972671937008e-13 374535617679332.75 5.66311041979903e-24 -0.4911589080511802 -71610190921596.27 -9623457510934.016 481358493992978.0 -454642873741895.4 445926684419045.2 -1.331615053547254e-08 -0.06680690775643935 -0.4243520002956332 0.0 1.5182266468795012e-24 -2.294355630217718e-24 106822876313788.7 277523540904931.44 277523540904930.44 652059158584120.8 652059158584120.8
28.6743189761 1.6609378635285565e-24 6.462253762648001e-49 5.128777671562251e-24 6.917925772735062e-25 6.688430686952095e-40 43628236139266.4 575109982252738.0 1213387758873838.0 1.6609378635285565e-24 72713726898777.33 0.38722610830962295 1286101485772616.2 0.0 1531364190026260.5 1080862576467073.0 0.999989588441138 -3.6426417437951386e-13 72713726898781.45 8.040349761257682e-25 -0.7689623917271576 -65324197185308.25 -21895308550956.984 917464899697579.5 -1844319547277016.2 892716397427510.9 -8.746537972308551e-09 -0.02627335275534199 -0.7426890389714513 0.0 1.0457891900153688e-24 -7.121927853504864e-25 844751172798802.1 1563579319219846.5 1563579319219845.5 1636293046118623.8 1636293046118623.8
29.3825746548 4.566904032205498e-25 6.74116267854817e-47 4.008300886571224e-24 1.8429238232806402e-25 7.776277151027912e-41 1.423647450983746e+17 3865893160110733.0 -2.023198597899385e+17 4.566904032205498e-25 2.3727457516395766e+17 -39.99829219648329 3.495471537401917e+16 0.0 4.9389228451489856e+17 5128577618757529.0 0.9999755173728703 -5.56998891454441e-13 2.3727457516395766e+17 2.828024793292171e-23 37.66619928363737 -3179878577561876.5 -50825625835182.43 3.7322617023503e+16 2.2438826463025526e+17 3.3680936495474144e+16 -5.6875560018475486e-09 -0.5414206465840363 38.207619930221966 0.0 -2.0584656024212673e-23 1.6529733047208625e-24 -1.9995195814045466e+17 -2.647109358941981e+17 -2.647109358941981e+17 2.3727457516395766e+17 2.3727457516395766e+17
