# r(1) ntot(2) grad2ntot(3) laplntot(4) tauk(5) tautf(6)  ptot(7) qtot(8) z(9) denstest(10) Fvw(11) vp(12) Fmggaus(13) Fcurvefit(14) divgradgrad2(15) divgradlapl(16) Har-dep-ind(17) vesp(18) Fmggapc(19) vpstitch4(20) vpts(21)  FxcPW91lb(22) FxcPW91lda(23) Fs1(24)  Fvw_ts(25) Fs(26) vxlda(27)  vcpw91(28) vw(29) Vresp(30) taupusbigZ(31) taurespts(32) Fpauli(33) FgeapauliusbigZ(34) zusbigZ(35) FmggausbigZ(36) FbigZnuc(37) 
0.000625 606.8975163968083 147312640.0743558 -38588183.02232218 30929.85379642279 124909.1314478308 0.14574434993052107 -23.169753028687985 -51.70425761920371 606.8975163968083 0.2429072498842018 29.222181880386657 -50.461350369319504 0.0 1560.8838109388548 14703005.259895062 0.001563841356819914 -15969.002094078813 0.2429072498842018 18132.17998149313 -35.238120601092305 -0.05784126478507174 -0.03172294651447564 43.026806991965884 77.4754173455108 4.691410933958601 -6.253025179347329 -11.905316192903063 15945.669289670624 28.25246265250115 -8204036.105796516 5322713.830753175 42.78389974208168 -65.68003484375352 -66.68003484375352 0.2429072562903668 0.24082781437020673
0.0006404375 606.7101771683705 147220442.2882393 -37647571.63925971 30920.323899850137 124844.8757543917 0.1457730968029939 -22.616610060146204 -50.475093610403405 606.7101771683705 0.2429551613383232 29.22264046367637 -49.23213844906508 0.0 -6220.676878095144 8676460.672010882 0.0016023184097646885 -15583.328263442338 0.2429551613383232 18122.86146954459 -32.241731022584645 -0.05784575316326673 -0.03172266669362607 41.97980076283781 75.63165536182568 4.581743155777926 -6.252381711306501 -11.903791584240807 15562.990324003995 28.252462294873975 -8001925.501548185 5191069.919051505 41.73684560149949 -64.09494545287093 -65.09494545287093 0.2429551682931168 0.2408757268919206
0.00065625630625 606.5182710377887 147126968.82558224 -36721934.83929762 30910.69302499773 124779.06736743097 0.14580349263498074 -22.0721726091871 -49.26527763913427 606.5182710377887 0.24300582105830124 29.223006973784663 -48.022271818075964 0.0 -8657.362980463728 508537.1840937686 0.0016417383816798232 -15206.950954228638 0.24300582105830124 18113.31831450603 -32.491668045298866 -0.0578505107268978 -0.03172246984063017 40.96482218725649 73.81691451834864 4.481576327979394 -6.2517224196285825 -11.902261970327594 15186.361548153665 28.252461919175072 -7803034.8592301 5061523.479248029 40.72181636619818 -62.53480670962924 -63.53480670962924 0.24300582885442001 0.240926386989879
0.000672465837014 606.3216882128175 147030668.44636723 -35817535.96411701 30900.746951155048 124711.6696414742 0.1458340705809898 -21.540207143657813 -48.08317746084105 606.3216882128175 0.24305678430164968 29.22344701727529 -46.8401206765394 0.0 -7738.8225379144915 -1709297.970371211 0.001682124191552925 -14839.646077458503 0.24305678430164968 18103.54518376569 -33.18190583100659 -0.05785543506199531 -0.03172235800398894 39.975266988649146 72.04374726316104 4.384790311378214 -6.251046917001727 -11.90070478047338 14818.36487640797 28.252461524501662 -7608710.017002034 4934951.3658596 39.732210204347496 -61.01040936165669 -62.01040936165669 0.24305679263021307 0.24097735131154296
0.000689075743189 606.120316691443 146931702.61579823 -34936417.938616686 30890.348296307173 124642.64523079006 0.14586506027723822 -21.021949113359994 -46.93153885972924 606.120316691443 0.24310843379539704 29.223670991207417 -45.68843042593384 0.0 -6820.321047463409 -340603.1980150476 0.001723499306414439 -14481.194945695286 0.24310843379539704 18093.536681472408 -33.24852029184149 -0.05786054659329838 -0.031722333276827164 39.00826951233276 70.31627214499538 4.289027998713253 -6.25035480793725 -11.899122690977476 14459.845548094423 28.25246112754901 -7419390.138398912 4811639.617867683 38.76516107853736 -59.525294289615445 -60.525294289615445 0.24310844328956338 0.24102900137079697
0.000706095914045 605.9140415808957 146830486.7006818 -34077009.08507147 30879.70365605511 124571.95585888604 0.14589694613958323 -20.516461058663307 -45.808279309828954 605.9140415808957 0.2431615768993054 29.22386989421506 -44.56511773292965 0.0 -6774.350596081063 366228.1589789045 0.0017658877533788416 -14131.384142971701 0.2431615768993054 18083.287317546612 -33.1228013529053 -0.057865884286048795 -0.03172239780954485 38.06417653067909 68.63136510577701 4.195164176121848 -6.24964568639892 -11.897522145533154 14110.158863764329 28.25246076423019 -7234737.569858702 4691368.236813165 37.821014953779795 -58.0767759483053 -59.0767759483053 0.2431615870385173 0.2410821456564307
0.000723536483122 605.7027451445023 146726925.42325318 -33237981.338872667 30868.838558961288 124499.56233777966 0.14592970816401596 -20.02295071248608 -44.711638187989834 605.7027451445023 0.24321618027335995 29.224109582296677 -43.46842200771648 0.0 -6744.376327386112 -27061.461374787566 0.001809314132627814 -13790.00539753151 0.24321618027335995 18072.79147667447 -33.141442433336124 -0.05787145071017708 -0.03172255380926119 37.143146530008735 66.98638522189363 4.103870818210239 -6.248919135930785 -11.895902059235311 13768.759857157409 28.25246042571072 -7054466.895794024 4573951.31806445 36.89993034973538 -56.662583894508444 -57.662583894508444 0.2432161915623119 0.2411367500789381
0.000741407834255 605.4863070055279 146620877.872961 -32419193.678218387 30857.69669437328 124425.424641149 0.1459632824123886 -19.54133998641201 -43.64144186967467 605.4863070055279 0.243272137353981 29.224336263653623 -42.39816973232069 0.0 -6509.660620440319 -84349.19910732638 0.0018538036307955371 -13456.855458003665 0.243272137353981 18062.043410064955 -33.156602163135176 -0.05787724535470674 -0.03172280353642076 36.244314706035816 65.38107209206068 4.014773939092941 -6.248174730323806 -11.894260675571445 13435.593116516102 28.252460113960787 -6878547.819282817 4459369.14242235 36.00104256868184 -55.282494225926854 -56.282494225926854 0.24327214980328782 0.2411927082469132
0.000759720607762 605.2646039795735 146512326.83648244 -31620211.54439418 30846.29508572672 124349.50185033047 0.14599772962678992 -19.071374075016134 -42.59712421059406 605.2646039795735 0.2433295493779832 29.22457488649383 -41.35379466121608 0.0 -6358.981717041223 32313.693979280528 0.0018993820343167465 -13131.73597227655 0.2433295493779832 18051.037247204247 -33.14640738277558 -0.057883276834682196 -0.03172314930816458 35.3670990816426 63.81457646609843 3.9277731875922557 -6.247412033004071 -11.892598072692971 13110.48216296647 28.252459829309725 -6706886.984801698 4347560.899190526 35.12376953226462 -53.93577686281558 -54.93577686281558 0.2433295630418072 0.2412501216512959
0.000778485706773 605.0375100315672 146401202.41480008 -30840468.253763355 30834.62045911676 124271.7521431897 0.14603305991682738 -18.61271833012463 -41.5779415631167 605.0375100315672 0.24338843319471232 29.224818152900184 -40.33455312992199 0.0 -6210.775984072824 -16991.505086263558 0.0019460757431444954 -12814.45336951243 0.24338843319471232 18039.766995431983 -33.148419754215865 -0.05788955020782486 -0.03172359349945709 34.51105780710744 62.28578286694347 3.8428980061200546 -6.246630596847449 -11.890913555261708 12793.195863313476 28.252459572035523 -6539362.627883816 4238447.279494392 34.267669373912724 -52.62147282150624 -53.62147282150624 0.2433884483566774 0.24130900686383083
0.000797714303731 604.8048962050249 146287451.08857042 -30079545.23302983 30822.668498224604 124192.13277366955 0.1460693015109357 -18.165127227411087 -40.583348359448244 604.8048962050249 0.2434488358515595 29.225067792397837 -39.339899523596685 0.0 -6058.607153971643 2558.0084105283354 0.001993911784765174 -12504.818744734568 0.2434488358515595 18028.226529484786 -33.143770998452965 -0.057896071952380855 -0.031724138544732994 33.675640805728555 60.79387292722185 3.7600570473002506 -6.245829963897017 -11.889206676354593 12483.56418041247 28.25245934255977 -6375884.822098838 4131969.7109423126 33.432191969877 -51.3388785561674 -52.3388785561674 0.24344885244848868 0.24136941109017873
0.000817417847033 604.5666305699821 146171004.47143912 -29336952.682645135 30810.430823722312 124110.6000579155 0.14610646964309215 -17.72831208753838 -39.612703112519505 604.5666305699821 0.24351078273848692 29.225323715225787 -38.369192329781015 0.0 -5919.982093947909 -8790.77633589185 0.0020429178284727964 -12202.647746541468 0.24351078273848692 18016.409597012374 -33.14765138803523 -0.05790284771829884 -0.03172478693922831 32.860383232614716 59.33788440786643 3.6792338648963865 -6.245009665142728 -11.887476774506386 12181.38757192794 28.25245914127222 -6216348.330003713 4028059.649737524 32.61687244987623 -50.08716682622508 -51.08716682622508 0.2435108011292917 0.24143135959968687
0.000837608067854 604.3225781579409 146051797.72653878 -28612280.6996276 30797.90006163722 124027.10935614696 0.14614458494771682 -17.30203230255092 -38.66547116855422 604.3225781579409 0.2435743082461947 29.225586099210357 -37.421896860308024 0.0 -5765.464199952112 -16286.232031555546 0.002093122199971917 -11907.760467215994 0.2435743082461947 18004.30981038149 -33.146741496562754 -0.05790988366123055 -0.03172554124056467 32.06477115164467 57.91701531674926 3.600351503002009 -6.244169220254369 -11.885723246604154 11886.499448966035 28.25245896861209 -6060665.088100519 3926659.7383415233 31.821196843398475 -48.865648160009655 -49.865648160009655 0.2435743284471893 0.24149488699278843
0.00085829698713 604.072600895297 145929773.37367377 -27905095.584662747 30785.07046091264 123941.61505421114 0.14618367733728574 -16.886032733511623 -37.74108559645144 604.072600895297 0.24363946222880958 29.22585510307991 -36.497446134222635 0.0 -5630.911126688696 9347.870614898826 0.0021445538962546885 -11619.981335641844 0.24363946222880958 17991.92065046776 -33.14195855172329 -0.05791718672616824 -0.03172640407038505 31.288332837526493 56.530415240600874 3.52336498324254 -6.243308137307094 -11.883945604804087 11598.723322694925 28.252458825110953 -5908741.921272774 3827709.2885753633 31.044693375297683 -47.67359146230533 -48.67359146230533 0.2436394845762324 0.2415600430773377
0.000879496922713 603.8165575325751 145804862.76100826 -27214948.13422776 30771.934077683534 123854.07054391615 0.14622376751081598 -16.48004866617074 -36.83895817298804 603.8165575325751 0.24370627918469331 29.226130890706212 -35.59525189380335 0.0 -5501.627946857994 -9853.675653721679 0.002197242600775239 -11339.139012801368 0.24370627918469331 17979.235459739903 -33.144951717904405 -0.05792476331266732 -0.031727378116089035 30.530630999259802 55.17720183308716 3.448253707356788 -6.242425912490241 -11.882143201305675 11317.876204284768 28.252458711278628 -5760482.320562262 3731145.442070548 30.286924720075113 -46.51023818001776 -47.51023818001776 0.2437063036723176 0.24162686233309705
0.000901220496704 603.5543035923029 145676991.8261527 -26541450.37520366 30758.481964917166 123764.42820995758 0.14626487271225808 -16.083852258124992 -35.95858260725888 603.5543035923029 0.24377478785376347 29.226413631797914 -34.71480781940512 0.0 -5359.282460643766 -12225.98759330129 0.002251218698957668 -11065.066289769988 0.24377478785376347 17966.24744065227 -33.14623557414416 -0.057932619694203755 -0.03172846613225224 29.791194166825207 53.85661564827039 3.374952401676062 -6.241522029877967 -11.880315313518818 11043.800369509361 28.252458627759875 -5615802.93697699 3636913.913266178 29.547419378971444 -45.37493541722811 -46.37493541722811 0.24377481486621244 0.2416953735445717
0.000923480642972 603.285691289881 145546100.93022573 -25884211.483783945 30744.708280315754 123672.63940784076 0.1463070266897127 -15.697213794247832 -35.099448471202166 603.285691289881 0.24384504448285452 29.22670349937699 -33.85560342671931 0.0 -5232.245773389 892.7458586220087 0.0023065132939972485 -10797.599988110174 0.24384504448285452 17952.94965687021 -33.141591131108726 -0.05794076346600731 -0.03172967094256241 29.069573042803125 52.56789102530896 3.303408281311936 -6.240595961104396 -11.878461439558398 10776.336858418623 28.252458575148573 -5474619.81347253 3544960.0185640096 28.82572799832027 -44.267024943315334 -45.267024943315334 0.2438450743133671 0.24176563293726017
0.000946290614854 603.0105694632357 145412118.41310862 -25242809.441194117 30730.60481473672 123578.6544450507 0.146350253215249 -15.319884462177695 -34.26100288367673 603.0105694632357 0.24391708869208167 29.22700067297272 -33.01708579498465 0.0 -5108.0207640974595 -5070.766309770274 0.0023631582229764886 -10536.580862731005 0.24391708869208167 17939.33502878503 -33.14373767604229 -0.057949201632382596 -0.03173099544162306 28.365365289817895 51.3101986292844 3.2336063281091567 -6.23964716506634 -11.876580904611618 10515.313705959576 28.25245855418653 -5336842.286631195 3455224.707484949 28.121448201125812 -43.18579378127332 -44.18579378127332 0.24391712148421008 0.24183768011363616
0.00096966399304 602.7287835129891 145274967.367178 -24616886.24026643 30716.162391151276 123482.42256606651 0.14639457288059998 -14.951654086897904 -33.442778819596235 602.7287835129891 0.24399095480099997 29.227305336150657 -32.198787864795236 0.0 -4984.166772732857 -4503.248784189906 0.0024211860733032117 -10281.85350714207 0.24399095480099997 17925.396330028445 -33.142783460654755 -0.05795794110153779 -0.031732442596594204 27.678130397928765 50.08283791112735 3.165483530900965 -6.238675087659591 -11.8746729613639 10260.585396642779 28.252458565615594 -5202393.450858169 3367657.891767561 27.434139443127766 -42.13063967120296 -43.13063967120296 0.24399099090814924 0.24191154966544848
0.000993614693668 602.4401753261142 145134581.45876324 -24006055.074560214 30701.374147447103 123383.89193199518 0.14644001907988557 -14.592294848215376 -32.64427006133771 602.4401753261142 0.24406669846647597 29.227617677849185 -31.40020336287123 0.0 -4861.088567415928 -14289.272846918451 0.0024806301994911768 -10033.266260821661 0.24406669846647597 17911.126190056195 -33.14458774275954 -0.05796698984575858 -0.03173401544916113 27.007471790700084 48.88504952585106 3.0990120475697864 -6.23767916145538 -11.872737026279742 10011.99441010518 28.25245861024124 -5071190.2145652305 3282205.4522523475 26.763405092233608 -41.10090981211948 -42.10090981211948 0.24406673827435454 0.2419872969729242
0.0010181569766 602.1445832002803 144990880.54133183 -23409977.846596744 30686.230480527516 123283.00960072014 0.1464866134922694 -14.241608346366165 -31.8650357526541 602.1445832002803 0.24414435582044902 29.227937891652232 -30.620891396833652 0.0 -4737.592166862057 3759.297266382298 0.002541524740223432 -9790.671119024337 0.24414435582044902 17896.517085642165 -33.138534181041905 -0.057976355131123265 -0.031735717117524806 26.35296735461765 47.716172177041 3.034129255621261 -6.236658805376193 -11.870772315431237 9769.403357158726 28.252458688913812 -4943159.953000215 3198820.0894412235 26.1088229987972 -40.096035690641834 -41.096035690641834 0.24414439968535262 0.2420649584616612
0.00104330545392 601.8418417784218 144843804.70961866 -22828267.47153991 30670.726115351885 123179.7215108267 0.1465344004887118 -13.899366221695908 -31.104568493381596 601.8418417784218 0.24422400081451967 29.22826617920141 -29.860344492567076 0.0 -4638.646123206075 2072.6469531272173 0.002603904635806552 -9553.923644577844 0.24422400081451967 17881.561347311323 -33.13797115984744 -0.05798604601056576 -0.031737550798235425 25.714256114206773 46.57544473980087 2.9708255179503014 -6.235613424403714 -11.868778353732635 9532.65445177173 28.25245880259223 -4818219.518808305 3117447.6468715784 25.470032113392254 -39.115362981112234 -40.115362981112234 0.2442240490676736 0.24214460793368375
0.00106907509864 601.531781958736 144693249.623617 -22260568.167463966 30654.84667301369 123073.97245744483 0.1465833818125667 -13.565358940023437 -30.362402654589218 601.531781958736 0.24430563635427782 29.228602741756443 -29.11809701823494 0.0 -4515.72198634143 -20913.41121123126 0.0026678056459234854 -9322.882881841415 0.24430563635427782 17866.25115129682 -33.146836397456354 -0.057996068601867914 -0.031739519768509514 25.090966248648403 45.46216876976573 2.909071686905514 -6.2345424091986255 -11.86675400659042 9301.60279945055 28.252458952251658 -4696292.483072144 3038038.350158657 24.846660612294123 -38.15829122356456 -39.15829122356456 0.24430568952227782 0.24222624838243645
0.00109548125357 601.2142308688267 144539153.74836117 -21706611.034785952 30638.586792929706 122965.70609028297 0.14663360479335186 -13.23942975136215 -29.63818997309123 601.2142308688267 0.2443893413222531 29.228947795027334 -28.393800631768976 0.0 -4402.02365650684 6715.7526910162005 0.0027332643676941494 -9097.411273175352 0.2443893413222531 17850.57851357484 -33.13640898485937 -0.05800643247290671 -0.031741627387417086 24.48266490475285 44.37582184586276 2.8487686121360225 -6.233445135938524 -11.864698786128718 9076.139562976621 28.252459138976587 -4577321.101940516 2960554.590291013 24.238275563430594 -37.22437131032118 -38.22437131032118 0.24438939987782526 0.24230995880367856
0.00112253964054 600.8890117007575 144381443.34587738 -21165983.94753631 30621.93870704911 122854.86486455787 0.14668510687639819 -12.921334436493959 -28.931387794988648 600.8890117007575 0.24447517812733033 29.22930154943851 -27.686912616861317 0.0 -4308.874463871755 -3596.1193049170975 0.002800318254205738 -8877.374576278338 0.24447517812733033 17834.535304347653 -33.14089059986691 -0.05801714663489486 -0.03174387709963182 23.889063493051154 43.31558996644053 2.7899547142528993 -6.232320965671704 -11.862612028117605 8856.096297706588 28.25245936386441 -4461216.846614849 2884938.7070714585 23.644588314923826 -36.31290345346231 -37.31290345346231 0.2444752426146849 0.24239580164137786
0.00115026636966 600.5559437321347 144220012.10335034 -20638406.0751242 30604.88800302812 122741.39005570044 0.14673789480125965 -12.610908634258434 -28.241630883242834 600.5559437321347 0.24456315800209943 29.22966423259898 -26.997067725240736 0.0 -4192.255111039745 -12967.395340968238 0.0028690056331983744 -8662.641785124768 0.24456315800209943 17818.11322773346 -33.143225461639304 -0.05802821803674915 -0.031746272435844394 23.30977188298046 42.28092527219688 2.7325578950466194 -6.2311692443098705 -11.860492584233166 8641.359052247362 28.252459628159503 -4347919.400792967 2811151.4216443766 23.065208724978362 -35.42341665529343 -36.42341665529343 0.24456322906127181 0.2424837880976849
0.00117867794899 600.2148421785217 144054802.37744716 -20123578.443458986 30587.430517465757 122625.22171691312 0.1467920272421787 -12.307976794069743 -27.568529212365622 600.2148421785217 0.24465337873696452 29.23003606887083 -26.32387583362866 0.0 -4093.9442664810654 3607.0353740557316 0.002939365726297353 -8453.08505131014 0.24465337873696452 17801.303827945223 -33.137094616025934 -0.0580396575512348 -0.03174881701627838 22.744431586151403 41.271242692302785 2.6765302531663706 -6.229989302034049 -11.858340043378357 8431.806296737492 28.25245993309269 -4237364.561770388 2739150.9171096953 22.499778207414437 -34.555407953125425 -35.555407953125425 0.24465345697194973 0.2425740160901504
0.00120779129433 599.8655181393408 143885715.59837523 -19621150.185568415 30569.553703703237 122506.2986689744 0.14684752378380275 -12.012331446679491 -26.911621768597097 599.8655181393408 0.2447458729730046 29.230417294645246 -25.66687589562409 0.0 -3997.5770425218557 -7058.888235185876 0.00301143866844844 -8248.579608252074 0.2447458729730046 17784.09849532194 -33.140962774532454 -0.05805147339230981 -0.031751514552555565 22.192745768010933 40.285850695237976 2.6218785907379467 -6.228780453019369 -11.856153384585115 8227.294798862127 28.252460280057857 -4129476.9650982437 2668888.1113792933 21.947999895037928 -33.70828283904445 -34.70828283904445 0.24474595910773 0.24266651836315023
0.0012376237393 599.5077785244624 143712666.2475236 -19130860.770582736 30551.2478574939 122384.55848384318 0.14690441982896016 -11.723820190789223 -26.270569934833773 599.5077785244624 0.2448406997149336 29.23080814989461 -25.02572923511884 0.0 -3895.7426232801545 -4785.043609238255 0.003085265527802371 -8049.003696834475 0.2448406997149336 17766.48844837374 -33.13874660212605 -0.05806367509236915 -0.03175436884995372 21.654351323901572 39.324241335679005 2.568535377197611 -6.227541995088813 -11.853931788451774 8027.7188820208 28.252460670483902 -4024200.666636593 2600326.5705934 21.40951062418664 -32.881604644329826 -33.881604644329826 0.24484079458392005 0.24276135390840103
0.00126819304566 599.141425959251 143535570.8375593 -18652399.22331977 30532.503829891873 122259.9374613376 0.1469627554863397 -11.442259588848293 -25.64496613149449 599.141425959251 0.24493792581056617 29.231208882240384 -24.400028205683924 0.0 -3804.9833736465066 -484.3935840900008 0.003160888325902704 -7854.238492915063 0.24493792581056617 17748.464747710168 -33.13838341078372 -0.0580762727032892 -0.03175738381010879 21.128944813575178 38.38580322197154 2.5164861343017773 -6.226273209287816 -11.851674471740605 7832.95178397602 28.25246110588117 -3921468.8822716265 2533422.799603328 20.884006887764613 -32.07484776860545 -33.07484776860545 0.2449380302731191 0.24285858968674345
0.00129951741389 598.7662587103108 143354332.38119182 -18185479.925070487 30513.309785743742 122132.37061328722 0.1470225597139792 -11.167481540982237 -25.03443684620346 598.7662587103108 0.24503759952329868 29.23161974526314 -23.78939924668016 0.0 -3712.2099869819217 -6426.883796079422 0.003238350058283995 -7664.168036549963 0.24503759952329868 17730.018286608094 -33.14018800871236 -0.058089275653638646 -0.03176056343338782 20.616214100436707 37.46997606946409 2.4657005598294983 -6.224973359525703 -11.84938045245966 7642.877228993711 28.25246158789337 -3821220.275872194 2468136.853703181 20.37117650091341 -31.287530543163548 -32.28753054316355 0.24503771458008838 0.24295827408137582
0.00133161549401 598.3820706080407 143168861.883667 -17729835.993260685 30493.655686159553 122001.79164703774 0.1470838723396504 -10.899329276586391 -24.438633758843316 598.3820706080407 0.24513978723275068 29.23204100029218 -23.193493971610565 0.0 -3618.7570259878817 -5263.939611275564 0.003317694715379614 -7478.679163051652 0.24513978723275068 17711.13979010084 -33.13951745638042 -0.058102694346719976 -0.031763911821375675 20.115843904181112 36.57623737585405 2.4161383046585585 -6.223641692201102 -11.847048874276235 7457.386694469548 28.25246211819981 -3723397.541619532 2404431.4123312584 19.870704116948364 -30.519203786708797 -31.519203786708797 0.2451399139205943 0.24306047355692884
0.00136450639671 597.9886509470679 142979069.0573745 -17285196.0549642 30473.53135291721 121868.13294189949 0.14714673464499273 -10.637643105112371 -23.857202062686742 597.9886509470679 0.24524455774165455 29.232472914285985 -22.61195750494509 0.0 -3531.840580721149 -323.25121623643236 0.0033989673038635772 -7297.661435456544 0.24524455774165455 17691.819816589024 -33.13639858339138 -0.05811653948484653 -0.03176743317981929 19.627536372369732 35.70405490811623 2.367769918274257 -6.222277435745451 -11.844678866387856 7276.36971573954 28.252462698620903 -3627942.4097617003 2342268.5271455212 19.38229181462808 -29.769409953062286 -30.769409953062286 0.24524469721438646 0.24316525699867664
0.00139820970471 597.585784413494 142784859.66009432 -16851278.274807215 30452.925913322815 121731.3255351957 0.14721118666454705 -10.382256703884575 -23.289772211098388 597.585784413494 0.24535197777424508 29.2329157639404 -22.044420233324143 0.0 -3449.72630225173 -3239.9433202357463 0.003482213868300083 -7121.0070788854455 0.24535197777424508 17672.048759831523 -33.13797499451357 -0.05813082187872695 -0.03177113182114331 19.151016207499374 34.85287432405616 2.320582189337097 -6.220879800253878 -11.842269502877308 7099.7113733938095 28.252463331061453 -3534794.362409316 2281608.7858725926 18.905664229725126 -29.037672487903 -30.037672487903 0.2453521313558905 0.24327269128490214
0.00143274548442 597.1732509976503 142586125.38958514 -16427833.563002696 30431.82567908107 121591.29910388535 0.14727725677557213 -10.133023713913358 -22.736019003919424 597.1732509976503 0.24546209462595356 29.233369829677258 -21.49055690929347 0.0 -3362.336106027834 -6606.751851897277 0.0035674815131871494 -6948.610916367318 0.24546209462595356 17651.816839241572 -33.14038042642187 -0.05814555169965843 -0.03177501216729105 18.68599134787396 34.022207807670476 2.2745385876234203 -6.219447977060143 -11.839819648493233 6927.3103555893895 28.252464017549972 -3443899.917706879 2222417.361190746 18.440529253248005 -28.323572024380418 -29.323572024380418 0.24546226372920532 0.2433828238052025
0.00146813429788 596.7508259232809 142382777.73285252 -16014625.171315812 30410.221231088264 121447.98195228506 0.14734499664353212 -9.889805236291018 -22.19563385345194 596.7508259232809 0.24557499440588687 29.233835404533473 -20.950058859046052 0.0 -3279.50748224633 -1356.5781575782312 0.0036548184253869078 -6780.370306248636 0.24557499440588687 17631.114102165022 -33.13717331578755 -0.05816074101299509 -0.0317790787523284 18.232171013634133 33.21159244870928 2.2295976445652723 -6.217981138362585 -11.837328472833587 6759.070461405681 28.252464760188694 -3355208.252676624 2164661.155022808 17.986596019228248 -27.626710619159 -28.626710619159 0.24557518057818184 0.24349574084764503
0.00150439721504 596.318279517562 142174716.77497795 -15611384.619593171 30388.100891570102 121301.30098026391 0.1474144491660711 -9.652442611971567 -21.668264247590255 596.318279517562 0.24569074861011853 29.234312783540428 -20.422573498980135 0.0 -3202.9142955981674 -2774.000903480535 0.003744273896923791 -6616.185080904804 0.24569074861011853 17609.93043472619 -33.137750977935866 -0.058176401465833125 -0.03178333622620117 17.789305327369785 32.42049945518201 2.1857531255832763 -6.216478436638333 -11.834794976526355 6594.882124903394 28.25246556124592 -3268661.723050075 2108302.6274888967 17.543614578759666 -26.94663368517289 -27.94663368517289 0.24569095357444148 0.24361151402997794
0.00154155582625 595.8753771776518 141961833.33026952 -15217879.400621276 30365.45116732718 121151.18168476196 0.14748565060427826 -9.420799196299958 -21.153606585265504 595.8753771776518 0.2458094176737971 29.234802276046626 -19.907797167591706 0.0 -3122.547385652369 -4988.314775420618 0.003835898348120982 -6455.957487362625 0.2458094176737971 17588.255545531985 -33.13894042703669 -0.058192544445276564 -0.03178778935679459 17.3571237573167 31.648473405340322 2.142971998329859 -6.2149390043860695 -11.83221802229229 6434.650764957881 28.25246642307693 -3184210.4154392704 2053309.2756379142 17.111314339642902 -26.282949709270323 -27.282949709270323 0.24580964332494504 0.2437302039999576
0.00157963225516 595.4218792422184 141744028.25810504 -14833884.32642264 30342.26079214317 120997.54812966533 0.14755865068526022 -9.194742717343813 -20.65136700251997 595.4218792422184 0.24593108447543371 29.235304194026305 -19.405435918044535 0.0 -3046.688584827633 -1318.2365635890644 0.003929743351170728 -6299.592128889031 0.24593108447543371 17566.07897067313 -33.13691577387635 -0.05820918254027269 -0.03179244303380862 16.935360717369367 30.895073475621484 2.101220432989536 -6.2133619535319164 -11.829596629534333 6278.2848097446895 28.25246734817364 -3101805.9935922003 1999649.6224350366 16.689429632893933 -25.635279735323177 -26.635279735323177 0.245931332886541 0.2438518937936136
0.00161864917186 594.9575409275958 141521195.9447175 -14459154.591050897 30318.517269260472 120840.32293821876 0.1476334955250938 -8.974128568683568 -20.161224220074736 594.9575409275958 0.24605582587515634 29.235818863250405 -18.91516839419958 0.0 -2974.43321146395 -3525.20591849589 0.004025861654019541 -6146.995908334669 0.24605582587515634 17543.390084825973 -33.138461420110616 -0.05822632831137934 -0.031797302271527904 16.523779792505245 30.15981772148705 2.060488413004458 -6.211746375052581 -11.826929722047858 6125.684376636607 28.252468339170477 -3021395.9048160193 1947289.4451424088 16.277723966630088 -25.003209453195094 -26.003209453195094 0.24605609932707628 0.24397666051146394
0.00165862980641 594.4821122210755 141293221.49248207 -14093477.71103744 30294.206269128383 120679.4272715546 0.14771022469931128 -8.75883199171394 -19.682901055215144 594.4821122210755 0.24618370783218546 29.236346612828125 -18.43671734738296 0.0 -2899.245120007877 -4026.962143952622 0.004124307204698882 -5998.077972574099 0.24618370783218546 17520.17808297036 -33.139114409665126 -0.05824399408575898 -0.03180237221245905 16.122126270228126 29.44229034687865 2.0207419234172774 -6.2100913384419485 -11.824216083997921 5976.763074248432 28.252469398815332 -2942934.5427593607 1896199.0469244844 15.87594256239594 -24.38638141807822 -25.38638141807822 0.24618400884521152 0.24410457031191446
0.00169959796262 593.9953378185788 141060004.5048641 -13736640.664334765 30269.316632103633 120514.78082291917 0.1477888961054983 -8.548727739371015 -19.2161192669067 593.9953378185788 0.2463148268424972 29.23688778808718 -17.969804440064202 0.0 -2829.473902182583 -1735.9841241282902 0.004225135175921223 -5852.749658606496 0.2463148268424972 17496.43199237821 -33.13688663321045 -0.05826219376170216 -0.031807658130241716 15.730156713323394 28.742073958079217 1.9819529539116256 -6.208395891324168 -11.821454724290467 5831.434226697576 28.252470530045688 -2866376.1904648556 1846348.6569033735 15.483841886480898 -23.784436820879453 -24.784436820879453 0.24631515818244099 0.24423571996193782
0.0017415780323 593.4969569852652 140821430.11888108 -13388415.366027258 30243.83427158101 120346.30178652296 0.14786955581203934 -8.343681006776832 -18.76057935700339 593.4969569852652 0.24644925968673223 29.237442734283086 -17.51413009731666 0.0 -2760.938543335329 -3408.906413719452 0.00432840199019134 -5710.924440484407 0.24644925968673223 17472.140679940214 -33.13834685551501 -0.05828094063549002 -0.03181316543406498 15.347651999309955 28.05871928227617 1.9441128011911117 -6.206659058790133 -11.818644432089146 5689.604738060981 28.252471735904606 -2791671.8916496253 1797706.3960486813 15.101202739623222 -23.19698943970584 -24.19698943970584 0.246449624399261 0.24437018652378595
0.0017845950097 592.9867035325298 140577381.72451842 -13048609.09375239 30217.744850048963 120173.90686648719 0.14795225129947148 -8.143578814648187 -18.316030330772968 592.9867035325298 0.24658708549911915 29.23801181726129 -17.06944324527385 0.0 -2692.7297549802793 -2328.0907859990875 0.004434165345160974 -5572.517878094544 0.24658708549911915 17447.292832386865 -33.13734134587412 -0.05830024836416109 -0.03181889967103843 14.974371046146109 27.39184980099307 1.9071854535210329 -6.204879843130659 -11.81578397080066 5551.196320719471 28.252473019649372 -2718780.291624828 1750245.3370501872 14.727783960646992 -22.62371560113614 -23.62371560113614 0.2465874869242094 0.24450804943501514
0.00182867450644 592.4643056638972 140327750.00830778 -12717009.070620602 30191.03567444521 119997.511242213 0.14803704108763774 -7.948295513990825 -17.88219305492426 592.4643056638972 0.24672840181272956 29.238595402492386 -16.635464653111534 0.0 -2628.3826806304683 -2720.679933734924 0.004542484239369361 -5437.447566708529 0.24672840181272956 17421.876981741712 -33.13826726260959 -0.058320131671322904 -0.03182486653108002 14.610101166976406 26.741046781782146 1.8711585765210506 -6.20305722310385 -11.812872217566587 5416.122171663486 28.2524743846291 -2647655.7288689204 1703935.7461786773 14.363372765163676 -22.064255345468545 -23.064255345468545 0.24672884362305691 0.24464940656050427
0.00187384276675 591.9294859379359 140072407.91811058 -12393422.806906769 30163.690422340263 119817.02857409192 0.1481239683850293 -7.757717926907389 -17.45881608703128 591.9294859379359 0.24687328064171551 29.239193873301378 -16.211942806389565 0.0 -2562.646867142262 -3063.3508673089 0.004653418998486943 -5305.633087955324 0.24687328064171551 17395.881488751715 -33.13903900050536 -0.058340604446235185 -0.03183107184974464 14.254620951918993 26.105933036999676 1.8360061427652838 -6.201190153600839 -11.809907776079468 5284.303956730898 28.252475834434733 -2578256.89943659 1658750.7304848153 14.007747671277277 -21.51828442183624 -22.51828442183624 0.24687376688667084 0.2447943302787181
0.00192012668309 591.3819611434636 139811246.91715753 -12077661.666450275 30135.696780666127 119632.37098039944 0.1482130993852772 -7.57173512119208 -17.045653009145774 591.3819611434636 0.24702183230879537 29.239807619605767 -15.798631176836977 0.0 -2500.9288831177137 -1982.3904277942254 0.0047670313017144925 -5176.995961958852 0.24702183230879537 17369.29455043556 -33.13794382662945 -0.05836168252333758 -0.03183752161278951 13.907715046274102 25.48613890294906 1.8017034742669074 -6.199277564995804 -11.806889536380469 5155.664907668603 28.252477372816838 -2510543.333828681 1614663.9380280315 13.660693213965308 -20.985485059390893 -21.985485059390893 0.24702236743099182 0.2449429313387006
0.00196755381216 590.8214422178982 139544138.9143458 -11769526.273992572 30107.03840940792 119443.44902961946 0.14830448311196912 -7.390229248408159 -16.642442008480305 590.8214422178982 0.24717413851994854 29.240437043051408 -15.395267869960357 0.0 -2439.526130753742 -3143.5587493336457 0.004883384208654057 -5051.459600614848 0.24717413851994854 17342.104216327483 -33.1397824637761 -0.05838338078452114 -0.03184422196005434 13.56918735172303 24.881271633213814 1.7682406941323574 -6.197318362636014 -11.803816085337752 5030.123634236409 28.252479003700035 -2444472.251284882 1571647.5139442019 13.322013213203082 -20.465519634138364 -21.465519634138364 0.24717472740405144 0.245095291872363
0.00201615239132 590.2476341721247 139270963.31326163 -11468847.904480746 30077.700646975718 119250.17173583798 0.14839818003702995 -7.213101501786373 -16.248963604024578 590.2476341721247 0.2473303000617166 29.241082557613503 -15.001633303962862 0.0 -2379.2688744110897 -2000.4515132079416 0.00500254218658929 -4928.949261957596 0.2473303000617166 17314.298358278986 -33.13831327929802 -0.058405715237236935 -0.03185117918933918 13.238822742295726 24.291001972682963 1.7355841666293577 -6.195311426343948 -11.800686124632028 4907.61163480293 28.25248073126631 -2380007.4621376256 1529677.895635854 12.991492442234009 -19.958105112081505 -20.958105112081505 0.24733094808286915 0.24525151316785543
0.00206595135538 589.6602359744169 138991599.13846797 -11175433.555354983 30047.66884480118 119052.44654125796 0.14849425385578216 -7.040237651572812 -15.864964046244445 589.6602359744169 0.24749042309297029 29.241744586428872 -14.617473623151476 0.0 -2322.273141346465 -2460.282664539262 0.005124571137912195 -4809.392005718068 0.24749042309297029 17285.864718693952 -33.139442427507674 -0.058428702428596685 -0.031858399761174945 12.916437396966922 23.714949261669013 1.703727447450033 -6.193255609764905 -11.797498348646412 4788.0500616392055 28.252482559817786 -2317107.560395906 1488728.1227044652 12.668946973873952 -19.462914267729108 -20.462914267729108 0.24749113615142726 0.24541170191836548
0.00211698035386 589.05894048661 138705910.82924062 -10889116.6315076 30016.925350018064 118850.17931727564 0.14859275631560312 -6.871539883695907 -15.490226047199206 589.05894048661 0.24765459385933855 29.24242356628627 -14.242571453339867 0.0 -2264.006674065008 -2730.9648744500055 0.005249538428168188 -4692.716649817034 0.24765459385933855 17256.79087027015 -33.13973316769079 -0.05845235835544481 -0.031865890302749486 12.601831888515672 23.152787539512364 1.6726440068085247 -6.1911497398854625 -11.794251221725043 4671.371167871068 28.252484493963745 -2255736.813848445 1448774.9324816545 12.354177294656335 -18.97966689496243 -19.97966689496243 0.24765537845034002 0.24557594496092294
0.0021692697686 588.4434343687736 138413780.80319533 -10609727.81015445 29985.456402999043 118643.2743559292 0.14869376205544887 -6.706908504348919 -15.124528175672337 588.4434343687736 0.24782293675908146 29.243119947504493 -13.876705238913255 0.0 -2209.360107426249 -1679.7935990157152 0.00537751291416066 -4578.853728087399 0.24782293675908146 17227.064245269732 -33.13868105580241 -0.0584767009939914 -0.03187365761256557 12.294817822863617 22.60418461792215 1.6423142397606745 -6.188992616429457 -11.790943485623949 4557.50599051722 28.252486538492857 -2195858.9101364147 1409794.681944614 12.046994886104537 -18.508077445240172 -19.508077445240172 0.2478238000145374 0.2457443673452635
0.00222285073189 587.8133979688185 138115070.45222563 -10337091.102212662 29953.243855897344 118431.63435732682 0.14879732693682435 -6.546239413760032 -14.767639181595367 587.8133979688185 0.24799554489470726 29.24383418781655 -13.51964363670066 0.0 -2155.476639309795 -2530.8846712120776 0.005508564972537643 -4467.735448820644 0.24799554489470726 17196.672148220492 -33.140373931342765 -0.05850174729496472 -0.031881708665522666 11.995221333751552 22.068793590761477 1.612729099986965 -6.186783011188059 -11.787573549457445 4446.382648438758 28.252488698423235 -2137436.1006248547 1371762.7953240704 11.747225788856845 -18.04784770744508 -19.04784770744508 0.24799649465326035 0.24591706288768522
0.00227775514496 587.1685052892201 137809649.00930193 -10071055.07438543 29920.271294639424 118215.16044405269 0.14890351894232037 -6.389443855945867 -14.419361930164625 587.1685052892201 0.24817253157053396 29.244566766470925 -13.171189398594091 0.0 -2101.969908865747 -2179.6626206796786 0.005642766528711883 -4359.295654503075 0.24817253157053396 17165.601722332827 -33.14017184815566 -0.05852751542662125 -0.03189005061671468 11.702853929543318 21.546318718056757 1.5838607500850215 -6.184519667606729 -11.784139939715848 4337.939622594635 28.252490979069666 -2080435.917993131 1334658.1359202228 11.454681397972784 -17.598723464726273 -18.598723464726273 0.24817357644482418 0.2460941456705048
0.00233401569704 586.50842383485 137497384.5217988 -9811455.179846134 29886.52211088761 117993.75213673804 0.1490124086240902 -6.236424600140722 -14.079480457533592 586.50842383485 0.2483540143734837 29.245318165759162 -12.831126443160109 0.0 -2050.9217978060933 -2003.7749749151362 0.005780191085999844 -4253.469782292694 0.2483540143734837 17133.8400012574 -33.14067684939346 -0.05855402409559266 -0.03189869080760784 11.417547235826166 21.036436014842558 1.5556977518757789 -6.182201299941115 -11.780641158761957 4232.109746602063 28.25249338596902 -2024823.0778427236 1298457.7321847815 11.169193221452684 -17.160426218976752 -18.160426218976752 0.24835516382821976 0.24627573414675763
0.00239166588476 585.8328145895006 137178138.19182184 -9558138.528631449 29851.978296178037 117767.30737399826 0.1491240629567871 -6.087091618481154 -13.747794801005213 585.8328145895006 0.2485401049279785 29.246088891889343 -12.499254696077234 0.0 -2000.2169656423862 -2283.7892207963782 0.00592091375513135 -4150.194825708091 0.2485401049279785 17101.37388474562 -33.1411652081797 -0.05858129211005648 -0.03190763676998465 11.139129813755329 20.538845499865158 1.5282217458214156 -6.179826592849655 -11.777075594248473 4128.83073609416 28.25249592498311 -1970564.8011114327 1263140.2454165723 10.89058970882735 -16.732698106558832 -17.732698106558832 0.2485413693643489 0.24646194088368945
0.00245074003212 585.1413318813761 136851775.26127464 -9310955.56312891 29816.622744048043 117535.72249629589 0.14923855719136936 -5.941356826701565 -13.424109329249951 585.1413318813761 0.24873092865228227 29.246879456907887 -12.175378400597669 0.0 -1951.1495860154287 -1796.6920491023925 0.0060650112839092255 -4049.4092970615366 0.24873092865228227 17068.190153224772 -33.1410815156305 -0.05860933924931324 -0.031916896232142306 10.867434697230554 20.05325368432416 1.5014151553622614 -6.177394200581002 -11.773441689768458 4028.0416572356744 28.25249860218922 -1917629.027607639 1228684.8046181137 10.618703768578273 -16.315286849647542 -17.315286849647542 0.24873231949354824 0.24665289233150145
0.00251127331091 584.4336233432693 136518154.48654094 -9069755.682448624 29780.43700397153 117298.89226279149 0.14935596344309351 -5.799131288125761 -13.108226512047013 584.4336233432693 0.2489266057384892 29.247690394799445 -11.859299906308523 0.0 -1903.668615076544 -1977.5881512113046 0.0062125620873366115 -3951.053190878094 0.2489266057384892 17034.275487274823 -33.14187679880979 -0.05863818544733917 -0.031926477123501065 10.602303313409083 19.579364232824357 1.475265238029682 -6.174902746477957 -11.769737777443812 3929.681051856728 28.252501424009356 -1865983.4729274374 1195070.393625804 10.353376707670593 -15.907937721585355 -16.907937721585355 0.2489281355351156 0.24684870982344886
0.00257330176169 583.7093298003234 136177133.20616722 -8834396.91233006 29743.402343954585 117056.70984520236 0.149476356222971 -5.660331383830627 -12.799960639953945 583.7093298003234 0.24912726037161836 29.248522247883873 -11.550833379582325 0.0 -1856.3606037320665 -2183.065750530954 0.0063636462778923555 -3855.06794810643 0.24912726037161836 16999.61645465558 -33.14283960657531 -0.058667851204983315 -0.0319363875807661 10.343576263009679 19.11689853980704 1.4497548598727719 -6.172350822210026 -11.765962156603738 3833.691070656458 28.25250439717939 -1815597.70803867 1162277.2050294708 10.09444900263806 -15.510411239472262 -16.510411239472262 0.24912894290865806 0.24704951879151182
0.0026368623152 582.968085225259 135828569.8020971 -8604742.639709856 29705.500274228372 116809.06684556742 0.14959981515768103 -5.524876753201532 -12.499133251792562 582.968085225259 0.24933302526280174 29.24937558078368 -11.24980022652976 0.0 -1810.6715339214948 -1608.020076739225 0.0065183456960575354 -3761.396421333982 0.24933302526280174 16964.199523860512 -33.14244576381907 -0.058698357796870715 -0.03194663595302773 10.091096173300565 18.66558886926791 1.4248654629536777 -6.1697369872258525 -11.762113131711937 3740.0160887018747 28.252507528781038 -1766442.4580301035 1130286.1830619231 9.841763148037762 -15.122477267672267 -16.122477267672267 0.24933487567738066 0.24725545331233723
0.00270199281439 582.2095166194684 135472322.0312925 -8380649.414199436 29666.71217617281 116555.85329059017 0.14972642325160881 -5.392682463555882 -12.205555731237677 582.2095166194684 0.24954403875268136 29.250250968169738 -10.956011692484996 0.0 -1766.7951289069576 -1849.6973294825584 0.006676743941018909 -3669.98284069825 0.24954403875268136 16928.011104731977 -33.143555264645784 -0.05872972715875929 -0.03195723080847009 9.844719018940582 18.225152250605618 1.4005885839017678 -6.1670597679261485 -11.758188984980448 3648.597474418585 28.25251082618988 -1718486.9798911524 1099077.3157659566 9.5951749801879 -14.743892574890445 -15.743892574890445 0.2495460736734254 0.24746665323384298
0.0027687320369 581.4332439858129 135108236.02246726 -8161987.139878694 29627.016930364927 116296.9576580428 0.14985625469595834 -5.26367196372284 -11.919058074489213 581.4332439858129 0.2497604244932639 29.25114900618101 -10.669297649995949 0.0 -1722.5026211421202 -2106.7436765438456 0.006838926401672569 -3580.7727807573433 0.2497604244932639 16891.037508585283 -33.14472839591508 -0.05876198101604796 -0.031968180939576575 9.604294959525602 17.79533363690273 1.3769065804516645 -6.1643176571407565 -11.75418779840484 3559.382240159833 28.252514297170137 -1671703.3995018704 1068632.4615424778 9.354534535032338 -14.374437931706803 -15.374437931706803 0.24976266217760534 0.24768324385593754
0.00283711971821 580.6388802305653 134736172.01746127 -7948630.466900557 29586.396428008185 116032.26688095448 0.149989403363615 -5.13777159614722 -11.639476737162143 580.6388802305653 0.24998233893935834 29.252070305806352 -10.389494398222785 0.0 -1680.05422899887 -1485.0961918242886 0.0070049802878298095 -3493.713127999983 0.24998233893935834 16853.264973638743 -33.143860021215005 -0.05879514295847308 -0.03197949536990331 9.369676240375853 17.37588765943009 1.3538006900235737 -6.161509113335973 -11.7501078644063 3472.3193758431744 28.252517949889576 -1626064.8678550215 1038934.1446342308 9.119693901436495 -14.013902439080276 -15.013902439080276 0.2499847994271206 0.24790538343195134
0.00290719657525 579.8260310858092 134355978.9581067 -7740442.8617377365 29544.830103549724 115761.66636016734 0.15012595475618432 -5.014900293713179 -11.36663169677919 579.8260310858092 0.25020992459364055 29.25301549550669 -10.11642177218555 0.0 -1639.317076631285 -1675.3932350885714 0.007174994661373271 -3408.752049290729 0.25020992459364055 16814.679736177746 -33.145018353042815 -0.05882923642381385 -0.031991183360721334 9.140732144447528 16.966544236970904 1.3312662115916538 -6.158632559872931 -11.745947277567364 3387.352978215253 28.25252179284948 -1581542.1309381574 1009963.324295741 8.890522219853889 -13.662053948131085 -14.662053948131085 0.2502126298987002 0.24813321645875264
0.00297900433066 578.9942950783494 133967500.36355773 -7537304.952393466 29502.296173919538 115485.03999393576 0.1502659923885533 -4.894987882925738 -11.100367135966165 578.9942950783494 0.25044332064758884 29.253985223541186 -9.849923815318576 0.0 -1598.411745512697 -1823.2978932691549 0.007349060467896165 -3325.838960985995 0.25044332064758884 16775.267946948046 -33.14621503040689 -0.05886428517182881 -0.03200325441702805 8.917321999991767 16.56706959706672 1.3092853165660203 -6.155686384408849 -11.741704025765827 3304.434449981354 28.252525834998853 -1538109.6233211798 981703.3632516833 8.666878679344178 -13.318691524044565 -14.318691524044565 0.25044629492908066 0.24836688429593123
0.00305258573763 578.1432634503024 133570587.68443353 -7339097.923575112 29458.774503994566 115202.27019302665 0.15040961276232048 -4.777964386863721 -10.840527693419116 578.1432634503024 0.25068268793720083 29.254980156803114 -9.589845005481916 0.0 -1558.9818717918902 -1551.1763996002824 0.007527270568213857 -3244.92449882065 0.25068268793720083 16735.01573572416 -33.146505287402306 -0.058900314381683666 -0.03201571829474823 8.699310729002136 16.177230644149606 1.287842827267962 -6.1526689381048865 -11.737376204230152 3223.515369737478 28.2525300857252 -1495741.9026318912 954137.7033551027 8.448628041064936 -12.983614820486675 -13.983614820486675 0.250685957708101 0.24860655016036626
0.00312798460535 577.2725200931302 133165086.54676408 -7145699.972883958 29414.243626246738 114913.23790197715 0.15055691003300084 -4.663757698860175 -10.586953271590021 577.2725200931302 0.2509281833883347 29.25600098026263 -9.336025088201687 0.0 -1520.5330961080067 -1636.0031217406158 0.007709719769993226 -3165.960488523944 0.2509281833883347 16693.909248182368 -33.14750352083456 -0.058937349557138904 -0.03202858500796521 8.486572113632477 15.796787179588922 1.2669295892644001 -6.1495785348576835 -11.732961791918964 3144.5459467950286 28.252534554840846 -1454412.8844075936 927249.3690822588 8.235643930244143 -12.656617383353442 -13.656617383353442 0.25093177775608677 0.24885237359592183
0.0032052458251 576.3816415098564 132750840.64074431 -6956998.551802749 29368.681561062862 114617.82263142422 0.1507079803200232 -4.55230154792832 -10.339496744018524 576.3816415098564 0.25117996720003866 29.25704840120644 -9.088316776818484 0.0 -1482.8397293958242 -1517.9956639829015 0.00789650485958098 -3088.8999171316864 0.25117996720003866 16651.934604698992 -33.14806150127697 -0.058975416852339674 -0.032041864835910636 8.278976976304124 15.42551846029444 1.2465306024699876 -6.1464134506062535 -11.728458711895957 3067.480314342305 28.252539252640897 -1414098.473944171 901022.6813475224 8.027797009104086 -12.337509485688612 -13.337509485688612 0.2511839180983111 0.24910451766082975
0.00328441539698 575.470196754424 132327695.2557995 -6772879.192907202 29322.066563980075 114315.90248460052 0.15086292573039525 -4.443528226849001 -10.098007801487253 575.470196754424 0.25143820955065876 29.258123146643864 -8.846569591936593 0.0 -1446.3528988238336 -1529.0960855515855 0.008087724633743439 -3013.6969049958648 0.25143820955065876 16609.07797043653 -33.14906965868886 -0.05901454337829672 -0.03205556833070225 8.076403711713297 15.063198965713994 1.226635727961468 -6.143171922532139 -11.723864886991073 2992.271700224167 28.252544189908836 -1374774.1657959174 875441.6933852257 7.824965502162638 -12.026097296315472 -13.026097296315472 0.25144255202647314 0.24936315567569434
0.00336554045729 574.5377473939802 131895489.19597201 -6593233.143735109 29274.37535238452 114007.3541932548 0.15102184516279052 -4.337373578040544 -9.862344018109047 574.5377473939802 0.2517030752713175 29.259225964503294 -8.61064094283773 0.0 -1410.2730885885346 -1541.6302381191347 0.0082834799314667 -2940.3066784786306 0.2517030752713175 16565.325532651474 -33.15012527758745 -0.059054756552974534 -0.03206970632497014 7.878730840118351 14.709615002073129 1.2072322336686354 -6.139852148314206 -11.719178105408814 2918.875731306452 28.252549377944153 -1336416.6824099678 850491.2592545627 7.627027764847033 -11.722197150059259 -12.722197150059259 0.2517078477712935 0.24962845591036897
0.00344866930658 573.5838474737121 131454067.51397748 -6417955.05882047 29225.585852599947 113692.05315627095 0.15118484881004035 -4.2337755018806735 -9.632367557971927 573.5838474737121 0.2519747480167339 29.2603576277471 -8.380392809955193 0.0 -1375.4373360095847 -1377.2146497693122 0.0084838736657064 -2868.6855433081914 0.2519747480167339 16520.663526891534 -33.150494935779534 -0.059096085166241936 -0.032084289939774815 7.68583907073573 14.364559754285645 1.1883069433039206 -6.136452285364746 -11.71439622691854 2847.2494445993307 28.252554828575793 -1299003.4812321062 826156.711028043 7.433864322718996 -11.425631301130712 -12.425631301130712 0.25197999271325655 0.2499006057812172
0.00353385143845 572.6080434590822 131003268.76079078 -6246936.5393079575 29175.6744054203 113369.8734727427 0.1513520436199205 -4.132669695187957 -9.407935683558305 572.6080434590822 0.25225340603320084 29.26151892800419 -8.155682277525104 0.0 -1341.3958086624266 -1464.891442575416 0.00868901085507769 -2798.790858528592 0.25225340603320084 16475.07830674791 -33.15190874617247 -0.059138558345576485 -0.03209933059331743 7.497617422984266 14.027819056659723 1.169852483993211 -6.1329704499559305 -11.709516971496654 2777.348466753916 28.252560554178597 -1262511.3629130677 802422.9539806311 7.245364016951065 -11.136215682701726 -12.136215682701726 0.25225916919459446 0.25017978767476046
0.00362113756898 571.6098742471544 130542930.35378107 -6080079.713372731 29124.61691073657 113040.68799984927 0.1515235393393358 -4.033998612106491 -9.188920677776405 571.6098742471544 0.25253923223222635 29.262710685738888 -7.936381445544178 0.0 -1307.9208911582623 -1368.097423086341 0.00889899865555396 -2730.5810111481987 0.25253923223222635 16428.556261309997 -33.1526130896159 -0.0591822060090489 -0.03211484000869615 7.31394996278987 13.699201272587198 1.1518539508737997 -6.1294047165623065 -11.704538004192754 2709.1329360627756 28.252566567755487 -1226919.3913865823 779276.3679466487 7.061410730557644 -10.853785597874442 -11.853785597874442 0.25254556458924005 0.2504661890104263
0.00371057966694 570.5888711065314 130072894.62786321 -5917282.622215884 29072.39012553192 112704.36838916586 0.1516994555679354 -3.9377018212264154 -8.975188425788977 570.5888711065314 0.252832425946559 29.263933742060388 -7.722355999842417 0.0 -1275.6409825748935 -1331.8747364478359 0.009113946391774397 -2664.015391353478 0.252832425946559 16381.083950166238 -33.153714124684484 -0.059227059394584045 -0.03213083022343046 7.134729828712638 13.378505163367944 1.1343031350612311 -6.125753116917291 -11.699457033256698 2642.56113426205 28.252572882874098 -1192205.754389839 756702.7614913144 6.8818974027660795 -10.57816809968871 -11.57816809968871 0.2528393831378163 0.2507600140819195
0.00380223098471 569.5445576854527 129592994.02705032 -5758448.615789473 29018.968402044833 112360.78514755343 0.1518799045199745 -3.8437222169376626 -8.766612192483656 569.5445576854527 0.2531331741999575 29.26518896503908 -7.513479018283698 0.0 -1243.7424787859695 -1368.209164816178 0.00933396558838271 -2599.054368348255 0.2531331741999575 16332.64805149941 -33.15505862179771 -0.05927314983060044 -0.032147313598081824 6.959850000576217 13.065540563992169 1.1171892594827444 -6.122013639280061 -11.694271561247298 2577.593581287705 28.252579513745356 -1158349.7790115704 734688.6868798624 6.70671682637626 -10.309199757641535 -11.309199757641535 0.25314081722845716 0.2510614553320183
0.00389614609003 568.4764500038442 129103070.31644316 -5603485.0138112055 28964.327867414664 112009.8076948525 0.1520650133567146 -3.752005156376622 -8.5630707376617 568.4764500038442 0.2534416889278577 29.266477250782554 -7.309629048733843 0.0 -1212.8209626067453 -1245.7634845661548 0.0095591700011892 -2535.659266728342 0.2534416889278577 16283.235387304045 -33.15577888623011 -0.05932051037030104 -0.032164302825610204 6.789204457640358 12.760125543516596 1.100500205557686 -6.118184227611297 -11.68897920169258 2514.1924670438048 28.252586475284645 -1125331.6487070422 713221.2530826908 6.5357627687125 -10.046724227692408 -11.046724227692408 0.2534500846598825 0.25137073062025905
0.00399238089846 567.3840564249889 128602957.82790853 -5452296.229010775 28908.442723176486 111651.30441707117 0.1522549046228441 -3.662493862573137 -8.364438071826001 567.3840564249889 0.25375817437140685 29.26779951818593 -7.110679897454594 0.0 -1182.6822074602005 -1280.027774835124 0.009789675647717487 -2473.792343479782 0.25375817437140685 16232.833030713693 -33.157297059717166 -0.05936917439721252 -0.03218181094158391 6.622694805038369 12.462071049615194 1.084229263876783 -6.1142627806402 -11.683577396793604 2452.3186238168587 28.25259378303771 -1093130.9209412516 692287.1625507494 6.368936630666962 -9.790579041135814 -10.790579041135814 0.25376739611811117 0.2516880507010675
0.00409099270665 566.2668777103381 128092492.47669084 -5304794.962682525 28851.28719582582 111285.14274910465 0.15244970668996294 -3.575136917406617 -8.170600122666501 566.2668777103381 0.25408284448327156 29.269156720943506 -6.91651727818323 0.0 -1153.0469236624008 -1239.5168151551306 0.010025600837857123 -2413.416765522073 0.25408284448327156 16181.42819905809 -33.15837720380932 -0.05941917639919544 -0.03219985133323977 6.460219178152966 12.171205902505328 1.0683639814384547 -6.110247151192772 -11.678063564241347 2391.936451882505 28.252601453339025 -1061728.935603279 671874.2787710895 6.206136333669694 -9.540617097441078 -10.540617097441078 0.25409297257407915 0.2520136366179726
0.0041920402265 565.1244069842866 127571512.40214318 -5160891.997568958 28792.83564653842 110911.18923015778 0.15264955456594695 -3.489881431299492 -7.981439557800274 565.1244069842866 0.2544159242765783 29.2705498342724 -6.727023633523697 0.0 -1124.3625983737948 -1176.0981363449866 0.010267066203752534 -2354.496587751166 0.2544159242765783 16129.00840510586 -33.159590210515034 -0.05947055204979017 -0.032218437750792035 6.301682155709329 11.887354028608222 1.0528962283454768 -6.106135145158726 -11.672435105396893 2333.009432646048 28.252609503216497 -1031106.6212932719 651970.1972477469 6.047266231432752 -9.296687092170359 -10.296687092170359 0.25442704674452155 0.25234772116865134
0.0042955836201 563.9561298008279 127039851.40411603 -5020501.158516689 28733.061096298006 110529.30959490345 0.15285458198906898 -3.4066763672801774 -7.7968431598656815 563.9561298008279 0.2547576366484483 29.271979870979077 -6.542085523217233 0.0 -1096.246261044201 -1191.6110123549843 0.01051419472962461 -2296.9967316532675 0.2547576366484483 16075.56142765481 -33.16111232406229 -0.05952333765667479 -0.03223758431726952 6.146989778801148 11.610345527582371 1.0378172197529913 -6.101924520784362 -11.666689290387653 2275.502308619593 28.252617950542515 -1001245.5596907657 632562.939754803 5.892232142152698 -9.058643027450282 -10.058643027450282 0.25476984995035146 0.25269053576125877
0.00440168453552 562.7615241524162 126497346.56661837 -4883539.883201318 28671.936869715486 110139.3688480443 0.15306493046379563 -3.3254729446055156 -7.61670273684751 562.7615241524162 0.2551082174396594 29.273447869255133 -6.36159451940785 0.0 -1068.7606574704268 -1154.6733346613196 0.010767111780675012 -2240.8829644386788 0.2551082174396594 16021.075321716675 -33.162441987929924 -0.059577570838625096 -0.03225730554002522 5.996048861347026 11.340018032791377 1.0231168698970432 -6.097612987716403 -11.660823383430106 2219.381345834179 28.25262681396535 -972128.1100642331 613641.0343863211 5.740940643907367 -8.826345386139325 -9.826345386139325 0.25512162722936316 0.2530423255299057
0.00451040614354 561.5400605303971 125943834.70321871 -4749926.050174563 28609.43578107521 109741.2313581494 0.15328074495787078 -3.246222494082098 -7.4409103497496565 561.5400605303971 0.255467908263118 29.274954904036964 -6.185442441486538 0.0 -1041.9887900782069 -1111.6883443318318 0.0110259451318089 -2186.121878647649 0.255467908263118 15965.538504665123 -33.163783882015196 -0.05963329023704624 -0.032277616321797924 5.848770036096241 11.076209555203445 1.008786919268295 -6.093198206188418 -11.654834578751203 2164.612929344385 28.252636113018454 -943736.7264832148 595193.0713220256 5.593302127833123 -8.599654977473813 -9.599654977473813 0.25548263026617635 0.25340334226451344
0.00462181317529 560.2912019626684 125379152.98541935 -4619579.740751533 28545.530233147743 109334.76094648868 0.15350217458656068 -3.168877652057389 -7.269360966922437 560.2912019626684 0.25583695764426784 29.276502080421267 -6.01352400927817 0.0 -1015.9038471348018 -1084.9932779994772 0.011290824995530904 -2132.680872250186 0.25583695764426784 15908.939759949108 -33.16524834171196 -0.05969053559024759 -0.032298531972815625 5.705065908126205 10.818762464502232 0.9948191181367996 -6.088677786080418 -11.648720007119717 2111.1643439155937 28.252645868106526 -916054.3365282512 577207.9494446819 5.4492289504819365 -8.378436360020876 -9.378436360020876 0.2558531185957037 0.2537738456145249
0.00473597196072 559.0144041027824 124803137.9062418 -4492422.901843734 28480.191949422286 108919.82099510715 0.15372937122906735 -3.093392135242451 -7.10195196161888 559.0144041027824 0.2562156187151123 29.278090541290783 -5.845736342903768 0.0 -990.3783853750555 -1088.1041830278284 0.011561884049155677 -2080.528129273513 0.2562156187151123 15851.268278281907 -33.166980427512954 -0.05974934765759802 -0.03232006822250519 5.5648512912445955 10.56752273618995 0.9812055131011632 -6.0840492861179705 -11.642476713360267 2059.0036255593604 28.252656100577816 -889064.2684008147 559674.8290321073 5.308635672529483 -8.162557193706304 -9.162557193706304 0.25623335738605446 0.2541541008739254
0.00485295046815 557.709115293825 124215627.96219562 -4368380.861709487 28413.39252905593 108496.27454917101 0.1539624927172099 -3.019721792195996 -6.9385854533499325 557.709115293825 0.2566041545286832 29.279721462372773 -5.681981298821249 0.0 -965.3997418175366 -1042.0331668983538 0.011839257461323586 -2029.6326008338601 0.2566041545286832 15792.51364875563 -33.16845902496925 -0.059809768476589316 -0.032342241232344866 5.4280415756365885 10.32234346184867 0.9679368445179406 -6.079310212932091 -11.63610169805544 2008.1002435069463 28.252666832734448 -862750.5772471948 542583.3439610135 5.171437421107905 -7.951891259235747 -8.951891259235747 0.25662362281841367 0.25454438436104243
0.00497281834471 556.3747766672819 123616464.32400955 -4247378.856888616 28345.103562325774 108063.98443322818 0.1542017036057198 -2.9478222178960807 -6.779163008073839 556.3747766672819 0.25700283934286633 29.281396060546182 -5.522160168730973 0.0 -941.1901815239746 -1000.3994084697463 0.012123082917602114 -1979.9639866673222 0.25700283934286633 15732.665983139195 -33.170028949930156 -0.059871841445124155 -0.032365067608704355 5.294556137783607 10.083076898996469 0.9550060361804076 -6.074458020195859 -11.629591924938168 1958.4235496423303 28.252678087903263 -837097.2987131479 525923.1154137463 5.03755329844074 -7.746311623650923 -8.746311623650923 0.25702420352378286 0.25494498485638806
0.00509564695783 555.0108222355676 123005485.48258446 -4129343.836281718 28275.29538158504 107622.8133679667 0.15444716841199813 -2.8776499891547114 -6.623588373546764 555.0108222355676 0.25741194735333023 29.283115586621477 -5.366176426193434 0.0 -917.445118718372 -1021.9779011339732 0.01241350064514295 -1931.4927170836872 0.25741194735333023 15671.715916599385 -33.17208080195269 -0.05993561086092454 -0.032388564416520105 5.1643164400462656 9.849578577869035 0.9424063202610005 -6.069490107686227 -11.622944222360571 1909.943580504095 28.252689890435718 -812088.8351279887 509684.0042222368 4.906904492692935 -7.545694167568586 -8.545694167568586 0.25743538940368726 0.2553561924261518
0.00522150943768 553.6166790434909 122382533.77091736 -4014207.4347102335 28203.93848151454 107172.62410861503 0.15469905955110355 -2.809164748062434 -6.471772120955193 553.6166790434909 0.25783176591850593 29.28488133682183 -5.213940355036687 0.0 -894.1762317122849 -973.8049210096468 0.012710653436465769 -1884.1899353852596 0.25783176591850593 15609.654536890366 -33.17368708701065 -0.060001122523046624 -0.03241274919253394 5.037242892182346 9.621714259459955 0.9301281100210375 -6.064403820506725 -11.616155391661156 1862.63240368991 28.25270226581303 -787710.5961116623 493856.52724390617 4.779411126263839 -7.34992357109172 -8.34992357109172 0.25785748490352156 0.25577831169343535
0.00535048072079 552.1917672562455 121747456.03175619 -3901899.7410296365 28131.003626042017 106713.27956539231 0.15495755818366475 -2.7423248706164616 -6.3236220209012695 552.1917672562455 0.2582625969727746 29.286694643885916 -5.065359423928495 0.0 -871.6657289845593 -934.0825912766213 0.013014686671885198 -1838.0274806591883 0.2582625969727746 15546.473627178057 -33.1753873542109 -0.060068423824771 -0.03243763996057829 4.913261122070084 9.399345499027646 0.9181653757524457 -6.059196448023368 -11.609222214761392 1816.4613155197387 28.252715240608925 -763947.6591786911 478430.9848307389 4.654998525097309 -7.158880903014094 -8.158880903014094 0.25829081068197823 0.2562116635126561
0.0054826375946 550.7355003420827 121100095.18658088 -3792352.860433549 28056.45989714424 106244.64295716 0.15522284336753833 -2.677089937110549 -6.179048517086462 550.7355003420827 0.25870473894589724 29.288556887375265 -4.920343778140565 0.0 -849.5779259872394 -946.1659707012855 0.013325748340956345 -1792.9778710409823 0.25870473894589724 15482.165604630873 -33.17757483032892 -0.06013756299895394 -0.032463255245776514 4.79229826866645 9.182337862647728 0.9065119421151606 -6.053865223087994 -11.602141298919458 1771.4024375095728 28.25272884259195 -740785.5329496815 463397.95921470004 4.5335935297205525 -6.972450679215716 -7.972450679215716 0.25873568560783133 0.2566565669658949
0.00561805874318 549.2472852364426 120440299.92477822 -3685503.211769419 27980.276828157253 105766.57796161964 0.15549510415003268 -2.6134223703730917 -6.037968384755067 549.2472852364426 0.25915850691672115 29.290469489684092 -4.778809877838346 0.0 -827.973686265469 -905.5891112330028 0.013643989062541235 -1749.0142873540988 0.25915850691672115 15416.72344081703 -33.179427034251376 -0.06020859002470444 -0.03248961408995713 4.674280503944645 8.97056640816036 0.8951590244911601 -6.048407321134947 -11.594909242219739 1727.4297695620671 28.252743100763368 -718210.6532416885 448748.636288171 4.415121997027923 -6.790525580796529 -7.790525580796529 0.2591924469783551 0.25711335958219483
0.00575682479414 547.7265225111191 119767922.43686642 -3581285.766005445 27902.42384616946 105278.94886972768 0.1557745366271789 -2.5512833793845147 -5.900295712154001 547.7265225111191 0.25962422771196486 29.292433920373327 -4.640671484442036 0.0 -806.9969024135575 -882.6709194108423 0.013969562103516 -1706.1105571263447 0.25962422771196486 15350.140955218756 -33.18150186835646 -0.06028155644862587 -0.03251673606785444 4.559138904792612 8.76390215899368 0.8841011994583554 -6.0428198592343145 -11.587522588141775 1684.51657784613 28.252758045397943 -696209.143949562 434473.99881929083 4.299514677080648 -6.612994823979978 -7.612994823979978 0.25966144595419516 0.25758239277622597
0.00589901836656 546.1726065826156 119082814.09953305 -3479638.3862187676 27822.86923141578 104781.62075527514 0.15606133815985887 -2.490636020757191 -5.765948695252808 546.1726065826156 0.2601022302664315 29.29445169627868 -4.5058464649863765 0.0 -786.4249634328866 -876.6809080397171 0.014302623395795204 -1664.2411390365048 0.2601022302664315 15282.412669785735 -33.18375453868407 -0.06035651500100294 -0.032544641303445844 4.446804886459199 8.562222299457067 0.8733318305804296 -6.037099895224987 -11.579977741185974 1642.6373622390067 28.252773708074322 -674767.7484526399 420565.4338124866 4.186702656192767 -6.439752922209587 -7.439752922209587 0.2601430379672063 0.2580640222563819
0.00604472412021 544.584925944453 118384832.97668244 -3380501.083050348 27741.581770872832 104274.45965464524 0.1563557169066212 -2.43144468998916 -5.6348485213190544 544.584925944453 0.26059286151103533 29.29652438593659 -4.37425565980802 0.0 -766.3619685286928 -845.5593758055577 0.014643331552037956 -1623.381107701792 0.26059286151103533 15213.533865189349 -33.18585085157724 -0.06043352032060457 -0.03257335048676251 4.337210878097056 8.365408494808236 0.8628437876079427 -6.031244426870235 -11.572271095429011 1601.767527945644 28.252790121779228 -653873.6713318424 407014.62835058285 4.076618016586021 -6.270698246698741 -7.270698246698741 0.26063759880400095 0.25855862411038166
0.00619402880598 542.9628633774344 117673839.01865913 -3283813.8239868055 27658.529604695574 103757.33274202864 0.1566578854410496 -2.373673554343867 -5.506915876973111 542.9628633774344 0.2610964757350827 29.298653606838347 -4.245819401238029 0.0 -746.8055087348635 -827.2162058669525 0.01499184787923381 -1583.5061388361407 0.2610964757350827 15143.50075886241 -33.18815666543537 -0.06051262853163423 -0.03260288489216712 4.230292548491665 8.173341656881306 0.8526317312372504 -6.025250390863928 -11.564398941259023 1561.8823811119644 28.252807320874492 -633514.1060100499 393813.262639327 3.9691960727565827 -6.105728523160412 -7.105728523160412 0.2611455142782063 0.259066584480802
0.00634702131749 541.3057962460002 116949695.41905297 -3189519.134136286 27573.68047526224 103230.10853459407 0.15696806225971324 -2.317288419589882 -5.3820750987326464 541.3057962460002 0.26161343709952206 29.300841034601532 -4.120461661633124 0.0 -727.6916119848221 -810.797575306006 0.015348336390827121 -1544.592494784548 0.26161343709952206 15072.31039140842 -33.19053045108535 -0.06059389739021536 -0.03263326639592274 4.125985998747644 7.985908169065795 0.8426893129842563 -6.019114662083944 -11.556357482317765 1522.9583218157807 28.25282534124552 -613676.7938113027 380953.37400864955 3.864372561648122 -5.944746184255437 -6.944746184255437 0.2616671828468822 0.259588302182556
0.00650379274403 539.6130967516576 116212270.20146923 -3097560.5206345874 27487.00202577137 102692.65708632692 0.15728647370455234 -2.2622556046271205 -5.260251675029975 539.6130967516576 0.2621441228409206 29.303088395362952 -3.9981075521890546 0.0 -709.0280342666169 -793.5955320026355 0.015712963816407178 -1506.6170103909706 0.2621441228409206 14999.960764720945 -33.19302878277563 -0.06067738646475048 -0.03266451749574771 4.0242293458079414 7.802996138264656 0.8330108090540679 -6.012834052614935 -11.54814285735905 1484.9721244655539 28.252844220259888 -594349.6854809838 368427.13623675867 3.7620852229670207 -5.787655148326267 -6.787655148326267 0.2622030191294993 0.2601241922252733
0.00666443642481 537.8841322632028 115461435.23956652 -3007883.279287355 27398.4615147556 102144.8502086383 0.15761335241631838 -2.208542530394485 -5.141373552604512 537.8841322632028 0.26268892069386396 29.305397479601496 -3.878684631910648 0.0 -690.7961408120541 -774.0019928863195 0.016085899609757256 -1469.5570792077256 0.26268892069386396 14926.450823624436 -33.195519308038456 -0.06076315706499587 -0.03269666132993719 3.92496179184792 7.624497355342148 0.8235902143161428 -6.006405310980471 -11.539751114430443 1447.9013110141177 28.252863996916467 -575521.1139960352 356226.972297963 3.662272871154056 -5.634362504037075 -6.634362504037075 0.2627534515398241 0.2606746834471425
0.0068290480045 536.1182656203221 114697068.62496866 -2920433.5306273173 27308.026293123305 101586.56168473147 0.15794894033772136 -2.1561170214304983 -5.025369588864398 536.1182656203221 0.2632482338962023 29.307770132237795 -3.7621213549681953 0.0 -673.0191929732423 -754.9181203286846 0.016467315954037266 -1433.3906400494438 0.2632482338962023 14851.780575756236 -33.19811078185376 -0.06085127250361009 -0.03272972169824356 3.8281245851955017 7.450304971997863 0.8144222455562957 -5.999825121199699 -11.531178247204293 1411.7237075147946 28.25288471180586 -557179.5877344543 344345.4193258057 3.5648763512992994 -5.484776514669645 -6.484776514669645 0.2633189276382931 0.26124022387107826
0.00699772549021 534.314855505818 113919051.3640533 -2835158.8515608213 27215.662971556176 101017.66750786337 0.15829348394073886 -2.1049477691663157 -4.91217057435587 534.314855505818 0.26382247323456476 29.310208264799535 -3.6483481011213055 0.0 -655.6499715701644 -739.4457632103729 0.016857387765118657 -1398.0961638559577 0.26382247323456476 14775.951084296361 -33.20084789450016 -0.06094179779559341 -0.03276372308258471 3.7336602763160838 7.280315037122284 0.8055016224507875 -5.993090102019645 -11.522420124693326 1376.4177360861509 28.25290640724604 -539313.9250216607 332775.2167841951 3.4698378030815187 -5.338807936539217 -6.338807936539217 0.2638999064397761 0.261821273015137
0.00717056930982 532.4732568189663 113127271.81317866 -2752008.3684768756 27121.338378913868 100438.04612193492 0.15864724004300754 -2.0550044092374007 -4.801709413183865 532.4732568189663 0.2644120667383459 29.312713853418934 -3.537297346445519 0.0 -638.6896338014551 -723.5478692969174 0.01725629269197016 -1363.6526408853374 0.2644120667383459 14698.96448628698 -33.20364994223155 -0.06103480012596865 -0.03279869066904027 3.641512544637739 7.114426764196348 0.7968229236338116 -5.986196806070687 -11.513472565970352 1341.962463509076 28.25292912728459 -521913.27501840104 321509.3194575738 3.377100477899393 -5.196370251814557 -6.196370251814557 0.2644968684135631 0.2624183118956498
0.00734768237177 530.5928210790904 112321623.09689419 -2670932.222923258 27025.018886926428 99847.57867350175 0.1590104719889344 -2.006257130924364 -4.693920249445156 530.5928210790904 0.2650174533148907 29.31528894048157 -3.4289027961302656 0.0 -622.1178233542392 -707.4075677534178 0.01766421111437508 -1330.039568211492 0.2650174533148907 14620.824086989422 -33.206547061227184 -0.061130348622648725 -0.03283465037058542 3.551626710402681 6.952541223062772 0.7883811344940209 -5.979141719050921 -11.504331282641905 1308.3373524329068 28.252952917784448 -504967.0018432688 310540.82239658997 3.28660925708779 -5.0573785418922785 -6.0573785418922785 0.2651103095198696 0.2630318370680156
0.00752917012635 528.6728968644276 111502006.08794324 -2591882.0129892337 26926.67103588665 99246.14927660536 0.15938345353406044 -1.9586770105549587 -4.588739213876295 528.6728968644276 0.2656390892234341 29.31793564151641 -3.3231001246528606 0.0 -605.9510708928782 -688.4522121362488 0.018081326137873287 -1297.2369375194849 0.2656390892234341 14541.534340303944 -33.20945808504689 -0.06122851468783017 -0.032871628850509475 3.4639491881829225 6.7945624577399615 0.7801711248291712 -5.97192125895665 -11.494991926533915 1275.5224713609718 28.25297782647525 -488464.77989800635 299863.02260993875 3.1983100989594884 -4.921750450353734 -5.921750450353734 0.26574074800945113 0.26366236742974625
0.00771514062848 526.7128302614676 110668327.25308897 -2514809.9240061846 26826.26094900987 98633.6452824457 0.15976646553669246 -1.9122353610713787 -4.486102973546312 526.7128302614676 0.2662774425611541 29.320656142331 -3.219825530985158 0.0 -590.1681701031032 -675.9201595375819 0.01850782358535778 -1265.2252232004885 0.2662774425611541 14461.101005529605 -33.21258815828833 -0.0613293718122241 -0.03290965354710869 3.3784283830169954 6.640395312799083 0.7721885832526658 -5.9645317752637705 -11.485450039010564 1243.4980850812108 28.253003902993992 -472396.40608391183 289469.29711275385 3.112150940455841 -4.789404312607176 -5.789404312607176 0.2663887194380873 0.26431043924022246
0.007905704602 524.7119653803576 109820500.18287098 -2439670.1193525624 26723.754613890404 98009.95757108675 0.16015979776936873 -1.8669047868807616 -4.385951078652609 524.7119653803576 0.26693299628228123 29.323452708244965 -3.119018082370328 0.0 -574.7320705896599 -660.3433158965174 0.018943891985705744 -1233.985370740589 0.26693299628228123 14379.530973165127 -33.2157573419488 -0.061432995760114385 -0.03294875269852814 3.2950130879742856 6.489948952551487 0.7644284269455939 -5.9569695482672165 -11.47570107022919 1212.2453144688693 28.253031198924475 -456752.0987562135 279353.2974782012 3.0280800916920048 -4.66026218228827 -5.66026218228827 0.2670547799164785 0.2649766093731796
0.00810097550567 522.669644856511 108958447.47713679 -2366417.406322191 26619.118249319825 97374.98083995917 0.16056375137625412 -1.8226581812207392 -4.288223738084983 522.669644856511 0.2676062522937569 29.326327682186037 -3.020617485791226 0.0 -559.6828430707902 -643.5628885863949 0.019389722558740333 -1203.4987853697419 0.2676062522937569 14296.832484221826 -33.219017215128815 -0.06153946480508141 -0.032988955369521004 3.2136539011900704 6.343133523029556 0.756886260502681 -5.9492307882759174 -11.465740406292662 1181.7455085609058 28.25305976796468 -441522.2111228939 269508.7629110499 2.9460476488963137 -4.534246962765092 -5.534246962765092 0.26773951086801684 0.2656614600813121
0.00830106960066 520.5852104190456 108082098.31907955 -2295007.6218428286 26512.317646091797 96728.61391411304 0.16097863501140466 -1.7794690182477475 -4.192862462789668 520.5852104190456 0.2682977250190078 29.329283490543403 -2.92456473777066 0.0 -544.970559534174 -632.5599785944137 0.019845509196590908 -1173.747321008237 0.2682977250190078 14213.015110374254 -33.22245822281161 -0.06164885951000746 -0.03303029147847213 3.1343027434118893 6.199861119178168 0.749557915851194 -5.941311634965054 -11.455563311146719 1151.980426096572 28.253089665823815 -426697.3130682009 259929.57396215273 2.8660050183928814 -4.411283236696358 -5.411283236696358 0.2684435130550902 0.2663655930273916
0.00850610601979 518.4580034787065 107191391.61049254 -2225398.2407459184 26403.318829245785 96070.76006311075 0.16140476908585843 -1.7373118308453148 -4.099811133857527 518.4580034787065 0.2690079484764307 29.33232264530737 -2.8308031853810958 0.0 -530.5944150597251 -616.2743802794603 0.02031144844123371 -1144.7132694664301 0.2690079484764307 14128.08963647898 -33.2259030659211 -0.06176126309615806 -0.03307279182576309 3.056912106715494 6.060047384627479 0.7424387194993074 -5.9332081567055965 -11.445164977684994 1122.932531378194 28.25312095039144 -412268.32234046905 250609.83755450195 2.7879041582390633 -4.291298643516945 -5.291298643516945 0.26916741404268774 0.26708963675182207
0.00871620683848 516.2873657446186 106286275.5861953 -2157547.125095034 26292.087884040047 95401.32732719461 0.1618424849125345 -1.6961612476014378 -4.009013861206951 516.2873657446186 0.26973747485422417 29.33544774920064 -2.7392763863527265 0.0 -516.5778087701887 -601.172391629895 0.02078773945787916 -1116.3793499062087 0.26973747485422417 14042.068331440574 -33.229494398917495 -0.061876761446311664 -0.033116488123356956 2.9814364163712037 5.92360830019235 0.7355248938800382 -5.924916349904165 -11.434540509623412 1094.5843960169148 28.253153681718693 -398226.2352183893 241543.711650778 2.7116989415169797 -4.174221118041751 -5.174221118041751 0.26991186763768704 0.2678342461210408
0.00893149714739 514.0726398899556 105366706.78531675 -2091413.376748651 26178.590616848684 94720.22885858135 0.16229212276576507 -1.6559926548566206 -3.9204164519269575 514.0726398899556 0.27048687127627513 29.338661497288985 -2.6499295806506824 0.0 -502.8719394424511 -591.366315950686 0.02127458400407531 -1088.728698565581 0.27048687127627513 13954.964790368273 -33.23327518408087 -0.061995443031665744 -0.03316141302523822 2.90783101015985 5.790462387465011 0.7288125515339077 -5.9164321384282115 -11.423684889077686 1066.9191082705777 28.253187922119295 -384562.30901639065 232725.52434404538 2.637344138883575 -4.059980783941597 -5.059980783941597 0.2706775510890126 0.26860009953202657
0.00915210512693 511.81317025556973 104432652.91247137 -2026957.508056687 26062.793157696036 94027.38327406246 0.16275403583703268 -1.616782343725893 -3.833966742853144 511.81317025556973 0.2712567263950545 29.341966683131055 -2.5627100164580896 0.0 -489.47129135724515 -576.2270304582021 0.02177218639448996 -1061.7448587212157 0.2712567263950545 13866.793858861038 -33.23708993144214 -0.062117399267607655 -0.03320760015901581 2.8360518758208824 5.660531205481364 0.7222974541757055 -5.907751373073872 -11.412593022750615 1039.920361812524 28.253223736163708 -371268.0991183967 224149.79759235706 2.564795149425828 -3.94851038272817 -4.94851038272817 0.2714651722359839 0.2693879060664519
0.00937816212357 509.50830356783774 103484092.82365333 -1964140.5423618453 25944.66187099233 93322.715011233 0.1632285899298866 -1.5785068046874442 -3.749613032534893 509.50830356783774 0.27204764988314434 29.345366201775747 -2.4775653826517487 0.0 -476.4105047904333 -562.026480482758 0.02228075346050631 -1035.4117708991994 0.27204764988314434 13777.571866052178 -33.24100977405578 -0.0622427245655143 -0.03325508415930302 2.766056638976793 5.533736998841292 0.7159760343829287 -5.8988698309836245 -11.401259730495422 1013.572020855639 28.2532611907769 -358335.2651911087 215811.12104081333 2.4940089890936488 -3.8397432516614725 -4.8397432516614725 0.27227546999475005 0.27019840598751044
0.00960980272802 507.1573897244341 102521015.3889012 -1902924.305082254 25824.162984933264 92606.1547043921 0.1637161612874077 -1.541142954663684 -3.6673045826413833 507.1573897244341 0.2728602688123462 29.348863054110236 -2.394444313829037 0.0 -463.6321326296152 -553.3198255819193 0.022800494505149104 -1009.7137633238009 0.2728602688123462 13687.316568894359 -33.245183077425395 -0.06237151625160201 -0.03330390070176602 2.6978041838379685 5.410003451024626 0.7098450358728592 -5.889783215218502 -11.389679709378536 987.8582599557541 28.25330035528608 -345755.6329390379 207704.19247804853 2.4249439150256222 -3.733613970288732 -4.733613970288732 0.2731092114504462 0.27103236783939844
0.0098471648554 504.75978261056156 101543421.51942928 -1843272.437379017 25701.26299241873 91877.63956806727 0.16421713935232 -1.5046689646506162 -3.5869934612270287 504.75978261056156 0.27369523225386666 29.352460349678235 -2.313298228973162 0.0 -451.1395875266408 -538.0370709472476 0.02333162125275527 -984.6355425904835 0.27369523225386666 13596.046756054902 -33.24932299276986 -0.06250387484586173 -0.03335408653875022 2.631253395623814 5.289258447755921 0.703900265758866 -5.880487154340724 -11.377847562943629 962.7640671606573 28.253341301345593 -333521.41205331305 199823.959542203 2.357558163369948 -3.630060737533692 -4.630060737533692 0.2739671967489211 0.2718905933420088
0.0100903898273 502.31484094710873 100551326.43177548 -1785148.4220474456 25575.929125718 91137.1137881353 0.16473193010524317 -1.469062669296297 -3.508631013406946 502.31484094710873 0.27455321684207196 29.356161318344956 -2.234077796564874 0.0 -438.9673762944613 -526.4885701616591 0.023874347792747986 -960.1621845742217 0.27455321684207196 13503.782907089218 -33.253667282559945 -0.06263990438654717 -0.033405679536551235 2.566365450846925 5.171428781163062 0.6981389298477902 -5.8709772020108115 -11.365757837156147 938.2742751288179 28.253384103084795 -321624.7720770628 192165.34314148838 2.2918122340048526 -3.529020820483055 -4.529020820483055 0.27485026644156463 0.27277392475429907
0.0103396224561 499.82192918121797 99544754.36914663 -1728517.1116985877 25448.127947651843 90384.52892318861 0.16526094711858447 -1.4343028051577815 -3.432170599785566 499.82192918121797 0.27543491186430746 29.359969301848633 -2.1567356879212585 0.0 -427.0400225858336 -517.0444438170209 0.024428890518124483 -936.2791255345542 0.27543491186430746 13410.546630559907 -33.25821829953372 -0.0627797118708656 -0.033458718714185376 2.5031019564754384 5.0564442623902455 0.6925577750594064 -5.861248836638746 -11.353404894852547 914.374312129873 28.253428837122616 -310058.1688232493 184723.45096376925 2.227667044611131 -3.4304340855363167 -4.430434085536317 0.27575928677898076 0.2736832301700005
0.0105950111307 497.2804184739535 98523746.98965193 -1673344.6699022364 25317.82734938136 89619.84433195823 0.16580462480442995 -1.4003689827646177 -3.3575675540020096 497.2804184739535 0.2763410413407166 29.363887779238635 -2.081226512661293 0.0 -415.40396284325226 -502.6850507704506 0.02499546805709874 -912.9721534997356 0.2763410413407166 13316.360542213946 -33.262752174789284 -0.0629234083005179 -0.033513244282503636 2.4414249532653627 4.944237650556109 0.6871531131217521 -5.851297461303236 -11.340783081729962 891.0501844066762 28.253475582455078 -298814.3336072687 177493.56919012795 2.165083911924646 -3.3342429440118115 -4.3342429440118115 0.2766951726147452 0.2746194264298194
0.0108567079057 494.6896876047466 97488357.70236953 -1619596.9704768586 25184.995040329013 88843.02757176514 0.16636340886857506 -1.3672403575806127 -3.284776215169621 494.6896876047466 0.2772723481142918 29.367920345469514 -2.0075038670553296 0.0 -404.036975779037 -494.22026571152094 0.025574301199461476 -890.2273997354353 0.2772723481142918 13221.248989845863 -33.26761377175524 -0.06307110809001416 -0.03356929768786192 2.3812988224060954 4.834740206716334 0.6819227673982087 -5.841118403234369 -11.327886591997824 868.2876725556778 28.25352442063796 -287885.92707171635 170470.93795023544 2.1040264742918033 -3.2403885250214985 -4.2403885250214985 0.27765887370212494 0.2755834654410747
0.0111248685909 492.0491241091118 96438654.48422655 -1567242.0278571409 25049.599165844258 88054.05486261641 0.16693776043304315 -1.3348976634032197 -3.2137544526487005 492.0491241091118 0.2782296007217386 29.37207074945847 -1.9355248519269619 0.0 -392.9042922265709 -482.90161972478666 0.02616561281481158 -868.0313305895623 0.2782296007217386 13125.236767029917 -33.27248546787075 -0.06322292945862797 -0.03362692165320914 2.322687264979132 4.7278884787324715 0.676863041684046 -5.83070691409775 -11.314709514541248 846.0735546362328 28.253575435632058 -277266.0617750803 163651.09133656503 2.0444576642573935 -3.1488165105817787 -4.148816510581779 0.2786513807921126 0.2765763402675425
0.0113996528451 489.3581252542034 95374723.09814283 -1516247.7406619482 24911.609023487516 87252.91149728237 0.16752816138239393 -1.3033213287465835 -3.1444594881515098 489.3581252542034 0.2792136023039899 29.376342866304224 -1.8652458858475198 0.0 -382.0536889058953 -470.70657037430686 0.026769627765257216 -846.3707393525267 0.2792136023039899 13028.350168353372 -33.27750995795384 -0.06337899492395717 -0.03368616022577596 2.265556028104285 4.6236180314592685 0.6719714929594953 -5.820058169531397 -11.301245891988778 824.3944752865616 28.25362871389347 -266947.8176634959 157029.54131849724 1.986342425800295 -3.059471748078119 -4.059471748078119 0.2796737374560778 0.2775990969822679
0.0116812242704 486.61609924256516 94296661.47122692 -1466582.8743775014 24770.99355647261 86439.59231368171 0.16813510423136271 -1.272492299352304 -3.0768497085330653 486.61609924256516 0.28022517371893785 29.3807407343502 -1.7966245348141274 0.0 -371.43556661826534 -462.4705994227974 0.027386572809500683 -825.2327384677321 0.28022517371893785 12930.616431484676 -33.2827910318839 -0.06353943067451598 -0.03374705882247495 2.2098716584950786 4.521866171559952 0.6672456919444127 -5.809167269468795 -11.287489580869883 803.2374370167181 28.253684344249958 -256924.451035419 150601.91482040496 1.9296464847761408 -2.972300587710579 -3.972300587710579 0.2807270237100341 0.2786528182970158
0.0119697505099 483.8224663567271 93204586.48828308 -1418217.4918674927 24627.722982273444 85614.10214257773 0.16875910361280003 -1.2423924240065551 -3.010885540181678 483.8224663567271 0.28126517268800005 29.38526853896173 -1.729620367493678 0.0 -361.0514000899619 -451.57280801488866 0.028016676499934275 -804.6047518414227 0.28126517268800005 12832.06324657829 -33.288156790018775 -0.06370436751324164 -0.03380966427976225 2.155600903554092 4.42257325270985 0.6626826359761955 -5.798029238120075 -11.273434390019967 782.5900294414239 28.253742417953536 -247189.48852860843 144364.01389138674 1.8743357308660922 -2.8872520103866837 -3.8872520103866837 0.281812375772432 0.2797386433261222
0.0122654033475 480.9766601923263 92098631.07987641 -1371121.8530746256 24481.767972339414 84776.45627388028 0.16940069092494484 -1.213003509469412 -2.946527340931945 480.9766601923263 0.2823344848749081 29.38993063292918 -1.664192856057037 0.0 -350.9113859560013 -441.5922348767944 0.028660169071627366 -784.4745073648331 0.2823344848749081 12732.719385881284 -33.29371529532489 -0.06387394058821881 -0.03387402490465514 2.102712060666637 4.325679516439614 0.6582801302535131 -5.786639024194177 -11.259074001384562 762.4398660708928 28.25380302849459 -237736.48920765135 138311.6612533694 1.8203775757917289 -2.8042749090574834 -3.8042749090574834 0.2829309797770415 0.2808577613266492
0.0125683588102 478.0781289315462 90978946.01622179 -1325267.1635143277 24333.100025727264 83926.68092616132 0.17006041724158547 -1.1843079717524194 -2.883736851659577 478.0781289315462 0.2834340287359758 29.394731539039128 -1.6003028229236012 0.0 -340.989778649583 -432.9215160267166 0.02931728232282011 -764.8300296147711 0.2834340287359758 12632.614034054213 -33.29946099015888 -0.06404828972594388 -0.03394019052814565 2.0511739883907327 4.231127267910707 0.6540358064270988 -5.77499150117437 -11.244401996912227 742.7749706215245 28.253866271670493 -228559.2054036226 132440.80482233016 1.767739959654757 -2.723319960725111 -3.723319960725111 0.2840840771332035 0.282011417063601
0.0128787972728 475.12633667559857 89845699.98066293 -1280625.4274713057 24181.69140690583 83064.8137238808 0.17073885320209806 -1.156288719067275 -2.82247693600446 475.12633667559857 0.2845647553368301 29.39967595695415 -1.5379121806676301 0.0 -331.28907069294877 -422.7854273559333 0.02998824948650361 -745.6596327387307 0.2845647553368301 12531.776683625509 -33.3053391063321 -0.06422755955181043 -0.03400821256068678 2.0009562445898688 4.1388604855610795 0.6499472792284852 -5.763081467724598 -11.22941184632653 723.5837054787252 28.253932245335818 -219651.55061263495 126747.49683022383 1.7163914892530385 -2.644339290795111 -3.644339290795111 0.28527296588101025 0.2832009121807524
0.0131969035654 472.12076481834976 88699081.27426091 -1237169.1048941538 24027.51551825239 82190.90417596277 0.17143659202423678 -1.1289288492119771 -2.7627109123588185 472.12076481834976 0.28572765337372796 29.404768776312526 -1.4769832589850904 0.0 -321.8122173241971 -413.8005672453129 0.0306733050931424 -726.9519134982786 0.28572765337372796 12430.237270595104 -33.31141559047546 -0.06441189984245886 -0.03407814405030455 1.9520294984280986 4.048823817413652 0.6460125791241905 -5.750903648158387 -11.214096933917652 704.8545948417208 28.25400104933351 -211007.52570442724 121227.8455155816 1.6663018450543707 -2.567285611710519 -3.567285611710519 0.2864990078708439 0.2844276124022673
0.0135228670835 469.0609134738818 87539295.91197556 -1194871.4008545945 23870.546321554262 81305.01415834649 0.172154245704587 -1.1022119114272977 -2.7044031301415314 469.0609134738818 0.2869237428409784 29.410015077571764 -1.4174793873005531 0.0 -312.53465944094614 -405.5729475126537 0.0313726848237434 -708.6957444853251 0.2869237428409784 12328.02572596333 -33.31771858889488 -0.06460146539258542 -0.03415003974316388 1.9043651134845534 3.9609634475986377 0.6422297476418739 -5.73845269302533 -11.198450498958675 686.5764763953889 28.25407278537107 -202621.27998442354 115878.05525711089 1.617441370643575 -2.4921129659950148 -3.4921129659950148 0.28776362356331664 0.28569294234393827
0.0138568819004 465.94630298667624 86366571.2798794 -1153706.4282691919 23710.759239075196 80407.21840752814 0.17289245188707375 -1.0761220675691001 -2.647519338134406 465.94630298667624 0.28815408647845625 29.415420152122557 -1.35936525165595 0.0 -303.4642273464488 -396.0244970424831 0.032086625352644726 -690.8802675249702 0.28815408647845625 12225.17149178569 -33.324139031419804 -0.06479641665702011 -0.03422395614599967 1.8579348822293433 3.875227645042123 0.6385965846126138 -5.72572317993765 -11.182465710303704 668.7385942038541 28.254147556735777 -194487.1467146184 110694.44913318017 1.5697807957508871 -2.4187772014310784 -3.4187772014310784 0.28906830455145593 0.28699839804599203
0.0141991468834 462.7764754193965 85181154.61151421 -1113648.4415180322 23548.130686777826 79497.60499346706 0.1736518709694779 -1.0506433888255653 -2.5920251173449276 462.7764754193965 0.28941978494912984 29.420989498468554 -1.3026053323957978 0.0 -294.59831485661476 -388.04603963750753 0.03281536418069302 -673.4948871824806 0.28941978494912984 12121.70421215115 -33.33083180916287 -0.06499691969860849 -0.03429995159315712 1.8127120266447228 3.7915644143676808 0.6351116743947087 -5.712709614214108 -11.16613561688452 651.3301909902023 28.254225468148334 -186599.47738857867 105673.36125789516 1.523292241695593 -2.3472339500531243 -3.3472339500531243 0.2904146124569452 0.2883455459073949
0.0145498658114 459.55099620015045 83983313.27523151 -1074672.7629325856 23382.638093530408 78576.27582302805 0.1744331865122021 -1.0257607194501657 -2.537887801018446 459.55099620015045 0.29072197752033685 29.42672884745101 -1.247165823498109 0.0 -285.91307318325926 -380.1269346459595 0.03355913945652923 -656.5292645048237 0.29072197752033685 12017.652327576607 -33.3377121052132 -0.06520314637689703 -0.03437808631385999 1.7686699020859864 3.709924375687556 0.6317730916387234 -5.699406430089732 -11.149453140581818 634.3410055401923 28.254306625475017 -178952.84036992447 100811.26615519488 1.4779479245656495 -2.2774411041440508 -3.2774411041440508 0.29180417890692034 0.2897360226545336
0.0149092474969 456.26945571884886 82773337.75804691 -1036755.1991814047 23214.260655064652 77643.34711189542 0.17523711148356252 -1.0014591440338947 -2.48507530005097 456.26945571884886 0.29206185247260424 29.432644158153824 -1.1930134475783658 0.0 -277.42366055066043 -371.30357100565834 0.034318189787801 -639.9733108366795 0.29206185247260424 11913.043468279273 -33.34475627468896 -0.06541527497051362 -0.03445842250509609 1.7257827518090332 3.6302589992522525 0.6285791776425727 -5.685807991638882 -11.132411139621034 617.7609657016116 28.254391135399835 -171541.89586951316 96104.69682951849 1.433720899336429 -2.2093573016925223 -3.2093573016925223 0.29323871921493505 0.29117154905536724
0.0152775059101 452.9314710375298 81551539.09346232 -999871.8872879419 23042.97860193627 76698.94987099245 0.1760643831570942 -0.977723836802582 -2.4335557605347664 452.9314710375298 0.293440638595157 29.438741640381746 -1.1401151219396093 0.0 -269.11804321295506 -363.9287222530594 0.035092754039916005 -623.8171818328588 0.293440638595157 11807.904498403015 -33.35208193034339 -0.06563348998602837 -0.034541024406153795 1.68402589879521 3.5525200946037634 0.6255287485772035 -5.671908594093933 -11.115002331383653 601.580102233899 28.254479105067958 -164361.36150675325 91550.22279552178 1.3905852602000528 -2.142941484638432 -3.142941484638432 0.2947200266407066 0.2926539242069248
0.0156548603061 449.53668764575235 80318250.8687187 -963999.8909576046 22868.773707030978 75743.23038594548 0.17691576746393636 -0.954540642819427 -2.3832988617675213 449.53668764575235 0.29485961243989395 29.44502776157132 -1.0884392493276274 0.0 -260.9823052881945 -356.40469930473955 0.03588307112257885 -608.0512716113855 0.29485961243989395 11702.260200499282 -33.35961200859424 -0.06585798265800627 -0.03462595837666728 1.6433748674656437 3.4766617551713166 0.6226202218889192 -5.657702465288146 -11.097219331737412 585.7888789345286 28.254570641623836 -157406.14058973346 87144.53330536664 1.3485152550257498 -2.078154572859899 -3.078154572859899 0.29624997914597384 0.29418503228477033
0.0160415353556 446.0847812509501 79073830.14963628 -929116.6875066416 22691.629523095773 74776.35068523811 0.17779206144430537 -0.9318955916466604 -2.33427473913229 446.0847812509501 0.29632010240717566 29.451509261095094 -1.0379546367251145 0.0 -253.02330912314838 -348.5285318093854 0.03668937976410103 -592.666207032002 0.29632010240717566 11596.13373525012 -33.36734597020995 -0.06608895132172381 -0.034713292978603975 1.603806071344323 3.402638741229376 0.6198523241928787 -5.643183767189457 -11.079054669452452 570.3779157312445 28.254665851835657 -150671.2116486743 82884.36523504613 1.3074859689371472 -2.0149580752196146 -3.0149580752196146 0.2978305473392916 0.29576685052661644
0.0164377612789 442.5754596163246 77818656.74158786 -895200.1870882945 22511.53116706544 73798.48899906702 0.17869409217207036 -0.9097749146662187 -2.2864540209946647 442.5754596163246 0.2978234869534506 29.458193160603646 -0.988630534041214 0.0 -245.2335162756479 -341.31914398374533 0.03751191827261735 -577.6528421118652 0.2978234869534506 11489.546338193057 -33.37534398676053 -0.06632660154130464 -0.03480309906204871 1.5652967617973885 3.330406535840847 0.6172240525926993 -5.628346597587435 -11.060500757031976 555.3379988821367 28.25476484144388 -144151.63185978692 78766.50544438075 1.267473274843938 -1.9533141371174865 -2.9533141371174865 0.2994637948838933 0.2974014496615136
0.0168437739825 439.0084644818631 76553133.72729649 -862228.944406046 22328.465467875943 72809.84021706597 0.17962271847702718 -0.8881652622456387 -2.2398083138451637 439.0084644818631 0.299371197461712 29.46508678340236 -0.9404371163834517 0.0 -237.6038663956926 -334.33190001656743 0.03835092428290517 -563.0022526031385 0.299371197461712 11382.516506957461 -33.38360034414268 -0.06657114644818529 -0.034895449853994516 1.5278246851281971 3.2599220716138406 0.6147343409024413 -5.613184992097026 -11.041549895480735 540.6602021544766 28.25486771456493 -137842.5822593145 74787.82012913768 1.2284534876664852 -1.8931861661606209 -2.893186166160621 0.3011518821788286 0.2990909975976128
0.0172598151999 435.3835734996191 75277688.43803854 -830182.0411697447 22142.42125162575 71810.61632385882 0.18057883395474145 -0.8670535956261383 -2.194309966509554 435.3835734996191 0.3009647232579024 29.47219776418165 -0.8933452432516513 0.0 -230.13125307792416 -327.33973653010077 0.03920663449005107 -548.7057306695093 0.3009647232579024 11275.059798786251 -33.39209947591826 -0.06682280718480446 -0.03499042105212345 1.4913682177925058 3.1911433753450305 0.612382208394324 -5.597692926203277 -11.022194293233973 526.335825486825 28.254974572970387 -131739.34237825774 70945.23810897584 1.1904034945346036 -1.8345385281770352 -2.834538528177035 0.30289707380931596 0.30083776689578956
0.0176861326353 431.70060223069476 73992772.42444587 -799039.0134577246 21953.38936432063 70801.046823956 0.18156336789719216 -0.8464271179257811 -2.1499319182012795 431.70060223069476 0.3026056131619869 29.47953406810791 -0.8473263050392925 0.0 -222.81312346651268 -320.465902541821 0.04007928436749113 -534.7547797125602 0.3026056131619869 11167.188604232568 -33.400849518859786 -0.06708181320895068 -0.03508809092251169 1.4559064444220846 3.124029339581257 0.6101668505096636 -5.58186431756127 -11.002426059207956 512.3563562529083 28.255085515301857 -125837.27422987614 67235.74037738776 1.1533008312600976 -1.7773363512938665 -2.7773363512938665 0.30470174256874105 0.3026441388150013
0.0181229801114 427.9594061768622 72698861.56007598 -768779.8429446036 21761.36274318419 69781.37914662676 0.18257728668062137 -0.8262732683986012 -2.1066476878200344 427.9594061768622 0.3042954778010356 29.487104004800642 -0.8023522100189988 0.0 -215.64493488766135 -313.7594107558655 0.04096910787077429 -521.1411093042441 0.3042954778010356 11058.911789083653 -33.40988030984613 -0.06734840264362917 -0.035188540402157076 1.4214191438192458 3.058539705796372 0.6080876362693888 -5.565693028453165 -10.982237200536717 498.7134661949347 28.255200636077166 -120131.82010320522 63656.35861232634 1.1171236660182102 -1.7215455121742518 -2.721545512174252 0.3065683739217896 0.30451260779509826
0.0185706177202 424.15988287553387 71396455.9683345 -739385.0087917516 21566.336452812597 68751.8790367223 0.18362159485575677 -0.8065797827832736 -2.0644315096750625 424.15988287553387 0.3060359914262613 29.494916249232112 -0.7583955182488011 0.0 -208.62092424082664 -307.4380532452717 0.04187633712466624 -507.8566302626959 0.3060359914262613 10950.23413076663 -33.419205854336724 -0.06762282261712325 -0.035291853205727246 1.3878866786375168 2.9946352673705063 0.6061440080575033 -5.549172868544033 -10.961619616215215 485.3990440245744 28.2553200247462 -114618.5133648945 60204.182184445955 1.0818506872112554 -1.667132811070859 -2.667132811070859 0.30849956927196354 0.30644578473637196
0.0190293119779 420.30197402287047 70086080.70729133 -710835.4854310877 21368.307958878922 67712.83091983355 0.18469733839213068 -0.7873346998362749 -2.0232583528096937 420.30197402287047 0.3078288973202178 29.502979857058932 -0.7154294554894758 0.0 -201.73351156540042 -301.1746959799284 0.042801202094429315 -494.8934498337592 0.3078288973202178 10841.155845383422 -33.428816529540654 -0.06790532977233592 -0.03539811593767422 1.3552899652266344 2.932277896774467 0.6043354619321747 -5.5322975978056705 -10.940565114979222 472.40519841919775 28.255443764431202 -109292.97793699928 56876.357636357934 1.0474610679064165 -1.6140659968329079 -2.614065996832908 0.31049805297426725 0.30844640402550294
0.0194993359837 416.38566762830806 68768285.77221723 -683112.704981002 21167.27722775018 66664.5382408354 0.18580560655841483 -0.7685263293729989 -1.9831038527672789 416.38566762830806 0.3096760109306914 29.51130428516046 -0.6734278418365873 0.0 -194.9848410193448 -294.70045302462773 0.04374393024015401 -482.24386698679706 0.3096760109306914 10731.672233988205 -33.43869259256928 -0.0681961906923384 -0.035507418209842004 1.3236105002357614 2.871430442174021 0.6026615849975022 -5.515060929642448 -10.91906541578591 459.7242398100137 28.255571930658565 -104150.91999547549 53670.083207026735 1.0139344893050701 -1.5623136789639949 -2.562313678963995 0.31256667734379795 0.3105173285597229
0.0199809695825 412.4110002085223 67443645.92624944 -656198.346558262 20963.246794865616 65607.3237760375 0.18694753359115443 -0.7501430200060218 -1.9439437979262033 412.4110002085223 0.31157922265192406 29.519899415347783 -0.6323645752742793 0.0 -188.36956133275848 -288.92136966551993 0.044704746153682716 -469.9003678248317 0.31157922265192406 10621.774107508852 -33.448923581298345 -0.0684956823254807 -0.03561985276454303 1.2928306815649493 2.81205595600533 0.6011223897875864 -5.497456534277159 -10.897112144861266 447.3485563883946 28.255704589819025 -99188.08245284969 50582.57913534568 0.9812514589130252 -1.5118446652609423 -2.5118446652609423 0.3147084301692026 0.3126615573050239
0.0204744995312 408.3780590273244 66112759.70616517 -630074.7331412644 20756.221595073785 64541.52991860382 0.1881242982406961 -0.7321736104674148 -1.905755131765657 408.3780590273244 0.31354049706782683 29.52877556908519 -0.5922146346978301 0.0 -181.87535000080658 -283.0515431325167 0.04568387117702172 -457.8556211153172 0.31354049706782683 10511.445834809187 -33.459463556191906 -0.06880409227277835 -0.03573551560310222 1.262933126782186 2.7541191986258764 0.5997176357804199 -5.479478042452312 -10.874696807758399 435.2708543668837 28.255841797582192 -94400.3297756603 47611.143010669046 0.9493926297143591 -1.462629254291194 -2.462629254291194 0.3169264297760612 0.31488222031118285
0.0209802196696 404.2869843600944 64776251.8155695 -604724.5274099517 20546.209855462675 63467.51892946585 0.18933713312313677 -0.7146070985719574 -1.8685152310830708 404.2869843600944 0.3155618885385613 29.537943544394196 -0.5529533425445095 0.0 -175.51040506113512 -277.0538423883198 0.04668152300317095 -446.10247391486905 0.3155618885385613 10400.666012851798 -33.47030283871561 -0.06912171979843292 -0.03585450612067687 1.2339011422322357 2.697585550445086 0.5984473124135132 -5.461119049381199 -10.851810872255903 423.48398194840934 28.255983596947768 -89783.58339175496 44753.107129537275 0.9183392536936742 -1.4146383048553588 -2.414638304855359 0.3192239456902902 0.3171825994223336
0.0214984310955 400.1379717278296 63434769.8492372 -580130.6000107179 20333.22227737771 62385.67313749498 0.19058731864837986 -0.697432484296681 -1.8322015482865206 400.1379717278296 0.3176455310806331 29.547414618712164 -0.5145560172058876 0.0 -169.26200352560608 -271.8053663364662 0.04769791525568879 -434.6339473001226 0.3176455310806331 10289.407902668081 -33.481546550615064 -0.06944887575057374 -0.03597692724926873 1.2057189334659657 2.642420478736236 0.5973118611810688 -5.442373118729083 -10.828445673112979 411.9808464226205 28.256130016143178 -85333.79223573339 42005.819822182486 0.8880734023853326 -1.3678427745367414 -2.3678427745367414 0.32160439309508426 0.3195661227751042
0.0220294423435 395.9312742773552 62088986.069824524 -556276.5596295504 20117.272795892797 61296.39513319377 0.19187619131222788 -0.6806394059807164 -1.7967930374567445 395.9312742773552 0.3197936521870465 29.557200604213342 -0.4769993852696981 0.0 -163.1252618358191 -266.12038854465806 0.048733257051659026 -423.4432322141789 0.3197936521870465 10177.636347708187 -33.49307688531468 -0.06978588352796161 -0.03610288560378626 1.178370656433188 2.5885916721227678 0.5963112259650256 -5.423233787450792 -10.804592480677407 400.75474780954164 28.25628106637546 -81047.04735121423 39366.719623298784 0.8585770042461416 -1.322215558926481 -2.322215558926481 0.3240713360560078 0.3220363679069538
0.0225735695694 391.66720499504527 60739597.14145492 -533146.0326515813 19898.378739248714 60200.107872245375 0.19320514715843298 -0.6642172890076116 -1.7622682676590378 391.66720499504527 0.3220085785973883 29.567313844268973 -0.4402596890616495 0.0 -157.10721582830374 -260.6522054922051 0.04978775254018981 -412.523685386406 0.3220085785973883 10065.311111254548 -33.50499302757544 -0.07013307972921988 -0.03623249164090235 1.1518416503527398 2.5360662086227603 0.5954461066767641 -5.403694570109836 -10.780242510321589 389.79893486915216 28.2564367390387 -76919.42716549082 36833.234375942724 0.8298330717553517 -1.2777290587041241 -2.277729058704124 0.32662850925890885 0.3245970836518174
0.0231311367378 387.34613910949446 59387321.22811959 -510723.10958881024 19676.560184673024 59097.254779731775 0.19457563692932703 -0.6481558807076389 -1.728606604430793 387.34613910949446 0.32429272821554506 29.57776727014669 -0.40431387621524806 0.0 -151.1911258139157 -255.74161077029208 0.050861600423620465 -401.86882537807526 0.32429272821554506 9952.384407483332 -33.517329373626296 -0.07049081421486222 -0.03636585982007068 1.1261176351412403 2.484812330574341 0.5947171573722183 -5.383748964321445 -10.755386840356836 379.10688284480574 28.25659700295065 -72947.09257312305 34402.843583267546 0.8018249069256953 -1.2343567031161196 -2.2343567031161196 0.3292798009437794 0.3272521729722272
0.0237024758152 382.968516385916 58032900.59125314 -488992.4002450836 19451.841073632888 57988.299775811625 0.19598917898856497 -0.6324453408733859 -1.695788430072065 382.968516385916 0.32664863164760827 29.588574413416836 -0.36913979842445666 0.0 -145.37755149794484 -250.46520117922935 0.05195499345488319 -391.47232870336364 0.32664863164760827 9838.79995164498 -33.53000587498747 -0.07085945147713842 -0.036503108776057384 1.1011845664465545 2.4347997678922275 0.5941248471503627 -5.36339045601389 -10.730016524800599 368.67233935317677 28.25676180097027 -69126.30007115849 32073.08624917033 0.7745359347989462 -1.192073234400861 -2.192073234400861 0.3320292702922405 0.33000571029445724
0.0242879269678 378.5348434337951 56677099.21996735 -467938.5970606096 19224.24879741839 56873.72725298417 0.19744735730436552 -0.6170756951348614 -1.663793925935789 378.5348434337951 0.32907892884060924 29.599749449092855 -0.3347149970951797 0.0 -139.6677878809995 -245.4282859269761 0.05306811791302615 -381.3280260444124 0.32907892884060924 9724.495657988287 -33.54310361713044 -0.07123937095783191 -0.03664436149956408 1.0770294216197063 2.3859979126234805 0.5936702619237733 -5.342612525095729 -10.704122538194571 358.4890449654765 28.25693104637349 -65453.30744561715 29841.499711424927 0.747950492779097 -1.1508531374156212 -2.1508531374156212 0.33488115728492784 0.3328619514921014
0.0248878387639 374.04569602799535 55320701.89457108 -447546.80958132545 18993.81424932212 55754.04200309958 0.19895182406288814 -0.6020372606659324 -1.6326040223137581 374.04569602799535 0.3315863734381469 29.61130722654567 -0.30101764887561133 0.0 -134.05145499784888 -240.72257280379424 0.05420115305629848 -371.4298985609811 0.3315863734381469 9609.401404323124 -33.55664354695608 -0.07163096772331078 -0.03678974552613467 1.053639561379416 2.3383772423245883 0.5933544669820344 -5.321408651578816 -10.67769577114176 348.5509507851668 28.25710461874904 -61924.44579328184 27705.66652245287 0.7220531879412693 -1.1106718646486513 -2.1106718646486513 0.3378398758705131 0.3358253269278386
0.0255025683814 369.5017214102806 53964514.056568116 -427802.5252923076 18760.57218064931 54629.7690840836 0.20050430570243719 -0.5873206117261642 -1.6022003308024941 369.5017214102806 0.3341738428373953 29.62326330971175 -0.26802648796509887 0.0 -128.52587965373638 -235.93586778834998 0.05535427055210979 -361.77207428485735 0.3341738428373953 9493.439029868672 -33.57060137924566 -0.07203465341248566 -0.036939393134645566 1.0310027679031921 2.291909215257942 0.5931785523311182 -5.29977232205331 -10.650727060732049 338.85219996634373 28.257282359541502 -58536.11164897206 25663.209097385843 0.6968289250657967 -1.071505749161707 -2.071505749161707 0.34091002196361453 0.3389004494175527
0.0261324818204 364.90364053210436 52609360.95220875 -408691.4606309525 18524.561359205654 53501.45361539873 0.2021066073206334 -0.5729163877988401 -1.572564724472435 364.90364053210436 0.336844345534389 29.635634014000825 -0.23572037893804598 0.0 -123.09064664352871 -231.2359142641882 0.05652763388150957 -352.34882459912393 0.336844345534389 9376.523511632677 -33.58499934692901 -0.07245085709838686 -0.03709344155701246 1.0091075140762442 2.24656563819719 0.5931439112344512 -5.277697036376797 -10.623207200228173 329.3870324524231 28.25746406684747 -55284.73535348488 23711.769011352655 0.6722631685418551 -1.033331463307623 -2.033331463307623 0.3440963846738885 0.34209212548574097
0.0267779541214 360.25225028581235 51256085.76498448 -390199.58543341875 18285.824415939478 52369.66051286439 0.20376061379463836 -0.5588153259140869 -1.5436794113566945 360.25225028581235 0.33960102299106393 29.648436450030506 -0.20407838836563053 0.0 -117.74018542125293 -226.7578589704515 0.05772139772092322 -343.1545607946995 0.33960102299106393 9258.563035149009 -33.59988558707113 -0.07288002594263686 -0.03725203319784544 0.9879429034948274 2.2023187760380205 0.593252186127529 -5.255176314851589 -10.595126912179078 320.1498021198074 28.25764948984219 -52166.786393512084 21849.01058023717 0.6483418805037634 -0.9961261135289874 -1.9961261135289874 0.3474039454227261 0.3454053544387665
0.0274393695882 355.54842570508424 49905548.867672384 -372313.2276217303 18044.408099103563 51234.97415681645 0.20546829554628887 -0.5450084152704652 -1.5155272865955358 355.54842570508424 0.3424471592438148 29.66168856931136 -0.17308012735172107 0.0 -112.46945363664932 -222.37229985771376 0.05893570729806288 -334.1838307172567 0.3424471592438148 9139.458171010252 -33.615254632621884 -0.07332262621524156 -0.03741531586495027 0.9674984329679391 2.1591418768120323 0.593505034680009 -5.232203705859568 -10.566476869089316 311.13505295372414 28.25783832252242 -49178.79652814591 20072.635768502612 0.6250512737241243 -0.9598676946263867 -1.9598676946263867 0.35083787749474604 0.3488453277966189
0.028117122017 350.7931220834409 48558626.84572051 -355018.95778865425 17800.363494983423 50097.99798034593 0.2072317144401727 -0.5314867441328683 -1.4880916009473708 350.7931220834409 0.34538619073362115 29.675409209747016 -0.14270541021374972 0.0 -107.2762140707014 -218.02753319993695 0.06017069772248777 -325.43131548182305 0.34538619073362115 9019.103189870213 -33.631118539603904 -0.07377914436009204 -0.03758344301278575 0.9477642070364598 2.1170086711765155 0.5939043521007655 -5.208772793765607 -10.537247711979623 302.33744465419875 28.258030196674948 -46317.33565160774 18380.36833210486 0.6023780163028387 -0.9245346624385791 -1.924534662438579 0.3544035572615455 0.35241744051368284
0.0288116149308 345.9873770355716 47216210.67503637 -338303.58792036056 17553.745990334097 48959.353983226625 0.2090530269994564 -0.5182415009544387 -1.4613559680460955 345.9873770355716 0.3484217116657607 29.68961814769074 -0.11293425638033483 0.0 -102.15762610862345 -213.78823673301264 0.06142649328966326 -316.89182626855245 0.3484217116657607 8897.386571731555 -33.647502217650185 -0.07425008790411937 -0.037756573998399434 0.9287309261734275 2.07589338151389 0.594452264672606 -5.184877207268024 -10.50743003845753 293.7517540893598 28.258224674056933 -43579.01195997619 16769.95395908704 0.5803092145076668 -0.8901059432872882 -1.8901059432872882 0.35810656497859095 0.3561272917100261
0.0295232618196 341.1323124966553 45879204.290973715 -322154.16413178656 17304.61540286731 47819.682169917505 0.21093448982947305 -0.505263966917028 -1.4353043558592817 341.1323124966553 0.35155748304912177 29.704336153903274 -0.08374687281016002 0.0 -97.10899905023521 -209.72006946433768 0.0627032067593147 -308.5603011918378 0.35155748304912177 8774.191676188972 -33.664442466853075 -0.07473598656316376 -0.0379348743503275 0.9103898887164869 2.0357707061058816 0.595151136761348 -5.160510628240198 -10.477014411347884 285.37287313633266 28.258421237804598 -40960.47110214545 15239.159642716342 0.558832405667365 -0.8565609231069491 -1.856560923106949 0.3619526888111376 0.35998068862590893
0.0302524863866 336.2291366267833 44548522.82599322 -306558.02509936946 17053.036025793208 46679.63990372763 0.21287846440034436 -0.49254561367378247 -1.409921310979286 336.2291366267833 0.3547974406672406 29.7195850443733 -0.055123870312045575 0.0 -92.12569925971552 -205.693933733534 0.0640009386067145 -300.4318022401563 0.3547974406672406 8649.396649817932 -33.68193847670403 -0.07523739334401863 -0.03811851605202445 0.8927328389718027 1.996616152913182 0.5960034221492492 -5.135666800969882 -10.445991357835021 277.19585512128725 28.258619282719202 -38458.40943832113 13785.782298181115 0.537935398304562 -0.8238797368111233 -1.8238797368111233 0.3659479198048352 0.3639836414382044
0.0309997228003 331.27914562349173 43225091.49594505 -291502.7088395928 16799.07695584588 45539.901178177075 0.21488742577877748 -0.48007796673582087 -1.385191667974087 331.27914562349173 0.3581457096312958 29.73538775385403 -0.02704595834279111 0.0 -87.20666280880747 -201.7378759974871 0.0653197762468463 -292.5015122874656 0.3581457096312958 8522.876303838188 -33.700011707406645 -0.07575488597343953 -0.0383076778401167 0.875752160715669 1.9584055987506985 0.5970118637366348 -5.110339541881864 -10.414351404954036 269.215851985013 28.258818104629842 -36069.55510862024 12407.636236150807 0.5176064510843731 -0.7920428937141597 -1.7920428937141597 0.3700984662280252 0.36814237757856083
0.0317654159535 326.28372539100064 41909842.808823794 -276975.9438638501 16542.811827617283 44401.155794350714 0.21696396440922203 -0.4678525911803357 -1.3611005202662603 326.28372539100064 0.36160660734870337 29.751768382085967 0.0005060870824431518 0.0 -82.34636810809685 -197.9402734489983 0.0666597932306521 -284.76473216512073 0.36160660734870337 8394.503327451506 -33.71870836438387 -0.07628906787842966 -0.03850254551991355 0.8594408901172368 1.921115244616489 0.598179510847449 -5.084522749555482 -10.382085041959304 261.4281088426962 28.259016888344647 -33790.66665273026 11102.552441716907 0.4978342827685335 -0.7610312400252774 -1.7610312400252774 0.3744107502367692 0.372463338310711
0.0325500217275 321.24435316143786 40603715.2937641 -262965.73985584255 16284.319154064726 43264.1084670922 0.2191107957992374 -0.4558612482258726 -1.3376335824267351 321.24435316143786 0.36518465966539565 29.768752287981922 0.02755107723866046 0.0 -77.54141706871178 -194.17715979366494 0.06802104841576612 -277.21687781216247 0.36518465966539565 8264.147948403599 -33.73802316665888 -0.07684056977779191 -0.038703312294857586 0.8437924805980557 1.8847221537516377 0.5995094853425694 -5.058210415604217 -10.349182758985807 253.82803740448944 28.259214694525134 -31618.55377848447 9868.391904915745 0.4786078209326601 -0.7308264263097981 -1.730826426309798 0.3788914017021783 0.3769531723063677
0.0333540072642 316.1625988755988 39307651.25916236 -249460.2432577291 16023.682330031575 42129.477817394385 0.22133076680047126 -0.4440956597046858 -1.3147766760851851 316.1625988755988 0.36888461133411876 29.786366135853584 0.05410793524893376 0.0 -72.78911640486803 -190.5216069846374 0.06940358510614025 -269.85347747526123 0.36888461133411876 8131.681302416247 -33.75800272620768 -0.07741005109112505 -0.03891017911802356 0.8288011428408386 1.8492034770164045 0.6010053283688057 -5.031396635507502 -10.315635046589938 246.41110979564354 28.259410444795943 -29550.047345138093 8703.026075999209 0.45991653150671985 -0.7014102447037094 -1.7014102447037094 0.38354727629194296 0.38161875377990917
0.0341778512436 311.04012651992906 38022594.32660871 -236447.83901223622 15760.989586077192 40997.99529767106 0.2236268612151037 -0.43254768427482343 -1.2925161298182797 311.04012651992906 0.37271143535850615 29.804638001856503 0.08019530554022647 0.0 -68.08454520959053 -186.95358605908092 0.07080743016798154 -262.6701689836316 0.37271143535850615 7996.975220512692 -33.77866166110658 -0.0779982013484258 -0.03912335505830749 0.8144615810120489 1.8145370496079174 0.6026707371150357 -5.004075620494862 -10.281432386618382 239.17293970914338 28.259602905459918 -27582.02224075428 7604.351819149779 0.44175014565354276 -0.6727651447465068 -1.6727651447465068 0.3883854384835713 0.3864671652088394
0.0350220441693 305.8786952069733 36749487.69475809 -223917.07973793164 15496.334248346746 39870.404004129916 0.2260022106720761 -0.42120920015270763 -1.270838534668352 305.8786952069733 0.37667035112012687 29.823597434054996 0.10583181645177486 0.0 -63.425156690653374 -183.45352963108056 0.07223259311465295 -255.66269707323292 0.37667035112012687 7859.904794596135 -33.80003042574759 -0.07860574204529022 -0.03934305769051431 0.8007691618349726 1.780701018295819 0.6045097380086376 -4.97624170945962 -10.246565288329707 232.10923193581505 28.259790669134176 -25711.383658203427 6570.282320835591 0.4240988107148457 -0.6448739183967174 -1.6448739183967174 0.39341317662024 0.39150571233377074
0.0358870886603 300.68016014250134 35489271.11805646 -211856.69653060284 15229.81452508844 38747.45741127152 0.22846009906606485 -0.4100721260531814 -1.2497307972530918 300.68016014250134 0.3807668317767748 29.843275558915426 0.13103603452368295 0.0 -58.80646181280866 -180.04657545783155 0.0736790651671106 -248.8269107763405 0.3807668317767748 7720.349877527039 -33.82214195388676 -0.07923342809706538 -0.03956951350405098 0.7877198796513672 1.747673918620713 0.6065266539581907 -4.947889381741076 -10.211024259645642 225.21579308209937 28.259972134547652 -23935.070427444465 5598.749419371146 0.4069530478745925 -0.6177197686391114 -1.6177197686391114 0.3986379951018637 0.3967419161706439
0.0367734997502 295.4464733628912 34242879.05943167 -200255.60349123247 14961.533782892446 37629.91800590626 0.2310039749761322 -0.39912843444104984 -1.2291801876114177 295.4464733628912 0.38500662496022037 29.863705169382488 0.15582643734880275 0.0 -54.22526893995237 -176.7070144791489 0.07514681828549077 -242.1587608657859 0.38500662496022037 7578.19663062098 -33.84502075309874 -0.07988204993634211 -0.039802958335744244 0.7753103357576967 1.7154347397637197 0.6087260851653632 -4.919013270250721 -10.17479984867613 218.4885399613633 28.26014548387988 -22250.05767820107 4687.705182888374 0.39030371079747633 -0.5912863715171737 -1.5912863715171737 0.40406761784619005 0.40218351627376014
0.0376818051941 290.17968426953115 33011237.610808052 -189102.8600614294 14691.600343787446 36518.55583069302 0.2336374575755842 -0.38837008151036895 -1.209174192357241 290.17968426953115 0.3893957626259737 29.884920826121128 0.18022157026873264 0.0 -49.677321766650245 -173.45968992159013 0.07663580417541185 -235.65429735187644 0.3893957626259737 7433.340159192454 -33.86870894062156 -0.08055243521859957 -0.04004363782641542 0.7635378387679095 1.68396270099387 0.6111130121955989 -4.889608175173344 -10.137882619643605 211.9234710308985 28.260308657690835 -20653.349965372727 3835.117582918374 0.37414207614193573 -0.5655576869229328 -1.5655576869229328 0.4097099911192563 0.40783847347255675
0.0386125457824 284.8819399559172 31795262.31049292 -178387.7113749038 14420.127672123817 35414.14694054368 0.23636434923120975 -0.377789090206796 -1.1897007178391168 284.8819399559172 0.39394058205201626 29.906958973707205 0.20423986421289952 0.0 -45.158883263475495 -170.26893317228485 0.07814595326869354 -229.30966703767564 0.39394058205201626 7285.685505430093 -33.89322561434636 -0.08124545108367777 -0.040291807902089444 0.7524002830160977 1.653237549408003 0.6136926741396973 -4.859669078319126 -10.10026318567164 205.5167046090009 28.260459327000955 -19141.991699769016 3038.9771948047237 0.3584597009640815 -0.5405182209218886 -1.5405182209218886 0.4155732761239569 0.4137149621533397
0.0395662756632 279.55548525317414 30595855.223139502 -168099.5213685942 14147.234263516712 34317.47176132409 0.23918864442148052 -0.3673774160966375 -1.17074780528361 279.55548525317414 0.39864774070246756 29.929858045470503 0.22789993541885756 0.0 -40.66649813306698 -167.15588393303588 0.07967717367789827 -223.12111111978385 0.39864774070246756 7135.151143700243 -33.918618672630345 -0.08196200624258762 -0.04054773528414356 0.7418963453268476 1.623239127691259 0.6164707681085102 -4.8291911578073705 -10.06193220175842 199.26442464891193 28.260594862093793 -17713.054287737123 2297.2889145157933 0.34324860462438 -0.5161526586495162 -1.5161526586495162 0.42166586524952665 0.41982138650377987
0.0405435626721 274.20266256928204 29413902.202275734 -158227.81850000483 13873.043619978143 33229.31337235865 0.24211454060163648 -0.35712704185370964 -1.15230385686252 274.20266256928204 0.4035242343360608 29.953658601093665 0.25122037747354087 0.0 -36.195627277749566 -164.11878463750944 0.0812293501302657 -217.08496284345074 0.4035242343360608 6981.669986601267 -33.94491997771675 -0.08270305328934921 -0.04081169802575081 0.7320253475859929 1.5939477071817596 0.6194533107536939 -4.798169803601294 -10.022880370697134 193.16292323643114 28.260712298040165 -16363.647641080459 1608.079500609274 0.3285011132499321 -0.4924461561306992 -1.4924461561306992 0.42799636822738063 0.4261663663325844
0.0415449886701 268.82591141165886 28250270.252834063 -148762.26034327914 13597.68426998975 32150.455696024037 0.24514645103154595 -0.3470299031290469 -1.1343574899631352 268.82591141165886 0.40857741838590994 29.97840344658314 0.27421992842277465 0.0 -31.742612158570033 -161.1414545103266 0.08280234287575768 -211.1976452063351 0.40857741838590994 6825.192266960661 -33.97217061671154 -0.08346959125383682 -0.04108398608087436 0.7227873681341799 1.5653437621493993 0.6226467505176756 -4.766600633368973 -9.98309845959334 187.2085730492169 28.26080829605239 -15090.914405613485 969.3938274530738 0.31420994974826993 -0.4693841526942879 -1.469384152694288 0.43457362589113313 0.4327587507411721
0.0425711498902 263.42776765397286 27105804.552829534 -139692.63833416562 13321.28963725157 31081.681614062316 0.24828901575440174 -0.3370778970441009 -1.1168975723267454 263.42776765397286 0.41381502625733624 30.004137786355653 0.296917453930591 0.0 -27.303265436567486 -158.2328691099322 0.08439598657818603 -205.4556687071955 0.41381502625733624 6665.687530075197 -34.00041196781402 -0.08426266812311753 -0.04136490190394756 0.7141832321302092 1.5374080164043393 0.6260579573963745 -4.734479509113494 -9.942577294406973 181.39783403378848 28.260879100697952 -13892.03270877762 379.2967892167071 0.30036820587287294 -0.44695241658007445 -1.4469524165800745 0.4414067083954649 0.4396076161341257
0.0436226572925 258.010862474716 25981325.791674852 -131008.86738728551 13043.99804025305 30023.77100346151 0.25154711610292635 -0.32726285625192086 -1.0999131858974929 258.010862474716 0.41924519350487727 30.030909366891912 0.31933200760738445 0.0 -22.873386590158564 -155.3951397064379 0.08601008918557101 -199.85562914092662 0.41924519350487727 6503.146941316924 -34.029690027057 -0.0850833837275379 -0.04165476108504887 0.7062145543258389 1.5101213810112801 0.6296942649683983 -4.701802554251221 -9.901307778135962 175.72724689200558 28.26092049208065 -12764.215894284898 -164.12684408523273 0.2869693608209616 -0.42513699870723376 -1.4251369987072338 0.44850492490919314 0.4467222757649283
0.0447001369276 252.57792099544645 24877627.179142907 -122700.98915727666 12765.952524128266 28977.498705868533 0.2549258870758797 -0.3175765541465469 -1.0833936567343705 252.57792099544645 0.42487647845979953 30.0587686429857 0.3414828217254291 0.0 -18.448414511828116 -152.61389270195963 0.08764443078514922 -194.39420544049025 0.42487647845979953 6337.585202261287 -34.06004770344987 -0.08593289259170978 -0.04195389302044992 0.6988837363858098 1.4834649922816223 0.6335634662119523 -4.668566171396497 -9.859280884290937 170.19343862133132 28.260927732680507 -11704.71505694133 -662.7706366132552 0.2740072579260103 -0.4039242715787228 -1.4039242715787228 0.4558778238770227 0.45411227979837787
0.0458042303097 247.13176057203253 23795471.85620911 -114759.15902336799 12487.300859777337 27943.632430216974 0.2584307342224327 -0.3080106692730988 -1.0673285009364162 247.13176057203253 0.43071789037072117 30.08776895039757 0.363389389434305 0.0 -14.024563383975716 -149.88814485268998 0.0892987624452152 -189.06815755798266 0.43071789037072117 6169.042790308522 -34.09153215920455 -0.08681240723467074 -0.0422626416224033 0.6921940261939945 1.4574201212810507 0.6376738712227381 -4.634767060670753 -9.816487680709942 164.79311307948805 28.2608955080914 -10710.818342012786 -1118.5069106792707 0.26147613582327334 -0.3833008599995251 -1.3833008599995251 0.46353520934000836 0.4617874315228985
0.0469355947984 241.67528873534891 22735589.83650103 -107173.63294975333 12208.195279734437 26922.9305976502 0.2620673464647792 -0.2985567429993319 -1.051707349575966 241.67528873534891 0.436778910774632 30.117966685604564 0.38507156119866615 0.0 -9.596846279582405 -147.23652349643513 0.09097280504525448 -183.87432439035575 0.436778910774632 5997.588222758602 -34.124204585025836 -0.0877232013173579 -0.04258136607000872 0.6861495869084006 1.4319680541057382 0.6420343745016999 -4.6004022386015215 -9.772919312496265 159.52303911782616 28.260817860913317 -9779.84997104118 -1533.1871810844113 0.24937067613376862 -0.36325354461578385 -1.3632535446157839 0.4714871558992457 0.46975780226533126
0.0480949039899 236.21150079609723 21698675.464923818 -99934.79501577791 11928.792427415921 25916.140141604574 0.2658417144253074 -0.28920624696542063 -1.0365201257384271 236.21150079609723 0.44306952404217903 30.149421512404786 0.4065493983037518 0.0 -5.160558867238408 -144.62945538174424 0.0926662481022198 -178.80962174570084 0.44306952404217903 5823.318740120897 -34.158107745408586 -0.0886666133240102 -0.04291044160189358 0.6807554073444638 1.4070903472602476 0.6466543612454436 -4.5654690577966575 -9.7285670228335 154.38008102312577 28.260688117285763 -8909.178297635483 -1908.6368405931753 0.23768588330228485 -0.3437694907095019 -1.343769490709502 0.47974400341808576 0.47803372576520975
0.0492828481185 230.74347702922634 20685384.71650675 -93033.1138251071 11649.25317591272 24923.994258081562 0.2697601477031916 -0.2799504551571061 -1.0217567858353345 230.74347702922634 0.4496002461719861 30.182196560069706 0.42784346033665166 0.0 -0.711456338047054 -142.08093002250024 0.0943787485903973 -173.8710403461982 0.4496002461719861 5646.363155640058 -34.193306754771726 -0.08964405032998465 -0.04325026035757244 0.6760174998124809 1.3827684300290062 0.6515439034448998 -4.529965226946763 -9.683422156149081 149.3611557475756 28.26049880462712 -8096.208481925482 -2246.6597841388884 0.22641725364049492 -0.32483591506607334 -1.3248359150660733 0.4883164041065131 0.4866258454670602
0.050500134467 225.27437951867537 19696332.47277023 -86459.16605705782 11369.742371099035 23947.210132669366 0.27382929145163154 -0.2707804966989917 -1.007407461481658 225.27437951867537 0.4563821524193859 30.216358661730855 0.4489746909377279 0.0 3.7560237799326055 -139.5933029868047 0.09610992976655967 -169.05564387399198 0.4563821524193859 5466.882292682216 -34.22986197912056 -0.09065699188143791 -0.04360123226470425 0.6719428335679457 1.3589838080826913 0.6567136885254219 -4.493888831743414 -9.637476148875729 144.46325804374715 28.260241560205202 -7338.389523902586 -2549.033627443392 0.21556068114855978 -0.3064402693778252 -1.3064402693778252 0.49721532218143294 0.495545113945837
0.0517474877883 219.8074485694726 18732090.206639763 -80203.62880901337 11090.428715157435 22986.48663909486 0.27805614794007183 -0.2616873233008726 -0.9934624190983419 219.8074485694726 0.4634269132334531 30.251978584166853 0.4699644941351111 0.0 8.246577652721513 -137.146896374034 0.09785938000047217 -164.3605670498998 0.4634269132334531 5285.070089079152 -34.267833052207976 -0.09170699441183984 -0.04396378598009083 0.6685393959866371 1.3357179909030281 0.6621750761260794 -4.457238356194927 -9.590720549968403 139.6834545476602 28.25990702895157 -6633.214787572298 -2817.5092583531186 0.20511248275318406 -0.28857018872517415 -1.2885701887251741 0.506452065180457 0.5048028242223187
0.0530256507367 214.34599872799583 17793183.45681151 -74257.26331722981 10811.484455216962 22042.5020294407 0.2824480948586498 -0.25266164164819854 -0.9799119367865889 214.34599872799583 0.47074682476441637 30.28913129090933 0.4908348879778275 0.0 12.765452216076023 -134.758917331333 0.09962665161887643 -159.78301375165904 0.47074682476441637 5101.154833360667 -34.30729480802566 -0.09279569561727034 -0.04433836988439438 0.6658163053441373 1.3129522969250782 0.6679402066306348 -4.42001270466252 -9.543147008026212 135.0188659516596 28.259484749447086 -5978.220449390303 -3053.8116134953434 0.19506948057972093 -0.27121333328701036 -1.2712133332870104 0.5160383281160281 0.5144106541002768
0.0543353843099 208.89341438696314 16880089.637922753 -68610.9318190255 10533.0851548567 21115.911624679622 0.2870129071457514 -0.24369394880458956 -0.966746415337238 208.89341438696314 0.478354845242919 30.327896213153814 0.5116084299056809 0.0 17.318447893706843 -132.42094467843347 0.10141125976945166 -155.32025516739878 0.47835484524294086 4915.398769088262 -34.34831601412395 -0.0939248192868384 -0.04472545313462612 0.6637837746173602 1.290668007924884 0.6740219584413663 -4.382211224523871 -9.494747276855291 130.4666864301301 28.258963026637343 -5370.991168437187 -3259.6358051265506 0.18542892937444116 -0.25435753207830913 -1.2543575320783091 0.5259862100828671 0.5243806826442251
0.0556774683024 203.45314496113718 15993235.978126362 -63255.58548329811 10255.409432582983 20207.345516515576 0.29175877965436614 -0.23477447383526562 -0.9539562820848364 203.45314496113718 0.48626463275727694 30.368357543902427 0.5323083506724406 0.0 21.910955277550364 -130.12399903485735 0.10321268131193385 -150.96962798221819 0.48626463277628956 4728.098394760393 -34.39097075895418 -0.09509618041343153 -0.04512552677826588 0.6624532142729 1.2688462122081625 0.6804340449784012 -4.343833729413461 -9.44551321809258 126.02417044135659 28.258328789728434 -4809.159487621992 -3436.647310024642 0.17618858151562303 -0.2379906595693848 -1.2379906595693848 0.5363082679980071 0.5347254441382784
0.0570527017694 198.02869963665816 15132997.571808973 -58182.25977888552 9978.638643415554 19317.40629480449 0.2966943498766001 -0.22589313579794842 -0.9415319312200336 198.02869963665816 0.49449058312766686 30.410604548426516 0.5529586519076333 0.0 26.548778384254792 -127.87470284157634 0.1050303537432549 -146.72853260128636 0.49449058478643165 4539.584114446767 -34.435342989940494 -0.09631169054449357 -0.04553910493197673 0.6618373123279785 1.2474677024541618 0.6871910880750124 -4.3048805230913105 -9.395436795674343 121.68862640702022 28.25756743327145 -4290.406742729687 -3586.4811408650357 0.16734672920031154 -0.2221005593221701 -1.22210055932217 0.5470175716905591 0.5454579834085107
0.0584619035031 192.62364169354095 14299695.624482555 -53382.07913650689 9702.956535929407 18446.666814375894 0.3018287213993823 -0.21703953215644783 -0.9294637327911912 192.62364169354095 0.5030478689989706 30.45473189593322 0.5735841362077794 0.0 31.238206926542 -125.6730402952947 0.10686367416954551 -142.5944314033133 0.5030479088839472 4350.219068437511 -34.481520272165795 -0.0975733634370206 -0.04596672602826847 0.6619500712257131 1.22651297618713 0.6943086470816839 -4.2653524239598966 -9.344510067587972 117.45742119873549 28.25666263973464 -3812.4659010329574 -3710.7397457036386 0.15890220222674262 -0.20667505622543247 -1.2066750562254325 0.5581277521937924 0.5565919042744081
0.0599059125197 187.24158239978655 13493595.981424028 -48846.25856109893 9428.548934622917 17595.668015021336 0.3071714896532339 -0.20820291613566103 -0.9177420205284821 187.24158239978655 0.5119524827553898 30.500840016334152 0.5942104622269078 0.0 35.985704535116774 -123.5120037323498 0.10871199833130644 -138.56484703032595 0.5119529143695547 4160.397579281252 -34.5295908223315 -0.09888332114474524 -0.04640895413379821 0.6628068628934062 1.2059622032075934 0.7018032655304843 -4.225250790228058 -9.292725185569667 113.3279813935641 28.25559618104375 -3373.1237201428494 -3810.9913668703684 0.1508543801380163 -0.1917019414814618 -1.1917019414814618 0.5696530611885754 0.5681414292225309
0.0613855885589 181.88617446680536 12714907.838966759 -44566.098803086876 9155.603375202125 16764.916807154557 0.3127327678832857 -0.19937214414360208 -0.9063570134795389 181.88617446680536 0.5212212798054762 30.549035472465008 0.6148642663259374 0.0 40.797717961463256 -121.38870030330663 0.1105746396940855 -134.6373607082095 0.5212240258280553 3970.54339144432 -34.57964952737498 -0.10024380041240959 -0.046866380344047505 0.6644245291566393 1.185795093617483 0.7096925628905715 -4.184577545636151 -9.240074388113472 109.29778556894799 28.254347696617256 -2970.2214039915557 -3888.7693508474094 0.1432032493511632 -0.17716887224420885 -1.1771688722442089 0.5816084509522234 0.5801214797700588
0.0629018125963 176.56110508060027 11963782.673279673 -40532.98436051834 8884.30870379571 15954.884039611408 0.3185232132642121 -0.1905356265511859 -0.8952987453199865 176.56110508060027 0.5308720221070202 30.59943136214034 0.6355732767870337 0.0 45.681208169200765 -119.30738596194995 0.11245086861883252 -130.80961059784136 0.530884059127439 3781.1073027579337 -34.63180168966102 -0.10165715939075044 -0.04733962425745223 0.6668214786443546 1.16599077727764 0.7179953220693528 -4.143335205817862 -9.186549987448013 105.36435889562836 28.252894444991757 -2601.655742003291 -3945.57112103652 0.13594945653733437 -0.16306328115855462 -1.1630632811585546 0.5940096617440943 0.5925477643223341
0.0644554873674 171.27008851871128 11240313.428727942 -36738.39080262791 8614.854655349414 15166.002564976294 0.3245540534428912 -0.181681316378005 -0.8845570785331832 171.27008851871128 0.5409234224048186 30.652147740889582 0.6563663438716353 0.0 50.643557885390074 -117.26253544954237 0.11433991162334597 -127.07929018085395 0.5409636204383351 3592.5638689049492 -34.6861544186404 -0.10312588471336874 -0.047829335532510585 0.6700177296476714 1.146527810331502 0.7267315215676489 -4.101526905330427 -9.132144353494137 101.52528011570767 28.251211025911147 -2265.3821310997446 -3982.8559129260775 0.1290943072428528 -0.1493723953556041 -1.149372395355604 0.6068732958251656 0.6054368525249415
0.0660475379054 166.0168583548124 10544534.036966853 -33173.881682007646 8347.43145773043 14398.665416258082 0.33083711514734243 -0.17279664845474021 -0.8741216115991892 166.0168583548124 0.5513951919122374 30.707312073271552 0.6772735803130483 0.0 55.69218955192994 -115.25186078442022 0.11624095075246002 -123.44414667458585 0.5515045672883645 3405.408002128242 -34.74282235239221 -0.10465259907464036 -0.048336195532331296 0.6740350276127479 1.127384020094705 0.7359224421787125 -4.059156425302435 -9.076849905671367 97.77817422786501 28.24926906910528 -1959.4152781355551 -4002.04403804277 0.12263983570051053 -0.13608311753137237 -1.1360831175313724 0.6202169276247332 0.6188062860470736
0.0676789120917 160.80515925819697 9876419.120233351 -29831.109350635204 8082.229348280971 13653.22410922496 0.3373848503577741 -0.1638684887466221 -0.8639816051521589 160.80515925819697 0.5623080839296235 30.765059701789767 0.6983264787774646 0.0 60.83514207417303 -113.27721471949167 0.11815312306974318 -119.90197947990882 0.5625621594881307 3220.150907319412 -34.80192940513726 -0.10624006901815215 -0.04886091906100063 0.6788969486028004 1.1085363797516974 0.7455907588621822 -4.01622822166063 -9.02065908529432 94.12070916006587 28.24703688567603 -1681.8305159030963 -4004.515695441405 0.11658886467317689 -0.12318193142136646 -1.1231819314213665 0.6340592150570927 0.6326746905377328
0.0693505812203 155.6387384251008 9235884.071722846 -26701.821188258837 7819.438138155708 12929.98708834679 0.3442103646406617 -0.1548831081915231 -0.8541259658191798 155.6387384251008 0.5736839410677695 30.825534356167203 0.7195579752485897 0.0 66.08073669190257 -111.33274356035446 0.1200755202951807 -116.45063865963485 0.5742050746678153 3037.3152251123665 -34.86360235527482 -0.1078912132797725 -0.049404256193287775 0.6846289687734068 1.0899609683728466 0.7557605974683612 -3.9727474541181924 -8.963564339611661 90.55060064397168 28.24447907762634 -1430.7661918649087 -3991.6091157242454 0.11094502770563729 -0.11065488171712046 -1.1106548817171205 0.648420005764607 0.6470618824036959
0.0710635405765 150.52133662141532 8622785.379598076 -23777.856280738662 7559.24672013746 12229.218325241049 0.35132744349594947 -0.14582610054271383 -0.8445431026815113 150.52133662141532 0.5855457391599158 30.88888866743362 0.7410026364784044 0.0 71.43756924154403 -109.41782195196164 0.12200718860093429 -113.08802344767413 0.5865133335524819 2857.430097109799 -34.9279797598992 -0.10960911142972493 -0.04996699420509714 0.6912586170456317 1.0716327409689619 0.7664576747849592 -3.9287200156136497 -8.905558092972111 87.06560178074704 28.241556099968836 -1204.4237905279494 -3964.6201500624943 0.1057128778857159 -0.09848738966758197 -1.098487389667582 0.6633204863844241 0.661989018988879
0.0728188100287 145.4566789099285 8036921.260026415 -21051.151221769906 7301.842568754362 11551.13609094286 0.35875057745598193 -0.13668234268927834 -0.8352208762813325 145.4566789099285 0.5979176290933033 30.955284732053677 0.7626967528119708 0.0 76.91483268893559 -107.53218760815948 0.12394712859535377 -109.81208079224969 0.599574853262534 2681.025347723757 -34.99520763296533 -0.11139701288276622 -0.05054995960248416 0.6988155664515101 1.0535254380575643 0.7777093760341012 -3.8841525626371856 -8.84663271388917 83.66350587317352 28.23822377008541 -1001.0698296930291 -3924.8006991867665 0.1008979373582068 -0.08666418799082098 -1.086664187990821 0.6787833134080525 0.6774787301549274
0.0746174346364 140.4484650330516 7478032.609540259 -18513.742679120696 7047.411236621564 10895.911907779677 0.36649498607433717 -0.12743593309915086 -0.8261464973675015 140.4484650330516 0.610824976790562 31.024894673032055 0.7846784794230606 0.0 82.52208969659922 -105.67158004966004 0.12589429551268222 -106.62080392770318 0.6134815775714485 2508.625348021018 -35.06544036800713 -0.1132583463277187 -0.0511540202576678 0.7073317587928447 1.0356114204543982 0.7895448652989456 -3.8390525460027884 -8.786780480869055 80.3421440405651 28.234432717126694 -819.0368826735506 -3873.3577149818007 0.09650678200228269 -0.0751691909411234 -1.0751691909411234 0.6948327676150178 0.6935552736073245
0.0764604852719 135.50035952942687 6945804.2515932685 -16157.770287585394 6796.135834699878 10263.669700280974 0.37457663876910624 -0.1180701256915672 -0.8173064108243808 135.50035952942687 0.6242943979485104 31.09790125078143 0.8069879871241297 0.0 88.26931246279385 -103.83508255520381 0.1278475996410477 -103.51223098114032 0.6283259952075793 2340.742472999558 -35.13884187436757 -0.11519672945257184 -0.05178008764856691 0.7168415363623631 1.0178614835870679 0.8019952026330072 -3.7934282425106547 -8.725993540303072 77.09938264707581 28.230127764643857 -656.724448632717 -3811.4522914124454 0.09254713841385283 -0.06398534518455312 -1.0639853451845531 0.7114949206779974 0.7102447024787103
0.0783490592582 130.6159815701967 6439866.488457252 -13975.4797987876 6548.196502705784 9654.48515052755 0.38301227231989393 -0.10856725848833022 -0.8086861630405766 130.6159815701967 0.6383537871998233 31.174498460670897 0.8296676241592467 0.0 94.16707945913755 -102.02135544640677 0.12980590701054426 -100.48444361007134 0.6441985603505407 2177.8702123853964 -35.2155869363079 -0.11721597899375276 -0.05242911920847132 0.7273817817657646 1.0002446488275907 0.8150934688410858 -3.7472887871141154 -8.664263859505715 73.93312053326916 28.225247237572752 -512.5996682084871 -3740.1988563492027 0.08902799456594138 -0.053094459229706015 -1.053094459229706 0.7287978160314784 0.7275750472673196
0.0802842810218 125.7988945952213 5959796.947013353 -11959.228966190814 6303.769874354757 9068.385274271142 0.3918194032020486 -0.09890869712043653 -0.800270294641042 125.7988945952213 0.653032338670081 31.254892183218132 0.8527620440290389 0.0 100.22637250305574 -100.22524088995878 0.13176804038148698 -97.53556567467008 0.661186209510123 2020.4759401089295 -35.295857960534605 -0.11932012100215479 -0.053102120780508966 0.7389920354961916 0.9827279957382027 0.8288748675826106 -3.700644206019705 -8.60158317193596 70.84129088607143 28.219722184588804 -385.198394623593 -3660.664128844282 0.08595969682611061 -0.04247706542822782 -1.0424770654282278 0.7467716459916764 0.745576493976017
0.0822673027631 121.05259574116506 5505122.726445513 -10101.488111235318 6063.028546838366 8505.348221003473 0.40101633465400205 -0.08907473141096918 -0.792042121141416 121.05259574116506 0.6683605577566701 31.339300801126384 0.876318436615254 0.0 106.45862462349957 -98.44740130145146 0.13373278055911275 -94.66376194138027 0.679371991117472 1868.993758666312 -35.37985223234955 -0.12151340136230979 -0.05380014918179042 0.7517146819135019 0.9652763291265674 0.8433768963346263 -3.653505450314207 -8.537942919954427 67.82185262898516 28.21347550496457 -273.1249098798896 -3573.8669690891793 0.08335412415683177 -0.03211213730267071 -1.0321121373026707 0.765448980905327 0.7642816146811819
0.0842993051413 116.38050515290725 5075322.785921115 -8394.847639810374 5826.140514168423 7965.303311796496 0.4106221528763217 -0.07904451950415117 -0.783983603159331 116.38050515290725 0.6843702547938695 31.427955852433005 0.9003866516345385 0.0 112.87609128446051 -96.68507856089806 0.13569886808018103 -91.86723682423928 0.6988356118838375 1723.8171188033343 -35.46777673817493 -0.1238002961911238 -0.05452431486767096 0.7655950630231857 0.9478519864743735 0.8586394447572111 -3.6058844306175657 -8.473334176494433 64.87279426255878 28.206420968465913 -175.0528501757992 -3480.777418673947 0.08122480822931619 -0.021976922073582372 -1.0219769220735824 0.7848649657481689 0.7837255652919275
0.0863814979783 111.78595518205783 4669830.659864696 -6832.022688977166 5593.26866386232 7448.131315815279 0.4206567174545684 -0.06879600801146718 -0.7760751547729914 111.78595518205783 0.7010945290909474 31.521102653820343 0.925019374317956 0.0 119.4912298987838 -94.93228754351722 0.13766500530854855 -89.14423315817476 0.7196547463035134 1585.291726301626 -35.55984784066463 -0.1261855225082791 -0.055275784696758236 0.7806816262036881 0.930414555795838 0.8747049274838394 -3.5577940524024942 -8.407747579929357 61.99213289743948 28.198462114690397 -89.72535338814052 -3382.3162937225006 0.0795870971127406 -0.012046693268903397 -1.0120466932689034 0.8050575529948383 0.8039463198043739
0.0885151209784 107.27217954429189 4288037.355119761 -5405.853978252009 5364.570210494519 6953.6649726465785 0.43114063419372506 -0.05830580707637829 -0.7682953256419148 107.27217954429189 0.7185677236562085 31.619000901245016 0.9502723980142936 0.0 126.31720916687482 -93.19112635594452 0.1396298589851753 -86.49303101071808 0.74190697318597 1453.7090077348819 -35.656300600780185 -0.12867404837700142 -0.05605578478577491 0.7970261331220047 0.9129204139108027 0.8916184797351776 -3.5092482522438964 -8.341173236593908 59.1779036465318 28.18949101718363 -15.954072186691175 -3279.3554807831665 0.07845840946579617 -0.0022943400709480866 -1.002294340070948 0.8260677920673688 0.8249849616320876
0.0907014444665 102.84230248818203 3929294.514773154 -4109.318325878601 5140.196175538411 6481.68976281437 0.442095214406262 -0.04754915550093749 -0.7606206631965454 102.84230248818203 0.73682535734377 31.721925239094812 0.9762046941472245 0.0 133.36791344694916 -91.45585889922947 0.14159206328756238 -83.91194652953594 0.765672037532497 1329.2998869841206 -35.757376871698185 -0.13127110281205384 -0.05686560344265478 0.8146837320965497 0.8953225423468949 0.9094280161229219 -3.460262035069945 -8.273600625627742 56.428170283465505 28.179386895954128 47.37993028827872 -3172.7170395580233 0.0778583747527797 0.007309811487754114 -0.9926901885122459 0.8479400492066572 0.8468859047288319
0.0929417701449 98.49932801432065 3592917.7902700375 -2935.529888625315 4920.290881023101 6031.944925112238 0.4535424151763328 -0.03649979308171518 -0.7530253404428231 98.49932801432065 0.755904025293888 31.830165754418534 1.002878684851065 0.0 140.6574025345913 -89.72207036092927 0.14355022344699386 -81.3993308274422 0.791034541317547 1212.2297773602295 -35.863333743162855 -0.13398218509152127 -0.057706594165371286 0.8337131600683367 0.8775700022329387 0.9281844220584248 -3.4108515123043515 -8.205018495340676 53.741015579620026 28.168014559566974 101.32750674383668 -3063.1737669635104 0.0778091347744486 0.016798480092546808 -0.9832015199074532 0.8707223430352813 0.8696972312840352
0.0952374318674 94.24612921969816 3278190.3672406264 -1877.7452104509357 4704.991422533067 5604.124720974448 0.4655047520857596 -0.02512986376922255 -0.7454808114660643 94.24612921969816 0.775841253476266 31.944028386223525 1.0303604420102017 0.0 148.20055220932426 -87.99028387851345 0.14550291998682005 -78.95356890794127 0.8180868747060178 1102.5946402131922 -35.97444460780342 -0.1368130728782746 -0.05858017868321439 0.8541768896188159 0.8596074660403411 0.9479416922782584 -3.361033941153909 -8.135414733514203 51.11453903365207 28.155222656679683 146.872204267012 -2951.4493950999145 0.07833563614254997 0.026207875730765995 -0.973792124269234 0.8944666779967636 0.8934710272322042
0.0975897964346 90.08543782028515 2984366.673007137 -929.3711353690669 4494.427188288142 5197.879941152911 0.47800518467837805 -0.013409858623479412 -0.737955514983107 90.08543782028515 0.7966753077972968 32.06383520607453 1.0587197928141898 0.0 156.0127182068311 -86.2540557778857 0.14744871365178697 -76.57307862817572 0.8469322852707006 1000.4184310732179 -36.090992111389355 -0.13976982915587402 -0.05948785001503257 0.8761412068735356 0.8413748365422282 0.9687570027169897 -3.3108277650498983 -8.064776235640375 48.54686275242675 28.140841714254332 184.93061459043142 -2838.2185440944413 0.07946589907623866 0.03557808504315185 -0.9644219149568481 0.9192293701974649 0.9182637099573511
0.100000264406 86.01983391275236 2710676.207926472 -83.96744725275494 4288.719395173834 4812.819648437334 0.4910669658163509 -0.001308496682605043 -0.7304143864300124 86.01983391275236 0.8184449430272516 32.18992452507892 1.0880305565972392 0.0 164.10950590082433 -84.50955040407464 0.1493861510921292 -74.2563097059577 0.8776882734986822 905.6524016600448 -36.21327418168769 -0.14285880733332057 -0.06043117551071785 0.8996763661395624 0.8228065986359351 0.9906908641212253 -3.2602526553165054 -7.993088758363018 46.03612428263303 28.124681937389372 216.35407251324605 -2724.1075683444155 0.08123142311231073 0.04495370454687486 -0.9550462954531251 0.945071492421225 0.9441364758961355
0.102470270937 82.05173603481218 2456327.459461419 664.7476289044462 4087.9806268998564 4448.513147616396 0.5047134449766509 0.011207356371318663 -0.7228183858069228 82.05173603481218 0.841189074961085 32.32265076743778 1.118370689154162 0.0 172.50705858384723 -82.7543817588804 0.15131377139323016 -72.00174276367662 0.9104901078344677 818.1762501440295 -36.3416030321672 -0.14608665377484867 -0.06141179983406863 0.9248566704221294 0.8038312203900227 1.013807206401692 -3.209329554102031 -7.9203367480182925 43.58047647952772 28.10653074339071 241.92996207006053 -2609.69515318745 0.08366759546104438 0.054384454769947466 -0.9456155452300525 0.9720593412205278 0.9711557700750936
0.105001286629 78.1833916112711 2220511.897763126 1322.89144393292 3892.3144198360364 4104.492173993751 0.5189678207202749 0.02417274880522651 -0.7151239963147187 78.1833916112711 0.8649463678671249 32.46238406948415 1.1498223715524063 0.0 181.22177861484977 -80.9829877358901 0.15323011352880167 -69.80788842287731 0.9454943889368356 737.801315343347 -36.47630157620817 -0.1494603073151631 -0.062431447827756385 0.9517604995921085 0.7843705385163698 1.0381734169635437 -3.1580807189538027 -7.846503160717816 41.178090007386956 28.08615000045999 262.38308294873264 -2495.512984170618 0.08681413172498366 0.0639258334103312 -0.9360741665896688 1.0002649649054103 0.9993938164582685
0.107594818409 74.41686781566389 2002407.9983798321 1896.4128636262358 3701.8148668591925 3780.253284096273 0.5338528291786679 0.03762471826169451 -0.7072825952387054 74.41686781566389 0.8897547152977799 32.609509460250734 1.1824721200590746 0.0 190.27014575894273 -79.1904792727 0.15513372484438592 -67.67328643438053 0.9828826073954489 664.2758896943874 -36.61770462792988 -0.15298699473191077 -0.06349192720192602 0.9804703325887939 0.7643389877587983 1.0638603817016996 -3.1065297686898163 -7.771569260902315 38.82715106735296 28.063272938274956 278.37760594132754 -2382.0468175072456 0.0907156172910139 0.07363993495157506 -0.9263600650484249 1.029766824988049 1.02892928191811
0.110252410424 70.75404295073615 1801185.266508625 2391.087510107114 3516.566256941163 3475.260436814523 0.5493903566445865 0.05160233787324775 -0.6992397775329108 70.75404295073615 0.9156505944076442 32.76442560005844 1.2164108168747334 0.0 199.66865629506083 -77.372459434239 0.15702317067072233 -65.59650486005282 1.0228642304514548 597.2924980841719 -36.766157282871355 -0.1566742211315855 -0.06459513095464545 1.0110726927203557 0.7436428014968185 1.0909424591498875 -3.0547017311469404 -7.695514400249469 36.525861977430935 28.03760069644922 290.5190297910462 -2269.7375757670957 0.09542209831271156 0.08359633330310645 -0.9164036666968935 1.0606505743344377 1.0598480564586343
0.112975644961 67.19659838601493 1616008.2279725196 2812.513036071461 3336.6427445322665 3188.9477451411094 0.5656009619017558 0.06614673383305177 -0.690934609114338 67.19659838601493 0.9426682698362597 32.92754285915648 1.2517336607219218 0.0 209.43360860613993 -75.52319929691713 0.15889704518811548 -63.57613929705039 1.0656786137558587 536.4969263077517 -36.92201197513356 -0.1605297539966552 -0.06574303942982637 1.0436580100197481 0.7221791570594204 1.1194973841136402 -3.002623092552278 -7.618315775021965 34.272443096938794 28.008798473865628 299.3562750352316 -2158.982557702755 0.10098974018348851 0.09387305749721064 -0.9061269425027894 1.0930099985540906 1.0922441958372884
0.115766143392 63.74601113305288 1446040.358299095 3166.1048217445605 3162.1080651210764 2920.7223806027137 0.5825032927704269 0.08130107236752873 -0.6822987914357537 63.74601113305288 0.9708388212840449 33.09928066828745 1.2885400298482912 0.0 219.58073444589095 -73.63623213929087 0.1607539836773903 -61.610812147243635 1.1115944430471718 481.4986319616709 -37.08562507431242 -0.16456159943539359 -0.0669377218850973 1.0783203891874806 0.6998352467256157 1.1496060921935949 -2.950321848815852 -7.539948164782235 32.06513523771345 27.97649124139756 305.3839695518372 -2050.1368036991516 0.10748156790343594 0.10455768462623238 -0.8954423153737676 1.1269481783485833 1.126221083610169
0.118625567134 60.403547121364994 1290447.9117706344 3457.0925753424126 2993.0152839963284 2669.967609117902 0.6001133762242539 0.09711052009216767 -0.6732556979051886 60.403547121364994 1.0001889603737566 33.28006387739528 1.3269332624685681 0.0 230.12493792076506 -71.7059363625478 0.16259267628323815 -59.699171940611876 1.1609044551742593 431.88204962410595 -37.257354980367865 -0.16877796870523204 -0.06818133741961323 1.1151572786270165 0.6764872267331976 1.181352464171937 -2.8978275588284257 -7.460383646130239 29.902200606374247 27.940258978967307 309.04501659713674 -1943.5146708789007 0.11496831825325995 0.11574860142188703 -0.884251398578113 1.1625789539756268 1.1618928926879315
0.121555618642 57.17025523119974 1148403.6221167792 3690.5160741831387 2829.4065874513726 2436.045935048316 0.6184437610453369 0.11362212082353267 -0.6637193774963526 57.17025523119974 1.0307396017422283 33.4703179261519 1.3670202242458755 0.0 241.0799291457018 -69.72529493421696 0.16441188347177724 -57.83989269937646 1.2139112544870343 387.21819763506386 -37.437554516710534 -0.17318723289112536 -0.06947613508284278 1.1542689452992254 0.6519991989971194 1.2148228982436735 -2.8451713997409653 -7.379591283076632 27.78192946574256 27.89963139963639 310.7330355472267 -1839.3913547837863 0.12352934355699699 0.1275563120861527 -0.8724436879138473 1.2000286884132318 1.1993863405236738
0.124558042422 54.04696214510576 1019090.2492042577 3871.2221607359643 2671.313127607496 2218.302329492363 0.6375024909578362 0.13088462208018292 -0.6535934190186099 54.04696214510576 1.0625041515963938 33.67046255632266 1.4089107325777839 0.0 252.45756285424466 -67.68634430707752 0.16621045333261683 -56.03167335437513 1.270897921915043 347.0759895540939 -37.626564913312436 -0.17779786332905356 -0.07082445294694126 1.1957577913619823 0.6262220779957841 1.250105751059611 -2.7923862242831863 -7.297536800458815 25.702645241521513 27.854082124395354 310.7950933528958 -1738.0046363791243 0.13325363976558863 0.14010493034284388 -0.8598950696571561 1.2394384634784976 1.2388428694818217
0.12763462607 51.03426807887647 901703.9357222894 4003.8621581157913 2518.7549035537554 2016.0675177660062 0.6572918776227541 0.14894821686896367 -0.6427697071397163 51.03426807887647 1.0954864627045902 33.88090370143213 1.4527167555648741 0.0 264.2673191476465 -65.58161341097917 0.16798734092512627 -54.27323720961522 1.3320733984674524 311.03264662542466 -37.82470848970706 -0.18261835450688949 -0.0722287158818306 1.2397274453897416 0.5989924064747113 1.2872905856313672 -2.7395066201692333 -7.214182229834997 23.662710949743154 27.803022277459362 309.53454018633573 -1639.556722577635 0.1442409826851514 0.15353381643156938 -0.8464661835684306 1.280966716832393 1.2804212551904441
0.130787201334 48.132543442107696 795457.3560127643 4092.8891760482493 2371.7406974234364 1828.661299620089 0.6778070478809561 0.16786415738518234 -0.6311271285973075 48.132543442107696 1.129678413134927 34.10202318193976 1.4985512845376194 0.0 276.51554305603344 -63.402530337929186 0.16974162986545546 -52.56333145749697 1.3974789620067622 278.6826895598487 -38.032276611685816 -0.18765712617039432 -0.07369143172579495 1.2862815478766279 0.5701312218509857 1.3264671513200506 -2.686568971468431 -7.129485540092029 21.66054038590318 27.745793478946023 307.2137896942163 -1544.2160865852425 0.15660313474170104 0.16799928437160072 -0.8320007156283993 1.3247922316561842 1.3243005467831215
0.134017645207 45.34192647302103 699582.6304394496 4142.556268918524 2230.268057280074 1655.39587512662 0.6990342329226732 0.18768424208204867 -0.6185301774808891 45.34192647302103 1.165057054871122 34.33416570538332 1.5465268773902328 0.0 289.20451153690163 -61.1400351050335 0.1714725563821194 -50.90072674003849 1.466842230624267 249.64512450277238 -38.24951661268278 -0.19292240046913073 -0.07521518548984342 1.3355222128060884 0.5394429145976265 1.3677240851356198 -2.6336115216900406 -7.043400251021859 19.694610378377565 27.681660224860163 304.05723153008205 -1452.1194254820557 0.17046515793496628 0.18367644628015334 -0.8163235537198467 1.3711172877805913 1.3706831369972523
0.137327881044 42.66232189475811 613333.9876725324 4156.914902761522 2094.3233345996505 1495.5791493980753 0.7209487696080934 0.20846012585331342 -0.6048275271527752 42.66232189475811 1.2015812826801557 34.57762265076019 1.5967537555273805 0.0 302.33134832674307 -58.7839770721537 0.1731795360656727 -49.28421676084204 1.5393783320795638 223.5685924259968 -38.476614489538576 -0.19842204958584986 -0.07680263116757287 1.3875480700315053 0.5067141965024445 1.411147246583736 -2.5806744383355107 -6.955875039249794 17.76347731055326 27.609801662265433 300.2541262479233 -1363.3736404528029 0.18596678735134942 0.2007611074069643 -0.7992388925930357 1.4201703272120656 1.419797299946168
0.140719879706 40.093400629277056 535990.1563201481 4139.814245927937 1963.8817707270541 1348.5179889667663 0.7435127823912655 0.23024243724215318 -0.5898505578193122 40.093400629277056 1.2391879706521092 34.83261196665076 1.649337412832797 0.0 315.8866883918583 -56.3240578762932 0.17486219356299668 -47.71261794554249 1.613588432168739 200.13443363769784 -38.71367545264317 -0.20416340848457867 -0.07845648065382772 1.442451840573859 0.47171317984493194 1.4568176473903152 -2.527799878415894 -6.866853340570151 15.86579583346947 27.529302793678177 295.96157179309876 -1278.05789421083 0.2032638699217497 0.2194717268991453 -0.7805282731008547 1.4722068594874171 1.4718979056925812
0.144195660734 37.63460059746429 466856.4733646942 4094.900758174208 1838.9076334955032 1213.5214029960898 0.7666725192921395 0.25307963757772733 -0.5734119450748866 37.63460059746429 1.2777875321535659 35.09925343570301 1.7043755870786792 0.0 329.8533176323725 -53.75007009837587 0.17652039547407242 -46.1847691487902 1.6872292745811266 179.05778582220566 -38.960698785396204 -0.21015304689316594 -0.0801794891990651 1.5003173240149363 0.434188740227808 1.5048088647275433 -2.4750320541820536 -6.77627296008092 14.000343323474919 27.43914517976418 291.3074015141011 -1196.2256541580664 0.2225297918613705 0.24005130918571838 -0.7599486908142816 1.527506058844415 1.527262754772209
0.147757293554 35.28512863035548 405266.7009718625 4025.61801794205 1719.3544086575387 1089.9036234306636 0.7903553239201032 0.2770165589461049 -0.5553044229643641 35.28512863035548 1.317258873200172 35.377538497739955 1.761954450235808 0.0 344.2043251608248 -51.04956102882985 0.1781542867129351 -44.69953140691605 1.7578292574650844 160.08697687481586 -39.21754498323781 -0.21639649415523746 -0.08197443674135863 1.561215679765034 0.3938703433798225 1.555183830094649 -2.4224172980931553 -6.684065708614171 12.16605213229241 27.338197257633492 286.392972459103 -1117.9066953386812 0.2439568065648621 0.2627690800381328 -0.7372309199618672 1.5863587795956215 1.5861802859045877
0.151406898705 33.04396350990634 350584.5454999746 3935.2078706774864 1605.1650455217734 976.9870592926986 0.8144662370905594 0.302092630085072 -0.535299691796965 33.04396350990634 1.3574437284842658 35.66729370270682 1.8221440366873007 0.0 358.9010130039879 -48.21076893269303 0.179764330579284 -43.25578773907222 1.824176056536869 143.0015714554077 -39.483901281320776 -0.2228979100841269 -0.08384410436954157 1.6252009903273972 0.3504682948673592 1.6079909941646897 -2.370004125726345 -6.590157086908013 10.362043544659457 27.225204454212644 281.2960542769066 -1043.109198502453 0.26775726184313137 0.2879219858659686 -0.7120780141340314 1.6490412088074982 1.6489230020585808
0.155146649103 30.90986014013804 302204.87340642826 3826.7116436484303 1496.2722429346823 874.1051012454682 0.8388842337327677 0.32833966174627705 -0.5131477646123733 30.90986014013804 1.3981403895546127 35.968136736021144 1.8849926249422393 0.0 373.8908623670862 -45.22201408902929 0.18135135279012402 -41.8524429891226 1.8881546403998497 127.60947584175133 -39.759237168969335 -0.229659694263284 -0.08579124509141996 1.6923048935057547 0.3036748504003561 1.663259665451402 -2.317843294666178 -6.494466031205688 8.587671851358955 27.098779355407487 276.07354153595116 -971.821753408495 0.2941645039511419 0.3158356370905374 -0.6841643629094626 1.7157688388061723 1.7157016242148917
0.158978771336 28.88135485574147 259554.6306415722 3702.9717268578224 1392.5987957940577 780.6047550588618 0.8634581433711924 0.35577912857242966 -0.4885769637222931 28.88135485574147 1.439096905618654 36.279424091143134 1.9505199418963608 0.0 389.10479674791907 -42.06980089338371 0.18291658968044158 -40.48842370951344 1.9534319640894762 113.7435055418987 -40.04274935971278 -0.23668202731024973 -0.08781854798845568 1.7625301754313327 0.25316647704388884 1.720994425749623 -2.2659878571863095 -6.396904773964836 6.842579123765496 26.957392295113312 270.76401690941583 -904.0152934612053 0.3234332698126786 0.3468644216611245 -0.6531355783388755 1.7866348833128591 1.7866046690320203
0.162905546988 26.956771850367222 222093.46627823325 3566.634457887818 1294.0579825276689 695.8490838197946 0.8880023251855311 0.384418964631217 -0.461294634427712 26.956771850367222 1.4800038753092186 36.600189278973325 2.018709240881507 0.0 404.4544591830345 -38.74214275727687 0.18446174071071034 -39.16267808589248 2.021334454641193 101.25777778862879 -40.333303366835956 -0.24396233716364144 -0.08992859478363015 1.8358433384249275 0.19860732653849547 1.7811686482301423 -2.2144932034936744 -6.297378846943195 5.126753565999714 26.79936285544871 265.3903693709805 -839.645081884424 0.35583946311570885 0.3813907002853929 -0.6186092997146071 1.8615628107178204 1.8615534958265747
0.166929313999 25.134230713608396 189314.0703464231 3420.1528039971045 1200.5539983881204 619.2194418227383 0.9122922293782777 0.41424968754972236 -0.4309891823017691 25.134230713608396 1.5204870489637963 36.92907075412956 2.089497866662027 0.0 419.8293653625913 -35.226654880915284 0.1859890253737905 -37.87417589731489 2.09185469368649 90.02422019183891 -40.62935894153874 -0.25149468531686553 -0.09212380779226073 1.9121658759478608 0.1396547571313883 1.8437168570877984 -2.1634170918758717 -6.195787284080975 3.44060423985713 26.622852927864255 259.96212895284333 -778.6525273746794 0.39167882698406453 0.4198222978716837 -0.5801777021283163 1.9403308198561344 1.940329296608104
0.171052468054 23.411655041334743 160742.2383149078 3265.7900936357273 1111.9824354397485 550.1174849088712 0.9360600485720124 0.4452399055508183 -0.3973336151789405 23.411655041334743 1.560100080953354 37.26422888327149 2.1627664657744137 0.0 435.0936806323207 -31.511288609950224 0.18750124443095362 -36.62190851227153 2.1648832902881736 79.9294035842362 -40.9288886788606 -0.25926907057917736 -0.09440638823769977 1.9913643587912941 0.0759670624506266 1.9085260387972087 -2.1128196607618537 -6.092023097448482 1.7850429308594187 26.425862170129605 254.47777579433517 -720.9669947781006 0.43126427783794014 0.46258805214397114 -0.5374119478560289 2.022688980077005 2.0226888995445855
0.175277464015 21.786782082745972 135936.67468342528 3105.6241412390127 1028.2307967721529 487.9669451907301 0.9589907359952871 0.4773311243487703 -0.3599911844031578 21.786782082745972 1.5983178933254785 37.60325176847506 2.2383267089223207 0.0 450.08339752438616 -27.586355580777173 0.18900184528372196 -35.40488891253669 2.240244495438189 70.87182245457272 -41.229285008627315 -0.2672706507734153 -0.09677824396629549 2.073239257588156 0.007214145496244222 1.97542582896572 -2.0627634167758653 -5.985974089875747 0.16157799378512294 26.20622691279063 248.92689264260954 -666.507513186366 0.4749213642626779 0.51013064531515 -0.48986935468485004 2.1084485422672175 2.10844854177884
0.179606817377 20.257173381283646 114488.55525948413 2941.551743368525 949.1790542654753 432.21516110902695 0.980718790196812 0.5104318418321021 -0.31862374436838325 20.257173381283646 1.6345313169946867 37.94305049910268 2.315907572626303 0.0 464.6035054765523 -23.441655815293927 0.19049499102954626 -34.22215174849847 2.3176828406500047 62.759671866970145 -41.52725506148869 -0.2754788895985785 -0.09924090573578068 2.1575125710995477 -0.06690815577898693 2.044177634529816 -2.013313191713586 -5.877524114984153 -1.4275791980060646 25.961623812143706 243.2921463621063 -615.1843722758357 0.5229812541048612 0.5628959098469373 -0.43710409015306273 2.197427226841773 2.1974272268417425
0.184043105766 18.820226343906008 96020.86568218669 2775.293997300964 874.7002345978178 382.3343562894462 1.0008263085694529 0.5444110537636189 -0.27290330062818446 18.820226343906008 1.6680438476157549 38.27974527709096 2.3951405469875704 0.0 478.4256625072141 -19.07197448991536 0.19198563248609357 -33.07275341589492 2.396848629382353 55.50911123597104 -41.81871074867361 -0.28386664248736804 -0.10179543153444985 2.243814567892959 -0.14665966492964094 2.1144629800848076 -1.9645360595628145 -5.766554877151125 -2.9794024556275644 25.689579806854653 237.55121315194938 -566.9006681956139 0.5757707202772041 0.6213179884156455 -0.37868201158435455 2.2893618360314 2.2893618360314
0.188588970478 17.473186676557404 80187.53845509405 2608.401854595695 804.6610366210655 337.8226642926918 1.018842952896613 0.5790912208459226 -0.2225275875966355 17.473186676557404 1.6980715881610218 38.60854556804351 2.475544000564386 0.0 491.2873245207913 -14.473490717343148 0.19347958210030347 -31.955772151109493 2.4772824401687488 49.04296535466624 -42.09865114996455 -0.2923992064448066 -0.10444229879415913 2.3316698987408135 -0.2322324813253865 2.1858712994722533 -1.9165012035387905 -5.65294839667701 -4.489930602178049 25.387490197604276 231.67852856642517 -521.5537158808445 0.6335983105797917 0.6857992463338616 -0.3142007536661384 2.3838708344948834 2.3838708344948834
0.193247118049 16.21316161071828 66672.41134954701 2442.2619137945026 738.9224754378185 298.2048992884924 1.0342485958654453 0.6142408926601298 -0.1672403805559266 16.21316161071828 1.7237476597757422 38.923629227986616 2.556507279219815 0.0 502.89101227653225 -9.644693872521628 0.19498358818925426 -30.870308144015162 2.558399115048844 43.289790821105164 -42.36104131894204 -0.30103337218379306 -0.10718128498146645 2.4204836119628466 -0.32372198242469036 2.2578876505082808 -1.869279721472808 -5.536590270275403 -5.954142904651473 25.05264690169279 225.64687812865887 -479.03632992807064 0.6967359521871044 0.756684007093932 -0.24331599290606798 2.480431666869674 2.480431666869674
0.198020321865 15.037133834816204 55188.03090996812 2278.1036477148623 677.3405480599945 263.03307569375255 1.046479521065218 0.6495676375603162 -0.10685639218480514 15.037133834816204 1.7441325351086967 39.21802808861321 2.6372761429238913 0.0 512.9072611980737 -4.5991244901349395 0.19650540743819092 -29.815483661103773 2.639472706819396 38.18322856706259 -42.59871380575839 -0.30971653334790517 -0.1100113379117312 2.509528335984965 -0.42109292342569027 2.3298815449246453 -1.8229443563514653 -5.4173738572628025 -7.365856287391814 24.68227909988422 219.4291044811527 -439.2381450723335 0.7653958008762685 0.8342262808675529 -0.1657737191324471 2.5783588159762494 2.5783588159762494
0.202911423815 13.941976037806853 45474.32472969569 2117.004756287108 619.7669065383576 231.8866828877305 1.0549390826475726 0.6847109749653252 -0.041292770666051526 13.941976037806853 1.758231804412621 39.48353035988388 2.71693903374657 0.0 520.9789436004874 0.6608750873398548 0.19805387294682475 -28.790443173809678 2.7196217160313902 33.66156679410485 -42.80325425128523 -0.31838592555308265 -0.11293043825834001 2.597932557324124 -0.5241381121384626 2.401096707713507 -1.7775691376423894 -5.295205490631898 -8.717605586843657 24.27360853170352 212.99924835574913 -402.04651938454106 0.839700752911503 0.9185488606039276 -0.0814511393960724 2.676780665016549 2.676780665016549
0.207923335983 12.92446596676893 37297.17099558767 1959.8999096354412 566.0495774612797 204.37272404145818 1.05901378718731 0.7192373341994494 0.029395872758317232 12.92446596676893 1.7650229786455167 39.71061455972931 2.794418851403834 0.0 526.7267206870858 6.116125577307922 0.19963895441252993 -27.794353488561654 2.797799132608618 29.667449628498016 -42.96496509445667 -0.32696809663111526 -0.11593545814572044 2.6846734186049726 -0.6324348020193143 2.47064507453803 -1.733228918395461 -5.170010915728148 -10.00060069016687 23.82392153522379 206.33423657324465 -367.34776044741625 0.9196504399594557 1.0095977217164682 0.009597721716468222 2.774620700361985 2.774620700361985
0.213059042382 11.981301878853658 30446.880629430623 1807.5885131685116 516.0336154234235 180.12553039843772 1.0580952982363148 0.7526369981410154 0.10497807255586422 11.981301878853658 1.7634921637271914 39.88843058081006 2.8684702362830556 0.0 529.7651554789103 11.718639759478926 0.20127180624444266 -26.826403872956227 2.8727871330594454 26.147682915354533 -43.07286947714168 -0.3353787095744076 -0.11902202146931168 2.7685743871029214 -0.7452978300761929 2.537505213862277 -1.6899987924753193 -5.041742753138873 -11.204722851046583 23.330659473422234 199.4152880419267 -335.0280806832925 1.0050822233757302 1.1070906361847763 0.10709063618477632 2.8705827999119675 2.8705827999119675
0.218321600729 11.10911834168976 24736.62911127721 1660.739153183623 469.56183725004485 158.80636683842133 1.0516089596690466 0.7843226878649113 0.18500010685677126 11.10911834168976 1.752681599448411 40.004851215676624 2.937681706305182 0.0 529.7154487813518 17.44870495809664 0.2029647990109448 -25.885806173384495 2.9431956261450125 23.053111423498 -43.114706036292134 -0.3435228334749366 -0.1221843732559111 2.8483078143217613 -0.8617273601012934 2.6005249776094 -1.647953381112776 -4.910389333643164 -12.318510529264472 22.79152839963729 192.22841512251307 -304.97395061941614 1.0956262148733502 1.210457861038388 0.21045786103838804 2.963139460486799 2.963139460486799
0.223714144267 10.304502131113285 20000.852135705307 1519.9008848076387 426.47554162276344 140.10284158107294 1.0390484656491548 0.8136349346962326 0.2687465724373248 10.304502131113285 1.7317474427485913 40.04661547640258 3.000494015185916 0.0 526.2231041004801 23.257568643131982 0.20473152813700107 -24.97179491789212 3.007476145653915 20.33858019548815 -43.07714587852079 -0.35129586528658047 -0.12541526808667053 2.922410314965166 -0.9803690062388507 2.658436163106915 -1.6071659715168978 -4.775984648271349 -13.329366312357319 22.204627415882264 184.76627833021922 -277.0732876205186 1.1906628722165746 1.318790370310234 0.31879037031023394 3.050537813058825 3.050537813058825
0.22923988363 9.564008245948404 16093.62431239814 1385.5105660460038 386.6151622762468 123.72814200127556 1.0200153072768947 0.839851716615764 0.3552033594766686 9.564008245948404 1.700025512128158 39.999585980865014 3.055228871604826 0.0 518.9870589194683 29.0694048633674 0.20658679443406172 -24.083627400340756 3.063945390620459 17.96308965208582 -42.946057114748584 -0.3585852096950954 -0.12870588871192432 2.9893074354268783 -1.0994802099243888 2.7098774170606728 -1.5677075071940823 -4.638618939386155 -14.223810775021672 21.568593475130005 177.02911869935514 -251.2159856147786 1.28928192329872 1.4307910539667692 0.4307910539667692 3.1308165660949268 3.1308165660949268
0.234902108756 8.884175846583926 12887.050044993879 1257.899673972835 349.82097226575183 109.42011449592073 0.9942611442247226 0.8622041384491496 0.4430297236281511 8.884175846583926 1.6571019070412043 39.849142067390815 3.100131630669355 0.0 507.7833065855282 34.82279134027844 0.2085465500757617 -23.220583739998812 3.1108225093988775 15.89055684652857 -42.70687733035079 -0.36527287780248485 -0.13204580823733322 3.047350355021961 -1.2169118877892937 2.753427926710599 -1.5296454272359625 -4.498449991494 -14.987843598857982 20.882757928260425 169.02536180270246 -227.29426204637818 1.3902484479807566 1.5447375702481454 0.5447375702481454 3.20183947728935 3.20183947728935
0.240704190842 8.261544011533012 10269.677628805672 1137.303709401614 315.93374173403436 96.94020998857212 0.9617294108341677 0.8799009019598416 0.5305510253416219 8.261544011533012 1.6028823513902797 39.580719548296216 3.133433376731902 0.0 492.4929061785398 40.4315269873312 0.21062780429839992 -22.38196691301105 3.1462864921009914 14.092746198771872 -42.34519659739554 -0.37123907087862573 -0.1354230098629341 3.0948682839137116 -1.330120655142525 2.787655470271945 -1.4930423650694071 -4.355714256317799 -15.607515428066698 20.14730737023863 160.77261136622613 -205.20327429769813 1.491985932523432 1.6584718702917907 0.6584718702917907 3.2613542216820703 3.2613542216820703
0.246649584356 7.692667188822533 8144.955677679369 1023.8697302505251 284.7953830175485 86.07231708376348 0.9225917156163476 0.8921594348861203 0.6157739803153082 7.692667188822533 1.5376528593605794 39.18049723056432 3.1534268396758875 0.0 473.1294506083166 45.8020290436667 0.21284848400169395 -21.567102748443038 3.1685491546547193 12.561091222955053 -41.84744042850703 -0.37636677683693137 -0.13882397790375797 3.130232807762291 -1.4362119235931552 2.8111749790891913 -1.4579547281919907 -4.210737234251204 -16.06960044581278 19.363438361383857 152.29798388894636 -184.84138431540765 1.5925799484017116 1.7694188915668865 0.7694188915668865 3.307071750927466 3.307071750927466
0.252741829089 7.174130225421562 6429.745171388505 917.6647071864909 256.249567638728 76.62150551447039 0.8772736551679124 0.8982445930403817 0.6964344213224596 7.174130225421562 1.4621227586131875 38.636211358120214 3.158557179935647 0.0 449.85943195332624 50.838042231234674 0.21522724608326346 -20.775339887779275 3.1759461411592094 11.362709009195639 -41.20170180353796 -0.38054729570021484 -0.14223387187974332 3.1519344679657624 -1.5320258848547517 2.8227179816236934 -1.4244311944920653 -4.063942208244665 -16.362419707514015 18.53349282706086 143.6383106869669 -166.11045587919548 1.6898117093525749 1.874647459907193 0.874647459907193 3.33677021852038 3.33677021852038
0.258984552268 6.7025628581644074 5052.899176085268 818.6834356653534 230.14231364666 68.41270262323314 0.826464593859828 0.8975125279446198 0.7700802934179285 6.7025628581644074 1.37744098976638 37.938056785279116 3.1475212831843082 0.0 423.01561804807557 55.436703042948054 0.21778324083455844 -20.00604970021381 3.1670407519381536 10.989942452148554 -40.398647962421336 -0.3836864919079842 -0.14563679160151155 3.158666676947981 -1.6142674367156862 2.8212082136724694 -1.3925111755098107 -3.9158563890781726 -16.476741873129356 17.66105891017959 134.8398672099393 -148.91601307363675 1.7812256871816012 1.9709770560087085 0.9709770560087085 3.3484180457750883 3.3484180457750883
0.265381470709 6.274653558045209 3953.9198227832867 726.8564176769419 206.32253967692344 61.289325473865986 0.7711067912261854 0.8894571918402941 0.8341911059766756 6.274653558045209 1.2851779853769758 37.07960951573223 3.119369091353651 0.0 393.0973791318734 59.499914674790155 0.22053582890975493 -19.25862615361975 3.140734834573031 15.73283676328369 -39.43244826962963 -0.38571143516196427 -0.14901613518987028 3.1494116864970283 -1.6796793207573377 2.8058384689890397 -1.3622233118044036 -3.7671135018548902 -16.406708614154994 16.751021385833198 125.95766308420006 -133.16732484085014 1.8642337011200525 2.055132147569627 1.0551321475696274 3.3403101329466027 3.3403101329466027
0.271936393035 5.887162622951961 3081.6999189532794 642.0575325749383 184.64258064049073 55.11189054033423 0.7123612191911893 0.8737554540590131 0.8863288324404894 5.887162622951961 1.1872686986519823 36.0586833011994 3.0735975310924717 0.0 360.75679540626504 62.93494785110805 0.22350425820373707 -18.53248563397191 3.096377040985302 57.25125642578779 -38.30163130620819 -0.3865769620089578 -0.15235504412607007 3.123521129198399 -1.7252494815447288 2.7761417118633402 -1.333584077730514 -3.6184519219105535 -16.15069375032573 15.809547051138932 117.05422195534106 -118.77739937761432 1.9362524305464166 2.123937698520316 1.1239376985203162 3.311206397172298 3.311206397172298
0.278653221943 5.53693442641375 2393.3544694410602 564.111443233089 164.95866331018806 49.75662202958332 0.651550405709934 0.8503060802103245 0.9243092068230412 5.53693442641375 1.08591734284989 34.878019517664896 3.0102265496729315 0.0 326.76903792202916 65.66273387780328 0.22670731100456556 -17.827066713076693 3.0338564624930866 96.72717070362292 -37.00976864312025 -0.38627158979747667 -0.15563692026376832 3.0807828323725523 -1.7484362578511914 2.7320487774226248 -1.3065965811375146 -3.4707076521796005 -15.71199427786396 14.843994191762011 108.19784424983183 -105.66289319721164 1.9948654895226623 2.1745415953981295 1.1745415953981293 3.2604589382480196 3.2604589382480196
0.285535956525 5.220908735623455 1853.1453223281621 492.80075001595725 147.13133825348797 45.114078483701306 0.5900822469858508 0.8192577016628994 0.946376748901479 5.220908735623455 0.9834704116430847 33.545708816667634 2.9298471605445635 0.0 291.98856774436143 67.62206854900798 0.23016293562382087 -17.14182986144149 2.9536688430589173 114.87014364961007 -35.565885363993104 -0.38482216445948336 -0.1588459904160812 3.0214658825256557 -1.7473885938999132 2.6739253391020146 -1.2812496445714439 -3.324801683223654 -15.099253819327958 13.862741325769262 99.46040985048413 -93.74395328017368 2.0379954708825707 2.2046423908762076 1.2046423908762074 3.188112802519292 3.188112802519292
0.292588694652 4.936131024372539 1431.5002420138665 427.87282908639514 131.0258653770291 41.08781562537287 0.5293622369691459 0.7810213731990873 0.951362700488126 4.936131024372539 0.8822703949485765 32.07525986590399 2.833633095436703 0.0 257.2950959777738 68.77396365607184 0.23388787981581868 -16.476257103421243 2.8569435214563534 120.19143007797808 -33.98451163297834 -0.38229663885467097 -0.16196788596464984 2.9463372082247234 -1.7211341823817148 2.602582118321643 -1.2575172477304344 -3.1817215418684004 -14.326532987688697 12.87493848267966 90.9148173272833 -82.94400493434588 2.064066813276147 2.2126953196105386 1.2126953196105386 3.094965714559115 3.094965714559115
0.299815635409 4.679761718805962 1104.1260498857935 369.04629146225477 116.51255152609852 37.59310135642531 0.47070414604855554 0.7362646565721127 0.938804205643872 4.679761718805962 0.7845069100809259 30.485264761229423 2.723311115724798 0.0 223.53505346653898 69.10558136443855 0.2378973450749985 -15.829851615056896 2.7454228259084283 117.99339020021235 -32.28532331703365 -0.37880446912413085 -0.1649901994656505 2.8566455388776752 -1.6697086118261169 2.519254828648777 -1.235358395094037 -3.0424970994811775 -13.412974602495575 11.890193266261631 82.63220728433609 -73.18950207139025 2.072138628796749 2.19806837698462 1.19806837698462 2.982575287065546 2.982575287065546
0.307221081604 4.449084323833401 851.2139242806245 316.0170897864343 103.46703872067658 34.555696411482025 0.41525005222936495 0.6858863861909381 0.9090067067511737 4.449084323833401 0.692083420382275 28.798658929811168 2.601090127133449 0.0 191.46571905466303 68.6311169383665 0.24220468098676753 -15.202137261316516 2.6213918415141655 111.58936881412791 -30.492372403014325 -0.37449427262419305 -0.16790297876825053 2.7540723510384266 -1.5942045335875186 2.425553957785306 -1.2147174482261847 -2.908170907636909 -12.382064234060902 10.918212445941501 74.67917667204628 -64.40967203918939 2.061988930656151 2.1611249208461096 1.1611249208461096 2.8532083412283846 2.8532083412283846
0.31480944232 4.241512394552577 656.733660465405 268.4642000516439 91.7705417168318 31.91071159286226 0.3639094306938027 0.6309735508492081 0.8630383638222364 4.241512394552577 0.6065157178230045 27.041627244398594 2.469554081645241 0.0 161.70902084538534 67.39119291522859 0.24682113691470448 -14.592658076464648 2.4875630750003457 103.04524448111341 -28.632957332578812 -0.3695486028935673 -0.17069912233489792 2.640653041018919 -1.4967294516743563 2.323387906352043 -1.195524932087998 -2.779763526862458 -11.260535729251707 9.968426264991098 67.11518630569573 -56.53627347419042 2.0341373231959143 2.1032181031245933 1.1032181031245931 2.709733820947598 2.709733820947598
0.322585235545 4.054595326717002 507.812631914415 226.05486749534748 81.31003481063783 29.601549660580606 0.31732391258275844 0.5727441724014972 0.8026553274362778 4.054595326717002 0.5288731876379308 25.242257430074673 2.3315285150742087 0.0 134.72034540169332 65.45082688925214 0.25175568463344555 -14.000977684252895 2.3469273138067317 93.63749094071578 -26.736235473583715 -0.3641759557629912 -0.17337464731516 2.518675211592797 -1.3802740537003932 2.214866393998273 -1.1776987910250842 -2.6582346455918504 -10.07702314373897 9.049625714153363 59.9903657461193 -49.50339152953141 1.9898020239548662 2.0265954463190305 1.0265954463190305 2.5554686339569614 2.5554686339569614
0.330553090863 3.886022955972621 394.1943250541255 188.44941975366476 71.97838841786786 27.578937106707976 0.2758600082856351 0.5124819142535822 0.7301672045847976 3.886022955972621 0.45976668047605856 23.429076313508588 2.189933885060856 0.0 110.77537718824043 62.894776580104605 0.2570149203058407 -13.426678661397826 2.202586742008798 84.14030779090899 -24.831715822410672 -0.3586004153063288 -0.17592881336359323 2.390563572435541 -1.2485063670358825 2.1021933672170054 -1.1611460380637926 -2.544441388955947 -8.8605957720569 8.169641995932077 53.34388471442744 -43.24729125472445 1.9307968919594825 1.9342255471278733 0.9342255471278734 2.393992227603932 2.393992227603932
0.338717752207 3.7336289679801875 307.77070088599703 155.305613852337 63.6744559510438 25.800048192047413 0.23962761337789268 0.4514689644074239 0.648260493678879 3.7336289679801875 0.39937935562982113 21.629616521162067 2.0476398493087 0.0 89.97491967141957 59.822227957228215 0.2626030482277018 -12.869361846161773 2.05758801813747 75.00780138367251 -22.94778087319584 -0.35304967698109374 -0.17836409862896782 2.258762012175121 -1.1055171923949252 1.987559398376417 -1.145764714041945 -2.439096243346747 -7.639322783687319 7.33509240358275 47.20299131288249 -37.706336881498586 1.8593826565452996 1.829569889231149 0.829569889231149 2.2289492448609702 2.2289492448609702
0.347084080687 3.595393134114354 242.18221301255844 126.28252411551641 56.30311285731936 24.227720938568567 0.20851848425095332 0.39092365859251604 0.559802968352327 3.595393134114354 0.34753080708492223 19.869149732801972 1.9073337754372495 0.0 72.26492542797256 56.34088068128014 0.2685219427355777 -12.32864559351539 1.914772073605715 66.4906074731747 -21.110378168224628 -0.3477425161845417 -0.1806860377107783 2.1256232255999863 -0.9555480548901313 1.873043109738735 -1.1314460544537925 -2.342728339648644 -6.439004235060592 6.551208784598726 41.5827534829334 -32.820981438464614 1.778092418515064 1.716329554412897 0.7163295544128969 2.0638603614978193 2.0638603614978193
0.35565705748 3.4694423999848354 192.4790832684296 101.04397229395806 49.775249898063606 22.829762364742376 0.18225679643733725 0.33194817365907225 0.46765253933521655 3.4694423999848354 0.3037613273955621 18.169690645009155 1.7714138667307786 0.0 57.467135040182136 52.56080847962267 0.274771279300199 -11.804164981438067 1.7766537416038777 58.710930058164635 -19.341990749281877 -0.34287703196686914 -0.1829029427441423 1.9933146552917087 -0.8027325848013455 1.7605293180058228 -1.1180767535820346 -2.255653003272125 -5.282172764571687 5.821755144419359 36.48646652191152 -28.53382148108098 1.6895533278961465 1.5981973854559328 0.5981973854559327 1.9019587128514948 1.9019587128514948
0.364441786799 3.3540508649116294 154.83738186393447 79.26150715856896 44.00772328486629 21.578338202104938 0.16045359150225927 0.275489844547565 0.37449063010235295 3.3540508649116294 0.26742265250376546 16.549331673698575 1.6419132826061185 0.0 45.31493061609503 48.58897277086818 0.28134872179502424 -11.295570970786269 1.6453391212351514 51.710891630072354 -17.660951911053548 -0.33862107332413893 -0.18502553672861893 1.86374695138348 -0.6508768293214511 1.6516489616293706 -1.1055412175858588 -2.1779547751062287 -4.187426165161049 5.149031443832054 31.906629759998992 -24.789705103779085 1.5963242988797144 1.478641657256375 0.4786416572563749 1.7460643097601405 1.7460643097601405
0.373443498933 3.2476387014798664 126.32355733230064 60.616943002953256 38.92326497935862 20.44944073221737 0.14265811041984117 0.22231760686046564 0.2826937775864553 3.2476387014798664 0.23776351736640194 15.02192171205445 1.5204572949528572 0.0 35.48932357161375 44.5247599490057 0.2882501504599073 -10.802529524012037 1.5224828139007094 45.483632696811405 -16.081121417412795 -0.3351060392462101 -0.18706653204293505 1.73852805594264 -0.5032951721684836 1.547742891398988 -1.0937237095837458 -2.1094878950462936 -3.1691039983544633 4.533952712556428 27.82635408824905 -21.53587648368726 1.500764538576238 1.3607391249781036 0.36073912497810345 1.5985026423445055 1.5985026423445055
0.382667553357 3.148770073323947 104.70128592777651 44.80447842009049 34.45035654985648 19.422427247454287 0.1284011243238258 0.17301317897572396 0.19424984317001504 3.148770073323947 0.214001873873043 13.597061377016974 1.408251717043058 0.0 27.651101998696983 40.45663984600461 0.29546991431379144 -10.324720687771967 1.4092820439352287 39.99324327057667 -14.611897215687552 -0.33242470579389055 -0.18904018690872926 1.6189429148803847 -0.3627087227127036 1.4498488204496156 -1.082510307779253 -2.0498954261335336 -2.237281101782053 3.9761871885884945 24.221045047367284 -18.722139216816124 1.4049410410073417 1.2470658141114652 0.2470658141114653 1.4610676879845081 1.4610676879845081
0.392119441925 3.0561501175374883 88.27483625361869 31.5324157445893 30.523070448643793 18.479620983760668 0.11722775325144079 0.12797509120573564 0.1107183460106114 3.0561501175374883 0.19537958875240133 12.28035811294958 1.3060979347630126 0.0 21.466661194786095 36.46002518139788 0.30300109251517254 -9.861837643988435 1.3065009118105482 35.18748623431296 -13.258503532765413 -0.33063298712761835 -0.19096186907958718 1.5059560618488126 -0.2312040486000508 1.3587084262886353 -1.0717906194888942 -1.9986445142632916 -1.3980213745136854 3.474334630627538 21.06020747642089 -16.301020356773755 1.3105764730964113 1.139644990280264 0.13964499028026398 1.3350245790326651 1.3350245790326651
0.401804792141 2.9686210655159164 75.76355076919378 20.524503211634233 27.080882805469983 17.605966167832158 0.10871937719080337 0.087432733097323 0.03322921845212021 2.9686210655159164 0.18119896198467228 11.073869218224255 1.2144281804367925 0.0 16.626509009328817 32.596417903263855 0.3108357510264153 -9.413585735777525 1.2145161389607115 31.005897393020383 -12.022477510805922 -0.3297548153888309 -0.19284765031803178 1.4002323567336492 -0.11024348167307103 1.274790096000335 -1.0614592166352605 -1.9550720500704055 -0.6538197249579905 3.02612601224873 18.309235932169194 -14.227919025905841 1.2190333947489769 1.0399449685199316 0.03994496851993168 1.2211439305046041 1.2211439305046041
0.411729370506 2.8851575816510193 66.20250418721118 11.520930405778365 24.068461734716436 16.788729000023068 0.10250577264390992 0.05146725403883702 -0.03748872827504353 2.8851575816510193 0.17084295440651653 9.976658303778098 1.1333542261314729 0.0 12.856655827274848 28.91342810928525 0.3189651835356336 -8.979681474670109 1.1333755794319218 27.384941223683175 -10.902272924312431 -0.3297888655509837 -0.19471394847229506 1.3021702547357736 -0.0007145590562735507 1.198322231392535 -1.0514167793371232 -1.918433431228845 -0.0041580184134774045 2.6286278854567553 15.931085127782861 -12.461227674688732 1.1313273003292572 0.9489154972815972 -0.05108450271840276 1.1197584516881136 1.1197584516881136
0.421899085958 2.8048614039814384 58.86489045897746 4.279003366446041 21.43543539994671 16.01723689446686 0.09826946650638613 0.020036243117208093 -0.10105941011936886 2.8048614039814384 0.16378244417731022 8.985398008347179 1.0627230340579412 0.0 9.923905407237314 25.44558839165827 0.3273801285259871 -8.55985153471299 1.0628618258995437 24.261295889527815 -9.893906819291045 -0.33071578018582976 -0.19657722719214857 1.2119420079392684 0.09699496711994991 1.1293321848560154 -1.0415709520751961 -1.8879476671841873 0.5538923826061328 2.2784380260462394 13.887746038908764 -10.962417093175572 1.048159563761958 0.8670500492944744 -0.13294995070552565 1.0308324934717845 1.0308324934717845
0.432319993381 2.7269553745708293 53.20219555366919 -1.4264705402473012 19.136143842736722 15.282649036545939 0.0957445688658293 -0.007000441498244832 -0.15740034238992082 2.7269553745708293 0.15957428144304883 8.094964869640652 1.002173939053128 0.0 7.636449490914031 22.21571249580015 0.3360709572014544 -8.153831741812079 1.0025549926956385 21.57394348082307 -8.991590390603283 -0.3325048202104982 -0.19845375728903494 1.1295360347606345 0.18290908643719828 1.0676866688664974 -1.0318369306449213 -1.8628342329689902 1.025075584177786 1.9718627976782679 12.141485479090337 -9.69608045504173 0.9699617533175856 0.7944621020908073 -0.20553789790919277 0.954036383533856 0.954036383533856
0.442998297218 2.6507769490580495 48.798714776940834 -5.80305600259393 17.129378543434363 14.577752203459596 0.09471219427479492 -0.029855713975660534 -0.20666039294560848 2.6507769490580495 0.1578536571246582 7.298987700415822 0.9511932641790498 0.0 5.841245317881998 19.236471803019835 0.3450278296306429 -7.7613660632709465 0.9518906380659224 19.265484301347225 -8.188303689881742 -0.33511931440300347 -0.20035943891895508 1.0547979213486922 0.2573727037101933 1.0131305393604089 -1.0221378074134642 -1.842339816506427 1.4154021898956315 1.7050703960079894 10.655834393041156 -8.629935227813455 0.8969442642240341 0.7309655318816786 -0.2690344681183214 0.8888191890063368 0.8888191890063368
0.453940355159 2.575771276480225 45.33745883353814 -9.040793669597214 15.378113488321356 13.896776768776693 0.09499419361804357 -0.04879257517781077 -0.24916008353297736 2.575771276480225 0.15832365603007262 6.590325729236257 0.9091635724970953 0.0 4.419494041381928 16.512171455332915 0.35424081854100475 -7.3822056063682915 0.9102104171791447 17.282931244370122 -7.476290621307017 -0.33852071973953224 -0.2023096802637926 0.9874677602492751 0.3209655732894419 0.9653219033368496 -1.0124047078432727 -1.8257554327255487 1.7316704177868227 1.474217360614956 9.396330162048129 -7.734783900785359 0.8291441042192025 0.6761517665851713 -0.3238482334148287 0.834475422615244 0.834475422615244
0.465152681931 2.5014839397143915 42.57495055661332 -11.312502128594883 13.849231253344655 13.235228786757705 0.09644644932809396 -0.06410449515564905 -0.2853380623134334 2.5014839397143915 0.16074408221348993 5.961465441006097 0.8754060199000566 0.0 3.2812707560286585 14.040421332403241 0.36370000191227775 -7.0161076316045925 0.8768044454956625 15.578144191684729 -6.847465217883219 -0.3426714161113548 -0.20431932621116042 0.9272126516958662 0.37442573273232016 0.9238624751557298 -1.0025767531788161 -1.812425766523453 1.981068180244827 1.2755482687894875 8.331033775780433 -6.9844371946463815 0.7664685694823763 0.6294589923610474 -0.3705410076389526 0.7902030745745374 0.7902030745745374
0.476641953175 2.427553446103052 40.322836119369356 -12.77425060016698 12.513247398917528 12.589734995683461 0.0989525396956879 -0.07609920267114509 -0.31570569437393414 2.427553446103052 0.1649208994928132 5.40483475543159 0.8492152051188789 0.0 2.3600662153593226 11.813706192670873 0.37339552663732156 -6.662834588508501 0.8509452723366889 14.10800595522492 -6.2937299303783245 -0.34753650987475065 -0.20640262944180615 0.8736539629774072 0.41858490839663015 0.8883227943532572 -0.9926008836866921 -1.8017530333310485 2.170857691461224 1.105470308561157 7.4308503854812775 -6.35560413848613 0.7087330634845939 0.5902308815895674 -0.4097691184104326 0.7551517810823805 0.7551517810823805
0.488415009418 2.353703555351737 38.434616559062576 -13.565975285668918 11.344036140127553 11.957898434718807 0.10241821262080449 -0.08508586621467608 -0.340810388063435 2.353703555351737 0.17069702103467416 4.913039761754553 0.8298866329712391 0.0 1.6077159006764792 9.82083750441827 0.38331764628548687 -6.322153180455437 0.8319139999341651 12.834408843319313 -5.807213082752872 -0.35308494407223906 -0.20857325611983774 0.8263894647715946 0.4543165750835943 0.8582624135521453 -0.982431574461277 -1.793197411673403 2.3081375093759693 0.960605531737153 6.6696856664014765 -5.8277542516265495 0.6556924437369204 0.5577640337734074 -0.44223596622659256 0.7284610548086048 0.7284610548085024
0.500478860151 2.279735528392177 36.796142688471825 -13.81220979054025 10.318559988114016 11.338163115857784 0.10676684012558181 -0.0913653934685122 -0.36120730419014835 2.279735528392177 0.17794473354263635 4.47903315443733 0.8167374293524879 0.0 0.9899823075483537 8.048076474971984 0.3934567363896631 -5.993833464711516 0.8190194950477798 11.724104534654387 -5.380436433092386 -0.35929016242230616 -0.21084431877410664 0.7850107947986402 0.48249604510434374 0.8332455005187605 -0.9720304723366348 -1.7862755593535486 2.399672590972678 0.8378241325056618 6.024471518256447 -5.3829578982361 0.6070660612560039 0.5313445799549752 -0.46865542004502475 0.7092893136191686 0.7092893135998983
0.512840687997 2.2055203772556418 35.31880976226579 -13.622908988525486 9.416605714662643 10.72968682048719 0.11193585021521947 -0.09522348519889229 -0.37743863409415984 2.2055203772556418 0.18655975035869912 4.0962252755574635 0.8091211162645393 0.0 0.4828911345575748 6.4801555399942865 0.40380329076690025 -5.677647994769458 0.8116117054477022 10.74845675677542 -5.006424257497768 -0.3661305005290839 -0.21322842971112743 0.7491167804794686 0.50397136768834 0.8128523922574152 -0.9613659785278497 -1.7805581630692402 2.4517819003409316 0.7342622229957101 5.475090946934786 -5.00570980254684 0.5625570301207694 0.510275000429713 -0.48972499957028703 0.6968347543406758 0.6968347538617842
0.52550785299 2.130991190643915 33.93463782854619 -13.09434082171592 8.620528695652396 10.132221580285158 0.11787403457498084 -0.09692598546596873 -0.3900192781836058 2.130991190643915 0.19645672429163474 3.758548930185565 0.8064374461080288 0.0 0.0698076945829188 5.101073574570498 0.4143479023490822 -5.373371010037323 0.8090901966695911 9.883120561562206 -4.678765858992952 -0.3735894116974431 -0.21573776927288346 0.7183232549690376 0.5195433425115306 0.7966877524145147 -0.9504127974709898 -1.7756670349697656 2.470272186014137 0.6473274181955503 5.004229920837357 -4.682741350808417 0.5218665306774027 0.4938926652151363 -0.5061073347848637 0.6903494206189178 0.6903494169088833
0.538487896959 2.0561356045812014 32.59263064698798 -12.31002482383577 7.915007355841797 9.546001771650754 0.12453958503455019 -0.09671607903211485 -0.39942770901144065 2.0561356045812014 0.20756597505758365 3.460488432905478 0.8081382660461429 0.0 -0.26080823397109776 3.894644807671186 0.4250812317654286 -5.080777678708019 0.8109089321339835 9.107666003364276 -4.39164221019559 -0.38165558657996623 -0.21838416426322932 0.6922699732087702 0.5299529051646331 0.7843859587944129 -0.9391514684514054 -1.771271987261124 2.460407455773554 0.5746952113945586 4.5971794675886475 -4.402826541143195 0.48470399815118653 0.4815816692220951 -0.5184183307779049 0.6891477726086955 0.6891477586271394
0.551788548014 1.980988481579169 31.255975528544948 -11.341700924396338 7.286809138239468 8.971640002855496 0.13189870528110104 -0.09481294045001666 -0.4061009125275941 1.980988481579169 0.21983117546850173 3.197082083430037 0.8137302629409076 0.0 -0.5170734498876074 2.8450134673606318 0.4359939666569846 -4.7996433988986755 0.816578157500584 8.40517796653046 -4.1398257000789815 -0.3903229990264557 -0.2211791728431303 0.6706251619211554 0.5358743103018906 0.7756142707774739 -0.9275678930784773 -1.76708757776957 2.426905276589265 0.5142987053586296 4.241606514450526 -4.156585529661286 0.45079398645265367 0.47277939296499927 -0.5272206070350007 0.6926108891954253 0.6926108564007246
0.56541772515 1.9056248547689274 29.89978030203636 -10.25030817589425 6.724569118782085 8.41003111297713 0.13992465652964192 -0.09141144698095238 -0.4104323362978822 1.9056248547689274 0.23320776088273654 2.9639058008185004 0.8227754245848543 0.0 -0.7048868857636643 1.9369437473086824 0.4470767744153962 -4.529743161922356 0.8256642085933389 7.761860322411014 -3.9186611186876945 -0.39959089703667594 -0.22413417310407588 0.6530882413116613 0.5379125841525778 0.7700743236559394 -0.915652868491008 -1.762869764469727 2.3739518077043886 0.46431382601287824 3.927309382318863 -3.936289993529139 0.41988048042892473 0.46697917398412636 -0.5330208260158736 0.7001874985413552 0.7001874432508743
0.579383542961 1.8301531870845826 28.509147007326145 -9.08696032777607 6.218582094601525 7.86226465890811 0.14859711763917896 -0.08668266131324218 -0.4127720142356181 1.8301531870845826 0.24766186273196494 2.7570441620264523 0.8348898484963467 0.0 -0.8287645246200457 1.1560111495710124 0.45832025071178856 -4.270850981829103 0.8377878461525536 7.166652168658732 -3.724033938826121 -0.4094637526257593 -0.22726045328881658 0.6393911369473119 0.5366040671094388 0.7675023689196789 -0.903401633615963 -1.758412498673583 2.3052295416765647 0.4231417247725817 3.6459692726230872 -3.7356732342167094 0.391729274215347 0.4637301631015598 -0.5362698368984402 0.7113927888945448 0.7113927157526536
0.593694316472 1.7547089882518063 27.077459574578473 -7.893905941679813 5.760608719155868 7.3295462445375685 0.15790176682261267 -0.08077484279019496 -0.41342819408578535 1.7547089882518063 0.26316961137102113 2.573053715756774 0.8497414172852358 0.0 -0.8924002648073578 0.48879589177267485 0.4697148659071195 -4.022739394109708 0.8526216040322819 6.610857101449654 -3.5523306918057607 -0.41995118433858464 -0.2305693022899492 0.6292985412987795 0.5324190873383378 0.7676686128468 -0.8908134335935124 -1.7535442997312984 2.2239530020352456 0.3893896961905118 3.390906362861003 -3.5497475596492527 0.3661289299277583 0.46263523685222896 -0.537364763147771 0.7258056915779545 0.7258056113634536
0.608358566089 1.679448825222572 25.60481788863466 -6.705459601588862 5.343696004729026 6.813127970197569 0.1678300150302256 -0.07381476941560824 -0.41266988022761175 1.679448825222572 0.27971669171704266 2.4089222546768543 0.8670468114894309 0.0 -0.899024888086658 -0.07709365025415903 0.48125091115733304 -3.7851790260502334 0.8698865891570116 6.087789763462494 -3.400395481919876 -0.43106786582677115 -0.2340720995886312 0.6226074626385742 0.5257659231024036 0.7703759791849993 -0.8778911057398275 -1.7481248616920124 2.132908405822371 0.3618516104106373 3.156847348499456 -3.3746313920082223 0.34289077092153164 0.46334772549530034 -0.5366522745046997 0.7430652075003219 0.7430651319534328
0.623385022672 1.604544754615784 24.096588208606878 -5.548897038227512 4.9620122775307225 6.314248164374157 0.17837884091004363 -0.06590923686134724 -0.4107299202993548 1.604544754615784 0.2972980681834061 2.2620267326477217 0.8865681478840512 0.0 -0.8516173662017551 -0.5529971425108413 0.49291844580065264 -3.5579382403561777 0.8893489934450169 5.592444839698608 -3.2654851346363234 -0.4428334334312722 -0.23778040421837 0.6191462841564406 0.516995524387897 0.7754585031705865 -0.8646406890545117 -1.7420417449006367 2.034494850620492 0.3394885875709662 2.939708334561885 -3.2073874413999572 0.3218482159730345 0.46556743701461045 -0.5344325629853895 0.7628661488672975 0.762866086360508
0.638782632732 1.530179198827029 22.56206382803255 -4.445306804375891 4.610696489690608 5.834080418803909 0.18955069525940516 -0.05714662575675369 -0.40780834651042325 1.530179198827029 0.3159178254323419 2.1300917132271002 0.9081094789219186 0.0 -0.7530218441938894 -0.9491791690573221 0.504707247406943 -3.340782853063512 0.9108165297727762 5.121193832736485 -3.145224888806112 -0.45527240558772036 -0.24170604266441212 0.6187735250982844 0.5064065779548542 0.7827795313939647 -0.8510710582474417 -1.7352072053806664 1.930765169638067 0.32141042118875524 2.7363957900545652 -3.0458731048788854 0.30285569966594245 0.4690363508248615 -0.5309636491751385 0.7849546393730652 0.7849545932755257
0.65456056376 1.4565402803835568 21.013242560114524 -3.4103910614785296 4.285721599695624 5.373691792666806 0.20135345392786894 -0.0475984368809425 -0.4040757174063447 1.4565402803835568 0.3355890898797816 2.0111496134187616 0.9315133724734368 0.0 -0.6059985080316571 -1.2749128985921834 0.5166067656879538 -3.133475925843438 0.9341349915519299 4.671513741991131 -3.037566210513983 -0.4684141246776454 -0.2458611958792242 0.6213764839570973 0.49425054614958996 0.7922298908318472 -0.837193582420742 -1.7275552029670271 1.8234649182964824 0.30685808428478767 2.5446274330361893 -2.888604084464484 0.28578739407731574 0.4735343095986093 -0.5264656904013907 0.8091236968737149 0.8091236663027648
0.670728209685 1.3838176230894719 19.46373300208085 -2.4552137355745867 3.9837715841324783 4.9340099006968074 0.2138004072438226 -0.037320766247771135 -0.3996763801710804 1.3838176230894719 0.35633401207303766 1.903503530872296 0.9566576319019572 0.0 -0.4132328889224765 -1.538499902523289 0.5286060813156538 -2.9357776323756237 0.9591849823062903 4.241748690200035 -2.94074718712457 -0.4822927301426971 -0.2502584857650006 0.6268698366587641 0.4807365662322748 0.8037260834573754 -0.8230218080514582 -1.719038618359701 1.7140690636107538 0.2951875190843787 2.3627730665101474 -2.7346312707811706 0.27053582458572645 0.47887481258934317 -0.5211251874106568 0.8352089961377509 0.8352089778186625
0.687295196464 1.3121986220183532 17.927801721998467 -1.5868914697524037 3.7021315330235716 4.515798452226587 0.2269102822352019 -0.026355662567878135 -0.39473152012891716 1.3121986220183532 0.3781838037253365 1.8056930920885819 0.9834522835964192 0.0 -0.17732617520338798 -1.7473360977818786 0.5406938705520834 -2.7474451975708263 0.9858789308939075 3.8309057912682962 -2.8532562349845456 -0.49694717073004807 -0.25491106163895527 0.6351943051092256 0.4660360122849303 0.8172086068238655 -0.8085711654572916 -1.7096267004122607 1.6038156629985423 0.2858548114813647 2.1897155578294343 -2.583431206984458 0.2570105013838891 0.4849010824984361 -0.5150989175015639 0.8630849752426542 0.8630849653065165
0.704271387817 1.2418651788891275 16.419569883180678 -0.8092264143969636 3.438590150708869 4.119640679806038 0.24070729472117688 -0.014732348230581555 -0.3893419512104433 1.2418651788891275 0.4011788245352948 1.7164635085195368 1.0118368733248515 0.0 0.09923046446275191 -1.9080070944008516 0.5528583764995642 -2.5682329075380608 1.0141584260668952 3.43848570765732 -2.7737992660113147 -0.5124212605321573 -0.25983268730140235 0.6463154495411402 0.4502866519705666 0.8326404412002353 -0.7938586976903371 -1.6993027483533214 1.4937363898800677 0.2784027788725374 2.0247311586473087 -2.4348098467379056 0.24513662500584543 0.491482465587906 -0.508517534412094 0.8926613317355182 0.8926613268609458
0.721666891096 1.1729908943742549 14.952363255336635 -0.12328149592655002 3.191353940306931 3.7459299885228425 0.2552212349386936 -0.002468308863972477 -0.38359066405133674 1.1729908943742549 0.4253687248978227 1.6347378507611539 1.041778060846486 0.0 0.4140830266732569 -2.026319312189998 0.5650873876380567 -2.397892188074609 1.0439918549749712 3.0643487716285276 -2.701270122847715 -0.5287637839089228 -0.26503782939695353 0.6602226025699829 0.4335964211110643 0.8500057087407973 -0.7789028106894732 -1.6880620312533035 1.384684096480198 0.2724489487787565 1.8673878418456498 -2.288819017253751 0.23485387767216023 0.49851114344559044 -0.5014888565544096 0.9238798858210083 0.9238798836641369
0.739492063306 1.1057387037653732 13.538213700928981 0.4721029488252686 2.9589722698628327 3.394867069997003 0.27048758949102686 0.010429781323345424 -0.37754506297186474 1.1057387037653732 0.45081264915171143 1.55959243471838 1.0732675861798469 0.0 0.7650408988362108 -2.107394778429093 0.5773682242379842 -2.236171748195824 1.0753724145719707 2.708619959220774 -2.634724496772135 -0.5460286523307146 -0.2705417478586855 0.6769280138851799 0.41604671140722677 0.8693085639263284 -0.7637230433501259 -1.6759099355203997 1.277357186944089 0.2676748707812369 1.7174606875485192 -2.145685192609959 0.2261153647334685 0.5058992449887104 -0.4941007550112896 0.9567119007080035 0.9567118998513953
0.75775751727 1.0402589388555723 12.18750502887572 0.9798482508257962 2.740272492873981 3.0664626693342742 0.28654770398471996 0.02396527423824436 -0.37125895204052356 1.0402589388555723 0.47757950664119997 1.4902351405766197 1.1063205546006765 0.0 1.15010244430235 -2.155731012521803 0.5896877331197327 -2.082817785214772 1.1083164415134634 2.371636746494475 -2.573356856669495 -0.5642751158202469 -0.27636058924497564 0.6964661886282648 0.3976952591803854 0.8905722890836654 -0.7483398562633541 -1.6628603277272311 1.172321256272508 0.26381668218470405 1.5748624933970048 -2.0057495873917532 0.21888668198706487 0.5135762809527062 -0.4864237190472937 0.9911557897878402 0.9911557894845592
0.776474127946 0.9766877948512762 10.90875160585321 1.4042309355523876 2.5343042821108894 2.76054515748607 0.30344899249443336 0.03815091373558178 -0.3647742546534232 0.9766877948512762 0.5057483208240556 1.425986441741687 1.1409740661706325 0.0 1.5674736304549814 -2.175254367714303 0.6020322911259036 -1.9375742470134814 1.1428620846912732 2.0539451434436495 -2.516480307549436 -0.5835680319928593 -0.2825114838679915 0.7188934529821105 0.3785786083721163 0.9138386205723865 -0.7327744377951708 -1.6489341182005832 1.0700280576646295 0.2606568347236699 1.4395881938452468 -1.8694187980888537 0.21314513215805486 0.5214869207777164 -0.47851307922228353 1.027235242247716 1.0272352421528483
0.795653038907 0.9151461784715545 9.70849454661041 1.7505278797851052 2.3402923256147545 2.476772054956175 0.3212451983159604 0.053008346376148846 -0.35812248703961047 0.9151461784715545 0.535408663859934 1.3662629024399728 1.1772861768203235 0.0 2.0155845043301857 -2.169395726588787 0.6143878175945612 -1.8001831466741294 1.179068306923765 1.7563442970100194 -2.4635090964303448 -0.6039781948263424 -0.2890126476414667 0.7442877518841097 0.3587141759394379 0.9391673038281629 -0.7170485262988368 -1.6341580065182244 0.9708320567620097 0.2580168835592086 1.3116714474601394 -1.7371250095903101 0.20887908802417565 0.5295890854531418 -0.47041091454685824 1.0649977494788399 1.0649977494529188
0.815305668968 0.8557389108098118 8.591298127810779 2.0247097996415446 2.157596558201382 2.2146446662758277 0.33999671301161444 0.06856776497173879 -0.3513260230429721 0.8557389108098118 0.5666611883526907 1.3105628969549112 1.2153351653097184 0.0 2.4931006926569053 -2.1411272187586494 0.6267397959441191 -1.6703849246931473 1.2170141902611893 1.47996398991042 -2.4139434305881586 -0.6255827265490475 -0.2958834896441085 0.772748675404498 0.3381019717802281 0.9666358670487616 -0.7011842472904464 -1.618563392317476 0.8750048864224642 0.25575123836575775 1.1911517450829772 -1.6092947344823023 0.20608748705180718 0.5378523079668721 -0.4621476920331279 1.1045134963561236 1.1045134963500243
0.835443718991 0.7985542566400662 7.559827860491663 2.2331801475975492 1.9856791183997804 1.9735250190280853 0.35977095958297867 0.0848676907842295 -0.34439914578760655 0.7985542566400662 0.5996182659716311 1.2584543097023695 1.2552191201840246 0.0 2.998930776404801 -2.0930189797650476 0.6390733044557388 -1.547918852879123 1.256798559000227 1.2263278788131302 -2.367356454237756 -0.6484655359069941 -0.3031447264619089 0.8043977346423105 0.3167259633575328 0.9963396288353139 -0.6852039644935676 -1.6021854330361502 0.7827478316775174 0.2537417783155892 1.0780506068181859 -1.4863251387868466 0.2047794686706793 0.5462563668684071 -0.45374363313159294 1.1458746328468483 1.1458746328456342
0.85607917885 0.7436637505545455 6.614991608393771 2.382555614751893 1.8240772587617546 1.7526543527066636 0.38064284669951676 0.10195488393386545 -0.33734891970180525 0.7436637505545455 0.6344047444991946 1.2095639871668604 1.2970558247973893 0.0 3.5322322861335613 -2.027287812243387 0.6513730561181431 -1.4325234746072493 1.2985398991628183 0.9973168534616226 -2.323383074236732 -0.6727178470193116 -0.31081850444214654 0.839378884222132 0.2945551313863098 1.0283919311063612 -0.669130143757922 -1.585062231869298 0.6942026322398155 0.2518932369031689 0.9723553705215356 -1.3685669262089637 0.20497413972293738 0.5547901495921916 -0.4452098504078083 1.1891948940924346 1.1891948940922346
0.877224334568 0.6911222894683058 5.75612592347779 2.4794846076067287 1.6723814782703155 1.551172467321569 0.40269530136577775 0.11988437745520761 -0.33017590397476493 0.6911222894683058 0.6711588356096296 1.1635687287591532 1.3409829316348647 0.0 4.092414678853154 -1.9458234377306045 0.663623447329615 -1.323937075400064 1.3423765663675677 0.7949364714685616 -2.281710398717392 -0.6984388038134701 -0.31892853107647745 0.8778592966996771 0.271544244092271 1.0629245971548933 -0.6529852289449491 -1.5672341401861118 0.6094608168687848 0.25012926819896014 0.8740092407136912 -1.2563128269195174 0.2067004610900474 0.5634507181673067 -0.4365492818326932 1.2346095537770663 1.2346095537770396
0.898891775632 0.6409684605648358 4.981211245266921 2.5305002342802565 1.5302181934323729 1.3681373159513757 0.4260198887469654 0.13871964119262747 -0.3228747066044802 0.6409684605648358 0.710033147911609 1.1201876213471669 1.3871584413071287 0.0 4.679140382672921 -1.8502326258049984 0.675808615095029 -1.2218981778130118 1.388467298102755 0.6208545270335696 -2.2420696416388406 -0.7257361562680116 -0.32750021684485564 0.9200304106061287 0.24763434393618414 1.1000886310885867 -0.6367915289310027 -1.5487431603983475 0.5285716965725187 0.24838911238518932 0.7829064249646339 -1.1497908145955786 0.2099972626945197 0.57224257816564 -0.42775742183436005 1.2822757260772613 1.2822757260772586
0.92109440249 0.5932250739347434 4.287101532938182 2.5419040422517165 1.397236310295373 1.2025443070892492 0.45071752699563883 0.15853287238149952 -0.3154343976642808 0.5932250739347434 0.7511958783260647 1.0791755404896377 1.435761480661784 0.0 5.292327353331135 -1.7418784879375047 0.6879125022223034 -1.1261460545960258 1.4369920258453797 0.4758112598634727 -2.2042292747647867 -0.7547270350830757 -0.3365608289566022 0.9661092595339554 0.22275297038773298 1.1400551606631355 -0.6205711149888948 -1.529632435123986 0.4515492149552245 0.2466247852938365 0.6988912450724786 -1.0491611931686662 0.21491338120789066 0.581177126657512 -0.418822873342488 1.3323730049835776 1.3323730049835776
0.943845434231 0.5478998695972033 3.669756174003437 2.5196768056944965 1.2730971198158663 1.0533448669580114 0.47689930869502695 0.179405403068832 -0.3078388208767095 0.5478998695972033 0.7948321811583783 1.0403176601564412 1.4869933602816687 0.0 5.932150267941149 -1.6218842236763467 0.6999189298734324 -1.0364212541654378 1.4881529685742214 0.3591326870569192 -2.1679891762413526 -0.7855388236938419 -0.3461396585648703 1.0163400822658144 0.19681417092893827 1.1830166171324987 -0.6043457278751926 -1.50994581226414 0.37837789018822576 0.2447987234206455 0.6217602219527536 -0.9545167603569568 0.22150790110743615 0.5902722284567209 -0.4097277715432791 1.3851044096150993 1.3851044096150993
0.967158416457 0.5049863693666675 3.12446432856633 2.469413377493137 1.1574669865188267 0.9194638966787273 0.5046874407164348 0.2014282496365365 -0.3000667648320444 0.5049863693666675 0.8411457345273914 1.0034248294510002 1.5410789696953469 0.0 6.599040749194135 -1.4911799558502574 0.7118116766974436 -0.9524661324203816 1.5421760667399607 0.26858125342280864 -2.133175781298041 -0.8183101375131041 -0.3562682032043763 1.070996265889196 0.16971823573893638 1.2291881979929626 -0.5881366939951382 -1.4897274755680558 0.30901782669039624 0.24288182260260197 0.5512663907794717 -0.8658854138573453 0.2298505313618046 0.5995519701977938 -0.4004480298022062 1.4406977047251852 1.4406977047251852
0.991047229343 0.46446484528003246 2.646054189122729 2.396278097257928 1.0500123520469544 0.7998158422923116 0.5342163144233731 0.2247027975580676 -0.2920920267944766 0.46446484528003246 0.8903605240389553 0.9683296919834531 1.5982684972444785 0.0 7.293693221388591 -1.35051003950497 0.72357456362173 -0.8740253852568216 1.5993127452475784 0.20062844465745464 -2.0996380058912765 -0.8531919213041944 -0.36698036637205556 1.130382627318642 0.14135119884539668 1.2788096112091998 -0.5719648501070843 -1.4690216306218453 0.24340900998739 0.24085181501905986 0.487125078938947 -0.7832345487194974 0.24002210327968668 0.6090465494442102 -0.3909534505557898 1.4994070734831655 1.4994070734831655
1.01552609591 0.4263033776720162 2.2290818496354907 2.3049776538689537 0.9503966322886458 0.693319173888993 0.5656337234776986 0.24934161718113715 -0.28388340400887824 0.4263033776720162 0.942722872462831 0.9348834380346108 1.658839468453953 0.0 8.017065557692233 -1.2004515406252636 0.7351915433146707 -0.8008465760437691 1.6598420010262294 0.15103330020609812 -2.067273648963929 -0.8903486786983833 -0.37831267639738 1.1948564247312303 0.1115841485257074 1.3321562949973813 -0.5558504760591141 -1.4479021297152088 0.1814750567950485 0.2386919352433832 0.42902053389718126 -0.7064767024445864 0.25213355226839934 0.618792253343727 -0.381207746656273 1.561515125806558 1.561515125806558
1.04060959048 0.3904589776992764 1.8679964241522808 2.1997491023801126 0.8582786314956626 0.5989091427290051 0.5991022465523492 0.2754694675835985 -0.2754045113732613 0.3904589776992764 0.9985037442539154 0.902953094212062 1.723099232880654 0.0 8.770390259658186 -1.0414523377329 0.7466467930988678 -0.7326806532062129 1.7240729462690427 0.11549513173754886 -2.035900227837427 -0.9299598490490572 -0.39030452698935725 1.2647535586379701 0.08027218564192036 1.3895033871804332 -0.5398132351102495 -1.426345814860253 0.12312624022903895 0.23638983180117765 0.3766130284880627 -0.6354760644934696 0.26624981438405476 0.6288316567885037 -0.3711683432114963 1.627335401042419 1.627335401042419
1.06631264736 0.35687875092786997 1.5572797616407619 2.0843595129827124 0.7733121422960197 0.5155487503219873 0.6348008129613911 0.3032244057929905 -0.2666136359583783 0.35687875092786997 1.058001354935652 0.8724192667274442 1.7913877189772736 0.0 9.555177916776378 -0.8737549051073282 0.7579248101748426 -0.6692824525721957 1.792347630359082 0.09017084020020553 -2.0054481237372155 -0.9722213484822865 -0.4029984421471783 1.3405090243369155 0.04725333562568358 1.4511869146436287 -0.523872121406963 -1.404428065793526 0.06826239462850614 0.23393668594182385 0.329545859367869 -0.5700553377166118 0.28250766940126365 0.6392137681684812 -0.3607862318315188 1.697215123104133 1.697215123104133
1.09265056975 0.3255010806472463 1.2915605509375074 1.962116464340073 0.6951464567436995 0.4422379206504364 0.6729264839012258 0.3327591957945777 -0.25746324475460614 0.3255010806472463 1.1215441398353763 0.8431742683558922 1.8640808950807701 0.0 10.37322620886158 -0.697581451929719 0.7690105078298266 -0.6104111801087608 1.8650445789642336 0.07195693526093917 -1.9758272142740516 -1.0173472988541328 -0.4164403684447574 1.4225835205823243 0.012346820520117251 1.5175683035512837 -0.508045414231996 -1.3821908854886817 0.016774851323391404 0.2313265041973088 0.2874522676560698 -0.5100028569374477 0.30103938074694786 0.6499946165477841 -0.3500053834522159 1.7715387563831604 1.7715387563831604
1.11963903882 0.2962568117044322 1.06570363694888 1.8358852111265314 0.6234275214954738 0.3780209152346512 0.7136964513620111 0.36424278468565646 -0.24789966567929822 0.2962568117044322 1.1894940856033518 0.8151205618764816 1.9415944199240536 0.0 11.226656110763058 -0.512996527884128 0.7798893111356525 -0.5558308714415396 1.94258253975171 0.058548222414012266 -1.9469574931231861 -1.0655719589453678 -0.43067999806884666 1.511486807784899 -0.024648530015503073 1.5890473331066308 -0.49235063868115725 -1.3596753283863376 -0.031451293295309046 0.2285555556923879 0.2499616463652098 -0.45507943016690466 0.32199272218154723 0.6612376095911243 -0.3387623904088757 1.8507316951944761 1.8507316951944761
1.14729412308 0.2690704178779924 0.8748763813126561 1.7081120692427392 0.557799578482179 0.32199207056543716 0.7573503414982635 0.397861987620501 -0.23786275565557324 0.2690704178779924 1.2622505691637727 0.7881694784398048 2.0243878135081994 0.0 12.11789019440511 -0.3197828128836721 0.7905472510640883 -0.5053108234454822 2.0254247675478285 0.04834737128240378 -1.9187673706936303 -1.1171519046251064 -0.44577112637762545 1.6077827709268997 -0.06395605623789734 1.6660661238108618 -0.4768045324849945 -1.3369214040107449 -0.07653514323740329 0.2256219292202939 0.21670513918787432 -0.40502490426814375 0.3455322017631271 0.673013900023461 -0.32698609997653905 1.9352644691872338 1.9352644691872338
1.17563228792 0.24386113720638478 0.7145942003643627 1.5808536803726336 0.49790705849032085 0.2732999670567758 0.8041527963079087 0.43382378455726944 -0.22728462144000672 0.24386113720638478 1.3402546605131813 0.7622401483731005 2.1129700390731747 0.0 13.049691604361307 -0.11787506712400893 0.8009710551882648 -0.4586259958249208 2.1140847420652267 0.04030821660044336 -1.8911937124958529 -1.1723684673759165 -0.4617720487476337 1.7120956956918854 -0.10582462134438357 1.7491142137557585 -0.4614230182340873 -1.3139679846326995 -0.11859973203823215 0.22252518832602558 0.18732088138143743 -0.35956450259811074 0.37184103517870404 0.6854039661941236 -0.3145960338058764 2.0256586267073047 2.0256586267073047
1.20467040544 0.22054406405277246 0.580747998958296 1.4558065985551938 0.4433966192063248 0.2311501662716421 0.8543963847738352 0.4723574144581293 -0.21608927864687577 0.22054406405277246 1.4239939746230588 0.7372586251690603 2.2079046959761834 0.0 14.025217685248375 0.09299699367686963 0.811148234197342 -0.4155573790063558 2.209131530148861 0.0337736684777539 -1.8641799623740507 -1.2315304685705823 -0.4787460008444038 1.8251166091347717 -0.1505307402373723 1.8387335437167946 -0.44622118151686574 -1.290852725519533 -0.15776985784816255 0.2192661065626537 0.16145792282255111 -0.3184142578601302 0.4011226345117129 0.6984979739655894 -0.30150202603441056 2.1224919485886486 2.1224919485886486
1.23442576445 0.19903118592333155 0.46961631106720236 1.3343399552226378 0.3939192350356312 0.1948066625538359 0.9084049652214149 0.5137170121891566 -0.20419177324100746 0.19903118592333155 1.514008275369025 0.7131571541841747 2.3098165021280175 0.0 15.04800089229312 0.31335128120807987 0.8210671623603888 -0.37589232707288467 2.3111964723223593 0.028340333563056513 -1.8376753745073033 -1.2949773179585413 -0.496761648658674 1.9476108730778063 -0.19838176526149703 1.9355245130659482 -0.43121325389346826 -1.2676120213067967 -0.19417102612762172 0.2158464670528097 0.13877964686423824 -0.28128603124215346 0.43360259770878146 0.712396819723174 -0.28760318027682596 2.2264050950921987 2.2264050950921987
1.26491608083 0.17923235716989838 0.37786481872279404 1.217529075158979 0.34913220435298337 0.16359220853440407 0.9665374587445759 0.558184778205495 -0.19149672805382734 0.17923235716989838 1.6108957645742932 0.6898735706810877 2.4193990365204656 0.0 16.122009207229592 0.5436304069013645 0.8307171513279052 -0.3394248526747887 2.420981175195382 0.023759555087425128 -1.8116349262489404 -1.3630824887289477 -0.5158936344203675 2.0804270183789844 -0.24972016277735679 2.0401530897399924 -0.4164126007336925 -1.244280956369081 -0.2279291172050697 0.21226891346836635 0.11896652861056942 -0.2478919408965578 0.46953125380469146 0.7272139038672512 -0.27278609613274885 2.338109668441544 2.338109668441544
1.29615950803 0.16105620298316817 0.30253596781976677 1.106188028443212 0.3087010396284125 0.13688767533406854 1.0291921698902156 0.6060743009242471 -0.1778973607464367 0.16105620298316817 1.7153202831503593 0.6673507973991561 2.5374229224039224 0.0 17.25168724131869 0.7844954509288522 0.8400885156197695 -0.3059558842448027 2.5392660021219937 0.019871927191351575 -1.7860183217375942 -1.436257448709981 -0.536223185713819 2.224506370971792 -0.30492738659713103 2.1533584769457956 -0.4018317136118084 -1.220893275896846 -0.2591691615959453 0.2085368414889558 0.10171798479957185 -0.21794802740750083 0.5091860878214326 0.7430762817129697 -0.2569237182870303 2.458396564863329 2.458396564863329
1.32817464788 0.14441094889380682 0.2410310855930029 1.0009019662960905 0.2723011766975456 0.11413060625401387 1.0968116994590453 0.6577345896606653 -0.16327379995266256 0.14441094889380682 1.8280194990984089 0.6455364259329464 2.6647456991457465 0.0 18.441989733379522 1.0367141802762403 0.84917262926168 -0.2752934835474079 2.666920323233551 0.016567426563109482 -1.7607898356293568 -1.514956099784493 -0.5578387962250432 2.3808943480154205 -0.36442913310380914 2.2759621969670163 -0.387482206924674 -1.197481362800578 -0.2880149892813715 0.2046543217089509 0.08675372151236564 -0.19117738754577007 0.5528748489170117 0.7601267036055421 -0.23987329639445787 2.5881462027039515 2.5881462027039515
1.36098056168 0.12920517277834606 0.1910871810574927 0.9020577516905608 0.23961947552029947 0.09481311679275368 1.1698885557263525 0.7135545551642777 -0.14749144145175674 0.12920517277834606 1.949814259543921 0.6243823654335999 2.802322818092164 0.0 19.698448593670847 1.3011482020915426 0.8579619727102541 -0.2472530235231254 2.804913977931702 6.1699162007041375 -1.7359178201141132 -1.5996798045852338 -0.5808369877306243 2.55075313902336 -0.4287009243370042 2.4088782618260884 -0.3733748184588918 -1.1740762245215426 -0.31458857206944524 0.20062604648255924 0.0738144371924769 -0.16731267227383 0.6009388794794391 0.7785255847439703 -0.22147441525602973 2.7283398442878912 2.7283398442878912
1.39459678155 0.11534847789246742 0.1507503021730449 0.809872928249919 0.21035549093223344 0.0784792844984203 1.2489715671689179 0.773968187999555 -0.13039894099197813 0.11534847789246742 2.081619278614863 0.603844545848838 2.951220337622885 0.0 21.02722514044299 1.5788470966507628 0.8664501694005553 -0.2216573266726245 2.9543305471453003 2.8102765837563575 -1.7113744061280043 -1.6909830847802825 -0.6053231643705658 2.7353762440997533 -0.49827468138365366 2.5531248628676364 -0.3595194136343836 -1.1507074870173932 -0.33900959243798656 0.19645729456470248 0.06266205327499305 -0.1460980527739116 0.6537569654848903 0.7984534221416655 -0.20154657785833452 2.8800727007565285 2.8800727007565285
1.42904332206 0.10275208680303576 0.11834702423056047 0.724422641314691 0.1842225051905797 0.06472216049719368 1.3346732272219417 0.8394605136977407 -0.11182586174123044 0.10275208680303576 2.224455378703236 0.5838826646108992 3.1126295169620057 0.0 22.435184186363042 1.8709711226833576 0.8746320115316806 -0.19833676437566172 3.1163826632672316 1.718671797731848 -1.6871352759604212 -1.789480092392609 -0.6314125719587691 2.936205112528541 -0.5737463336225662 2.7098377710533375 -0.345924993133389 -1.1274033959743286 -0.36139511561043114 0.19215390849853264 0.05307952611968466 -0.1272906888361029 0.7117497338253048 0.8201136320532156 -0.17988636794678436 3.044569010756452 3.044569010756452
1.46434069211 0.09132935733007172 0.09245534611914695 0.6456642963138967 0.16094832107035986 0.05318052137567492 1.427678106942239 0.9105744165511707 -0.09157997350441915 0.09132935733007172 2.3794635115703984 0.5644599686792149 3.287883538065979 0.0 23.9299783840134 2.178853875034469 0.8825034747738542 -0.17712931817426636 3.292429622473469 1.1795739495025626 -1.6631794340878505 -1.8958519662203077 -0.6592313769949427 3.1548481559638977 -0.6557845436001704 2.8802856654004962 -0.33259970365808966 -1.1041908216154195 -0.38185929429816445 0.1877222806398551 0.04487031016870148 -0.11066174837793105 0.7753846443934994 0.8437358079235646 -0.15626419207643538 3.223199319493963 3.223199319493963
1.50050990721 0.08099622260767105 0.07187599780943768 0.5734598793437631 0.14027582503997346 0.04353546595047478 1.5287525268355682 0.987918470878642 -0.06944417854459983 0.08099622260767105 2.5479208780592804 0.5455430634270652 3.4784766995146805 0.0 25.5201392848343 2.5040155115762017 0.8900617222481194 -0.15788060352266164 3.4839976881494232 0.8601244993376276 -1.6394889615861636 -2.010855214993393 -0.6889178824131214 3.393102518654343 -0.7451406915361932 3.065887700937185 -0.3195508515220598 -1.0810952704122416 -0.4005130876512606 0.18316934445884162 0.037857545500392546 -0.09599703569923962 0.8451816405950626 0.8695794261960734 -0.13042057380392658 3.417500304255354 3.417500304255354
1.53757250191 0.07167155831001107 0.055604907949810704 0.5075959664825824 0.12196333137305403 0.03550694712372329 1.638755676146959 1.0721760266671345 -0.045172794290751384 0.07167155831001107 2.731259460244932 0.5271017439424209 3.6860866659541807 0.0 27.21518801716194 2.8481570140225023 0.8973050972560459 -0.14044385875336207 3.6928037285657163 0.6505508485032405 -1.616048911128578 -2.135331279778206 -0.7206238996568037 3.652979158928971 -0.8426606286455165 3.268233794050193 -0.30678491885654235 -1.0581408993685055 -0.4174641530067098 0.1785025683964031 0.03188304925689492 -0.08309729062332835 0.921719698684039 0.8979383427642773 -0.10206165723572269 3.6291978030092094 3.6291978030092094
1.57555054271 0.06327748072365744 0.042807364237666366 0.4478013602146298 0.1057847247520007 0.028850314720583605 1.758652428411967 1.1641156202755576 -0.018487404442415478 0.06327748072365744 2.931087380686612 0.5091088416207872 3.9125999762441963 0.0 29.02576207550609 3.2132121760898316 0.904233105963755 -0.12467989949143643 3.9207824633193002 0.5039741265676134 -1.5928470743537364 -2.2702174636843435 -0.7545163000044702 3.9367315809597465 -0.9492980202319139 3.489107868810013 -0.2943075821292631 -1.0353505340272555 -0.432816640835044 0.17372995006313546 0.026806148770336012 -0.0717781979308913 1.0056442002731352 0.9291458006595277 -0.07085419934047232 3.8602331813461395 3.8602331813461395
1.61446664112 0.05573957999323302 0.032794212060832564 0.3937625269217642 0.0915294210103454 0.02335293163679294 1.8895281404137207 1.2646030904575531 0.010928141144606052 0.05573957999323302 3.149213567356201 0.4915400841322015 4.160141708500807 0.0 30.96375620180409 3.6013567527707515 0.9108463896390451 -0.11045704204547224 4.170118315169385 0.39693639869817404 -1.569873887200374 -2.4165594462840883 -0.790778771557753 4.246889052006681 -1.066130067502309 3.730514790825346 -0.28212373278524655 -1.0127456900200147 -0.44667115513488764 0.16886000896122266 0.022502429132534287 -0.0618701702083706 1.0976754846504801 0.963580482421373 -0.03641951757862705 4.112794049777573 4.112794049777573
1.65434396715 0.0489870932069856 0.025000283233815 0.3451368818004777 0.0790021660171401 0.01883091276970256 2.0326057538416156 1.3746155829834843 0.043433512049793954 0.0489870932069856 3.3876762564026928 0.4743739628445226 4.431109768452487 0.0 33.04249661719676 4.0150259648546385 0.9171466878303998 -0.09765099672343514 4.443282454581012 0.3163533012508421 -1.5471222896456736 -2.5755256318775936 -0.8296138129057337 4.586294884832367 -1.194375686875589 3.9947114427903343 -0.27023749972620786 -0.9903465949374933 -0.45912469798474453 0.1639017762919303 0.018862426562779706 -0.05321794068384831 1.1986186284296743 1.001673513836666 0.0016735138366659186 4.389349770239359 4.389349770239359
1.69520626314 0.042953022332832685 0.018965125578619922 0.30156407608837965 0.06802269593521135 0.015126024556743332 2.1892656210850356 1.495257767285949 0.07943856273168626 0.042953022332832685 3.648776035141726 0.4575916065725576 4.7282145978734125 0.0 35.27693044717039 4.456991721047104 0.923136793015633 -0.08614473388118071 4.743075990546554 0.2543232206390596 -1.524587536765723 -2.7484236384300003 -0.8712449994722701 4.958150651477701 -1.3354165224781043 4.284242652689655 -0.2586522734286189 -0.9681722138684032 -0.4702705890161387 0.15886478064224294 0.01579030706016992 -0.04568000968502911 1.3093746163359747 1.0439165294843082 0.04391652948430824 4.692692564626034 4.692692564626034
1.73707785784 0.037574202160547944 0.014316008935398396 0.2626754728961467 0.058425279585827584 0.012102772438827502 2.361068509651456 1.62778078880574 0.11941136823282106 0.037574202160547944 3.935114182752427 0.4411766580151543 5.0545255509852485 0.0 37.6838508526492 4.930358458610191 0.9288204973263541 -0.07582832546804497 5.0726807669618985 0.2057759847936318 -1.5022671336097515 -2.9367192735332015 -0.915919564712302 5.366067534739704 -1.490821779933373 4.6019830083355675 -0.24737073148397132 -0.9462402753215948 -0.4801985328201115 0.15375902862603263 0.013202568560534037 -0.0391279860042082 1.4309533519872777 1.0908714203514416 0.09087142035144158 5.0259856031038685 5.0259856031038685
1.77998368093 0.03279132346157257 0.010753114956506566 0.2281019291846278 0.050058164412403724 0.009645694367408088 2.549782347247829 1.773604267065753 0.16388748644563034 0.03279132346157257 4.249637245413049 0.4251151507295543 5.413524731858679 0.0 40.28216215586562 5.438632254525662 0.934202532827706 -0.06659876390268948 5.435718818369362 0.16729945777593536 -1.4801606662611508 -3.1420584135894174 -0.9639113456233136 5.814125799082711 -1.6623769781394615 4.9511853289264725 -0.23639486533881907 -0.9245672976320163 -0.48899460472644507 0.14859497973305844 0.011026779964939538 -0.03344584860620446 1.564488553669662 1.1431815631851254 0.14318156318512543 5.392818808598174 5.392818808598174
1.82394927785 0.028548916563423808 0.00803677027830415 0.19748008602932518 0.04278294647196744 0.007656870589115409 2.7574133870705753 1.9343420108541354 0.2134809321638942 0.028548916563423808 4.595688978450959 0.4093953853618506 5.8091699106148535 0.0 43.09317925526003 5.985784442703014 0.9392885059906455 -0.05835976135594034 5.836322455673211 0.13650799625672924 -1.4582696713239818 -3.366292281280448 -1.0155241505496553 6.306943998024588 -1.8521177243961586 5.335537162327697 -0.2257260080515197 -0.9031686168263884 -0.4967412931416533 0.143383514849253 0.009200381912225521 -0.028529160827650703 1.711255019573628 1.201585139143436 0.201585139143436 5.797274117594395 5.797274117594395
1.86900082501 0.024795300412153002 0.005976552508152868 0.17045732541325348 0.03647388282624494 0.0060536533104874534 2.9862425746142724 2.111832103739121 0.2688971570287544 0.024795300412153002 4.977070957690454 0.39400780286411824 6.245968114719209 0.0 46.1409844343732 6.5762964566139654 0.9440848275839101 -0.05102153177843505 6.279217034710622 0.11168118927653374 -1.4365975101258446 -3.6115066983095807 -1.071095617591451 6.84975960890777 -2.0623693881066143 5.759226708792518 -0.2153648628666325 -0.8820584138802199 -0.5035175644671899 0.13813589805825638 0.007669560437748687 -0.024284258890176942 1.8726886512173158 1.2669309001329507 0.26693090013295073 6.244001857823405 6.244001857823405
1.91516514539 0.02148250202797333 0.004422082920452599 0.14669555428800568 0.031017163817610025 0.004766614435456944 3.2388680842321182 2.3081721252215615 0.33094830162996214 0.02148250202797333 5.398113473720198 0.37894485386691357 6.72906177535016 0.0 49.45283799062229 7.215261639004785 0.9485986390568929 -0.044500558233376175 6.769818882978173 0.09154652176362384 -1.4151492038406248 -3.8800560092316783 -1.1310016440994337 7.4485231070998195 -2.295793610351673 6.227019832187295 -0.20531153243271794 -0.861249742738183 -0.509398902869066 0.13286373153502704 0.006388200938050908 -0.020627433412048504 2.0504096333796222 1.3401967003103143 0.34019670031031435 6.738310174030512 6.738310174030512
1.96246972448 0.018566151024699218 0.003255314863542751 0.1258739813837518 0.02631016043409437 0.0037377052700703134 3.5182551560238413 2.525760572770841 0.4005714120480306 0.018566151024699218 5.863758593373069 0.3642008630734374 7.264330005421099 0.0 53.05966039581512 7.908451698206779 0.9528377362872467 -0.03871934820438039 7.314351757795043 0.07514293636935239 -1.3939313148684267 -4.174602494363091 -1.195661482405655 8.110008087053945 -2.5554433158630676 6.744350355705704 -0.19556554848864247 -0.8407545577826553 -0.5144574088813911 0.12757890349875844 0.005316929310653578 -0.017484120682806876 2.2462494936808763 1.4225116552738672 0.42251165527386725 7.286270248646936 7.286270248646936
2.01094272667 0.01600535359269626 0.0023841304372241674 0.10769102262832725 0.022260660433527084 0.0029186188066667434 3.827794604508132 2.767345526135637 0.4788499032523319 0.01600535359269626 6.37965767418022 0.3497718880304457 7.858507577432552 0.0 56.99659920712029 8.66243888592124 0.9568104920076554 -0.03360617902321916 7.919985435588666 0.06173199295925301 -1.3729517667544417 -4.498162251181218 -1.2655436144594299 8.84194021045542 -2.8448274129385696 7.317425928128027 -0.18612590185427477 -0.820583740888145 -0.5187618468430781 0.12229352933736917 0.004422239429278295 -0.014788114330667531 2.4622825362752003 1.5151822564758932 0.5151822564758932 7.894839930656113 7.894839930656113
2.06061301202 0.01376255004018049 0.0017370672840433506 0.0918654799330787 0.018786105071290384 0.0022693428131874338 4.171371663567735 3.0360820564186124 0.5670391423113843 0.01376255004018049 6.952286105946225 0.3356555716852785 8.519325248257609 0.0 61.303685926540005 9.484727850990852 0.9605257776432801 -0.029094835998921376 8.595001465405302 0.050738155094008204 -1.3522196821637396 -4.854158718574924 -1.3411725391507023 9.6531486936635 -3.1679874154491494 7.953352582604406 -0.17699107256514302 -0.8007471289155899 -0.5223777172492283 0.11701988623791745 0.00367570793421808 -0.012480807903842797 2.7008625877172743 1.6197235220955086 0.6197235220955086 8.572009628041734 8.572009628041734
2.11151015342 0.011803359664685402 0.0012590104432229638 0.07813711466103995 0.015812836284620418 0.0017568903453297766 4.553447134234514 3.335600093173711 0.6665970452237806 0.011803359664685402 7.589078557057524 0.3218509890087575 9.255675602281304 0.0 66.0266168254426 10.383877295361586 0.963992885458886 -0.025124345461720488 9.348992095799337 0.04170752099038699 -1.3317452381438324 -5.246485236076433 -1.4231366314151317 10.553744633255853 -3.52958842018818 8.660281586659345 -0.16815906000701997 -0.7812535401164238 -0.5253673525656877 0.11177034178458327 0.003053293203294438 -0.010510474794504818 2.9646660761983283 1.7378962844270855 0.7378962844270855 9.32697484148461 9.32697484148461
2.16366445421 0.010096416384101905 0.0009076996317513976 0.06626672352816554 0.013275362735560571 0.0013541933485187792 4.979153250932163 3.6700846818134356 0.7792204026488747 0.010096416384101905 8.298588751553606 0.30835848748267186 10.07780915420248 0.0 71.21766825364745 11.36970406487248 0.9672214520220462 -0.021638704688044186 10.193099540313442 0.03427859279231139 -1.3115394644087983 -5.679578320754723 -1.51209726296859 11.555331169309843 -3.935026854491182 9.447582734646602 -0.15962741289911087 -0.7621108004055274 -0.5277899593152267 0.10655727717183591 0.0025347133929333617 -0.008831589596355388 3.2567424177562376 1.8717514716091603 0.8717514716091603 10.170340223162766 10.170340223162766
2.21710696623 0.008613198215816423 0.0006509186654161006 0.05603582179439586 0.011115651425468507 0.0010391446142616347 5.454407183967456 4.044371280859607 0.9068884997362296 0.008613198215816423 9.09067863994576 0.2951795221924131 10.99756713968199 0.0 76.93677342551587 12.45347680845781 0.9702213836046933 -0.018586610792676872 11.140305286132861 0.028161118354123632 -1.2916140762036594 -6.158503681559934 -1.6087994115727573 12.671251976965474 -4.390558962919594 10.326049558723076 -0.15139325899051642 -0.74332576975767 -0.5297016956533125 0.10139300585280568 0.00210289962723412 -0.007404194541791541 3.5805733370197124 2.023683324123599 1.0236833241235992 11.11436196406936 11.11436196406936
2.27186950829 0.007327853349357736 0.00046425016882877944 0.04724601707254914 0.009282450083080426 0.000793773392191265 5.9860456909869075 4.464059031582362 1.0519153427950165 0.007327853349357736 9.976742818311513 0.28231648637611306 12.028658161106529 0.0 83.25280213618694 13.648161296211837 0.9730027841093439 -0.015921190453670242 12.205780962091058 0.023120478489477396 -1.2719812860037063 -6.689057395053924 -1.7140840307609577 13.916885515083344 -4.903453953629698 11.308142665957726 -0.14345333434023796 -0.7249043678542222 -0.5311557276958139 0.09628968859788878 0.001743517814654798 -0.006193311880792572 3.940142696771832 2.196493145029338 1.1964931450293381 12.17323596334085 12.17323596334085
2.32798468515 0.00621702522132102 0.00032929457347218467 0.03971815066292501 0.00773064433581619 0.0006035403404303064 6.581985248057331 4.935645722696076 1.2170123496100516 0.00621702522132102 10.969975413428886 0.2697725383260486 13.186987763038937 0.0 90.24506836791524 14.968728088652608 0.9755758863296817 -0.013599731984220043 13.407315685332641 0.018965968596076264 -1.252653607975029 -7.277885187685044 -1.8289025068224485 15.309994302958142 -5.482176995558034 12.408278991071384 -0.1358040120513666 -0.7068516003990686 -0.5322022755917404 0.09125924607219969 0.001444553201545211 -0.005168402587147716 4.340018889529254 2.393465862638589 1.393465862638589 13.363441276067475 13.363441276067475
2.38548590687 0.005259678679538317 0.00023226718689701862 0.03329127175219093 0.006420652365576821 0.0004567381380034767 7.251412869073371 5.466689058042518 1.405364026652455 0.005259678679538317 12.085688115122284 0.2575514263943789 14.49105214177474 0.0 98.0051285633183 16.43247292472847 0.9779509865352313 -0.011583421571915054 14.765838966782265 0.015541869987861128 -1.233643690788131 -7.932623365313147 -1.954333596535724 16.871140569724645 -6.136608745019443 13.643176528244823 -0.12844133035018404 -0.6891715848256977 -0.5328886843905183 0.08631327017602627 0.0011959516959501185 -0.004302870768040611 4.785452454602361 2.6184625202921303 1.6184625202921303 14.704150635414415 14.704150635414415
2.44440740877 0.004436929011832357 0.00016290060754239557 0.027821497201374713 0.005317858832275062 0.00034398490793657003 8.005014048504094 6.065999530676705 1.6207188852014287 0.004436929011832357 13.341690080840158 0.24565731321683595 15.962408966041586 0.0 106.63891791789831 18.05946948099112 0.9801383834882714 -0.00983708460299404 16.306062653860668 0.012720555950840104 -1.2149640979462246 -8.662065707635634 -2.0916033211132006 18.62418165689022 -6.878308354748862 15.032265748120246 -0.1213610198910442 -0.6718675764989823 -0.5332594368442478 0.08146293549381967 0.0009893114050669983 -0.003573612070833269 5.282491576050063 2.8760314253363255 1.8760314253363255 16.21772150617648 16.21772150617648
2.50478427177 0.003731875327146236 0.00011359179041848522 0.023180805362696236 0.0043920889161713885 0.00025779854731243284 8.855245703123362 6.743871989686624 1.8674996761578875 0.003731875327146236 14.758742838538938 0.2340946016191766 17.626242514696827 0.0 116.26929099436464 19.87305235917836 0.9821483214128286 -0.008328933736457156 18.057273373521316 0.010397106815699303 -1.1966271384937643 -9.47636157368488 -2.2421083918475593 20.596862394739052 -7.720830460416475 16.598182282882608 -0.11455853019593948 -0.6549419958126149 -0.5333562089446922 0.07671891225299628 0.0008176191801802639 -0.002960604549404838 5.8381195562001125 3.1715430079183875 2.1715430079183875 17.930285846457323 17.930285846457323
2.56665244328 0.0031294395043173075 7.874362430191599e-05 0.01925579947885838 0.003617122538632411 0.0001922410761959639 9.816663714537809 7.512364108085966 2.150936959394283 0.0031294395043173075 16.361106190896347 0.2228677635170151 19.51204315029063 0.0 127.03907555320828 21.900395168430357 0.98399093763155 -0.007030324467082849 20.054314556635056 0.008485060527716413 -1.1786446943893107 -10.387251591655886 -2.4074438664536686 22.82152478443915 -8.680107502723537 18.367358004322288 -0.10802905513250631 -0.6383964548552752 -0.5332179150669529 0.07209128226946224 0.0006750263395302714 -0.0024465394421619106 6.4604185935428005 3.5113533116209403 2.5113533116209403 19.872459502517287 19.872459502517287
2.63004875863 0.0026162116767514815 5.425999987802893e-05 0.01594647098216081 0.002970248288172408 0.0001426231598995635 10.90631703192632 8.38563193035608 2.477230909048597 0.0026162116767514815 18.177195053210536 0.21198117459487284 21.654425962259133 0.0 139.11471643976958 24.173280637020916 0.9856762149442995 -0.005915519126508784 22.33880840863983 0.00691302945938214 -1.1610280196321932 -11.408348762922222 -2.5894358869546257 25.335960138811803 -9.774911381309733 20.37073170520676 -0.10176755735686499 -0.6222317854896603 -0.5328807150160243 0.06758945930298715 0.0005566584950107099 -0.002016489362347702 7.158765085601267 3.9030021169262668 2.9030021169262668 22.080197170136802 22.080197170136802
2.69501096297 0.002180302994373222 3.71611086132981e-05 0.013164987626484062 0.0024318559897761305 0.00010525999382121597 12.144223005749096 9.380335644550378 2.8537488312244044 0.002180302994373222 20.240371676248493 0.2014389562195546 24.094120507472898 0.0 152.69065748317334 26.728921626430697 0.9872139385356876 -0.004961460188498634 24.960684102987006 0.005621986163707681 -1.1437876023784206 -12.555474543808462 -2.790180538141852 28.184435463680607 -11.027413805586095 22.64460635899365 -0.09576879165246302 -0.606448068116934 -0.5323780740729878 0.06322211527000994 0.0004584551607809172 -0.0016576114276161515 7.944063787432118 4.355454946725562 3.355454946725562 24.595826622974055 24.595826622974055
2.76157773375 0.0018112062017731404 2.5292242798227295e-05 0.010834523258707799 0.0019850664858550235 7.727074196620805e-05 13.553942117460407 10.516130992484133 3.289265735208584 0.0018112062017731404 22.589903529100678 0.19124482733697962 26.87916926430926 0.0 167.9946288890998 29.611027860782148 0.9886136577432496 -0.004147553320937636 27.980095136708787 0.004563071119043068 -1.1269329994070136 -13.847061653362948 -3.0120900986614516 31.418932068870827 -12.463866445846438 25.231685031410905 -0.09002732711533666 -0.5910446608041862 -0.5317407852818898 0.058997113641068716 0.00037703469879616226 -0.0013588824502282816 8.829028539770151 4.879397935133671 3.879397935133671 27.46930146423435 27.46930146423435
2.82978870378 0.001499664390646745 1.7104795057151104e-05 0.008888143497388675 0.0016153969044017471 5.641467020820876e-05 15.16327479175805 11.816266227275642 3.794258591341354 0.001499664390646745 25.272124652930085 0.18140196772499084 30.06638324427144 0.0 185.29401212894138 32.871100490827395 0.9898846526042626 -0.0034554606837366997 31.469834147713513 0.003695811994490281 -1.1104726936666252 -15.304638120176575 -3.2579482470669583 35.100644663567394 -14.115429437988734 28.182326398895214 -0.08453756814374387 -0.5760202302148514 -0.5309970027680369 0.054921451264802315 0.0003095810689370586 -0.00111086363958712 9.828520010637309 5.4875986652849775 4.4875986652849775 30.759723318215062 30.759723318215062
2.89968448476 0.0012375481274893723 1.149261841420314e-05 0.007267756586574464 0.0013104594313576264 4.095800082626873e-05 17.005108324518346 13.308309316784143 4.381267630604253 0.0012375481274893723 28.341847207530577 0.17191289521478278 33.72311483813483 0.0 204.9035648406974 36.5699188489886 0.9910359046450669 -0.0028689049664669675 35.518382918796135 0.002986670022014586 -1.094413994293975 -16.95341042610352 -3.5309761464703655 39.30180063390602 -16.019183848416567 31.556070589006033 -0.07929377421928335 -0.5613727827113109 -0.5301723066161974 0.051001209689330855 0.00025374912784996613 -0.0009054922072222832 10.959953426375439 6.195349448970717 5.195349448970717 34.537196656501294 34.537196656501294
2.97130669153 0.001017741019635979 7.670542167632049e-06 0.005923135024882508 0.0010596914872487199 2.956632771528866e-05 19.118449131608934 15.025035612944095 5.065339685640314 0.001017741019635979 31.86408188601489 0.16277935765211188 37.9294215716552 0.0 227.19479226083433 40.77947334478496 0.9920760726189245 -0.002373484076384269 40.23376908495949 0.002407848361472385 -1.0787629101589076 -18.822967930369053 -3.834911784778324 44.10787304858729 -18.219370157132083 35.423497723707385 -0.07429007846404806 -0.5470996967321332 -0.5292897293503902 0.04724151689369511 0.0002075855254275176 -0.000735897321692123 12.2437911625724 7.021011450136086 6.021011450136086 38.88509333615097 38.88509333615097
3.04469796682 0.0008340336675916316 5.084767781407135e-06 0.004811011758191814 0.0008541151060777541 2.121816839739945e-05 21.54968434122554 17.00551504288229 5.8645751453302175 0.0008340336675916316 35.91614056870923 0.15400224180794092 42.780715714039445 0.0 252.60734189140928 45.58524826876451 0.9930134721944786 -0.0019564968957763718 45.748444321818816 0.0019363118012008572 -1.0635240756791244 -20.94813610477811 -4.174105514894821 49.62028102381861 -20.768909574231742 39.868498950836724 -0.06952050499356031 -0.5331977564368234 -0.5283698223465247 0.04364652011149096 0.00016946285472559756 -0.000596238125170808 13.704140455109384 7.986686294108559 6.986686294108559 43.90282686281779 43.90282686281779
3.1199020066 0.0006810258535192342 3.3472090620206015e-06 0.003894251621600479 0.000686123275705203 1.5135888510158648e-05 24.354127915609034 19.296447078346944 6.800804002831676 0.0006810258535192342 40.59021319268172 0.1455814997831563 48.3910171955134 0.0 281.66293419886836 51.0889876602716 0.9938560596867355 -0.0016067799934873506 52.225437789117464 0.0015529778441605308 -1.0487006969957227 -23.370012844359785 -4.553635454832796 55.95969353180963 -23.73127706847476 44.99105880992364 -0.0649789850897089 -0.5196631857664589 -0.5274307312357766 0.04021937021581652 0.0001380248718294775 -0.00048156154615611006 15.3694803391279 9.119046545357435 8.119046545357435 49.70925973803916 49.70925973803916
3.19696358616 0.0005540367361665703 2.187693738211171e-06 0.0031410972683410757 0.0005492910194522904 1.0730818724846083e-05 27.597920962120085 21.953804380285973 7.900423123420559 0.0005540367361665703 45.99653493686681 0.13751609354197222 54.89695806028737 0.0 314.9824060600727 57.41219368830156 0.9946114200628646 -0.0013145550975055542 59.86606918072772 0.001242047534616712 -1.0342945012293865 -26.137230704682864 -4.979447311183907 63.270082756173466 -27.182812997419767 50.91067347788867 -0.060659372232564714 -0.5064916834131354 -0.5264882627187454 0.03696221789251764 0.00011214096835302322 -0.0003876778391495105 17.273547819306653 10.450364620676389 9.450364620676389 56.4468995575432 56.4468995575432
3.27592858674 0.0004490227593516946 1.419397946466395e-06 0.002524487575166343 0.00043820903849296723 7.559896424772196e-06 31.36037419836665 25.044862720216575 9.19543686216032 0.0004490227593516946 52.26729033061108 0.12980395861429758 62.4627271927714 0.0 353.30662678153374 64.70035584661316 0.995286758254032 -0.001071287388362041 68.91950517324457 0.0009904507410590025 -1.0203057174856722 -29.30749873760958 -5.458524332337176 71.72371209440175 -31.21558540344416 57.77056299552005 -0.05655545606008365 -0.493678458659717 -0.5255559714375935 0.033876221560967375 9.086838344258515e-05 -0.0003110519552021568 19.45642176379067 12.019792115779325 11.019792115779325 64.2870824463904 64.2870824463904
3.35684402283 0.0003625029311916776 9.140174583460673e-07 0.00202144533242944 0.00034833780542197217 5.291609561135076e-06 35.736864000765785 28.650715473362943 10.724754384116494 0.0003625029311916776 59.56144000127631 0.12244198579789083 71.2861943853928 0.0 397.5222707100021 73.12815637804506 0.9958888939072668 -0.0008695542606425022 79.6943638294855 0.0007873855285011638 -1.0067330905256595 -32.94949137101442 -5.999094553718556 81.52729271566619 -35.94094490993349 65.74287746019203 -0.0526609753169763 -0.48121826761456743 -0.5246452686504496 0.03096156679209112 7.342084648798684e-05 -0.0002487089799210221 21.96585271438988 13.874955368445157 12.874955368445157 73.43639536972147 73.43639536972147
3.43975807019 0.00029149109558435006 5.84053921489459e-07 0.001612530301362354 0.00027588009810406523 3.67940343143028e-06 40.842423667183596 32.869397133535884 12.53581041943739 0.00029149109558435006 68.07070611197267 0.11542602156588469 81.60651653141005 0.0 448.69364633865894 82.90600102596427 0.9964242594731103 -0.0007029242392957435 92.57233328581552 0.000623935133453132 -0.9935738952682414 -37.14516934286866 -6.610884350477346 92.9296045520126 -41.4939509998136 75.03515029570801 -0.048969629881998475 -0.4691054495256155 -0.5237655215033298 0.028217496705698064 5.9142545049565666e-05 -0.00019815202699810001 24.858898440039933 16.073949527892736 15.073949527892736 84.1446556398654 84.1446556398654
3.52472009453 0.00023343479222467025 3.702642771903959e-07 0.0012813533840813672 0.00021767007351880855 2.5410384178790726e-06 46.81621081021021 37.81977601358564 14.686597348397413 0.00023343479222467025 78.02701801701701 0.10875088551608302 93.71361536541443 0.0 508.1021152621045 94.28807286814897 0.9968989010657358 -0.0005658457838713105 108.02324846786162 0.0004927491436664736 -0.9808239823913294 -41.9926402809475 -7.30542968643314 106.23096042913342 -48.03890202826843 85.89832319004495 -0.04547509196448524 -0.4573339638942771 -0.522924172713181 0.025642352635715602 4.7486518474133085e-05 -0.00015729114129512756 28.2039424121164 18.687839640680693 17.687839640680693 96.7148576576977 96.7148576576977
3.61178068086 0.0001861602863930952 2.32830709985918e-07 0.0010141472646182383 0.00017107709879482077 1.7426639699689774e-06 53.827081783214574 43.64642074267588 17.248221230813698 0.0001861602863930952 89.71180297202429 0.10241040432905622 107.96002420283799 0.0 577.2951149807838 107.58232940097643 0.9973184817798715 -0.0004535455905174679 126.62005726923115 0.0003877779076815419 -0.9684778519694419 -47.60969525097389 -8.09645949397456 121.79499596355663 -55.77626617022864 98.63675676338738 -0.04217101657052965 -0.4458974268090713 -0.5221268795698533 0.023233624146229304 3.799671026887142e-05 -0.00012438188979367268 32.08319299153233 21.80380780440869 20.80380780440869 111.51561077643298 111.51561077643298
3.70099166368 0.00014782334296575603 1.4519257499086392e-07 0.0007993887890986534 0.00013392268969791762 1.1866071308395355e-06 62.08057025765581 50.525702757222504 20.308124263967343 0.00014782334296575603 103.46761709609302 0.09639746037264868 124.77574136006037 0.0 658.1472668847741 123.16313053294257 0.9976882878765807 -0.00036193584881827334 149.0503843516435 0.00030405117336278437 -0.95652871885278 -54.138194987885704 -9.000369544194237 140.0634029391622 -64.95139209464867 113.62075729508113 -0.039051051341692344 -0.43478914756976134 -0.5213776354342006 0.020988007325024642 3.0293038433996816e-05 -9.797245240551502e-05 36.59578584306917 25.529122189383955 24.529122189383955 128.99673928547696 128.99673928547696
3.79240615777 0.00011686531941649224 8.976920861133014e-08 0.0006274684422436877 0.00010440903366313964 8.0206827541667e-07 71.82765213714349 58.67347532705878 23.97416422732546 0.00011686531941649224 119.71275356190581 0.09070405375837556 144.68691778923127 0.0 752.9368183703298 141.48694494961228 0.9980132364471183 -0.00028753021184879657 176.11889252423956 0.0002374935431506125 -0.9449686189282125 -61.74952748657627 -10.036810239503533 161.57440379337848 -75.86549752829012 131.3023056567639 -0.03610884587343824 -0.42400216472108865 -0.520678923995275 0.018901470149667768 2.405897108684774e-05 -7.685815787019233e-05 41.86165023147267 29.996163449239077 28.996163449239077 149.70891701114488 149.70891701114488
3.88607858987 9.197415858517936e-05 5.5016060354382816e-08 0.0004904023089512198 8.105770653209744e-05 5.380776590067774e-07 83.37579101090675 68.35476730112339 28.379792504856795 9.197415858517936e-05 138.9596516848446 0.08532137548015711 168.3394441897014 0.0 864.4416239876201 163.11215691460595 0.9982978855052499 -0.00022736779210008606 208.73181243450537 0.00018477061153553085 -0.9337885135730208 -70.65142106177716 -11.2294183445441 186.9859928575548 -88.88957265223335 152.23487119943576 -0.033338060614457585 -0.4135292814118589 -0.5200318643690619 0.016969323623146692 1.903116479538467e-05 -6.004251159535243e-05 48.026341172710225 35.36880685682763 34.36880685682763 174.32845854167223 174.32845854167223
3.98206473104 7.204987279424427e-05 3.341397403346472e-08 0.0003815821626368776 6.265732000255384e-05 3.5819865609715157e-07 97.10290519978051 79.89606245201486 33.690649597395264 7.204987279424427e-05 161.83817533296752 0.08023989021964413 196.5288249303628 0.0 996.0600041186974 188.72415645778747 0.9985464452202708 -0.00017894487209257903 247.8538240650256 0.0001431607084436032 -0.9229784061019497 -81.09647817587208 -12.6067312420346 217.1052752240989 -104.48203284041539 177.09845774131583 -0.03073237544850705 -0.40336310002194414 -0.5194363612079129 0.015186297322196004 1.4990812302717451e-05 -4.670387583865822e-05 55.26709989113138 41.85055428753927 40.85055428753927 203.6887296205068 203.6887296205068
4.0804217299 5.6174125254771644e-05 2.0106572582740836e-08 0.0002955595457317505 4.821895978538668e-05 2.3657151546504655e-07 113.47509084823108 93.70090852360651 40.112995462486964 5.6174125254771644e-05 189.12515141371847 0.07544942620426436 230.23814687620543 0.0 1151.963527155714 219.1669741344128 0.9987627908936133 -0.000140153703292345 294.432253416878 0.00011044802953085482 -0.91252747163872 -93.39290137404666 -14.203333505227087 252.9256328723374 -123.21121033163656 206.73137425571605 -0.02828549804875444 -0.39349605584208674 -0.5188912620933407 0.013546617978665297 1.1756405357077823e-05 -3.616705590060136e-05 63.80048145861894 49.694931927740186 48.694931927740186 238.82008334145866 238.82008334145866
4.18120814662 4.3583531951907774e-05 1.1984262143884942e-08 0.0002278599827323803 3.693839210725272e-05 1.5497891809712058e-07 133.06919108530698 110.26982840478374 47.90452077313873 4.3583531951907774e-05 221.7819851421783 0.07093927057385058 270.68650591531707 0.0 1337.2908130470923 255.48366835236524 0.9989504767197348 -0.0001092279987009448 349.30042421608607 8.483364170824185e-05 -0.9024241847426646 -107.91802161542442 -16.061300276512295 295.6739726624237 -145.78410954043423 242.17067793390947 -0.025991172088498743 -0.3839204494502602 -0.5183945072937034 0.012044089721627498 9.17767001700372e-06 -2.7879133005622756e-05 73.89198752024538 59.2188287909737 58.2188287909737 281.000813933152 281.000813933152
4.28448398785 3.364632641934388e-05 7.07354919458615e-09 0.00017482377264091254 2.816412682325482e-05 1.0068497764557688e-07 156.6016414100824 130.2258117812121 57.38826112849739 3.364632641934388e-05 261.0027356834707 0.06669826773469205 319.3909968119681 0.0 1558.3942303989306 298.9678156476907 0.9991127509836164 -8.469451670167771e-05 413.10315495190025 6.486143776040997e-05 -0.8926564493662972 -125.13542238218075 -18.232021301738353 346.87101060044466 -173.08330358723626 284.7038450492471 -0.02384318537731247 -0.3746284782105019 -0.5179432766390938 0.01067217466182688 7.130476782129601e-06 -2.1388964933704512e-05 85.86827491697397 70.8196689205189 69.8196689205189 331.8224046039896 331.8224046039896
4.39031074235 2.5842050468299974e-05 4.133360129195278e-09 0.0001334701066800271 2.1370527887364098e-05 6.48555089768751e-08 184.96547284194577 154.34707334686544 68.97057359755917 2.5842050468299974e-05 308.27578806990965 0.06271491914337646 378.2463616674688 0.0 1823.1551856153656 351.229343507314 0.9992525710840667 -6.533040177547633e-05 486.31905279438655 4.935659553344084e-05 -0.8832117428697859 -145.61669424336878 -20.778515063713627 408.40847643453145 -206.2144564196419 335.93503337071576 -0.021835377980859237 -0.36561226610097386 -0.5175341463670365 0.009424072562446428 5.5125628800391215e-06 -1.632984596334243e-05 100.1326883646218 84.9976041665895 83.9976041665895 393.27339223649915 393.27339223649915
4.49875141768 1.9743955401111503e-05 2.3905256276397516e-09 0.00010138155430379333 1.613525718766852e-05 4.1411935002196737e-08 219.27796003548687 183.60930423514765 83.16443898849576 1.9743955401111503e-05 365.4632667258115 0.05897748243833071 449.62770571430724 0.0 2141.3885417694087 414.27942182001067 0.9993726200206983 -5.012560725958792e-05 569.4514686078659 3.737449764843861e-05 -0.8740772365462304 -170.06917500422446 -23.778376434782942 482.64835700762796 -246.56774739134727 397.87037308276206 -0.01996165036540438 -0.35686389206167796 -0.5171632188772929 0.008292798442722252 4.239931574278302e-06 -1.2404880632890498e-05 117.18509028181649 102.38429027895921 101.38429027895921 467.8475570047707 467.8475570047707
4.6098705777 1.5003820122808632e-05 1.368012081481529e-09 7.660626517652124e-05 1.21204244072095e-05 2.6206257430547217e-08 260.94221495283153 219.24038193801414 100.6197895617625 1.5003820122808632e-05 434.9036915880526 0.05547406822907588 536.5234811498151 0.0 2525.3633243290865 490.6399138401432 0.9994753226997691 -3.825009636138077e-05 663.3942566921818 2.8158401931937762e-05 -0.8652399243454942 -199.37145708438658 -27.32754655122637 572.5509693965129 -295.8975815386611 473.0281813478634 -0.018215971593343087 -0.3483754172420664 -0.5168262570070664 0.00727125707578562 3.243819716497771e-06 -9.374684190692424e-06 137.64727780846027 123.7803499830016 122.7803499830016 558.6840415710542 558.6840415710542
4.72373438097 1.1338914468250761e-05 7.744128030129275e-10 5.757550483257629e-05 9.056894153117988e-06 1.643189761956064e-08 311.72712063111976 262.79149021126153 122.16313286781121 1.1338914468250761e-05 519.5452010518663 0.05219273339261643 642.7083339196776 0.0 2990.4759954733445 583.4850505873219 0.999562862184037 -2.9025328509568737e-05 769.8806688865797 2.1104428252540794e-05 -0.8566867497849966 -234.61901294321518 -31.54515420906148 681.8408892892181 -356.42643298567225 564.5819438934627 -0.01659238758146697 -0.34013891023270604 -0.516518814223781 0.0063523134692568435 2.4681422343269185e-06 -7.047071648434368e-06 162.29568823735178 150.20433375806977 149.20433375806977 669.7495348099361 669.7495348099361
4.84041062018 8.520857685287443e-06 4.3352934574425403e-10 4.3034407667514514e-05 6.7312728080360504e-06 1.0206435792432965e-08 373.8714859670421 316.2299396873207 148.84951639102087 8.520857685287443e-06 623.1191432784035 0.049121568926455625 772.9686596694244 0.0 3556.124336668044 696.8261563634496 0.9996371964190991 -2.1899556119642227e-05 891.8823443760823 1.573265941011883e-05 -0.8484047111071558 -277.18305454026864 -36.57975952890377 815.2227867044113 -430.9806556793325 676.5465488858375 -0.015085029414140961 -0.33214647098089317 -0.5162363405701428 0.005528858562269128 1.8673383367089497e-06 -5.268442300596737e-06 192.10364342600778 182.9569474285422 181.9569474285422 806.0760907069457 806.0760907069457
4.9599687625 6.366143159287401e-06 2.3994009023102626e-10 3.198407695313531e-05 4.9751609429516485e-06 6.2785967252275785e-09 450.22031905554525 382.0608133417264 182.03096438080638 6.366143159287401e-06 750.3671984259088 0.046248782102030615 933.3981628067152 0.0 4246.846483009833 835.7526266155614 0.9997000744757698 -1.642659514677902e-05 1033.8890491111301 1.166334682320907e-05 -0.8403809706859606 -328.7867724742317 -42.61744054556719 978.6633432555162 -523.1688460465124 814.021862862225 -0.013688121693201227 -0.3243902530105603 -0.5159742910802537 0.004793869513152256 1.4045576440102501e-06 -3.916606140323281e-06 228.29614482960739 223.70566314072983 222.70566314072983 974.0728615666386 974.0728615666386
5.08247999093 4.7281208970766925e-06 1.3124962140333463e-10 2.363338258222594e-05 3.6563137330179323e-06 3.824278772532576e-09 544.4038740496908 463.4870518325549 223.44696844317286 4.7281208970766925e-06 907.339790082818 0.04356277126923135 1131.786758525991 0.0 5093.81191503405 1006.7482449642351 0.9997530524981156 -1.2247660531983229e-05 1202.1107558376746 8.597372990525247e-06 -0.8326029459324704 -391.60449470261796 -49.89231238014569 1179.761024189198 -637.6170493590317 983.512636440224 -0.012395990888503582 -0.31686248405130957 -0.5157282142206289 0.00414046410164354 1.0501340505228565e-06 -2.8948326447927865e-06 272.42123410638004 274.59662670653574 273.59662670653574 1181.9364167893536 1181.9364167893536
5.20801724671 3.4902489101185603e-06 7.093725981786851e-11 1.7359013564330277e-05 2.671401891368927e-06 2.3058404582550806e-09 661.0739085216044 564.6210312009135 275.34464930335696 3.4902489101185603e-06 1101.7898475360073 0.0410521932457387 1378.1344968393641 0.0 6136.781412346011 1218.1080871899176 0.999797509533931 -9.075900248012303e-06 1404.7108514414417 6.300258412286925e-06 -0.8250583927031674 -468.3911993504586 -58.7002715103849 1428.2331710870205 -780.2802564670378 1193.3504677604774 -0.01120307364255661 -0.30955548513856707 -0.5154938316643524 0.003561948912058935 7.803040169841533e-07 -2.1269329331102585e-06 326.44332355101324 338.40329854158244 337.40329854158244 1440.1931460775897 1440.1931460775897
5.3366552727 2.5604433158463445e-06 3.787037538773811e-11 1.2672525958052583e-05 1.9401097220613732e-06 1.3759221568361544e-09 806.2167994948741 690.765420217826 340.63900863979984 2.5604433158463445e-06 1343.6946658247903 0.03870602253833579 1685.33367446459 0.0 7426.695087002156 1480.4898652249085 0.99983466226331 -6.683345393110329e-06 1652.1789881542622 4.589114229252778e-06 -0.8177354810783117 -562.652402292022 -69.41703510804044 1736.560454004827 -958.8567349012966 1454.2528243075344 -0.01010392497151988 -0.30246168808156854 -0.51526710965135 0.00305186110250001 5.761326457674729e-07 -1.5532126040166834e-06 392.86578818003693 418.7247388269793 417.7247388269793 1762.4194046517696 1762.4194046517696
5.46847065793 1.866374642656755e-06 1.996360256290627e-11 9.193292792180215e-06 1.4003455719524784e-06 8.123315050041306e-10 987.5703814566557 848.7876626304309 423.1275740577639 1.866374642656755e-06 1645.9506357610928 0.036513602225974086 2070.0782098188565 0.0 9029.104999307603 1807.647426307376 0.9998655798947242 -4.889907073701849e-06 1957.923336332919 3.322037500035055e-06 -0.8106228516633711 -678.8679867246054 -82.52192662746958 2120.843329615187 -1183.3415730070099 1780.066948603333 -0.009093226296109074 -0.29557365127081364 -0.5150443104854838 0.0026040036943123313 4.2261649189313286e-07 -1.1271556383763444e-06 474.89269385409415 520.2512635417038 519.2512635417038 2166.201899302797 2166.201899302797
5.60354188319 1.3515744210266588e-06 1.0388551875904069e-11 6.6264109837959e-06 1.0043737155716608e-06 4.743896386279367e-10 1215.181410929138 1047.6215821705034 527.7792034468405 1.3515744210266588e-06 2025.3023515485636 0.034464686543983464 2554.081554995404 0.0 11028.748877922008 2217.4099638615676 0.9998911979652517 -3.5542064000804174e-06 2339.1450770043043 2.389526676345201e-06 -0.8037096645652223 -822.7884290255189 -98.62938507111807 2601.945471197135 -1466.7695890197815 2188.764335783054 -0.00816579322990059 -0.2888840743239921 -0.5148220360348302 0.002212474434852834 3.079367390118219e-07 -8.127199034037059e-07 576.6431196485712 649.1219747177834 648.1219747177834 2674.4243262663467 2674.4243262663467
5.7419493677 9.722316326843477e-07 5.334674727932915e-12 4.744751415056566e-06 7.157060264946636e-07 2.739585339823968e-10 1502.1545820872195 1298.9424018165755 661.1244750187316 9.722316326843477e-07 2503.590970145366 0.03254947506621544 3165.7154451640977 0.0 13535.67341296 2732.995516469427 0.9999123309212213 -2.565977353929938e-06 2818.066659497263 1.707562745249155e-06 -0.7969856446742724 -1001.8286358910495 -118.53090528645492 3207.0274648602012 -1826.2170359098855 2703.7764011521513 -0.007316583047900563 -0.2823858108522256 -0.514597267844693 0.0018716883954376336 2.2284011023090423e-07 -5.821422237017091e-07 703.4364947148349 813.4081716367441 812.4081716367441 3316.99914178211 3316.99914178211
5.88377551708 6.94572953090465e-07 2.7024334454220527e-12 3.3744547635660327e-06 5.066172179647136e-07 1.5641018666883394e-10 1865.663729356215 1618.0794400770424 831.7858233471834 6.94572953090465e-07 3109.439548927025 0.030758638972547374 3942.2253722742084 0.0 16693.471067923983 3384.7827078883174 0.999929685330617 -1.8397584988782967e-06 3423.616926879098 1.212059018735562e-06 -0.7904411004443122 -1225.5940154480545 -143.25113400731416 3971.6137738204297 -2284.1585846631147 3355.7969338389366 -0.006540701757368795 -0.2760718799538932 -0.51436738073192 0.0015763945569016982 1.6012805133139628e-07 -4.141661779206764e-07 862.1742248934042 1023.7699649987258 1022.7699649987258 4133.209513925751 4133.209513925751
6.02910477235 4.927339513811133e-07 1.3500524609149896e-12 2.383278405169743e-06 3.5616932525359153e-07 8.825840366523866e-11 2328.3236641455896 2025.2562131727218 1051.2009712792492 4.927339513811133e-07 3880.5394402426496 0.02908333955230757 4932.740411521899 0.0 20690.414428620235 4212.710220868591 0.9999438708630843 -1.3097707536324776e-06 4193.72644053516 8.54431176927281e-07 -0.7840669455358713 -1506.5865502074469 -174.12327142917638 4942.392030278543 -2870.314603666424 4185.226383051262 -0.00583341069295847 -0.26993547642345117 -0.5141301593416665 0.0013216867182892814 1.1423748706206168e-07 -2.926189896955047e-07 1061.8525900358936 1294.3525184906002 1293.3525184906002 5174.891958733249 5174.891958733249
6.17802366023 3.4704051465906694e-07 6.648846773593412e-13 1.6712892366774526e-06 2.486499240351293e-07 4.920798171858619e-11 2920.0605465411345 2547.283761151794 1334.6149558319357 3.4704051465906694e-07 4866.7675775685575 0.027515239580576185 6202.382533400493 0.0 25774.58366482785 5269.543543753923 0.9999554113109719 -9.257261093242874e-07 5178.456506277193 5.980802868205237e-07 -0.7778547072964849 -1861.1571027854623 -212.89093437541626 6181.022997802673 -3624.1782929374217 5245.5030260239555 -0.005190132561219513 -0.26396997938963723 -0.5138838021807383 0.0011030091280812629 8.089867646667347e-08 -2.0527524125697068e-07 1314.255420234115 1644.0153333116177 1643.0153333116177 6510.782910880175 6510.782910880175
6.33062084464 2.426307574086777e-07 3.2269363883569867e-13 1.1634758921794695e-06 1.7234468175900844e-07 2.7100564964007486e-11 3680.6749812078674 3219.8846049649505 1702.447298132679 2.426307574086777e-07 6134.458302013112 0.026046507998272277 7837.905600145791 0.0 32274.52379754426 6625.346703742279 0.9999647543491644 -6.494531750167454e-07 6444.282392920508 4.156163978367732e-07 -0.771796523842431 -2310.7962568136927 -261.8464762439513 7769.352539222069 -4598.490381203388 6607.6659539469565 -0.004606456864368013 -0.25816895980044285 -0.5136269145888132 0.0009161572899454899 5.685771126369616e-08 -1.4295501766009996e-07 1634.8942372089564 2098.0267879732182 2097.0267879732182 8232.48508998633 8232.48508998633
6.4869871795 1.6835759082833284e-07 1.5428652268732663e-13 8.039219699843875e-07 1.1857855085455827e-07 1.4738606552685097e-11 4663.372705388146 4090.8987924536596 2182.1859011738443 1.6835759082833284e-07 7772.287842313576 0.024669818635540148 9955.47374348742 0.0 40627.60191571933 8373.632390470815 0.9999722807966673 -4.521842187354963e-07 8079.987586837078 2.8667979547062693e-07 -0.7658851368041744 -2883.8929896557875 -324.01979784576645 9816.578660648984 -5864.04146586529 8366.637953656213 -0.004078144639930626 -0.2525261865042035 -0.5133584981157522 0.0007572744332078641 3.96529248604817e-08 -9.881257843264322e-08 2044.2908183354068 2690.4120629543286 2689.4120629543286 10462.699905267906 10462.699905267906
6.64721576284 1.1592099945572769e-07 7.264417383586156e-14 5.51240857862794e-07 8.097154828337287e-08 7.912956585507431e-12 5939.654076021192 5224.730338522179 2811.024343351228 1.1592099945572769e-07 9899.423460035321 0.023378343468506473 12711.447803386549 0.0 51419.143019834126 10639.868753767996 0.9999783132391722 -3.1239437014995985e-07 10204.820820173738 1.9624192449281998e-07 -0.7601138733414469 -3618.143264558335 -403.4374599629412 12469.159467087744 -7516.34433503861 10649.922593284484 -0.0036011324608786637 -0.24703563128688266 -0.513077929660194 0.0006228441634210715 2.743598823819203e-08 -6.77789504377639e-08 2569.7360070524232 3467.223400219458 3466.223400219458 13366.64686025478 13366.64686025478
6.81140199218 7.918695086030025e-08 3.3670296640691055e-14 3.750235362869494e-07 5.4864885583926145e-08 4.192675870074524e-12 7606.122164368718 6708.547498812795 3639.5541982970026 7.918695086030025e-08 12676.870273947863 0.022165741327000384 16317.424472244866 0.0 65436.73798560109 13593.307719753428 0.9999831228887042 -2.141090553742231e-07 12979.849025532423 1.3328902367103806e-07 -0.7544766282086806 -4563.866351474671 -505.48021598618254 15924.584831529843 -9684.954722094786 13629.708728878484 -0.003171535650575894 -0.24169147257905757 -0.5127849415205676 0.0005096798212951171 1.8829808781012697e-08 -4.6128089224678493e-08 3247.7145575819804 4491.1196010670865 4490.1196010670865 17167.98987501495 17167.98987501495
6.97964362138 5.365680284650897e-08 1.535680507285288e-14 2.530941907096033e-07 3.688146416080218e-08 2.191677121149086e-12 9794.015104787506 8660.976619251307 4736.962702354749 5.365680284650897e-08 16323.358507979177 0.0210261424594813 21061.321210333925 0.0 83746.02800235136 17463.525855190015 0.9999869371775089 -1.4555574345820332e-07 16623.849273228403 8.980920558482418e-08 -0.7489678331279017 -5788.595930336018 -637.37909724594 20450.62489301281 -12546.563556191846 17539.811055761485 -0.0027856506769321394 -0.23648809810035165 -0.5124795894718066 0.0004149110800497496 1.2816520032183205e-08 -3.1141584051521714e-08 4127.266385033633 5847.813945086749 5846.813945086749 22171.172453065927 22171.172453065927
7.15204081883 3.605713256597253e-08 6.8895856489009945e-15 1.6940547534404882e-07 2.4591642338683306e-08 1.129936139339045e-12 12682.628788744863 11244.36170192386 6198.390761690265 3.605713256597253e-08 21137.714647908106 0.019954129943192383 27337.10540959837 0.0 107797.06377631701 22563.68631764298 0.9999899458079478 -9.812816026411042e-08 21435.68347434807 6.001854709345794e-08 -0.7435824271581517 -7383.471513298577 -808.90765778654 26412.386574388787 -16343.491025171435 22699.513753600855 -0.002439956701565015 -0.23142010652059197 -0.5121622225093996 0.00033596830259651796 8.649891669448296e-09 -2.0851407716864332e-08 5274.671926480682 7655.204014014493 7654.204014014493 28792.9186619226 28792.9186619226
7.32869622706 2.4025158557222056e-08 3.0391357559477323e-15 1.1243654522391792e-07 1.6260905988000838e-08 5.743531743523779e-13 16518.327610945777 14682.152494938902 8155.409083648268 2.4025158557222056e-08 27530.546018242963 0.0189447183294407 35686.95510189123 0.0 139574.4516050574 29323.44156044874 0.9999923056836931 -6.559043574938528e-08 27825.985634850054 3.977413188042393e-08 -0.7383158243417092 -9472.186976432538 -1033.3535493196432 34310.566509484546 -21409.962298220045 29547.325251147475 -0.002131116270975645 -0.22648230801839891 -0.5118334507328746 0.0002705651620350069 5.787396912900537e-09 -1.3844028453788183e-08 6780.020491241585 10076.373164344775 10075.373164344775 37606.919182587735 37606.919182587735
7.50971502387 1.586942889839338e-08 1.3176318497865661e-15 7.398326225253665e-08 1.0660801478164806e-08 2.8774254767949307e-13 21641.629864582497 19283.712866547674 10791.021385539283 1.586942889839338e-08 36069.3831076375 0.01799333040169614 46861.404493176786 0.0 181810.58009840592 38335.757911187655 0.9999941460192399 -4.3459625898023546e-08 36362.30621058392 2.6132265397839812e-08 -0.7331638750843876 -12223.592451111366 -1328.8902191918667 44835.855100670786 -28209.65978085475 38689.04786858731 -0.0018559751483409432 -0.22166972389813447 -0.5114941077266273 0.00021668000351575775 3.837971711185505e-09 -9.11240500108157e-09 8766.471993033287 13338.214115836963 13337.214115836963 49407.59722347446 49407.59722347446
7.69520498496 1.0389276709579614e-08 5.612325649035341e-16 4.825190098727467e-08 6.928366347977798e-09 1.4202913561063253e-13 28526.032227050593 25479.930990826113 14361.280383983081 1.0389276709579614e-08 47543.387045084324 0.017095772425463607 61905.667429067405 0.0 238290.2852473641 50423.94942083861 0.999995572805783 -2.853890590515107e-08 47833.82112509271 1.7018566888392278e-08 -0.728122829282091 -15869.547132685422 -1720.5252295599294 58946.78157130818 -37389.71625766937 50966.64930924306 -0.0016115612957708326 -0.21697758541678802 -0.5111452153263972 0.00017253639300632 2.522191219775264e-09 -5.945055284384896e-09 11403.39452622385 17758.266350995444 17757.266350995444 65301.65339607977 65301.65339607977
7.88527654808 6.739768718780083e-09 2.3475218933024715e-16 3.118581900156778e-08 4.462450740604905e-09 6.904680343329141e-14 37834.00732722678 33874.651813205426 19226.622803824248 6.739768718780083e-09 63056.6788787113 0.01624820866534257 82284.30168253554 0.0 314288.89359746786 66738.24924351371 0.9999966721020799 -1.8570837534426232e-08 63344.662227216984 1.0983601658939386e-08 -0.7231892989432742 -20730.365448823824 -2242.884689271255 77981.7923599108 -49858.82716530679 67557.55112363571 -0.0013950830278756027 -0.21240133165473843 -0.5107879487176983 0.0001365832607837898 1.6421834712847874e-09 -3.843597238017383e-09 14925.113481199505 23783.62776593068 23782.62776593068 86840.30664464197 86840.30664464197
8.08004287882 4.331562710756697e-09 9.638354570329021e-17 1.9969451695714084e-08 2.8478757959170367e-09 3.3047828788455174e-14 50498.28439809284 45319.43344192588 25897.57891080888 4.331562710756697e-09 84163.80733015473 0.015447135429040916 110062.3862409636 0.0 417206.0644900395 88895.82424362672 0.9999975143036047 -1.1970411550876747e-08 84449.38595702244 7.023384319993596e-09 -0.7183602179488691 -27251.31293914428 -2944.217724933197 103821.64322645025 -66900.97080959822 90118.67752591081 -0.0012039263675721792 -0.20793660675257836 -0.5104235992258792 0.00010747500566742512 1.0591078067984045e-09 -2.461973537905551e-09 19657.835896295524 32047.727358367032 32046.727358367032 116211.53468852176 116211.53468852176
8.27961993793 2.75731209094247e-09 3.882630954639303e-17 1.26661156464352e-08 1.8004234892037114e-09 1.55672463036813e-14 67840.59589417966 61022.91021489115 35101.88063430677 2.75731209094247e-09 113067.65982363277 0.014689355314610436 148170.54045793955 0.0 557488.9604862075 119185.09128148736 0.9999981553532865 -7.641659749424434e-09 113350.88507712788 4.448663825709545e-09 -0.7136328073729343 -36055.284603963526 -3892.1926983576595 139126.22180811115 -90342.04089267102 120996.80190025596 -0.0010356516445484672 -0.20357925636442717 -0.5100535433668474 8.405188136556755e-05 6.764543149737435e-10 -1.5620483155302526e-09 26058.561984478372 43453.69128089002 43452.69128089002 156521.3511045228 156521.3511045228
8.4841265504 1.7380735510690367e-09 1.533831618963784e-17 7.955887198166275e-09 1.1272825935255127e-09 7.214100243824702e-15 91746.31420883448 82711.84481713307 47883.63409905945 1.7380735510690367e-09 152910.5236813908 0.013971951840342037 200795.15778045024 0.0 749985.8194708718 160865.87048726025 0.999998640158561 -4.830105648778726e-09 153191.45041909025 2.790572890821955e-09 -0.7090045377062327 -48019.33827180272 -5182.342131429373 187682.21113988038 -122795.62570905277 163537.74586573284 -0.0008879893851344259 -0.19932532348742274 -0.5096792093887044 6.532094007799423e-05 4.277785711179495e-10 -9.814555956025371e-10 34771.687458489585 59297.564028740744 59296.564028740744 212208.08771013154 212208.08771013154
8.69368447619 1.0846455353457905e-09 5.939511520576632e-18 4.947645347385488e-09 6.988618323229985e-10 3.2876202213109246e-15 124923.03201808654 112869.91077879052 65750.86540755446 1.0846455353457905e-09 208205.05336347758 0.013292264919314761 273956.918771032 0.0 1015944.179556836 218613.33597552966 0.9999990040586517 -3.023025829662629e-09 208483.73855234677 1.733142696173936e-09 -0.7044730954300525 -64386.62930223527 -6950.449559096751 254916.9434982341 -168027.98256582415 222543.97809627114 -0.0007588355496791913 -0.1951710437396976 -0.5093020486673291 5.0437761901039416e-05 2.6778214476587534e-10 -6.105326431467057e-10 46711.8901347565 81451.66617179959 81450.66617179959 289656.71953527717 289656.71953527717
8.90841848275 6.699444504951994e-10 2.253372029083819e-18 3.045562273326975e-09 4.2888753685251765e-10 1.4727642880919276e-15 171286.10108407147 155094.18061423395 90896.5479070807 6.699444504951994e-10 285476.83514011913 0.012647867382911395 376374.3830471998 0.0 1385981.452065854 299179.2324815019 0.9999992756172544 -1.872519694856578e-09 285753.3367937002 1.0654824200935696e-09 -0.7000363507952173 -86931.24220226452 -9390.843355998251 348663.1708956666 -231503.76690732746 304956.54770342144 -0.0006462461796395508 -0.19111284010364393 -0.5089235088190537 3.868915268726572e-05 1.6589116424463852e-10 -3.759268895639878e-10 63186.33575554745 112639.31749700592 112638.31749700592 398116.15263712505 398116.15263712505
9.12845641928 4.0946053766162997e-10 8.371556999742896e-19 1.8551830981918365e-09 2.604830807897289e-10 6.482691310364602e-16 236537.55727229288 214631.12417821147 126532.04295559163 4.0946053766162997e-10 394229.26212048816 0.012036542718396125 520762.3050760798 0.0 1904532.6252995234 412383.7496778523 0.9999994772151888 -1.1468472838060961e-09 394503.6385003214 6.482168785689646e-10 -0.6956923287720055 -118202.61616925991 -12783.604492663066 480305.37731765 -321207.81847355014 420878.56236720015 -0.0005484315214546382 -0.187147317272923 -0.5085450103522352 2.9476948854266514e-05 1.0168059522363513e-10 -2.290580665841886e-10 86076.11519716188 156849.3552377961 156848.3552377961 551078.6173582843 551078.6173582843
9.35392929283 2.47568706196954e-10 3.044016562516394e-19 1.1180080823661283e-09 1.5652623522585795e-10 2.802602466259427e-16 329041.7661578332 299188.3693350674 177393.75977002655 2.47568706196954e-10 548402.9435963887 0.01145626431548395 725797.7033664152 0.0 2636558.429007774 572614.249031215 0.9999996249462116 -6.957245890504282e-10 548675.2526187084 3.9016170971700067e-10 -0.6914391838050837 -161890.59558746614 -17535.322729110834 666510.4935693437 -448891.620853836 585122.4550339811 -0.00046374969793549315 -0.1832712555008934 -0.5081679276084657 2.2303026010040167e-05 6.164775284772602e-11 -1.3807785306469204e-10 118107.54997295499 219966.09790330322 219965.09790330322 768369.0414996919 768369.0414996919
9.58497134636 1.4803863167857783e-10 1.0827433948849792e-19 6.663884916334521e-10 9.303596478529028e-11 1.1894888038190684e-16 461159.7399837696 420173.24343063904 250518.70394398365 1.4803863167857783e-10 768599.566639616 0.010905176066803126 1019119.2705835997 0.0 3677738.615783799 801106.8478851212 0.9999997328733662 -4.174656176303415e-10 768869.8654467243 2.322760522381352e-10 -0.6872751727022759 -223374.63159236353 -24240.596931756063 931860.4137604304 -631977.9114625141 819566.5187047168 -0.0003907000002347948 -0.1794816041992986 -0.5077935680855117 1.675556999024739e-05 3.696143733797607e-11 -8.232358117827889e-11 163260.84712081432 310733.7977398754 310732.7977398754 1079333.3643794914 1079333.3643794914
9.82172013862 8.752500676338886e-11 3.765356206558194e-20 3.9275060040751404e-10 5.46829880151789e-11 4.953994382465574e-17 651297.8848913119 594596.8597546798 356440.5996158635 8.752500676338886e-11 1085496.4748188532 0.01038157473401186 1441938.0744347167 0.0 5170079.813768542 1129446.2521467113 0.9999998116025497 -2.471141069548821e-10 1085764.8194730964 1.3673568469073885e-10 -0.6831986379547581 -310556.22963860584 -33775.536030068484 1312886.7296412084 -896493.0576967465 1156771.3352759564 -0.0003279158746780051 -0.17577547534728385 -0.5074231623603601 1.2496634486349235e-05 2.1908760392397477e-11 -4.853206495755387e-11 227390.2548223553 442244.35275789746 442243.35275789746 1527740.8275767507 1527740.8275767507
10.064316626 5.1150050920973416e-11 1.2795184908033136e-20 2.288191366663184e-10 3.177383766947475e-11 2.0236964606335015e-17 927078.2393165177 848024.176738523 511048.92709817295 5.1150050920973416e-11 1545130.398860863 0.009883893652417012 2056180.325959036 0.0 7326001.6415277915 1604976.4521244266 0.9999998640437247 -1.490938483783566e-10 1545396.8441346819 7.957121165348209e-11 -0.6792079889473641 -435130.4127155583 -47441.0054858469 1864302.7957549957 -1281616.8569342138 1645572.9467866118 -0.0002741576786649553 -0.17215013634899196 -0.5070578524492783 9.250979323366045e-06 1.283529303427466e-11 -2.828244272132364e-11 319172.3968941327 634249.9126700393 634248.9126700393 2179380.311530902 2179380.311530902
10.3129052467 2.953878905293259e-11 4.246182171922818e-21 1.3174374408410304e-10 1.8246450221031795e-11 8.10444103957851e-18 1330283.2766863895 1219181.0339608071 738501.14704418 2.953878905293259e-11 2217138.794477316 0.009410688244656112 2955640.941521496 0.0 10465804.722723924 2299232.659951934 0.9999999075065401 -8.4466988958809e-11 2217403.393723613 4.576174186364478e-11 -0.6753016820604941 -614542.9919656985 -67183.81309814074 2668706.6221950348 -1846797.9853920415 2359802.2711859215 -0.0002283052787842987 -0.16860300323867936 -0.5066986787373478 6.796157866820506e-06 7.430039714539603e-12 -1.6287889098366556e-11 451567.82771771896 916786.2013252452 916785.2013252452 3133924.9958025613 3133924.9958025613
10.5676340063 1.685173511102769e-11 1.3753310983671806e-21 7.493808382078206e-11 1.035262100734998e-11 3.1803600882254994e-18 1924631.58183299 1767207.5270239494 1075821.7906710138 1.685173511102769e-11 3207719.3030549837 0.008960622798316626 4283542.093725998 0.0 15076434.338187682 3321188.6646058075 0.9999999366436019 -4.798628161495344e-11 3207982.108124622 2.6001242704440904e-11 -0.67147821749058 -875027.7937602187 -95940.99115074771 3851810.989367676 -2682972.453691514 3411989.131131968 -0.00018935056210709863 -0.1651316333484077 -0.506346584094186 4.95380108477506e-06 4.248628699407277e-12 -9.267129561669503e-12 644091.686312692 1335895.490305258 1335894.490305258 4543614.793360242 4543614.793360242
10.8286545663 9.494479737420273e-12 4.345210401487993e-22 4.209974348873092e-11 5.801683545073965e-12 1.222326445806062e-18 2808107.2694210885 2583173.0733540836 1580225.689792648 9.494479737420273e-12 4680178.782368481 0.008532458863514059 6260405.472161129 0.0 21904417.82465233 4838245.075477485 0.9999999626874682 -2.334121784741683e-11 4680439.8435762245 1.4591494549493704e-11 -0.6677361225377167 -1256358.537719687 -138180.09807820484 5606549.099865235 -3930398.1288117976 4975080.338874127 -0.00015638992860931807 -0.16173371814264648 -0.506002404371729 3.5820293886752806e-06 2.3991099879837394e-12 -5.2074801476918745e-12 926370.3174967538 1962740.8015390262 1962739.8015390262 6642919.583907507 6642919.583907507
11.096122334 5.2812681584653336e-12 1.338260712165317e-22 2.3352129727547425e-11 3.2103670588851812e-12 4.598670440009207e-19 4132677.206833334 3808513.248369566 2340878.023290394 5.2812681584653336e-12 6887795.3447222235 0.00812504494123182 9228674.368012618 0.0 32104112.84301918 7109766.436073901 0.9999999638967942 -1.8573920179676406e-11 6888054.710839641 8.085097106016219e-12 -0.6640739473036069 -1819346.0288299313 -200754.29614822415 8231554.4650394125 -5807248.816509666 7317152.739659765 -0.00012861682877212289 -0.15840707582623265 -0.5056668714588004 2.5689113581481257e-06 1.3374056585811591e-12 -2.8892020582513744e-12 1343759.1203171895 2908244.189332431 2908243.189332431 9796039.534054656 9796039.534054656
11.3701965557 2.8994002592592927e-12 4.015332109087916e-23 1.278515719736197e-11 1.753532857365365e-12 1.6927086380956575e-19 6136098.90537975 5664807.092146236 3497943.307910528 2.8994002592592927e-12 10226831.50896625 0.007737307256511128 13724775.816876778 0.0 47476265.75386258 10541140.146327399 0.9999999814284467 -7.82340858762609e-12 10227089.227243211 4.421937920029341e-12 -0.6604902545212934 -2657768.8032539967 -294267.27237802395 12193124.110395396 -8655858.79818787 10857382.212372769 -0.00010531440583089594 -0.15514964446703225 -0.5053406100464377 1.8268804789345613e-06 7.357868267198579e-13 -1.5821895680510026e-12 1966292.6014291446 4346801.393697841 4346800.393697841 14573632.902664091 14573632.902664091
11.6510404106 1.5705070161915983e-12 1.1729252358470468e-23 6.906800645205267e-12 9.45126042063925e-13 6.092586769155311e-20 9193692.837109767 8502300.714253318 5273715.902622534 1.5705070161915983e-12 15322821.395182945 0.0073682421025150335 20596538.29780548 0.0 70855351.93605581 15771699.672172047 0.9999999826967957 -5.941802605491375e-12 15323077.511375595 2.386385051364673e-12 -0.6569836256505714 -3917526.674798915 -435271.24817056116 18225890.5190366 -13018180.985661445 16257092.720750472 -8.584829700680268e-05 -0.1519594747558062 -0.5050241508888235 1.2880167153412924e-06 3.9937166552566734e-13 -8.549253882678751e-13 2903069.1238536546 6555042.72089402 6555041.72089402 21877864.116076965 21877864.116076965
11.9388211088 8.390513669130592e-13 3.333475542627473e-24 3.680392049941741e-12 5.025005379399644e-13 2.1431348748061848e-20 13903382.908964023 12879702.859139625 8023957.599622838 8.390513669130592e-13 23172304.848273374 0.007016908500910268 31196263.447896212 0.0 106744285.40769172 23819038.307276193 1.0000000009566679 2.665645482125001e-13 23172559.406692095 1.2703509943096312e-12 -0.6535526495564444 -5827668.149553345 -649838.5713838463 27497883.856404196 -19760038.015525367 24569230.51876641 -6.965964237106843e-05 -0.14883472323508604 -0.5047179263216249 9.000986222071167e-07 2.1379405552672717e-13 -4.556612516994387e-13 4325579.008130822 9975762.983468864 9975761.983468864 33148067.83174224 33148067.83174224
12.2337099901 4.4198309855056275e-13 9.210957675563431e-25 1.933787879536522e-12 2.634540881142995e-13 7.363393760535002e-21 21226694.169213504 19696636.589308437 12323349.207035787 4.4198309855056275e-13 35377823.61535584 0.006682422825987877 47701173.82239163 0.0 162364287.21239263 36318115.136269145 0.9999999800154966 -4.497180405849122e-12 35378076.65891483 6.668272987522855e-13 -0.6501959300345642 -8751118.237400955 -979419.0057454234 41883710.27794728 -30277631.68233895 37486057.70168549 -5.625834406816001e-05 -0.14577364568335796 -0.5044222843467091 6.233332804047153e-07 1.1283920738535681e-13 -2.394702065635677e-13 6505886.66259144 15324347.855758056 15324346.855758056 50702171.4711139 50702171.4711139
12.5358826269 2.294768573782057e-13 2.4727927126597376e-25 1.001540667285897e-12 1.3615756331211115e-13 2.469638636977437e-21 32724775.125602584 30415603.692682482 19109082.093957253 2.294768573782057e-13 54541291.87600431 0.006363952089497453 73650374.96996155 0.0 249408230.9378321 55921224.42151968 0.9999999946056111 -9.756639940405876e-13 54541543.446290955 3.4502986491876685e-13 -0.6469120732962859 -13268401.83515905 -1490536.5456998963 64421007.86181316 -46844053.766270645 57753548.03761284 -4.5216612380177216e-05 -0.14277459113011415 -0.504137482165196 4.276750917091927e-07 5.869747065659823e-14 -1.2405202125913394e-13 9879715.985808853 23767635.385085084 23767634.385085084 78308927.26108938 78308927.26108938
12.8455189278 1.1739024673100482e-13 6.445150741224756e-26 5.111129030142792e-13 6.934097308868324e-14 8.080817162781202e-22 50957374.86935567 47437612.99615592 29924510.55537513 1.1739024673100482e-13 84928958.1155928 0.006060716219592515 114853469.67096792 0.0 386997815.800431 86973658.38286237 1.0000000020584798 2.97761815204467e-13 84929208.25292245 1.7591263050738915e-13 -0.6436997265676616 -20317166.85192901 -2290998.437178542 100080652.68235278 -73196418.53826027 89871502.57161573 -3.6162828841969874e-05 -0.13983599712759212 -0.5038637294403673 2.906498886292014e-07 3.008282693056702e-14 -6.332026237242887e-14 15151694.566759989 37227456.48685524 37227455.48685524 122156414.60244803 122156414.60244803
13.1628032453 5.914592055530587e-14 1.629745961158783e-26 2.569171220049036e-13 3.478470574549057e-14 2.577962411784369e-22 80164077.72434047 74744240.11105205 47336714.729240924 5.914592055530587e-14 133606796.20723411 0.005771952715378234 180943511.93647504 0.0 606721491.3007818 136666739.3547376 0.9999999955553656 -5.115907697472721e-13 133607044.95078802 8.834331527085799e-14 -0.6405574837185568 -31427009.53753933 -3557259.2235620567 157079459.52415022 -115540670.82960601 141288286.89204648 -2.8775750278379905e-05 -0.13695638387117742 -0.5036010998468679 1.9560741396728063e-07 1.518443046023295e-14 -3.183519766957643e-14 23472663.316916116 58900899.372395635 58900898.372395635 192507695.57962975 192507695.57962975
13.4879244855 2.9339511964330554e-14 3.995021623097883e-27 1.2715476161365274e-13 1.718193129564309e-14 8.013521330158497e-23 127439516.45061833 119006448.32794543 75659490.4315553 2.9339511964330554e-14 212399194.08436388 0.005497037465993301 288058685.5159192 0.0 961306414.7810564 217025087.44576755 1.0000000202107333 1.841526930945747e-12 212399441.4722751 4.368396165380809e-14 -0.6374841015895079 -49118732.00260008 -5581087.0179650355 249140648.830414 -184288967.00878748 224460737.65820354 -2.2779071575717897e-05 -0.1341343629068018 -0.5033497386845476 1.3033257127590898e-07 7.545630835615799e-15 -1.5759188112570617e-14 36741454.74605013 94161237.29799265 94161236.29799265 306560431.3823565 306560431.3823565
13.8210762203 1.432345039536883e-14 9.486216677666975e-28 6.193936900109884e-14 8.353554898042604e-15 2.4255747819154507e-23 204782097.3132523 191519664.11086896 122218368.67118692 1.432345039536883e-14 341303495.52208716 0.005235094194792219 463521865.1932741 0.0 1539705961.3063226 348370792.3568061 1.0000000315694801 2.264965992537782e-12 341303741.5912758 2.126047787160915e-14 -0.6344785797712668 -77590248.501181 -8849978.075214624 399427424.76667225 -297095384.847476 360443195.8040773 -1.793635840887715e-05 -0.13136860737295553 -0.5031099724005762 8.595353969738867e-08 3.690135799162535e-15 -7.678083094262769e-15 58123929.24458507 152134488.9745462 152134487.9745462 493437984.49663335 493437984.49663335
14.1624568029 6.879171157170202e-15 2.1801978514561595e-28 2.968395417692399e-14 3.995891221696217e-15 7.144339978627345e-24 332704704.9268193 311616828.1365918 199585981.15269393 6.879171157170202e-15 554507841.544699 0.004985930132108707 754093823.697393 0.0 2493619807.3295574 565423574.1086711 1.0000000029600449 1.6631140908884845e-13 554508086.3333876 1.0180134761087514e-14 -0.6315376992314417 -123907616.28693955 -14187203.870309025 647461626.2988125 -484214918.9106069 585207878.4527693 -1.4046358948156887e-05 -0.12865793008745785 -0.5028797691441501 5.6092571689363935e-08 1.7752652484546897e-15 -3.6803624846350304e-15 92953784.7541135 248485549.92700315 248485548.92700315 802993391.4717021 802993391.4717021
14.5122694859 3.2489274531242242e-15 4.84588100382853e-29 1.3990161878760938e-14 1.8798448248468408e-15 2.0462967347843555e-24 546670178.9014676 512761479.34509826 329588207.5795257 3.2489274531242242e-15 911116964.8357793 0.004749035665518907 1240705173.4153051 0.0 4084717555.1834946 928160079.3404652 0.9999999696123616 -1.3296030942910875e-12 911117208.377742 4.79388476267437e-15 -0.6286671724433246 -200096190.0029822 -22998411.94013711 1061437906.1868377 -798087966.3145483 960908705.2320967 -1.0938683635874804e-05 -0.1260013471494954 -0.5026658252924996 3.6212817572562554e-08 8.398254581999539e-16 -1.7348927839727169e-15 150320941.35105842 410412353.16658854 410412352.16658854 1321529318.002368 1321529318.002368
14.8707225422 1.5082612603871088e-15 1.0407587412097435e-29 6.481685400606931e-15 8.693815570481752e-16 5.695469739033266e-25 908667940.2231131 853531714.362218 550562416.7706876 1.5082612603871088e-15 1514446567.0385218 0.004530470088847279 2065008984.8092093 0.0 6769373934.179657 1541423188.245848 0.9999999595359276 -1.3709033908071433e-12 1514446809.3494058 2.2191578544197064e-15 -0.6258779813948513 -326849541.0890907 -37710652.37587735 1760356699.3846052 -1330659147.5022056 1596151568.4378533 -8.469879847202397e-06 -0.12339680610814115 -0.5024811752853392 2.3121489638795958e-08 3.9053630298795953e-16 -8.039301413372591e-16 245910132.34608352 685696388.326783 685696387.326783 2200142955.365305 2200142955.365305
15.238029389 6.8795360064091015e-16 2.1578104577794282e-30 2.9509190406244544e-15 3.95085680031957e-16 1.5393374483379087e-25 1528204851.5754178 1437754459.1395602 931002721.6798854 6.8795360064091015e-16 2547008085.9590297 0.004382849769325924 3478010808.638915 0.0 11353389101.272419 2590354904.0851407 0.9999999614308285 -1.0058620603103918e-12 2547008326.9219313 1.0093822954851213e-15 -0.6232841952311237 -540172536.8289917 -62562946.57501524 2954393742.331667 -2245506777.8395057 2683030621.045182 -6.5198575447241905e-06 -0.12083858401379176 -0.502445611216326 1.4596243507930087e-08 1.7852281951922128e-16 -3.6608020665481145e-16 407385656.37263733 1159738039.972849 1159738038.972849 3706746125.9318786 3706746125.9318786
15.6144087149 3.0817276580185846e-16 4.310774455419068e-31 1.3198324070255137e-15 1.7635213326269149e-16 4.037002468514768e-26 2598742763.4336724 2452003220.184591 1598906765.6936507 3.0817276580185846e-16 4331237939.056121 0.004867248890781521 5930144705.749771 0.0 19255807234.580082 4439323278.143682 0.9999999338025852 -1.3209433546990113e-12 4331238177.589383 4.506981638886754e-16 -0.6215874225310092 -903128167.0132228 -105047096.76081888 5018927389.263255 -3842106128.225848 4565299747.117771 -4.988651235303838e-06 -0.11827909534557571 -0.5033083271841126 9.107782185728404e-09 8.043433452364955e-17 -1.6379427510845187e-16 687689450.2071347 1992427182.073082 1992427181.073082 6323665121.129203 6323665121.129203
16.0000846102 1.3551212714091167e-16 8.180782316048034e-32 5.881181504597663e-16 7.72830277127695e-17 1.0265155334392895e-26 4410749686.43317 4296950201.688416 3014334246.073264 1.3551212714091167e-16 7351249477.3886175 0.013440204392410593 10365583724.461882 0.0 32679938791.424442 8474535796.577783 1.0000000231129524 3.5071945347908695e-13 7351249691.116446 1.9714831061904027e-16 -0.6432204718383964 -1519738607.0934424 -178565927.1441072 8703692667.03516 -6971917861.57277 7942332198.939868 -3.793538053529413e-06 -0.11509194683040339 -0.5281285250083437 5.615168552179713e-09 3.869221332767728e-17 -7.328113493673841e-17 1352443189.646543 3769276943.9192934 3769276942.9192934 11120526421.30791 11120526421.30791
16.3952867001 5.846431731691392e-17 1.055604099191992e-32 3.072585950356961e-16 3.321577398502182e-17 2.5286383842967954e-27 5355311316.462158 9113361076.374615 12318118960.147799 5.846431731691392e-17 8925518860.770264 0.18210021227335446 21243637821.91806 0.0 52512783014.794014 25210201288.08632 1.0000001209093023 1.386335490849433e-12 8925518912.683187 7.768678842983631e-17 -1.0251005746114976 -2249559431.627156 -307401466.69462776 16686190074.952028 -21452351393.811783 15617432436.88819 -2.866478475633713e-06 -0.09726558641364588 -0.927834988199238 3.4194130483848587e-09 3.9805537755347855e-17 -4.030787415575015e-17 7760671214.181765 15741886227.206673 15741886226.206673 24667405087.976936 24667405087.976936
