# r(1) ntot(2) grad2ntot(3) laplntot(4) tauk(5) tautf(6)  ptot(7) qtot(8) z(9) denstest(10) Fvw(11) vp(12) Fmggaus(13) Fcurvefit(14) divgradgrad2(15) divgradlapl(16) Har-dep-ind(17) vesp(18) Fmggapc(19) vpstitch4(20) vpts(21)  FxcPW91lb(22) FxcPW91lda(23) Fs1(24)  Fvw_ts(25) Fs(26) vxlda(27)  vcpw91(28) vw(29) Vresp(30) taupusbigZ(31) taurespts(32) Fpauli(33) FgeapauliusbigZ(34) zusbigZ(35) FmggausbigZ(36) FbigZnuc(37) 
0.000173611111111 31746.596411624945 5223053172683.759 -26133661800.205605 21938765.03904406 91389690.4538906 0.1350178951419205 -21.446889964074483 -47.85978198704244 31746.596411624945 0.22502982523653417 505.81427965868556 -46.634752161805906 0.0 1349727.3052987815 6146990336.272 0.00045130754599129256 -207177.28387793517 0.22502982523653417 16216634.180975081 -773.7559678108955 -0.015005409198418335 -0.008233363629787408 39.88834568595468 71.71466303881816 4.410223357218888 -23.38572191287835 -43.196996824466936 206446.72490694874 462.55424163831975 -5549368132.0173645 3600254041.8404665 39.66331586071814 -60.72203663735157 -61.72203663735157 0.22502983372625818 0.30360311501666915
0.000177899305556 31736.79774304817 5219722893218.52 -25524946650.324467 21932223.511825204 91342682.51951717 0.13504292783222419 -20.958121066406076 -46.77366596657976 31736.79774304817 0.22507154638704033 505.8347310167916 -45.54859442019272 0.0 -229166.75360619754 339489714.1934234 0.00046241219382012595 -202178.95080802805 0.22507154638704033 16208300.286423415 -506.91896457085386 -0.015007204968281576 -0.008233958693421762 38.88336724422408 70.08547510107397 4.273407814430977 -23.383315644236426 -43.1932784350976 201715.2251218923 462.55422372875313 -5418577378.576359 3515064447.4074564 38.65829569783704 -59.32141720732334 -60.32141720732334 0.22507155592298378 0.3036448368136718
0.000182293418403 31726.760230769418 5216407740940.5 -24888343735.44825 21925751.228289887 91294538.79255453 0.1350710477258105 -20.446193220824398 -45.636090191055416 31726.760230769418 0.22511841287635084 505.85107925794625 -44.41097177817907 0.0 -98544.89103074407 -327089535.1260324 0.00047378899916322384 -197301.10064565035 0.22511841287635084 16199765.96936843 -581.7475471910147 -0.0150091014005387 -0.008234574944117752 37.95386273211266 68.37909581562435 4.191655823431016 -23.38085020891458 -43.189629904482366 196762.5427283638 462.55420491464827 -5281794145.1820545 3425971348.286605 37.728744319236306 -57.85443702370517 -58.85443702370517 0.22511842317274622 0.3036917036580864
0.000186796065837 31716.478133686214 5212954682510.548 -24281261485.88528 21918982.77817792 91245232.47116522 0.13509835924156713 -19.95824397748 -44.55179900068381 31716.478133686214 0.22516393206927857 505.87070492909544 -43.32663506861453 0.0 -10722.454462415699 49687393.50198483 0.00048544457834961117 -192540.8291963836 0.22516393206927857 16191025.778909292 -543.1307469524618 -0.015011021054965374 -0.00823521290827486 37.02969577216248 66.75264385700262 4.094632992790849 -23.37832415892871 -43.18582289835399 192040.8842723295 462.55418515019306 -5151356437.880556 3341011870.665791 36.80453184009321 -56.456170896473495 -57.456170896473495 0.22516394339082346 0.30373722377495294
0.000191409928664 31705.94554416535 5209544178224.462 -23688156077.756805 21912222.963925757 91194735.99696262 0.13512960550802955 -19.481515971392614 -43.492449722365855 31705.94554416535 0.22521600918004925 505.8806906990165 -42.2672337131858 0.0 -78878.83049597211 88583633.9378283 0.0004973857056974404 -187895.3022691849 0.22521600918004925 16182075.069817578 -510.6240414460772 -0.015013060381542827 -0.00823587312833987 36.12860192524795 65.16360258048877 4.000751905977215 -23.375736003196668 -43.18212926733531 187427.86035700617 462.5541649990299 -5023924312.889776 3258009983.344015 35.9033859160679 -55.09006915768806 -56.09006915768806 0.22521602173606092 0.3037893013625975
0.000196137753901 31695.15634957201 5206068700844.258 -23104295403.23655 21905321.8363066 91143020.87298577 0.13516207205472466 -19.01212115470203 -42.44939822830781 31695.15634957201 0.22527012009120778 505.8895551649415 -41.2241281082166 0.0 -94562.39565474901 -22280960.692400735 0.0005096193169319307 -183361.7539949514 0.22527012009120778 16172908.920165379 -518.7656101556204 -0.015015165775387062 -0.008236556166268756 35.25533040326613 63.5990073024313 3.915295773512502 -23.37308419795763 -43.17838891518911 182886.16677371095 462.5541456902321 -4898480248.3945 3176303159.830682 35.03006028317492 -53.74498454709854 -54.74498454709854 0.22527013403625962 0.3038434131474431
0.000200982356423 31684.104415461938 5202484978376.044 -22535410007.56181 21898205.350772616 91090058.54414739 0.13519470461973238 -18.554777300400907 -41.43312689662385 31684.104415461938 0.22532450769955398 505.90023935607695 -40.20780238892429 0.0 -75019.6543851705 -9318905.408498786 0.0005221525139134019 -178937.48516842132 0.22532450769955398 16163522.217259187 -519.6481421800272 -0.015017317052034697 -0.008237262587537892 34.402031711829956 62.07458217570259 3.830810165267831 -23.370367191672745 -43.17453793229058 178461.0115641736 462.5541269023243 -4776255733.145225 3096693675.455471 34.1767072041304 -52.43443477237838 -53.43443477237838 0.22532452299480976 0.3038978016932834
0.000205946620627 31672.783439781797 5198820723189.179 -21980685306.87184 21890910.094017852 91035819.70053415 0.1352282931665476 -18.10882137864372 -40.442163497973524 31672.783439781797 0.2253804886109127 505.91034137778263 -39.216783009362615 0.0 -78998.76544142656 11558200.88349068 0.0005349925676813483 -174619.8616527083 0.2253804886109127 16153909.821182987 -517.0171376789222 -0.015019531173279031 -0.008237992974018497 33.568771057505955 60.588118417423324 3.747823796370749 -23.36758338907563 -43.1706190658483 174146.01513409524 462.5541086858455 -4657075850.9656515 3019067521.5784183 33.343390568895046 -51.156521315294164 -52.156521315294164 0.22538050543636 0.3039537837495887
0.000211033502156 31661.18697789966 5195061064359.676 -21438808023.042526 21883416.19673527 90980274.39992855 0.135262523429036 -17.673178195310566 -39.47411824651095 31661.18697789966 0.22543753904839334 505.920975384064 -38.248680707462555 0.0 -77876.51078804437 -4808779.830406907 0.0005481469224978964 -170406.31280443395 0.22543753904839334 16144066.502403308 -518.6306864837243 -0.015021802904050871 -0.008238747921873589 32.756239780708995 59.136031523416946 3.6674867147475756 -23.364731157189595 -43.1666110891705 169930.8487290394 462.5540910336365 -4540658307.846026 2943240852.6383715 32.53080224166061 -49.90816237689422 -50.90816237689422 0.22543755770410034 0.3040108352788342
0.000216246029659 31649.308435470164 5191208218824.258 -20910287847.735546 21875725.63826503 90923392.03625253 0.13529752683413693 -17.248274107007273 -38.52993879606673 31649.308435470164 0.2254958780568949 505.9318152855485 -37.30444291800983 0.0 -73952.9766634337 279119.77431968105 0.0005616231997887435 -166294.32994330785 0.2254958780568949 16133986.876411753 -517.9194130724063 -0.015024136006684957 -0.008239528042281667 31.962948393086254 57.71974290141448 3.588735209512444 -23.361808823433776 -43.16251848763685 165819.57304872308 462.5540739381147 -4427112696.033637 2869285047.385571 31.73745251502936 -48.69058002442848 -49.69058002442848 0.22549589859753916 0.30406917565061187
0.000221587306592 31637.141065666758 5187258978118.5205 -20394387768.114986 21867831.833616335 90865141.32907218 0.13533329537473646 -16.83350799036547 -37.60828930507102 31637.141065666758 0.22555549229122743 505.94293839700083 -36.38273381277979 0.0 -73566.24795201981 936285.6634016435 0.0005754292021833897 -162281.4648604236 0.22555549229122743 16123665.473119097 -518.2177744766232 -0.015026531465672892 -0.008240333961782422 31.188935179303073 56.337248793509445 3.5120381516507733 -23.358814674795557 -43.15833760361784 161806.4054235506 462.554057392352 -4316280632.017652 2797096943.8299723 30.963379687011848 -47.5020515995903 -48.5020515995903 0.22555551491084236 0.30412879126403647
0.000227060513065 31624.677966248964 5183211348935.84 -19890967930.592175 21859730.486021034 90805490.31244493 0.13536985436196947 -16.42877087785471 -36.70892766095413 31624.677966248964 0.2256164239366158 505.95434065526115 -35.48331123701752 0.0 -71004.8877827152 -1121054.3427265533 0.000589572917642377 -158365.32836103297 0.2256164239366158 16113096.691407412 -518.2045258553699 -0.015028990965030482 -0.008241166322642048 30.43353693351775 54.98818601678565 3.4371454642539603 -23.355746956955212 -43.15406662771094 157890.27790180533 462.55404138957357 -4208132084.846014 2726656983.3179135 30.207920509581133 -46.34226488251546 -47.34226488251546 0.22561644877643539 0.304189724364926
0.000232668907737 31611.912075549204 5179063529613.702 -19399694506.15692 21851418.506145414 90744406.31873593 0.13540723587714976 -16.03379367375244 -35.831255920749356 31611.912075549204 0.22567872646191628 505.9660299594434 -34.60557719428744 0.0 -69413.81528042055 458697.6253596283 0.0006040625236692222 -154543.58884075293 0.22567872646191628 16102274.815759463 -518.1489273605985 -0.015031516354875077 -0.00824202578331908 29.696345147149074 53.671657638970046 3.3640542192307605 -23.352603873136868 -43.14970406030172 154068.5896174526 462.55402592404437 -4102595334.502511 2657918451.204939 29.470666420687156 -45.21044878614685 -46.21044878614685 0.2256787538498788 0.3042520285622705
0.000238415829758 31598.83616914554 5174813503523.144 -18920264913.9302 21842892.00079089 90681855.96586822 0.1354454681987588 -15.648332882367011 -34.974733024813744 31598.83616914554 0.22574244699793133 505.978013361457 -33.74899057781581 0.0 -67790.42560474633 -84404.16439686436 0.0006189063916131836 -150813.97089625295 0.22574244699793133 16091194.00993566 -518.1306476251921 -0.015034109439416228 -0.008242913018875824 28.976933126463656 52.38685205488797 3.292733242974177 -23.34938358312004 -43.14524809843494 150338.9854967262 462.55401099007645 -3999605376.888388 2590839007.9689937 28.751190679465722 -44.10590557822064 -45.10590557822064 0.22574247724457808 0.30431575102217745
0.000244304700753 31585.442856673562 5170458746701.3545 -18452385186.522568 21834145.149635118 90617805.14539224 0.13548456815188 -15.272151943745937 -34.13883330929006 31585.442856673562 0.2258076135864667 505.9902981577049 -32.91302569570359 0.0 -66127.27031012812 -177992.903193691 0.0006341130910452517 -147174.25397330342 0.2258076135864667 16079848.315236585 -518.217203951499 -0.015036771823757043 -0.008243828721383956 28.27488289918037 51.13298075940625 3.2231505326672742 -23.34608420227698 -43.140696192478366 146699.1774655444 462.55399658244363 -3899099057.6718116 2525377520.229651 28.049075285593904 -43.02795738007426 -44.02795738007426 0.22580764684251442 0.3043809195745669
0.000250339026862 31571.72457877114 5165996990370.068 -17995804169.738834 21825173.219191607 90552219.01135013 0.13552456107484467 -14.905049566606849 -33.32310949775573 31571.72457877114 0.22587426845807446 506.0028918409278 -32.09723522929765 0.0 -64367.24080166506 -98558.51667680281 0.0006496913942420871 -143622.27104276954 0.22587426845807446 16068231.646380594 -518.1916942147654 -0.015039505316465846 -0.008244773600324466 27.58974320734312 49.90937282381424 3.155231057190587 -23.342703800633945 -43.13604619766703 143147.21539475245 462.5539826967651 -3801022426.2764106 2461498849.07607 27.36386893888504 -41.9760273991737 -42.9760273991737 0.22587430514548124 0.30444757674577316
0.000256522400826 31557.673602632116 5161426336378.343 -17550237072.008804 21815973.025418032 90485061.96265748 0.1355654839434658 -14.546796475023408 -32.527052142931225 31557.673602632116 0.22594247323910965 506.01580215070203 -31.301109669692117 0.0 -62909.61019025224 127400.04920767945 0.0006656502807395331 -140155.9073113419 0.22594247323910965 16056337.793694414 -518.1564808409894 -0.015042311993431605 -0.008245748383117172 26.92112183639984 48.71526405665047 3.088950244777594 -23.339240401580405 -43.13129655113891 139680.88212705203 462.55396932831303 -3705314305.071354 2399163147.054394 26.695179363160733 -40.94945866976927 -41.94945866976927 0.22594251357713868 0.30451578403022117
0.000262858504126 31543.28201882887 5156744028985.73 -17115400200.275826 21806538.068212777 90416297.63173117 0.13560735317212513 -14.197164102527843 -31.750153343650208 31543.28201882887 0.22601225528687524 506.0290369975377 -30.524141088363333 0.0 -61412.239617579835 -167261.41882052398 0.0006819989419894206 -136773.0989623656 0.22601225528687524 16044160.419405846 -518.2574640292733 -0.015045193550687803 -0.008246753815545538 26.268643089189723 47.54989259704636 3.0242912498257297 -23.335691980880956 -43.12644441156467 136297.9679427479 462.55395647302936 -3611913749.4436097 2338330720.6161857 26.042630833902848 -39.947596219379214 -40.947596219379214 0.22601229974471138 0.30458556872048004
0.000269351109178 31528.54173825237 5151947567811.121 -16691062667.235514 21796862.938902736 90345888.87385918 0.13565019381963553 -13.855967500529731 -30.992002140169234 31528.54173825237 0.22608365636605923 506.04260453149857 -29.765918483803176 0.0 -59761.10343874141 -159661.89202997013 0.0006987467861184167 -133471.83192545257 0.22608365636605923 16031693.053817373 -518.2728014726017 -0.01504815189295405 -0.008247790662178345 25.63188443558521 46.412641991465165 2.961181178351291 -23.332056465706184 -43.12148734319793 132996.68061132316 462.5539441284252 -3520771166.2597694 2278969269.667606 25.405800779219152 -38.96991008827713 -39.96991008827713 0.22608370534510824 0.3046569728237102
0.000276004081575 31513.444487420602 5147034915176.884 -16276971066.58315 21786944.1467754 90273797.7489681 0.1356940451534202 -13.523002913740724 -30.252145801132603 31513.444487420602 0.226156741922367 506.0565131490796 -29.025989059210236 0.0 -58321.57008124311 35633.95255835448 0.0007159034427503534 -130250.14067953991 0.226156741922367 16018929.096034834 -518.20835348322 -0.01505118924667595 -0.008248859706943473 25.010467658459234 45.30283312105811 2.8995833642774014 -23.328331733250387 -43.11642363314693 129775.04874968983 462.55393229165225 -3431832125.4507766 2221043342.2153845 24.784310916536864 -38.01581644979598 -39.01581644979598 0.22615679587025406 0.3047300616768386
0.000282821382389 31497.981804836476 5142003503483.031 -15872858455.865128 21776776.183385096 90199985.50860971 0.13573893457158648 -13.19805516017797 -29.530106184945993 31497.981804836476 0.2262315576193108 506.07077143648496 -28.30387462732668 0.0 -56951.26134228646 -52713.822326382375 0.0007334787679422246 -127106.10708223034 0.2262315576193108 16005861.813121537 -518.2258491512475 -0.015054307636156618 -0.008249961753617262 24.404047620507388 44.21974875821255 2.8394862292877505 -23.3245156095967 -43.11125078494238 126630.99248386404 462.55392095933496 -3345039286.118549 2164515591.502659 24.177816062888077 -37.0846987087294 -38.0846987087294 0.22623161704841743 0.3048048810051761
0.000289807070534 31482.145037710055 5136850492906.077 -15478493401.389069 21766352.54319764 90124412.58489591 0.13578488436714317 -12.880938380715005 -28.825470304355036 31482.145037710055 0.2263081406119053 506.0853882339679 -27.59916216374313 0.0 -55552.18606501378 -14565.48319201 0.0007514828492299449 -124037.85922565227 0.2263081406119053 15992484.334193641 -518.2526151597704 -0.015057509020563112 -0.008251097626290055 23.8122521050598 43.16276940966192 2.7808427171077255 -23.320605868660373 -43.10596590718207 123562.71257639969 462.5539101301705 -3260342938.8530664 2109353642.4260447 23.585943964447896 -36.17602429066453 -37.17602429066453 0.22630820608750113 0.30488146802713445
0.000296965305177 31465.925338060995 5131573297885.431 -15093638353.328161 21755667.813266274 90047038.57669212 0.13583192566386054 -12.571461476053765 -28.137813540362234 31465.925338060995 0.2263865427731009 506.10037263726565 -26.911426997589132 0.0 -54244.827202161745 -68580.51691041148 0.0007699260107401457 -121043.57032461822 0.2263865427731009 15978789.653215708 -518.3105037318892 -0.015060795575363882 -0.008252268169895908 23.234732128648826 42.13125812961898 2.7236213092407375 -23.316600230966888 -43.10056651413037 120568.36038740046 462.55389980319103 -3177692061.821998 2055524264.310221 23.008345585875723 -35.28924562150471 -36.28924562150471 0.22638661487988965 0.3049598745935228
0.000304300348215 31449.31365851003 5126169009110.134 -14718068761.191992 21744715.37786895 89967822.23455825 0.13588008319325123 -12.269444004229646 -27.46673494746329 31449.31365851003 0.2264668053220854 506.11573394896016 -26.240268142141204 0.0 -52803.83706898315 -194869.9312905811 0.0007888188184138686 -118121.45762848838 0.2264668053220854 15964770.623621829 -518.3631378397258 -0.015064169387053399 -0.008253474250779136 22.671138246749717 41.124613486087576 2.667782282852841 -23.31249636234029 -43.0950496458663 117646.18954029451 462.5538899768089 -3097038426.568733 2002996046.8086612 22.44467144142763 -34.423845655553784 -35.423845655553784 0.22646688471627463 0.30504014199890694
0.000311816566815 31432.30074853785 5120635321913.031 -14351580273.062515 21733491.10995102 89886721.44816025 0.13592939992599598 -11.974722218569905 -26.811870707823488 31432.30074853785 0.22654899987665997 506.13148175148746 -25.58532170794683 0.0 -51478.12678659684 66417.19161336591 0.000808172085337823 -115269.78135868082 0.22654899987665997 15950419.95734345 -518.2572952612536 -0.01506763294983009 -0.008254716757229406 22.121111337314332 40.14228972844301 2.6132685873504125 -23.30829187269332 -43.08941328394073 114794.61347670351 462.5538806513799 -3018338149.630331 1951740408.2478 21.894562337437673 -33.579355226245255 -34.579355226245255 0.22654908733990964 0.30512234189028675
0.000319518436016 31414.877149106436 5114969620900.553 -13993917641.776768 21721989.73627855 89803693.22612809 0.1359799129210859 -11.68708975576849 -26.172762291220476 31414.877149106436 0.22663318820180986 506.14762588224414 -24.946129103018666 0.0 -50393.327521668754 18857.194280766802 0.0008279968771599328 -112486.84367229206 0.22663318820180986 15935730.22898355 -518.2873946568725 -0.015071188680893181 -0.008255996600172549 21.584369230413316 39.18359904076344 2.5600935312509177 -23.30398431439856 -43.08365495693678 112011.63993259212 462.5538718260447 -2941536408.2860236 1901721642.0699816 21.357736042211506 -32.755183028822174 -33.755183028822174 0.22663328451311937 0.30520653609083837
0.000327410541385 31397.03319064487 5109168185645.143 -13644874482.489477 21710201.67099736 89718693.69221371 0.13603163214812905 -11.406380811756335 -25.549041258937233 31397.03319064487 0.22671938691354843 506.16417642783983 -24.322321872023686 0.0 -49073.82207472964 -183211.43614673289 0.0008483045176079266 -109770.9876542914 0.22671938691354843 15920693.866368504 -518.4014996804326 -0.015074838495064786 -0.008257314713574545 21.06058436335208 38.247988759434676 2.508217380063546 -23.299571181476175 -43.077770521545936 109295.66392513251 462.5538635011331 -2866588877.5689826 1852910882.5148687 20.833864976438534 -31.95085393689544 -32.95085393689544 0.22671949296077953 0.305292741292185
0.000335497581758 31378.758988461603 5103228538842.243 -13304275542.87397 21698122.35902779 89631678.06944835 0.1360846029364286 -11.132455480108463 -24.940396774961666 31378.758988461603 0.22680767156071435 506.18114376031633 -23.713589103400952 0.0 -47812.881049858894 -7939.20099348551 0.0008691065941385837 -107120.59632710564 0.22680767156071435 15905303.148297919 -518.3402964000707 -0.015078585062672886 -0.008258672055084248 20.549404957350156 37.334992605255586 2.4575689189922185 -23.29504990813037 -43.07175775221296 106645.32778845778 462.5538556792276 -2793457930.512036 1805283623.5792465 20.322597285789442 -31.165967107606875 -32.165967107606875 0.2268077883458428 0.30538103308797226
0.000343784372027 31360.04443690678 5097147982620.485 -12971886601.657232 21685746.45735224 89542600.65864156 0.13613886720971427 -10.865124398532876 -24.346408096309673 31360.04443690678 0.22689811201619045 506.1985385212449 -23.119509984293483 0.0 -46729.30427699811 -7379.132139063924 0.0008904149636217596 -104534.09169156551 0.22689811201619045 15889550.215211645 -518.3539447843941 -0.015082431030908661 -0.008260069606800195 20.050565198477617 36.44397944045911 2.408156915691336 -23.290417866959842 -43.06561410627228 104058.8033608874 462.553848360156 -2722093266.084165 1758807104.128105 19.823667086461427 -30.39997996553009 -31.39997996553009 0.2268982406211315 0.30547148138601254
0.000352275846016 31340.879206776543 5090922954805.35 -12647515624.281015 21673065.26508259 89451414.83261898 0.13619444625771893 -10.604233299115768 -23.766732436935364 31340.879206776543 0.22699074376286488 506.21637164195374 -22.5397416931725 0.0 -45564.271267524404 -78628.8513161002 0.0009122417582086169 -102009.93378430101 0.22699074376286488 15873427.055039657 -518.3958211264544 -0.015086378678089114 -0.008261508375761749 19.563760900770585 35.57443507414875 2.3599446942465607 -23.285672367953048 -43.059335732665026 101534.59729890722 462.5538415464368 -2652453647.387206 1713454469.3826175 19.336770157007724 -29.652450465433816 -30.652450465433816 0.22699088537444012 0.3055641217791143
0.000360977059413 31321.25274081003 5084550607484.034 -12330976830.810648 21660073.013795465 89358073.02168329 0.1362513829057302 -10.349633010622156 -23.20103836865032 31321.25274081003 0.227085638176217 506.2346543575572 -21.973952730474103 0.0 -44443.739485956205 -39278.73549195336 0.0009345993912489828 -99546.61976269995 0.227085638176217 15856925.506580105 -518.407289114286 -0.01509043076350512 -0.008262989394623168 19.08869319715987 34.725862340250075 2.312894426954586 -23.28081065699392 -43.05291989224909 99071.26539347791 462.5538352411845 -2584499186.1710925 1669199741.1918871 18.86160755898365 -28.922951209388188 -29.922951209388188 0.22708579412111773 0.3056590256897722
0.00036989319278 31301.154248584393 5078027601005.107 -12022076596.951166 21646762.059365835 89262526.69654112 0.1363097093655949 -10.101167624759565 -22.64897947630362 31301.154248584393 0.22718284894265817 506.2533981514539 -21.421796627360962 0.0 -43364.16832187752 -34143.92368476892 0.0009575005633212081 -97142.68301005733 0.22718284894265817 15840037.260589348 -518.4294925736758 -0.015094589881895801 -0.00826451372239527 18.625085580885884 33.8977415981412 2.2669845056798907 -23.27582991419958 -43.04636310698856 96667.29988059065 462.5538294466543 -2518188306.999084 1626015843.6098557 18.397902731943226 -28.21103547247742 -29.21103547247742 0.22718302065847729 0.3057562469470837
0.000379029554642 31280.572703205864 5071350835796.826 -11720632339.786184 21633125.804237947 89164726.36011043 0.13636946684687132 -9.858690329332102 -22.11022957162226 31280.572703205864 0.22728244474478554 506.2726149033469 -20.882947126877475 0.0 -42311.797565567605 -52103.52694976815 0.0009809582683969992 -94796.69226113614 0.22728244474478554 15822753.855619289 -518.4517495342734 -0.01509885885921885 -0.008266082445041763 18.172660385843084 33.089583542518454 2.222185938152629 -23.27072725268315 -43.03966228351637 94321.28017388539 462.5538241673938 -2453481809.720668 1583877247.2543685 17.9453779410983 -27.516282613953944 -28.516282613953944 0.22728263382182634 0.3058558542655405
0.000388391584642 31259.4968355508 5064516834121.28 -11426464241.009403 21619156.224110186 89064621.52803387 0.13643068903206104 -9.622056472849456 -21.584467256749996 31259.4968355508 0.22738448172010176 506.29231672020484 -20.357082775029895 0.0 -41252.39908846101 -57628.00471851719 0.0010049858000610594 -92507.25075154776 0.22738448172010176 15805066.678568168 -518.4767773536296 -0.015103240421699438 -0.008267696676309545 17.73114866283525 32.30090605788495 2.178472473388539 -23.26549971668898 -43.032813760802135 92031.80678795493 462.553819406766 -2390341087.7139325 1542758810.2764537 17.503764181115148 -26.838278170435515 -27.838278170435515 0.22738468988849037 0.3059579039239152
0.000397984856782 31237.915131448684 5057522452815.34 -11139402766.923296 21604846.719451774 88962160.7235414 0.13649342125997882 -9.391129899772846 -21.071390030991477 31237.915131448684 0.22748903543329804 506.3125161150307 -19.84390099555818 0.0 -40254.16298006772 -11080.48984371554 0.001029596757887618 -90272.99538546108 0.22748903543329804 15786966.96229778 -518.4596129285201 -0.0151077375829707 -0.008269357558312677 17.30028060424272 31.531255368009454 2.1358110759541895 -23.260144280435533 -43.0258144079515 89797.56158694052 462.5538151697439 -2328729747.4568844 1502636831.5051174 17.07279156880942 -26.176632048019155 -27.176632048019155 0.2274892646364639 0.30606247160531297
0.000407815082745 31215.815824914134 5050364171606.358 -10859263447.243248 21590189.26714153 88857291.45393112 0.1365577014515179 -9.165761697401049 -20.570667033411986 31215.815824914134 0.2275961690858632 506.33322586253206 -19.343070864326123 0.0 -39304.24127982507 -43239.99066430124 0.0010548050538841671 -88092.59592331192 0.2275961690858632 15768445.791364325 -518.508682086147 -0.015112353262054451 -0.008271066262485867 16.879816432831294 30.780135160422702 2.094193269224435 -23.254657845955798 -43.01866052574149 87617.10590175152 462.5538114610008 -2268608184.506208 1463485519.1543915 16.65222026374543 -25.530917580155915 -26.530917580155915 0.2275964214242806 0.3061696206362756
0.000417888115288 31193.18689655657 5043038216159.322 -10585889684.469643 21575174.91099286 88749960.21203355 0.1366235633736058 -8.94582627911503 -20.082019232660965 31193.18689655657 0.22770593895600966 506.354459151235 -18.854313293704955 0.0 -38306.07553304808 -62084.79771786152 0.001080624919069325 -85964.75419154398 0.22770593895600966 15749494.090630725 -518.5424286740599 -0.015117090350038291 -0.008272823990093721 16.46949320618071 30.047126869339444 2.053581542262046 -23.249037242198774 -43.01134803242089 85489.22311090234 462.55380828686026 -2209942784.9911184 1425282984.19278 16.2417872672247 -24.900774937941588 -25.900774937941588 0.2277062167616486 0.3062794074235601
0.000428209951736 31170.0160663547 5035541354643.782 -10319121909.266607 21559796.94976406 88640112.45134413 0.13669105828479092 -8.731195412458657 -19.605161743663373 31170.0160663547 0.22781843047465153 506.37622945620535 -18.37734331318872 0.0 -37373.27460573252 -20342.996862148913 0.0011070709101397049 -83888.20330762837 0.22781843047465153 15730102.63148979 -518.5351096282247 -0.015121952147575111 -0.008274631973261578 16.069062648443925 29.33180313867018 2.013947698384558 -23.243279222707677 -43.00387369822233 83412.67207169835 462.5538056533301 -2152699299.9778385 1388006922.4959536 15.841244217969273 -24.285836744165763 -25.285836744165763 0.22781873631249427 0.3063919175656973
0.000438786737544 31146.290790471212 5027869855204.264 -10058791315.792135 21544046.764679838 88527692.58076723 0.13676022676889732 -8.521732880320284 -19.13979192185085 31146.290790471212 0.22793371128149553 506.3985506913016 -17.911858210569356 0.0 -36480.7619314227 -32593.266065849028 0.0011341579162409477 -81861.70692765099 0.22793371128149553 15710262.036969041 -518.5666378329915 -0.01512694179944919 -0.008276491475665483 15.678298714313993 28.63370997901578 1.9752806289754665 -23.23738046427507 -42.99623352902189 81386.13652334701 462.5538035673187 -2096841494.1674018 1351633737.2952507 15.450365003032498 -23.68571271926434 -24.68571271926434 0.2279340479633688 0.30650721885021603
0.000449624769961 31121.99825596086 5020019899111.199 -9804747450.628025 21527915.46656304 88412643.94981901 0.1368311099295324 -8.31731781728497 -18.685641238306648 31121.99825596086 0.228051849882554 506.4214370623133 -17.457589388424093 0.0 -35580.48931978445 -46190.04776808497 0.0011619011658571246 -79884.05850912478 0.228051849882554 15689962.770033283 -518.6005552325369 -0.015132062521548802 -0.008278403793430684 15.296963111342654 27.952444574165785 1.93755161654842 -23.231337565047806 -42.9884234038285 79408.44637729607 462.5538020354484 -2042337077.4627287 1316142401.8359866 15.0689112614601 -23.100056578128264 -24.100056578128264 0.22805222050123097 0.3066253800027938
0.000460730501779 31097.125377043052 5011987763036.507 -9556841088.813911 21511394.63124307 88294908.84171589 0.13690375439422317 -8.117830247109342 -18.24244314823443 31097.125377043052 0.22817292399037195 506.44490324459844 -17.014270224244058 0.0 -34701.66187302894 -36264.86981704009 0.0011903162338109503 -77954.08059274177 0.22817292399037195 15669195.140880104 -518.6204844713357 -0.01513731770306058 -0.00828037025591165 14.924826264791978 27.28760708102152 1.900735637710727 -23.225147042992596 -42.98043935730023 77478.44054762773 462.5538010666133 -1989154025.4056423 1281512062.114468 14.696653340801607 -22.528524594453682 -23.528524594453682 0.2281733319482646 0.30674647890776274
0.000472110545173 31071.658789009736 5003769679737.201 -9314923799.911343 21494475.736187756 88174428.45575613 0.136978208607204 -7.923150705126504 -17.809932246365868 31071.658789009736 0.22829701434534 506.46896423924085 -16.581635232020528 0.0 -33859.6102817081 -26568.10309158491 0.0012194190483361916 -76070.62410167923 0.22829701434534 15647949.306802144 -518.6329853688803 -0.015142710833806992 -0.008282392226706889 14.561667630146818 26.63879936476702 1.8648118016008612 -23.21880533374366 -42.97227736273844 75594.96339367308 462.5538006685568 -1937260485.2803779 1247721976.0716896 14.33337061580148 -21.970774511483793 -22.970774511483793 0.22829746339685197 0.30687059656535354
0.000483771675639 31045.58484478741 4995361715386.432 -9078848061.768978 21477149.66811633 88051142.90278144 0.13705451950009676 -7.7331603223422105 -17.38784444890876 31045.58484478741 0.22842419916682793 506.4936355046122 -16.15942024974193 0.0 -33038.342492813186 -38668.210416859205 0.001249225898295788 -74232.5676572336 0.22842419916682793 15626215.274780026 -518.6660427094321 -0.015148245438804548 -0.008284471104459236 14.207275332569083 26.005625273640867 1.8297631064155628 -23.212308789079625 -42.96393313844239 73756.8655476626 462.55380085035875 -1886624799.9929297 1214751529.4639673 13.978851133402255 -21.4264657765542 -22.4264657765542 0.22842469342498262 0.3069978114123325
0.000495720836027 31018.889609308295 4986759792548.526 -8848476914.815243 21459406.809983682 87924991.19080152 0.13713273314736038 -7.547749048629657 -16.975935268284218 31018.889609308295 0.22855455524560064 506.5189328870332 -15.747380713038616 0.0 -32217.867369606472 -32704.873917227884 0.001279753440470559 -72438.8169113327 0.22855455524560064 15603982.895011317 -518.6906534098089 -0.015153925093410526 -0.008286608323877863 13.861433877000456 25.387718050677794 1.7955641423491082 -23.205653674822724 -42.95540218089303 71963.0816601038 462.5538016211014 -1837217583.166849 1182581587.4842467 13.632879321754855 -20.895283107620646 -21.895283107620646 0.22855509923796768 0.3071282005295294
0.000507965140677 30991.558855826355 4977960007990.039 -8623672864.054996 21441238.320779607 87795911.22037047 0.13721290353188575 -7.366806219263425 -16.573958862854848 30991.558855826355 0.22868817255314294 506.5448727049845 -15.345270690301705 0.0 -31445.113846226464 -23606.28113951339 0.0013110187069851488 -70688.30389462851 0.22868817255314294 15581241.86984567 -518.7093912990385 -0.015159753601388692 -0.008288805356611329 13.5239377607309 24.78470890343123 1.7621949562544184 -23.19883616918848 -42.94668026091669 70212.5411835904 462.55380299153575 -1789009335.361899 1151192941.1980402 13.295249588177757 -20.376909476700227 -21.376909476700227 0.22868877126374176 0.30726185417982743
0.000520511879652 30963.57805968095 4968958102645.733 -8404297375.889965 21422633.99525223 87663839.76847935 0.13729507803861235 -7.190220105079036 -16.181667015788396 30963.57805968095 0.22882513006435393 506.5714716524514 -14.952841885724041 0.0 -30670.49961650283 -44608.2248924131 0.0013430391127878907 -68979.98638107047 0.22882513006435393 15557981.755553687 -518.7600118205446 -0.015165734705187292 -0.008291063712378066 13.194591911960597 24.19622548032781 1.729641606235567 -23.191852360463507 -42.937762591062196 68504.164131841 462.55380497122206 -1741970333.4591515 1120566236.852608 12.965766781896242 -19.871024792659142 -20.871024792659142 0.22882578896547168 0.3073988516786321
0.000533368523079 30934.932395678024 4959749900998.57 -8190229526.949569 21403584.035124805 87528712.49013367 0.13737930954604186 -7.017893866432212 -15.798844606213867 30934.932395678024 0.22896551591006978 506.5987469775367 -14.569879090303797 0.0 -29902.787360104227 -26305.355106007966 0.0013758324632901385 -67312.84726726598 0.22896551591006978 15534191.94907979 -518.7642091594025 -0.015171872330864302 -0.008293384939799293 12.873188078436424 23.621945070684113 1.6978724210709988 -23.184698245548603 -42.92864451178056 66837.01170261836 462.55380757215624 -1696074640.8671887 1090684586.924168 12.644222562526355 -19.37735164399193 -20.37735164399193 0.22896624102349106 0.3075392815014597
0.000546542725599 30905.60673071724 4950331442755.212 -7981333851.648619 21384079.577296875 87390463.89811349 0.13746566020589074 -6.84971806044582 -15.425248519814254 30905.60673071724 0.22910943367648456 506.6267163053709 -14.19613908613777 0.0 -29196.36726788706 -20270.95860064423 0.0014094169620414562 -65685.89396661037 0.22910943367648456 15509861.71653206 -518.7865069397085 -0.015178170666604549 -0.00829577062769109 12.559544943727955 23.061502968495887 1.666878627325752 -23.177369727276407 -42.91932169987672 65210.026781370536 462.5538108049904 -1651293197.7049448 1061529068.8535734 12.330435510051469 -18.895576519998215 -19.895576519998215 0.22911023161744004 0.3076832476490544
0.000560042330922 30875.58562124486 4940697984863.6045 -7777484172.846412 21364108.659305874 87249027.36615714 0.1375541737755462 -6.6855910096911915 -15.060652871573827 30875.58562124486 0.22925695629257703 506.6553978083347 -13.83139591528125 0.0 -28474.386499167085 -39237.1853462727 0.0014438112185583528 -64098.15781865648 0.22925695629257703 15484980.177192794 -518.841497520305 -0.015184633607767858 -0.008298222405952406 12.253478042524243 22.51456032192988 1.6366440658518142 -23.169862612893084 -42.90978859016094 63622.22610972634 462.553814681892 -1607598937.9781528 1033082060.8517478 12.024221086231666 -18.425408127835716 -19.425408127835716 0.229257834335458 0.3078308234693746
0.000573875376496 30844.853308130565 4930845329109.735 -7578567997.290613 21343661.57982163 87104335.12065552 0.1376449124642602 -6.525422632633241 -14.704857572465366 30844.853308130565 0.22940818744043368 506.6848101459293 -13.475449385024932 0.0 -27767.449226319273 -25711.068753988395 0.0014790342562153466 -62548.693512485224 0.22940818744043368 15459536.296848737 -518.8572090844245 -0.015191265500495607 -0.008300741946718572 11.954793952425756 21.980816962884564 1.6071394250823725 -23.162172611854803 -42.90004046763949 62072.73634386844 462.55381921561644 -1564967740.524782 1005327857.9109167 11.725385764985324 -17.966588440828048 -18.966588440828048 0.2294091535800492 0.3079821131387319
0.000588050098295 30813.39371099705 4920769078595.815 -7384459931.070324 21322727.89142247 86956318.23048015 0.13773793639688808 -6.3691115964951575 -14.357637527614258 30813.39371099705 0.22956322732814682 506.71497247723596 -13.128074300286112 0.0 -27097.86659694356 -26012.9555609958 0.0015151055202280341 -61036.57852356858 0.22956322732814682 15433518.92211666 -518.8898644392684 -0.015198070730894717 -0.00830333096559941 11.663323605105768 21.459935215645334 1.5783559879051317 -23.15429533344225 -42.89007229277947 60560.578731422094 462.5538244186099 -1523372711.7680724 978248949.6139749 11.433760377777622 -17.518827185510897 -18.518827185510897 0.2295642903493108 0.30813721738194344
0.000602574935723 30781.190424582262 4910464595692.325 -7195046366.48537 21301296.223435763 86804906.60711126 0.137833302412856 -6.2165665349865735 -14.018789785026247 30781.190424582262 0.22972217068809334 506.74590450678943 -12.789067614338153 0.0 -26426.52124240488 -30681.861788903207 0.00155204488575196 -59560.912564502156 0.22972217068809334 15406916.755404238 -518.9234660998336 -0.015205053703004661 -0.008305991222769586 11.37889097706356 20.951610620643336 1.5502741029325502 -23.146226284837223 -42.87987862935286 59084.86897703168 462.55383030466214 -1482789491.407595 951829476.2747434 11.149168806375464 -17.08186264307462 -18.08186264307462 0.2297233402502299 0.30829623151290186
0.000617458536635 30748.226713700747 4899927388303.9375 -7010215914.637011 21279355.843795236 86650028.99892189 0.1379310749137702 -6.067697837750493 -13.68811530598446 30748.226713700747 0.2298851248562837 506.7776264811316 -12.458230181128178 0.0 -25780.671077666346 -22686.377998627926 0.0015898726660361184 -58120.817049374746 0.2298851248562837 15379718.368909128 -518.9466004764181 -0.015212219059493612 -0.008308724524224112 11.101324949920858 20.455544584024594 1.5228752582841956 -23.137960868800327 -42.86945425499308 57644.73990315332 462.55383688706127 -1443194197.9375277 926053889.6919843 10.871439825064574 -16.655438141347698 -17.655438141347698 0.22988641157081524 0.3084592634994463
0.00063270976249 30714.485508605096 4889152759478.253 -6829855191.885829 21256895.23298463 86491612.98813157 0.13803131609381378 -5.922413997085786 -13.365410832181473 30714.485508605096 0.23005219348968964 506.8101592080471 -12.135358638691784 0.0 -25153.56806492709 -26220.24955817154 0.0016286096206864276 -56715.43457024484 0.23005219348968964 15351912.21728968 -518.9862533981213 -0.015219571487543285 -0.008311532723037543 10.830464486158263 19.971432183775644 1.4961474018155334 -23.129494381397887 -42.85879360101465 56239.30711044773 462.55384417966076 -1404562521.384301 900906363.0844167 10.600412292668574 -16.239291566652085 -17.239291566652085 0.2300536090165517 0.30862641769831145
0.000648337693624 30679.949400930567 4878135895554.803 -6653859073.960853 21233902.434943628 86329584.99130975 0.1381340884094071 -5.780630482554725 -13.05048861072814 30679.949400930567 0.2302234806823452 506.8435240810194 -11.820265130045794 0.0 -24531.53719570245 -26763.225202288348 0.0016682769640010966 -55343.92838695641 0.2302234806823452 15323486.625004718 -519.0239215864203 -0.015227115770981481 -0.00831441772061204 10.566145437688387 19.49899175586476 1.470071706093682 -23.120822009822273 -42.847890887698505 54867.75235625769 462.5538521971167 -1366871927.608409 876372226.7077528 10.335921957006043 -15.83318080060275 -16.83318080060275 0.23022503783486647 0.3087977989682871
0.000664351634656 30644.600638968805 4866872097560.407 -6482123311.147548 21210365.994373396 86163870.25756852 0.13823946116628225 -5.642263362622834 -12.743162229778568 30644.600638968805 0.23039910194380375 506.8777430966527 -11.512763127834763 0.0 -23930.339833165097 -23615.005586488915 0.0017088963733778372 -54005.48192896243 0.23039910194380375 15294429.803239351 -519.0550500656682 -0.015234856925453736 -0.008317381468030401 10.308209730823421 19.037943644019915 1.444631933400644 -23.111938829988706 -42.83674049144205 53529.2636193882 462.553860954102 -1330100072.1933444 852436934.0947124 10.077810628879616 -15.436865454363804 -16.436865454363804 0.2304008147965141 0.30897352365320185
0.000680761120032 30608.421122965767 4855356483167.76 -6314544024.074693 21186273.73719035 85994392.86774825 0.1383475021423604 -5.507228855420173 -12.44324560781129 30608.421122965767 0.23057917023726737 506.9128388430259 -11.212666437574022 0.0 -23342.705051489433 -24789.579489191638 0.0017504899978041664 -52699.298308806756 0.23057917023726737 15264729.85823399 -519.092756172402 -0.015242800032606434 -0.008320425967453159 10.056505855921227 18.588008688304512 1.4198150159398688 -23.102839804079938 -42.825336464137045 52223.030889098496 462.55387046524703 -1294224690.660634 829085991.3195086 9.82592668568396 -15.050105565034187 -16.050105565034187 0.2305810542519139 0.3091537056438426
0.000697575919697 30571.392401400288 4843584131270.23 -6151022820.458588 21161613.35399523 85821075.73910435 0.13845828169245225 -5.375447785539592 -12.15056290370643 30571.392401400288 0.23076380282075376 506.9488345787681 -10.919799100885676 0.0 -22768.61544242379 -22497.00645723116 0.001793080466410309 -51424.5998480752 0.23076380282075376 15234374.785868011 -519.1255768739866 -0.015250950325338046 -0.008323553273474374 9.810882168186648 18.14892308795273 1.3956043722412084 -23.093519778277095 -42.81367276003158 50948.287943961244 462.55388074573915 -1259224698.8726413 806305673.4087216 9.580118365365895 -14.672674375472504 -15.672674375472504 0.2307658749819056 0.3093384632043049
0.000714806044913 30533.49566620369 4831550078793.023 -5991460795.311987 21136372.3793517 85643840.62596841 0.13857187270449894 -5.246840360778344 -11.864936909440022 30533.49566620369 0.23095312117416492 506.9857541910581 -10.633983788265857 0.0 -22212.234258066233 -22616.514251882523 0.0018366908970795903 -50180.62761426952 0.23095312117416492 15203352.492979148 -519.1659570324555 -0.015259313189862138 -0.00832676549462493 9.57119438921699 17.72042099043531 1.3719875657010063 -23.08397348016119 -42.80174322670478 49704.263400463766 462.55389181038794 -1225078903.4873903 784082184.367863 9.340241268042826 -14.30434336588975 -15.30434336588975 0.23095540013579463 0.3095279189264353
0.000732461754223 30494.71174922409 4819249189216.107 -5835763609.854857 21110537.64697223 85462608.12720755 0.13868834684701617 -5.121330606803415 -11.586198899336503 30494.71174922409 0.23114724474502696 507.02362225384036 -10.355051654591477 0.0 -21663.31519709048 -23558.000282220277 0.0018813449051452043 -48966.64096871423 0.23114724474502696 15171650.791645389 -519.2083030112772 -0.015267894093052509 -0.00833006479481471 9.33729894611033 17.30224926742308 1.348949656029946 -23.074195516361982 -42.78954138731118 48490.222207090264 462.5539036745604 -1191767092.9165068 762402368.1584077 9.106151701365302 -13.944894955026541 -14.944894955026541 0.23114975099364654 0.3097221934753769
0.000750553559552 30455.02111794701 4806676434961.489 -5683839654.173572 21084096.438075565 85277297.69120441 0.13880778269791078 -4.998844775858624 -11.314185105904958 30455.02111794701 0.23134630449651797 507.06246404135436 -10.082838801408439 0.0 -21129.90566097003 -21316.62098176345 0.0019270666120973373 -47781.91712607678 0.23134630449651797 15139257.410528654 -519.2434489067673 -0.015276698749068979 -0.008333453394898755 9.10905515562322 16.894162224025266 1.3264754825472043 -23.06418036995101 -42.77706089272126 47305.45073806273 462.5539163533942 -1159269643.7595203 741253451.6046044 8.877708851126703 -13.594117955722798 -14.594117955722798 0.23134906052759774 0.3099214191472941
0.000769092232473 30414.403871316103 4793826640683.447 -5535596832.52746 21057035.42207465 85087827.62235029 0.13893025841707327 -4.879308522039474 -11.048730431816717 30414.403871316103 0.23155043069512213 507.1023055239018 -9.817180001121594 0.0 -20611.072060063543 -21088.595899344284 0.0019738806543721085 -46625.750723526784 0.23155043069512213 15106160.01560782 -519.2846341234181 -0.015285732975117705 -0.008336933574292472 8.886329217265644 16.495912170826703 1.3045537734165964 -23.053922397787755 -42.764295101144384 46149.23038450451 462.5539298615088 -1127566828.6397288 720622594.2050589 8.654778786570521 -13.25179946589149 -14.25179946589149 0.23155346121025633 0.3101257276756836
0.000788088810615 30372.839736522117 4780694549812.753 -5390947565.594607 21029340.920898948 84894115.09313112 0.1390558536526136 -4.762651297749491 -10.78967822263237 30372.839736522117 0.23175975608768937 507.14317345181064 -9.557918466544681 0.0 -20103.513750687038 -20683.040336355025 0.0020218121921656705 -45497.45340113528 0.23175975608768937 15072346.202029511 -519.3260287437006 -0.015295002732947593 -0.008340507672558901 8.668987620935932 16.107264081919325 1.283170560425792 -23.043415828035265 -42.751237179407646 45020.87860957099 462.55394421335535 -1096639891.6197097 700497588.470596 8.437227864848241 -12.917737471162356 -13.917737471162356 0.23176308820744485 0.3103352534117725
0.000807554604237 30330.30806508413 4767274887029.017 -5249805263.153488 21000999.15464437 84696076.15401703 0.13918465137505914 -4.648803257668239 -10.536873389448026 30330.30806508413 0.2319744189584319 507.1850953112078 -9.304898970489594 0.0 -19608.491626427578 -20540.506455330982 0.0020708869182831484 -44396.35339188461 0.2319744189584319 15037803.516845291 -519.3712354858799 -0.015304514169144297 -0.008344178091125 8.456901547155745 15.72798527785256 1.2623136955506216 -23.03265475741915 -42.73788019907027 43919.7200365978 462.5539594238838 -1066470290.3602556 680866366.1228406 8.224927128197313 -12.59173197611793 -13.59173197611793 0.23197808245535223 0.3105501364035347
0.000827501202962 30286.787829651563 4753562276112.947 -5112086484.839142 20971995.894405145 84493625.74785887 0.13931673550368537 -4.537697169098599 -10.290166650594939 30286.787829651563 0.23219455917280896 507.2280993714652 -9.05797209142213 0.0 -19123.948079715294 -19814.768555773284 0.0021211310670188385 -43321.795121720636 0.23219455917280896 15002519.460463157 -519.4151073989415 -0.015314273570782657 -0.008347947294998485 8.249943926947584 15.35785178950147 1.2419699514688574 -23.021633148587096 -42.72421699588429 42845.10423131758 462.5539755066657 -1037040160.1085923 661717300.5487471 8.017749367774774 -12.273590474188778 -13.273590474188778 0.23219858672520255 0.3107705184453441
0.000847940482675 30242.2576205822 4739551383188.755 -4977708959.305319 20942317.043465946 84286677.7244219 0.13945219511062362 -4.429266664994292 -10.049410655706758 30242.2576205822 0.23242032518437272 507.27221473869264 -8.816990330522385 0.0 -18653.034752225845 -19384.37238405483 0.0021725714230387615 -42273.138819362735 0.23242032518437272 14966481.507107265 -519.4596258094243 -0.015324287453594041 -0.008351817814575658 8.047991870740688 14.996642541832012 1.2221275433655188 -23.010344827326815 -42.710240398488004 41796.3894339518 462.5539924745922 -1008331888.6211575 643038929.5432701 7.815571545556316 -11.96312294948832 -12.96312294948832 0.23242475265912121 0.31099655011057736
0.000868884612597 30196.69564274953 4725236712022.507 -4846592383.589668 20911947.780790072 84075144.85721022 0.13959111844124206 -4.323446951968613 -9.814461550213572 30196.69564274953 0.23265186406873678 507.3174713457632 -8.581809686144835 0.0 -18191.423437233003 -19089.286869975527 0.002225235330286094 -41249.760135223754 0.23265186406873678 14929677.11393875 -519.5069569053085 -0.015334562445366184 -0.008355792247501624 7.850925497514125 14.644141703964113 1.2027750132996133 -22.998783479753122 -42.69594288511866 40772.949121203565 462.5540103398699 -980328286.9585884 624820067.106641 7.618273633445389 -11.66014389417393 -12.66014389417393 0.23265673082785598 0.31122838079437387
0.000890346062528 30150.079713166626 4710612814185.014 -4718659316.373369 20880873.41747745 83858938.86533913 0.13973359908401412 -4.220175612957555 -9.585180768178292 30150.079713166626 0.2328893318066902 507.3638999992969 -8.352291436371601 0.0 -17743.20068318079 -17842.24293359821 0.002279150700885727 -40251.04976981629 0.2328893318066902 14892093.727789683 -519.5516238558484 -0.015345105413786555 -0.008359873260531654 7.658626630863521 14.300141374998539 1.1838999782521555 -22.986942649609745 -42.68131692229038 39774.17946288273 462.55402911459265 -953012782.4452319 607049928.5888535 7.425737299056831 -11.364474620595688 -12.364474620595688 0.232894681039448 0.31146616902061075
0.000912337610273 30102.38725762925 4695674118695.741 -4593832088.385525 20849078.680023402 83637970.43215029 0.13987973096763656 -4.119389851866549 -9.361428901877717 30102.38725762925 0.23313288494606094 507.4115323884177 -8.128296016931657 0.0 -17305.12234261921 -18540.154743322622 0.0023343460240186627 -39276.41311091178 0.23313288494606094 14853718.82039966 -519.6057415146788 -0.015355923369843701 -0.008364063591564707 7.470982714446657 13.964432391167891 1.1654931488352285 -22.974815735225842 -42.66635467608848 38799.47372407319 462.5540488079209 -926368753.7777914 589717698.047939 7.237849829500596 -11.075935355572627 -12.075935355572627 0.23313876404482692 0.3117100741303793
0.000934872349246 30053.595309408665 4680414998511.7 -4472038174.013683 20816547.971263018 83412149.23466557 0.14002961028983962 -4.02103130213596 -9.143076390361154 30053.595309408665 0.23338268381639937 507.46040113808766 -7.909693706544754 0.0 -16874.96022749265 -17762.231632393243 0.002390850374805574 -38325.26987968816 0.23338268381639937 14814539.863976592 -519.6540883724156 -0.015367023510503803 -0.008368366051570195 7.287879637727381 13.636820357602927 1.1475411448088857 -22.96239598689274 -42.65104811292606 37848.26683942867 462.55406943007284 -900380685.8077723 572813280.2870548 7.054496953910982 -10.794359024063843 -11.794359024063843 0.23338914476394412 0.31196025950059736
0.000957963696273 30003.680505998822 4664829944832.033 -4353204136.940652 20783266.082672246 83181383.9653934 0.14018334075673738 -3.9250406125291355 -8.929991495630283 30003.680505998822 0.233638901261229 507.5105398244666 -7.696352594369054 0.0 -16458.569464412587 -16849.311694289543 0.002448693423129728 -37397.05378493157 0.233638901261229 14774544.3915906 -519.7039354453373 -0.015378413328495518 -0.008372783526785152 7.109209559332056 13.31710760969168 1.1300344578383228 -22.949676503641523 -42.635389283037505 36919.98523876927 462.5540909868103 -875032869.0963148 556326453.3146334 6.875570658070827 -10.51957574377894 -11.51957574377894 0.23364600108124722 0.3122169013242627
0.000981625399571 29952.6190877951 4648913191444.275 -4237258811.388172 20749216.617429677 82945582.36449815 0.14034102233599827 -3.831360294241942 -8.722046612887276 29952.6190877951 0.23390170389333045 507.56198301248924 -7.488144908993945 0.0 -16050.630792176375 -16922.153608942714 0.002507905442413138 -36491.21218627182 0.23390170389333045 14733719.991750218 -519.7583715488072 -0.015390100390301066 -0.008377318980823783 6.934866612769865 13.005102684699805 1.1129631733362497 -22.936650230402535 -42.61936968415115 36014.07318440716 462.55411348370086 -850310081.7873446 540247313.5078244 6.700964908876534 -10.251420962369286 -11.251420962369286 0.23390950512921338 0.3124801698806827
0.00100587154694 29900.386896916505 4632659107147.826 -4124133755.68651 20714383.607413642 82704651.25406711 0.14050276299237008 -3.7399351425386436 -8.519119224889385 29900.386896916505 0.23417127165395013 507.61476628017743 -7.284947953235435 0.0 -15652.797350380459 -16370.590737987333 0.002568517318371852 -35607.205764882936 0.23417127165395013 14692054.318392258 -519.8120705368055 -0.015402092576658309 -0.00838197545687007 6.764746177205153 12.70062174678276 1.0963162914026456 -22.923309955088634 -42.60298090798989 35129.99667525412 462.55413692453413 -826197688.9379308 524566339.28347164 6.530574905551204 -9.989736688446547 -10.989736688446547 0.23417984288842653 0.3127502491223285
0.00103071657415 29846.95937511592 4616061912135.105 -4013761089.34706 20678750.315552883 82458496.56965716 0.14066867015821116 -3.6507102872865427 -8.321087557167445 29846.95937511592 0.23444778359701862 507.6689262388293 -7.086639773570426 0.0 -15263.86471725924 -16340.478318474725 0.0026305605576457205 -34744.50820243136 0.23444778359701862 14649535.131435854 -519.8690271563755 -0.015414397915758224 -0.008386756080058271 6.598747624595071 12.40348207455216 1.0800845581558955 -22.90964830532724 -42.58621415519426 34267.22538943018 462.55416130980814 -802681176.2217746 509274088.1235926 6.3642998409980525 -9.734365888464948 -10.734365888464948 0.23445720003214354 0.31302732250122345
0.00105617527353 29792.311564104428 4599115909775.25 -3906075808.266997 20642300.188288376 82207023.40450153 0.1408388577105402 -3.563633294183754 -8.12783525775729 29792.311564104428 0.234731429517567 507.7245006371892 -6.893103828239723 0.0 -14884.458673279301 -15256.707412059672 0.002694067296386042 -33902.60586792299 0.234731429517567 14606150.290258134 -519.9228448196154 -0.015427024728184316 -0.00839166405973227 6.436771131351237 12.11350907679675 1.0642573001283007 -22.895657745685902 -42.569060615121565 33425.25208371849 462.5541866362085 -779746648.5919319 494361520.7886161 6.2020397018336695 -9.48515852173811 -10.48515852173811 0.2347417735916637 0.31331158461861874
0.00108226280279 29736.418103423028 4581815308845.081 -3801012525.1303153 20605016.091879196 81950136.04397753 0.14101344057701437 -3.4786512036025314 -7.939244808860462 29736.418103423028 0.23502240096169064 507.78152827402573 -6.704222407898771 0.0 -14516.667023950113 -14990.397623058205 0.00275907030871183 -33080.99751141259 0.23502240096169064 14561887.815854816 -519.9837362981125 -0.015439981523642546 -0.008396702692048256 6.278721915268083 11.83052641297013 1.0488267576546344 -22.881330574142535 -42.55151115544282 32603.565286269924 462.55421289902444 -757380128.784417 479819544.8593833 6.043699514306392 -9.241963044185532 -10.241963044185532 0.2350337630533974 0.31360323229510045
0.00110899469402 29679.253232441595 4564154243915.107 -3698508914.3456163 20566880.380819723 81687738.02066743 0.1411925352549765 -3.3957136688708474 -7.755204501572218 29679.253232441595 0.2353208920916275 507.84004921282155 -6.5198836094805905 0.0 -14154.04073465289 -15758.112700819675 0.0028256030150536245 -32279.193966407616 0.2353208920916275 14516735.86888113 -520.0493410812669 -0.01545327701616782 -0.008401875362303402 6.124505529892291 11.554366454994453 1.0337833842015276 -22.866658919478947 -42.533556342911005 31801.67818166926 462.5542400880839 -735568297.7498491 465639496.9993001 5.889184637800663 -9.004635402730168 -10.004635402730168 0.23533337125492215 0.313902465455955
0.00113638686296 29620.790788921466 4546126953095.542 -3598505485.2813325 20527875.620168842 81419732.15524234 0.14137626527865063 -3.314772773773154 -7.575608038427233 29620.790788921466 0.23562710879775106 507.900104597709 -6.339980929629482 0.0 -13799.696923520714 -14357.7945440399 0.0028936994903684373 -31496.717857900076 0.23562710879775106 14470682.763758982 -520.1061768003419 -0.015466920239709187 -0.008407185547712297 5.974028033442941 11.2848696880416 1.0191160678297366 -22.851634737655786 -42.515186735497274 31019.12686783523 462.5542681913369 -714298446.7221719 451813111.2675295 5.73840092464519 -8.77303852290038 -9.77303852290038 0.23564081355900546 0.31420949628390027
0.00116445561847 29561.0042105661 4527727730362.068 -3500941135.825815 20487984.373528577 81146020.61275482 0.1415647597716417 -3.235778947682178 -7.400345453770235 29561.0042105661 0.2359412662860695 507.9617368868166 -6.164404187484166 0.0 -13458.262426558498 -13802.93030741063 0.0029633944722028543 -30733.10331836834 0.2359412662860695 14423717.072455568 -520.1668292746217 -0.015480920524362785 -0.008412636820027894 5.827201881750021 11.02187109189333 1.004818133626669 -22.836249808808898 -42.49639279128533 30255.432881885 462.55429718962506 -693557521.2450252 438331896.5537398 5.591260615463952 -8.54703059999481 -9.54703059999481 0.23595631557474583 0.3145245468953558
0.00119321767225 29499.866535195324 4508950618133.494 -3405757044.2894444 20447187.879353084 80866504.95432413 0.14175814380557059 -3.1586845315744014 -7.229311023951367 29499.866535195324 0.23626357300928433 508.02498979869506 -5.993047450942083 0.0 -13121.647799253438 -14466.224174453027 0.003034723368562601 -29987.895710174915 0.23626357300928433 14375827.588713974 -520.2369750366779 -0.01549528730830844 -0.008418232848427815 5.6839406007774125 10.765212011590622 0.9908820112387022 -22.82049573374208 -42.47716432503351 29510.13589946327 462.5543270595562 -673332956.0636663 425187681.2514767 5.447677027768128 -8.326475299556787 -9.326475299556787 0.2362800971281599 0.3148478332981459
0.00122269014875 29437.35040509845 4489789836098.383 -3312898517.947049 20405467.83819689 80581086.20966987 0.14195655165548687 -3.083445514739316 -7.06240714631772 29437.35040509845 0.2365942527591448 508.08990840610215 -5.825812893558576 0.0 -12792.984715480961 -13242.534894777082 0.003107722265582641 -29260.651355921997 0.2365942527591448 14327003.302346807 -520.299263234112 -0.015510030409868236 -0.008423977402140303 5.544156149017331 10.514745968556864 0.9772966178817558 -22.80436393134043 -42.45749123145237 28782.809583919337 462.5543577721818 -653613074.431496 412372872.22003835 5.3075618962581865 -8.11124675995074 -9.11124675995074 0.2366123943944326 0.31517958751061326
0.00125289059543 29373.428065707165 4470239639225.265 -3222308248.8401012 20362805.791928492 80289664.92544018 0.14216012242336398 -3.010015285123357 -6.899530444605037 29373.428065707165 0.23693353737227332 508.15653908832235 -5.662596907232763 0.0 -12475.2632492624 -13161.360541807386 0.003182427935036119 -28550.937272658062 0.23693353737227332 14277233.576456936 -520.3701949131755 -0.015525159946196292 -0.008429874353761456 5.407767992172532 10.270317821116794 0.9640565709781893 -22.787845634358256 -42.43736322968492 28073.00444097457 462.5543892911308 -634385637.827107 399879510.49043065 5.170834454800259 -7.901211674207632 -8.901211674207632 0.23695345282811187 0.31552005041515063
0.00128383699314 29308.07137188746 4450294079843.581 -3133932854.626054 20319182.088565975 79992141.2501428 0.14236899234283482 -2.938350698251054 -6.740585244028765 29308.07137188746 0.2372816539047247 508.2249297548284 -5.50330359012404 0.0 -12161.157476994693 -13443.358187815933 0.0032588778415072344 -27858.330915778188 0.2372816539047247 14226508.030427866 -520.4444557901043 -0.015540686184201532 -0.008435927681994481 5.274694111526511 10.031783981408237 0.9511531512342637 -22.7709318870036 -42.416769430739244 27380.303229418823 462.55442157408004 -615639250.4714813 387700186.802817 5.0374124576217865 -7.696246666860944 -8.696246666860944 0.2373035143186366 0.31586945892156637
0.00131554776687 29241.251789101556 4429947521720.779 -3047720813.7947726 20274578.037864666 79688414.99746625 0.14258331107186611 -2.868410182858773 -6.585479385718557 29241.251789101556 0.23763885178644353 508.29512965457343 -5.347840533932113 0.0 -11856.340720754502 -12281.34361271518 0.0033371101493868656 -27182.419926360748 0.23763885178644353 14174816.60078596 -520.5119753386134 -0.01555661987519374 -0.008442141475042231 5.14485369962087 9.799006127982352 0.9385770691333261 -22.753613541025015 -42.39569922063833 26704.30365024277 462.5544545688481 -597362917.9988359 375827752.7541392 4.907214847834426 -7.496232896812284 -8.496232896812284 0.23766284448325814 0.31622807321309054
0.00134804179671 29172.940397958475 4409194195597.875 -2963618778.6526337 20228974.000252992 79378385.72691454 0.14280322749289295 -2.8001502721865354 -6.434116497441032 29172.940397958475 0.2380053791548216 508.36718965634554 -5.19611111828621 0.0 -11560.134582663417 -12514.44837426222 0.003417163729532932 -26522.801885936457 0.2380053791548216 14122149.695622176 -520.5892600050647 -0.015572971975958026 -0.008448519933841957 5.018172160169501 9.571839619776606 0.9263235587908851 -22.73588125249173 -42.37414146765461 26044.586767399047 462.5544882148911 -579545252.7043612 364254804.3320209 4.780166781014678 -7.301046089525816 -8.301046089525816 0.23803170923706585 0.31659615323676105
0.00138133842909 29103.10789930331 4388028320780.0137 -2881577857.915666 20182349.86824525 79061952.82873638 0.14302889342326092 -2.7335315105589344 -6.286409124832093 29103.10789930331 0.2383814890387682 508.44116215259174 -5.048027635793325 0.0 -11267.762265257548 -12341.102140931944 0.003499078165633608 -25879.08407693976 0.2383814890387682 14068498.026708987 -520.6654577727058 -0.015589753730345341 -0.008455067375422676 4.894572363493045 9.350153190901883 0.9143835869903377 -22.717725478526624 -42.3520847150548 25400.77070388211 462.5545224425356 -562175824.328911 352974561.4794989 4.656190874454277 -7.110573470740009 -8.11057347074001 0.2384103809296616 0.31697396485652296
0.00141545748828 29031.724619663037 4366444345043.916 -2801549319.45804 20134686.069516186 78739015.61234398 0.14326047133739714 -2.6685144248414114 -6.142269790517799 29031.724619663037 0.23876745222899523 508.51710118674555 -4.9035023382888046 0.0 -10985.332363500627 -11368.139550355654 0.003582893760167281 -25250.883249247065 0.23876745222899523 14013852.772293473 -520.7387428110997 -0.015606976831856276 -0.008461788236411413 4.773980476548059 9.133815535033701 0.9027497828028989 -22.69913647393754 -42.32951759037777 24772.47402402634 462.5545571691582 -545244237.5346603 341980266.5409878 4.535213024319063 -6.9247022368054845 -7.9247022368054845 0.23879915147861275 0.31736179289773037
0.00145041928825 28958.76051607778 4344436587780.6626 -2723483640.841937 20085962.005224917 78409473.39386496 0.14349812269199727 -2.605058600981848 -6.001608924688547 28958.76051607778 0.23916353781999547 508.5950624732661 -4.762445386868552 0.0 -10709.59353468369 -11726.8917318153 0.003668651540121071 -24637.825390963808 0.23916353781999547 13958205.673115076 -520.824417906475 -0.015624653196615023 -0.008468687076792204 4.656327236283642 8.922692207759487 0.8914177641550898 -22.68010428748556 -42.306428153288415 24159.307401210623 462.55459230172215 -528739925.9363436 331265051.09086007 4.417163698463646 -6.743316885708279 -7.743316885708279 0.2391983131375085 0.31775992183959756
0.00148624464467 28884.185185816656 4321999388926.735 -2647335998.7464385 20036156.65318207 78073225.60767889 0.14374201253226807 -2.543127920751035 -5.8643465091241795 28884.185185816656 0.23957002088711346 508.6751035235491 -4.624776488237066 0.0 -10437.697151747865 -11451.83637107168 0.0037563932620846624 -24039.545507471412 0.23957002088711346 13901548.824613463 -520.9073578697062 -0.015642795063341392 -0.008475768583387685 4.54154019366541 8.71666309005723 0.8803783423754199 -22.660618759217108 -42.28280413661227 23560.920953738318 462.5546277318255 -512653332.52011615 320822704.4512717 4.301970172778296 -6.566314232951253 -7.566314232951253 0.23960816609891245 0.31816864344336393
0.00152295488739 28807.96787153249 4299127422934.5 -2573060786.586801 19985249.892439354 77730171.89923744 0.1439923198691676 -2.4826853495727734 -5.730400509967893 28807.96787153249 0.23998719978194602 508.7572835885112 -4.490413310185947 0.0 -10174.730018634978 -10796.653172953007 0.0038461614171432777 -23455.687402564952 0.23998719978194602 13843874.941095732 -520.9889007578022 -0.015661415210629213 -0.008483037573997196 4.4295512858409305 8.515605031691193 0.8696252086363556 -22.640669516391043 -42.258633495139165 22976.95713530229 462.55466333748944 -496974732.7779467 310646906.2563884 4.189564086058984 -6.393588495110767 -7.393588495110767 0.24002903620576665 0.3185882743239039
0.00156057187311 28730.07747035871 4275815174930.854 -2500612572.9075403 19933220.207851823 77380212.23762815 0.1442492201844844 -2.423693830046985 -5.599688837414758 28730.07747035871 0.2404153669741407 508.84166383637694 -4.359273470440618 0.0 -9917.529876024713 -10880.390142328873 0.003937999235121842 -22885.903466962336 0.2404153669741407 13785177.377796605 -521.0785654718529 -0.015680526613432968 -0.008490499001369068 4.320295449079496 8.319394800464089 0.8591535704462385 -22.620245970208018 -42.23390343983417 22407.05880493032 462.5546989795099 -481694437.9087254 300731360.27653587 4.079880082105356 -6.225033816519941 -7.225033816519941 0.24046124598741414 0.3190191269203355
0.00159911799837 28650.48254476256 4252057328916.4707 -2429949232.6165166 19880046.330369826 77023247.03790665 0.14451289814381324 -2.3661193140370607 -5.472136102517636 28650.48254476256 0.24085483023968873 508.9283073873931 -4.231281272277947 0.0 -9665.575943095964 -10547.57866838859 0.004031950688375277 -22329.85447169508 0.24085483023968873 13725449.978303682 -521.1665559422072 -0.0157001427072323 -0.008498157957227043 4.213706103334235 8.127919210363224 0.848955626562752 -22.599337312769794 -42.20860111561968 21850.89651686849 462.5547345001158 -466803469.59338397 291070232.9063757 3.9728512730945456 -6.060552982966931 -7.060552982966931 0.24090513585858542 0.3194615306917996
0.00163861621293 28569.151331092587 4227848684541.297 -2361028009.8710465 19825706.842222635 76659177.27496044 0.1447835447578045 -2.3099269654980765 -5.347665174822104 28569.151331092587 0.24130590792967418 509.0172793485429 -4.106359266892429 0.0 -9420.670862125531 -10199.86769407914 0.004128060495054578 -21787.209365475384 0.24130590792967418 13664687.339675928 -521.2577284566069 -0.01572027734035213 -0.008506019676765576 4.109720651627928 7.941062459589929 0.8390261572910673 -22.577932513193858 -42.18271343050427 21308.134350449283 462.55476972188075 -452292713.22779983 281657601.84582525 3.8684147436982537 -5.900046534618033 -6.900046534618033 0.24136105987378842 0.3199158277088605
0.00167909003339 28486.051752563446 4203184075321.1445 -2293807670.7672925 19770179.781542115 76287904.61916816 0.14506135440397855 -2.255083242439997 -5.226201804539221 28486.051752563446 0.24176892400663091 509.1086469562595 -3.98443288053259 0.0 -9181.243179829393 -10056.178997453291 0.0042263741217097904 -21257.645078258138 0.24176892400663091 13602884.72618548 -521.3526999168607 -0.015740944723202765 -0.008514089542955199 4.008277358171809 7.758713065473287 0.8293594056726168 -22.556020314644304 -42.156226880241846 20778.448605221518 462.5548044453892 -438153379.9984268 272487757.3384541 3.766508434165178 -5.743418726542608 -6.743418726542608 0.241829380882986 0.320382367768991
0.00172056355722 28401.15143087747 4178058490125.244 -2228248180.571555 19713443.130454063 75909331.56777547 0.14534652879475274 -2.2015555939081763 -5.107673955047433 28401.15143087747 0.24224421465792123 509.202479575966 -3.865429740389512 0.0 -8947.357888330893 -9844.367865789582 0.004326937785332179 -20740.846328501477 0.24224421465792123 13540038.117809352 -521.4503925809731 -0.015762159518004866 -0.008522373091245036 3.9093157277166357 7.58076286101851 0.8199494942021236 -22.533589230749186 -42.12912774672621 20261.525063667228 462.55483844652275 -424376937.9489527 263555156.95513403 3.6670715130587146 -5.59057666803519 -6.59057666803519 0.2423104774307936 0.32086151519999073
0.00176306147708 28314.417700461698 4152467039067.1895 -2164310482.4848166 19655474.627181835 75523361.58977915 0.14563927563957033 -2.1493122494739296 -4.9920113331118 28314.417700461698 0.24273212606595054 509.2988488663382 -3.7492792070458494 0.0 -8718.804283707093 -9633.524412273095 0.004429798454648712 -20236.50543581984 0.24273212606595054 13476144.261601746 -521.5497559734067 -0.015783936821908266 -0.00853087601427741 3.8127767496517846 7.407106290979051 0.8107907042554336 -22.51062754244229 -42.101402009678644 19757.05708185611 462.55487147472076 -410955064.0646604 254854394.5016614 3.570044623585834 -5.441429716765632 -6.441429716765632 0.24280474183830492 0.3213536468377195
0.00180660909556 28225.817622255272 4126405019419.073 -2101956392.142801 19596252.01167595 75129899.27057494 0.1459398107836296 -2.098322118640898 -4.879145168511077 28225.817622255272 0.24323301797271601 509.39782875234914 -3.6359121505383616 0.0 -8495.92703263057 -9333.439939370535 0.004535003850777595 -19744.32213734489 0.24323301797271601 13411200.717552684 -521.6504822215502 -0.01580629222070668 -0.008539604166933747 3.718602983216815 7.237640080109044 0.8018775941364151 -22.487123294413042 -42.07303544414658 19264.744690567484 462.55490325050823 -397879621.74221784 246380185.18220407 3.475369965244099 -5.295889194650494 -6.295889194650494 0.24331258410055245 0.32185915581144486
0.00185123234022 28135.318000038857 4099867830088.5503 -2041148294.3727114 19535752.6076758 74728850.46965337 0.14624835501658334 -2.0485544888733447 -4.76900753826163 28135.318000038857 0.24374725836097225 509.49949563837004 -3.5252602799006576 0.0 -8278.6685514093 -9127.931796384832 0.004642602447016352 -19264.00340929464 0.24374725836097225 13345205.93513916 -521.7555225999931 -0.01582924173553764 -0.008548563571423402 3.6267389384715494 7.072262221272121 0.7932054152097218 -22.46306429194673 -42.04401343219794 18784.291900126846 462.554933461077 -385142594.9666396 238127322.98953676 3.382991680110577 -5.15386751630874 -6.15386751630874 0.24383442696754232 0.3223784464909185
0.00189695777903 28042.88539771763 4072851018341.3066 -1981849854.7725656 19473953.478976175 74320122.48416744 0.14656513545943228 -1.9999797381874231 -4.661532952208248 28042.88539771763 0.24427522576572047 509.60392842303224 -3.4172577264425272 0.0 -8066.116336770977 -9004.790969779415 0.0047526434678625065 -18795.263292491625 0.24427522576572047 13278159.215776594 -521.8645913661894 -0.015852801862123605 -0.008557760422586935 3.537129971668147 6.91087435305713 0.7847690265811381 -22.43843809772848 -42.01432102027777 18315.413022145713 462.55496175972445 -372736241.27033144 230090780.23613346 3.2928547459024267 -5.015280233825451 -6.015280233825451 0.24437070853335807 0.32291193698284115
0.00194381263617 27948.486157931773 4045350338590.645 -1924025917.6073663 19410831.644034825 73903624.2199537 0.14689038744044644 -1.9525692460098798 -4.556658157711506 27948.486157931773 0.24481731240074409 509.7112086152917 -3.311840845310762 0.0 -7858.391504711131 -8762.218348546721 0.004865176887105262 -18337.822722301247 0.24481731240074409 13210060.742191412 -521.9748228289791 -0.015876989620282656 -0.008567201093389766 3.4497223581452827 6.753381465767009 0.776562998395362 -22.41323202870199 -41.98394300127898 17857.831842473548 462.554987760117 -360653069.8658663 222265693.17129987 3.2049050457445385 -4.88004578493312 -5.88004578493312 0.24492188574992713 0.32346006251443804
0.00199182480828 27852.08642107617 4017361779560.3833 -1867641716.0800638 19346364.150758117 73479266.3658693 0.14722435530736738 -1.9062946002828896 -4.45432037886178 27852.08642107617 0.245373925512279 509.82142041214286 -3.208946453349501 0.0 -7656.021877026615 -8515.661211219294 0.004980253425078028 -17891.409362088565 0.245373925512279 13140911.714988498 -522.0876191443604 -0.015901822582694285 -0.00857689214071464 3.3644643985227285 6.599689259788578 0.7685827582055335 -22.38743315272907 -41.95286393798361 17411.274606882187 462.55501103441657 -348885671.82462555 214647251.31194955 3.1190904730104494 -4.7480832223806875 -5.7480832223806875 0.24548843635753825 0.3240232771708971
0.00204102288105 27753.652146691027 3988881463782.8516 -1812663246.076399 19280527.577608965 73046961.5800075 0.14756728852958242 -1.8611279718571971 -4.354458142689449 27753.652146691027 0.24594548088263737 509.9346508368343 -3.1085126618068113 0.0 -7458.362397435966 -8368.752971942211 0.005097924544817934 -17455.75744131601 0.24594548088263737 13070714.353365216 -522.2051869757015 -0.01592731880928205 -0.008586840311266778 3.281305813301547 6.449705387073294 0.7608240078397612 -22.361028285564817 -41.92106793672353 16975.473322277034 462.5550311079308 -337426799.63782585 207230749.58275867 3.0353603324189096 -4.619313279283303 -5.619313279283303 0.2460708528160438 0.32460204768348344
0.00209143614621 27653.149136757704 3959905757030.45 -1759057811.205574 19213298.47026049 72606624.68555997 0.14791944538972468 -1.8170426791187306 -4.257012539359734 27653.149136757704 0.24653240898287448 510.0509898492737 -3.01048013037686 0.0 -7265.072633808274 -8198.664918445294 0.005218242447175902 -17030.607597580918 0.24653240898287448 12999471.831407405 -522.3254260144095 -0.015953496934610886 -0.008597052547652032 3.2001968614348275 6.303341339378643 0.7532818605765994 -22.334003988019298 -41.888538824438626 16550.170710390947 462.5550474552081 -326269484.67265457 200011664.5436824 2.9536644524519526 -4.493659994327531 -5.493659994327531 0.24666964881450337 0.3251968598194649
0.00214309461902 27550.543058990614 3930431285984.9146 -1706793308.2336533 19144653.369276784 72158172.86781807 0.14828109342759635 -1.7740124649776872 -4.161925616139447 27550.543058990614 0.2471351557126606 510.1705304082429 -2.9147904604267865 0.0 -7076.439639059252 -7971.215114566989 0.005341260064918307 -16615.70672177469 0.2471351557126606 12927188.41333739 -522.4481515293537 -0.015980376190812766 -0.00860753599484224 3.121089348030777 6.160510038971617 0.7459518859536924 -22.306346562784864 -41.85526015075895 16135.113830396096 462.5550594957959 -315406883.42888695 192985554.22280225 2.8739541923181164 -4.371048640694666 -5.371048640694666 0.24728536070572382 0.32580821958430684
0.00219602905611 27445.799472909654 3900454918672.4717 -1655838257.657136 19074568.669979893 71701525.8843931 0.14865250845277647 -1.7320115268469696 -4.069140442552935 27445.799472909654 0.24775418075462746 510.2933686527766 -2.821386261798307 0.0 -6892.46640553557 -7795.68374039903 0.005467031055513039 -16210.80780768869 0.24775418075462746 12853869.489977632 -522.5746789770965 -0.01600797640207247 -0.0086182980067559 3.0439365287334117 6.021125936911193 0.7388300394456908 -22.27804205166771 -41.82121511472183 15730.054343826316 462.5550665884257 -304832283.73488533 186148062.2394549 2.796182347978784 -4.251405810057337 -5.251405810057337 0.24791854646057299 0.32643665197492955
0.0022502709738 27338.88385703829 3869973763453.419 -1606162015.517044 19003020.559977494 71236606.28120387 0.1490339741952033 -1.6910147388023853 -3.97860160355375 27338.88385703829 0.24838995699200553 510.41960398662656 -2.7302116465617443 0.0 -6712.536852835019 -7660.230343034325 0.00559560979272884 -15815.669804908022 0.24838995699200553 12779521.566389708 -522.705744341345 -0.016036317992629983 -0.008629346153141827 2.968692733596758 5.885105752999956 0.7319123081628524 -22.249076232773014 -41.786386525011146 15334.750447091688 462.5550680247478 -294539149.9850662 179494947.30685073 2.7203027766047527 -4.134660048548407 -5.134660048548407 0.24856978565183874 0.32708270077435675
0.00230585266685 27229.761638524284 3838985234109.313 -1557735052.3463106 18929985.258408237 70763339.61969407 0.1494257844697062 -1.6509979539385453 -3.8902558746333695 27229.761638524284 0.249042974116177 510.54933923205107 -2.6412129005171927 0.0 -6536.794419254904 -7450.942872065898 0.005727051356902997 -15430.057475421077 0.249042974116177 12704152.201045234 -522.8387537125964 -0.016065422045791186 -0.008640688226646799 2.895312875088401 5.752369487244661 0.72519423883019 -22.219434617986597 -41.75075689176789 14948.969478600247 462.5550630251827 -284521183.1436387 173022122.16186562 2.646269900972224 -4.020742727417205 -5.020742727417205 0.24923968358144633 0.32774693250541675
0.00236280722772 27118.398222960994 3807487078251.8193 -1510528001.7181215 18855439.09006761 70281654.70540842 0.14982824403530756 -1.6119370069433079 -3.8040500065929916 27118.398222960994 0.24971374005884595 510.68268073668776 -2.5543362665341456 0.0 -6365.443167400971 -7289.077982917665 0.005861411523820737 -15053.741253362281 0.24971374005884595 12627770.25573473 -522.9763160058155 -0.01609531033764753 -0.008652332250320822 2.823753863468853 5.622837096536538 0.7186723917724406 -22.18910245014393 -41.71430844735623 14572.479245803821 462.55505072974194 -274772116.1095444 166725520.21841353 2.574040123410007 -3.909585186365848 -4.909585186365848 0.2499288738280515 0.3284299386046844
0.00242116856625 27004.759027688127 3775477278870.5586 -1464512531.5420628 18779357.973628037 69791483.83194362 0.15024166441498665 -1.573808634448055 -3.719932764573436 27004.759027688127 0.2504027740249778 510.8197385526036 -2.4695299905484585 0.0 -6197.807238253851 -7142.465359040863 0.0059987467520903354 -14686.49710853241 0.2504027740249778 12550385.701118927 -523.1181393789975 -0.01612600526985925 -0.008664286485231178 2.753973209412057 5.4964315555184955 0.7123429533098707 -22.158064700768414 -41.677022904962435 14205.055992058376 462.5550301931027 -265285900.1424053 160601217.32474196 2.503570435387079 -3.8011213629045058 -4.801121362904506 0.2506380116864242 0.3291323287268487
0.00248097142983 26888.8095166352 3742954241797.2944 -1419661102.2018206 18701718.223409098 69292763.03155948 0.15066637091663282 -1.5365902297277791 -3.637854393345632 26888.8095166352 0.25111061819438807 510.96062656418286 -2.3867437751512437 0.0 -6034.212049623578 -6970.643290919048 0.006139114168950313 -14328.10641315152 0.25111061819438807 12472009.664079186 -523.263029481308 -0.016157530028349843 -0.008676559438408149 2.6859293399014574 5.373078050620318 0.7062020778250668 -22.12630606785026 -41.63888180042108 13846.482265470633 462.55500037416067 -256056653.56141058 154645397.83190513 2.434818721707069 -3.6952871029950014 -4.695287102995001 0.25136778674345583 0.32985474302851947
0.00254225142415 26770.515235482497 3709916670361.995 -1375946538.9652548 18622495.910496145 68785432.32694724 0.15110269740175286 -1.5002593853286907 -3.557765593177465 26770.515235482497 0.25183782900292145 511.1054626066995 -2.3059277641745437 0.0 -5874.309851120439 -6833.91452519767 0.006282571554513985 -13978.355811344409 0.25183782900292145 12392654.577767823 -523.4127269314813 -0.016189908496810086 -0.008689159871277217 2.619582223636524 5.252702446765223 0.7002465422028727 -22.093810973321368 -41.59986619373334 13496.54295060666 462.5549601297175 -247078568.85120758 148854294.48679408 2.3677443946336028 -3.592018840221966 -4.592018840221966 0.25211891531131536 0.330597844216339
0.00260504503432 26649.84185188353 3676363679186.2275 -1333342749.8837278 18541667.3300236 68269436.00424632 0.1515509904647418 -1.4647946737843212 -3.4796192609499608 26649.84185188353 0.25258498410790303 511.2543687497553 -2.2270342768420575 0.0 -5718.156262924067 -6653.078835211362 0.006429177324159628 -13637.037092616787 0.25258498410790303 12312333.927557962 -523.5650673895107 -0.016223165359509857 -0.008702096808085348 2.5548921836556646 5.1352338967223075 0.6944725684065591 -22.060563561520716 -41.559956860907405 13155.031982088183 462.55490820328254 -238346067.2246871 143224288.8116967 2.3023071995477618 -3.4912558411916876 -4.491255841191688 0.2528921478356909 0.3313623248086589
0.00266938964667 26526.755193842266 3642294766950.8223 -1291823709.2733793 18459208.809548996 67744722.87730338 0.15201160806501254 -1.4301745446797536 -3.403368037162434 26526.755193842266 0.25335268010835427 511.4074712853364 -2.1500153570540794 0.0 -5565.836463817166 -6511.776070272599 0.006578990509189672 -13303.947067477742 0.25335268010835427 12231062.62748908 -523.723325956531 -0.01625732609423018 -0.008715379545091722 2.4918214726888483 5.0206011623742 0.6888774361969616 -22.026547696751443 -41.51913419470886 12821.742875715921 462.554843215422 -229853579.66348252 137751768.59310403 2.238468792580494 -3.3929370421927096 -4.39293704219271 0.2536882683803239 0.33214890603004865
0.00273532357095 26401.221294834704 3607709781078.2603 -1251364504.3665 18375096.48023775 67211246.57961334 0.15248491761553812 -1.396378472408143 -3.3289668536707446 26401.221294834704 0.25414152935923023 511.56490109728395 -2.0748253243115142 0.0 -5416.752233659722 -6389.3535809141085 0.0067320707355946014 -12978.887446828423 0.25414152935923023 12148856.596911125 -523.8862944990724 -0.01629241695420707 -0.00872901765960858 2.430332548108167 4.9087364373863736 0.6834577617530189 -21.99174696228742 -41.477378080767345 12496.478530410117 462.55476365308806 -221595771.30857518 132433274.1901851 2.176191018748937 -3.2970043346255995 -4.2970043346255995 0.2545080916720215 0.33295833478168013
0.00280288606315 26273.206437201 3572609091951.371 -1211940816.9376543 18289307.03096294 66668965.847281866 0.15297130292568276 -1.3633863989811676 -3.2563717057739767 26273.206437201 0.2549521715428046 511.7267937167301 -2.001419534231172 0.0 -5271.128276262293 -6242.22037423509 0.006888478200670929 -12661.664723858938 0.2549521715428046 12065732.912459511 -524.052932089211 -0.0163284651296891 -0.008743021019841606 2.370388850817079 4.79957350148003 0.6782103045681506 -21.95614465849357 -41.4346682245304 12179.046459994257 462.5546678563668 -213567430.6448557 127265425.8647125 2.1154366792742745 -3.203400981711238 -4.203400981711238 0.2553524761384396 0.33379139618997644
0.00287211734891 26142.67719934898 3536993474745.9565 -1173528736.9673262 18201817.08888592 66117844.81631075 0.1534711589535186 -1.3311785270235692 -3.185539184427959 26142.67719934898 0.255785264922531 511.8932895388506 -1.929753919505428 0.0 -5128.878880150601 -6091.10181833046 0.007048273647708178 -12352.090058694974 0.255785264922531 11981709.886991128 -524.2240292674032 -0.016365498665165797 -0.008757399794948132 2.3119550686089876 4.693047021667761 0.6731322535532713 -21.919723801581963 -41.390983852062384 11869.257013279632 462.5545540067758 -205763428.43426389 122244897.42137775 2.056169803686456 -3.112071015108219 -4.112071015108219 0.25622231660113626 0.33464890582052653
0.00294305864743 26009.60050539692 3500864207085.7183 -1136104964.9222536 18112603.619489037 65557853.32783833 0.15398489559620812 -1.2997355472130225 -3.1164269872825807 26009.60050539692 0.25664149266034686 512.0645340994176 -1.8597854946222339 0.0 -4990.068735658765 -5953.956364823021 0.007211518338276455 -12049.97916619324 0.25664149266034686 11896806.93813142 -524.4001533243463 -0.01640354655917333 -0.00877216446548644 2.2549967654460605 4.589093316703756 0.6682208718403722 -21.882467122626906 -41.3463038733678 11566.925316742261 462.5544201106497 -198178761.3488462 117368444.3713043 1.9983552727857137 -3.022959894031369 -4.022959894031369 0.2571185516746004 0.33553171671827386
0.00301575219602 25873.943676853676 3464222994254.543 -1099646689.078972 18021643.501252174 64988967.23914811 0.15451293407899575 -1.269038502757472 -3.048993612170672 25873.943676853676 0.2575215567983263 512.2406782066842 -1.791472055372346 0.0 -4854.221826748177 -5854.464614379811 0.007378274022276698 -11755.152206205958 0.2575215567983263 11811044.618993415 -524.5827056201906 -0.016442638716508223 -0.008787325834326287 2.1994805423666524 4.487649899323233 0.6634736783196507 -21.844357066726523 -41.300606667585896 11271.870107253353 462.55426398366075 -190808524.8012134 112632886.49921626 1.941958985568326 -2.9360141098883936 -3.9360141098883936 0.25804215928302143 0.3364407144143394
0.00309024127526 25735.674487993587 3427072107742.281 -1064132158.2656478 17928914.125228383 64411168.74686649 0.15505571263638804 -1.239069456782776 -2.9831998486082254 25735.674487993587 0.2584261877273134 512.4218782124909 -1.724773660880912 0.0 -4721.374284353406 -5701.823172452404 0.007548602905679621 -11467.433676489458 0.2584261877273134 11724444.13753115 -524.7682217455458 -0.016482806087950462 -0.008802895037858057 2.1453730236263286 4.388657710336567 0.65888744188915 -21.805375792777344 -41.25387033936182 10983.919325083274 462.55408323731996 -183648036.41497323 108035187.90362494 1.8869468358990151 -2.851183109822199 -3.851183109822199 0.2589941665034007 0.3373768266493127
0.00316657023476 25594.761220414042 3389414386232.862 -1029539483.7961323 17834393.34288765 63824446.70289891 0.1556136863975702 -1.2098101162419133 -2.9190057196450967 25594.761220414042 0.25935614399595036 512.608296247451 -1.6596495756491463 0.0 -4591.907174953087 -5566.713041611854 0.007722567615344265 -11186.652308285611 0.25935614399595036 11637028.114261841 -524.9598081055447 -0.0165240806953904 -0.008818883558043899 2.0926428400230153 4.292056531468994 0.6544602026273509 -21.76550517259405 -41.20607267641952 10702.898572856486 462.55387525418433 -176692578.1501455 103572289.05069521 1.833286696027065 -2.76841535301739 -3.76841535301739 0.25997565292358715 0.33834102554745515
0.00324478451956 25451.17272411077 3351253110072.656 -995847542.4019946 17738058.78754194 63228796.95322559 0.15618732127254234 -1.1812428715890566 -2.8563727831942627 25451.17272411077 0.2603122021209039 512.800100431819 -1.5960605810733588 0.0 -4465.131756506798 -5473.043244055034 0.007900231161540998 -10912.640964401973 0.2603122021209039 11548819.910887204 -525.1583494940078 -0.016566495536834782 -0.008835303234500743 2.0412590681919838 4.197788440751093 0.6501897130896177 -21.724726791440958 -41.157190809345146 10428.639805717312 462.5536371723556 -169937589.2419344 99241232.87753704 1.7809468660710797 -2.687661278256617 -3.687661278256617 0.2609877406050194 0.33933431753633425
0.00332493069719 25304.878479671705 3312592223233.5317 -963036084.6228888 17639888.892762788 62624222.6762174 0.15677710371349785 -1.1533509440931766 -2.795264473856686 25304.878479671705 0.26129517285582976 512.9974651942314 -1.5339693010008562 0.0 -4341.147666724199 -5343.915964323486 0.008081656897568427 -10645.236539721463 0.26129517285582976 11459843.333723366 -525.3612078645601 -0.0166100848118647 -0.008852166277256192 1.9911909832487702 4.1057983198330845 0.6460732052487876 -21.68302194846738 -41.107201666102426 10160.982533523005 462.55336586200065 -163378690.3402545 95039179.86331597 1.7298958103929405 -2.6088737449878208 -3.6088737449878208 0.262031611409701 0.34035776032823395
0.00340705648541 25155.848661075957 3273436259729.5474 -931084929.0813715 17539862.476268467 62010734.71783331 0.15738353718836406 -1.1261174375510257 -2.7356439903924485 25155.848661075957 0.2623058953139401 513.2005714943843 -1.4733380950785084 0.0 -4220.078887923222 -5223.735440329763 0.00826690847625756 -10384.279864079432 0.2623058953139401 11370123.238967434 -525.5700140692716 -0.016654883881964438 -0.008869485280276508 1.9424094164705097 4.016030687150692 0.6421087784946078 -21.640371656895905 -41.05608175577075 9899.76593176593 462.55305790032395 -157011509.51936913 90963294.95446849 1.6801035211565696 -2.5320053089810446 -3.5320053089810446 0.2631085047926941 0.34141245949246013
0.0034912107806 25004.054204308846 3233790352111.341 -899974535.644602 17437958.721280493 61388351.944529586 0.15800714224378476 -1.0995260181334776 -2.6774758065837054 25004.054204308846 0.26334523707297464 513.4096071728997 -1.4141305695107307 0.0 -4101.686675073619 -5113.449214072183 0.008456049803651817 -10129.615607599257 0.26334523707297464 11279684.91710538 -525.784939613066 -0.01670092930368632 -0.008887273235187102 1.8948857263694343 3.928431964184567 0.6382943765500676 -21.596756645456434 -41.003807134396276 9644.834475120588 462.5527095458736 -150831805.0896142 87010827.5696066 1.6315404892964598 -2.457010170690127 -3.457010170690127 0.2642197184201175 0.34249956891403566
0.00357744368688 24849.466876473278 3193660273895.4873 -869685824.8002957 17334157.325723067 60757101.59107435 0.15864845826720303 -1.0735607056937753 -2.6207252100857277 24849.466876473278 0.2644140971120051 513.6247671434132 -1.3563111129737226 0.0 -3985.944816888065 -5003.9769806511995 0.008649144989334397 -9881.092188215916 0.2644140971120051 11188554.109858382 -526.006340123975 -0.016748258897902865 -0.008905543545838064 1.8485920743758002 3.8429497827579224 0.6346280815953185 -21.55215735956375 -40.95035345241122 9396.036201544353 462.55231670873843 -144835426.60477883 83179086.09848174 1.584177977263795 -2.3838435806170217 -3.3838435806170217 0.2653666134423689 0.3436202952980788
0.00366580654595 24692.059349470677 3153052450674.53 -840200221.1999234 17228438.50490848 60117019.61923978 0.15930804378273092 -1.0482059321820905 -2.565358432675358 24692.059349470677 0.26551340630455156 513.8462538554544 -1.2998450263708063 0.0 -3872.7358073996625 -4896.331195222917 0.008846258293626074 -9638.5616814352 0.26551340630455156 11096756.799800184 -526.2341991274407 -0.016796911790767786 -0.008924310043266508 1.8035013090547956 3.7595331802448535 0.631108012698585 -21.506553963416206 -40.89569592859929 9153.223178236358 462.5518749216971 -139018323.86063343 79465443.75875685 1.537987902750244 -2.3124620072839104 -3.3124620072839104 0.2665506168027776 0.344775899886701
0.00375635196763 24531.80527465124 3111974002396.5396 -811499590.845379 17120783.148781955 59468151.07174895 0.1599864783823901 -1.0234464703631396 -2.511342494706814 24531.80527465124 0.26664413063731685 514.0742774966828 -1.2446983640694973 0.0 -3762.0620447049637 -4791.077129179227 0.009047454071019536 -9401.879732370655 0.26664413063731685 11004319.104285203 -526.46862971671 -0.016846928489556472 -0.008943587001518098 1.7595870419446205 3.6781323651811157 0.6277324172294985 -21.459926341996606 -40.83980940167164 8916.250912055615 462.55137930407096 -133376533.2268625 75867329.5854009 1.4929429113073038 -2.242822936700055 -3.242822936700055 0.26777322671853354 0.3459677032012525
0.00384913386123 24368.679361657647 3070432735971.1426 -783566203.1970952 17011172.73669379 58810550.43375997 0.160684362209935 -0.9992673900573952 -2.4586451071052267 24368.679361657647 0.2678072703498917 514.309056415753 -1.190837836755335 0.0 -3653.7696228314057 -4693.071201334521 0.0092527967103355 -9170.905469701602 0.2678072703498917 10911267.153176313 -526.7101529956235 -0.016898350910784787 -0.008963389153975421 1.7168236830339108 3.5986985705412087 0.6244997212918988 -21.412254103922155 -40.78266826091192 8684.97798496689 462.5508245257466 -127906169.04001586 72382222.87435263 1.449016412684019 -2.174884745962041 -3.174884745962041 0.2690360141847725 0.34719708577666075
0.0039442074676 24202.65745920907 3028437187599.1807 -756382870.3809538 16899589.506063435 58144281.99174163 0.16140231802542562 -0.9756542403710283 -2.4072350793806936 24202.65745920907 0.26900386337570936 514.5508174753643 -1.1382312160049843 0.0 -3547.8590266270385 -4585.72813202519 0.009462350570781307 -8945.501421955385 0.26900386337570936 10817626.654863635 -526.9581508588053 -0.0169512224621595 -0.00898373171049997 1.6751861463220763 3.5211846646124707 0.6214082463448792 -21.363516584513828 -40.72424650081938 8459.267517597398 462.5502047658135 -122603453.36016929 69007672.45248136 1.406182282946367 -2.1086072294706977 -3.1086072294706977 0.2703406278511127 0.3484654925832611
0.00404162939205 24033.716639211776 2985996636160.9604 -729932619.1672449 16786016.47999881 57469420.19437599 0.16214099189235404 -0.9525926353943059 -2.3570813999760194 24033.716639211776 0.27023498648725675 514.7997964359189 -1.0868464134887628 0.0 -3444.330861570424 -4490.653138807068 0.009676179914336551 -8725.53343560923 0.27023498648725675 10723423.223049747 -527.2141226416479 -0.017005588098677103 -0.009004630375255096 1.634650430604719 3.445543771134943 0.6184568096130053 -21.313692849511146 -40.66451770651801 8238.9838306741 462.5495136689037 -117464645.14091511 65741250.517320424 1.3644154441174623 -2.043950412995646 -3.043950412995646 0.2716887993540462 0.34977443698635247
0.00414145763804 23861.835283599525 2943121073082.0854 -704199044.1330866 16670437.27072644 56786050.012010746 0.16290105150976592 -0.9300687105162391 -2.308154247828333 23861.835283599525 0.27150175251627656 515.0562383392386 -1.0366524953120564 0.0 -3342.921043087171 -4400.99573671152 0.009894348833949723 -8510.870595275917 0.27150175251627656 10628681.556198223 -527.4779554157958 -0.01706149433351412 -0.009026101365319124 1.595192923631892 3.371730787570407 0.6156440346324064 -21.26276169928724 -40.60345492504535 8023.996094785167 462.54874429707894 -112486115.54609832 62580601.8166029 1.3236911711156154 -1.980875858107872 -2.980875858107872 0.2730823408662456 0.3511254982206883
0.0042437516417 23686.993175032876 2899821320023.3257 -679166199.6785173 16552836.660006106 56094267.29803566 0.1636831926437197 -0.9080689958075726 -2.2604247205260424 23686.993175032876 0.27280532107286615 515.3203980326307 -0.9876193994531763 0.0 -3243.7242098879724 -4302.817238502001 0.010116921177642072 -8301.385145812665 0.27280532107286615 10533425.287371686 -527.7488705465812 -0.017118989413335898 -0.009048161429981955 1.556790563637268 3.299701973764775 0.6129685272915079 -21.210701673931474 -40.54103092382399 7814.1773061899075 462.5478890788185 -107664325.0511396 59523428.358919226 1.2839852425644018 -1.919346311791648 -2.919346311791648 0.27452315848511344 0.3525203339250301
0.00434857230725 23509.17158703226 2856108964087.0957 -654818310.5772586 16433200.233658805 55394179.133520894 0.16448813586590397 -0.8865800353303808 -2.2138639834984817 23509.17158703226 0.27414689310984 515.5925404073547 -0.9397170903886418 0.0 -3146.6688013723287 -4213.6357626881 0.010343960467866672 -8096.952416212146 0.27414689310984 10437677.366393419 -528.0283803923458 -0.017178123302138564 -0.009070827871328962 1.5194213723837509 3.2294136775444424 0.6104294268888345 -21.15749105791811 -40.477217979210465 7609.40125379901 462.5469397481632 -102995760.46827136 56567448.61776596 1.245274479273911 -1.8593246091798323 -2.8593246091798323 0.2760132517810512 0.3539606780674589
0.00445598204324 23328.353382083747 2811996390088.2573 -631140161.5052524 16311514.53320756 54685904.18775891 0.16531662846925077 -0.8655889084392185 -2.1684444313008573 23328.353382083747 0.275527714115418 515.8729411792395 -0.8929167171854393 0.0 -3051.6453916957335 -4124.506719749121 0.010575529816894634 -7897.450745444543 0.275527714115418 10341458.9362619 -528.3160876780812 -0.017238947770118404 -0.009094118565062037 1.4830636666585184 3.16082407557948 0.6080256220332245 -21.103107886939437 -40.41198791545708 7409.546645681919 462.54588728717164 -98477018.47378331 53710451.84244391 1.2075359525431004 -1.8007751711605926 -2.8007751711605926 0.2775547162455275 0.3554483436967717
0.0045660447997 23144.523107443594 2767496819345.4824 -608116788.5996846 16187767.242436951 53969573.05282143 0.16616944709216344 -0.8450828228775844 -2.124138787271911 23144.523107443594 0.27694907848693906 516.1618870617375 -0.847189708784972 0.0 -2958.6341363779197 -4040.5952098604635 0.010811691836807505 -7702.7614100522915 0.27694907848693906 10244789.730455607 -528.6128267088825 -0.01730151650046269 -0.009118051982912472 1.447696632465548 3.09389182141222 0.6057563423877657 -21.047529953888503 -40.34531217055029 7214.493895513959 462.54472185320424 -94104739.20610729 50950254.67653607 1.1707475539786087 -1.7436628433951946 -2.7436628433951946 0.27914975296051303 0.356985230899696
0.00467882610626 22957.667097967416 2722624283333.615 -585733694.0184433 16061947.045070376 53245328.587621376 0.16704739657906462 -0.8250494121581256 -2.080920762690745 22957.667097967416 0.27841232763177437 516.4596765594065 -0.8025084350589706 0.0 -2867.5016963404787 -3956.075757707707 0.01105250854534885 -7512.768553402088 0.27841232763177437 10147687.2152103 -528.9182772217036 -0.01736588512222333 -0.009142647215484403 1.4132998656560511 3.028577034825526 0.6036207064034967 -20.99073481682703 -40.27716168486222 7024.127437865247 462.5434327098021 -89875651.86324161 48284730.94896173 1.1348875380242767 -1.6879537463148675 -2.6879537463148675 0.28080066693290473 0.35857332512761475
0.00479439311108 22767.773578009113 2677393704036.3013 -563976664.6914619 15934044.059194319 52513326.23895475 0.16795131543048875 -0.8054764929455661 -2.038764525701982 22767.773578009113 0.2799188590508146 516.7666203625852 -0.7588456666511674 0.0 -2778.325730236687 -3870.5593886945426 0.011298041265874753 -7327.359116867034 0.2799188590508146 10050166.728328198 -529.2327831402818 -0.017432111379021318 -0.009167923996607017 1.3798537071150365 2.9648405022027013 0.6016180708904699 -20.932699806603292 -40.20750709367549 6838.333840820427 462.5420081407143 -85786535.93489367 45711786.137643635 1.099934848064222 -1.63361459040956 -2.63361459040956 0.28250988067748406 0.3602147093534346
0.00491281462092 22574.83276812707 2631820809543.5713 -542831742.4856695 15804049.390412476 51773734.36062248 0.16888207136140465 -0.7863520217191404 -1.9976445984298006 22574.83276812707 0.2814701189356744 517.0830419399072 -0.7161744794941263 0.0 -2690.9455529460297 -3794.7103781238325 0.011548350522828658 -7146.422772368229 0.2814701189356744 9952241.339515137 -529.5576267069855 -0.017500255101756623 -0.009193902728487158 1.3473392838044778 2.902643524666142 0.5997480835838905 -20.87340203590624 -40.136318456972724 6657.001464118216 462.54043536421256 -81834213.95065357 43229352.92613477 1.0658691648688032 -1.5806125434307896 -2.5806125434307896 0.28427993033811905 0.3619115591054063
0.00503416114206 22378.836994456084 2585922218613.0923 -522285498.32649827 15671955.61480772 51026734.52076544 0.1698405673063832 -0.7676644947472875 -1.9575367547071325 22378.836994456084 0.28306761217730536 517.4092782572097 -0.6744691425298273 0.0 -2605.2990488814307 -3715.4037859101168 0.011803495931535169 -6969.85185677545 0.28306761217730536 9853920.520593796 -529.8918841379182 -0.017570378393871513 -0.009220604507980488 1.315737902650033 2.84194926133493 0.5980100813587012 -20.812818409183595 -40.06356547339132 6480.023538110923 462.538700437926 -78015610.64690056 40835429.43333459 1.0326702904727278 -1.5289163882347192 -2.528916388234719 0.2861134734383658 0.36366615107741695
0.00515850492227 22179.780798506734 2539715435231.0444 -502324647.2530587 15537756.783533465 50272521.78749522 0.17082774225823041 -0.749402401240801 -1.9184168061028624 22179.780798506734 0.2847129037637174 517.7456802948698 -0.6337039023391449 0.0 -2521.4118358544083 -3638.136354632871 0.012063536082188946 -6797.541307817953 0.2847129037637174 9755211.138455208 -530.2365649791709 -0.01764254571676914 -0.009248051154336323 1.2850318327506547 2.7827209078997206 0.5964038905282811 -20.750925632800545 -39.989217448042076 6307.293960286824 462.53678815048056 -74327669.95379272 38528025.13162118 1.0003189289869374 -1.4784949573045085 -2.4784949573045085 0.28801329908803575 0.3654808705069047
0.00528591999385 21977.661051190276 2493218817277.897 -482936281.9920004 15401448.29211167 49511305.00593096 0.17184457038365816 -0.7315545640548399 -1.880261357727286 21977.661051190276 0.28640761730609693 518.092613792588 -0.593853740421189 0.0 -2439.1694896160707 -3564.184004238679 0.012328528418504478 -6629.388601493876 0.28640761730609693 9656116.294993669 -530.5919482847821 -0.017716823943673535 -0.009276265237943913 1.2552037858979537 2.7249228308222295 0.5949293121332233 -20.687700226683745 -39.91324318169853 6138.709896390793 462.5346819087752 -70767404.76543441 36305193.346565604 0.9687961685918568 -1.4293181073889527 -2.4293181073889527 0.28998232491302134 0.36735820877342373
0.0054164822177 21772.477068400935 2446451625648.0645 -464107782.16625994 15263027.21245503 48743307.0548941 0.17289206568280738 -0.714110013571075 -1.8430475348732145 21772.477068400935 0.28815344280467897 518.4504599806256 -0.5548940920685355 0.0 -2358.548193708493 -3492.0689006528128 0.012598529110292396 -6465.293691035814 0.28815344280467897 9556635.29898422 -530.9584774622936 -0.017793282528413557 -0.009305270110486786 1.2262370836826428 2.6685201547082618 0.5935863002463122 -20.62311853671918 -39.8356111093774 5974.1708246828985 462.5323636116709 -67331877.55438551 34165018.414752215 0.9380836408779639 -1.381356367112252 -2.381356367112252 0.29202360861749865 0.3693007738432714
0.00555026932848 21564.230728140323 2399433983801.548 -445826831.7411657 15122492.132334577 47968765.08179155 0.17397128087014888 -0.6970580193918682 -1.8067530517895574 21564.230728140323 0.28995213478358145 518.8196162534347 -0.516800917005976 0.0 -2279.457120158507 -3421.5418403473896 0.012873592919881246 -6305.158947341461 0.28995213478358145 9456763.25092809 -531.336474806084 -0.017871993562374046 -0.009335089936559954 1.198115592523041 2.613478866089809 0.592374905679506 -20.557156747984656 -39.75628917268715 5813.578761708064 462.5298135129648 -64018203.70117132 32105617.950517796 0.9081634577394594 -1.3345810256322812 -2.334581025632281 0.29414034774862663 0.3713112896609163
0.00568736098089 21352.92659074547 2352186926044.6665 -428081414.94010603 14979843.519557212 47187930.719996385 0.17508331263148552 -0.6803880914172541 -1.7713562218627654 21352.92659074547 0.29180552105247587 519.2004971134133 -0.4795507008102895 0.0 -2201.9021614248154 -3350.957148319225 0.013153773062559862 -6148.889100830934 0.29180552105247587 9356490.67886126 -531.7260696664507 -0.017953031962941877 -0.009365749726571582 1.170823705491528 2.559765825776656 0.5912952665392412 -20.489790899411062 -39.67524497676327 5656.838276141247 462.52701007276477 -60823550.81779753 30125142.172455266 0.8790181844390521 -1.288964145910787 -2.288964145910787 0.29633589009643213 0.37339260619427916
0.00582783879712 21138.572018188566 2304732343034.8325 -410859707.4831868 14835083.504727215 46401070.27223234 0.17622929992061687 -0.6640898125938106 -1.7368355834241966 21138.572018188566 0.2937154998676948 519.5935347897384 -0.4431200835565019 0.0 -2125.798518632772 -3285.1913954403212 0.01343912106018566 -5996.391184673877 0.2937154998676948 9255803.855900642 -532.1283878544109 -0.018036475527524805 -0.009397275371562104 1.144346570302786 2.50734820851373 0.5903478472040762 -20.420996898702523 -39.592445629938936 5503.8552424494055 462.52392979066633 -57745114.94075546 28221758.52899042 0.8506310704350911 -1.2444780821211294 -2.2444780821211294 0.29861373639443656 0.3755477005030047
0.00597178641541 20921.177299084116 2257093003611.3027 -394150275.0354465 14688216.126571473 45608464.88299013 0.17741042784607414 -0.6481531598026552 -1.703170618592677 20921.177299084116 0.2956840464101236 519.9991803907353 -0.40748657218255335 0.0 -2051.0834269262177 -3218.4076675116794 0.01372968658895868 -5847.574479450709 0.2956840464101236 9154683.327627918 -532.5431254332825 -0.01812240510293377 -0.009429693679016941 1.118669602845537 2.456194579085641 0.589532955349892 -20.350750539746944 -39.50785783287018 5354.539211850297 462.5205470316284 -54780163.28826576 26393679.394847017 0.8229855564354135 -1.2010964067483063 -2.2010964067483063 0.3009775409816111 0.37777967958458525
0.00611928953987 20700.7557697414 2209292556095.773 -377941834.0354361 14539247.472894318 44810410.662850276 0.17862793066648477 -0.6325681272132915 -1.6703409207206252 20700.7557697414 0.2977132177774746 520.4179045811442 -0.3726277029431506 0.0 -1977.761519706639 -3154.161574717028 0.014025517319597287 -5702.350459076184 0.2977132177774746 9053105.043088004 -532.9712594919292 -0.018210904743158486 -0.009463032411145182 1.0937790245745944 2.40627364182178 0.5888512926882022 -20.279027519556376 -39.421447918541126 5208.800647502796 462.5168338251137 -51925982.900684066 24639128.52164999 0.7960658067971197 -1.158792837034473 -2.158792837034473 0.30343112675485007 0.3800917922750183
0.0062704359915 20477.32394091347 2161355474073.365 -362223402.74300814 14388185.511652673 44007218.79869691 0.17988309055091495 -0.6173249741137933 -1.6383267432912665 20477.32394091347 0.2998051509181916 520.8501987499646 -0.3385215923730749 0.0 -1905.7128240414695 -3092.853855080026 0.014326658751596303 -5560.6327380555595 0.2998051509181916 8951039.196907073 -533.4131876504634 -0.018302061786115407 -0.009497320324241278 1.0696614832595612 2.3575550646308363 0.5883035798212061 -20.205803457968003 -39.33318170727773 5066.552732112374 462.51275965555834 -49179912.79289989 22956362.09030826 0.7698563323413699 -1.1175419427858992 -2.1175419427858992 0.305978478076506 0.3824874241368784
0.00642531576049 20250.901621889247 2113307101009.2388 -346984268.39686435 14235040.530648548 43199215.6177974 0.18117724463927046 -0.602414181776102 -1.6071089145235902 20250.901621889247 0.3019620743987841 521.2965759420227 -0.3051468401248061 0.0 -1834.9431489060632 -3029.9494761194587 0.014633154039871043 -5422.337019987863 0.3019620743987841 8848450.104022456 -533.8689865604356 -0.018395967102908063 -0.009532587210428194 1.0463041031655567 2.310009346985791 0.5878906142047439 -20.131053917563833 -39.243024716408414 4927.711058143835 462.50829122628124 -46539337.34428736 21343664.123292953 0.7443420287667727 -1.0773190364390293 -2.0773190364390293 0.3086237532340512 0.38497011002364656
0.00658402105978 20021.512046204723 2065173580506.7612 -332213861.26321924 14079824.91056167 42386742.620010495 0.1825117832420568 -0.5878262412874998 -1.5766683632197134 20021.512046204723 0.304186305403428 521.757572014747 -0.27248205781628543 0.0 -1765.40808654284 -2970.852402526878 0.014945043814503345 -5287.38104733349 0.304186305403428 8745297.071670918 -534.3398846405717 -0.01849271517507452 -0.009568863941193833 1.0236947816809028 2.2636071096950943 0.5876135770422751 -20.05475442534103 -39.15094198178896 4792.1921046747075 462.50339220271104 -44001658.92980831 19799328.80249251 0.7195084762774747 -1.0380995615604447 -2.0380995615604447 0.3113712891048004 0.38754353656680063
0.00674664637995 19789.1819981319 2016981852630.6926 -317901921.7039917 13922553.312357005 41570156.473569416 0.18388815365700603 -0.5735519456838872 -1.546986773604203 19789.1819981319 0.30648025609501006 522.2337467524592 -0.24050651750919272 0.0 -1697.0114543756 -2913.6372721055054 0.015262365993506796 -5155.684552376213 0.30648025609501006 8641532.915112369 -534.8261171266877 -0.018592404290094434 -0.009606182512885595 1.0018217480448077 2.218320075041301 0.5874735944148703 -19.97688049604193 -39.05689811960113 4659.9153333691265 462.4980229342942 -41564334.04972521 18321683.88406443 0.6953414919497976 -0.9998599374085131 -1.999859937408513 0.3142255970207424 0.39021154194947094
0.00691328854554 19553.941937510965 1968759643730.2803 -304038400.71692944 13763242.854306143 40749828.96452501 0.18530786411038652 -0.5595822272928037 -1.5180462297030994 19553.941937510965 0.30884644018397756 522.725685090685 -0.20919978951912177 0.0 -1629.741253518095 -2856.0132040435087 0.015585155588174714 -5027.169209301558 0.30884644018397756 8537104.610021537 -535.3280383205301 -0.018695136746160086 -0.009644576094600276 0.980673789783009 2.1741205311599896 0.5874719725262918 -19.897407656515174 -38.960857385287895 4530.802028366315 462.49214014764533 -39224852.208156876 16909076.82889129 0.6718273495990315 -0.9625771004414347 -1.9625771004414347 0.31719137339106807 0.39297812563388856
0.00708404677261 19315.826124188854 1920535425151.1023 -290613425.1895472 13601913.117592435 39926146.90322262 0.18677248539622002 -0.5459080973189723 -1.489829083518042 19315.826124188854 0.3112874756603667 523.2339984257706 -0.17854160785767537 0.0 -1563.5624123319606 -2800.2958371651716 0.01591344450079023 -4901.758587541743 0.3112874756603667 8431953.664254306 -535.8464869544441 -0.01880101901758491 -0.009684079078326883 0.9602403292797467 2.130981133390274 0.5876102813275799 -19.81631147171127 -38.86278363002503 4404.774884217324 462.4856966084402 -36980728.543691486 15559870.000995982 0.64895285361938 -0.926228334362678 -1.926228334362678 0.3202735041709118 0.3958474527562851
0.00725902272789 19074.87274171482 1872338372451.5764 -277617333.50656164 13438586.171553086 39099511.98542211 0.18828365282197387 -0.5325207133213108 -1.4623181078576892 19074.87274171482 0.31380608803662313 523.7593259323354 -0.1485120198210661 0.0 -1498.4085409574823 -2746.8617510574063 0.016247261315406648 -4779.378106104922 0.31380608803662313 8326015.861300021 -536.3822579753987 -0.018910161933429537 -0.009724727131442299 0.9405113133158713 2.088875132440992 0.5878902489690492 -19.73356757240603 -38.76264026730868 4281.758488396832 462.47864075584135 -34829511.65062268 14272445.74819671 0.6267052252792482 -0.8907914672594517 -1.8907914672594517 0.3234770635068104 0.39882385485193295
0.00743832058927 18831.12401970923 1824198341567.5337 -265040693.37914926 13273286.732533926 38270340.604980454 0.18984307024278654 -0.5194114211998754 -1.435496595618666 18831.12401970923 0.3164051170713109 524.3023360195701 -0.11909147854735513 0.0 -1434.224594836889 -2694.263040987178 0.016586631080990507 -4659.954989087403 0.3164051170713109 8219221.106549546 -536.935765263559 -0.01902268090540261 -0.009766557251700137 0.9214771410443602 2.0477765210708956 0.5883136947192518 -19.649151684678692 -38.66039032141938 4161.679614145263 462.470916299882 -32768787.781363167 13045209.041983817 0.6050720239730493 -0.8562449997400514 -1.8562449997400514 0.3268073147229924 0.4019118333449059
0.00762204710783 18584.626353179086 1776145834744.6548 -252874249.11373025 13106042.284705337 37439063.611350514 0.1914525138011606 -0.506571662165715 -1.4093481585921972 18584.626353179086 0.3190875230019343 524.8637278255516 -0.09026063559026287 0.0 -1370.989283753722 -2642.111772394231 0.016931575086941777 -4543.418222211495 0.3190875230019343 8111494.180725169 -537.5076299252369 -0.019138696158234523 -0.009809607825057768 0.9031287905588247 2.007659730220985 0.5888826621681245 -19.563039660780603 -38.55599645592264 4044.4665887421806 462.46246177861445 -30796169.895372313 11876580.271254212 0.5840412675568905 -0.8225678455813661 -1.822567845581366 0.33026971769750735 0.40511606719785087
0.00781031167139 18335.430419741657 1728211942737.9055 -241108902.38683575 12936883.067911066 36606126.014553614 0.19311383371411342 -0.49399293636871866 -1.383856649284728 18335.430419741657 0.32185638952352236 525.4442328091449 -0.06200025976120571 0.0 -1308.6553668314987 -2592.177454362537 0.017282110631264492 -4429.698510406614 0.32185638952352236 8002755.346766927 -538.0988678124427 -0.019258332929437457 -0.009853918686232309 0.8854578624678991 1.9684995107525847 0.5895994683781847 -19.475207511963948 -38.44942091788868 3930.049063512061 462.4532100742651 -28909293.807124015 10764992.745924793 0.5636014729443767 -0.7897392309590601 -1.78973923095906 0.3338699309481904 0.4084414160080857
0.00800322636968 18083.59129422706 1680428297380.4592 -229735762.06215587 12765842.154958937 35771986.63520619 0.19482895751786244 -0.48166690685565766 -1.3590063967427393 18083.59129422706 0.3247149291964374 526.0446164068277 -0.03429146754630197 0.0 -1247.1530140262528 -2543.5628513758384 0.01763825078161231 -4318.728236370177 0.3247149291964374 7892920.06322837 -538.7101355055988 -0.01938172170709159 -0.009899531182115636 0.8684564184895774 1.9302712853819628 0.5904665456820779 -19.38563144335616 -38.34062553779371 3818.3587264023718 462.4430878841597 -27105829.332552277 9708899.91386421 0.54374148929314 -0.7577389986463645 -1.7577389986463645 0.3376138051368964 0.4118929182203611
0.00820090606101 17829.168559184247 1632827034860.1714 -218746115.89201462 12592955.631745216 34937117.6942872 0.19659989521745852 -0.4695853514723037 -1.3347821072976505 17829.168559184247 0.32766649202909753 526.6656798455042 -0.007115615268552977 0.0 -1186.458409901946 -2495.206863054675 0.01800000412867199 -4210.441420177469 0.32766649202909753 7781899.742522551 -539.342003921071 -0.019508998515381026 -0.009946488238354777 0.8521170441198047 1.8929509969367764 0.5914865094398885 -19.294287890639186 -38.22957179846354 3709.3289880548614 462.43201513765234 -25383474.82468321 8706771.694014814 0.5244505520907072 -0.7265474801555776 -1.7265474801555776 0.3415073880307705 0.41547579810778856
0.00840346844071 17572.226410416075 1585440727916.7788 -208131378.23469555 12418262.59020208 34102004.33972644 0.19842874161358073 -0.4577400557485058 -1.3111686299797622 17572.226410416075 0.3307145693559679 527.3082619383921 0.019545939376205634 0.0 -1126.5296016976183 -2448.6751231095773 0.0183673745324076 -4104.773679777718 0.3307145693559679 7669603.174894466 -539.9956082073759 -0.01964030515417899 -0.009994834429313223 0.836432997833389 1.8565147551843204 0.5926623129756361 -19.201153558501375 -38.1162207848857 3602.8942923552277 462.4199043573504 -23739946.402507707 7757087.471648503 0.5057184284774211 -0.6961451932856726 -1.6961451932856726 0.3455569314351211 0.4191954725890177
0.0086110341112 17312.83375902604 1538302320127.352 -197883151.28024963 12241805.156991526 33267144.114768695 0.20031767920031257 -0.44612294625645577 -1.2881512571629574 17312.83375902604 0.33386279866718765 527.9732410850636 0.04571154150423018 0.0 -1067.3016382371804 -2403.363534520712 0.018740360861614673 -4001.6621924622705 0.33386279866718765 7555936.252687144 -540.671716920428 -0.01977578946033006 -0.010044616051179426 0.8213980081987851 1.8209392861887066 0.5939970466097747 -19.10620546170123 -38.000533154333596 3498.9910086961763 462.40665995975354 -22172991.673531417 6858345.027684417 0.4875352095315974 -0.6665132299014476 -1.6665132299014476 0.34976887756409203 0.42305754463912604
0.00882372665375 17051.06432701471 1491445079817.3245 -187993188.8982925 12063628.688793875 32433046.358714465 0.2022689842299023 -0.43472602022731466 -1.265715577142036 17051.06432701471 0.33711497371650384 528.6615373543199 0.0713993965744677 0.0 -1008.7430855260686 -2358.749061143876 0.019118956726321187 -3901.0456572617195 0.33711497371650384 7440803.255376648 -541.3711362409185 -0.01991560564382779 -0.010095881198809966 0.8070063711732558 1.7862017078075527 0.5954940394805917 -19.009420968005163 -37.882469222517244 3397.5569902433185 462.3921774857134 -20680382.788913198 6009055.900219116 0.4698913974567519 -0.6376330659841507 -1.6376330659841507 0.3541498662978376 0.4270678124911148
0.00904167270209 16786.996736202917 1444902515970.2356 -178453376.18510568 11883781.721236534 31600231.54011707 0.2042850286858275 -0.42354130212279273 -1.2438473805481727 16786.996736202917 0.34047504780971255 529.3741145715519 0.09662766726153982 0.0 -950.8060225989589 -2315.3978198897485 0.019503150203676285 -3802.8642581910126 0.34047504780971255 7324108.153264629 -542.0949337723455 -0.0200599145546271 -0.010148679846407441 0.7932530075624686 1.7522793882190215 0.5971569209329751 -18.910777843237266 -37.76198888523746 3298.5313133039044 462.3763427550081 -19259912.65618165 5207742.959648699 0.45277795975275614 -0.6094864410006249 -1.6094864410006249 0.3587067349475219 0.43123227163665534
0.00926500201783 16520.71459135006 1398708314137.0374 -169255749.87675536 11702316.08674891 30769230.526113443 0.20636828533025217 -0.412560893584364 -1.222532778824886 16520.71459135006 0.34394714221708694 530.1119827201019 0.12141436339220091 0.0 -893.4443950618704 -2273.0296286125517 0.019892923558056556 -3707.0596283673094 0.34394714221708694 7205755.197361858 -542.8440577914052 -0.020208884023148525 -0.010203063931894308 0.7801333847009972 1.7191501208316335 0.5989895444192185 -18.81025429911863 -37.63905165455073 3201.854622230455 462.3590309404315 -17909400.191446688 4452943.767472491 0.43618624248391036 -0.5820555108210201 -1.5820555108210201 0.36344651170865083 0.43555711432737243
0.00949384756768 16252.306554175453 1352896255512.2664 -160392472.42189628 11519286.930592377 29940583.778718513 0.2085213311762967 -0.4017769165941457 -1.2017580830629857 16252.306554175453 0.3475355519604945 530.8762002432904 0.14577746889750887 0.0 -836.6099158640046 -2231.88374712762 0.020288252954746414 -3613.574814998645 0.3475355519604945 7085650.52625584 -543.6196396327387 -0.02036268918348678 -0.010259087445671479 0.7676435951283797 1.686791940607647 0.6009960696569211 -18.707829043042175 -37.5136166287502 3107.4687919946564 462.34010554663706 -16626685.570907997 3743207.48438327 0.4201080431678852 -0.5553226915610807 -1.5553226915610807 0.3683764183126961 0.4400487344484846
0.0097283456026 15981.86641045202 1307500141057.7856 -151855850.18746614 11334752.788032487 29114840.486549143 0.2107468522138214 -0.3911815614899793 -1.1815099177019117 15981.86641045202 0.3512447536897023 531.6678766121715 0.1697348359877906 0.0 -780.2524888214804 -2191.52116055038 0.02068910816896808 -3522.3542451810968 0.3512447536897023 6963702.925828022 -544.422634705747 -0.020521512835345302 -0.010316806523353598 0.7557802822195699 1.655183291989633 0.6031808899243856 -18.603481330977992 -37.38564250602309 3015.317252981373 462.3194172923808 -15409635.100603132 3077098.0070581622 0.4045355285298676 -0.5292708063340508 -1.5292708063340508 0.3735038605192893 0.4447137249489448
0.00996863573898 15709.493125666046 1262553710170.3289 -143638300.30627614 11148775.644205168 28292557.62000753 0.2130476481109276 -0.38076700832986915 -1.1617750527492317 15709.493125666046 0.3550794135182127 532.4881749807228 0.19330436076898105 0.0 -724.3362435620396 -2152.0329181905486 0.021095452289474795 -3433.3436924677535 0.3550794135182127 6839825.836041996 -545.2542463039927 -0.020685545821574638 -0.010376279543445959 0.7445407523238416 1.6243027746177765 0.6055487473616163 -18.49719102219644 -37.25508759013323 2925.344533753894 462.2968028758444 -14256135.105257962 2453189.963865403 0.38946133880562894 -0.503882869012044 -1.503882869012044 0.3788364361758405 0.4495588871337761
0.0102148610417 15435.290892566087 1218090545364.6882 -135732356.05696148 10961420.901952988 27474298.922623638 0.21542663512101343 -0.37052544026480977 -1.1425404378047823 15435.290892566087 0.35904439186835574 533.338314956206 0.21650395406357337 0.0 -668.8043308269029 -2113.806625213707 0.021507241418579397 -3346.490244266642 0.35904439186835574 6713938.633927835 -546.1157784649445 -0.020854987385284532 -0.010437567229290439 0.7339229520347421 1.5941291927510546 0.6081047118480813 -18.38893863748704 -37.12190972931963 2837.4963755310173 462.2720836227582 -13164094.056044627 1870070.136655014 0.37487856016638643 -0.4791421281801913 -1.4791421281801913 0.38438192834792906 0.4545912289863683
0.0104671681095 15159.369166280212 1174143989876.312 -128130678.463138 10772757.468070349 26660633.828147598 0.2178868516173717 -0.3604490780931688 -1.1237932870475924 15159.369166280212 0.3631447526956195 534.219575459344 0.23935146564802712 0.0 -613.6078465071331 -2076.2528270367084 0.02192442436878543 -3261.7422699072454 0.3631447526956195 6585967.693300386 -547.0083645017758 -0.02103004559694346 -0.010500732756218233 0.723925415650669 1.5646416796728488 0.6108541293526661 -18.278705419640175 -36.9860663465905 2751.71997175206 462.2450639957544 -12131446.24784876 1326339.8170454353 0.3607806629550495 -0.4550321768809824 -1.4550321768809824 0.39014829656769423 0.4598179636715688
0.0107257071618 14881.842688772022 1130747054716.954 -120826025.70987189 10582857.776510064 25852136.312062602 0.2204314624443119 -0.35053010006032215 -1.1055209074589558 14881.842688772022 0.3673857707405198 535.1332979276103 0.2618648632815641 0.0 -558.7046927312608 -2039.658655628827 0.022346942356029784 -3179.0493896703088 0.3673857707405198 6455848.66239891 -547.9333808870274 -0.021210937775425445 -0.010565841863537222 0.7145473813275182 1.5358194376082603 0.613802740382404 -18.166473397318534 -36.847514424762146 2667.9635232080436 462.215529953038 -11156146.398970399 820611.2929135468 0.3471616105869983 -0.43153673121261327 -1.4315367312126133 0.3961436877623994 0.4652465207328983
0.0109906321287 14602.831498775988 1087932319037.4775 -113811263.12719472 10391797.762392236 25049383.66983691 0.22306376244523982 -0.3407606688869554 -1.087710764112108 14602.831498775988 0.371772937408733 536.0808892065737 0.2840621732966251 0.0 -504.03659031161186 -2004.042966682742 0.022774728692789778 -3098.362444190512 0.371772937408733 6323527.721804311 -548.89221810339 -0.021397890912617734 -0.010632962972236232 0.7057887503517254 1.5076418336985846 0.6169566396983648 -18.052225451236783 -36.706210460667236 2586.1764365477893 462.18324714523294 -10236172.994217874 351510.0580673218 0.33401581294299243 -0.4086397146187557 -1.4086397146187557 0.402376427565156 0.47088454364674504
0.0112621007422 14322.460930187672 1045731838097.2672 -107079361.05556993 10199656.917415282 24252955.234896176 0.22578718167443798 -0.33113292798283284 -1.0703504794795367 14322.460930187672 0.37631196945739664 537.0638252041693 0.30596148997786 0.0 -449.56007053893626 -1968.9649442173977 0.023207708479620597 -3019.633464893732 0.37631196945739664 6188963.124695063 -549.8862345086723 -0.021591142150701802 -0.010702167307713109 0.6976500926174716 1.4800883960668394 0.6203222823308836 -17.935945384307587 -36.562110479588625 2506.309340864648 462.14795892675556 -9369529.167395512 -82324.62578868493 0.3213381231600749 -0.3863252571346125 -1.3863252571346125 0.4088550193368452 0.47673989352430646
0.0115402746306 14040.861593375648 1004177039755.8048 -100623369.32144758 10006518.24778361 23463431.025000125 0.22860528872312455 -0.3216389236112807 -1.0534276653926602 14040.861593375648 0.3810088145385409 538.0836540394399 0.32758114914588066 0.0 -395.226147981849 -1934.9805060568399 0.02364579829823515 -2942.8156448338127 0.3810088145385409 6052127.5667678015 -550.9171288331913 -0.02179093924448941 -0.010773529028825874 0.6901327609648854 1.4531385599094766 0.6239065992644917 -17.817617993982164 -36.4151699835791 2428.3136859842007 462.10938416665863 -8554238.526540088 -482242.40444483235 0.30912394642634455 -0.3645774787764673 -1.3645774787764673 0.4155881612059813 0.4828206640920155
0.011825319414 13758.169344373891 963298620912.1024 -94436442.75925654 9812468.237826083 22681390.336445443 0.2315217937481823 -0.31227068102449596 -1.0369300967184092 13758.169344373891 0.3858696562469705 539.1419999295927 0.34893955952856137 0.0 -340.9691443099504 -1901.877753602556 0.024088905905955704 -2867.86331054982 0.3858696562469705 5913008.862868682 -551.9864346416421 -0.021997541038724505 -0.010847125362023311 0.6832387801833778 1.4267719263286238 0.6277168852370966 -17.6972291493149 -36.26534389776628 2352.1422198059445 462.0672148360255 -7788351.99894999 -849577.3256748021 0.2973691239364073 -0.3433807135903537 -1.3433807135903537 0.42258472637841604 0.4891351716508552
0.0121174048035 13474.52523440354 923126456277.3668 -88511827.11000668 9617596.91655539 21907410.27042411 0.2345405544842236 -0.3030201631003639 -1.0208456283478067 13474.52523440354 0.39090092414037264 540.2405665786775 0.370055295792566 0.0 -286.74659237177593 -1869.1898415468277 0.024536929935120945 -2794.7318941921117 0.39090092414037264 5771611.776787884 -553.0956797331942 -0.022211218029912157 -0.010923036742383173 0.6769709096745006 1.4009681344749192 0.631760861529338 -17.57476587011195 -36.112586617214234 2277.7488010761317 462.0211133519852 -7069946.3585756635 -1185648.8222761843 0.2860699855341279 -0.3227194027639304 -1.3227194027639304 0.42985377690180593 0.49569196937696725
0.0124167047021 13190.075443507922 883689487000.2312 -82842832.68629569 9421997.745927643 21142064.208709825 0.23766557740614586 -0.2938791780280632 -1.0051619917751713 13190.075443507922 0.3961092956769098 541.3811411855502 0.3909473039017384 0.0 -232.5068137189716 -1837.4893813583342 0.024989759597218546 -2723.377906498816 0.3961092956769098 5627960.440797958 -554.2468148918952 -0.022432252856195004 -0.011001346960581339 0.6713327804066205 1.3757065557704538 0.6360468136058016 -17.450216410212775 -35.956851901209184 2205.0879435081306 461.97070964210286 -6397119.959309756 -1491764.396274561 0.2752234847297107 -0.30257783233268 -1.30257783233268 0.4374045938221244 0.502499870376793
0.0127233973083 12904.971196258914 845015617562.28 -77422862.77587213 9225767.564503007 20385920.23966236 0.2409010199742042 -0.2848394695910271 -0.9898669990529554 12904.971196258914 0.401501699957007 542.5655983929599 0.41163470090405174 0.0 -178.18239634136395 -1806.5991150647333 0.025447274395216758 -2653.758910333046 0.401501699957007 5482098.587855047 -555.4416373317849 -0.02266094083486886 -0.011082143316205181 0.6663287648519853 1.3509665985937638 0.6405834587297679 -17.323570344565997 -35.79809281717121 2134.1153658184326 461.9155979193183 -5768000.350602028 -1769214.599608831 0.26482706489497837 -0.282940396253486 -1.282940396253486 0.4452466562666758 0.5095679366443989
0.0130376652218 12619.368658696396 807131621315.7338 -72245399.57133159 9029006.59795317 19639539.53957479 0.2442511945493766 -0.27589266830474685 -0.974948440009625 12619.368658696396 0.40708532424896104 543.7959043353688 0.43213688423933594 0.0 -123.72399784634804 -1776.1803739982442 0.025909343845002337 -2585.8334949223004 0.4070853242489611 5334091.166867135 -556.6819753567502 -0.022897590560311792 -0.011165516777514668 0.6619640520037268 1.3267275519314508 0.6453800203614072 -17.19481866024988 -35.63626175065531 2064.787781316206 461.8553331109528 -5180742.886739135 -2019273.9233513381 0.2548787277547657 -0.26379146396480646 -1.2637914639648065 0.45338966686725535 0.516905500616666
0.0133596955528 12333.428813496208 770063034577.077 -67303987.34385283 8831818.337242773 18903474.7094048 0.24772056833064354 -0.2670302221357006 -0.9603939281988065 12333.428813496208 0.4128676138844059 545.0741205380629 0.4524736856855993 0.0 -69.07486634864395 -1746.5884176255097 0.02637582720995072 -2519.561250462289 0.41286761388547777 5184026.086742007 -557.969967239866 -0.023142524453034444 -0.011251562148388452 0.6582447520675981 1.3029683543367414 0.6504463323308114 -17.063953850584358 -35.47131030441624 1997.062593526839 461.789426931807 -4633528.638648515 -2243202.058479812 0.24537713818319218 -0.24511518172599533 -1.2451151817259953 0.4618435896220272 0.5245221934709282
0.0136896800329 12047.31731711358 733834057003.3134 -62592248.26294745 8634309.448390316 18178268.085144307 0.25131376318088533 -0.2582434474908775 -0.9461910139514098 12047.31731711358 0.41885627196814224 546.4024083189638 0.4726652580167323 0.0 -14.168255471445299 -1717.695562887123 0.026846573250012926 -2454.9027435371704 0.41885627238155143 5032014.375845357 -559.3077041818533 -0.023396079335154647 -0.01134037824119276 0.6551778252040062 1.2796677636044005 0.6557927650464594 -16.930970014509512 -35.30318922153646 1930.8982285768536 461.7173435402644 -4124569.3786381944 -2442240.565532226 0.236321553235864 -0.2268956184010118 -1.2268956184010118 0.47061864790196317 0.532427946382164
0.0140278151297 11761.204333176893 698467459311.3628 -58103873.53766587 8436589.716227926 17464450.015732557 0.25503555606873046 -0.24952348979780628 -0.9323270974302813 11761.204333176893 0.4250592601145508 547.783032806546 0.49273216268426956 0.0 41.05235186504873 -1689.3053774851428 0.027321419989385143 -2391.819492894784 0.4250592821147168 4878191.1248663645 -560.6973450897156 -0.02365860705081844 -0.011432068057021684 0.652771143594707 1.2568042261072383 0.6614302860581831 -16.795862959142102 -35.13184835200818 1866.2539961570767 461.63849475315266 -3652107.3398590875 -2617612.972832307 0.22771188348015625 -0.20911665334832463 -1.2091166533483246 0.47972536201268445 0.5406330195805549
0.0143743021634 11475.26434517726 663984486525.663 -53832612.93722381 8238771.901070258 16762537.125853017 0.2588908756436969 -0.24086126938772262 -0.9187893032967123 11475.26434517726 0.43148479273949486 549.2183671663897 0.5126954894427826 0.0 96.64888282770532 -1661.617095923113 0.027800194504980773 -2330.2739459340473 0.4314851726777401 4722716.382189635 -562.1412954361533 -0.023930475041850325 -0.011526738972144545 0.6510335746682947 1.2343556906985704 0.6673705418655735 -16.658630307356383 -34.9572365371318 1803.089887035026 461.55223475556886 -3214414.538285646 -2770525.1022857754 0.21954878192879984 -0.19176181470333775 -1.1917618147033378 0.48917460010226865 0.5491480392161899
0.0147293474269 11189.675945539213 630404767821.5084 -49772284.07158315 8040971.606441076 16073030.565961283 0.2628847978760675 -0.2322475086480669 -0.9055645345898784 11189.675945539213 0.43814132979344583 550.7108965603768 0.5325767952035674 0.0 152.69052952274302 -1634.5474242105633 0.028282712740855386 -2270.229455602546 0.43814457279942276 4565774.834246418 -563.6419741305936 -0.024212066939208868 -0.01162450293121258 0.6499749453366392 1.2122996919536686 0.6736258193506904 -16.51927160950576 -34.77930150844588 1741.366782980398 461.4578542630941 -2809796.3707150873 -2902162.618589198 0.21183361554319344 -0.1748143487430145 -1.1748143487430145 0.49897759890932813 0.5579840136701592
0.0150931623083 10904.62160217251 597746233821.2952 -45916767.06286693 7843307.168946208 15396414.262501843 0.26702254084588095 -0.2236726987856084 -0.8926393911471016 10904.62160217251 0.44503756807646827 552.2632222306917 0.5523981769293667 0.0 209.24084909669907 -1607.9839560148766 0.02876877935159821 -2211.6502579140183 0.44505482044671596 4407575.865685599 -565.2018808757434 -0.024503783171727925 -0.01172547664645765 0.6496060949519142 1.1906132306951631 0.6802090966787808 -16.37778846024239 -34.59798981101725 1681.046366849292 461.35457407851396 -2436592.0955073927 -3013690.6214891598 0.2045685268754459 -0.1582571145439846 -1.1582571145439846 0.5091460193089973 0.5671523742929176
0.0154659634173 10620.287399390083 566025034567.2827 -42259997.908142015 7645899.482195027 14733153.171368163 0.2713094555369317 -0.2151270543545379 -0.8800000549166498 10620.287399390083 0.45218242589488616 553.8780649392643 0.5721823709782363 0.0 266.36760305514804 -1581.9936201449532 0.029258187580037707 -2154.5014498275877 0.4522481683532573 4248353.451302844 -566.8237142745759 -0.024806041532747247 -0.011829781803453367 0.6499389456598171 1.1692726070766792 0.6871341117104005 -16.23418461932314 -34.413246667962234 1622.0909822209742 461.24153797095113 -2093174.9586532367 -3106253.430656343 0.19775651976493103 -0.14207243583953444 -1.1420724358395344 0.519692017769257 0.5766650263730976
0.0158479727137 10336.862756561486 535255464624.4856 -38795973.09239749 7448871.824644012 14083691.553575646 0.27575101397493895 -0.20660051882427669 -0.8676322847575615 10336.862756561486 0.4595850232915649 555.5582687110292 0.5919527385340033 0.0 324.14141552114387 -1556.521311917141 0.02975071917360856 -2098.7489677920803 0.45978119442884374 4088365.145177042 -568.5102421077968 -0.025119277728999162 -0.011937545271663156 0.6509864973970592 1.1482534193724871 0.6944153543241582 -16.088466138431038 -34.225015842655154 1564.463741526939 461.11780481466343 -1777954.7129246742 -3180972.810618031 0.1914014741054942 -0.12624209399653297 -1.126242093996533 0.530628298914953 0.5865343871595592
0.0162394176398 10054.540120393274 505449895940.9156 -35518744.90931551 7252349.682143804 13448451.274470087 0.28035279465091256 -0.19808272445881545 -0.8555213056876085 10054.540120393274 0.467254657751521 557.3068035832782 0.6117333520639123 0.0 382.6335140515575 -1531.5605853834697 0.030246144345264767 -2044.3595666571746 0.46774138979854313 3927891.2193694348 -570.2643842453369 -0.02544394591360051 -0.012048899320491819 0.6527628894236016 1.1275304059475726 0.7020681259573205 -15.940641492318896 -34.03323950511589 1508.1284219169536 460.98233990751993 -1489378.118614792 -3238947.512054719 0.1855082316720806 -0.11074718480351398 -1.110747184803514 0.5419682047707178 0.5967734499048803
0.0166405312555 9773.514633724306 476618715728.9123 -32422423.514836535 7056460.532066336 12827830.144550432 0.28512046273871655 -0.1895629842468546 -0.8436517616429606 9773.514633724306 0.47520077123119425 559.1267680312249 0.6315490095882337 0.0 441.91857061039883 -1507.0735526440483 0.030744221785160727 -1991.3007991432705 0.4762481314682947 3767233.1222498044 -572.0891464692554 -0.025780519151560193 -0.012163981838909146 0.6552834135155213 1.1070773853873763 0.7101085505545235 -15.790721716015598 -33.83785805359702 1453.0495107276122 460.8340053807906 -1225930.8027258671 -3281251.903100985 0.18008264228432713 -0.09556805702222926 -1.0955680570222293 0.5537257941622622 0.6073958408506972
0.0170515523775 9493.983777890831 448770275112.14557 -29501174.313526846 6861333.649549358 12222200.306557383 0.290059747265509 -0.18103025789287946 -0.8320076060812269 9493.983777890831 0.48343291210918166 561.0213906526136 0.6514253060279547 0.0 502.0701546626185 -1483.0158942034764 0.031244698729791704 -1939.540995670903 0.48544798770164915 3606711.8360929675 -573.9876671460993 -0.026129489861959152 -0.012282936558717091 0.6585645643064207 1.0868671050854466 0.7185536232374516 -15.638720546814785 -33.638809963725755 1399.1921384885295 460.6715496104117 -986138.0958953234 -3308935.282098577 0.17513165219723906 -0.08068417070257361 -1.0806841707025736 0.5659159533358491 0.618415899546961
0.0174727257212 9216.1469912098 421910842103.8834 -26749216.86122006 6667099.848624798 11631906.68601701 0.29517641030481195 -0.17247312231305933 -0.8205719907768902 9216.1469912098 0.4919606838413533 562.9940311090152 0.671388693064463 0.0 563.1654722106548 -1459.3917461863587 0.03174731109536572 -1889.0492447486215 0.4955064170726855 3446665.85876968 -575.9632433172901 -0.0264913701363282 -0.01240591327920559 0.6626240807266128 1.0668710915515511 0.727421250473576 -15.484654572542484 -33.43603155848017 1346.5220329898114 460.4935955263297 -768566.0551281711 -3323021.028285671 0.17066339688525953 -0.06607395295322327 -1.0660739529532233 0.5785545167748664 0.6298487662732933
0.0179043020465 8940.205262296837 396044567164.58295 -24160827.27335549 6473891.249214293 11057265.513619034 0.30047621170159683 -0.16387976243039273 -0.8093271931069421 8940.205262296837 0.5007936861693281 565.048179449743 0.691466493062386 0.0 625.2829824556965 -1436.1708107020334 0.03225178368430835 -1839.7953737542775 0.506598547146266 3287448.616873785 -578.0192647907083 -0.026866692001319657 -0.012533068092173067 0.6674809559142746 1.0470595609373037 0.7367302589134243 -15.328543385546851 -33.2294568127495 1295.0055657763187 460.2986277089772 -571823.2045560703 -3324505.305821518 0.16668726974494658 -0.05171470322854832 -1.0517147032285483 0.5916583903775937 0.6417104737217757
0.0183465383071 8666.360698897593 371173455926.7689 -21730336.677311286 6281841.002901046 10498562.932086488 0.30596486470385986 -0.15523793697681293 -0.7982544743245619 8666.360698897593 0.5099414411730998 567.1874544097611 0.7116869668485379 0.0 688.5032021597056 -1413.3227071539418 0.032757830473069335 -1791.7499301700993 0.5189011683846092 3129425.8189696576 -580.1592597761742 -0.027256007531086132 -0.01266456360523693 0.673155480716379 1.0274012310958094 0.7465004389466068 -15.170409742788673 -33.019017099759985 1244.6096874936852 460.0849781437492 -394561.28998227586 -3314356.383292876 0.1632140395432792 -0.03758240937684798 -1.037582409376848 0.6052457102740908 0.6540180654428935
0.0187996978032 8394.816073141876 347297353789.98535 -19452133.64292732 6091083.027597944 9956053.700243449 0.3116479839996552 -0.14653496929048052 -0.7873339821264829 8394.816073141876 0.5194133066660921 569.4155997635288 0.7320793245396093 0.0 752.9061921877135 -1390.7895531772142 0.033265154991062716 -1744.8841632793751 0.5325870637435713 2972972.252766404 -582.3868348813062 -0.027659888833772163 -0.012800569160851781 0.6796692473886321 1.0078632043010272 0.756752549010298 -15.010279732485019 -32.80464094751675 1195.3019693455858 459.8508105179349 -235476.8048438342 -3293513.4596694275 0.1602559407225401 -0.023651620605268153 -1.0236516206052682 0.6193360026717025 0.6667897189773077
0.019264050339 8125.774342404 324413939293.2368 -17320661.210259266 5901751.704824297 9429960.00309725 0.3175310223590935 -0.13775769890251657 -0.7765445492042493 8125.774342404 0.5292183705984892 571.7364783527064 0.7526738213942399 0.0 818.5732469139609 -1368.5882776195433 0.033773450801946235 -1699.170006181242 0.5478219465111107 2818468.6597372624 -584.7057786461369 -0.028078927832637636 -0.012941261048898397 0.6870452064470539 0.9884107002735443 0.76750837483816 -14.848182946646933 -32.58625374313301 1147.050481278238 459.5941028967501 -93311.20824365779 -3262886.3215260836 0.15782683584856477 -0.009895186004289513 -1.0098951860042895 0.6339504027696835 0.680044915274068
0.0197398723824 7859.438149431001 302518728591.1305 -15330422.343923919 5713981.568734481 8920470.385188257 0.3236191952307118 -0.1288924940217745 -0.7658636092790719 7859.438149431001 0.5393653253845198 574.1540638311106 0.7735017161054479 0.0 885.5886294965923 -1346.667591998077 0.0342824020971628 -1654.5800584006806 0.5647635762915879 2666297.836756847 -587.119925563869 -0.028513735817617236 -0.01308682270799294 0.6953076290954897 0.969006972123768 0.7787906949103671 -14.684152661370563 -32.363777412652325 1099.823910249464 459.3126286440688 33147.181144490576 -3223353.903956626 0.15594230371097004 0.0037158557467472653 -0.9962841442532527 0.6491118441536893 0.6938045935843564
0.0202274472302 7596.009299516608 281605092557.891 -13475978.931757353 5527907.001915021 8427738.811953424 0.3299173933232582 -0.11992521866580447 -0.7552669945510591 7596.009299516608 0.5498623222054304 576.672428509955 0.7945953276543714 0.0 954.0330668927288 -1324.9776357986098 0.034791684416331514 -1611.087568751174 0.5835624975077104 2516840.9115204993 -589.6332074032146 -0.028964942760292378 -0.013237444913011645 0.7044821305606582 0.9496130510914453 0.7906233092653016 -14.51822602317021 -32.137130111928826 1053.5914914598882 459.0039354118283 145062.79073172188 -3175763.83897827 0.15461980835522782 0.017212539919482683 -0.9827874600805173 0.6648453235801182 0.7080913701799645
0.0207270651768 7335.688218092122 261664282673.43973 -11751952.826282322 5343661.886402912 7951883.874255175 0.3364300768526762 -0.11084121397003317 -0.7447287374929273 7335.688218092122 0.5607167947544603 579.2957280489218 0.8159880572615329 0.0 1023.9894650523734 -1303.516538182106 0.0353009655067946 -1568.6664186700643 0.604363641825476 2370473.3525821683 -592.2496589983675 -0.02943319625167134 -0.013393325942875485 0.7145956648599758 0.9301875079879041 0.8030310418583766 -14.35044424278971 -31.906225833592153 1008.3229855052889 458.66532203079095 243552.16134577984 -3120931.8193298476 0.1538788701055155 0.03062823416401972 -0.9693717658359803 0.6811781891845489 0.7229297855709057
0.0212390236866 7078.673389936207 242685470433.0658 -10153029.82294491 5161379.272497445 7492988.145728034 0.34316115378327766 -0.10162530914385713 -0.7342209148134271 7078.673389936207 0.5719352563054628 582.0281809378747 0.8377143414920358 0.0 1095.5383598476265 -1282.2189047529073 0.03580990633732414 -1527.2911059957314 0.627308014096122 2227560.6461080117 -594.9733245865241 -0.02991916009029053 -0.013554671722826149 0.7256764679915783 0.9106862867849866 0.8160396935882201 -14.180852796566642 -31.67097403448483 963.9887554436921 458.29381312230004 329682.80890170764 -3059640.6501838267 0.15374121168611538 0.043998842983579145 -0.9560011570164209 0.6981404390181872 0.7383465773907256
0.0217636275717 6825.160780413629 224655796849.17435 -8673959.100995667 4981191.017633971 7051097.700225339 0.3501138360313297 -0.09226179528811307 -0.7237133762422211 6825.160780413629 0.5835230600522161 584.8740424020772 0.859809683809995 0.0 1168.7582086363132 -1261.0692598552675 0.03631816228294837 -1486.936729056404 0.6525338726462047 2088454.2139068078 -597.8083197558515 -0.030423512380717554 -0.013721695935084465 0.7377540452459878 0.8910623776792597 0.8296760432915932 -14.009501634693017 -31.431279204072077 920.5596885046245 457.8861312368825 404473.2549232408 -2992640.046284866 0.15423098519377162 0.05736316132881192 -0.9426368386711881 0.7157651105977072 0.7543710425765384
0.0223011891727 6575.343242644114 207560433673.40585 -7309557.994861919 4803227.424106945 6626221.801705381 0.3572904722649761 -0.08273445502134417 -0.713173562662211 6575.343242644114 0.5954841204416269 587.8375719131352 0.8823105577794158 0.0 1243.7253263204088 -1240.0124250280742 0.036825384497329694 -1447.5789712619344 0.6801764148766902 1953486.9877586993 -600.7587127212187 -0.03094694308368381 -0.013894620088566975 0.7508590647881284 0.8712656371794408 0.8439677581265939 -13.836445397815755 -31.18704041111662 878.0072989518324 457.43866633106035 468892.0860807361 -2920645.798011354 0.15537494434650145 0.07076311359816811 -0.9292368864018319 0.7340886590780316 0.7710354238933412
0.0228520285453 6329.409910426752 191382656116.72168 -6054712.5926231295 4627616.873429196 6218332.770168728 0.36469235472292294 -0.0730265589235124 -0.7025662120121356 6329.409910426752 0.6078205912048716 590.9229922071645 0.9052543791927359 0.0 1320.5098435007526 -1219.0098186261723 0.03733122149269661 -1409.1940859839463 0.7103652353546609 1822969.315209593 -603.8285491561358 -0.0314901509337315 -0.014073673539620933 0.7650232862507963 0.8512424542832463 0.8589433440738344 -13.661743640556809 -30.938150836411726 836.3036876642221 456.9474423917413 523858.08439713717 -2844339.6387771424 0.15720269504592463 0.08424413806064657 -0.9157558619393534 0.7531514382424596 0.7883754165729057
0.0234164736504 6087.545581278623 176103925363.94736 -4904381.336896837 4454485.438263875 5827366.033755807 0.3723194938972562 -0.06312090198840536 -0.6918531064886878 6087.545581278623 0.6205324898287604 594.1344393638191 0.9286793833400727 0.0 1399.1783027184988 -1198.0288232826738 0.037835320946712624 -1371.7588819129398 0.7432181391185737 1697184.8431912705 -607.0217722624343 -0.03205383955500898 -0.014259093451398275 0.7802794140080788 0.8309354964567783 0.8746320261076657 -13.485461063337837 -30.68449724236722 795.4216068928727 456.40808101469014 570239.9269315931 -2764368.8191573354 0.15974692417931835 0.09785551887909583 -0.9021444811209042 0.7729981940079077 0.8064307441384202
0.0239948605495 5849.930090820679 161703982835.27356 -3853598.401754029 4283956.51242022 5453220.36994104 0.3801703615840919 -0.052999853393908794 -0.6809928024814149 5849.930090820679 0.6336172693068198 597.4759012606398 0.9526244668254049 0.0 1479.7877783637061 -1176.9983550087368 0.03833733175907821 -1335.250708758784 0.7788297252467529 1576386.6390988326 -610.3421374554116 -0.0326387127301223 -0.014451124679854458 0.7966609126708389 0.810283447286516 0.8910635968201034 -13.30766775157185 -30.425959463471155 755.3345307668435 455.81576176765736 608856.0964837228 -2681345.83572801 0.16304364336401908 0.11165074124637031 -0.8883492587536297 0.7936786019885018 0.8252458499939858
0.0245875336051 5616.7376814513 148160953151.08337 -2897475.2734016217 4116150.4166266415 5095758.340033319 0.38824159384285234 -0.042645398585306686 -0.6699402840308332 5616.7376814513 0.6470693230714206 600.9511431060248 0.9771290390405875 0.0 1562.3860200811146 -1155.8868933565986 0.038836906380652965 -1299.647443331675 0.8172527534696981 1460793.7765488224 -613.7931997159857 -0.03324546858573146 -0.014650019571420666 0.8142018117364201 0.7892206516891095 0.9082682619576686 -13.128439422143806 -30.16240983289324 716.0166534485826 455.16517918075976 640475.4001679007 -2595848.543192131 0.16713248866499952 0.12568794621522672 -0.8743120537847733 0.8152478723968241 0.8448707502064581
0.0251948456851 5388.136369282337 135451456980.67601 -2031205.5781028457 3951184.0147760836 4754806.920797449 0.39652765280434976 -0.03203924384213771 -0.6586466941741574 5388.136369282337 0.660879421340583 604.5636175423049 1.0022327271664255 0.0 1647.009093293699 -1134.6330332868313 0.039333703440288366 -1264.927476068869 0.8584694603654144 1350588.1532521804 -617.3781562926331 -0.03387479258550771 -0.014856037654303706 0.8329363938148109 0.7676769008143755 0.9262763774940289 -12.947857677644489 -29.893712612104444 677.4430323883404 454.4504962441152 665816.9738829489 -2508419.941932665 0.1720569724742279 0.14003028618694824 -0.8599697138130518 0.8377672896287474 0.8653619876459135
0.0258171583736 5164.287310807053 123550732319.72955 -1250067.3460869566 3789170.328331936 4430158.331151595 0.4050204422351424 -0.02116291201090112 -0.6470589781503615 5164.287310807053 0.675034070391904 608.3163564428526 1.0279750922415425 0.0 1733.676964411117 -1113.1788853394398 0.039827390696179105 -1231.069697864528 0.9023506869759965 1245912.0083291873 -621.0997841189601 -0.034527349127259875 -0.015069445205061757 0.852898867376358 0.745577110428241 0.9451181816333879 -12.76601026659117 -29.619723408725466 639.5896371542935 453.66529434900895 685551.0323519683 -2419568.4545176327 0.17786479698445398 0.15474639529954748 -0.8452536047004525 0.8613047459768959 0.8867837814414082
0.0264548421854 4945.344174606382 112432763245.04654 -549427.1198101006 3630218.1493891566 4121571.055765939 0.413708871862181 -0.009997894838695138 -0.6351195764744055 4945.344174606382 0.6895147864369684 612.211841894929 1.0543952099625629 0.0 1822.3917718079138 -1091.465562296155 0.04031764833889977 -1198.0534873731524 0.9486013825767724 1146865.9825462152 -624.9602827391388 -0.035203771512067925 -0.015290514666188231 0.874122923785999 0.7228411025659522 0.9648234222463841 -12.582991350430971 -29.340288580014473 602.4334932140281 452.80251966091856 700299.4224665478 -2329768.075553133 0.1846081373490306 0.1699107968760729 -0.8300892031239271 0.8859350720464699 0.9092092827813304
0.0271082767874 4731.4525197837875 102070415759.81627 75256.79724484682 3474431.666182734 3828771.0597993424 0.4225783686984827 0.001474170094061282 -0.6227660941590973 4731.4525197837875 0.7042972811641378 616.251852679816 1.0815311870050404 0.0 1913.1323997613433 -1069.4257859349593 0.04080417267614024 -1165.8586986082096 0.9966956770590935 1053507.9679301607 -628.9611334106487 -0.03590465009581401 -0.015519523890657732 0.8966412218838429 0.6993833808506001 0.985420925160683 -12.398901774890419 -29.0552446655224 565.9528098630832 451.854426030448 710636.5372389312 -2239458.7677115873 0.19234394071970506 0.185604343048961 -0.814395656951039 0.9117400641440436 0.9327219309616912
0.027777851224 4522.749186569634 92435578955.49461 628430.6388098635 3321910.0853526145 3551453.19241159 0.43161032941174954 0.013271271042357423 -0.609930996812168 4522.749186569634 0.7193505490195826 620.4372826766172 1.1094195522074146 0.0 2005.8513639590174 -1046.9936238803164 0.0412866802280511 -1134.465649004876 1.045813878596421 965852.7732723105 -633.1029151372309 -0.03663051830925668 -0.01575675518271024 0.9204847555439403 0.6751129788783912 1.0069380604646612 -12.21384934575361 -28.764417820527623 530.1271516881728 450.8125146589454 717090.3264213274 -2149046.9207376647 0.20113420652435768 0.20191462130305937 -0.7980853786969406 0.9388079185320167 0.9574167523077849
0.0284639641493 4319.36170165252 83499311225.96892 1114441.3107681833 3172747.274044754 3289282.7703506825 0.440781514804481 0.025410736669107547 -0.5965413478530661 4319.36170165252 0.7346358580074684 624.7679269554718 1.1380945101544024 0.0 2100.4682522958474 -1024.089387001504 0.041764912264923945 -1103.8551078036742 1.0948114642819942 883872.6751009187 -637.3850782500365 -0.037381836337330616 -0.016002494103451424 0.9456820918980711 0.6499334024437765 1.0294000964959351 -12.027949106267176 -28.46762332128031 494.93765287491806 449.66747090205996 720143.4307724449 -2058905.9054394756 0.21104623389060254 0.21893630953950116 -0.7810636904604988 0.9672316981886213 0.9834013472138649
0.0291670240637 4121.407703301976 75231989569.11787 1537533.160801202 3027031.403852133 3041897.3343079356 0.450063382488397 0.037908901710624485 -0.5825185628480893 4121.407703301976 0.7501056374806617 629.2422311824142 1.1675870746325723 0.0 2196.8649585941816 -1000.645294205085 0.04223863981635064 -1074.0082848816044 1.1422764774942953 807498.9551874768 -641.8057197957312 -0.03815897209709497 -0.016257028003656887 0.9722584866062864 0.6237426317785801 1.0528294504986224 -11.841323614852804 -28.164665115923505 460.36723020179676 448.4090988152265 720234.6272887646 -1969376.8319015356 0.2221528491256246 0.23677151071655933 -0.7632284892834407 0.9971063506442731 1.0107961277849746
0.0298874495581 3928.9943894828866 67603461368.45525 1901843.6445872374 2884844.613845375 2808908.5661081844 0.45942136206293993 0.05078067512239169 -0.5677782953768183 3928.9943894828866 0.7657022701048999 633.8569991467309 1.1979239747280817 0.0 2294.878932206537 -976.5716138791003 0.04270766918406805 -1044.906819887152 1.1867564966567548 736624.3371351217 -646.3612526661386 -0.03896217926593318 -0.016520644244481266 1.000234800690785 0.5964333530302608 1.0772447622052845 -11.654103219477914 -27.85533549440717 426.4009027154208 447.02625430673845 717760.1795248736 -1880769.2585197212 0.23453253058588527 0.25552991940899983 -0.7444700805910002 1.0285235551388885 1.0397329493255478
0.0306256695622 3742.2179941283803 60583197099.67226 2211400.2468505073 2746262.691580122 2589904.355354411 0.46881407617539267 0.06403905154678652 -0.5522303686743895 3742.2179941283803 0.7813567936256545 638.6070544071398 1.229126424951265 0.0 2394.2946240030037 -951.7816565940724 0.04317184798369653 -1016.5327718433199 1.2272248319886079 671106.4259694777 -651.0460980705986 -0.03979157202512903 -0.016793628060769325 1.029626274039659 0.5678932884696994 1.1026598487401444 -11.466426325994492 -27.539414897664432 393.02608867038566 445.50677809584715 713075.596990291 -1793362.1753108315 0.24826948041400443 0.2753289307831259 -0.7246710692168741 1.061563892719884 1.0703509904996316
0.0313821236004 3561.1632949717346 54140442597.76553 2470116.754443703 2611354.7650229856 2384450.9999759058 0.47819251567116067 0.07769451189609253 -0.5357788856696619 3561.1632949717346 0.7969875261186011 643.4848493613738 1.2612086404489393 0.0 2494.8373300721437 -926.1939781694518 0.043631071743407746 -988.8686090688102 1.2637222060403288 610772.0009300117 -655.8522872154645 -0.040647096213485286 -0.01707626002040152 1.060441072024926 0.5380058197982927 1.1290824592104167 -11.278439655188743 -27.216671905250763 360.23299375859654 443.83743010232314 706497.3818280697 -1707404.985016461 0.26345354590632486 0.2962935207455337 -0.7037064792544663 1.0962860023721621 1.102788049011377
0.0321572620533 3385.903157923809 48244369859.19062 2681789.5524241626 2480183.0230240147 2192095.525327541 0.4874991846272758 0.0917543118481385 -0.5183225434889897 3385.903157923809 0.8124986410454598 648.4800185311316 1.2941760975564702 0.0 2596.1630401340744 -899.7047717568437 0.044085291079252034 -961.8971995102646 1.297732940200702 555422.1065140637 -660.7689971581482 -0.041528496653668416 -0.017368813028107277 1.0926786008417813 0.506650934884998 1.156512827234785 -11.090298483712067 -26.886863484982545 328.015065837099 442.0038273803373 698304.8823418029 -1623118.5647416282 0.28017995979632154 0.31855586322473917 -0.6814441367752608 1.1327136041743717 1.1371651943156822
0.032951546426 3216.4981216895158 42864224861.70902 2850094.630614994 2352802.4559962805 2012368.1033154344 0.4966672351724819 0.10622166836373205 -0.49975515944723525 3216.4981216895158 0.8277787252874699 653.578870777499 1.3280235658402346 0.0 2697.848888370893 -872.2196690740633 0.04453451946118895 -935.6018014398351 1.3313942275077597 504837.8677367618 -665.7820663324098 -0.04243528041689623 -0.01767154882190322 1.1263276047881006 0.473706497408363 1.1849420372771657 -10.902166861572683 -26.549735556883586 296.3694706643088 439.99038832447474 688742.3911780273 -1540696.4929119744 0.2985488795006306 0.3422546749987263 -0.6577453250012737 1.1708234798810198 1.173563377782819
0.0337654496228 3052.9960273352394 37969471154.10437 2978584.273012962 2229260.620835173 1844784.5527977208 0.5056196213091443 0.12109480217469445 -0.47996654525496674 3052.9960273352394 0.8426993688485739 658.7638176836676 1.3627328235936074 0.0 2799.3844967200403 -843.6445849570223 0.04497884157631466 -909.9660545372558 1.3657926293832436 458786.8774053023 -670.8734158662214 -0.043366675888844894 -0.017984713908056147 1.1613639843104395 0.43905002826625905 1.2143501452270673 -10.714217798505507 -26.205023952507233 265.29766262354167 437.7802865914889 678021.2505366851 -1460306.2853850035 0.3186646154618657 0.3675341109661978 -0.6324658890338022 1.2105402587761662 1.2119934924743654
0.0345994562284 2895.4316966335678 33529928120.49929 3070683.914935071 2109597.435448481 1688848.90030518 0.5142683133040035 0.13636583685995482 -0.45884378965047584 2895.4316966335678 0.8571138555066725 664.0127359440655 1.3982700658561968 0.0 2900.160914904014 -813.870271723958 0.04541842228179009 -884.9739713524433 1.4010199586665975 417030.09183938237 -676.0204000887803 -0.044321587670794214 -0.018308534883009535 1.1977483397402995 0.40256106597348973 1.2447040596912724 -10.526633409061382 -25.85245588782112 234.8060271514841 435.355419002532 666322.0442444863 -1382090.694276283 0.340634484233627 0.39454213110721736 -0.6054578688927826 1.2517452539351872 1.2523686215255945
0.0354540627973 2743.826662980371 29515902614.83589 3129689.611633299 1993845.0032883384 1544055.9792334624 0.5225136239258931 0.15201956666689387 -0.43627299840822553 2743.826662980371 0.8708560398764885 669.2982657223421 1.434583041468263 0.0 2999.4603714585955 -782.7965597637173 0.04585351612674019 -860.6099290978207 1.4370267966360994 379329.23610911204 -681.1951248764123 -0.0452985474803424 -0.018643213094879537 1.235423265740522 0.36412415098684225 1.2759552099702918 -10.339605004397422 -25.491752049112048 204.90655627052047 432.6963926432641 653796.959228274 -1306169.1179879997 0.3645672258640335 0.42342827463603205 -0.576571725363968 1.2943013973846738 1.294497524117086
0.0363297781484 2598.188959229469 25898312889.469025 3158765.4843757246 1882027.4675449864 1409894.0455340706 0.5302437126185713 0.16803206742988858 -0.4121416466277606 2598.188959229469 0.8837395210309522 674.5870489518632 1.4715978744031917 0.0 3096.4482666896492 -750.3291351434015 0.04628447739924771 -836.8586618641631 1.4737420102308088 345454.7975600996 -686.3636881890782 -0.046295661474056386 -0.018988918603408143 1.2743103710403705 0.3236326295979904 1.308036974450055 -10.153333117497704 -25.122629421057358 175.61760309614232 429.782537416665 640572.1627265429 -1232639.0195034666 0.3905708500094181 0.4543406398201313 -0.5456593601798687 1.338081904629856 1.338120668437996
0.0372271236686 2458.512965393225 22648803887.749367 3160941.270255655 1774160.899390379 1285847.3861952024 0.5373343511021106 0.18436915439137877 -0.3863416585408035 2458.512965393225 0.895557251836851 679.8389168586978 1.5092155932960476 0.0 3190.1643116672567 -716.3653174732274 0.046711770634367385 -813.7052531408419 1.5110700158166386 315194.9191045286 -691.4853526729667 -0.04731055478551025 -0.019345783412221908 1.314307047691061 0.28099340386558835 1.340861891484076 -9.968027444822148 -24.744805020618976 146.96470548849413 426.59195144022476 626750.2000403941 -1161577.3549600258 0.41874979585421 0.48742191862670103 -0.512578081373299 1.3829792373666008 1.3829829650081404
0.0381466336233 2324.7793197241244 19739852969.502934 3139110.596571125 1670253.2245789147 1171398.8973957621 0.5436490486281628 0.2009847330966816 -0.3587732577528004 2324.7793197241244 0.9060817477136046 685.0060443770584 1.5473084899608043 0.0 3279.5164006183754 -680.8164206442601 0.047135981483628485 -791.1351287055812 1.5488871835496425 288365.8594382029 -696.5117238429165 -0.04834031445643065 -0.019713893964342633 1.3552830830982439 0.2361326373913326 1.3743187423045946 -9.78390668579836 -24.35800069809375 118.9814055607585 423.10158781598307 612412.5307789911 -1093042.0847954438 0.4492013353846393 0.5228044282272232 -0.4771955717727768 1.4288861764626102 1.4288862883932842
0.0390888554738 2196.9548962288045 17144865234.674107 3096029.279531344 1570304.181380593 1066032.609067569 0.5490396495005717 0.21781903666901148 -0.32934976962526585 2196.9548962288045 0.9150660825009529 690.0320941160329 1.585716312875687 0.0 3363.2788264905253 -643.6025826857746 0.04755782781276006 -769.1340498736988 1.5870380528394845 264825.1924200876 -701.3858943570044 -0.04938143242997293 -0.020093282918063417 1.3970771384584018 0.18900262693758138 1.4082695223612518 -9.601198258797499 -23.961949165359382 91.71010468205378 419.2873924364973 597622.0403314992 -1027073.6550076574 0.48201105595744886 0.5606039020271844 -0.43939609797281565 1.475669984528401 1.4756699849902495
0.040054350204 2074.9928508125913 14838257920.309744 3034314.029939673 1474305.320124623 969236.1325526298 0.5533475334519494 0.23479681019126492 -0.29800343431859566 2074.9928508125913 0.9222458890865824 694.8513859261379 1.6242424547679866 0.0 3440.0930526026236 -604.6534459190451 0.047978170851221684 -747.6881070410129 1.6253315048468495 244489.87599013982 -706.041618165135 -0.0504297510043731 -0.020483920256563787 1.4394932264420945 0.13958985511569952 1.442546424065605 -9.420137868881799 -23.556401468028238 65.20289034390612 415.124503447252 582425.5853408988 -963696.4865408639 0.517247337355512 0.6009119612647881 -0.3990880387352119 1.5231578503513705 1.5231578503514211
0.041043692654 1958.8327384724528 12795533260.199724 2956441.6392833022 1382240.0390933282 880503.0092954296 0.5564055520995279 0.2518255140589201 -0.2646922681646633 1958.8327384724528 0.9273425868325466 699.3881392798155 1.6626503186678832 0.0 3508.4759449376984 -563.922728578261 0.04839802616380831 -726.7837135758483 1.6635370609380211 227362.90515559434 -710.4025734257741 -0.05148041375421512 -0.020885703828042574 1.4822973457246713 0.08792420663614603 1.4769489748556364 -9.240968900912112 -23.141136056832487 39.522276206906724 410.5875236741056 566856.580188756 -902920.4697432523 0.5549547588921246 0.6437872150401274 -0.35621278495987263 1.5711298018726738 1.5711298018726738
0.0420574718626 1848.4007030838447 10993339549.287186 2864748.3163818866 1294083.661752897 799334.9391698256 0.5580408402614603 0.2687936097873903 -0.2294080378968515 1848.4007030838447 0.9300680671024338 703.5558496320239 1.7006600292055822 0.0 3566.834275793101 -521.3782583949288 0.04881857416165806 -706.4076000012813 1.7013814569252474 213574.9956901584 -714.3817321926431 -0.05252782587467967 -0.02129844947037906 1.5252144284389364 0.03408936781113274 1.5112414679345298 -9.063941608862505 -22.71596966209431 14.741837470732435 405.6508775158138 550937.5316950267 -844742.4033989167 0.5951463613365024 0.6892449018520573 -0.31075509814794267 1.6193129689544912 1.6193129689544912
0.0430962914176 1743.6097408204114 9409520165.35962 2761429.734982497 1209803.552065624 725243.8684285423 0.5580786243466155 0.285569088053715 -0.1921851737274709 1743.6097408204114 0.9301310405776925 707.2568750849133 1.7379458668502217 0.0 3613.4881676236314 -477.0215662983613 0.04924116980278055 -686.5468084829515 1.738545851972986 203452.5291183659 -717.8809804851043 -0.05356562870814491 -0.021721880942433967 1.5679259056680273 -0.0217659196013575 1.5451509681926168 -8.88931207055649 -22.280770107204795 -9.05340189494791 400.2892632844922 534682.6288369691 -789147.4441048263 0.6377948650903348 0.7372452937734157 -0.26275470622658426 1.6673763343511083 1.6673763343511083
0.0441607698156 1644.3600378609115 8023150510.471468 2648541.2645992273 1129359.2695040428 657753.9190840469 0.5563471205483016 0.30199834479368576 -0.15311052349299692 1644.3600378609115 0.927245200913836 710.3823267689754 1.774134677420839 0.0 3646.706366982573 -430.88886937285906 0.04966735107072278 -667.1886875739838 1.774663908422374 197630.50302960508 -720.7910164144342 -0.05458669411246253 -0.022155619962821553 1.6100681230216083 -0.07941594839844994 1.5783660964031587 -8.71734087665663 -21.835471160785005 -31.766857679665463 394.4782104619167 518100.25610767765 -736110.4800108385 0.6828229221077723 0.7876809868790391 -0.2123190131209609 1.714926187792875 1.714926187792875
0.04525154083 1550.5393823347692 6814563031.638618 2527998.6816280787 1052702.7655224828 596403.143443773 0.5526835660320227 0.3179056032926171 -0.11233357198977345 1550.5393823347692 0.9211392767200379 712.8123693380602 1.8088057047302644 0.0 3664.751267508526 -383.0501581423407 0.0500988457474965 -648.3208872310083 1.8093211781377958 197238.063675244 -722.9916645645574 -0.055583145205913044 -0.022599176746257964 1.6512319765303898 -0.13854606758868554 1.6105369285757336 -8.548291523327466 -21.38008948449616 -53.290687849052915 388.19474848200593 501195.4697089897 -685597.4587917234 0.7300926998103517 0.8403635614912564 -0.15963643850874365 1.7615028382112943 1.7615028382112943
0.0463692538885 1462.0236498042434 5765360543.334773 2401579.4340427914 979778.616233307 540745.0898118548 0.546941342814235 0.3330930986648057 -0.07007658491411328 1462.0236498042434 0.9115689046903918 714.4170480829335 1.8414923197762785 0.0 3665.9379293684356 -333.62937832561397 0.05053757593529131 -629.9313540589524 1.8420562664100473 204177.04557526368 -724.3527398203108 -0.05654641052576401 -0.023051941522933456 1.690964161641475 -0.19874142419229388 1.6412763653208056 -8.382428480547441 -20.91474358864996 -73.50664217270855 381.41818923274064 483972.43070281675 -637566.6699996325 0.7793952569510831 0.8950103104425945 -0.10498968955740551 1.8065792151329862 1.8065792151329862
0.0475145744596 1378.6773610501266 4858418295.162469 2270924.154120798 910524.2955816621 490350.1680241416 0.5389980503457812 0.347342211067978 -0.026644049990835694 1378.6773610501266 0.8983300839096353 715.0577662019498 1.8716860339187997 0.0 3648.7052171163423 -282.80251320548655 0.05098565972407491 -612.0083267770584 1.8723641734654255 221396.9304482689 -724.735533293672 -0.05746731897085657 -0.023513177621495164 1.7287703740776794 -0.25947728631695804 1.670163267756191 -8.220014913277677 -20.43967461208228 -92.28753190453136 374.1310191076078 466436.69664389535 -591969.9292475723 0.8304402901680442 0.9512318483001542 -0.04876815169984583 1.8495619322097894 1.8495619322097894
0.0486881844487 1300.3543101060548 4077875340.495561 2137538.7352790004 844870.4837094604 444806.8061972092 0.5287642484010842 0.3604158095432733 0.01756957913159385 1300.3543101060548 0.8812737473351403 714.5895244554747 1.898843326466734 0.0 3611.697253508746 -230.79122882374207 0.05144540936167186 -594.5403318754502 1.8997023773974573 252449.4573732657 -723.9950820708135 -0.05833624261784607 -0.023982016784822355 1.7641208925912202 -0.32011228447577067 1.6967477471880783 -8.061310040378906 -19.955268572891455 -109.49948162247188 366.31988805542727 448597.40147947846 -548753.699680168 0.8828471452560799 1.0085218913682463 0.008521891368246326 1.8897956387033865 1.8897956387033865
0.0498907826046 1226.8982597934116 3409115860.2748623 2002796.8462669589 782741.411152052 403722.39309694443 0.5161924346248117 0.3720620060675024 0.062074925150284344 1226.8982597934116 0.8603207243746862 712.8640205595009 1.9223956495249706 0.0 3553.853451892776 -177.90231873260169 0.051919325266096314 -577.5161794296491 1.923500081147147 297686.5006935312 -721.9833020779218 -0.059143293407891935 -0.02445745745717403 1.7964588525552536 -0.37988596251698825 1.7205588752480212 -7.906566127446054 -19.462079510368927 -125.0050431379039 357.97667272845706 430469.253709941 -507860.12541938474 0.9361381281805674 1.0662506243654757 0.06625062436547569 1.926571348740162 1.926571348740162
0.0511230849349 1158.143701630891 2838741250.8974733 1867942.8344470426 724055.2366651848 366724.0038809505 0.501285664236716 0.3820194781386806 0.10628674514267389 1158.143701630891 0.8354761070611935 709.733663172454 1.9417628522038675 0.0 3474.5052525035835 -124.48501632779467 0.052410085237882154 -560.9249590737438 1.9431709536975843 346435.4727918204 -718.5530301091584 -0.05987857783525426 -0.024938366816063286 1.8252114212660149 -0.43792215340107515 1.7411149878976677 -7.756025125418107 -18.96085274699404 -138.6672182884205 349.09957868995036 412074.287986248 -469227.96334058477 0.9897353142048214 1.1236632552692665 0.12366325526926647 1.95913936233046 1.95913936233046
0.0523858251328 1093.9166757373878 2354533852.648251 1734094.8749619145 668724.4549049591 333458.90991543233 0.484105072707332 0.39002441306824587 0.14952821762227686 1093.9166757373878 0.8068417878455534 705.0564963459082 1.9563700054678304 0.0 3373.4625377206335 -70.94224419622043 0.05292052828820487 -544.7560360694448 1.9581294599864674 385842.86748361826 -713.5629378384905 -0.060532510708735124 -0.025423487314659154 1.8498038862507227 -0.49323958904859977 1.757936565762601 -7.609914984471939 -18.45254723796364 -150.35435453108204 339.69423364308517 393443.2801896897 -432793.3874162121 1.0429620984051693 1.179885342663268 0.17988534266326817 1.9867271305088217 1.9867271305088217
0.0536797550136 1034.0356462475688 1945413279.0567245 1602249.2376559565 616656.3354661238 303594.87702114263 0.4647754607853022 0.39581923780561057 0.1910420680342425 1034.0356462475688 0.7746257679755036 698.7019542172868 1.9656678360097461 0.0 3251.1022343270483 -17.822108555472536 0.053453632611957215 -528.9990474718692 1.9678111225248731 413933.2533341613 -706.8834314156247 -0.0610961848530764 -0.02591144842282633 1.869676781045524 -0.5447716913765315 1.7705618039849678 -7.468445696136778 -17.938355730662103 -159.94602821309343 329.77471066957486 374616.9497977482 -398490.7835773327 1.0950510130700202 1.2339369935140885 0.23393699351408848 2.008562761489592 2.008562761489592
0.0550056449624 978.3124266639753 1601386333.5776882 1473283.298238284 567753.3785183055 276820.2595499991 0.44348806803986224 0.39916242961225007 0.23000826130150065 978.3124266639753 0.7391467800664371 690.5572563863326 1.9691550413679377 0.0 3108.4277368566845 34.43477329433374 0.05401248740278876 -513.6438983435914 1.9716951032533625 431339.98677841463 -698.4028217672866 -0.06156178805819262 -0.02640078410684141 1.8843048506300202 -0.5913946519743963 1.778563671043127 -7.331805140557383 -17.41972114627799 -167.33920227741714 319.3644092780967 355646.37996868667 -366253.20083556185 1.145158070563583 1.2847556047625555 0.28475560476255546 2.0239023848289923 2.0239023848289923
0.056364284393 926.5531491844224 1313491703.137446 1347961.2268195385 521913.82007775165 252843.90102768785 0.42049978539696875 0.39983994709998827 0.2655705707452055 926.5531491844224 0.7008329756616146 680.5341706142069 1.9664035464068204 0.0 2947.0885208875316 85.25419819880557 0.054600258437646584 -498.68075799106293 1.9693302859885078 439064.17516713246 -688.0343646092767 -0.06192305371546303 -0.026889956350346435 1.8932184547448856 -0.6319668480050131 1.7815690954403256 -7.200154842536859 -16.89834778021834 -172.45525883799547 308.49671453729246 336593.42348140565 -336013.00738182175 1.1923854790832709 1.3312301467953809 0.331230146795381 2.0320631224569956 2.0320631224569956
0.0577564822175 878.5592707138653 1073740159.0137708 1226938.997911924 479032.0992195023 231394.85477940142 0.3961281412562706 0.3976770569558312 0.2968702876703353 878.5592707138653 0.660213568760451 668.575700405747 1.9570838564307862 0.0 2769.404603093561 133.87737985300402 0.05522014762894709 -484.10005620097627 1.960362042569455 438352.2969055763 -675.7230901798171 -0.062175720837557305 -0.027377384705567467 1.896025368042908 -0.6653766210923197 1.7792782868139447 -7.073625763587068 -16.376204603102163 -175.24682937573863 297.21535258574613 317530.3788758835 -307702.2899746684 1.2358117992824569 1.3722447682710956 0.37224476827109565 2.0324583370315468 2.0324583370315468
0.0591830673283 834.128611905774 875051838.1072508 1110767.0682344646 438999.400879011 212221.94255840484 0.3707419593912168 0.39254908853102255 0.32308396060046984 834.128611905774 0.617903265652028 654.6622580899373 1.9409872262524979 0.0 2578.298033893356 179.85699314474505 0.055875347155979235 -469.8924794279717 1.9445563191708684 430582.7835919243 -661.451282512353 -0.06231797952005098 -0.027861481425841366 1.8924306214701263 -0.6905936961180471 1.7714819068434515 -6.952314290714155 -15.85551990133607 -175.70328318304527 285.5743678834649 298538.48793670186 -281252.7656118981 1.2745273558180983 1.4067277131559672 0.4067277131559671 2.0246309788079953 2.0246309788079953
0.0606448890913 793.0564142553035 711191315.9530997 999898.3406715705 401704.20091591286 195093.16673751964 0.34474785136923813 0.3843926304772289 0.3434682879208967 793.0564142553035 0.5745797522820636 638.8167472840886 1.9180480402029603 0.0 2377.187561043293 222.60002671554003 0.05656898893180331 -456.04896691974943 1.921824360767038 417164.33787214116 -645.2442181524295 -0.06235086694587478 -0.028340691397044784 1.8822563941181245 -0.7067290159753659 1.7580782412734806 -6.836278570635377 -15.33876476646117 -173.85648646621888 273.6376600284952 279706.9409576219 -256596.2858842897 1.3076766418360608 1.433709573918304 0.4337095739183038 2.0082893262003676 2.0082893262003676
0.0621428178519 755.1364147668928 576701388.8741801 894693.261467407 367032.77242884575 179795.0003343228 0.31857319871170175 0.37321390742390836 0.3574039443320901 755.1364147668928 0.5309553311861697 621.1079791842049 1.8883592755182597 0.0 2169.878438167534 261.43875220786117 0.05730409079509405 -442.5607067337647 1.8922406129502911 399451.8966406156 -627.173489056296 -0.062278573336294676 -0.028813535484424897 1.865456974884734 -0.7130910268935248 1.739085498071992 -6.725535384523146 -14.828622915648811 -169.7841594068825 261.47804587665775 261130.70998629532 -233664.8137616795 1.3345016436985644 1.452380263637651 0.45238026363765105 1.9833355948238207 1.9833355948238207
0.0636777454528 720.1619259486677 466836868.7524429 795424.6333499079 334869.7440199645 166131.57530704665 0.29264699607249 0.3590939735025356 0.3644355024908347 720.1619259486677 0.48774499345415 601.651988727973 1.8521804959449848 0.0 1960.3703469778604 295.9628651050031 0.05808350092209404 -429.41913162878126 1.8560529198377906 378685.3364107217 -607.3579414023517 -0.06210862521968124 -0.029278655606789893 1.8421281893694246 -0.7092349182209686 1.7146487745261185 -6.620057725530847 -14.327946742174229 -163.61086303139615 249.17584306820538 242907.78927493698 -212390.24839471723 1.3543831959152743 1.4621410097748817 0.4621410097748818 1.949886003229032 1.949886003229032
0.0652505857655 687.9269131966972 377498995.4927536 702284.5516811827 305098.6343647101 153923.79250294002 0.26738005485968075 0.3421910318060975 0.36430591533254153 687.9269131966972 0.4456334247661346 580.6108687207274 1.8099393400986763 0.0 1752.6619069250512 325.73904153996557 0.058909842283666934 -416.6159147864696 1.813685670691334 355952.03516461264 -585.9627587050957 -0.06185190694926564 -0.029734859486392047 1.8125116697452917 -0.6950033479208572 1.6850422411193298 -6.5197732364295895 -13.839697647651702 -155.50714627097432 236.81701064992134 225136.53515704145 -192704.4661533459 1.366878244979157 1.462649350669691 0.4626493506696908 1.9082827754358256 1.9082827754358256
0.0668622752339 658.2270608975306 305171374.2665657 615390.0217747577 277602.3876744206 143008.3765079031 0.24314640204995353 0.322738099404661 0.35697888452894533 658.2270608975306 0.4052440034165892 558.1889937123555 1.7622228879455344 0.0 1550.5538665328 350.44882832869536 0.059785459102305614 -404.14296535358864 1.765731925628819 332169.2469240026 -563.195457794965 -0.061522494445968766 -0.030181162850947334 1.7769913751948907 -0.6705496612656142 1.6506640702896336 -6.424563633683172 -13.3668709861257 -145.68562145525064 224.49092247726097 207912.51059009237 -174539.12410981237 1.3717473717783015 1.4538484784393204 0.4538484784393203 1.8590924818559094 1.8590924818559094
0.0685137734322 630.8608182668879 246858115.21865705 534789.2911405276 252263.8980335585 133236.89801091352 0.2202675921110721 0.30103670555474954 0.3426480981052626 630.8608182668879 0.3671126535184535 534.626729705403 1.709760751623716 0.0 1357.4553744050525 369.9196586983424 0.06071236727666657 -391.99242376183287 1.712936215417832 308082.74941419595 -539.2995640694753 -0.06113728591283874 -0.030616826874657943 1.7360834244555785 -0.6363430316640449 1.6120253016374722 -6.334265201804229 -12.912406707449946 -134.39473360019252 212.28788574794524 191325.46363306986 -157825.54327232804 1.368970770937125 1.4359795708948302 0.4359795708948301 1.8030922244132834 1.8030922244132834
0.0702060636359 605.6304161804494 200024782.77349216 460468.00894622994 228966.52037610975 124474.78515127898 0.19900134291911403 0.27744655778273014 0.3217311018592314 605.6304161804494 0.3316689048651901 510.19198572803634 1.6534000067244214 0.0 1176.228661966696 384.0768223683473 0.06169221061589933 -380.1566568157931 1.656168106974405 284276.7481719567 -514.5460468766673 -0.06071543282880905 -0.031041388851037962 1.6904192319774678 -0.5931529544105771 1.5697327106526275 -6.248670391342733 -12.47908867980168 -121.91030138107253 200.29654506421284 175456.4447180926 -142494.57958500285 1.3587503271122776 1.4095741921133156 0.40957419211331547 1.7412430969785055 1.7412430969785055
0.0719401534077 582.3428462335348 162542650.52771014 392355.4237473458 207594.56388011324 116600.3433831926 0.17953537228375388 0.2523719564387891 0.2948482405547108 582.3428462335348 0.29922562047292317 485.17018690226007 1.594073861027634 0.0 1009.0758768453529 392.98874152342137 0.06272622446190028 -368.62825251685035 1.5963886073737674 261190.76288915245 -489.223185677665 -0.06027759686658045 -0.03145468449349395 1.6407231965852804 -0.5420142343230406 1.524466964082129 -6.1675304970573706 -12.06943782863659 -108.52549533217802 188.6013273362195 160375.29553087172 -128476.54260055834 1.3414975761123573 1.3754273004481485 0.3754273004481485 1.6746529209210717 1.6746529209210717
0.0737170751969 560.8107936816816 132636652.25777388 330330.5059753823 188033.7638750575 109503.80100790509 0.16198666236287632 0.22624591767700536 0.26278846541130624 560.8107936816816 0.2699777706047939 459.85340927480956 1.5327662360161 0.0 857.4810634881743 396.84047358762973 0.06381520789907644 -357.40001461960435 1.5346119064722332 239139.8824886293 -463.62558909197566 -0.05984508300727165 -0.03185686081327378 1.5877864627965002 -0.4841752883185573 1.4769575595652926 -6.09055933690581 -11.685606586028902 -94.5399678863424 177.28008224262587 146138.64526996153 -115701.17213317448 1.3178086921917063 1.334553174637397 0.3345531746373972 1.6045309452421912 1.6045309452421912
0.0755378869543 540.853516030737 108837311.01911733 274228.00337867346 170171.729030222 103086.394539644 0.14640572482174127 0.19951323688492187 0.22646537852687637 540.853516030737 0.2440095413695688 434.52948994903795 1.4704749198964453 0.0 722.2077409413558 395.9285916744067 0.06495950528574891 -346.4649568950257 1.4718655344135463 218335.73922854033 -438.04320988067974 -0.059438921683389156 -0.03224837918067327 1.5324386788267035 -0.4210345815801708 1.427956396900961 -6.01743780028898 -11.329284077886422 -80.24896890776763 166.4020564039454 132788.53473641354 -104097.69427399695 1.2884291374571348 1.2881286160934358 0.2881286160934358 1.5321381574630046 1.5321381574630046
0.0774036727621 522.2976597479169 89936825.81313075 223844.34582047715 153898.3603771106 97259.50493850817 0.13278489808306654 0.17261373011460546 0.18686769939087658 522.2976597479169 0.22130816347177756 409.4718981355678 1.4081758628626542 0.0 603.347924534818 390.6404718654564 0.06615899734685357 -335.8162970981434 1.4091519277407805 198906.41040685616 -412.75113468147305 -0.059078988034945656 -0.03263000884607733 1.47551968856494 -0.35407093691024066 1.3782117929456592 -5.947819093211782 -11.001622309831337 -65.93321527349828 156.02630922964696 120351.71737804901 -93594.95820897103 1.2542115250931625 1.2374288503127873 0.23742885031278727 1.4587370137845648 1.4587370137845648
0.0793155434793 504.97800790102 74949399.09781131 178943.37019256846 139106.2397131411 91943.8522979489 0.1210693631365091 0.1459668311585638 0.1450087164464246 504.97800790102 0.20178227189418182 384.9310357939079 1.3467909883406064 0.0 500.4117791924919 381.43805200739826 0.06741310157216646 -325.4474506346917 1.3474141276812885 180914.22628513718 -388.00082831840604 -0.058783248909730856 -0.033002811824337036 1.417853014235147 -0.2847738319676974 1.3284446376589434 -5.8813344789306266 -10.7031926556744 -51.85018502803992 146.20063877949485 108839.64278352441 -84121.65523639241 1.2160707423409653 1.1837620467633203 0.1837620467633204 1.385544318657502 1.385544318657502
0.0812746374032 488.73815229650654 63075797.036992915 139261.85907398647 125690.98473400148 87068.75325908225 0.11116944614955546 0.11995852748080427 0.10187902973577923 488.73815229650654 0.1852824102492591 361.1274507449774 1.2871614399850384 0.0 412.44471569829597 368.83193692513504 0.06872078123290133 -315.3520239259106 1.2875077463430085 164371.04705234716 -364.01333615933123 -0.05856721413464465 -0.03336812055107382 1.3602227043904698 -0.21457934802008843 1.2793280922417625 -5.817599299872558 -10.433978804535434 -38.22733342888518 136.96104229505173 98249.08194575812 -75606.61744085712 1.1749402941412106 1.1284080484465837 0.1284080484465837 1.3136904586958429 1.3136904586958429
0.0832821209471 473.43108432950555 53672054.76385303 104514.83235964784 113551.56898698724 82571.44222137339 0.1029728767882805 0.09493127667503166 0.05840598255446963 473.43108432950555 0.17162146131380085 338.247224887386 1.2300274438682706 0.0 338.1573911600225 353.35824786182394 0.07008056197923178 -305.5238074790359 1.2301804361855564 149250.95358097134 -340.97469567268746 -0.05844363901523721 -0.03372751006866341 1.303354618668537 -0.14481612760297136 1.2314717317582944 -5.7562190682859935 -10.193407413683786 -25.257480779967764 128.3316939903933 88563.299085523 -67979.1796366995 1.131733157354736 1.072565728573391 0.07256572857339094 1.244187189887192 1.244187189887192
0.0853391893345 458.91969967625835 46222169.76107124 74400.56463296956 102590.6051025597 78396.4546054188 0.09635593463217268 0.07117722830143167 0.015422085659221957 458.91969967625835 0.16059322438695448 316.43957795497545 1.1760153100461765 0.0 276.0548303405117 335.55910016838453 0.07149055475033618 -295.95676867492074 1.1760592971493946 135500.55078291256 -319.0335933551864 -0.05842248572466931 -0.034082766665577004 1.247902744829013 -0.07666420328448438 1.1854105820938745 -5.696795429122343 -9.980412090236227 -13.096412590029438 120.3253868656404 79753.65194770489 -61169.588199113656 1.0873095204420586 1.0173119734701916 0.0173119734701917 1.1779051978571462 1.1779051978571462
0.087447067311 445.07721267103136 40314567.83279652 48605.31620583992 92714.59019966846 74495.06797342509 0.0911927666243925 0.048934765946363465 -0.02635647067384786 445.07721267103136 0.15198794437398752 295.8165341485181 1.1256314737001396 0.0 224.5538638479413 315.9632276966207 0.07294848360481211 -286.64504428558195 1.125645927218387 123047.2071736101 -298.301111772179 -0.05851111171215732 -0.03443585489135839 1.194440670826166 -0.011127942113890716 1.1415990626483665 -5.638931824382146 -9.793521437106627 -1.8625460494904011 112.94435908493803 71781.49001791864 -55109.43951853936 1.0424527264521783 0.9635737233440143 -0.03642627665598577 1.1155616677180018 1.1155616677180018
0.0896070098736 431.78747730830423 35622079.90656222 26807.75473197864 83834.11295494878 70824.79499183655 0.08736252304177393 0.028388103419574217 -0.06634128579616683 431.78747730830423 0.1456042050696232 276.4543542813254 1.0792629192734564 0.0 182.0815712796129 295.06957693280003 0.07445171707904101 -277.58293274853946 1.079318215910231 111805.58312776804 -278.8522568237723 -0.05871462354951951 -0.03478888471273333 1.1434579005678716 0.050977193671042496 1.1004094499902874 -5.582238722390524 -9.630959094195639 8.361635018962824 106.18141019488185 64600.21561665923 -49732.12802625118 0.9978536954982483 0.9121129912780577 -0.08788700872194233 1.0577171963476808 1.0577171963476808
0.0918203030175 418.94521266466063 31885133.899718504 8683.040692112074 75864.02187604821 67348.92088846202 0.08475427923555781 0.00966946527602006 -0.10407419455041145 418.94521266466063 0.14125713205926302 258.3963473376869 1.0371829375088515 0.0 147.15089706277294 273.3359222183903 0.07599730176610074 -268.76488622762145 1.0373375905226427 101682.77626170979 -260.7288625818985 -0.05903632136759354 -0.035144080317033116 1.095360382634613 0.10902558113919615 1.062134192829062 -5.5263383120180825 -9.49074361880652 17.526767264529486 100.02120792019151 58157.38110999068 -44973.283418566 0.95410325057535 0.863523577553772 -0.136476422446228 1.004780709613035 1.004780709613035
0.094088264502 406.45613167362313 28897843.51036379 -6093.43262132215 68723.55528483525 64036.077380588 0.08326994887032052 -0.00713671832025269 -0.13922226126029563 406.45613167362313 0.13878324811720089 241.656644258364 0.9995609868569053 0.0 118.4127987208863 251.17149643632783 0.07758199697918457 -260.1855024892163 0.9998602892022171 92582.36683116636 -243.943448007094 -0.05947816299955482 -0.03550375173798427 1.0504744556881698 0.16257230918470986 1.026991271263813 -5.470868599502346 -9.37077839119844 25.612832873320738 94.44169089330961 52396.716494913715 -40771.18053790589 0.9116912075709688 0.8182374473611549 -0.18176255263884505 0.9570206954783558 0.9570206954783558
0.0964122446352 394.23697308812507 26496664.0689289 -17842.649500494925 62336.43354853319 60859.84485950274 0.0828255389312678 -0.021988204465956195 -0.1715671787114105 394.23697308812507 0.13804256488544633 226.22453072206383 0.9664753861740359 0.0 94.68679698646702 228.9325006914674 0.07920230956641067 -251.83951663801628 0.9669512526327007 84407.5883293541 -228.48361915617608 -0.06004119366704591 -0.035870270130690156 1.009053351265397 0.21133657977196693 0.9951317500523135 -5.415486879373968 -9.268925495340998 32.62482297718121 89.41548401314245 47260.00460275042 -37067.1081635073 0.8710107863799506 0.7765383679805944 -0.22346163201940566 0.9145809328660408 0.9145809328660408
0.0987936270777 382.21543767946207 24551284.30326766 -26878.939012207382 56630.91455187302 57798.37501161982 0.08335115574401421 -0.03487849659285874 -0.20099096390118865 382.21543767946207 0.13891859290669034 212.06898394072059 0.9379276290055016 0.0 74.9733483207573 206.91979500061578 0.08085452819002105 -243.72179275872162 0.9385993543649438 77063.79311850123 -214.31665968753012 -0.06072590943950127 -0.03624604717696888 0.971285412912081 0.2551802482162195 0.9666487074573553 -5.359872581507164 -9.183061512221084 38.58819458341257 84.9112586587699 42688.74432989563 -33805.68539818286 0.8323668200053906 0.7385803549202457 -0.2614196450797544 0.8774989478269359 0.8774989478269359
0.101233829667 370.3300306129821 22957430.42265637 -33507.306614636305 51539.813986558554 54834.02679062215 0.08479016281489464 -0.04583008294637064 -0.2274596847917787 370.3300306129821 0.1413169380248244 199.14312689049314 0.9138572532330458 0.0 58.452158213072856 185.38073905587717 0.08253475661688436 -235.82731550981458 0.914732888688353 70460.33780167019 -201.39401990583727 -0.061532543861960005 -0.03663351880137688 0.9373032696719802 0.29408388117939316 0.9415868088714563 -5.303729519706425 -9.111116369820863 43.544411973798184 80.89498712053538 38625.56442422222 -30935.11689105315 0.7959863316471558 0.7044086798824714 -0.29559132011752864 0.8457256179072958 0.8457256179072958
0.103734305259 358.5298131522085 21631274.271289654 -38021.12575908356 47000.49189983244 51953.0098131955 0.08709783899854336 -0.05488776188683866 -0.2510066397463724 358.5298131522085 0.14516306499757226 187.38838693011203 0.8941564252512 0.0 44.47048607107818 164.51295035057072 0.08423894580153896 -228.15118173979872 0.895234499895215 64511.98373360846 -189.6554960862951 -0.06246128264396453 -0.03703513311814382 0.9071933386065006 0.3281222712870345 0.9199519374359362 -5.246787586057724 -9.05109833699893 47.546783990502554 77.33105749193676 35015.37256907052 -28407.38250459849 0.7620302736089284 0.6739815978895797 -0.3260184021104203 0.819144662887152 0.819144662887152
0.106296542599 346.774067578211 20505158.318294045 -40700.172122995 42954.80785410203 49145.03053203924 0.09023980918346225 -0.06211234129226133 -0.2717160312916359 346.774067578211 0.15039968197243708 176.738219970006 0.8786836506808012 0.0 32.52535724822524 144.46696101115813 0.08596292475107173 -220.68859214422548 0.8799550123370827 59139.889573745015 -179.0329719537243 -0.06351241951072178 -0.03745334233942516 0.8810051892026983 0.3574408196133081 0.9017204563427677 -5.1888039461848745 -9.001108889539566 50.656729080040705 74.1832303771447 31806.243227479143 -26178.361210124793 0.7306055072302612 0.647191443023799 -0.3528085569762009 0.7975911249962362 0.7975911249962362
0.108922067201 335.0318805508982 19524376.395095043 -41809.01175382628 39349.04668459114 46402.938121164596 0.09419043875526942 -0.06757494263292727 -0.2897079299328301 335.0318805508982 0.1569840645921157 167.12132296173826 0.8672761346592855 0.0 22.242792878143767 125.35227330429754 0.0877024303281725 -213.4348431026176 0.8687257415486798 54272.24978157473 -169.45363578314698 -0.06468646833681733 -0.037890598218743056 0.858760369415245 0.3822338733685399 0.8868477464836225 -5.1295637993175385 -8.959350888209656 52.9405582076803 71.41543134154354 28950.05350174124 -24207.887111408578 0.7017763048231294 0.6238840615253409 -0.376115938474659 0.7808681261174566 0.7808681261174567
0.111612442261 323.2816505826491 18644778.55057997 -41595.717322154305 36133.81744402402 43722.36842544862 0.09893130971077221 -0.07135200840002442 -0.3051249219419391 323.2816505826491 0.16488551618462036 158.46430945761244 0.8597605942426813 0.0 13.356293636377723 107.24347184892329 0.08945313632010861 -206.38531867490946 0.861369144347952 49844.634795893406 -160.84265878741442 -0.06598424476985343 -0.03834935052259117 0.8404604752538065 0.4027255441847018 0.8752758466140995 -5.06888076751732 -8.924132723368581 54.4667926108636 68.99238271741842 26402.892064409145 -22459.742294512886 0.6755749590691862 0.603876071110579 -0.39612392888942105 0.7687615872951993 0.7687615872952207
0.114369269585 311.5105265068433 17830998.899222657 -40290.89694550022 33263.92819740225 41101.38590690733 0.1044498314618706 -0.07352105541542535 -0.3181206142000128 311.5105265068433 0.174083052436451 150.69386120173777 0.8559624382364381 0.0 5.686381790450726 90.1845695261806 0.09121068219825292 -199.53548289335862 0.8577077714144992 45800.080188715816 -153.12535045276425 -0.06740692625591134 -0.03883204795186923 0.8260943204355381 0.4191532371545355 0.8669400969944623 -5.00659697948455 -8.893870116248786 55.30400255684314 66.8800852368163 24125.269055175737 -20901.591176190545 0.6520112679990872 0.5869697218925493 -0.41303027810745074 0.7610527743290003 0.7610527743309661
0.117194190544 299.71378428544347 17055137.29120433 -38107.025994969095 30698.239328521086 38540.12482142727 0.11073799321708022 -0.07415717937772989 -0.32885001819803716 299.71378428544347 0.18456332202846704 143.73839367469827 0.8557133038304299 0.0 -0.8778100626166466 74.1947765440147 0.09297070210354581 -192.88087238110302 0.8575715502578283 42088.965689790224 -146.2288241545474 -0.06895609537526529 -0.039341140913660866 0.8156441158648519 0.4317539199542333 0.8617747379683205 -4.942582909736078 -8.867086493418073 55.51913471997369 65.04616429887317 22082.155344822255 -19504.861107733806 0.6310807938363848 0.5729653302146331 -0.42703466978536686 0.7575286522431104 0.7575286522870149
0.12008888705 287.8941503301873 16295756.237108879 -35238.05923943811 28399.498256784194 36040.43209341993 0.1177912290232624 -0.07333026518958903 -0.33746166934466065 287.8941503301873 0.19631871503877069 137.52928936306392 0.85885704569411 0.0 -6.394445560184139 59.274023781241745 0.09472885466093478 -186.4170893875986 0.8608035219561792 38668.72558273314 -140.08322902609024 -0.0706337677378459 -0.03987908552211248 0.8090906446723433 0.44075293233740076 0.8597174878889058 -4.8767370299557395 -8.842412270857704 55.17627263236608 63.46009791090967 20242.882533783402 -18244.5765307884 0.6127719296335725 0.5616714716769237 -0.43832852832307634 0.7579901867158969 0.7579901870976496
0.12305508256 276.0610798873665 15537083.942505043 -31859.29891379526 26334.15843684191 33605.51528518423 0.12560734445671842 -0.07110283530120688 -0.3440912554200426 276.0610798873665 0.20934557409453072 132.0017589918106 0.8652543186744881 0.0 -10.882207565415703 45.40679676493325 0.09648085428420293 -180.13979529243187 0.8672641910879793 35503.42866915635 -134.6226110015093 -0.07244240335795381 -0.04044834820523033 0.8064174564333142 0.4463550250985536 0.8607131585561418 -4.808985322552957 -8.818583085950216 54.33576737687277 62.09334396062791 18580.9338801073 -17099.154592489787 0.5970718823387834 0.5529132263685043 -0.44708677363149574 0.7622588004646411 0.7622588021711247
0.1260945431 264.22999961411756 14768340.855071846 -28127.499566571903 24472.18546501798 31239.599802603225 0.13418543702129634 -0.06752847286209797 -0.3488565130584345 264.22999961411756 0.2236423950354939 127.09539183199763 0.8747858819770595 0.0 -14.330890722413118 32.56619712498609 0.09822250467397178 -174.04470466718988 0.8768346277889262 32563.26114081112 -129.7854616718829 -0.0743848986693274 -0.04105141027689124 0.8076141022291928 0.44873730457582045 0.86471636049736 -4.73928070090861 -8.794436874200585 53.053679869507576 60.919383919385105 17073.653046805768 -16050.169585025438 0.5839717071936991 0.5465387890591032 -0.45346121094089675 0.770181184101016 0.770181188749822
0.129209078314 252.42152367738277 13983131.339847807 -24181.188739582787 22786.853120628126 28947.599895581057 0.14352473545368544 -0.06265076075428136 -0.3518531504964555 252.42152367738277 0.23920789242280907 122.75445229863006 0.8873547419263537 0.0 -16.70975637285452 20.718078503548167 0.09994973525463054 -168.12757994581378 0.8894184447242212 29823.942665698884 -125.51500937553016 -0.07646455570136684 -0.041690771816395404 0.8126784318593837 0.4480437616037469 0.8716933464595811 -4.6676023737934464 -8.768909731661317 51.38148030194493 59.91369875345709 15701.894871501234 -15082.093744512355 0.5734705394365746 0.5424247581195213 -0.4575752418804787 0.7816326505572628 0.7816326591196785
0.132400542549 240.66065287426122 13178862.230138147 -20141.1706785645 21254.532114086323 26734.808176035072 0.1536232746903281 -0.056502660911044784 -0.3531515052694745 240.66065287426122 0.25603879115054684 118.92797451033088 0.9028872858810724 0.0 -17.973936384085427 9.82323100669223 0.10165864133106343 -162.38422674144365 0.9049428028809361 27266.106569090178 -121.75931194255469 -0.07868502407684941 -0.04236895416218711 0.8216180018337618 0.4443809941873628 0.8816230668940905 -4.593955185010594 -8.741030546909277 49.36594534579824 59.05369105369509 14449.64198429617 -14182.023394272162 0.5655792106832149 0.5404804810699463 -0.4595195189300537 0.796519272242463 0.7965192835640855
0.13567083595 228.97596651262543 12356167.119813673 -16111.199160480704 19854.474125368044 24606.608312919074 0.1644763197722317 -0.04910631817557907 -0.35279377338607454 228.97596651262543 0.2741271996203862 115.56969836864002 0.9213334262343117 0.0 -18.069269857229443 -0.1595766303555822 0.10334552875267343 -156.81048992260713 0.9233584657652332 24874.665194354253 -118.47118530664557 -0.08105021097527199 -0.04308850025801323 0.8344505566693563 0.4378149268723164 0.894497423087621 -4.518368954411113 -8.709914492814997 47.049219108776555 58.31856543950352 13303.603874466899 -13339.396410896286 0.5603233570489702 0.5406516698801671 -0.45934833011983295 0.8147788695217957 0.8147788805709506
0.139021905598 217.3988164542836 11518328.584108703 -12178.787698124208 18568.593633706827 22568.215168921342 0.1760744488792186 -0.04047325278151238 -0.3507915971133143 217.3988164542836 0.2934574147986977 112.63788289914748 0.9426658176853834 0.0 -16.936101257609714 -9.271258886249596 0.10500696393477957 -151.40225042363397 0.9446389641016107 22638.182968532557 -115.60801040773654 -0.08356415350981528 -0.04385197202095326 0.8512035745693654 0.42836825740373896 0.9103207327008183 -4.440897839098358 -8.674755548558304 44.46899556445573 57.68917734294005 12252.815788465276 -12545.70894973487 0.5577461597706678 0.5429235629292746 -0.45707643707072537 0.8363809777414787 0.8363809857041995
0.142455746666 205.96253279872695 10670700.323651033 -8416.134785729053 17381.24986539096 20624.446138844065 0.18840120157226758 -0.030604948354994044 -0.34712388756260537 205.96253279872695 0.314002002620446 110.09502476380277 0.9668781150578406 0.0 -14.512302519497233 -17.551193725083472 0.10663983007215264 -146.15542288411615 0.968778838112157 20548.273139628807 -113.13144539486498 -0.08623084678238285 -0.044661943775750654 0.8719128019156853 0.4160184971370929 0.9291083567669294 -4.361619729789887 -8.634818265370933 41.65879575462212 57.14785846772095 11288.250146927456 -11794.237489638614 0.5579107992952393 0.5473237957972202 -0.45267620420277976 0.8613257984231063 0.8613258025475652
0.145974403608 194.70165021189592 9820138.075299768 -4881.143891501088 16279.030962544932 18779.526684255827 0.2014301995424431 -0.019493877455894378 -0.3417348381130143 194.70165021189592 0.33571699923740517 107.90750185067881 0.9939821611243909 0.0 -10.735993017220666 -25.035055669034733 0.10824139041952051 -141.0659541161258 0.9957908479928449 18599.029502771966 -111.00705988672817 -0.08905401980950593 -0.045520990670167565 0.896619644566147 0.40069659075705305 0.9508843828141312 -4.280635690960037 -8.58942903968093 38.648323269078574 56.67822564191267 10402.45007088235 -11079.771265145557 0.5609026453287417 0.553925040059899 -0.44607495994010105 0.8896420392985815 0.8896420407445792
0.149579971378 183.65116355920867 8974451.97842746 -1618.5116684465247 15250.542348968773 17036.93220458838 0.21512165082191104 -0.007125013686489701 -0.3345321057061416 183.65116355920867 0.3585360847031851 106.04515525704514 1.0240039789970434 0.0 -5.548338070924944 -31.753756482671058 0.10980935950095569 -136.12982242701423 1.0257020292212022 16786.50265375839 -109.20390927684605 -0.09203685005665944 -0.04643167081649924 0.9253672673728094 0.38228613032481745 0.9756782455539351 -4.198069448447631 -8.537967169863565 35.46388032003175 56.26497851433349 9589.19371231396 -10398.360314990241 0.5668311826696243 0.5628474420841684 -0.43715255791583163 0.9213835267875046 0.9213835270961839
0.153274596671 172.84582097763058 8141894.577891145 1339.1345881810194 14286.200962382107 15399.267424640986 0.2294181605983731 0.00652206961175739 -0.3253852684159067 172.84582097763058 0.38236360099728856 104.48081625936686 1.056978332581382 0.0 1.1032923501919785 -37.73258996242838 0.11134198308053918 -131.34303781929447 1.058548360546095 15108.223857486246 -107.6940539668332 -0.0951816059046356 -0.04739649971650471 0.9581951729656318 0.3606233689580973 1.0035200892803628 -4.1140669225502124 -8.4798559815051 32.12883983396636 55.89369063679828 8843.194461637648 -9747.082570518458 0.5758315719683433 0.5742607240840105 -0.4257392759159894 0.9566243250813062 0.9566243251149413
0.157060479208 162.31946181681363 7330698.257152635 3970.0692828955944 13378.036881512673 13868.183461243329 0.24423979944330707 0.02147038197535316 -0.3141247799707812 162.31946181681363 0.40706633240551177 103.18977948334339 1.0929415524347306 0.0 9.261386072224802 -42.98990141902129 0.11283812768238914 -126.7016430281511 1.094367747869627 13562.775110444327 -106.45202359771797 -0.09848920537780077 -0.04841791533548584 0.9951319814858643 0.33549839248766794 1.034434629802997 -4.028795797698689 -8.414554328484853 28.664173758917986 55.550597981223675 8159.8403367330775 -9123.832660710234 0.5880656490803525 0.5883856641741831 -0.4116143358258169 0.9954519965796949 0.9954519965810888
0.160939873045 152.10440626045678 6548673.968356541 6262.291212396991 12519.503660123577 12444.331742444987 0.2594784275291686 0.03774182902307425 -0.3005417540660107 152.10440626045678 0.4324640458819477 102.14921885888462 1.131922291815937 0.0 18.953247148145138 -47.53658637001756 0.1142973802887934 -122.20171541544029 1.1331909951523884 12149.399802419428 -105.45422606997602 -0.10195867895766117 -0.0494982319927875 1.0361861094360179 0.3066579491383668 1.0684332521099795 -3.9424451132132456 -8.341548798513289 25.089038143977554 55.222388913759566 7534.974752801461 -8527.13461623835 0.6037220635540701 0.6054945262429202 -0.3945054737570798 1.037958572124868 1.0379585721248812
0.164915087909 142.23090257642505 5802880.19472659 8212.35205307211 11705.29838143192 11127.352978370214 0.2749913523832651 0.05535246389484275 -0.28438912080148293 142.23090257642505 0.4583189206387752 101.33753891300564 1.1739297998372922 0.0 30.184608815227104 -51.37569488273651 0.11572015864588052 -117.83936968316388 1.175030355217498 10867.641734248096 -104.67829321133819 -0.10558652501176073 -0.0506395810858393 1.0813339988459647 0.273810707655966 1.1055040320584397 -3.8552248505538973 -8.260346989282807 21.4214234611085 54.89600015338675 6964.7185894627955 -7955.979268828043 0.6230150782071895 0.6259097381921009 -0.37409026180789906 1.084228658830876 1.084228658830876
0.16898849058 132.72663701707918 5099367.618025614 9824.204848933674 10931.192320649137 9915.89849296186 0.29059452143815406 0.07430646493537675 -0.26538492449642803 132.72663701707918 0.4843242023969235 100.73365208475384 1.2189392779004953 0.0 42.93159043587037 -54.50183597492812 0.1171078322655388 -113.61076133766856 1.2198652290275267 9716.994627733815 -104.10235266838492 -0.10936594918190624 -0.05184383659877385 1.130505550569083 0.23663598594566773 1.1455993675438891 -3.767365481557336 -8.170472293527537 17.678880962811178 54.558424340469976 6445.332247097837 -7409.686368367428 0.6461813481721596 0.6499998211632185 -0.3500001788367815 1.134324023560142 1.134324023560142
0.173162506298 123.61631055979156 4443001.245836033 11108.087493590563 10193.872898863641 8807.680470417772 0.3060556280793688 0.09458864508282687 -0.24321875622981995 123.61631055979156 0.5100927134656147 100.31617277456957 1.2668739572357948 0.0 57.130883003981694 -56.90142294526903 0.11846285366639142 -109.51209087957619 1.2676246450214954 8696.539909019999 -103.704220064965 -0.11328598468237645 -0.053112523409115195 1.1835664958209766 0.19479722985619186 1.1886209729199573 -3.6791174304901104 -8.071460717986168 13.879331532597359 54.196536599110566 5973.115926430854 -6887.791060172793 0.6734737823553618 0.6781712786348996 -0.32182872136510043 1.1882639921005143 1.1882639921005143
0.177439620203 114.92128559465505 3837358.1469095876 12079.451078713199 9490.797341744463 7799.54702632344 0.3210877532556795 0.11615531361576287 -0.21756264123264474 114.92128559465505 0.5351462554261326 100.06252143539842 1.3175836141934878 0.0 72.66824452166267 -58.55300586075902 0.11978889865673632 -105.53960863700406 1.3181662139418464 7804.546226262211 -103.46050324452122 -0.11733050038690124 -0.05444670672398684 1.2402975494972346 0.14796187670692298 1.2344020772495983 -3.5907503870692525 -7.962860371363345 10.041965763846193 53.79694992638345 5544.3448672109835 -6389.953244086921 0.7051512940711021 0.7108547263704984 -0.2891452736295016 1.246000981796631 1.246000981796631
0.181822378822 106.6593046498139 3284695.7426427533 12757.943500539397 8820.058388261434 6887.577545768828 0.3353444795990763 0.1389234104708213 -0.18808794650791755 106.6593046498139 0.5589074659984605 99.94794010855487 1.370819519490543 0.0 89.36557156993597 -59.42790803072474 0.12109101341814903 -101.689620144211 1.3712515085080692 7038.008670654016 -103.34562145860275 -0.12147711946946801 -0.055846861638923634 1.3003704632681083 0.09582943109572292 1.2826869055077017 -3.502552390333885 -7.844234399219496 6.188233084827765 53.3459123566652 5155.23621608578 -5915.888127929549 0.7414629972696478 0.7484832195105726 -0.2515167804894273 1.3073906855090331 1.3073906855090331
0.186313391579 98.8442822470239 2785982.887201335 13166.456952747885 8180.262155282275 6067.193439352424 0.3484177838081438 0.16275800027260864 -0.15449004948034195 98.8442822470239 0.5806963063469064 99.94443424132564 1.4262062568665645 0.0 106.96738758968736 -59.49239139166827 0.12237576471264242 -97.95849200079786 1.4265182188290109 6392.125840363695 -103.33075710375888 -0.12569609432646237 -0.05731272296059137 1.3633215162107715 0.038169638771544244 1.3331078880411427 -3.414828584527075 -7.715168270171157 2.342903167210139 52.82926248541603 4801.943935039391 -5465.31588920906 0.7826252098638651 0.7914604970221489 -0.20853950297785107 1.3721568033690552 1.3721568033690552
0.190915332351 91.48616985054703 2340983.974139694 13330.24422585433 7570.418135958481 5333.279339845363 0.35984040504897497 0.18745845721406798 -0.1165225470042563 91.48616985054703 0.5997340084149583 100.0196773331185 1.483211461410702 0.0 125.1281211725266 -58.70921151338588 0.12365138775590184 -94.34265807859462 1.4834499990712027 5859.750571377568 -103.38277461162349 -0.12994921556420408 -0.05884311725652297 1.4285235624849522 -0.025127515631935046 1.3851615504030994 -3.3278995272768803 -7.575282447173435 -1.4648340858554292 52.232463739869594 4480.577591454823 -5037.92779107116 0.8287895540699939 0.840116803554628 -0.15988319644537197 1.4398508119695863 1.4398508119695863
0.19563094106 84.59089285392562 1948385.004133242 13276.109759958437 6989.841210928906 4680.309822674378 0.3690947176257632 0.21274408526825364 -0.07404235514575208 84.59089285392562 0.6151578627096054 100.13594663568013 1.5411155075638534 0.0 143.40212261180028 -57.04221960800757 0.1249279240292103 -90.83862597406568 1.541345841666787 5430.888871300695 -103.46317790268198 -0.13418887393600704 -0.06043578171422101 1.4951586241924024 -0.09398908818457338 1.4381848073909418 -3.2420989115352024 -7.4242515438680545 -5.200300384748246 51.54074111287902 4187.241490384649 -4633.3663173969035 0.880000761482797 0.8946504930291166 -0.10534950697088341 1.509808355738722 1.509808355738722
0.200463025304 78.1603575084822 1605949.955458252 13031.679413518545 6438.065386633512 4102.476954654662 0.37563027115407727 0.23824045005419517 -0.027066068255977016 78.1603575084822 0.6260504519234621 100.24919919416854 1.598984383667485 0.0 161.23971423757294 -54.45964517154371 0.1262173386939672 -87.44298357993996 1.599291969546405 5092.365543221602 -103.5272192503681 -0.13835744285317214 -0.062087177934878876 1.5621940702215196 -0.16808438159052194 1.4913343208422094 -3.1577705477892324 -7.261831015515151 -8.822404654912987 50.73934588078752 3918.0906393416185 -4251.216785947905 0.9361436182980575 0.9550548809046108 -0.04494511909538923 1.5811053328280726 1.5811053328280726
0.205414462029 72.19252468800751 1310695.899450926 12624.74750461635 5914.768903560634 3593.814347778895 0.37889191298886166 0.2634682738777024 0.024163700485469564 72.19252468800751 0.6314865216481028 100.30844688873202 1.6556502221335723 0.0 177.99215197547798 -50.940018347101045 0.12753360440777853 -84.15240564537238 1.6561404496172427 4827.844912448691 -103.52330857616036 -0.14238720117169415 -0.06379231324059216 1.6283664991893236 -0.24674105794423867 1.5435725285651798 -3.0752644470709605 -7.087892216612843 -12.283010714175127 49.81397260089418 3669.3992418785792 -3891.0073893752115 0.9968799775412209 1.0210319417713936 0.02103194177139367 1.6525184634194963 1.6525184634194963
0.210488199242 66.68154644734153 1059075.984533289 12082.711230711022 5419.710289078661 3148.313900180255 0.37835954407635836 0.2878376715395 0.07910661219687665 66.68154644734153 0.630599240127264 100.25563996308435 1.7097058523241406 0.0 192.93077332462877 -46.483798933638695 0.1288927355361132 -80.9636601919274 1.7105006887008942 4618.412008980547 -103.39296265570214 -0.14620106205363395 -0.06554458720840349 1.6921789187248588 -0.32885966500440283 1.5936653081207088 -2.9949318549876818 -6.902466184421138 -15.526836279353585 48.751346512796324 3437.640093145632 -3552.2165356394703 1.0615796785975948 1.0918987757062 0.09189877570619998 1.722498015833464 1.722498015833464
0.215687257763 61.6179604455124 847160.5247084711 11432.071757435042 4952.674716724893 2760.03201637361 0.37359885374496943 0.310650520255257 0.13685470613024608 61.6179604455124 0.6226647562416158 100.0263073212522 1.759519462371862 0.0 205.2825119779202 -41.108692462226216 0.1303127544688315 -77.87361465221382 1.760749879270596 4443.819695920765 -103.07147442136869 -0.14971439737422879 -0.06733568641944139 1.751916730385375 -0.41283697794257435 1.6401960641841558 -2.9171191196079813 -6.705795630290373 -18.4920641388645 47.5399862770752 3219.5666275871204 -3234.2823889168203 1.1292519741437594 1.1664961161636416 0.16649611616364157 1.7891608724052575 1.7891608724052575
0.22101473303 56.98893650388719 670808.0841064006 10698.034097949556 4513.430429796719 2423.1827884582513 0.3643198404552474 0.33111516026271925 0.1960783702797504 56.98893650388719 0.6071997340920791 99.5512138093304 1.8032781043718296 0.0 214.28348410243197 -34.870941927865324 0.13181357068626887 -74.87924158614558 1.8050714909328804 4284.339336509324 -102.48967299077488 -0.15283823536030963 -0.06915555485242621 1.8056896819270771 -0.49651746678365155 1.6816026880136872 -2.842160339752611 -6.498393639247066 -21.112037765382222 46.1711251182409 3012.2999389621623 -2936.6172158991776 1.198489947834998 1.2431170910052298 0.24311709100522982 1.850316825097309 1.850316825097309
0.226473796935 52.778568818054296 525819.807076382 9904.173872211271 4101.693757736667 2132.216356023352 0.3504364926398221 0.34837601649450534 0.2550037512621274 52.778568818054296 0.5840608210663701 98.7592419399861 1.8390645723284975 0.0 219.2536132337159 -27.875440244833744 0.13341675409267623 -71.97762386241041 1.8415272284081592 4122.8821537167 -101.57689528869886 -0.1554840137120228 -0.07099246956372571 1.8515037436214092 -0.5771925672486476 1.7162407409314682 -2.7703688404362627 -6.281105359578408 -23.318166066710056 44.63974256528091 2813.4093652738293 -2658.6205961906053 1.267442922555039 1.3194764955845864 0.31947649558458635 1.9035373166509564 1.9035373166509564
0.23206769972 48.96820724584692 408072.73217476025 9072.156887517951 3717.1032443035197 1881.8814542790988 0.33211796810539435 0.36155931342896136 0.3114385215378485 48.96820724584692 0.5535299468423239 97.58159153893027 1.8649684683801724 0.0 219.67889259945952 -20.25306045631966 0.13514518841629683 -69.16595915796925 1.8681647217126836 3946.864981544798 -100.26516204338706 -0.1575699270179977 -0.07283324926231714 1.8873636786615609 -0.6516677645875474 1.7424733007347597 -2.7020276710176137 -6.05516820447015 -25.044034680947664 42.945621520245076 2620.976569568268 -2399.6882429418893 1.3338337318192368 1.3927426531615925 0.3927426531615925 1.9462726000039163 1.9462726000039163
0.237799771903 45.536819278921676 313628.95245128317 8221.572326991041 3359.2013548709124 1667.2718141197709 0.3098191873317081 0.3698364713553734 0.3628674365945956 45.536819278921676 0.5163653122195135 95.95716395155864 1.8792327488141092 0.0 215.29506916246936 -12.191056047567821 0.13702259693415558 -66.44156368286643 1.8831641525362457 3749.3191273707025 -98.49472676308638 -0.1590286287757652 -0.07466361647723624 1.9114062671597014 -0.7164229256317312 1.7587876095887947 -2.6373794713753362 -5.82226312256934 -26.23089995765061 41.09430651929658 2433.6496836190217 -2159.224083542405 1.3950409549401879 1.4596598245162904 0.4596598245162904 1.976025136735804 1.976025136735804
0.243673426269 42.46137596209949 238819.4353282552 7369.800741381499 3027.422725776777 1483.856922446004 0.28427903992447323 0.3724988893757214 0.4066211765023836 42.46137596209949 0.4737983998741221 93.83870410416642 1.880419576376506 0.0 206.15890196422657 -3.9238528437502134 0.13907294546094223 -63.80187500118443 1.8850092421307414 3528.9170625648385 -96.22024801928403 -0.1598156999833322 -0.07646871891221167 1.9220512104886023 -0.7678645647116159 1.7639263221782229 -2.576616272281992 -5.584547593663641 -26.833825424435954 39.09780987703565 2250.663711773735 -1936.6441453316593 1.44825281061448 1.5167659885049558 0.5167659885049558 1.990564388379078 1.990564388379078
0.249692159898 39.71725328699541 180303.09640649206 6531.941700667463 2721.0891529306573 1327.498173757477 0.2564787035077704 0.36903676195908625 0.4401132436012725 39.71725328699541 0.42746450584628404 91.1989654721743 1.8675777494475565 0.0 192.68161228691696 4.294463683310062 0.14131974085106241 -61.24445387809638 1.8726654447053794 3288.9917816291572 -93.41692845290333 -0.15991795818859417 -0.07823379555552416 1.9181544587825488 -0.8026580340173368 1.75701958530392 -2.5198699426206126 -5.344660813106906 -26.827813761700035 36.974903538396646 2071.825672187249 -1731.3755983669776 1.4906899529362645 1.5606994519042965 0.5606994519042965 1.9881639577505805 1.9881639577505805
0.255859556247 37.27864123797255 135102.47568565476 5720.810957926997 2439.40968911566 1194.4520281821062 0.22755992609387665 0.35921143061520266 0.4611218071539665 37.27864123797255 0.37926654348979444 88.03590153132544 1.8403883506437608 0.0 175.6163953343828 12.186219705579228 0.14378525955160146 -58.76698506740432 1.8457407146918907 3035.935258528924 -90.08572863423319 -0.1593603100261779 -0.07994494820871445 1.8991438699989909 -0.8181048918942145 1.7377000360529409 -2.4672041234978295 -5.10568925643274 -26.21305431039613 34.75085864732437 1897.464078997809 -1542.852985068775 1.5198773265091965 1.5885644916905124 0.5885644916905124 1.9678310351803068 1.9678310351803068
0.262179287286 35.1189527423338 100618.64572006807 4946.9721724413375 2181.4855013554647 1081.362195448756 0.19871332571181272 0.3431069760850378 0.4680698346899912 35.1189527423338 0.33118887618635456 84.37582629043567 1.7992587108763458 0.0 155.99154512254367 19.48209971226673 0.14648975518919483 -56.36727698500883 1.8045954685582515 2777.463159593643 -86.25641465742828 -0.1582096844522407 -0.081589955087001 1.8651124202579017 -0.8125010440971049 1.7061784903532082 -2.4186085080603767 -4.871082057391317 -25.018055615028132 32.456556815852444 1728.3364275397687 -1370.5080024131391 1.533923544071547 1.5982955894093598 0.5982955894093598 1.9294844655957144 1.9294844655957144
0.268655115682 33.21122493831069 74628.4757076788 4218.820766531043 1946.3184832916331 985.2431217260877 0.17105569148170152 0.3211507398656018 0.46025247158029803 33.21122493831069 0.28509281913616924 80.27367353566599 1.7453452907164673 0.0 134.99583330549297 25.93879281045046 0.14945070388574286 -54.04326023653823 1.7503776894163687 2521.1638203777334 -81.98770441541595 -0.15657462263601982 -0.08315904586994811 1.8168515229506241 -0.7854096470825033 1.663265503538019 -2.373996214447779 -4.644507065365416 -23.299937113512293 30.12699128357391 1565.5059328243688 -1213.7573514997948 1.5317587038144551 1.5889539325904605 0.5889539325904604 1.8740467517266297 1.8740467517266297
0.27529089704 31.528505868186482 55267.783062508075 3542.6971277931443 1732.8228613012634 903.4571756285123 0.14551988604241747 0.2940950514889025 0.43795954250509095 31.528505868186482 0.24253314340402912 75.80995048489584 1.6804926859091203 0.0 113.83756941365193 31.357549736288174 0.1526821485698262 -51.79298498019402 1.6849660891490013 2273.5348722536883 -77.36400424916127 -0.1545995065519651 -0.08464555241003476 1.7558127035668238 -0.7377836948923129 1.6103291583750197 -2.333204761739844 -4.429644032256194 -21.14137523671106 27.799284870305375 1410.1957637908024 -1071.9881708960997 1.5132795601627946 1.5608883318788904 0.5608883318788905 1.8034214752829199 1.8034214752829199
0.282090582197 30.0442200493885 41003.99689330902 2923.0296692786624 1539.8391395782103 833.687861882688 0.1227787034088454 0.2629607977029035 0.4024629528081628 30.0442200493885 0.20463117234807568 71.08462425423059 1.6070941251562383 0.0 93.60361162172127 35.60550561841856 0.15619419637624768 -49.614617135745945 1.6108247897466437 2039.5222579429274 -72.48902104385145 -0.15245324938334842 -0.0860463601578141 1.6840000310311822 -0.671904819994936 1.5491925759392584 -2.2960008021657154 -4.229922811594177 -18.644481096511328 25.51044683248508 1263.6382077961339 -944.5442260338248 1.4793688586831064 1.515721009710402 0.5157210097104019 1.7203521820584775 1.7203521820584775
0.289058219577 28.732507176833202 30601.794845659944 2362.501907984739 1366.149566212888 773.9111930316245 0.10321516495397175 0.22895087278006968 0.35586836180167813 28.732507176833202 0.17202527492328626 66.20881395210587 1.5278936367249645 0.0 75.14776751025933 38.61870424442532 0.15999270767469723 -47.50643346724685 1.5307911187703436 1822.4506919644944 -67.47716066262258 -0.15031352102527354 -0.08736211086048687 1.6038081781888651 -0.5911443010102793 1.4819856635222681 -2.2620883617970224 -4.048232564709304 -15.922494630666419 23.29514571992366 1126.9362917121287 -830.7151764479149 1.4317829032655789 1.4561571170687 0.45615711706869994 1.6281823919919862 1.6281823919919862
0.2961979576 27.568528997543453 23084.88114500143 1862.2339227759792 1210.49449850735 722.3670216475375 0.08693955277582967 0.19334706599652335 0.30086080921326724 27.568528997543453 0.14489925462638278 61.295599376038766 1.44576006383965 0.0 59.0275859256196 40.4046393181154 0.16407919352298145 -45.466815597118824 1.4478309627434094 1624.1927527189243 -62.444045853594275 -0.14834904475250513 -0.0885971423426642 1.5178303944185503 -0.49959096536202824 1.4109734084875787 -2.2311199622651117 -3.8866501343824664 -13.090580122092987 21.183772749290622 1000.952375616491 -729.7302995068062 1.3729311397921675 1.3856562462300264 0.38565624623002637 1.5305555008564091 1.5305555008564091
0.303514047153 26.528740251479356 17696.624644018357 1421.974567856068 1071.589053123967 677.5317224178592 0.07384233841160379 0.1574067885834447 0.24039680661268636 26.528740251479356 0.12307056401933965 56.45136026463869 1.363467370632026 0.0 45.49538125621357 41.03427522482053 0.16845091476280738 -43.49424302413803 1.3648015434441223 1445.4432159197156 -57.49764959726927 -0.14670360668764104 -0.08975918807485785 1.4286656127367257 -0.4016187312588093 1.3383866770251143 -2.2027097115326457 -3.746250441117677 -10.25715613201356 19.201010925118126 886.2344930233356 -640.7581388255292 1.305595048717386 1.3080339468987425 0.30803394689874264 1.4311045109180824 1.4311045109180824
0.311010844118 25.59112050507493 13861.759495100947 1040.2980666808014 948.1395125336239 638.0931628732171 0.06366580427564288 0.12227423758897475 0.17740081793751 25.59112050507493 0.10610967379273813 51.768821808505606 1.283510491730248 0.0 34.53592960361774 40.62817398949074 0.17310115508410023 -41.58728524482234 1.2842553190638066 1286.0072210515777 -52.731269913978544 -0.14548544752596973 -0.09085888948213866 1.3387510812719263 -0.30147111817051103 1.2662781683815663 -2.176447311548143 -3.627054753164481 -7.5169299159917164 17.36502714085229 782.9839581259815 -562.9122186920827 1.2326414074791883 1.2270684026770442 0.2270684026770441 1.3331780764697823 1.3331780764697823
0.318692811968 24.735364652741545 11150.805616475325 714.8002458416101 838.8590334763203 602.9284587613372 0.056076823900169645 0.08891605240903334 0.1145144514272302 24.735364652741545 0.09346137316694941 47.32250797602873 1.2079758245941796 0.0 25.933958100980774 39.34057742859568 0.17801962573577254 -39.74459309046895 1.2083061271504991 1145.0550798239803 -48.21907111926754 -0.1447642456281294 -0.09190919178918051 1.250238797684235 -0.20292546819649512 1.1964186934211125 -2.1519119459173486 -3.5281373744037863 -4.946340654394797 15.68729568849433 691.0615572623113 -495.26226851535546 1.1567774245172857 1.1461750514846085 0.14617505148460863 1.2396364246515579 1.2396364246515579
0.326564524423 23.943030831300284 9248.332941462915 442.2900524984424 742.4822816558298 571.0846180147674 0.05072769534146315 0.05808553214530005 0.053926819076276944 23.943030831300284 0.08454615890243859 43.166761591523915 1.1384729779787155 0.0 19.352159936216726 37.34256025808811 0.18319295282813153 -37.964889417128134 1.138563525326525 1021.32868830996 -44.01432072538249 -0.14457540261146104 -0.09292469777998306 1.1649228560869072 -0.10907228158189491 1.13023925947384 -2.128685159075223 -3.4478599908184013 -2.601571317435957 14.172968964113483 610.0247059149299 -436.8497160636765 1.0803766971844686 1.0681861963565538 0.06818619635655368 1.1527323552589923 1.1527323552589923
0.334630668176 23.197645437435327 7925.705271861891 218.97270516999254 657.7786982034517 541.7618654097093 0.047298442918339685 0.030313969912462414 -0.0027073897031793526 23.197645437435327 0.07883073819723281 39.3360331416512 1.0761233484940536 0.0 14.403483839999891 34.80728264211732 0.1886051991334262 -36.246959293284775 1.0761284469495467 913.3023594602656 -40.14995431653752 -0.14492904235596857 -0.09392104518641414 1.0842144357412191 -0.02221582817764191 1.068815684942607 -2.106362072235968 -3.384162689703992 -0.5188323335487406 12.821652098757944 539.1853679016443 -386.70584891569035 1.0053836975439863 0.9952442250505827 -0.004755774949417299 1.0740749632478155 1.0740749632478155
0.34289604568 22.48476586589935 7018.519578017314 40.62135709948245 583.5641752736002 514.2992261069481 0.04552002990119384 0.0059237922746312776 -0.05427309850258803 22.48476586589935 0.07586671650198973 35.84685865848179 1.0215936179994016 0.0 10.707584452015672 31.89835214386138 0.19423837913357536 -34.589639848565184 1.0216353381945886 819.3072284245684 -36.640810651286586 -0.1458202026741752 -0.09491435688588755 1.0091543178901619 0.056120742253218815 1.0128866653421293 -2.084560547067398 -3.334833460430092 1.2836626577086876 11.628417384195892 477.6781877023004 -343.87094970356196 0.9332876013881722 0.9287942961107385 -0.0712057038892615 1.0046610126127282 1.0046610126127282
0.351365578009 21.79200244739772 6408.618888207021 -97.26519795792848 518.7109912338694 488.1618316159178 0.045181927050368685 -0.014943589142758302 -0.10014416409556465 21.79200244739772 0.07530321175061448 32.70085564201469 0.9751590476550498 0.0 7.927749337640103 28.762048104514772 0.2000729363596252 -32.99180994727661 0.9753233184823534 737.6281086063423 -33.486813162545985 -0.14723737458311745 -0.09592079372809609 0.9404504070680897 0.12511517555980883 0.9628940158130128 -2.0629281575993543 -3.297703582601476 2.80270036733209 10.584905599219052 424.52968868295227 -307.41286750829465 0.8651471953174751 0.8696494915992719 -0.1303505084007282 0.9449527033498863 0.9449527033498863
0.360044307785 21.10900186559387 6010.30650439021 -199.32051363508947 462.1559204354249 462.9293880867782 0.046129147993011384 -0.03229226509989779 -0.14010006761904897 21.10900186559387 0.07688191332168565 29.88812349570602 0.9367818457026367 0.0 5.789565639628543 25.522864133443218 0.20608816333370675 -31.452379862413963 0.9371203580398546 666.5790021016115 -30.676471572018627 -0.14916809608086287 -0.09695622173353088 0.8785287577336186 0.1845227969880116 0.9190345005470317 -2.041147033617898 -3.270755120864818 4.046663411260153 9.680392876204488 378.72175870350395 -276.4438054789556 0.8016468444119329 0.8180983287077701 -0.18190167129222984 0.8949802420294557 0.8949802420294557
0.368937402188 20.427395039244967 5760.224569852056 -270.1855002002253 412.90649105293835 438.2852961226878 0.048253718920588544 -0.046234525078259724 -0.1742303800562639 20.427395039244967 0.08042286486764758 27.390577338326718 0.9061924848113836 0.0 4.085360917331137 22.281979132108606 0.21226255489078594 -29.970281118839324 0.9067280408280767 604.5608245200492 -28.19024835822961 -0.15160175069733275 -0.09803599117823847 0.8235892317515101 0.23453794846184667 0.8813148435400704 -2.0189367803969605 -3.2521572957396208 5.0321900563493305 8.902741215128827 339.2451727165185 -250.13444164423092 0.7431663668838625 0.7740281860187129 -0.22597181398128707 0.8544510508863604 0.8544510508863604
0.378050156022 19.74071306948181 5610.273325843778 -314.4012380672315 370.045416132778 414.0060124849151 0.05148441698121599 -0.0569559188609647 -0.20284191892246375 19.74071306948181 0.08580736163535999 25.184911406633063 0.8829654427128963 0.0 2.6692600875821775 19.118035714039184 0.21857409409537892 -28.544456683998405 0.8836987136991318 550.1033787766255 -26.003514526276916 -0.15453049094853377 -0.09917481560488078 0.7756597963600312 0.2756604245052423 0.849604142552805 -1.996055761182918 -3.2402610210910407 5.781203178812532 8.239188558484061 305.1411879761626 -227.72485708046918 0.6898524347246713 0.7370453055613071 -0.2629546944386929 0.8228526671966672 0.8228526671966672
0.387387994876 19.044275330509365 5522.92658316852 -336.31970541016057 332.73326957782706 389.9503736449045 0.05577720412180208 -0.06468509741378381 -0.22637755591478192 19.044275330509365 0.09296200686967014 23.24503955389235 0.8665844509548882 0.0 1.4472505271851788 16.08913118853815 0.22500047613699975 -27.173851658896567 0.8675007031660489 501.8931490779222 -24.08896954339528 -0.15794929610242425 -0.10038673384965652 0.734645914966958 0.3085789982489495 0.823680313102802 -1.9723010591305465 -3.233578082003633 6.3184601975049155 7.676964890045889 275.5310381344707 -208.53208277547094 0.6416839080972878 0.7065797515695522 -0.2934202484304477 0.7995417584392224 0.7995417584392224
0.396956478349 18.335054160037785 5468.329986245531 -340.0322611099958 300.209517256359 366.04874038133784 0.06110754885744241 -0.06966946411748905 -0.24535073338322366 18.335054160037785 0.10184591476240402 21.543975106469848 0.8564951813791803 0.0 0.36558277979349324 13.235607620429157 0.23151927933355507 -25.857404631229386 0.8575701350851402 458.7884999683289 -22.41850297022458 -0.1618558776438844 -0.10168513673452108 0.7003731959737721 0.3340774618207009 0.8032689752905472 -1.9475074294730648 -3.230761434716858 6.669663095721667 7.203742121630163 249.63428187390122 -191.95430322442022 0.5985272812113681 0.681970061183219 -0.318029938816781 0.783815975945623 0.783815975945623
0.406761303364 17.611520832707182 5422.636796473628 -329.31524982275715 271.79204543230014 342.29195312857877 0.06746495418624661 -0.07215665898937733 -0.26029621136342607 17.611520832707182 0.11244159031041102 20.055186638053527 0.8521453789469849 0.0 -0.6003600286149259 10.583159109624546 0.2381080943294211 -24.594039823292633 0.8533498470532483 419.82412654525535 -20.964540253277747 -0.16625077051114506 -0.1030828410653974 0.6726226796101162 0.3529637869416688 0.7880744836214638 -1.9215455228304832 -3.230593045697729 6.860092615712611 6.8079380847777715 226.777628574567 -177.47195306653072 0.5601810892997052 0.6625269057650914 -0.33747309423490857 0.7749684960755024 0.7749684960755024
0.416808307557 16.87347760502737 5367.126195246842 -307.5916792708566 246.87535403715572 318.72019845849064 0.07484949656005943 -0.07238128005972219 -0.2717354320735448 16.87347760502737 0.12474916093343238 18.753505762874976 0.8530137288598876 0.0 -1.4555749865431287 8.145767830964111 0.24474462297946784 -23.382660160554373 0.8543170014772615 384.20680145360507 -19.70094893393795 -0.17113766683051748 -0.10459219590031921 0.6511589508304739 0.36602009446583966 0.77780362300345 -1.8943196191757423 -3.2319789965057044 6.913690223122128 6.47890051817942 206.39614031101732 -164.64608309541876 0.5264097898970416 0.64757784824829 -0.35242215175171 0.7723270091817224 0.7723270091817224
0.427103472754 16.121880592206725 5287.749108763019 -277.9077537837105 224.9276005507016 295.4119697591234 0.08326995221904415 -0.0705559817050527 -0.2801539626320344 16.121880592206725 0.13878325369840694 17.61567701052998 0.8586292910663724 0.0 -2.1929152637344487 5.9284640822934 0.25140675792953904 -22.222141360511344 0.8600014103206354 351.3044571342943 -18.603590923929346 -0.17652390732167234 -0.10622520891506855 0.6357517145901017 0.3739698593819159 0.7721828965417821 -1.8657650670473838 -3.233948697046218 6.852499133628218 6.20699765987246 188.02867960050784 -153.11443504239884 0.4969684608916947 0.6364964823660495 -0.36350351763395045 0.7752797360644563 0.7752797360644563
0.437652928531 15.358658085159666 5174.845401385402 -242.92267346212986 205.48669131082318 272.4733565908886 0.0927430403574558 -0.06686598916537509 -0.28598818386002733 15.358658085159666 0.154571733929093 16.62063763416492 0.8685835500690657 0.0 -2.7985610157058316 3.9296526790816486 0.25807265276405783 -21.11132712415695 0.8699966929275975 320.6305790609342 -17.650606062968592 -0.18242101272171687 -0.10799368354797173 0.6261917723683977 0.37745836448034326 0.7709705532835165 -1.8358455796310273 -3.235654818332175 6.696375879520531 5.983639842610065 171.30934482738022 -142.5857244764379 0.4716200384393048 0.6287196185739238 -0.3712803814260762 0.7832913525030168 0.7832913525030168
0.448462955866 14.586528653895568 5022.866070709542 -204.91006164608524 188.15562108786366 250.027917668876 0.10329336086042022 -0.06146615452682893 -0.2896186557787609 14.586528653895568 0.17215560143403372 15.749604357430584 0.8825369456552729 0.0 -3.2557426741341677 2.143075612952756 0.26472079121550235 -20.04902548623692 0.8839661418636248 291.8256512175868 -16.822500777509816 -0.18884516263677845 -0.10990936012595386 0.6223023916013083 0.3770427831901301 0.7739644701909145 -1.8045505014387742 -3.2363715834574722 6.462896292184575 5.801252834635285 155.95637414759594 -132.83262123934958 0.45014679016727455 0.6237558413542301 -0.37624415864576993 0.7959114427882639 0.7959114427882639
0.459539990876 13.808823024566626 4830.0098370781925 -165.76921659721793 172.59726050796357 228.20738488712695 0.11495369107942988 -0.05447979367951062 -0.2913679727388086 13.808823024566626 0.19158948513238314 14.986029840045436 0.9002215123935746 0.0 -3.54707869935782 0.559416303763214 0.27133006242084606 -19.034006359741355 0.9016448998092564 264.6371648842971 -16.102103628678 -0.19581757209917622 -0.11198405621348427 0.62394705041237 0.3731887973974185 0.7810069199156878 -1.7718921276962862 -3.235490345937104 6.167393077000457 5.653219584982013 141.75974998905036 -123.68390656267047 0.43235756527998687 0.6211882672384409 -0.3788117327615591 0.8127777523708241 0.8127777523708242
0.47089062865 13.029313272494122 4597.742216847784 -127.04434561662617 158.52878174400448 207.1434150188011 0.12776538947264546 -0.04599869090881859 -0.29150137160870127 13.029313272494122 0.21294231578774245 14.315477256996392 0.9214409441790411 0.0 -3.655872154567334 -0.8325045222192717 0.277879847771334 -18.065000282305405 0.9228397257393934 238.89943851170992 -15.474436398551362 -0.2033647516917689 -0.11422980296321976 0.6310344368298649 0.36627128548380444 0.7919871013567455 -1.7379031330173693 -3.2325123837120517 5.823076267466092 5.533803130604237 128.5684801287857 -115.01624666601609 0.41809212104212246 0.6206737497164287 -0.3793262502835712 0.8336160655041711 0.8336160655041713
0.482521627178 12.25205237940743 4330.206816116613 -89.95003531206333 145.7159010252972 186.96055824664126 0.14177872345098969 -0.03608382811686404 -0.29022883796486776 12.25205237940743 0.23629787241831615 13.725448587572174 0.9460690344534485 0.0 -3.5666815786838426 -2.044719790855673 0.2843501235821968 -17.140698350637855 0.9474272625819893 214.51421169677184 -14.926535871139734 -0.21151865933608416 -0.11665897525882724 0.643521399596224 0.35657729947452954 0.806842097426876 -1.7026341466626518 -3.227039443527131 5.441201923025252 5.438060014525113 116.27827846222061 -106.74595852911266 0.4072235271779079 0.6219401543978303 -0.37805984560216965 0.8582380268161466 0.8582380268161467
0.494439911369 11.481226653240237 4033.564020999959 -55.401177969540726 133.967098580764 167.7705541431525 0.1570529825399482 -0.02476649355386982 -0.28770773758630064 11.481226653240237 0.2617549708999137 13.205191608649443 0.974047233313613 0.0 -3.2654208410263834 -3.0894212226097855 0.29072158258347536 -16.259753307042395 0.9753515134853656 191.43276421947417 -14.447253096722093 -0.22031675937321316 -0.1192844140428466 0.6614144323891692 0.3443099494128131 0.8255567973076852 -1.6661514966787598 -3.218762803173637 5.031263013493944 5.3617507653536505 104.82018383723873 -98.82109545371395 0.3996594614892555 0.6247829624965027 -0.37521703750349733 0.8865379333964163 0.8865379333964163
0.50665257718 10.721022953891614 3715.3040744628165 -24.04579660421382 123.12795630542482 149.66800319597678 0.17365625735467866 -0.012049567755337798 -0.28404534664842274 10.721022953891614 0.2894270955911311 12.745502323531225 1.0053817489427084 0.0 -2.7391711735739084 -3.9784404930053854 0.29697577631942856 -15.420781716054968 1.0066209282415144 169.64005663139707 -14.027046966037602 -0.22980200150404118 -0.12211953938601809 0.6847700614764394 0.32959232144225714 0.8481631093774026 -1.6285351348074006 -3.207451613554699 4.601186363572061 5.301251790654699 94.15045550429505 -91.21409794718821 0.3953429658853082 0.6290620138829106 -0.37093798611708934 0.9184891094740417 0.9184891094740417
0.519166895836 9.975512102231862 3383.5827847151127 3.700673225701138 113.07573152247721 132.72740024208673 0.19166476559271356 0.0020911318342810158 -0.2793008412463585 9.975512102231862 0.31944127598785593 12.338533347475366 1.0401404347414975 0.0 -1.975860154150355 -4.722820480192011 0.30309527964005634 -14.622367156466467 1.041305322903389 149.14120128202492 -13.657783236591548 -0.24002272334010546 -0.12517845268793157 0.7136943641636079 0.3124708365402525 0.8747386570416456 -1.589876746278635 -3.1929411635920975 4.157525083467016 5.2534713770947885 84.2419428277731 -83.91519252277638 0.39425308817575194 0.6346989594772512 -0.36530104052274875 0.9541402354651072 0.9541402354651072
0.531990318164 9.2485493066583 3046.621809922827 27.620920162479678 103.7142612296644 117.00146020516489 0.21116158442690264 0.017705497081433253 -0.273486427858893 9.2485493066583 0.35193597404483773 11.977614277106188 1.078449546185945 0.0 -0.9639058694816978 -5.332579546981937 0.3090638779371977 -13.863064330129255 1.0795327051916872 129.9504084383771 -13.33254601886729 -0.25103246664875173 -0.12847602588056473 0.7483417078539379 0.2929176504400602 0.905405027453889 -1.5502780433626087 -3.1751215339708323 3.705639845232792 5.215771279451518 75.07700994553527 -76.92665777534945 0.39640573380910027 0.641675837326183 -0.35832416267381695 0.9936118113710208 0.9936118113710208
0.545130479022 8.543691929944265 2712.2048435603347 47.662138217827106 94.96926815790323 102.520619450421 0.2322346130042675 0.03486772110332146 -0.26656745385079306 8.543691929944265 0.38705768834044585 11.65708691368495 1.1204902344896528 0.0 0.30809691868290057 -5.816492053907933 0.3148667772748669 -13.141403980629903 1.1214858681980024 112.0823942108244 -13.045464282758118 -0.262889682127316 -0.13202797466120766 0.788912616922844 0.27083195132937427 0.9403254779501965 -1.5098492378833195 -3.153926945837459 3.249866643709244 5.185894525249496 66.64198928260343 -70.2580101530039 0.4018549285823981 0.6500349845704114 -0.3499650154295886 1.0370926729108574 1.0370926729108574
0.558595201854 7.86413445355238 2387.288555124409 63.904118906525156 86.78411753688096 89.29356004562123 0.2549735385269602 0.05367474334700821 -0.25846136815770054 7.86413445355238 0.4249558975449337 11.372156044015343 1.166494529387233 0.0 1.851578734225624 -6.181946067408583 0.3204908374240298 -12.455898496445386 1.1673985052902798 95.5461411254411 -12.791554635080722 -0.2756572803785021 -0.13585091159174656 0.8356505525533375 0.24604008638823963 0.9797019042108011 -1.468707685324791 -3.1293259769751347 2.793669838339798 5.161899483530118 58.923075372266794 -63.922116328886105 0.4106946550084038 0.6598804588165399 -0.34011954118346016 1.0848363563614736 1.0848363563614736
0.57239250334 7.212660087666307 2077.734853393264 76.52970107084192 79.11605238048668 77.30858021530965 0.2794655150837876 0.07424437965782858 -0.24903547495858472 7.212660087666307 0.4657758584729793 11.11875502648564 1.2167403835143944 0.0 3.678041204976331 -6.434876292044253 0.3259248276432279 -11.805048072747724 1.2175504245835904 80.34082647649004 -12.566579785212284 -0.28940196717637984 -0.13996237333492964 0.8888372208139804 0.21829459294688408 1.0237707272136887 -1.426976691301603 -3.101312714796932 2.3397810023323706 5.1420998757614464 51.90351579334476 -57.932194016522125 0.4230613623410011 0.6713810504447235 -0.32861894955527654 1.1371569089177027 1.1371569089177027
0.586530598172 6.59160812941373 1788.1604012418468 85.79801814159177 71.93291678179969 66.5356222167677 0.3057891933694346 0.09671287569319115 -0.23810352567355242 6.59160812941373 0.5096486556157244 10.893424457701684 1.2715451299421718 0.0 5.798883893678049 -6.579666270037624 0.3311597052882252 -11.187347292451157 1.2722612256969248 66.45376881596056 -12.366920503474816 -0.3041932796583713 -0.14438081431242575 0.9487858213171133 0.1872724033050872 1.0727971785753037 -1.384784469682701 -3.0698988543718957 1.8903256433482314 5.125010191872117 45.5619198621409 -52.299628159201255 0.4391371657013889 0.6847748370595201 -0.3152251629404799 1.1944234926752444 1.1944234926752444
0.601017903947 6.002855888746279 1521.8910762895503 92.0208455390489 65.21036071785227 56.92876778397413 0.33400666486450087 0.12123156154754344 -0.22542121858249725 6.002855888746279 0.5566777747741681 10.693201537213572 1.3312565561916707 0.0 8.224951692600992 -6.6191401832804155 0.3361889174667978 -10.601291989817064 1.3318816577253119 53.8609821613885 -12.189459357276945 -0.32010221573681286 -0.14912555665268665 1.0158314898813876 0.15257256961569007 1.1270673328091652 -1.3422632399943641 -3.0351067154690994 1.44693934800922 5.109295881561582 39.87149725848985 -47.03251179577538 0.4591537151072195 0.7003752023895724 -0.29962479761042754 1.2570529771637404 1.2570529771637404
0.615863046175 5.44781379160633 1281.0035708661676 95.54215551775245 58.929506513073015 48.42901984682321 0.36415281329827776 0.1479621451455305 -0.21068088234071403 5.44781379160633 0.6069213554971297 10.515517290625265 1.3962404731564158 0.0 10.965738645317657 -6.554554502678912 0.3410087262946872 -10.045386259148252 1.3967815578859504 42.5351900843057 -12.03147279446977 -0.33719932105678907 -0.15421668336124833 1.0903179069427884 0.11371420501202793 1.1868769831945705 -1.2995484502516328 -2.996963136845267 1.0108766015237505 5.093727693530301 34.80002710563161 -42.134801504881054 0.48339655144565874 0.7185779769175811 -0.281422023082419 1.3254993324147109 1.3254993324147109
0.631074863415 4.927432117334721 1066.4335403909163 96.72088367557105 53.07504744342007 40.96720527737275 0.3962215303337298 0.1770700790193867 -0.1935057952661477 4.927432117334721 0.660369217222883 10.358098459703806 1.4668634219567354 0.0 14.028151630759739 -6.38558066610027 0.34561855854281015 -9.518149472745513 1.4673330386434436 32.478018170905806 -11.890528543744402 -0.35555207000913464 -0.159674858297028 1.1725788236791364 0.07013562049159404 1.252516267986205 -1.2567781089324346 -2.9554942298717797 0.5831151588728956 5.077139626998974 30.31037061047136 -37.60597552461785 0.5122096064562532 0.7398691320350467 -0.2601308679649533 1.4002383492579296 1.4002383492579296
0.646662412541 4.44221774051152 878.1291801028791 95.91680324779686 47.633740940518365 34.46685510527444 0.43014826122140737 0.20871530696990997 -0.1734448900245072 4.44221774051152 0.7169137687023457 10.21887062274633 1.5434688786778386 0.0 17.414750790462186 -6.110443162446747 0.35002138047882103 -9.018123179337216 1.543887309795148 23.785620650915476 -11.764385284836315 -0.37522134744745395 -0.1655210527943015 1.262913009465268 0.021196078802645683 1.3242487344215754 -1.2140922069624247 -2.910720990579916 0.16445888508082085 5.058390139626496 26.36135631957784 -33.4410837769327 0.5459992407629224 0.7648320753100499 -0.23516792468995007 1.4817458440123956 1.4817458440123956
0.662634974131 3.9922592158289727 715.2304778286043 93.47930285024317 42.59325467464623 28.846943790233254 0.4657884717896915 0.24303953183913862 -0.14996914671256822 3.9922592158289727 0.7763141196494859 10.095858949190823 1.6263449729369177 0.0 21.121376750492264 -5.7259807523594555 0.3542240982992919 -8.54387776286049 1.6267431749065868 16.663089651678007 -11.650890457777024 -0.3962568160868199 -0.1717761548746555 1.361550858730721 -0.033817653147642776 1.4022832822641345 -1.1716322068343168 -2.862655831614739 -0.24435686330179607 5.036326536699697 22.908883417656273 -29.631083049017658 0.5852367390812352 0.7941528774848088 -0.20584712251519122 1.5704669971342948 1.5704669971342948
0.679002057992 3.577258556112093 576.2569788034908 89.73882714665201 37.941321037527686 24.02439574889637 0.5028919190118961 0.280149066238558 -0.12247158467268005 3.577258556112093 0.8381531983531603 9.987083028183198 1.7156816136804802 0.0 25.13405096791668 -5.2278299840882205 0.35823798337778096 -8.094018749560313 1.7161051043394935 11.266764085806093 -11.547873147204221 -0.4186909454233556 -0.17846043346814758 1.4686108149428745 -0.09567702244203317 1.4867373538324093 -1.1295405705991302 -2.8113001580863335 -0.6425542395575778 5.009752868006148 19.907118129471673 -26.163364372598778 0.6304576165897142 0.828620970847359 -0.17137902915264103 1.6667741692005191 1.6667741692005191
0.695773408825 3.19656811315906 459.29024627058095 85.00070623025954 33.66515511144425 19.916293894262882 0.5410731669157374 0.3200923324949464 -0.09027358247898931 3.19656811315906 0.901788611526229 9.890442544475462 1.8115150290472397 0.0 29.42517330767228 -4.611043875697266 0.36207911928186176 -7.667192664036463 1.812028867260983 7.508171336229216 -11.453030121159124 -0.44253149727172597 -0.18559282754647244 1.5840439178361092 -0.16518583012359225 1.577589862633022 -1.087960292289 -2.7566432014563955 -1.0291942556662619 4.97740220313638 17.309684947159322 -23.02239339097261 0.6822553063098803 0.8691217873695657 -0.1308782126304343 1.7709103988957948 1.7709103988957948
0.712959012023 2.849231057222847 362.14080663795283 79.54101521105952 29.751092649489127 16.4417498891252 0.5797797210132563 0.3628309748693585 -0.052641864754397694 2.849231057222847 0.9662995350220938 9.80359164266591 1.9136576702676962 0.0 33.9490429021027 -3.870179751743666 0.36576886350185533 -7.262092348670741 1.9143525822543888 5.0598843310864625 -11.36379947495439 -0.4677523299415261 -0.1931900299458072 1.7075649346735458 -0.24313704787576776 1.6746224321772003 -1.0470343921387648 -2.698662427672896 -1.4030446986107554 4.937914869441836 15.070766164548141 -20.190389840257993 0.741265399651452 0.9166157049084023 -0.08338429509159773 1.882915239930496 1.882915239930496
0.73056909962 2.534024065298075 282.49289711584305 73.6042279100717 26.184407717211247 13.523418242901624 0.6182606144309052 0.4082042715903551 -0.008821047474625865 2.534024065298075 1.030434357384842 9.723801643792594 2.0216133099102165 0.0 38.63679167818073 -3.000005374239118 0.36933431074424383 -6.877461672923943 2.022612810053752 3.519811958352911 -11.27722641649222 -0.49428253476747513 -0.20126533966305066 1.838570158406226 -0.3302465479163417 1.7773489939926037 -1.0069053206278769 -2.6373259996324316 -1.762438743935844 4.889825085247332 13.1460731894785 -17.648004489878947 0.8081358010213838 0.972096917610221 -0.02790308238977901 2.0025312749950634 2.0025312749950634
0.74861415638 2.2495009558122945 218.02339646314618 67.40235788656187 22.94926975527778 11.08865551017898 0.6555401419553993 0.45588726576018834 0.0419122321257529 2.2495009558122945 1.0925669032589989 9.647815149745544 2.1344791353847516 0.0 43.39146366214362 -1.9972287823090777 0.3728087355257445 -6.512099576030437 2.1359471070477456 2.549487054335144 -11.189827134471436 -0.5219941548260087 -0.20982726724122905 1.9760438474131166 -0.4270573159416288 1.8849354457381589 -0.9677142094717744 -2.5725977751694016 -2.1051297832715976 4.8315594752492945 11.493661266455502 -15.37495518132203 0.8834769441541177 1.036524333892846 0.03652433389284604 2.1290912371518447 2.1290912371518447
0.767104926043 1.9940361751964675 166.49403128833328 61.11519076042901 20.02880837212324 9.07034158980303 0.6904039326054565 0.505343625887822 0.1001651944092985 1.9940361751964675 1.1506732210090942 9.571700259725882 2.2508384154183925 0.0 48.08385435097598 -0.8609417804883576 0.37623198062517055 -6.164863399577648 2.252985973839661 1.9182020822520103 -11.097448683024965 -0.5506891483009164 -0.21887789761809098 2.118457382222992 -0.5338055319503128 1.9961127758495167 -0.9295999000730333 -2.504445524729647 -2.428139758717668 4.76145192088279 10.074550570914214 -13.350581061395253 0.967784161213898 1.1107134688554756 0.11071346885547562 2.26138668986457 2.26138668986457
0.786052417716 1.7658671545199294 125.81791896503988 54.89148816280975 17.405256248728744 7.407391563426001 0.7214071291106857 0.5557775064217932 0.16630982299556174 1.7658671545199294 1.2023452151844762 9.490721045761145 2.368655038180038 0.0 52.55016308128064 0.405801414059329 0.37965074183456743 -5.834671483741602 2.371744565742249 1.487315672356013 -10.995153438688341 -0.5800868386883712 -0.22841104924324424 2.2636715782216554 -0.6502464728881681 2.1090929012098947 -0.8926976680519297 -2.4328530814549576 -2.7276288734917795 4.677780036188889 8.853185844359738 -11.554320256366527 1.061326363037179 1.1951826454095322 0.19518264540953223 2.3975278605940087 2.3975278605940087
0.805467912434 1.5631347364914356 94.1028871098278 48.85088058708383 15.060143063745878 6.044994988742107 0.7469161533967335 0.6060908323091404 0.2403260667658922 1.5631347364914356 1.2448602556612225 9.399250781407957 2.485186322427115 0.0 56.59344149998331 1.7935312902493898 0.383118683096856 -5.520505013431311 2.4895293996141623 1.1790928573643777 -10.877153203818665 -0.6098137896408117 -0.23841031690951794 2.4088574069637194 -0.7754425187025794 2.2215006281284198 -0.8571375647130425 -2.3578368722177068 -2.9988113181696496 4.578828791744846 7.797739328069508 -9.966098968835277 1.1639971513024967 1.2899496761521927 0.2899496761521927 2.534809931813415 2.534809931813415
0.825362969871 1.3839210115290315 69.67494163541907 43.08620951943176 12.974520545356306 4.934624302816332 0.7651956290558516 0.6548554693643225 0.32161122220834404 1.3839210115290315 1.2753260484264193 9.29076551999869 2.596937270634763 0.0 59.990437603818414 3.2851285022006067 0.38669629841539477 -5.221409117896194 2.602882074356725 0.9512362875120074 -10.736824976192686 -0.639398886549301 -0.24884715152554304 2.5504564367013267 -0.9075255161213225 2.3303404564242847 -0.8230423042064448 -2.2794671083527738 -3.2359487499437165 4.462985916165121 6.880266356055446 -8.566628203598999 1.2751303882749077 1.3942837253342022 0.3942837253342022 2.6696097737606213 2.6696097737606213
0.845749435227 1.2262840475056187 51.0856177423599 37.666198674592145 11.129200803503526 4.033855954441925 0.7745481986401717 0.700313777313657 0.40877402567453913 1.2262840475056187 1.290913664400286 9.157965123671566 2.6996876900748252 0.0 62.50558510567183 4.853883147048677 0.3904504234582535 -4.936493238163706 2.7075909428704867 0.78141904683589 -10.56686189579862 -0.6682771055288061 -0.25967920758811747 2.684208887061154 -1.0434655933119033 2.432022930886439 -0.7905246506836838 -2.197893200257479 -3.432475457377432 4.328871045723159 6.076745986736112 -7.3376218836222105 1.3932952226608677 1.506436039205772 0.5064360392057721 2.7973497036060584 2.7973497036060584
0.866639446277 1.0882891346658357 37.10699338128717 32.638278346201176 9.504994353320985 3.3060474073575166 0.7735059522784498 0.7404221943452535 0.49944790998434163 1.0882891346658357 1.2891765871307497 8.993071420055664 2.7886244971150913 0.0 63.91310485094087 6.462287338921893 0.3944532955805786 -4.664930791690956 2.7988041872729776 0.6609013947200851 -10.359603561602942 -0.6958057695360423 -0.2708492669905027 2.8052779233158307 -1.1788973940200949 2.5224757029917884 -0.7596843069846896 -2.113372039350698 -3.5813007305612863 4.17549558215922 5.3670175591307485 -6.261941053623055 1.5161013361850808 1.623394010378254 0.623394010378254 2.9125705975090037 2.9125705975090037
0.8880454406 0.9680362943226449 26.71790319802709 28.03145829386341 8.082937251364726 2.719910763218676 0.7610572706620732 0.7729515984384264 0.5901779659193578 0.9680362943226449 1.2684287844367887 8.788341907331686 2.858606750356146 0.0 64.02620410328673 8.062103170124491 0.39878107372356864 -4.405958173196979 2.871275782482256 0.6008034656976512 -10.107583293745485 -0.7212965788028665 -0.2822851048036502 2.908494004830003 -1.3080765436912989 2.5973601139327416 -0.7306043789988356 -2.026296528876896 -3.6753285916716076 4.002442684988504 4.734628475623773 -5.323676389665252 1.6400652203932145 1.7407293429071657 0.7407293429071657 3.0091581273439543 3.0091581273439543
0.909980162983 0.8636839167033619 19.084476094840763 23.85915106525357 6.844499616072498 2.2490199543529865 0.7368742231103715 0.7956516021258758 0.6764491556717664 0.8636839167033619 1.2281237051839526 8.53680550996727 2.904572860855719 0.0 62.72993731268082 9.59565480513446 0.403511766350206 -4.158873141906028 2.919761101454106 0.6915537997301758 -9.804293926819799 -0.7440649529141524 -0.2939006687493553 2.9887270971266156 -1.4240483019023 2.652399588418735 -0.7033475864672811 -1.937220383121695 -3.708200401792074 3.810047470657848 4.166598141747366 -4.508178784944647 1.760603391942663 1.852628356490524 0.8526283564905239 3.0807520616744766 3.0807520616744766
0.932456673008 0.7734684982251511 13.537606536844775 20.121874836447155 5.77177014641074 1.871283718436624 0.7014890260502707 0.8064734373867998 0.7529201926369318 0.7734684982251511 1.1691483767504514 8.233171833574161 2.922068569387383 0.0 60.01131722524093 10.999228755204955 0.4087225808576865 -3.9230326531687894 2.9395502776625553 1.428730295356734 -9.445118321968216 -0.7634950251055954 -0.3055988666011672 3.041367694481819 -1.5190964145388812 2.683801928541982 -0.6779525015519818 -1.84687408127517 -3.6752115875242577 3.59954831460087 3.6530992535148705 -3.8020479290644653 1.8722193177313675 1.9521888730838077 0.9521888730838077 3.1213372498342586 3.1213372498342586
0.955488352832 0.69572054153917 9.549424884929094 16.80978173467504 4.847613268411778 1.568411309861414 0.6563623913855572 0.8038284486816328 0.8138967135361366 0.69572054153917 1.0939373189759287 7.874794615161493 2.9078340325120653 0.0 55.978407158640785 12.208226223750817 0.4144867994033054 -3.697850199204609 2.927085589785942 2.4369131171149254 -9.028299156276177 -0.7791142725300305 -0.3172760721789806 3.062863082012031 -1.5854908432961805 2.6887266581747467 -0.6544302004908438 -1.7561664372454098 -3.574282519826154 3.3731744702083204 3.187056602498278 -3.1930877193772353 1.9689257630361023 2.032028577235833 1.032028577235833 3.1259658962117616 3.1259658962117616
0.979088915146 0.6288767620297486 6.71030354264069 13.904973760226959 4.0557971567084214 1.3253924736256848 0.6038003802662681 0.7868409190254301 0.8540162937361142 0.6288767620297486 1.006333967110447 7.4625043227533965 2.860350260846561 0.0 50.86057633885416 13.163767797584619 0.4208703912917561 -3.4827927297619254 2.880563590205021 2.8913583062063797 -8.555757506732121 -0.790667215906172 -0.3288281761468582 3.0512227970566737 -1.6164690963076531 2.6657198221922673 -0.632761781036303 -1.666166969431986 -3.4067978075382093 3.1341368983301123 2.7636694359179073 -2.6702367928367763 2.0448888299462267 2.085170612413194 1.0851706124131941 3.091504579523641 3.091504579523641
1.00327241135 0.571488811847981 4.707457179097874 11.383581862968942 3.3810922326188186 1.1300078896099897 0.5467117820206739 0.7555421936189666 0.8690392717152238 0.571488811847981 0.9111863033677899 7.001095127580692 2.780225575083014 0.0 44.98587243083251 13.819644538972286 0.4279286680528214 -3.2773772247269406 2.800391038159347 2.958026093743095 -8.03357382234665 -0.7981744323750181 -0.3401576694972975 3.006406391573836 -1.607287675362099 2.6150324331850907 -0.6128971966379495 -1.5780980655434524 -3.1780985320762554 2.886500979525609 2.379875590147153 -2.2234823113496645 2.0952200882060463 2.106069888563824 1.1060698885638238 3.0172561919316134 3.0172561919316134
1.02805323991 0.5222287870208994 3.305786396538438 9.217594760699889 2.8093407951775835 0.9723813068709346 0.4882459419171874 0.7109552622696101 0.8565732614625599 0.5222287870208994 0.8137432365286457 6.4992859810814245 2.6703164979912053 0.0 38.73792780047986 14.148291815412072 0.43570334412519474 -3.0811669952366394 2.689366555970113 2.7929422883373616 -7.471755630283841 -0.8019629217506469 -0.351180943442823 2.930403274635958 -1.5561076377033884 2.5386928211793 -0.5947557645535825 -1.493142121204777 -2.897446513842426 2.6349412081769152 2.0337909987774774 -1.843765210919402 2.1166600381073124 2.0915570717027627 1.0915570717027627 2.9053003082314084 2.9053003082314084
1.05344615494 0.4798918241956153 2.331283876773258 7.37643406021115 2.3274993163879847 0.8445800911861326 0.43139214464869935 0.6550385928927991 0.8165418439859249 0.4798918241956153 0.7189869077478322 5.9690814367785645 2.5355287517337572 0.0 32.501668766136866 14.144395563409367 0.4442203583669768 -2.893767786814699 2.5525093012557285 2.511321131222938 -6.883717457815301 -0.8026575848176765 -0.36183482442391524 2.827199766988682 -1.4644750685614978 2.4404140134619907 -0.578228518861964 -1.412563634014667 -2.5773860369859345 2.3844042208994556 1.7241711545191718 -1.5228851063745663 2.10821285924085 2.0414537028663995 1.0414537028663997 2.760440610614232 2.760440610614232
1.07946627496 0.44339612187466715 1.6570703467582106 5.828279443979268 1.923655568023577 0.7402670266581818 0.3786360087705706 0.5904909209204662 0.7512598112742648 0.44339612187466715 0.6310600146176176 5.424608458913003 2.3823198258918823 0.0 26.611165014930158 13.825314143750802 0.45348872823831216 -2.71482375990497 2.3965425085297403 2.1879669483154163 -6.2848909205306 -0.8011308532967283 -0.37208141539805684 2.702318199258711 -1.33724305511727 2.3251879671391964 -0.563182330760312 -1.3374880028611849 -2.2325791577644427 2.139729373363789 1.4499450470295099 -1.2534121115583619 2.0712581846410933 1.9586784157806638 0.9586784157806638 2.589738430398281 2.589738430398281
1.10612909196 0.41178073651232405 1.1919490795816279 4.541154964125786 1.5870233140183854 0.654403025013066 0.3317474869836926 0.520453924097667 0.665086517278234 0.41178073651232405 0.5529124783061544 4.88064672318419 2.2179989955843884 0.0 21.312110223053793 13.228205174784334 0.4635005634499453 -2.544013414369285 2.229132815846257 1.8666450808969552 -5.691192306070711 -0.7984167008116975 -0.38191059451163334 2.562243490927442 -1.1819339353527356 2.1987583560872523 -0.5494654625651456 -1.2688463858842702 -1.878332505817156 1.9052872490512907 1.2098639621249294 -1.0286110565925435 2.0093310126212875 1.8488055768091427 0.8488055768091427 2.401718055115297 2.401718055115297
1.13345048053 0.38420150832475114 0.8712522479334445 3.4837926134778643 1.3079175839650174 0.5829979540225253 0.2917286477119717 0.44817386443305524 0.563751331759424 0.38420150832475114 0.4862144128532862 4.351145444248045 2.0499657446127104 0.0 16.746022286698192 12.40456726554175 0.4742321914660302 -2.381045532298586 2.0580476814114883 1.5702001437913966 -5.117456439196321 -0.7956038856641066 -0.3913399567464613 2.4137574639951103 -1.0076984685902313 2.067030137600712 -0.5369140217477251 -1.207301487152414 -1.5291094197453197 1.684691633271973 1.0022882216179385 -0.8423808187795301 1.9275430511418243 1.719196807986076 0.719196807986076 2.205411220839362 2.205411220839362
1.1614467074 0.35992546506081297 0.6496890855656642 2.6262928692530947 1.077713802351569 0.5229051015752103 0.2588996008648452 0.37668778637006917 0.4535290054670498 0.35992546506081297 0.431499334774742 3.8480022456405276 1.8850283402417918 0.0 12.955916347052113 11.413540442845061 0.4856461914304301 -2.2256551900457247 1.8903998376616957 1.3085298825664748 -4.576157926942436 -0.7937287266564984 -0.4004124449640042 2.2633180507004647 -0.8241266197921548 1.9355317055970669 -0.5253586842017776 -1.1531992514085703 -1.197303485488141 1.4806215471740283 0.8251104013784301 -0.6892084103992603 1.8318187159257224 1.5779352675903335 0.5779352675903336 2.0094346023650758 2.0094346023650758
1.19013444107 0.33832403787620197 0.4958823443512623 1.940605374756653 0.8887940858975738 0.4716538102192041 0.23306856727193997 0.30858523763246143 0.340458206187781 0.33832403787620197 0.3884476121199 3.3802832937746237 1.7289058183076809 0.0 9.907286470049295 10.315280624078216 0.4976940270148529 -2.077599905115701 1.7321032000108811 1.0840559259068219 -4.076609739243324 -0.7936878264526542 -0.4091922736827222 2.116579474473065 -0.6401698466549716 1.8090112003810201 -0.5146310779853362 -1.1065561105978021 -0.8924537235298219 1.2947640560642526 0.6757918773216536 -0.5641350832345756 1.728131862353165 1.4328133530980594 0.4328133530980593 1.8212609652179592 1.8212609652179592
1.21953076176 0.3188654015265774 0.3882848512247185 1.4008535569912264 0.7344839196643472 0.42731445674633645 0.21372568898647826 0.2458704944698615 0.22974822624935415 0.3188654015265774 0.35620948164413047 2.9539341958623595 1.5859577078934848 0.0 7.515745120325761 9.165526815081039 0.5103189362826661 -1.9366559602492686 1.587592215239289 0.8951878800380451 -3.624691939111571 -0.7961852068375136 -0.41775992322526306 1.978103270850621 -0.4633588332554079 1.6912054529423517 -0.5045693397135295 -1.0670845455515054 -0.6209514333107966 1.1278644631787422 0.5514759833740038 -0.4627301806606429 1.6218937892064906 1.2905624293010347 0.29056242930103476 1.6467719109451653 1.6467719109451653
1.24965317158 0.3011062250236349 0.31219215978875187 0.9835275314223814 0.6089822481990925 0.38839009440840927 0.20021443064835648 0.18992390876764204 0.12543915926386162 0.3011062250236349 0.33369071774726083 2.571917587612499 1.4591298770111223 0.0 5.6736031516090835 8.011947248214025 0.5234587671867812 -1.802614950002802 1.459786918026851 0.7384013288076983 -3.2230405739389987 -0.8017180586961459 -0.4262069655797089 1.8512609779623432 -0.29938897814487936 1.584777012966267 -0.49502253378221417 -1.0342505673514324 -0.386175056584764 0.9798545912649614 0.4491381973128497 -0.3810683177913663 1.5175702602150822 1.156410021210688 0.15641002121068814 1.490100738957949 1.490100738957949
1.28051960492 0.28468308928204816 0.25760223819272804 0.6675685936828759 0.5072876904604278 0.3537295743139694 0.19185709046122923 0.14154215016744906 0.030305384873991648 0.28468308928204816 0.31976181743538207 2.2346463243512478 1.3500672023093736 0.0 4.270591040469131 6.892314009321575 0.5370485230036904 -1.6752805846407277 1.350240380452491 0.6094335486400068 -2.871551964447619 -0.8105948653049591 -0.43463132747602795 1.7382919793782032 -0.15204534978944814 1.491383869001816 -0.4858538114618931 -1.007349245397442 -0.18892213440944827 0.8500242876463604 0.36573939935901095 -0.31570620857378795 1.418530161942821 1.0339519958667116 0.033951995866711604 1.3537138133020936 1.3537138133020936
1.31214843916 0.2693037970847698 0.21771260336221396 0.4343669757412474 0.42512324770968163 0.3224576734526075 0.1880310803687927 0.10102883529419733 -0.054056040633328445 0.2693037970847698 0.31338513394798784 1.9405658324000694 1.2593290933146595 0.0 3.2070893037206276 5.834239610316439 0.5510224751271332 -1.5544657767139753 1.259390417713888 0.5039452559501945 -2.568039837274547 -0.8229733239652082 -0.44313337598104663 1.6404620451534233 -0.023377650366003314 1.4118330210134158 -0.4769423453643547 -0.9855822430317717 -0.027991817528800256 0.737204386960921 0.29835864084976055 -0.26365674107364845 1.3270769112054355 0.9252645088429292 -0.07473549115707079 1.238649642790917 1.238649642790917
1.3445585056 0.2547387691799932 0.18788480904934887 0.2676924342144352 0.3588614772577071 0.2939185512506617 0.18820488285837236 0.06830781004006954 -0.1270269152566934 0.2547387691799932 0.31367480476395393 1.6867614059366849 1.1866478895072605 0.0 2.400546790964494 4.855998276225859 0.5653157875536872 -1.439990033166513 1.1868464079616576 0.4178687494428086 -2.3089084073767907 -0.8389049482505536 -0.45181299510299877 1.558268669172129 0.08598210463038879 1.346270963970645 -0.46818418505411113 -0.9681248503497252 0.09920647613944539 0.6399375010554046 0.24429304394302795 -0.22235925586555771 1.244593864408175 0.8311589823219027 -0.16884101767809737 1.1448337870858565 1.1448337870858565
1.37776910069 0.2408126891187061 0.16494279899640865 0.15357480384727096 0.30545172067416265 0.26762963420537417 0.19194687922467335 0.04303749965038076 -0.1887268588875588 0.2408126891187061 0.3199114653744556 1.4695060323977889 1.131184606486897 0.0 1.786894057239963 3.967966238116711 0.5798656662876122 -1.3316771643725183 1.1316625470779949 0.3475744281621154 -2.0897505530981277 -0.8583768842472241 -0.4607676511759335 1.491651497636492 0.17645313320651967 1.2943752049350774 -0.45949223846149323 -0.954176375105927 0.19610298638031656 0.5566225252104785 0.20112171551822197 -0.1896460900027644 1.1717400322620364 0.751492696671568 -0.2485073033284319 1.0714041620460237 1.0714041620460237
1.41179999748 0.2273965295495087 0.14670367228442513 0.08014926469725314 0.2623506108548035 0.24324372304834724 0.19891923220065708 0.024712641201841815 -0.23977817836725085 0.2273965295495087 0.3315320536677618 1.2847049182358532 1.091753875300511 0.0 1.31893726280533 3.174286033095829 0.594612090766564 -1.2293533181564449 1.0925704636043245 0.28993253075518877 -1.9058265577030227 -0.8813462698306499 -0.4700913352836494 1.4401819855173417 0.2491565829949557 1.2555246811415863 -0.45079559971684424 -0.9429934674047714 0.26652022785819374 0.48562711273560977 0.166736804233068 -0.16370620447630738 1.1086499318495797 0.6854721763978564 -0.31452782360214354 1.0170042300656181 1.0170042300656181
1.44667145742 0.21440006429570713 0.13166616718253718 0.03747865572278941 0.2274567536261441 0.2205176929350454 0.2088656901179802 0.012746819276932898 -0.28110438696678647 0.21440006429570713 0.348109483529967 1.128224778675269 1.0670050965631805 0.0 0.9633606442580441 2.4744927173336033 0.6094982072724693 -1.1328453361851523 1.0681611417823476 0.24231466923106715 -1.752413969675338 -0.9077661573179082 -0.47987421833016547 1.4032201805751334 0.3056200859401907 1.2289388620159143 -0.44203843007550675 -0.9339091934500389 0.31434055995985344 0.4253683969651127 0.13934807163694546 -0.14304708772393238 1.0551106970451665 0.6319133389355345 -0.36808666106446547 0.9800228224655014 0.9800228224655014
1.48240424242 0.20176494427213962 0.11880361847543655 0.017363066994761422 0.1990501942761905 0.19928660458502356 0.22159865098945444 0.006534458386296223 -0.31377327912594083 0.20176494427213962 0.36933108498242406 0.9961163129257986 1.0555578058564832 0.0 0.697434494239375 1.8649433878866692 0.6244704687047058 -1.0419794286969015 1.057017187537736 0.20256178667640395 -1.6250405035226194 -0.9376039627453804 -0.49020284408296544 1.3800360936337055 0.3475495570281033 1.2137837118790342 -0.43317856805749005 -0.9263415757820139 0.3432805009562984 0.3743658059936455 0.11746833444625329 -0.12645623420027546 1.0107050086512814 0.5894442062017101 -0.4105557937982899 0.9587752911841343 0.9587752911852083
1.5190196272 0.18945839106883022 0.10742468125513481 0.013144941079540118 0.17573703380415884 0.17944236983427259 0.2369880765279839 0.005494079140149723 -0.33888438195223597 0.18945839106883022 0.39498012754663986 0.8847483869563992 1.0560957455944038 0.0 0.5060398847722972 1.3399842942299571 0.6394785994878683 -0.9565801556735529 1.0578022635541557 0.16894030683602662 -1.5196216152873134 -0.970854021423551 -0.501160701605033 1.3698985291199925 0.3766665304128074 1.2092475228801953 -0.4241860080294986 -0.9197949107183445 0.35675345110458506 0.33127137763433345 0.09988665615371314 -0.11296339517153739 0.9749184015733526 0.5566503398610114 -0.4433496601389886 0.9516304674083318 0.9516304683253007
1.556539412 0.1774675402358984 0.09707739238829377 0.019516200758630642 0.15639936307378022 0.1609163369637656 0.2549531004803947 0.009096124635417787 -0.35749468670706375 0.1774675402358984 0.4249218341339912 0.7908752820561269 1.0674271474269275 0.0 0.37926577335083933 0.8928503842831891 0.6544754526681336 -0.8764696975013315 1.0693166553867721 0.14011096865814368 -1.4325264840085943 -1.0075457871796096 -0.5128290472140814 1.3721367163459013 0.3946014186825986 1.214591834052222 -0.4150413503106724 -0.9138563862014075 0.3577995996941448 0.29488318168661803 0.08563498220062762 -0.10180459983673623 0.94721488221191 0.5321708399310041 -0.46782916006899594 0.9570926741698309 0.957092709233139
1.59498593547 0.16579444698413537 0.08748090083823995 0.03233240802876636 0.1401505176818646 0.14366530159615218 0.2754562561956214 0.016879027679028828 -0.37057439211418985 0.16579444698413537 0.4590937603260357 0.7116568890671626 1.0885193682118457 0.0 0.3106173480225825 0.5163237362476302 0.6694168113394512 -0.8014673981448084 1.090527848859999 0.11509723721832982 -1.360594002715949 -1.0477489623970822 -0.5252878780529817 1.3861807127093386 0.40283033472927293 1.2291831618497173 -0.40573429427991475 -0.9081898125596306 0.34906320798849005 0.2641468819870543 0.07395251436935475 -0.0923887014518476 0.927086952383303 0.5147555710928563 -0.4852444289071437 0.9738493332586136 0.9738496116329092
1.63438208808 0.15445175006159984 0.07847519139268928 0.04843765040849152 0.12629553156697268 0.12766053027701982 0.29849988580645337 0.028456906553292055 -0.3789844829281708 0.15445175006159984 0.4974998096774223 0.6446483022293961 1.1185153267492516 0.0 0.2957634835243484 0.20318949419668936 0.6842611747799701 -0.7313895526132193 1.120583821209808 0.09323381486617094 -1.3011164430659115 -1.0915765928777748 -0.53861698920292 1.411586183220612 0.4026434544997821 1.2525108416003548 -0.39626222028484226 -0.9025277612328089 0.33280087078011616 0.23814956054601435 0.0642508009641192 -0.08426695856424003 0.9140863735431898 0.5032941726365756 -0.4967058273634244 1.000793991664859 1.0007948928785653
1.67475132565 0.14345897545535766 0.06998303307331058 0.06550275810449435 0.1142965676011746 0.11287942702817477 0.3241242337920114 0.04352172036283336 -0.38346911592260935 0.14345897545535766 0.540207056320019 0.5877713409303722 1.1567379403974096 0.0 0.3317121548005569 -0.05346250721094337 0.6989695548841022 -0.6660494194097915 1.1588152290803344 0.07411827644272716 -1.2518042449996472 -1.1391869449568957 -0.5528970710634745 1.448048380720706 0.39513465511057444 1.2841954677326075 -0.38662888681351354 -0.8966630369881532 0.3109082113982946 0.21610895844119993 0.05608142610891363 -0.07710594421589878 0.907841324400687 0.49682592820847393 -0.5031740717915261 1.0370330061646342 1.0370346575642673
1.7161176834 0.13283944962680466 0.06198079357308832 0.08187846724285636 0.10374303164325335 0.0992994936869908 0.35240681154993275 0.06184205795219218 -0.3846573698098436 0.13283944962680466 0.5873446859165546 0.5392769288138338 1.2026873161067109 0.0 0.4162999341977604 -0.26006296320103606 0.7135053015142879 -0.6052574250360045 1.2047311102053313 0.05756901008948731 -1.2107414487606079 -1.190784807175229 -0.5682108234735742 1.495409169082089 0.38120449274258067 1.3239914451780481 -0.3768432551903451 -0.8904401359855961 0.2849561122609941 0.19736041350459035 0.049107325956705646 -0.07066388277458341 0.9080644831655343 0.49453752615799274 -0.5054624738420073 1.0818822408243878 1.0818842681945782
1.75850579018 0.12261778286423304 0.05447614770205509 0.0964644193260536 0.09432602614679217 0.08689424616659036 0.38346274170339745 0.08326019004277538 -0.383070306132199 0.12261778286423304 0.6391045695056624 0.49770431560994255 1.2560342633734634 0.0 0.5479010452337353 -0.4224523843701019 0.7278339647940995 -0.5488215372972753 1.2580114943022513 0.043562855315043496 -1.1763382515227292 -1.2466227089292903 -0.5846440774763695 1.5536600991360883 0.36157060269641117 1.3717863512266333 -0.3669184445461519 -0.8837471256992286 0.2562304114737747 0.18134305501753903 0.04307816532067463 -0.06477037365782203 0.9145555296304256 0.49575394483642565 -0.5042460551635743 1.1348585390795487 1.1348603580790246
1.80194088319 0.1128178762868921 0.047491437961805716 0.10859414717339932 0.08581676658497268 0.07563075835412507 0.4174459073525935 0.10768847510254703 -0.3791306588129969 0.1128178762868921 0.6957431789209892 0.46184089015132956 1.3166125201079923 0.0 0.7252775770458979 -0.5458613929207033 0.7419231990235273 -0.49654777499009484 1.3184991560969685 0.032132678593990015 -1.1472846075228134 -1.3070024251922736 -0.6022869263004592 1.6229436774841168 0.3367815952458324 1.4275989788895558 -0.35687081345555227 -0.8765082110275809 0.22577137849486087 0.1675862610440663 0.037809776945314844 -0.05930933491793733 0.9272004985631277 0.49992592654272405 -0.500074073457276 1.1956691200339262 1.1956703614242437
1.84644882301 0.10346140142909926 0.04105178681992552 0.11793582636795621 0.07804856887202274 0.06546851893073062 0.4545508302840661 0.1351059581316544 -0.3731731749430881 0.10346140142909926 0.7575847171401102 0.4306847422962547 1.384411542197022 0.0 0.9475266268805488 -0.6349061079733908 0.7557427067639242 -0.44824082848324664 1.386192230806162 0.023241477599076268 -1.1225073537150934 -1.3722770421307409 -0.6212348744255051 1.703554534239206 0.30723152336792875 1.4915775361534087 -0.34671916095709676 -0.8686771220911438 0.1944105968592964 0.1556969779385481 0.0331674379551071 -0.05420494005849459 0.9459698170990958 0.5066165921700492 -0.4933834078299509 1.2642013152592126 1.2642019653341037
1.89205610894 0.0945666986060561 0.035177193578341884 0.12440788329864977 0.07090201025386908 0.05635930570838483 0.49501526301050736 0.16555546826068473 -0.3654549046214522 0.0945666986060561 0.8250254383508456 0.4034110420537537 1.4595705337293934 0.0 1.2140704862555647 -0.6935401924187847 0.7692642193843967 -0.4037047639442264 1.4612382792965781 0.016687752882888342 -1.1011315604635001 -1.4428537811030488 -0.6415900188849637 1.7959413304077754 0.27317387748189653 1.5639986490479605 -0.3364840376110271 -0.8602313598538015 0.16280456333452997 0.14534821744017756 0.029052551556027872 -0.04941022997183696 0.9709158920569297 0.5154881024679762 -0.48451189753202384 1.340513542466178 1.3405137994801823
1.93878989483 0.08614803938928106 0.029877897034884075 0.12810887571989782 0.06429287752973227 0.04824780772240659 0.5391235548351166 0.19914201561805353 -0.3561637502341279 0.08614803938928106 0.8985392580585277 0.3793426203096084 1.5423755078244 0.0 1.5246845172721106 -0.7252748722399077 0.7824615092642438 -0.36274378362831783 1.5439315181098845 0.012095552505125411 -1.0824474779697368 -1.519197748922555 -0.6634622807764127 1.9007109302009253 0.23473253933168267 1.645268535159924 -0.32618715639720686 -0.8511672831143573 0.1314635887729375 0.13626885653807866 0.025392364933711508 -0.04489814109502343 1.0021716721423974 0.5262905431850147 -0.47370945681498533 1.4248298015359593 1.4248298751694004
1.98667800523 0.07821519924058325 0.025152304328072094 0.12925972388250495 0.05816252072606314 0.04107275626819644 0.5872108054040203 0.23603186569425647 -0.3454266768335341 0.07821519924058325 0.9786846756733671 0.35792467339079975 1.633257998839833 0.0 1.8795627314071708 -0.7330346533288417 0.7953104262472307 -0.32516302028598076 1.6347118156257068 0.008990697837830951 -1.0658812921038496 -1.6018367020910866 -0.6869707078676454 2.0186341680279254 0.19191179002584546 1.7359255484381566 -0.315850893198629 -0.8414959499834561 0.10077767816558802 0.12823474415527472 0.022132105078262902 -0.04065452497522114 1.0399494923545585 0.5388512261934632 -0.46114877380653685 1.5175359018970074 1.5175359161409592
2.03574895196 0.07077328849240122 0.020986837971037137 0.1281575407271301 0.05247028096941511 0.03476836067237491 0.6396680852196961 0.27645294079602073 -0.33331655411209626 0.07077328849240122 1.0661134753661603 0.33870337347764773 1.7327969212540641 0.0 2.279327857951917 -0.7191078645556513 0.8077889516845693 -0.29076934278197086 1.7341669193481384 0.006909488367915571 -1.0509704758530383 -1.6913670571484345 -0.7122448712028503 2.150654571872162 0.1446036727127577 1.836645285939227 -0.3054978672022847 -0.8312396951405284 0.07103856206945963 0.1210610472791246 0.019229188662940343 -0.03667292015002362 1.0845410965060016 0.5530657267433041 -0.4469342732566959 1.6191792021110163 1.6191792037756227
2.08603195107 0.06382279188416533 0.01735708950065027 0.1251400224677101 0.04718763991208784 0.02926587983774847 0.6969486528738372 0.3206977455354822 -0.31985486603053903 0.06382279188416533 1.1615810881230622 0.32130788844467273 1.841726222092523 0.0 2.725112492860023 -0.6856168582992395 0.8198772620252128 -0.2593721537797151 1.8430405404288157 0.005478668489384121 -1.0373450103011912 -1.7884611487315891 -0.7394263848896082 2.2979018920947496 0.09258860300478819 1.948250070544654 -0.2951505907420519 -0.8204292713834415 0.042456414861967384 0.11459572534748917 0.016649189971001798 -0.032950826154608155 1.1363208039716874 0.5688942230100634 -0.4311057769899366 1.7304753111331568 1.7304753112320417
2.13755694027 0.057359773271173184 0.014229773877638779 0.12055756237220885 0.04229381186980965 0.024495198592119072 0.759575365777623 0.3691261021588419 -0.30501661116942225 0.057359773271173184 1.265958942962705 0.30543543846098953 1.9609423317932824 0.0 3.2186489418975204 -0.6341665301169427 0.8315577965250482 -0.23078416175498973 1.962240364636143 0.004441622444136957 -1.0247090840402588 -1.8938758999343441 -0.7686705722780669 2.4617067291476262 0.0355386024332321 2.0717189425329656 -0.2848311824049265 -0.8091015011774646 0.015176578892195147 0.10871401665334961 0.014362881647545461 -0.029487000869358383 1.195747786184921 0.5863549786514686 -0.4136450213485314 1.8523139216141735 1.8523139216164513
2.19035459669 0.051376203025652496 0.01156506852766906 0.11475327509729463 0.03777252462555065 0.020386308667121652 0.8281497477111848 0.4221703778172143 -0.28873211997831605 0.051376203025652496 1.3802495795186414 0.2908389614930554 2.091517459540325 0.0 3.762286372591529 -0.5658472022543198 0.8428153207139863 -0.2048221140506925 2.092852011190389 0.003643249031506299 -1.0128273111035693 -2.0084632550645116 -0.8001483164309902 2.643620712726246 -0.026985013205406225 2.2082024323499176 -0.2745611333520466 -0.7972974223207299 -0.010707774732147568 0.10331380213068936 0.012344353441678347 -0.026279747373367475 1.2633711332076045 0.6055217569420452 -0.39447824305795476 1.9857713364606864 1.9857713364606995
2.24445635523 0.04586037293130449 0.009319007045088383 0.10804912429233605 0.03360973455210148 0.016870627051896236 0.9033625794477436 0.48034280510126987 -0.2708864767345758 0.04586037293130449 1.5056042990795726 0.27731694352510594 2.234717822344997 0.0 4.359085002716808 -0.4815339398244513 0.8536369816246173 -0.1813074768773575 2.2361580796128013 0.002998633198014643 -1.001513872267683 -2.133182359434289 -0.8340481287953936 2.8454416471785757 -0.09553838459132678 2.3590415123217134 -0.26436112097418857 -0.7850607488864214 -0.0351456465039055 0.09831172813151934 0.010569857518815163 -0.023325903212284727 1.3398373480990031 0.6265242830809377 -0.37347571691906234 2.1321285821605103 2.1321285821605103
2.2998944272 0.040797367177542315 0.007445710997290461 0.10073679824167105 0.029792092949015393 0.013882110065578098 0.9860065909960596 0.5442443427140989 -0.25131863248134967 0.040797367177542315 1.643344318326766 0.26470508875128823 2.3920256858454163 0.0 5.01290302964816 -0.3818049576252253 0.8640123482959335 -0.16006705518529252 2.3936612271733924 0.0024637855011142434 -0.9906229847850234 -2.2691139311719444 -0.8705784779499488 3.0692434185388833 -0.17080349072023035 2.525790260458913 -0.2542508634350935 -0.772436667946288 -0.05811926165344339 0.09363997526027494 0.009017111388725964 -0.02062032118274234 1.4258991002121173 0.6495490488210922 -0.3504509511789078 2.292893367147858 2.292893367147858
2.35670181955 0.03616956297455207 0.005899314711514538 0.0930725112117119 0.026305982281043368 0.01135814365001844 1.0769913374387226 0.6145756345375205 -0.22981908982583943 0.03616956297455207 1.794985562397871 0.25286950376545303 2.565166472572032 0.0 5.728507846214447 -0.26683815336642946 0.8739334349406988 -0.14093354294162808 2.5671125932827557 0.0020154335582439685 -0.9800410805454209 -2.417476996102282 -0.9099704260419759 3.3174116947861396 -0.25359988606053074 2.7102431767918453 -0.24424900948770775 -0.7594708569634876 -0.07963668064030538 0.08924357281950404 0.007664951245885173 -0.018155722700006358 1.5224261323882684 0.6748419004079711 -0.3251580995920289 2.469827462805842 2.469827462805842
2.4149123545 0.03195713905892533 0.004635515719334415 0.08527481327563541 0.023136990911733546 0.009240207889302172 1.17736111139078 0.6921501195960276 -0.20612730666183476 0.03195713905892533 1.9622685189846334 0.24170113511577773 2.756141212322799 0.0 6.511627844533573 -0.13631269718017577 0.8833947029518172 -0.12374600036617167 2.7585459376261356 0.5585365431435765 -0.9696800339872187 -2.579648622900003 -0.952480626416667 3.59268633033972 -0.34489854633545836 2.9144677196898057 -0.2343730589018586 -0.7462087652551455 -0.09972526836590123 0.08507817044884095 0.006493194874221797 -0.01592280002534343 1.630417811355087 0.7027109078075264 -0.29728909219247357 2.6649794267921596 2.6649794267921596
2.47456068965 0.02813857390065758 0.003612727802170475 0.07752495381061064 0.020269693775428338 0.007474326409122443 1.2883158850881835 0.7779124455548712 -0.17992180260129875 0.02813857390065758 2.147193141813639 0.23111122341601234 2.96727133921234 0.0 7.369114116347848 0.010040932955504277 0.8923930393655191 -0.10835025463522463 2.970324636226362 0.2296949807467321 -0.9594740137499347 -2.7571868606306422 -0.9983947532297136 3.8982153219658207 -0.4458483433692642 3.1408468437944363 -0.2246393075551256 -0.7326950121898164 -0.11842874692489325 0.08110819252376719 0.005482706655742431 -0.013910519004260683 1.7510221801521813 0.7335385632945823 -0.26646143670541766 2.8807317051082215 2.8807317051082215
2.53568233869 0.024691121353987194 0.002792859728090383 0.06996831478758919 0.017687653012475078 0.006011321348477589 1.411235940818504 0.8729567602301262 -0.1508160007012067 0.024691121353987194 2.3520599013641736 0.22102762178034221 3.201243900662967 0.0 8.309149977643166 0.172984570295026 0.9009277127027305 -0.09459922231573081 3.2051897614048426 0.1375121051571574 -0.9493736143988265 -2.9518574613180846 -1.0480314246989482 4.2376130731485215 -0.5577959660695806 3.392123915112449 -0.2150628163152136 -0.7189729130470979 -0.13580147903599704 0.07730530704093974 0.0046154112907019675 -0.012106432997009467 1.8855531717843477 0.7677864853907459 -0.2322135146092541 3.1198463867549195 3.1198463867549195
2.59831369245 0.02159125231299645 0.0021417638771723574 0.06271725313870202 0.01537356690864258 0.004806898763748636 1.547711625024469 0.978550665738261 -0.11834907617344781 0.02159125231299645 2.5795193750407814 0.21139175754697825 3.4611702988673336 0.0 9.341320036151421 0.35387680148077155 0.9090003032354236 -0.08235315572835411 3.466322585438792 0.09380593652381139 -0.9393426080925487 -3.1656654834175186 -1.1017467211768717 4.615032861949992 -0.6823161774200889 3.6714594008071844 -0.20565739712705247 -0.7050841926701046 -0.15190525969408875 0.07364715753120231 0.003874391286301229 -0.010497075922970715 2.0355134869092097 0.8060064246661613 -0.19399357533383865 3.385525799706943 3.385525799706943
2.66249204066 0.01881505615761702 0.0016294079906254424 0.05585463228708168 0.013309497872262956 0.0038215931776155966 1.6995781272192334 1.0961651925872513 -0.0819708716123797 0.01881505615761702 2.832630212032056 0.2021561808220846 3.750659340419676 0.0 10.476890442415709 0.5540861511110027 0.9166146109622934 -0.0714798130226093 3.757422637082755 0.06826090727496276 -0.9293563137633871 -3.4008920589010905 -1.1599393961459095 5.035254293813219 -0.8212537632587819 3.982499983309082 -0.19643561476700008 -0.6910687191179574 -0.16680778162282106 0.07011631028214574 0.003243992948553251 -0.009068358012161265 2.2026240817811638 0.848858786841689 -0.15114121315831097 3.681488998873745 3.681488998873745
2.72825559406 0.016338597566088534 0.0012298327485423045 0.049437474501141415 0.01147714421931914 0.003020599975573059 1.868957073046212 1.2275079843639911 -0.04102977259292606 0.016338597566088534 3.11492845507702 0.19328254470885498 4.073898682484094 0.0 11.729067851762672 0.7756049106561738 0.9237765406522689 -0.06185455722008193 4.082795752725108 0.051558425577508185 -0.9193984052068238 -3.6601377141985973 -1.2230569052941478 5.503783382760228 -0.9767648261362839 4.329456971089703 -0.18740880122867995 -0.676964346102712 -0.18057950188402938 0.06669937894839288 0.002709862265900718 -0.007805905363569625 2.3888549276832087 0.897127156132818 -0.10287284386718198 4.0120556112098384 4.0120556112098384
2.79564350723 0.01413822663940699 0.0009209522027314741 0.04350083024800113 0.009858120524654393 0.0023735232314850193 2.058305944341579 1.374565129728614 0.005247037409395805 0.01413822663940699 3.4305099072359653 0.18473995598002374 4.435756944645361 0.0 13.113267383249301 1.020878654517539 0.930493967927614 -0.053360386335887355 4.447465034270012 0.0398651449814426 -0.9094596501073191 -3.9463732949668997 -1.291602401556077 6.026974483791543 -1.1513738585260815 4.717202771247758 -0.17858708031915915 -0.6628068041839532 -0.19329245958747943 0.06338629489157235 0.0022589827839856096 -0.0066953776244412 2.5964645765555776 0.9517424367370753 -0.04825756326292474 4.3822523439730405 4.3822523439730405
2.86469590186 0.01219084210505207 0.0006842492423969955 0.03806146941990624 0.008434225450686905 0.0018540641878513862 2.2704770525295976 1.5396501508402909 0.057775072193835264 0.01219084210505207 3.784128420882663 0.1765036182882645 4.841903493076498 0.0 14.647510999759827 1.2928001321442517 0.9367765874074102 -0.04588790098779327 4.8573024519285495 0.03130423188947491 -0.8995362250289247 -4.263000025145815 -1.366142872876661 6.612173776193415 -1.3480387485849732 5.151384305422332 -0.16997940036555279 -0.6486296431288733 -0.2050186809122586 0.0601696972123764 0.0018796669524379526 -0.005722726444088277 2.8280453553107514 1.0138089958019396 0.013808995801939616 4.7979374166846025 4.7979374166846025
2.93545389064 0.010474108792013668 0.0005044097871394617 0.03312136128783554 0.007187682490607733 0.0014396725439725197 2.5087880090527994 1.7254632707888065 0.11763984760060797 0.010474108792013668 4.181313348421333 0.1685537140858221 5.298953196021941 0.0 16.352841505744042 1.5949543241678303 0.9426357467550776 -0.039335214006968044 5.319189500141195 0.024841644955567305 -0.8896286037509977 -4.613920467853593 -1.4473186349790461 7.267891032740563 -1.5702308875413549 5.638559238250109 -0.16159357317912645 -0.6344642112067054 -0.21582917853732564 0.05704442118729036 0.0015615235356583794 -0.004874405611393015 3.08657768431923 1.084637990907039 0.08463799090703894 5.265951339328372 5.265951339328372
3.00795960174 0.008966631659415709 0.00036893060305307184 0.028670832414277037 0.006101345414465414 0.0011111792879088301 2.7771061342616505 1.9351624481028 0.1861296857667405 0.008966631659415709 4.628510223769418 0.16087447977907704 5.814639909536158 0.0 18.253856626487913 1.931560677354959 0.9480842696001408 -0.033607808094103575 5.841212132800693 0.019856518123923465 -0.8797405560110096 -5.003622565204167 -1.5358544346592944 8.004004525921363 -1.8220312699065822 6.18635876520062 -0.15343631767853982 -0.6203396646339081 -0.22579308328299796 0.05400706776351377 0.001295398831762232 -0.004137530149746184 3.375494302151947 1.165787416898394 0.16578741689839394 5.7942976406678115 5.7942976406678115
3.0822562039 0.007648089444423006 0.0002677270070121123 0.024691368971653967 0.005158864631086406 0.0008524263225648124 3.0799497848734774 2.1724489540657586 0.26477577218542336 0.007648089444423006 5.133249641455796 0.15345343786157573 6.39802541364122 0.0 20.379332158080693 2.307689762468525 0.9531362706893892 -0.02861834753047887 6.4328987558071224 0.015950844215979226 -0.8698783494293973 -5.437279397360116 -1.632572472185846 8.832006380222964 -2.108246872096733 6.803682944827674 -0.14551330679746993 -0.6062829999562098 -0.23497700194270765 0.051055640071152084 0.001073299404972073 -0.003499989804388789 3.698756738767168 1.259111053425344 0.259111053425344 6.39236069488114 6.39236069488114
3.15838793214 0.006499331517176169 0.00019275897851623016 0.021158045766515175 0.0043448140193505826 0.0006499047903319036 3.42261028845866 2.441670620212291 0.3554009509033724 0.006499331517176169 5.704350480764434 0.1462807569250577 7.059751431667807 0.0 22.7629788125961 2.7293515707960436 0.9578069665677862 -0.024286450092432688 7.105511753915535 0.012856077699977918 -0.8600500893447283 -5.920867891504544 -1.7384077166214833 9.765296927287539 -2.4345515866098695 7.500935507782399 -0.13782921650346044 -0.5923191043387513 -0.243444534913544 0.048189235591695516 0.000888301650210699 -0.0029505220932973023 4.060946446523105 1.36681813001724 0.36681813001723995 7.071168610781674 7.071168610781674
3.23640011406 0.005502441834251923 0.00013768762499906403 0.018041586790024742 0.0036447800334579216 0.0004924109349617992 3.8112990187312703 2.747946711128236 0.46017933031271774 0.005502441834251923 6.352165031218784 0.13934871636001006 7.812344361531502 0.0 25.44435323777107 3.203690675978007 0.9621124847426433 -0.020538425420591366 7.872406144734507 0.010383503840496753 -0.8502651802278898 -6.461310422875045 -1.8544259682300996 10.819538716708072 -2.807657339208668 8.29030681420116 -0.13038777594363166 -0.578470818425364 -0.2512559363819348 0.04540778486552765 0.0007344536884612823 -0.0024787510371318397 4.467373685489289 1.491546260072922 0.4915462600729219 7.843711291291706 7.843711291291706
3.31633919688 0.0046407740050540955 9.756866720720225e-05 0.01531007539685102 0.003045416423614214 0.00037072563788957403 4.253325257013696 3.097319250161627 0.5817090640425855 0.0046407740050540955 7.08887542835616 0.13265125718022333 8.670584492398746 0.0 28.469958208610574 3.7391936050422157 0.9660696751758505 -0.01730698531642716 8.749472658777632 0.008396116165146976 -0.8405338666572373 -7.0666441584735615 -1.9818452215137292 12.013083239112053 -3.235522072182598 9.186115580459596 -0.12319181789813337 -0.5647590087813261 -0.25846787255948445 0.04271182939024979 0.0006066741710713066 -0.0020751976313859687 4.924207810755893 1.636450542036732 0.6364505420367319 8.725325970392893 8.725325970392893
3.39825277504 0.0038989614672218964 6.858557635582893e-05 0.012930342682703586 0.002534468743512641 0.0002773214698558831 4.7573118316317435 3.496936972484448 0.7231016697702648 0.0038989614672218964 7.928853052719573 0.12618360433183368 9.651954722489837 0.0 31.894574136125495 4.34594532421597 0.9696959257182541 -0.014530932428934662 9.755688016325541 0.006791808018731459 -0.8308668706315547 -7.746224100254464 -2.122061005433473 13.367486780671566 -3.727603522228587 10.205222799852038 -0.11624332888460015 -0.5512026465517625 -0.26513329165085764 0.04010233282332455 0.0005006520484526221 -0.0017312680093352715 5.438633727951993 1.8053129774366123 0.8053129774366123 9.734166030156185 9.734166030156185
3.48218961858 0.0032629066360430874 4.7822088037639865e-05 0.010869066296140237 0.0021007732146800513 0.00020609921300588003 5.333457238253014 3.955279403164245 0.8880916540642287 0.0032629066360430874 8.889095397088356 0.11994194846262471 10.777187051152584 0.0 35.78287727511964 5.0359433196941525 0.9730089851915809 -0.012154832067921006 10.913801538267093 0.0054928600935822535 -0.8212750817570065 -8.51096717390595 -2.276676530573314 14.908135485952643 -4.295169280125794 11.36753424638001 -0.10954349838529656 -0.5378188895513417 -0.2713013601377434 0.037580520759671034 0.00041275011905563577 -0.0014392244857909513 6.019040088864287 2.0026768323654878 1.0026768323654878 10.891772229453844 10.891772229453844
3.56819970216 0.002719752683885432 3.307186386045224e-05 0.009093615449126815 0.0017342345847034964 0.0001521543167275726 5.993855141849212 4.482430557035381 1.0811713980797943 0.002719752683885432 9.989758569748687 0.11392317822551537 12.070929967828482 0.0 40.21140488023296 5.823491522469794 0.9760267952995842 -0.010128672810209238 12.251196498234743 0.004439102576536046 -0.8117692966278636 -9.373646462698343 -2.4475386635766907 16.6650048443772 -4.95167662036925 12.696612202868891 -0.10309276680897365 -0.5246231665715616 -0.27701745724609295 0.03514774525346465 0.00033991457559538844 -0.0011921441849879592 6.6752462746285115 2.2340120405784774 1.2340120405784774 12.223770610327165 12.223770610327165
3.65633423481 0.0022578413363618494 2.2681883918982725e-05 0.007572677910878181 0.0014257873933874545 0.00011157261733460857 6.7528848770771015 5.090414269054632 1.3077578170442177 0.0022578413363618494 11.254808128461836 0.10812465501743385 13.562565945506053 0.0 45.27095379281786 6.725663063770583 0.9787673335682766 -0.00840752037490411 13.800976972992895 0.003583312211419591 -0.802360020271486 -10.349246858218814 -2.636780988339022 18.67358520686432 -5.713239435053603 14.220422360920338 -0.09689087188998137 -0.511629261783064 -0.28232323811351834 0.03280537099273658 0.00027959201786994484 -0.0009838692426619722 7.418777078402485 2.5059196830656276 1.5059196830656276 13.760727811527463 13.760727811527463
3.74664569041 0.0018666597717389936 1.5425555425484033e-05 0.00627670274272117 0.0011673447290800828 8.125383508734394e-05 7.627690054344994 5.793605990388656 1.5743984166488758 0.0018666597717389936 12.712816757241656 0.10254402475974492 15.287215173890532 0.0 51.06951479502553 7.7628867268214385 0.9812484685991041 -0.006951169149861158 15.603346633063559 0.0028880188315587897 -0.7930572903297026 -11.455396149701482 -2.846875512487725 20.97601253628575 -6.599203210720527 15.972248050766744 -0.09093689334841637 -0.4988493979622961 -0.28725672321754636 0.030554680570708433 0.00022965461396394217 -0.0008089517921858655 8.263195779044093 2.8263849173035904 1.8263849173035904 15.539201674545247 15.539201674545247
3.83918783896 0.0015367793870109353 1.0401352541202375e-05 0.005178190939219703 0.0009517381135334191 5.8760813441623006e-05 8.638766869085371 6.609240030812462 1.889026929086402 0.0015367793870109353 14.397944781808953 0.09717906123552392 17.286971710895354 0.0 57.735866855588675 8.959666986212094 0.9834878289426633 -0.0057237951553918975 17.707368345558407 0.0023232301103939305 -0.7838705364254643 -12.712889067359747 -3.0806949553652068 23.622454063931976 -7.6328553208992505 17.991812677199608 -0.08522929569851001 -0.4862943183854666 -0.29185242288460556 0.028396796741237317 0.00018833374903516405 -0.0006625964125555281 9.224509282123021 3.205090910156777 2.205090910156777 17.60303569196573 17.60303569196573
3.93401577858 0.001259788869431112 6.952925244384719e-06 0.004251862768399332 0.0007726516564129744 4.219213800747933e-05 9.810689333000605 7.558036228773734 2.2612814965333303 0.001259788869431112 16.351148888334343 0.09202753743198011 19.61243038486767 0.0 65.4239997222674 10.345458790742535 0.9855026857501041 -0.004693614111713984 20.17322286904315 0.001864772191990177 -0.77480847707041 -14.146326164512478 -3.341588029702672 26.6728113590386 -8.842305207578097 20.326661875338957 -0.07976596918116606 -0.473973366018134 -0.29614149694056247 0.026332619859877247 0.00015416204605433822 -0.000540602087283848 10.321662470704256 3.653809769654483 2.653809769654483 20.004958657988826 20.004958657988826
4.03118596831 0.0010282236909302748 4.606923200424201e-06 0.00347472719673697 0.0006245531373012113 3.0075620642841044e-05 11.173005987604334 8.664976289269193 2.702901401925118 0.0010282236909302748 18.621676646007224 0.08708712126660338 22.32457804793234 0.0 74.31856664066402 11.95577042907317 0.9873098498799203 -0.0038325474734666187 23.075123883147814 0.001493054486336226 -0.7658790291490316 -15.784895034850868 -3.633470733063322 30.198819571574713 -10.261577651556756 23.033870334480973 -0.07454426884956926 -0.46189456009704943 -0.30015192157851656 0.024362778955549797 0.00012592332086647074 -0.00043930520294436294 11.57714292556749 4.186890184640113 3.186890184640113 22.808566830647337 22.808566830647337
4.13075626173 0.0008354938352725459 3.0251901634322145e-06 0.002826075713556386 0.0005026241919737006 2.1280116657307403e-05 12.76135201989864 9.96026863621282 3.2282236065490224 0.0008354938352725459 21.2689200331644 0.08235529292893799 25.49714363971342 0.0 84.64162624662023 13.833518945400257 0.9889255835269833 -0.0031158990163220324 26.505099685205813 0.0011921337073974507 -0.7570892491681471 -17.663328475699434 -3.960937433156241 34.286643220201746 -11.931975420878338 26.182156280369963 -0.06956105188283312 -0.45006466981358295 -0.3039086803382416 0.02248759507009848 0.00010260991383970311 -0.00035552473207575084 13.017723187037348 4.821868013795299 3.8218680137952994 26.090788046959698 26.090788046959698
4.2327859414 0.0006758112791848862 1.9684354842727637e-06 0.0022874193369120037 0.00040269133922279406 1.4943224270547938e-05 14.61883278132863 11.480551128883622 3.8548057955508206 0.0006758112791848862 24.364721302214384 0.07782928146030996 29.219527097765205 0.0 96.661009703909 16.0307173623897 0.9903655260301024 -0.002522044178068228 30.577919550919948 0.0009489936341320488 -0.7484452916015103 -19.823083303461722 -4.329396510489074 39.040095815127856 -13.903782460731021 29.85450895202706 -0.06481271324945914 -0.4384892848381949 -0.30743396258524747 0.020707055620917618 8.338666961229959e-05 -0.0002865103570897915 14.67537451291347 5.580232759850158 4.580232759850158 29.944954062064543 29.944954062064543
4.33733575415 0.0005441184812700984 1.268939904464602e-06 0.0018423846295310482 0.00032115918937673045 1.0412564791355321e-05 16.797750422061686 13.270394949143265 4.604210372819576 0.0005441184812700984 27.996250703436143 0.0735060183840763 33.60046107625572 0.0 110.70072862284574 18.610597066428618 0.9916446334919287 -0.002032133877376552 35.43752901990322 0.0007529834612666308 -0.7399523795737393 -22.313795224621018 -4.7452365767767395 44.58464591397603 -16.238399127041397 34.15146384378192 -0.060295219863565105 -0.42717288305665513 -0.3107473626397076 0.019020798652202787 6.756080653292988e-05 -0.00022989402491361985 16.58839521053989 6.488392426524918 5.488392426524918 34.48464312996106 34.48464312996106
4.44446794728 0.00043601888954412335 8.102762267724941e-07 0.0014765817783442012 0.00025494682560009635 7.198534586811569e-06 19.361765696565485 15.38419132953927 5.502994515175441 0.00043601888954412335 32.26960949427581 0.06938210629167879 38.77260400945126 0.0 127.15396845504368 21.650242704351108 0.9927771319075078 -0.0016298141029356117 41.26546173007597 0.0005953747917956178 -0.7316148008772396 -25.19508019106201 -5.216030900381999 51.07241823261953 -19.01102827085509 39.195198966635445 -0.05600414339341324 -0.41611889560176935 -0.31386609117253406 0.017428105912627428 5.45569195721661e-05 -0.00018364520391121882 18.80280873834372 7.5788924696034385 6.5788924696034385 39.84850196387925 39.84850196387925
4.55424630557 0.00034771026055882727 5.124063942745846e-07 0.0011774552036280873 0.00020142805181614415 4.936635919399516e-06 22.38861348195113 17.888526055785846 6.583963854411323 0.00034771026055882727 37.314355803251885 0.06545380102931306 44.89831965766321 0.0 146.49936376074652 25.243920821481225 0.9937764820973589 -0.001300962510092596 48.291802708053275 0.00046900876182612804 -0.72343591173885 -28.538772052660264 -5.750789749089039 58.688457250135244 -22.31406438270093 45.134674452303216 -0.051934691901521175 -0.4053297690698651 -0.3168051801588927 0.01592790374667119 4.3896368694218786e-05 -0.00014602993234590149 21.374101446883355 8.891959911752672 7.8919599117526715 46.20631571500456 46.20631571500456
4.66673618932 0.00027592138916940774 3.208479042003757e-07 0.000934125076604158 0.0001583759529187898 3.357717864130233e-06 25.973525422923363 20.865177951292726 7.887765191134413 0.00027592138916940774 43.289209038205605 0.06171700526357805 52.17697422934002 0.0 169.32144140169925 29.507278030609598 0.9946553571151127 -0.0010334423145650362 56.80936077731949 0.00036801259396933067 -0.7154181525958281 -32.43171153785468 -6.360273054896526 67.65859877642804 -26.26138413277015 52.15210320631904 -0.048081740480421374 -0.3948070258370543 -0.3195776844442083 0.014518770844922152 3.518037394785957e-05 -0.00011557363518835837 24.369389738222438 10.477465758419974 9.477465758419974 53.76667479662558 53.76667479662558
4.7820045732 0.00021785267909368207 1.9888300439537228e-07 0.0007372262304141373 0.00012391200650999524 2.2646795756566e-06 30.233558503235848 24.414918505647524 9.464917415163619 0.00021785267909368207 50.38926417205975 0.05816727248162241 60.854181587223366 0.0 196.33640173056423 34.582621700164594 0.9954256292394051 -0.00081687429463706 67.191687930675 0.0002875702756931544 -0.7075630873067906 -36.97923421280239 -7.057379303441638 78.25939676062734 -30.99379751343199 60.471125727407035 -0.04443986105857875 -0.38455132198434117 -0.32219489102781174 0.013198951927006082 2.8076202645639693e-05 -9.102759411907194e-05 27.870132588567586 12.397428292918455 11.397428292918455 62.7866924649782 62.7866924649782
4.90012008615 0.0001711208375819578 1.2201617907833936e-07 0.0005787493350188969 9.645982399523399e-05 1.5143981960606697e-06 35.31308855048907 28.662342730813933 11.378408215899015 0.0001711208375819578 58.855147584148455 0.054799819602991254 71.23355580004747 0.0 228.42473428594428 40.64566380227663 0.9960983672665212 -0.0006424265902822412 79.91529567334551 0.00022373588216437277 -0.6998714359378146 -42.30954781222018 -7.857631116307827 90.8306849711762 -36.68599485189799 70.36717310886831 -0.041003351528910235 -0.3745625034475931 -0.32466650589993973 0.011966376473047727 2.230589640460446e-05 -7.133889015741853e-05 31.975537387027746 14.729214854209218 13.729214854209218 73.58436243835767 73.58436243835767
5.02115305228 0.0001337078524474322 7.407352121433915e-08 0.0004518879700877249 7.470347091555549e-05 1.0038375656571716e-06 41.39080721494724 33.762033735400124 13.707027241708083 0.0001337078524474322 68.98467869157874 0.05160954689474735 83.69170593328681 0.0 266.67261862012526 47.9140863698018 0.9966838425376079 -0.0005026222947286385 95.58556094887697 0.00017328082410008802 -0.6923431272221157 -48.57924527704775 -8.779783972975741 105.79153125085179 -43.55543375975501 82.18065221985034 -0.03776626433515156 -0.36483966095134346 -0.3270008439760438 0.010818681658891332 1.763707782111234e-05 -5.562361140978433e-05 36.806852559273054 17.569653123676503 16.569653123676503 86.55433181525524 86.55433181525524
5.14517553267 0.00010391430443493643 4.448730475099676e-08 0.0003508940950127382 5.7550219487019444e-05 6.594686372479093e-07 48.68866615420609 39.90645747124769 16.54965933728215 0.00010391430443493643 81.14777692367682 0.048591064190662496 98.69743626095897 0.0 312.4246905754317 56.65846658658243 0.9971915414912063 -0.00039116463988797534 114.96384507911374 0.00013356830460381757 -0.6849773603275802 -55.9802732219054 -9.84659237674323 123.66057430672797 -51.873747980482165 96.33378245239645 -0.03472243463695862 -0.3553811831954104 -0.3292050124922822 0.009753238682318957 1.387543672584045e-05 -4.3143089386322674e-05 42.51279738305115 21.040328443434916 20.040328443434916 102.18810536711173 102.18810536711173
5.27226136833 8.0316980461738e-05 2.6426262534767454e-08 0.0002709435689348411 4.409751771252423e-05 4.292868078139525e-07 57.483353098748985 47.336110265284105 20.03083303581805 8.0316980461738e-05 95.80558849791498 0.04573872171067525 116.83642153373303 0.0 367.35151831804075 67.21634374090188 0.9976301858205314 -0.0003027788634621942 138.9895465715928 0.00010244976705377714 -0.6777726639992832 -64.74877271301152 -11.085778145024728 145.08204331003702 -61.98144571969868 113.35217496930954 -0.031865508139599256 -0.3461848091315149 -0.3312850760043058 0.008767181714450078 1.0858566048930495e-05 -3.328292181873701e-05 49.27645481212205 25.294432186782828 24.294432186782828 121.10002068469781 121.10002068469781
5.40248622413 6.17306824573549e-05 1.552238112551469e-08 0.00020801269429858828 3.3603910764137024e-05 2.7684523437270447e-07 68.12107232021289 56.3526119846125 24.307919491416115 6.17306824573549e-05 113.53512053368816 0.04304664489735706 138.84304002510427 0.0 433.53622260327495 80.01028299072006 0.9980077572793814 -0.00023307037538167208 168.7846631335253 7.817923818526507e-05 -0.6707269684297881 -75.17633765625267 -12.531259251981098 170.85917631792583 -74.30691941502013 133.89259661917254 -0.02918896865489583 -0.3372476791230628 -0.3332462189313431 0.007857438752495154 8.450880769477026e-06 -2.5534541840744547e-05 57.324055784237665 30.525650147547708 29.525650147547708 144.06077068123585 144.06077068123585
5.53592763387 4.7174070246116886e-05 9.013589220059107e-09 0.00015876620286208048 2.5463620622402753e-05 1.7683742016665937e-07 81.03665487564646 67.33566460896068 29.580506722658612 4.7174070246116886e-05 135.0610914594108 0.04050877174083663 165.6415981820694 0.0 513.5861123300169 95.57122835917515 0.9983315275107844 -0.00017839818490283932 205.62110877654598 5.9342321655237495e-05 -0.6638376777620305 -87.62440711267085 -14.22471595096411 201.99730787165507 -89.3911239037915 158.77882916971606 -0.026686165426411532 -0.3285663852291809 -0.3350928943479472 0.007020763697745255 6.5394018897080204e-06 -1.94790974140253e-05 66.93621641224428 36.97974039400145 35.97974039400145 172.04083185341224 172.04083185341224
5.67266504642 3.5839333837477905e-05 5.173034962870296e-09 0.00012045670025090994 1.9184474264589987e-05 1.1185836553762524e-07 96.77836466950855 80.7651039365441 36.1026536819372 3.5839333837477905e-05 161.29727444918092 0.03811889198132002 198.39992813111812 0.0 610.7771123502306 114.5688255310106 0.9986080910379206 -0.00013576279738636288 250.8286470023304 4.47972527013469e-05 -0.6571017442026568 -102.54273608686482 -16.21759535813338 239.75964418731036 -107.91973867263277 189.04816795506474 -0.024350340226013005 -0.320137020467813 -0.3368289609374576 0.006253769035407178 5.030234074526825e-06 -1.4773416338855953e-05 78.46236973812944 44.969672588634694 43.969672588634694 206.2669470378156 206.2669470378156
5.81277987307 2.7065458943287612e-05 2.933528342242557e-09 9.083527609013232e-05 1.4368866391033229e-05 7.005313588962139e-08 116.04022845644191 97.24968939997503 44.1989713237343 2.7065458943287612e-05 193.4003807607365 0.035870687063999054 238.5993520844708 0.0 729.2413703851213 137.85089349054812 0.9988434017749523 -0.00010270745459184383 305.638569272846 3.3625930777505584e-05 -0.6505157414778351 -120.49319562081817 -18.573688502441787 285.73975495314534 -130.7652505725136 226.01196085913966 -0.02217465419865541 -0.31195522744433263 -0.33845780657891067 0.005552958544551937 3.845602015601163e-06 -1.1137844363605033e-05 92.33937419240883 54.89550134715529 53.89550134715529 248.2958821078918 248.2958821078918
5.95635553593 2.0314828166973745e-05 1.643308045012393e-09 6.80727652285568e-05 1.0697446742967007e-05 4.3426734823694725e-08 139.70434542313842 117.56484600716729 54.285812722388926 2.0314828166973745e-05 232.84057570523072 0.03375777019590996 288.12638842761964 0.0 874.2119704601876 166.49503824683418 0.9990428101711857 -7.723190466535357e-05 371.01350912060246 2.5093241425557384e-05 -0.6440759434501144 -142.18056508156926 -21.37245809360944 341.95618296520195 -159.04224431866027 271.33475384623034 -0.0201522144067826 -0.30401624587930715 -0.33998246566614215 0.004914759523926387 2.9213408262299952e-06 -8.345757575406911e-06 109.11560725997123 67.27056128189582 66.27056128189582 300.11113698712654 300.11113698712654
6.10347751767 1.5152887710107442e-05 9.091084542226233e-10 5.069099139602727e-05 7.915232913124562e-06 2.6641638413548307e-08 168.89649043769825 142.70234794451193 66.899305894918 1.5152887710107442e-05 281.4941507294971 0.03177372571843017 349.3934566244151 0.0 1052.3434631326804 201.87647749615823 0.9992111032471139 -5.771735714787951e-05 447.59906820331054 1.8613288466921512e-05 -0.6377783920317812 -168.49253718877304 -24.71335517059315 410.97643941743223 -194.18034241887597 327.13819587485835 -0.018276100000833167 -0.2963149592285969 -0.3414057154460368 0.004335554076525563 2.2047589133160195e-06 -6.214564041803858e-06 129.48228868793512 82.75613080143052 81.75613080143052 364.2502815309276 364.2502815309276
6.25423341236 1.1230604365002948e-05 4.965491383930921e-10 3.750323187931865e-05 5.81986475694827e-06 1.6171133716067852e-08 205.05950266917498 173.93600475606235 82.73259920728674 1.1230604365002948e-05 341.7658377819583 0.029912147201698557 425.498436989245 0.0 1272.1334971001077 245.75745937027654 0.9993525437453914 -4.2861872057819994e-05 535.970945715887 1.372140286087537e-05 -0.6316189690988674 -200.55191361463486 -28.721444280809592 496.0802169567652 -238.0208447382496 396.1380400417733 -0.016539387920890276 -0.2888459404097668 -0.34273016681704194 0.00381170905380099 1.6528111607637142e-06 -4.598024291187401e-06 154.31437917480687 102.20750070982712 101.20750070982712 443.9733384917854 443.9733384917854
6.40871297764 8.269438813880476e-06 2.676935753866078e-10 2.756308579583072e-05 4.251734918653126e-06 9.709465399116315e-09 250.0505735841786 212.90888320951723 102.6855573779219 8.269438813880476e-06 416.75095597363105 0.028166673748907904 520.436513351553 0.0 1544.4799260122186 300.4056808491436 0.9994709101691108 -3.1624935856733316e-05 637.232932984524 1.0050988964746866e-05 -0.6255934628262247 -239.7850018120626 -33.55476818235629 601.4751688502973 -292.9453213914263 481.8255755390687 -0.01493517801689597 -0.28160349610921065 -0.34395834178115653 0.0033396043190093852 1.2305335617673456e-06 -3.379733509752867e-06 184.72421287666623 126.73545979980935 125.73545979980935 543.4864157734404 543.4864157734404
6.56700818819 6.048567724700232e-06 1.4240318673072335e-10 2.012091232025739e-05 3.0857504401224826e-06 5.765312258330743e-09 306.27079755662925 261.74964276023996 127.93135790182333 6.048567724700232e-06 510.4513292610488 0.02653102399776282 639.3826871628721 0.0 1883.4201536152102 368.75195100349447 0.9995695366127545 -2.318030293579909e-05 753.7837650365435 7.314425677572642e-06 -0.6196976245751351 -288.01164010595085 -39.414035910264 732.5834678266301 -362.04747993975104 588.7089790295033 -0.013456617460893067 -0.27458171005835724 -0.345092734213842 0.0029156590462833666 9.097011967690142e-07 -2.4676219095497757e-06 222.13213856558133 157.7887122166743 156.7887122166743 668.240041477723 668.240041477723
6.72921329044 4.394097794359056e-06 7.472773359273803e-11 1.4587013581694659e-05 2.2245017217104407e-06 3.3846839234083733e-09 376.83847473920156 323.228414641866 160.0061440349591 4.394097794359056e-06 628.064124565336 0.024999027586358764 789.0702686002951 0.0 2307.1168892134956 454.600768255478 0.9996513505516247 -1.6876227942219657e-05 889.9619961140619 5.287366367515048e-06 -0.6139272280982953 -347.56422715569573 -46.55542887167018 896.4241154790899 -449.363924240884 722.6358528382797 -0.012096924315627916 -0.2677744847782845 -0.34613586709206867 0.0025363558289607673 6.676791942127187e-07 -1.7893425319005677e-06 268.35999091375396 197.2648582028795 196.2648582028795 825.3289827682155 825.3289827682155
6.89542485871 3.1700287904037156e-06 3.8671934564350654e-11 1.0500764218291784e-05 1.5926367811827454e-06 1.964146748326931e-09 465.8220290111967 400.96663706147655 200.9302616015084 3.1700287904037156e-06 776.3700483519946 0.023564653612511727 978.300309953503 0.0 2839.178608359919 562.9131774288032 0.9997189104621794 -1.2202052641185901e-05 1052.446799733709 3.7958847956502947e-06 -0.6082781167956988 -421.4458289939346 -55.307611842645464 1102.125385294007 -560.1854085195938 891.2262754383947 -0.010849410117739506 -0.2611755817042129 -0.34709033303884534 0.002198262424270482 4.864415866827433e-07 -1.2884278569803397e-06 325.7553369420125 247.66051065028432 246.66051065028432 1024.030559002279 1024.030559002279
7.06574185272 2.2707389243337923e-06 1.973017097580454e-11 7.504933049226582e-06 1.1322600760392707e-06 1.1263687573891808e-09 578.554547879862 499.7208729374513 253.37298003898525 2.2707389243337923e-06 964.2575797997699 0.022222036119391886 1218.6305598387553 0.0 3510.436773419453 700.1884161203425 0.9997744417507022 -8.76040405550782e-06 1250.551743292956 2.705999686935036e-06 -0.6027462461184196 -513.5411859045969 -66.0944427304642 1361.6149937548696 -701.4786633250677 1104.4570188574412 -0.009707501334542377 -0.2547786596787853 -0.3479588260355791 0.001898051013686634 3.5173714787378296e-07 -9.211083859441086e-07 397.3574139550997 312.2753055483156 311.2753055483156 1276.5328853480855 1276.5328853480855
7.24026567648 1.6147837667955e-06 9.920936138875756e-12 5.324494226178795e-06 7.991957234190117e-07 6.381545639249582e-10 722.0606252157974 625.7685669554631 320.87737069244076 1.6147837667955e-06 1203.4343753596622 0.02096549622684854 1525.311746052103 0.0 4361.349637739432 874.9811813856525 0.9998198701955772 -6.244250587705835e-06 1496.6546029462472 1.9151816676701686e-06 -0.5973277214705632 -628.899678138144 -79.46544470764988 1690.5541960142336 -882.460847825215 1375.453560618104 -0.008664759555721425 -0.24857731152756163 -0.3487441656924132 0.0016325149069938603 2.52384059346381e-07 -6.536973713489108e-07 487.1198206545715 395.49048712289596 394.49048712289596 1598.9248624825582 1598.9248624825582
7.41910023869 1.139818706192594e-06 4.915008593432383e-12 3.7492838435751436e-06 5.599744809870782e-07 3.5710414267449616e-10 905.6384992857294 787.4349655037435 408.16881328872 1.139818706192594e-06 1509.397498809549 0.019789561075754414 1918.566312098269 0.0 5445.269776499052 1098.6065594095833 0.9998568543806565 -4.418049170062943e-06 1806.957863798196 1.3455062392014727e-06 -0.5920188272683085 -774.1166619306285 -96.13690596171416 2109.6083408806553 -1115.3857195362627 1721.5691649415403 -0.007714900289681057 -0.24256509858545983 -0.3494493106336783 0.0013985826633301076 1.7967737281122783e-07 -4.604563555514654e-07 600.2108420711064 503.1511857172866 502.1511857172866 2012.5486845268356 2012.5486845268356
7.60235201459 7.984740548068929e-07 2.398311129589404e-12 2.619919827157292e-06 3.894220858371096e-07 1.9731946824144123e-10 1141.6580436243325 995.8165242791235 521.5803596953378 7.984740548068929e-07 1902.7634060405544 0.018688979357766915 2425.3437657358922 0.0 6832.908454061071 1386.105261190447 0.9998868153176638 -3.1024310294114343e-06 2202.7066153237965 9.381674084193761e-07 -0.5868160508049218 -957.8499631336491 -117.04760614381892 2646.183922634502 -1416.625008223191 2165.8626017162956 -0.006851810245144482 -0.2367355831328518 -0.3500773652410406 0.0011933296446495218 1.2689489127190573e-07 -3.2186605049488633e-07 743.4205165939478 643.0936207299951 642.0936207299951 2545.8570267705495 2545.8570267705495
7.79013010935 5.550308170906364e-07 1.1522662234639441e-12 1.8164653692603537e-06 2.6874335768600384e-07 1.0762927548939609e-10 1446.6603579859923 1265.779241521966 669.6422285880844 5.550308170906364e-07 2411.1005966433204 0.017658733711663564 3081.742825231405 0.0 8618.467203391658 1757.5723170323886 0.9999109640696505 -2.1618292445069187e-06 2711.9818995592154 6.491102009264359e-07 -0.5817160996292614 -1191.5230335658916 -143.4347808234997 3336.81581988572 -1808.163541763233 2739.132335946987 -0.00606956299342278 -0.2310823584826165 -0.35063157931740063 0.0010139870547874372 8.888842464230446e-08 -2.232363033032912e-07 925.7152232423991 825.8758988957607 824.8758988957607 3236.976495539081 3236.976495539081
7.98254632305 3.8276343743983366e-07 5.449029378103207e-13 1.2493776456265244e-06 1.8401177717236269e-07 5.793655463218903e-11 1842.8810385361528 1617.343730859836 863.9030485238536 3.8276343743983366e-07 3071.4683975602547 0.016694049816929887 3936.3714460841084 0.0 10928.104275958984 2239.9958831089266 0.999930327767376 -1.4945548336697811e-06 3372.2401563441454 4.45577846609569e-07 -0.5767159121905583 -1490.2872674652722 -176.9382402052267 4230.465618556327 -2319.6773719725325 3482.731688981932 -0.005362432923119943 -0.2255990768151565 -0.3511153408205679 0.0008579485513180319 6.174856798041873e-08 -1.5359745916263466e-07 1158.9972209960729 1065.7963417471115 1064.7963417471115 4137.264739307366 4137.264739307366
8.17971521723 2.6183321453857126e-07 2.5354422558636767e-13 8.523424298956289e-07 1.2498801609814657e-07 3.076874747547649e-11 2360.3718813295804 2077.617306103299 1120.080115296842 2.6183321453857126e-07 3933.953135549301 0.015790402605497075 5055.033250846143 0.0 13931.68916226854 2869.815638727118 0.9999457726899205 -1.0249316639843187e-06 4233.86649633934 3.03401859074486e-07 -0.5718126647439519 -1874.3460744685472 -219.7438718475994 5393.103617668302 -2991.437884795031 4452.486064772838 -0.004724907419178227 -0.22027947446787607 -0.3515321653444117 0.0007227745468345145 4.253225813483403e-08 -1.048233154102694e-07 1459.1504821190013 1382.3201015489294 1381.3201015489294 5316.27323709823 5316.27323709823
8.3817541831 1.77632262279419e-07 1.1603845015679747e-13 5.766504887545102e-07 8.420314452736542e-08 1.6116534651893313e-11 3039.972604037273 2683.5040900996387 1459.6793053513866 1.77632262279419e-07 5066.621006728788 0.014943519508692537 6527.300312080175 0.0 17859.213482830943 3696.5025197890186 0.9999580255252337 -6.970905044312303e-07 5365.148316623831 2.0489126936972295e-07 -0.5670037705922599 -2370.7867122109947 -274.7825474599778 6914.109633476138 -3878.392626936673 5724.174061526892 -0.004151697218014497 -0.21511739483292855 -0.351885678668827 0.0006061943419151066 2.9043425096280098e-08 -7.094304801906701e-08 1847.4886267473491 1802.0887072561954 1801.0887072561954 6868.709713984984 6868.709713984984
8.58878351142 1.1949274936689644e-07 5.2216170892348543e-14 3.8682259325846056e-07 5.625301226552648e-08 8.323471773221748e-12 3937.4968519732092 3485.5280686745277 1912.2892607979002 1.1949274936689644e-07 6562.494753288683 0.014149381123320927 8475.784014086583 0.0 23023.83398484203 4787.595763728345 0.999967692071165 -4.701272064977502e-07 6859.2708004227325 1.3720147648321834e-07 -0.5622868771177423 -3016.128826124013 -346.0074191117518 8915.265587001542 -5055.932142293076 7401.240561899423 -0.0036377449123256955 -0.21010680867459486 -0.3521795983159408 0.0005061062530889021 1.9658098198449693e-08 -4.76059832563307e-08 2352.7708337128597 2361.766668290229 2360.766668290229 8924.26142157891 8924.26142157891
8.80092646415 7.96895642979149e-08 2.3094046429636488e-14 2.572361221243102e-07 3.725967767215685e-08 4.237122388271691e-12 5129.663029517337 4553.257468494485 2518.8491455176154 7.96895642979149e-08 8549.438382528895 0.013404219426833792 11069.28752804651 0.0 29854.41737318518 6235.831964094847 0.9999752752994964 -3.143310713937808e-07 8844.216837596181 9.108399667973214e-08 -0.5576598562348374 -3859.8904636226334 -438.78277743653507 11563.462988665056 -6628.086512452721 9625.713932535422 -0.0031782316010064843 -0.20524183199730228 -0.35241770990646365 0.00042057591579216147 1.318633553548447e-08 -3.166887983226652e-08 3014.0246061361604 3112.0969203023506 3111.0969203023506 11661.535302831246 11661.535302831246
9.01830934781 5.267649379503955e-08 1.0035048725843177e-14 1.6954741349598228e-07 2.4463825828022805e-08 2.1253478581518532e-12 6722.547308217914 5983.046946139075 3336.3305348010363 5.267649379503955e-08 11204.245513696524 0.012704513827071225 14541.57604849756 0.0 38941.780134040266 8169.295335135352 0.9999811897190217 -2.0831511848840023e-07 11496.866949527403 5.993621419416155e-08 -0.5531207931424342 -4969.607058138475 -560.4326335251023 15088.767058143105 -8739.244306767065 12593.750459475632 -0.002768581701134289 -0.20051674142188736 -0.3526038434054286 0.00034783295508645086 8.76432346011189e-09 -2.0880504483408295e-08 3884.5215444465825 4123.71246734787 4122.71246734787 15327.957981044394 15327.957981044394
9.24106158871 3.450648539826775e-08 4.282439288508497e-15 1.1074019826705318e-07 1.5918989253159048e-08 1.0501140442246423e-12 8863.704809356013 7909.155120538753 4444.485735484619 3.450648539826775e-08 14772.84134892669 0.012046985257037972 19218.327084411307 0.0 51104.78871772605 10765.956993303711 0.9999857759238406 -1.3680717447783763e-07 15063.20981963857 3.908538637658205e-08 -0.5486679709725375 -6437.93777819928 -721.0193756516392 19810.252004817095 -11591.009052869158 16577.90209486785 -0.0024044659598834667 -0.19592598715697673 -0.3527418470083861 0.00028626622510216827 5.770917236004855e-09 -1.364274765256775e-08 5037.410655890405 5495.514765985103 5494.514765985103 20268.356114911792 20268.356114911792
9.46931580995 2.2395643475646808e-08 1.794065006019457e-15 7.166180166168175e-08 1.026417162739494e-08 5.10906188740012e-13 11759.659039558655 10519.808221311554 5955.634507272112 2.2395643475646808e-08 19599.43173259776 0.011428588675596664 25556.066239869873 0.0 67485.44190264634 14274.631988122046 0.999989309963345 -8.901914183567783e-08 19887.49758880731 2.5253939075588406e-08 -0.5442998544175404 -8392.78909113344 -934.4559060243579 26173.180958575744 -15466.595671774085 21959.214251935187 -0.0020818027239795866 -0.19146420360525152 -0.35283556179314673 0.00023441782286002198 3.763757416605888e-09 -8.831376320596934e-09 6573.749225977983 7366.826825660501 7365.826825660501 26966.25855825826 26966.25855825826
9.70320791045 1.4398367610161675e-08 7.375275198148632e-16 4.5935588059059766e-08 6.556296650860703e-09 2.446756123875519e-13 15701.297843623905 14080.557807994917 8028.946471656996 1.4398367610161675e-08 26168.829739373174 0.010846504060972404 34198.77621103017 0.0 89686.51829422616 19045.379069806455 0.9999920163470633 -5.7379212936581325e-08 26454.576972057504 1.616377748664189e-08 -0.5400150684754457 -11011.827066048543 -1220.104215565452 34802.85312246491 -20766.362953943222 29273.787774633613 -0.001796757542242206 -0.18712621770049462 -0.35288879339573803 0.00019097608252896815 2.430884613979709e-09 -5.662800512305974e-09 8634.023383091739 9935.132440291309 9934.132440291309 36103.96217966448 36103.96217966448
9.94287714584 9.167589748909226e-09 2.9738835210021036e-16 2.916071316637341e-08 4.1478775344477794e-09 1.1529944194968162e-13 21100.99050895651 18968.465505951608 10891.41888884578 9.167589748909226e-09 35168.31751492752 0.010298126391161752 46060.7364037733 0.0 119972.14972494758 25573.88466497593 0.9999940762846309 -3.6626340627066156e-08 35451.75438798341 1.0246192802423464e-08 -0.5358123807066724 -14543.414495852036 -1605.088125547031 46583.09839258557 -28059.900838244517 39280.76332187875 -0.0015457411933253408 -0.18290705529404694 -0.35290528878628497 0.000154767753359821 1.5544827815877076e-09 -3.595990223531518e-09 11414.78087765805 13482.136212472797 13481.136212472797 48650.453727400316 48650.453727400316
10.1884662113 5.77952125279977e-09 1.1756618832091104e-16 1.8329039147809523e-08 2.598540804197792e-09 5.344269656427486e-14 28547.197059944097 25722.465827157626 14868.891378951623 5.77952125279977e-09 47578.661766573496 0.009781054644996491 62448.55314552512 0.0 161562.04553522207 34566.699111203256 0.9999956309395093 -2.3163221563038405e-08 47859.81385621303 6.4312055584439325e-09 -0.5316906789628111 -19337.01537480107 -2127.6614994751117 62771.46377823681 -38162.89099061858 53062.24533157965 -0.001325406244621747 -0.1788019451232304 -0.3528887106763593 0.00012474955822072397 9.840029236781511e-10 -2.2609732711098677e-09 15192.802011663314 18412.299283863853 18411.299283863853 65990.96105043736 65990.96105043736
10.4401213268 3.606808735353243e-09 4.554650918016268e-17 1.140450560747404e-08 1.6116482739677328e-09 2.4356064164195647e-14 38885.361256295844 35118.068124402984 20432.208785642426 3.606808735353243e-09 64808.93542715974 0.009293080163728287 85242.14421280217 0.0 219066.0479418531 47037.776540895866 0.9999968061669408 -1.4469927478444333e-08 65087.840443422065 3.9960782905121896e-09 -0.5276489472942729 -25887.644146092913 -2842.1469176119112 85169.39585691583 -52251.291654183544 72171.17226188083 -0.001132642260330773 -0.17480632164919088 -0.3528426111751544 9.999932037427346e-05 6.164570253889032e-10 -1.4072281516608512e-09 20360.460429756098 25310.206987183046 25309.206987183046 90119.14241434279 90119.14241434279
10.6979923235 2.227644014252728e-09 1.728373051090703e-17 7.022762126544966e-09 9.893409933003922e-10 1.0909668937078484e-14 53338.57238953942 48278.93151741414 28266.407239380424 2.227644014252728e-09 88897.62064923237 0.008832174732539638 117165.02788861279 0.0 299130.46015285817 64452.32424419519 0.9999976732630385 -8.97722163273329e-09 89174.32455835503 2.4574571710523627e-09 -0.5236862572326384 -34901.29342445057 -3826.227274472085 116375.43142790782 -72032.15107548144 98851.66508979475 -0.0009645697861920519 -0.17091582531926414 -0.3527704229361529 7.97068343797961e-05 3.821282101143896e-10 -8.668127375595e-10 27477.81077867544 35026.56334654278 35025.56334654278 123924.18399577515 123924.18399577515
10.9622327339 1.3612998525229933e-09 6.421243197478695e-18 4.278884988908764e-09 6.009683848999735e-10 4.8009249531371995e-15 73688.83106912764 66844.69707414447 39375.13265494678 1.3612998525229933e-09 122814.71844854607 0.00839647817886238 162190.85110349284 0.0 411406.22495939536 88942.71965021417 0.9999983200887731 -5.500262023616642e-09 123089.27260766145 1.4953537347318737e-09 -0.5198017298851791 -47391.917934687845 -5191.78756530179 160164.56883983628 -100000.93846526883 136369.7174701665 -0.0008185332451922905 -0.167126301754665 -0.3526754226302522 6.316464268283667e-05 2.3432354549917434e-10 -5.282921894943321e-10 37349.85039129022 48808.00008049572 48807.00008049572 171622.7185290418 171622.7185290418
11.2329998825 8.228827887167349e-10 2.334443116132431e-18 2.5789188341333615e-09 3.611427392083999e-10 2.0747473542231342e-15 102551.34508066684 93225.2845949167 55239.38046178993 8.228827887167349e-10 170918.90846777806 0.007984286317537993 226159.288929568 0.0 570009.8660512351 123634.90601517845 0.9999988026130351 -3.314815977262242e-09 171191.3674909193 9.001201212860902e-10 -0.515994531759064 -64826.22770836724 -7101.152098821513 222060.8585816362 -139832.04018194423 189513.10864277525 -0.0006920928836051701 -0.16343380001348234 -0.3525607284307655 4.975886393379184e-05 1.4210867802434285e-10 -3.1849639356791436e-10 51141.95011385812 68494.44957000745 68493.44957000745 239413.3580377855 239413.3580377855
11.5104549795 4.919104448039384e-10 8.3005512263998525e-19 1.537160123149383e-09 2.1464280391220503e-10 8.801269677016241e-16 143792.6955660571 130989.0657449866 78060.59711321897 4.919104448039384e-10 239654.49261009519 0.0075940387213214 317716.08972331416 0.0 795744.5738068792 173145.50945856413 0.9999991390767522 -2.0077295381781823e-09 239924.91278888704 5.358520200984953e-10 -0.5122638605144951 -89341.44753955687 -9791.582084545882 310208.06907627324 -196975.72653986013 265352.7689029754 -0.0005830159086437863 -0.15983456829429732 -0.352429290212468 3.896020150680323e-05 8.52151797703706e-11 -1.8989183816697265e-10 70553.57646617807 96821.46201348962 96820.46201348962 336475.9546235848 336475.9546235848
11.7947632175 2.9072507623457375e-10 2.8850969160917947e-19 9.058609057392041e-10 1.2613894819326067e-10 3.6633021702120944e-16 203173.2059784214 185459.90686459478 111135.78417551232 2.9072507623457375e-10 338622.0099640357 0.007224306975760107 449758.79413954803 0.0 1119502.7534991214 244344.90972768498 0.9999993904887527 -1.1928555920803774e-09 338890.44814487436 3.154010687687252e-10 -0.5086089110397194 -124075.2781262527 -13612.515419456395 436703.709671834 -279577.6795846136 374411.18788833055 -0.0004892669593298372 -0.15632504990943885 -0.35228385993742456 3.031524286331081e-05 5.051208499562148e-11 -1.1193507409583362e-10 98081.69970779828 137886.75530606578 137885.75530606578 476508.7652701015 476508.7652701015
12.086093869 1.698277050249202e-10 9.79732211128166e-20 5.276525612222795e-10 7.327559730446654e-11 1.49537284346825e-16 289341.42762904096 264642.64256589196 159440.7943996993 1.698277050249202e-10 482235.7127150683 0.006873783377517526 641677.5071147676 0.0 1587519.5513719046 347537.35035249026 0.9999995745460339 -6.960396703448168e-10 482502.22547273117 1.8350079676620877e-10 -0.5050288851157827 -173669.7205604283 -19082.614118787344 619658.9956438908 -399906.4291712382 532469.5038729747 -0.00040899805024136504 -0.15290187780249057 -0.3521270066172525 2.343814186331126e-05 2.9589814189956135e-11 -6.521799199530368e-11 137423.2829288225 197875.82955785026 197874.82955785026 680111.5422729186 680111.5422729186
12.3846203876 9.802617228190056e-11 3.248663253315645e-20 3.0370946962793354e-10 4.2065418820540835e-11 5.983730096519832e-17 415386.0608870792 380669.07856259996 230544.5288249196 9.802617228190056e-11 692310.1014784654 0.006541269985672688 922855.630303385 0.0 2269549.4547841544 498301.1048772865 0.9999997092702811 -3.9601832924063274e-10 692574.7445471416 1.0549901095888869e-10 -0.5015229691525676 -245046.43847919538 -26977.8459307391 886405.2110356252 -576586.8270635343 763384.7102216928 -0.00034053812380758445 -0.14956186795633178 -0.3519611008002172 1.8002757732809042e-05 1.712539958300478e-11 -3.754824949103407e-11 194095.10955715974 286199.3991501221 286198.3991501221 978509.5006285874 978509.5006285874
12.6905205112 5.5893001567523856e-11 1.0512406790540093e-20 1.7269047545376217e-10 2.3857317773354843e-11 2.346016034083317e-17 601277.5831094366 552075.7518647116 336053.39953723096 5.5893001567523856e-11 1002129.3051823943 0.0062256684965257296 1338183.7047196254 0.0 3271696.797192221 720381.2302936565 0.9999998063208435 -2.1876633837791815e-10 1002392.1330742408 5.991975569649367e-11 -0.49809032510010676 -348609.629151149 -38468.58267330237 1278525.319769227 -838123.2010333112 1103517.55354457 -0.0002823823414514778 -0.14630201274605942 -0.35178831213528106 1.3735306487959777e-05 9.789710343958394e-12 -2.1355468501814026e-11 276396.0145868325 417290.8540151401 417289.8540151401 1419420.1591975344 1419420.1591975344
13.0039763678 3.147209347443265e-11 3.3177408158056117e-21 9.69729376265583e-11 1.3363487375411678e-11 9.007645975210834e-18 877741.793431591 807421.8660465995 493912.60094564175 3.147209347443265e-11 1462902.9890526517 0.005925970635302974 1956816.5899982934 0.0 4756718.77318465 1050274.6926463372 0.9999998659217073 -1.2505818602903673e-10 1463164.0548054595 3.361048849665274e-11 -0.494730089842915 -500127.5218227976 -55334.757799190884 1859815.993376982 -1228503.23110268 1608750.2677638205 -0.0002331812368395026 -0.143119473342263 -0.35161061637559365 1.040756356429364e-05 5.525923769994216e-12 -1.1994939806239653e-11 396913.00432433013 613470.3545412014 613469.3545412014 2076373.343593853 2076373.343593853
13.3251745841 1.7495002147585185e-11 1.020612753368565e-21 5.376175459432375e-11 7.390730349295691e-12 3.3852591582631468e-18 1292457.6827735018 1191085.0561417642 732103.5576876216 1.7495002147585185e-11 2154096.1379558365 0.005641249240337745 2886200.695643458 0.0 6976429.221795719 1544561.5543385937 0.9999999153750384 -6.49005293951177e-11 2154355.4929916975 1.8613625878807982e-11 -0.49144136434805574 -723700.2379307074 -80306.38487632928 2728994.7129560714 -1816187.3825167106 2365704.1825685017 -0.0001917298462971898 -0.14001157205330375 -0.3514297922298515 7.830640556461903e-06 3.079053176009362e-12 -6.651587058589397e-12 574898.5750002348 909547.2553389715 909546.2553389715 3063643.393294808 3063643.393294808
13.6543063963 9.598121652626356e-12 3.05833987330544e-22 2.941723315875486e-11 4.034484705501907e-12 1.2446454955487884e-18 1920061.2743211293 1772627.221804886 1094636.38279437 9.598121652626356e-12 3200102.123868549 0.005370650250076579 4294739.506662918 0.0 10323871.107919903 2291728.3946509245 0.9999999395052436 -3.7980285583216755e-11 3200359.8179178326 1.0174262578643569e-11 -0.4882232175736543 -1056481.7659797708 -117607.14434240243 4040157.77900153 -2708655.2821477377 3509827.9380710293 -0.0001569569222602054 -0.13697578413842054 -0.35124743339725367 5.849344608077035e-06 1.6930668182136293e-12 -3.6404543487370305e-12 840055.6551329806 1360280.3563492778 1360279.3563492778 4560382.480217827 4560382.480217827
13.9915677643 5.1952013462454275e-12 8.921485008963445e-23 1.5881686946049625e-11 2.1731111675747713e-12 4.474445553640337e-19 2878437.485553148 2662065.0685639484 1651348.3219152223 5.1952013462454275e-12 4797395.809255247 0.005113385068129079 6448745.131170469 0.0 15418075.481363036 3431409.431998426 0.999999965121725 -1.7845724897824766e-11 4797651.89034097 5.487206409380836e-12 -0.48507467979423957 -1556259.3345904283 -173829.8269694497 6036012.724541407 -4076154.419291247 5254826.143817508 -0.00012791432556692346 -0.13400972960790572 -0.3510649501684881 4.337116318541195e-06 9.184149109743548e-13 -1.9658482345700103e-12 1238616.9152861598 2052578.135020879 2052577.135020879 6849973.944276126 6849973.944276126
14.3371594881 2.7734389928454957e-12 2.5317914726031035e-23 8.456970841094286e-12 1.1545827578680213e-12 1.571929086509203e-19 4355496.097110359 4034996.35273374 2514071.7510966696 2.7734389928454957e-12 7259160.161850599 0.0048687240698927926 9773232.912947267 0.0 23243030.43282434 5185986.847691792 0.9999999899940853 -4.1531222905177856e-12 7259414.676305228 2.9189907591162625e-12 -0.48199474765528727 -2313729.5846104044 -259359.01569375378 9102357.971831655 -6190827.680595202 7940978.276603793 -0.00010376668191726707 -0.13111116500165512 -0.35088358264947905 3.1915311743381106e-06 4.913272924730414e-13 -1.0470454025239676e-12 1843197.809981057 3125632.680823639 3125631.680823639 10384792.842674237 10384792.842674237
14.6912873274 1.4597796575123126e-12 6.984945029550207e-24 4.440270188766206e-12 6.048805056410979e-13 5.3936252337580985e-20 6653592.2358807 6174330.802094457 3863561.432979239 1.4597796575123126e-12 11089320.3931345 0.004635990379530556 14952882.82611374 0.0 35377684.30070995 7912977.31892233 0.9999999753337895 -8.266276552149066e-12 11089573.385641351 1.531087110860561e-12 -0.4789823854618809 -3472566.6480055465 -390704.5428608666 13858234.429683397 -9491782.280513689 12115219.357242923 -8.378137684316528e-05 -0.128277974975934 -0.3507044104776807 2.330340562935012e-06 2.591343909051558e-13 -5.49863896427603e-13 2768914.0365488958 4804456.736876389 4804455.736876389 15893777.13001089 15893777.13001089
15.0541621244 7.57280679463627e-13 1.8721440036264095e-24 2.2978899239777227e-12 3.123659050481289e-13 1.8064670708326228e-20 10263927.799590437 9540264.92267555 5994769.754700575 7.57280679463627e-13 17106546.33265073 0.004414554588139599 23101317.087351304 0.0 54380295.322347775 12192718.367966348 0.9999999880713489 -3.212097254845503e-12 17106797.8463079 7.91592147444948e-13 -0.4760365242008524 -5262539.655043287 -594365.1493338529 21306542.97228431 -14694336.74293444 18665138.111220047 -6.731895250620055e-05 -0.12550816432137413 -0.3505283598762661 1.688021367053717e-06 1.346952471625052e-13 -2.8462170622526716e-13 4199996.639633582 7456280.235455524 7456279.235455524 24562826.568106253 24562826.568106253
15.4259999289 3.870541560170746e-13 4.871307091701029e-25 1.1717071097133774e-12 1.5894658578432236e-13 5.902302718598933e-21 15992396.810233276 14888770.945547752 9393717.937908672 3.870541560170746e-13 26653994.683722127 0.004203830121053543 36047713.6216308 0.0 84437062.18750559 18976584.853372782 1.0000000114005043 2.454481062841296e-12 26654244.76010912 4.032570544054027e-13 -0.473156073033401 -8054697.160723515 -913288.0276236646 33088164.61063505 -22975241.801437046 29045404.500265658 -5.382395860329651e-05 -0.12279985017409265 -0.3503562228617628 1.2127979211410867e-06 6.897617909374764e-14 -1.4516060586075056e-13 6434169.926912924 11686316.744885791 11686315.744885791 38340311.42860792 38340311.42860792
15.8070221271 1.9483734217182304e-13 1.2295955717195294e-25 5.884634371566633e-13 7.966584891570962e-14 1.8801344875548334e-21 25174592.03676826 23474255.740156233 14869320.849579394 1.9483734217182304e-13 41957653.39461377 0.004003268065654913 56826975.24419317 0.0 132467841.89027153 29840059.74549726 0.9999999815379005 -3.161915174132446e-12 41957902.0738726 2.0233998888812793e-13 -0.47033991607530057 -12454238.802699065 -1417775.9077488116 51915037.06779549 -36289865.73924034 45664242.27966517 -4.281629883806578e-05 -0.12015125426566696 -0.3501886618064717 8.640966230048693e-07 3.478627232815811e-14 -7.291855871566551e-14 9957383.673181713 18502012.786010116 18502011.786010116 60459666.18062389 60459666.18062389
16.1974555737 9.655936333799426e-14 3.0085809074020583e-26 2.909824282979088e-13 3.931535633071054e-14 5.835247001284941e-22 40046938.49898542 37399757.22970683 23781773.845296048 9.655936333799426e-14 66744897.49830903 0.0038123591457052235 90526672.34360507 0.0 210030627.2778197 47419299.99217894 1.0000000414853794 5.622613485911643e-12 66745144.81921878 9.996242963506494e-14 -0.46758693561916465 -19458407.892646592 -2224091.740033198 82315844.21498229 -57920959.93404708 72549887.59222227 -3.388310398415238e-05 -0.11756069675696768 -0.3500262388678194 6.103915803959607e-07 1.7270957937279338e-14 -3.606386479498672e-14 15570946.716673253 29597646.737963647 29597645.737963647 96342544.23627268 96342544.23627268
16.5975327263 4.7094498886104574e-14 7.130290283585227e-27 1.4160963481838027e-13 1.9096447442208897e-14 1.7634056243356917e-22 64394099.242035426 60228471.911444366 38442383.148342416 4.7094498886104574e-14 107323498.73672572 0.00363060325152255 145765882.88506812 0.0 336636587.91317147 76172290.18420373 0.9999999670402486 -3.5162983635927958e-12 107323744.73684286 4.8604775877659047e-14 -0.46489595677126516 -30727733.848956946 -3526524.942510243 131933556.69414465 -93438074.30142215 116512021.84217791 -2.6671152591993436e-05 -0.1150265884818493 -0.34986936828589954 4.2739914339155987e-07 8.438359739954428e-15 -1.7554290656584878e-14 24610057.957418937 47852630.2939139 47852629.2939139 155176129.03063962 155176129.03063962
17.0074917847 2.259576387976638e-14 1.6355116274041342e-27 6.779929245624855e-14 9.125788052825724e-15 5.1853765717966087e-23 104690571.46159336 98063214.19115041 62821110.8520478 2.259576387976638e-14 174484285.76932228 0.0034576161682423803 237305397.62137008 0.0 545583303.2761054 123719986.27717109 1.0000000500667383 4.1815439999481896e-12 174484530.48507166 2.3250674398865672e-14 -0.4622659005185139 -49056993.91969843 -5653250.61503098 213807760.24021006 -152393094.8678458 189187778.4357677 -2.087985123166562e-05 -0.11254743646186656 -0.349718464060829 2.9657983063665987e-07 4.05566023880808e-15 -8.406180905354077e-15 39323474.47088778 78213417.7268227 78213416.7268227 252697703.49614498 252697703.49614498
17.4275768317 1.066075245591444e-14 3.627826464533077e-28 3.192176225996417e-14 4.2888189792990706e-15 1.482683154247841e-23 172135940.05806947 161472946.03288633 103812561.46853337 1.066075245591444e-14 286893233.4301158 0.0032927798022897364 390705795.8986492 0.0 894334358.5402212 203236437.39841142 0.9999999138515286 -5.60129720383884e-12 286893476.89647865 1.0937785385069588e-14 -0.45969590770199287 -79201907.4848084 -9164702.838189438 350433691.49485046 -251349920.0128386 310685963.7288269 -1.6254776800243698e-05 -0.11012180984007695 -0.3495740978563146 2.0390776791810375e-07 1.9166893259626124e-15 -3.958600609150104e-15 63540458.06473463 129271673.48407227 129271672.48407227 416164906.9141881 416164906.9141881
17.8580379795 4.9439159762171296e-15 7.775402362718632e-29 1.477391151093692e-14 1.9814056463375846e-15 4.119587420836573e-24 286325040.6931342 268969498.6725774 173524751.57886207 4.9439159762171296e-15 477208401.15522367 0.003136098278687616 650733153.7340858 0.0 1483191208.8320453 337759739.0586141 1.0000000197129364 9.920952948050399e-13 477208643.40863657 5.057998219009181e-15 -0.4571831792317358 -129346637.71646109 -15028759.753596907 581062446.0049549 -419356594.4200343 516150907.45730126 -1.2581779925596488e-05 -0.10774840737814971 -0.3494347718545784 1.3887007827999523e-07 8.90315685558643e-16 -1.832439407095568e-15 103854044.84973125 216117682.33282077 216117681.33282077 693326083.4880445 693326083.4880445
18.2991315176 2.252627781315181e-15 1.608831465887262e-29 6.718421013674652e-15 8.99480089540574e-16 1.1114356287054906e-24 481945649.8365813 453361007.1619523 293475349.4908849 2.252627781315181e-15 803242749.7276355 0.0029865963807989334 1096718100.2185204 0.0 2489316804.1997914 568032417.6517434 1.000000042899255 1.6613377340490842e-12 803242990.801801 2.2982585444124365e-15 -0.45473052293298943 -213739422.09724098 -24936344.794361264 974993568.8041816 -707960607.4788722 867732612.2834061 -9.681623788826966e-06 -0.10542619072375922 -0.34930433221089147 9.366174575738386e-08 4.063104540048206e-16 -8.334486293898082e-16 171750819.0765461 365572637.3267859 365572636.3267859 1168815387.0544214 1168815387.0544214
18.7511200661 1.0079788422787037e-15 3.210854304710202e-30 3.0006233701668646e-15 4.010468548977616e-16 2.9095173314992407e-25 821125422.0600181 773484833.1236811 502373077.9637091 1.0079788422787037e-15 1368542370.1000302 0.002844448068751894 1870915449.0637393 0.0 4229428376.966124 966989475.1255616 1.0000001077437717 3.191447106587475e-12 1368542610.0147111 1.0256412004696657e-15 -0.45234330161838954 -357477629.6926628 -41876576.16466233 1656036029.2416484 -1209740406.978907 1476646981.7814279 -7.405178464902218e-06 -0.10315336497935246 -0.34918993664222864 6.25441792819326e-08 1.8210471677151048e-16 -3.7230569908096355e-16 287493659.1416184 625893218.7823539 625893217.7823539 1994435588.882384 1994435588.882384
19.2142727317 4.4275437271366095e-16 6.1753326155832814e-31 1.3155941499563722e-15 1.755437294925448e-16 7.384821797775324e-26 1416507045.5556583 1336112961.8111043 870610958.7570345 4.4275437271366095e-16 2360845075.9260974 0.0027092810173855275 3231456035.683132 0.0 7276356589.295442 1666975994.2626028 0.9999999969330882 -6.905587213168474e-14 2360845314.7159343 4.493312309162158e-16 -0.45000306612218455 -605306267.6153613 -71197454.51518354 2848046384.4439273 -2092864796.7775831 2544299045.8094506 -5.629104923456724e-06 -0.1009283980095749 -0.3490746681125404 4.134009678969463e-08 8.0113851845543e-17 -1.632618768296806e-16 487201308.51782954 1084844753.7309198 1084844752.7309198 3445689829.657017 3445689829.657017
19.6888652682 1.9082030201771323e-16 1.1434970918944139e-31 5.659814554206998e-16 7.539902263929396e-17 1.8159736933622173e-26 2474925874.1832366 2337512339.066996 1527915013.9514928 1.9082030201771323e-16 4124876456.972061 0.002580210027498764 5652791471.923553 0.0 12679439847.744675 2910547472.5763826 1.0000001435953068 2.4422686095704194e-12 4124876694.6726255 1.9315965269553274e-16 -0.44771078407292464 -1038000358.3884233 -122586541.23312399 4960995607.759021 -3666831339.9179263 4440130351.037825 -4.251999946258784e-06 -0.09875057486927503 -0.3489602092060919 2.703971508126783e-08 3.457956165502607e-17 -7.024860320992791e-17 836119150.7869593 1904188468.2262726 1904188467.2262726 6029064925.198334 6029064925.198334
20.1751802403 8.065493675435324e-17 2.0367350090499092e-32 2.388096676139631e-16 3.1763789214886997e-17 4.323016034971312e-27 4381047788.070802 4143108636.691904 2716466914.0252666 8.065493675435324e-17 7301746313.451337 0.0024576825391552344 10018213228.476604 0.0 22386989024.501972 5148242038.041502 1.000000016735034 2.1360690993788012e-13 7301746550.089642 8.14408031195592e-17 -0.44547361137522357 -1803238263.5351963 -213816392.61426586 8755398208.121677 -6508615808.855007 7850558525.810422 -3.1910139961333806e-06 -0.09661895176739602 -0.34885465960804096 1.749692822344929e-08 1.4637519925576994e-17 -2.9645485501275676e-17 1453651894.6703403 3385950874.844287 3385950873.844287 10687697188.295624 10687697188.295624
20.6735071922 3.341724936751423e-17 3.486067604680749e-33 9.877731931956366e-17 1.3118161238527755e-17 9.95450694515924e-28 7859711680.591358 7442155588.1980095 4894106224.749121 3.341724936751423e-17 13099519467.652264 0.00234118194365725 17993625693.401382 0.0 40062249264.62909 9230557649.535831 0.9999997084778526 -2.774003249328416e-12 13099519703.258978 3.3661304119223124e-17 -0.44328662772450844 -3174552417.365796 -377918479.62342453 15660556572.578352 -11707665826.341106 14067644203.343214 -2.3788950934084364e-06 -0.09453248731300454 -0.34875414040873004 1.1197734152629881e-08 6.07341412109738e-18 -1.2264033615174617e-17 2561037104.9260874 6101170208.184755 6101170207.184755 19200689675.83702 19200689675.83702
21.1841428199 1.3565230892631795e-17 5.728031200568921e-34 4.003164307204771e-17 5.3084817760546836e-18 2.215374939049302e-28 14295264965.736334 13552438359.224222 8938359367.555557 1.3565230892631795e-17 23825441609.56056 0.002230205077457114 32763800978.116116 0.0 72688001738.84375 16777428673.98923 1.000000215343099 1.517230785452739e-12 23825441844.161884 1.363223494007216e-17 -0.44115230395818394 -5665389997.657059 -677106732.8766978 28399341264.004417 -21349352921.186848 25556647087.225197 -1.761411337854587e-06 -0.09249018533548746 -0.3486621186242137 7.0857057367919326e-09 2.4689177088386587e-18 -4.971042595191131e-18 4573899654.443856 11144468890.210346 11144468889.210346 34969910499.770905 34969910499.770905
21.7073911475 5.392353098276069e-18 9.026056029151847e-35 1.5887929273453074e-17 2.1037857772266478e-18 4.7610103526358435e-29 26368282323.563576 25028189549.07915 16554077037.118752 5.392353098276069e-18 43947137205.93929 0.0021248699509305215 60501214244.058044 0.0 133761032588.22786 30928451277.107735 0.9999995259930397 -2.4555912858659212e-12 43947137439.56113 5.40663794259268e-18 -0.4390688181235065 -10252802340.789444 -1230169373.6541739 52230743089.690674 -39480161290.9912 47086352220.737625 -1.2951234440141345e-06 -0.09049102062808911 -0.34857779749296175 4.431930526922042e-09 9.828014831781715e-19 -1.9732307680677467e-18 8283605883.751387 20642708382.9814 20642708381.9814 64589845588.92069 64589845588.92069
22.2435637089 2.0979559057090135e-18 1.3625663593427188e-35 6.171916320192241e-18 8.160899243829593e-19 9.871788637950229e-30 49343133030.11052 46890562692.44973 31100312605.28012 2.0979559057090135e-18 82238555050.1842 0.0020249695297807086 113338867656.46432 0.0 249735627844.05005 57846432984.40633 1.0000004581329498 1.7326140522300193e-12 82238555282.85298 2.098857931958062e-18 -0.43703394737727974 -18822283942.014595 -2267108866.315195 97456735622.44246 -74063320591.31488 88012759380.48912 -9.4547600054244e-07 -0.08853403624521944 -0.34849991113379303 2.7392271559209106e-09 3.8289592820759343e-19 -7.666472888319919e-19 15218180572.258257 38786884753.14618 38786884752.14618 121025439803.33038 121025439803.33038
22.7929797325 7.98450055434871e-19 1.9684149263746677e-36 2.3454616294737227e-18 3.097031518950582e-19 1.973095837710728e-30 93709145384.9998 89154119555.90927 59291902146.46536 7.98450055434871e-19 156181908974.99966 0.001930338279327964 215473811122.46503 0.0 473230854189.2173 109797743758.92157 1.0000003685490981 1.0100809078039674e-12 156181909206.7399 7.970775214260252e-19 -0.4350477829366419 -35065047357.31282 -4239694007.509032 184552919722.6614 -140998489544.69794 166959580210.52896 -6.851741597207159e-07 -0.08661830892049345 -0.3484294740171584 1.672448837792753e-09 1.4592193230744215e-19 -2.9138520318472176e-19 28371010747.661747 73955825925.18524 73955825924.18524 230137734900.1849 230137734900.1849
23.3559663319 2.970934152366144e-19 2.718286814938636e-37 8.714689060056842e-19 1.1491697960682916e-19 3.798017532218277e-31 180678530867.64435 172090221795.92715 114750817520.36505 2.970934152366144e-19 301130884779.4073 0.0018409762381298867 415881702300.77234 0.0 910468783387.5082 211601699819.65543 1.0000007427570186 1.4641621248756564e-12 301130885010.24335 2.95964471658296e-19 -0.4331087413533543 -66314463369.42621 -8048416824.098595 354823403789.85864 -272503187873.6832 321551816757.4028 -4.928136549436643e-07 -0.08474293045142432 -0.3483658109033942 1.0083878545533666e-09 5.436821371076299e-20 -1.0828124228243379e-19 53692519010.45133 143148927695.99353 143148927694.99353 444279812475.4008 444279812475.4008
23.9328587003 1.0801561550570501e-19 3.584276949466529e-38 3.164059590183585e-19 4.1668467532439624e-20 7.034169502907815e-32 353804578435.72595 337359611771.7535 225533095143.5619 1.0801561550570501e-19 589674297392.8766 0.0017569497029507033 815207392537.4385 0.0 1779172117229.1504 414169012740.44055 1.0000011080663858 1.5589751711786448e-12 589674297622.8319 1.0738752926057105e-19 -0.4312159166490892 -127361233323.1898 -15515421720.138418 692865742215.666 -534857741846.3017 628966748448.7604 -3.5173363933101116e-07 -0.08290701719428335 -0.3483088994563648 6.002171198554711e-10 1.9792890527955257e-20 -3.931939151137356e-20 103191444822.78943 281382052561.75854 281382052560.75854 871056349954.6351 871056349954.6351
24.5240003102 3.8350972460817834e-20 4.5074486955936814e-39 1.1218998645114133e-19 1.4755812299319814e-20 1.2522639819051242e-32 703914295863.041 671922941601.7087 450326098577.0698 3.8350972460817834e-20 1173190493105.0684 0.0016784536198432226 1623516591683.1382 0.0 3532638773248.5337 823670143913.3167 1.0000016831872252 1.6768808563938364e-12 1173190493334.1658 3.805315784885639e-20 -0.4293682675417907 -248501518366.2091 -30385163545.69607 1374670817976.5464 -1066552645567.294 1249996383093.936 -2.4906374709923147e-07 -0.08110970272764804 -0.3482585648158196 3.525711010423601e-10 7.03657750896781e-21 -1.394362506505333e-20 201480324871.47787 561908480212.1958 561908480211.1958 1735098973317.2642 1735098973317.2642
25.1297431178 1.3289361489302368e-20 5.399644211442388e-40 3.8825852787068e-20 5.100257006748286e-21 2.140796797763392e-33 1423465174746.435 1360212684395.0637 913857558290.6084 1.3289361489302368e-20 2372441957910.725 0.0016058606808026722 3286299516202.3335 0.0 7129819660165.038 1665010085628.951 0.9999972923384843 -1.894706613825292e-12 2372441958138.9863 1.3161057862738733e-20 -0.4275645337148657 -492782794183.82196 -60475094686.24339 2772251130275.9443 -2161600323406.1533 2525024310571.69 -1.7493891517574098e-07 -0.0793501327338664 -0.3482144009791046 2.043101011376046e-10 2.4414249526411963e-21 -4.8261494526259656e-21 399809172365.21936 1140428159829.0352 1140428159828.0352 3512870117739.7603 3512870117739.7603
25.7504477728 4.4916369805020506e-21 6.154222451563973e-41 1.3106277585329796e-20 1.719605361430672e-21 3.510828938787758e-34 2926982564270.117 2799825443045.201 1885563852292.8672 4.4916369805020506e-21 4878304273783.529 0.001539790576130461 6763868126077.396 0.0 14632910447870.578 3422429175973.1357 0.9999951307517103 -2.3734347820436597e-12 4878304274010.976 4.440050747957948e-21 -0.42580346275805026 -993557472751.2404 -122372876211.35956 5684946877397.827 -4454447203033.809 5186493210822.891 -1.2185778330174586e-07 -0.07762745889337766 -0.34817600386229924 1.1675598053931586e-10 8.262090514433795e-22 -1.629356160147069e-21 806642603614.2972 2353316170763.5303 2353316170762.5303 7231620444547.06 7231620444547.06
26.3864838328 1.4798101689520369e-21 6.66514188972236e-42 4.312766313249996e-21 5.651984030928084e-22 5.517537164072343e-35 6122367404961.708 5862352420568.285 3957275890208.4746 1.4798101689520369e-21 10203945674936.18 0.0014812091576161162 14161221565145.654 0.0 30551618536694.535 7156413642790.339 0.9999949391573012 -1.7037482535897652e-12 10203945675162.83 1.4601876724208833e-21 -0.4240835146780282 -2037615049467.5955 -251865512212.92273 11859332676642.943 -9337229060291.438 10837109446725.318 -8.416284218133087e-08 -0.07594083103671706 -0.3481426836396073 6.577394620510928e-11 2.7253918510892086e-22 -5.362265044770728e-22 1655387001706.7642 4939507918198.908 4939507918197.908 15143453593135.088 15143453593135.088
27.0382299835 4.749294879438985e-22 6.850362671913111e-43 1.38251523387155e-21 1.8097936151921495e-22 8.300746425799917e-36 13032524362742.92 12491484165579.014 8451410200926.82 4.749294879438985e-22 21720873937904.867 0.0014315700509236055 30172284138832.688 0.0 64918932176259.48 15229150749754.996 0.999999160920225 -1.9340085088970227e-13 21720873938130.742 4.678127249825062e-22 -0.42240283531282175 -4252342162068.209 -527488783650.9006 25177836007556.266 -19917406614025.18 23044576751149.1 -5.762285460503321e-08 -0.07428938698089876 -0.34811344833172964 3.651155319138463e-11 8.757512755616498e-23 -1.7191619673738458e-22 3456962069651.398 10550271392939.898 10550271392938.898 32271145330844.766 32271145330844.766
27.7060742641 1.4838420826831757e-22 6.672831234458733e-44 4.314520789957997e-22 5.641914536168325e-23 1.1941202441785484e-36 28244615018983.895 27098532231102.996 18375086411363.86 1.4838420826831757e-22 47074358364973.16 0.0013930125161406308 65449444776338.016 0.0 140451979826969.25 32996280745080.555 1.0000010576841878 1.6542323066914832e-13 47074358365198.28 1.4591131163301002e-22 -0.4207589797706599 -9034434383035.717 -1124630116029.3176 54423861386185.734 -43254082405370.17 49891670160202.22 -3.910037764599699e-08 -0.07267223896197929 -0.348086740808846 1.99641477166834e-11 2.739414993128556e-23 -5.365779774277305e-23 7349503021212.577 22940863840835.703 22940863840834.703 70015222205808.86 70015222205808.86
28.3904142984 4.5101168096896927e-23 6.151874575696049e-45 1.3099276619681777e-22 1.7111936855964323e-23 1.640772007705245e-37 62349461611812.53 59877042140069.45 40690520886358.016 4.5101168096896927e-23 103915769353020.89 0.0013686631121604272 144606290239379.9 0.0 309524504328250.94 72820759102160.1 0.9999916531533696 -8.777423232686488e-13 103915769353245.25 4.427537012631391e-23 -0.4191500169284612 -19549460727891.805 -2442047726985.894 119830187185929.98 -95674371113877.31 110023242220245.56 -2.6289418949628495e-08 -0.07108845532635792 -0.34806156160122553 1.0739695539846022e-11 8.336174125924447e-24 -1.6292962241391478e-23 15914417832909.094 50806413607599.72 50806413607598.72 154722182960620.62 154722182960620.62
29.0916575316 1.3326859875180047e-23 5.360395567362371e-46 3.866342311045971e-23 5.0459762129561775e-24 2.15087401952433e-38 140254013443052.1 134817600052920.12 91810943164930.5 1.3326859875180047e-23 233756689071753.5 0.0013629856588378336 325567632236685.0 0.0 695102222383608.8 163776059349686.1 1.000005696871826 3.9901415505028126e-13 233756689071977.2 1.3061161226286376e-23 -0.41755929585990303 -43105086625144.45 -5403158969186.578 268868574309168.72 -215635311104646.88 247245389080065.7 -1.7510330146800728e-08 -0.06953703653511714 -0.34802225932518494 5.676399234784794e-12 2.465913870722755e-24 -4.809541808167013e-24 35111885237415.234 114647062000781.28 114647062000780.28 348403751072534.75 348403751072534.75
29.8102214726 3.825588022942394e-24 4.408098973643693e-47 1.1088077719812198e-23 1.4456230971992627e-24 2.6867809061430096e-39 321648957425727.56 309517544614280.06 211299791845470.44 3.825588022942394e-24 536081595709545.94 0.0013826114261279237 747381387555017.4 0.0 1591711626015598.0 375461455640519.2 0.9999816711519955 -8.468781231840694e-13 536081595709768.75 3.743389803240622e-24 -0.41611647419621955 -96891452986849.88 -12187006569490.072 615135073435694.6 -495643553004721.06 566532240543313.5 -1.1550952300155852e-08 -0.0680168810139514 -0.3480995931814213 0.0 7.090061495569115e-25 -1.3794908253152575e-24 79053477726148.61 263886849849145.5 263886849849144.5 799968445558691.5 799968445558691.5
30.546533943 1.0660578246374614e-24 3.408048471217578e-48 3.0853983739000913e-24 4.020781887872361e-25 3.1942570232612473e-40 750613560079812.9 724440382716131.4 497847428139828.6 1.0660578246374614e-24 1251022600133021.5 0.002316399783220739 1748870028272851.0 0.0 3713661972418735.0 877383403284440.2 1.0000068499527546 2.0672352718520415e-13 1251022600133242.0 1.039870079468754e-24 -0.4151680930504703 -221917153153928.3 -28035885941122.53 1434447021162351.2 -1163778675587416.0 1323153396471890.5 -7.54475795162844e-09 -0.06646203582709535 -0.3487060572235817 0.0 1.9866427774378855e-25 -3.840027196252111e-25 183424421029329.72 621942055060296.5 621942055060295.5 1872964655193318.0 1872964655193318.0
31.3010333314 2.8817008521660267e-25 2.452404398644398e-49 8.28483986909345e-25 1.084892437729951e-25 3.609802264316279e-41 1768157884014409.5 1721321404012413.8 1205665514080313.5 2.8817008521660267e-25 2946929806690682.5 0.007325204771608509 4152595320770997.0 0.0 8749157834866480.0 2089493943353976.0 1.000025216970873 4.920508445138694e-13 2946929806690896.5 2.7783636021133543e-25 -0.4142408430194804 -516322070593076.9 -65813861512132.89 3394307816622743.0 -2790808206684029.5 3135578185877430.0 -4.878294584106422e-09 -0.06464640901797843 -0.34959443400199414 0.0 5.441848077166488e-26 -1.0322235750054037e-25 447378009932060.3 1507519714018798.5 1507519714018797.5 4454449520709481.0 4454449520709481.0
32.0741688547 7.550271608745452e-26 1.5536056905806524e-50 2.116579477468881e-25 2.837558656048149e-26 3.8726318508834555e-42 3985045447849860.0 4099110551237971.0 3205363524454958.0 7.550271608745452e-26 6641742413083100.0 0.035158514604131164 9847105937538060.0 0.0 2.000114032131354e+16 4918730979293955.0 1.0000788920875159 9.849898674474389e-13 6641742413083280.0 6.879386708455911e-26 -0.42137330880995594 -1193947695249729.2 -157736848365851.25 8002377662172255.0 -7021959424376803.0 7407397633495789.0 -3.121566435779351e-09 -0.06120793819096511 -0.3601653706199758 0.0 1.5595097470167964e-26 -2.6545589898852e-26 1360635249089155.2 4027002325720759.0 4027002325720758.0 1.066874473880386e+16 1.066874473880386e+16
32.8664008254 1.9159081337171323e-26 5.409319898414612e-52 4.525491438971645e-26 7.187356945158096e-27 3.9387618555649786e-43 5376127062107731.0 8617222121294964.0 1.1184749807162544e+16 1.9159081337171323e-26 8960211770179552.0 0.19093519396694789 2.0144961577342096e+16 0.0 3.210183835330368e+16 1.02708733983668e+16 1.0000748629043672 5.917488721252084e-13 8960211770179611.0 1.1750122318072813e-26 -0.45301945863852766 -2273596296063727.0 -386183068307474.9 1.59859077283264e+16 -1.9763861967470324e+16 1.4897879015755938e+16 -1.9762563775799946e-09 -0.04671007320374908 -0.4063093854353703 0.0 5.62446273854082e-27 -5.912182330502287e-27 7025695958146848.0 1.4279773555220548e+16 1.4279773555220546e+16 2.32399853254001e+16 2.32399853254001e+16
33.6782009258 4.703879629684909e-27 1.3957159291126364e-52 2.9412861224832957e-27 1.757595536871931e-27 3.791655932440827e-44 5.869122545515432e+16 5817945064552343.0 -7.402119682714933e+16 4.703879629684909e-27 9.781870909192387e+16 -0.4148391334537077 2.3797512264774544e+16 0.0 1.7256200222689094e+17 2.9242773393477064e+16 1.000197640000313 9.78106484694763e-13 9.78187090919239e+16 5.98912552715793e-27 0.5484778688302931 -1.0385914086379852e+16 -966459737101259.2 3.0653330410700644e+16 7.84255588767494e+16 2.4678972940565744e+16 -1.2374769663887045e-09 -0.08368698014649334 0.6321648489758085 0.0 -3.678828153018287e-27 3.3293809210860413e-29 -6.716537868122323e+16 -9.702431387676285e+16 -9.702431387676285e+16 9.781870909192387e+16 9.781870909192387e+16
34.5100524886 1.1163181564485133e-27 4.0852381240447e-51 -3.5202217255288465e-27 3.8507802280616137e-28 3.449175046546378e-45 7.957477432726718e+19 -7.654486242413835e+16 -1.180586542531902e+20 1.1163181564485133e-27 1.3262462387877863e+20 -409.43566363874373 1.4565969625588433e+19 0.0 1.9348868937612673e+20 -9.622479872825371e+17 0.9996482119021421 -1.078470646120877e-12 1.3262462387877863e+20 6.864662940484077e-25 409.0737075154014 -4.8394926325941395e+17 -2473912735682829.5 1.628662845099365e+19 1.3287977342019245e+20 1.4864639215561867e+19 -7.661510248770711e-10 -1.495265159730393 410.5689726751329 0.0 -5.324555935539095e-25 5.538629623040866e-26 -1.1633799542778498e+20 -1.5437186758238077e+20 -1.5437186758238077e+20 1.3262462387877863e+20 1.3262462387877863e+20
