# r(1) ntot(2) grad2ntot(3) laplntot(4) tauk(5) tautf(6)  ptot(7) qtot(8) z(9) denstest(10) Fvw(11) vp(12) Fmggaus(13) Fcurvefit(14) divgradgrad2(15) divgradlapl(16) Har-dep-ind(17) vesp(18) Fmggapc(19) vpstitch4(20) vpts(21)  FxcPW91lb(22) FxcPW91lda(23) Fs1(24)  Fvw_ts(25) Fs(26) vxlda(27)  vcpw91(28) vw(29) Vresp(30) taupusbigZ(31) taurespts(32) Fpauli(33) FgeapauliusbigZ(34) zusbigZ(35) FmggausbigZ(36) FbigZnuc(37) 
0.000173611111111 31746.610192413238 5223032149720.31 -26138595269.629585 21939144.188705966 91389756.57237789 0.1350171953990625 -21.45092315318344 -47.8687435928507 31746.610192413238 0.22502865899843752 505.82893157787504 -46.64371493385226 0.0 2373810.648889915 21453066513.997196 0.0004513076113024154 -207177.28386032645 0.22502865899843752 16196884.513804063 -734.9980564809521 -0.015005392928549376 -0.008233362422579086 39.8824093525518 71.72810583627655 4.404237707946728 -23.38572529669134 -43.19696248866579 206485.48276633417 462.5540807291238 -5550428299.749781 3600944672.4764037 39.657380693553364 -60.73359321571243 -61.73359321571243 0.225028667495336 0.3036019487872693
0.000175746527778 31741.730307929218 5221380968976.271 -25842688764.957363 21935914.207038227 91366344.6972526 0.13502985383249672 -21.213518651688865 -47.34119678720859 31741.730307929218 0.22504975638749453 505.8390653899535 -46.1161470308211 0.0 -352436.8636942746 1103028211.6974812 0.0004568377133292688 -204657.7462236853 0.22504975638749453 16192738.779209215 -514.398833537678 -0.015006290240940693 -0.008233657948691861 39.36266534511231 70.93677859535039 4.3219805206931765 -23.384527000925 -43.195119679998854 204186.54250982765 462.5540718632313 -5486849251.936172 3559532968.8485026 39.13761558872482 -60.053286252362916 -61.053286252362916 0.22504976550148903 0.30362304646089766
0.000177908210069 31736.791176385435 5219745773836.497 -25514466802.75368 21932716.061084535 91342651.01998611 0.13504359430359517 -20.949523457424363 -46.754561156207615 31736.791176385435 0.22507265717265862 505.8471252406281 -45.529488499034954 0.0 -94343.58788355636 -1272609215.5307841 0.00046243531761288513 -202168.82235366377 0.22507265717265862 16188543.68202706 -579.2986627147475 -0.01500721888362762 -0.008233958728372539 38.892467799902235 70.05681751525385 4.2843904342817165 -23.383314031488563 -43.19331253151983 201632.71700348056 462.55406277614827 -5416325107.675443 3513597301.0719275 38.667395142729575 -59.29678027945927 -60.29678027945927 0.2250726666378131 0.30364594733616135
0.000180096481053 31731.792087410297 5218070816535.787 -25203405327.616795 21929443.65761942 91318672.22194964 0.13505698300765534 -20.699549758859852 -46.19908388340361 31731.792087410297 0.22509497167942558 505.85667299939166 -44.973988911724184 0.0 62839.552105007686 250487959.86014366 0.0004681012416606317 -199710.14027417736 0.22509497167942558 16184298.028071394 -539.6633569537662 -0.015008150119026096 -0.008234264826670959 38.412123719630166 69.22359416787894 4.231236894331698 -23.38208620933798 -43.19145765026246 199213.66837487387 462.55405346149024 -5349489378.651372 3470064277.3088784 38.18702874795074 -58.58045510834259 -59.58045510834259 0.22509498167021103 0.3036682619825193
0.00018231166777 31726.732314018045 5216434329304.036 -24894979616.681263 21926206.642845362 91294404.907354 0.13507205312866147 -20.451674701706647 -45.64827274916834 31726.732314018045 0.22512008854776913 505.8614389863765 -44.42315266062057 0.0 -83929.9156631182 384006578.4646145 0.0004738363126720978 -197281.33253198222 0.22512008854776913 16180001.4012208 -509.51311734877527 -0.015009124988070794 -0.00823457631017998 37.938993836354314 68.39736909423658 4.180120501426107 -23.380843351217074 -43.18967245155883 196815.009087085 462.5540440556084 -5283220658.156104 3426900475.6567535 37.71387374780655 -57.870147283588096 -58.870147283588096 0.22512009908717145 0.3036933792222317
0.000184554101284 31721.611108432026 5214784900423.661 -24585244217.51785 21922936.286457535 91269845.58330709 0.13508748317700756 -20.202656250040594 -45.094921271463555 31721.611108432026 0.2251458052950126 505.86562450156725 -43.86977546616854 0.0 -115370.73391076598 -125360337.80706671 0.00047964136763875196 -194882.0361370313 0.2251458052950126 16175653.251510264 -519.585029100359 -0.015010117019776694 -0.008234893247404484 37.47770783142157 67.56733330543032 4.135781506839935 -23.379585268626847 -43.18788003436135 194405.63898796533 462.5540348488208 -5216670726.87711 3383553510.8601627 37.252562026126554 -57.15656352366196 -58.15656352366196 0.22514581637419784 0.3037190965740888
0.00018682411673 31716.427741176773 5213103828725.761 -24280484681.897396 21919604.4016322 91244990.84735356 0.1351027969167718 -19.957658324376077 -44.55050412367539 31716.427741176773 0.22517132819461966 505.8706512260076 -43.32533279548077 0.0 -70630.57766037076 -47315473.964666314 0.00048551725364667553 -192511.8925109659 0.22517132819461966 16171252.890046127 -519.9926465280878 -0.015011116751955458 -0.008235215705336772 37.02056831691548 66.75069907611487 4.090507798476697 -23.378311777425317 -43.18605247861384 192035.08591691643 462.55402576493634 -5151190443.788175 3340903353.644555 36.79539698872087 -56.45450118358555 -57.45450118358555 0.22517133966215652 0.30374461992586343
0.000189122053365 31711.181467785133 5211407851632.316 -23979964525.0334 21916238.961153958 91219837.22785729 0.13511843627243386 -19.716077051146815 -44.01368001924838 31711.181467785133 0.2251973937873898 505.8753089341199 -42.78848262546099 0.0 -86159.01717383131 73077365.28143229 0.0004914648278302969 -190170.54743246755 0.2251973937873898 16166799.717664959 -516.1763238324493 -0.01501213320354078 -0.00823554375237702 36.5683390487339 65.94545423094344 4.045133078821056 -23.377022689646413 -43.184215024308436 189697.5553236594 462.5540168174521 -5086621598.374885 3298846906.4219046 36.34314165494651 -55.76223059540277 -56.76223059540277 0.22519740587841242 0.30377068570066235
0.000191448254622 31705.871535169244 5209688963004.923 -23682301553.218357 21912826.904500797 91194381.214629 0.13513420221612768 -19.476776889478487 -43.48192523916127 31705.871535169244 0.22522367036021282 505.88016762835105 -42.256701568801056 0.0 -90176.47262031662 -25568329.295991786 0.0004974849575284276 -187857.65098106407 0.22522367036021282 16162293.139448695 -518.6787423090718 -0.015013162495486782 -0.008235877457777253 36.12256490199766 65.14781330195517 4.001279321281488 -23.37571781506117 -43.182355793436166 187382.15459454845 462.5540080055234 -5022667085.941346 3257190660.6806536 35.897341231637455 -55.0764972473505 -56.0764972473505 0.22522368309785068 0.3037969626761835
0.000193803068154 31700.497182929554 5207947699998.4 -23388614268.11755 21909365.295780193 91168619.26527208 0.1351501171452764 -19.240678253608312 -42.95728518156703 31700.497182929554 0.22525019524212733 505.8850549391219 -41.732034986324905 0.0 -80918.03092959886 -9953251.845532157 0.0005035785203895561 -185572.85749223136 0.22525019524212733 16157732.515282702 -518.3316935409093 -0.015014205206425936 -0.008236216891529514 35.68177686398876 64.3608443739365 3.957523415199793 -23.37439696149567 -43.1804757255426 185097.70627441598 462.55399932835485 -4959567310.27499 3216091209.323383 35.456526668746626 -54.399938819345344 -55.399938819345344 0.22525020846336763 0.3038234881356058
0.000196186845892 31695.057641190906 5206184796609.009 -23098493160.716904 21905858.65908782 91142547.79488087 0.13516620870735332 -19.007445248870578 -42.4390134548344 31695.057641190906 0.22527701451225554 505.8900090486968 -41.213736440322144 0.0 -81931.28494912671 8739745.936796496 0.0005097464044950762 -183315.82549958173 0.22527701451225554 16153117.22190647 -518.0174194082792 -0.01501526202235681 -0.008236562124557993 35.246349956742236 63.583427844080845 3.9143041729207946 -23.37305993429547 -43.17857605877557 182840.9866562322 462.55399078471834 -4897234263.922482 3175491223.8798957 35.021072942229985 -53.731592789614126 -54.731592789614126 0.2252770283648119 0.30385030763084253
0.000198599944096 31689.552131067598 5204400371159.751 -22811907392.168743 21902307.72553991 91116163.17834583 0.13518248870286828 -18.777053321086914 -41.9270555116048 31689.552131067598 0.2253041478381138 505.89502489382755 -40.70175136376668 0.0 -81844.14932931145 3698242.0489337808 0.0005159895084773543 -181086.21768550764 0.2253041478381138 16148446.62392042 -517.6370710398769 -0.015016333311993308 -0.008236913228681095 34.81620399550302 62.815481884794494 3.871599873235245 -23.371706536435873 -43.17665710910153 180611.75727157685 462.55398237345446 -4835661323.456679 3135386389.439539 34.59089984766491 -53.07138881596252 -54.07138881596252 0.22530416247063068 0.30387744153864693
0.000201042723409 31683.979864412675 5202593501000.427 -22528675941.896366 21898709.326905575 91089461.74922913 0.13519894200006724 -18.549354263327025 -41.421081980726825 31683.979864412675 0.22533157000011209 505.90010379030963 -40.19575041072671 0.0 -82484.10845295775 -1903143.8244285912 0.0005223087416414555 -178883.70083012272 0.22533157000011209 16143720.08141832 -518.2810122658266 -0.015017418903723339 -0.008237270276636234 34.39144155897387 62.056512447756866 3.829572684945973 -23.370336568456224 -43.17471762933798 178408.59453548622 462.5539740943622 -4774809582.4747305 3095751365.1850142 34.16610998897376 -52.41890215159975 -53.41890215159975 0.22533158543926668 0.3039048640740841
0.000203515548907 31678.340044777568 5200763045874.718 -22248946107.453804 21895059.42040635 91062439.80444123 0.13521554786729095 -18.324470128875813 -40.9213640610089 31678.340044777568 0.22535924644548494 505.9052464944901 -39.696004814563416 0.0 -78415.29951207216 -7989325.531605328 0.0005287050240827026 -176707.94576495668 0.22535924644548494 16138936.941106362 -518.4534954350383 -0.01501851851478596 -0.008237633341998693 33.9717702376668 61.3069263426982 3.7879850876038925 -23.368949828691697 -43.17275604462531 176232.66502556627 462.55396594604673 -4714710698.355794 3056606774.758992 33.74641099122132 -51.77448252518544 -52.77448252518544 0.2253592626525156 0.30393254112715085
0.000206018790158 31672.631866120188 5198910464507.359 -21972722391.826824 21891364.22158715 91035093.59813017 0.13523235323723004 -18.102405503770036 -40.42791201317376 31672.631866120188 0.2253872553953834 505.91045373927204 -39.20252475777838 0.0 -77486.45091615076 6374659.530379796 0.0005351792868149419 -174558.62731968533 0.2253872553953834 16134096.545728076 -517.788557252381 -0.015019633225924613 -0.00823800249929772 33.5570713002016 60.56673893462882 3.7467742884819417 -23.367546112951434 -43.17077468995805 174084.0095371229 462.5539579277678 -4655365649.903738 3017953251.8242393 33.33168404480622 -51.13814316987045 -52.13814316987045 0.22538727240124978 0.3039605504408781
0.000208552821277 31666.854512521255 5197035174356.04 -21699757163.44169 21887621.899456296 91007419.3404059 0.1352493521139401 -17.882957225395685 -39.94027435586291 31666.854512521255 0.22541558685656685 505.91572630824714 -38.71485876900634 0.0 -78964.91112290947 3814385.394592545 0.0005417324718932073 -172435.42427389266 0.22541558685656685 16129198.235615296 -517.9147436064959 -0.01502076305449459 -0.008238377824044569 33.147532063071516 59.835273004842186 3.70618594104943 -23.366125214444374 -43.16877283288745 171960.67830311906 462.553950038549 -4596721215.850009 2979756130.2688313 32.922116476214946 -50.50930186973377 -51.50930186973377 0.22541560462746502 0.3039888826908951
0.000211118020979 31661.00715928556 5195136046009.655 -21430063974.80259 21883828.46769377 90979413.20270032 0.13526652434216244 -17.66613722303597 -39.458477568735 31661.00715928556 0.2254442072369374 505.92106501080633 -38.23303336149806 0.0 -77216.29882618856 -7113596.501110584 0.0005483655325386265 -170338.0193115475 0.2254442072369374 16124241.339992171 -518.4034797243075 -0.015021907734537971 -0.008238759392639006 32.74302571582481 59.1125682840235 3.666147713492408 -23.364686924045586 -43.166748917921296 169862.78258074113 462.5539422777396 -4538780308.216 2942017309.5188565 32.517581508587874 -49.887992771548085 -50.887992771548085 0.22544422583955814 0.30401750349349543
0.000213714772637 31655.08897221931 5193213018064.658 -21163739253.828156 21879984.15864165 90951071.31439082 0.13528387764734015 -17.452025810123278 -38.98270013752927 31655.08897221931 0.2254731294122336 505.9264706433014 -37.757227008117034 0.0 -74149.02474342512 -665337.0809372903 0.0005550794332656953 -168266.0989723144 0.2254731294122336 16119225.177562485 -518.1751463540422 -0.015023067562954927 -0.008239147282435917 32.34332648572075 58.39889249648982 3.626486633752912 -23.363231030114022 -43.164702997565065 167791.08852895792 462.553934644567 -4481563656.212056 2904750292.092807 32.11785335630852 -49.27444604495776 -50.27444604495776 0.22547314905920612 0.30404642626015554
0.00021634346434 31649.09910732544 5191266936903.066 -20900680319.051014 21876092.795278408 90922389.76142955 0.13530144353203283 -17.2405391899829 -38.51275589408353 31649.09910732544 0.22550240588672138 505.9319440119044 -37.28725348819681 0.0 -75135.5534223359 7286528.8728629695 0.0005618751500112688 -166219.35360414739 0.22550240588672138 16114149.06483088 -517.7258561095514 -0.015024243316966302 -0.008239541571775292 31.948450612317917 57.69396637249639 3.587273516620775 -23.36175731841285 -43.16263649390096 165744.79038453175 462.5539271384928 -4425049199.094687 2867940705.654982 31.722948206431195 -48.66842161436291 -49.66842161436291 0.22550242645660734 0.3040757035660101
0.000219004488952 31643.036710411157 5189296678101.856 -20640685105.98931 21872150.424376708 90893364.5845551 0.13531920227739666 -17.031511486287837 -38.04827619512467 31643.036710411157 0.2255320037956611 505.93748595833074 -36.82274419132901 0.0 -75125.37226609625 -4589221.3369119605 0.0005687536702650299 -164197.47731631168 0.2255320037956611 16109012.313362531 -518.3413426368788 -0.015025434744857501 -0.00823994234002008 31.55853600378067 56.99723695808845 3.5487014145652838 -23.360265572008075 -43.16054786203861 163722.29652153686 462.5539197584172 -4369193506.939448 2831560263.3445773 31.33300399998501 -48.06944408879189 -49.06944408879189 0.22553202537723238 0.30410530205596786
0.000221698244166 31636.900918489024 5187301285215.423 -20383934997.43421 21868153.757619277 90863991.78609318 0.13533713859727972 -16.825093139277527 -37.58959532964973 31636.900918489024 0.2255618976621329 505.9430973272889 -36.3640334319876 0.0 -71598.3967617256 -3340739.8240468134 0.0005757159931971904 -162200.16793725718 0.2255618976621329 16103814.218191022 -518.2820345789078 -0.015026641685793577 -0.00824034966743666 31.173257918352355 56.30920569525389 3.5104954038194274 -23.358755571608356 -43.15843580945257 161725.04433848773 462.5539125038974 -4314035564.167605 2795634361.0244527 30.947696020690223 -47.47794455611704 -48.47794455611704 0.22556192031224165 0.3041351966685779
0.000224425132569 31630.690857972393 5185282179133.609 -20130358333.858273 21864108.903753668 90834267.32141073 0.13535529934140897 -16.62122588270713 -37.136583886521635 31630.690857972393 0.22559216556901496 505.9487789481076 -35.91099172095262 0.0 -71941.50891585318 5925269.10931391 0.0005827631297952449 -160227.12696519122 0.22559216556901496 16098554.07198712 -517.8104171095765 -0.015027865231360571 -0.008240763635356751 30.792598995895514 55.62967844125945 3.472690400088542 -23.35722709511596 -43.15630262977427 159752.4728507114 462.5539053740499 -4259559980.3056836 2760152969.791937 30.5670068303265 -46.893756133173035 -47.893756133173035 0.22559218926318292 0.30416546524323085
0.0002271855617 31624.405645003328 5183238092417.425 -19879752422.082478 21860011.357199073 90804187.10058402 0.13537366135209322 -16.419743177752608 -36.688871745157044 31624.405645003328 0.22562276892015537 505.9545317094498 -35.46324897623689 0.0 -72267.40938785141 -684347.8033253934 0.0005898961029944777 -158278.05952518946 0.22562276892015537 16093231.166745031 -518.2290508468286 -0.015029105066190382 -0.008241184326152338 30.416701910423516 54.95810002809551 3.4354823341194294 -23.35567991770223 -43.1541465647428 157802.98462090737 462.55389836858853 -4205723189.7933483 2725087714.789452 30.191079141503362 -46.31640152380483 -47.31640152380483 0.22562279379731787 0.3041960693470088
0.000229979944109 31618.0443863208 5181168343363.778 -19632222564.614502 21855858.928445753 90773746.99265258 0.1353922168255577 -16.220732768310956 -36.24665388043258 31618.0443863208 0.22565369470926283 505.9603564844825 -35.02100018572332 0.0 -69987.55003163408 -4723331.794297863 0.0005971159478141034 -156352.6743264382 0.22565369470926283 16087844.774707783 -518.409830399527 -0.01503036118569609 -0.00824161182316306 30.04533762525749 54.29476292241244 3.3986910414738363 -23.35411381201601 -43.15196673915894 155877.41646277782 462.5538914868045 -4152547826.684134 2690453340.86096 29.819683930548226 -45.74613216109995 -46.74613216109995 0.2256537209053613 0.3042269959765186
0.000232808697421 31611.606178067123 5179073370610.175 -19387767044.70641 21851653.861696705 90742942.82000782 0.13541098734312046 -16.024194093387628 -35.80992907766602 31611.606178067123 0.22568497890520078 505.96625415424853 -34.58424409876082 0.0 -68134.81559130664 575352.6780609983 0.0006044237114931535 -154450.68361699872 0.22568497890520078 16082394.165603334 -518.0735636819445 -0.015031634178633164 -0.008242046210804915 29.678407843641207 53.63966529019729 3.362267795319082 -23.352528547884482 -43.149763970294025 153975.75981728706 462.55388472774473 -4100033528.8033714 2656249610.7178125 29.452722864736007 -45.18294647922041 -46.18294647922041 0.2256850064117959 0.30425828106585606
0.000235672244399 31605.090105805895 5176953401161.45 -19146286087.728436 21847397.571687024 90711770.35858354 0.1354299891062316 -15.830045548700447 -35.378516018010224 31605.090105805895 0.22571664851038603 505.972225620248 -34.15279936949984 0.0 -68836.1422525876 5838549.001851457 0.0006118204536304817 -152571.80314047725 0.22571664851038603 16076878.60357381 -517.7200551463466 -0.01503292452747625 -0.008242487574572558 29.31593433564289 52.99253514417855 3.326284534162011 -23.350923892311947 -43.14753875867976 152097.2306240896 462.55387809110465 -4048158857.679708 2622462558.899331 29.090217687132505 -44.626610655677204 -45.626610655677204 0.22571667735299805 0.3042899515617389
0.000238571013006 31598.495244466714 5174807408430.412 -18907617723.41061 21843086.52122163 90680225.33769834 0.13544920565010024 -15.638154007390442 -34.95211883960854 31598.495244466714 0.2257486760835004 505.97827181020875 -33.72637016352504 0.0 -69293.6218050406 -2317614.7887756196 0.0006193072463211557 -150715.75209438594 0.2257486760835004 16071297.348867398 -518.3452647402592 -0.015034232059320972 -0.008242936001048256 28.958015620691334 52.35292870071831 3.2908901149274525 -23.349299609460537 -43.14528971243569 150240.55211935812 462.55387157637097 -3996889001.551249 2589069511.99202 28.732266944607836 -44.07674315614685 -45.07674315614685 0.22574870642290434 0.3043219801735553
0.000241505436466 31591.820659316047 5172634028090.301 -18671897284.60356 21838715.838344898 90648303.44480775 0.1354686117269042 -15.448632165497857 -34.53098794070176 31591.820659316047 0.22578101954484034 505.98439365311845 -33.30520692115692 0.0 -65911.89044999825 -5769537.712706815 0.0006268851742964438 -148882.2530900021 0.22578101954484034 16065649.642210957 -518.5968234806787 -0.015035556426376192 -0.008243391577820572 28.604390851120403 51.72122157120435 3.2558697982977987 -23.347655460883516 -43.14301492813459 148406.79928144958 462.5538651830367 -3946253045.895532 2556089418.8870564 28.37860983157556 -43.533666885428836 -44.533666885428836 0.22578105138044813 0.3043543245672705
0.000244475953334 31585.06540466177 5170434870830.955 -18439162222.020115 21834292.426194645 90616000.31941783 0.13548826010293216 -15.261511893889706 -34.1151942236111 31585.06540466177 0.22581376683822027 505.99059208471635 -32.88938045677288 0.0 -64915.82051777914 4467143.284198801 0.000634555335071917 -147071.03210752533 0.22581376683822027 16059934.719425429 -517.899030217668 -0.01503689885289591 -0.008243854393602385 28.254918900995513 51.0975200798039 3.2211291816705216 -23.345991205200324 -43.140717001826204 146596.2737943095 462.5538589110994 -3896259052.3182783 2523527526.4213505 28.029105134157295 -42.99747327827446 -43.99747327827446 0.22581380020102304 0.3043870729978597
0.00024748300756 31578.22852300142 5168209557398.194 -18209160756.21459 21829815.322744526 90583311.54912773 0.13550815161239596 -15.076585668602055 -33.70427652520812 31578.22852300142 0.2258469193539933 505.99686804728503 -32.47842960585413 0.0 -66184.97982585311 1693333.025775451 0.0006423188390817481 -145281.81845620772 0.2258469193539933 16054151.8209268 -517.9691012588446 -0.015038259520259183 -0.008244324538310362 27.909810893383618 50.48113248136083 3.1869290853194685 -23.34430659788055 -43.13839552400413 144806.98775047288 462.5538527593382 -3846852909.692375 2491348588.3004456 27.683963974029624 -42.46756763364784 -43.46756763364784 0.22584695433696378 0.30442022659333945
0.000250527048553 31571.30904684977 5165956591964.454 -17981915007.481194 21825279.150338136 90550232.6784856 0.1355282579005901 -14.8938725574531 -33.29827717641517 31571.30904684977 0.22588042983431683 506.0032225289699 -32.07239674658085 0.0 -64497.72539093925 -2969998.75940758 0.0006501768098303573 -143514.3447353003 0.22588042983431683 16048300.16835835 -518.3603389917407 -0.015039638024384891 -0.008244802102908445 27.56894674276495 49.87212228801131 3.153195198516504 -23.34260139168792 -43.13604839528669 143039.12044470385 462.55384672738967 -3798039370.5082803 2459555703.6921883 27.34306631293063 -41.94400453937961 -42.94400453937961 0.22588046664158112 0.3044537381446346
0.00025360853125 31564.305997719657 5163676064102.883 -17757504437.281433 21820684.809218165 90516759.2042335 0.13554859227674468 -14.713439196283312 -32.897344276595135 31564.305997719657 0.22591432046124113 506.009656486732 -31.671429956133892 0.0 -63248.51869653724 129288.03646844329 0.0006581303840375755 -141768.3467929497 0.22591432046124113 16042378.971101748 -518.1746129241947 -0.015041034801749818 -0.008245287179502046 27.232137725651615 49.270711641405605 3.119783307170751 -23.340875336422855 -43.13367591607739 141293.3058559416 462.55384081509794 -3749835518.822201 2428160000.313251 27.006223405190376 -41.42697497997498 -42.42697497997498 0.22591435905574464 0.30448762999494683
0.000256727916185 31557.218385802964 5161368280870.538 -17535800911.648624 21816034.069333263 90482886.57390444 0.1355691739101735 -14.535180277426633 -32.501243837111296 31557.218385802964 0.22594862318362252 506.01617094567024 -31.275295213927674 0.0 -62648.618096620914 406080.84391214437 0.0006661807117875829 -140043.56368618866 0.22594862318362252 16036387.441656156 -518.1608276695479 -0.01504245040892502 -0.008245779861370777 26.899448409375985 48.67654954793907 3.0868044823167065 -23.339128178837264 -43.131278718703214 139568.53413723782 462.5538350226566 -3702213821.6900663 2397143542.6573462 26.673499786192362 -40.91617721176677 -41.91617721176677 0.22594866366792998 0.3045219340511036
0.000259885669554 31550.04520975496 5159032345838.161 -17316799911.409576 21811323.93851303 90448610.18491746 0.1355899905049332 -14.359092867214557 -32.109969320484105 31550.04520975496 0.225983317508222 506.02276689846286 -30.88398600297588 0.0 -62321.298340980095 1958834.7208430343 0.0006743289566673827 -138339.7376440625 0.225983317508222 16030324.777531177 -518.0924263532797 -0.015043884771489819 -0.008246280242992404 26.570794298933176 48.08962620822341 3.0542186702231526 -23.337359662574663 -43.128855613670545 137864.77407332286 462.5538293486243 -3655173308.958034 2366505700.7514157 26.344810981424953 -40.41160280390404 -41.41160280390404 0.22598336005129716 0.3045566297159712
0.000263082263289 31542.785457450835 5156668295589.274 -17100408432.89248 21806555.124979716 90413925.38832037 0.1356110543815008 -14.185100657432718 -31.723351171156413 31542.785457450835 0.22601842396916802 506.0294453643954 -30.497332747187244 0.0 -61831.41409378875 -3162718.056359401 0.000682576295934872 -136656.61402668682 0.22601842396916802 16024190.173419219 -518.4470300293469 -0.015045338312503912 -0.008246788419980776 26.246199598845774 47.50968728207823 3.0220950640501654 -23.335569528349797 -43.126406826324896 136181.2934034838 462.5538237933249 -3608693997.028068 2336233457.2675323 26.020181174876605 -39.91303310335243 -40.91303310335243 0.22601846859871422 0.3045917375425303
0.000266318175128 31535.438104770645 5154274868855.099 -16886710338.428228 21801723.198320985 90378827.48311439 0.13563234386165463 -14.013274022820662 -31.341545745322442 31535.438104770645 0.22605390643609105 506.03620734696784 -30.11549183888635 0.0 -59230.06017302068 -454197.0534800824 0.0006909239206618567 -134993.9412875768 0.22605390643609105 16017982.804993585 -518.303895608522 -0.015046810773150895 -0.008247304489198035 25.925474437415186 46.93696731583831 2.9902860753707134 -23.333757513642034 -43.12393061463992 134518.76132258293 462.5538183567229 -3562793909.8290353 2306338555.53634 25.699420530979094 -39.42066974142453 -40.42066974142453 0.226053953300565 0.3046272214452267
0.000269593888682 31528.002116776013 5151853810128.1 -16675649882.76432 21796835.650222667 90343311.72200938 0.13565391646723554 -13.843567579808298 -30.964452275821753 31528.002116776013 0.22608986077872592 506.04305398795515 -29.738362415043028 0.0 -60370.465539416415 4444849.415248636 0.0006993730358856055 -133351.47093830694 0.22608986077872592 16011701.848238945 -517.8511796288658 -0.015048303490543806 -0.008247828548656038 25.608599792024343 46.371315126806394 2.9588161514102054 -23.33192335297834 -43.12142979881176 132876.7411884769 462.55381303871803 -3517461079.6181455 2276813195.287866 25.382509931245618 -38.93438277358637 -39.93438277358637 0.22608990991615285 0.30466317735800186
0.000272909893513 31520.476444867232 5149402987462.098 -16467003030.741013 21791884.607071348 90307373.2979825 0.1356757278716438 -13.675796141588883 -30.591659170748102 31520.476444867232 0.22612621311940637 506.0499862291255 -29.365532957628695 0.0 -59641.86119365764 -4363746.234952232 0.0007079248607588149 -131728.95750841423 0.22612621311940637 16005346.481337056 -518.6155281286337 -0.015049815754819262 -0.008248360697772407 25.295762704047313 45.81211335174902 2.9279173562462235 -23.33006677722465 -43.11890131794622 131253.46088160353 462.553807837405 -3472647350.6572347 2247626013.8619432 25.069636490927905 -38.45364142303998 -39.45364142303998 0.22612626469915065 0.3046995313332824
0.000276266685203 31512.86003170101 5146922018884.191 -16261045000.85262 21786869.14058559 90271007.36790437 0.1356977798582367 -13.510189047669414 -30.223676076092385 31512.86003170101 0.2261629664303945 506.05700526396635 -28.99751310966199 0.0 -57043.80946282437 35204.621636908145 0.0007165806287326838 -130126.15851083181 0.2261629664303945 15998915.842644077 -518.1671836167661 -0.015051347785837619 -0.008248901036941732 24.986543277893258 45.26012645866177 2.8972081623078023 -23.32818751479145 -43.11634476614722 129651.10767198118 462.5538027548559 -3428411878.869836 2218815544.9666047 24.760380311462864 -37.97910291282292 -38.97910291282292 0.2261630206027796 0.30473628635352745
0.000279664765431 31505.151804898804 5144412584205.868 -16057555520.428558 21781796.50342857 90234209.0226368 0.13572012876546297 -13.346564203050956 -29.860098419765777 31505.151804898804 0.22620021460910494 506.06411209980183 -28.633898205156672 0.0 -58095.89098413456 3059100.5504750716 0.0007253415876767954 -128542.8344042043 0.22620021460910494 15992409.092619734 -518.0085951840447 -0.015052900904135953 -0.008249449668096697 24.681126085118244 44.71474755811229 2.8669170942084277 -23.32628529007383 -43.11376287424266 128067.9395718945 462.55379778948816 -3384707334.8646255 2190350954.573298 24.45492587050914 -37.510245521357795 -38.510245521357795 0.2262002714601572 0.30477353629085435
0.000283104642046 31497.350681813743 5141872076280.101 -15856473499.65105 21776656.950813673 90196973.30994248 0.1357427180083228 -13.184871607468214 -29.500815006237993 31497.350681813743 0.22623786334720467 506.0713078788738 -28.274577142890788 0.0 -57220.19700531943 -1986727.8050136885 0.0007342090000701555 -126978.74855805197 0.22623786334720467 15985825.375990395 -518.3837291377422 -0.01505447415991324 -0.008250006694292695 24.37950293458306 44.17580988824125 2.8370774591641688 -23.324359824619677 -43.11115185812146 126503.47598077236 462.5537929413759 -3341520582.3759084 2162223692.241468 24.153265071235857 -37.04692585297172 -38.04692585297172 0.22623792299630952 0.30481118690291387
0.000286586829143 31489.455567139703 5139301261367.142 -15657892142.340897 21771454.12501081 90159295.22321837 0.1357655800969116 -13.025189557750045 -29.145999876625154 31489.455567139703 0.226275966828186 506.0785937412971 -27.919723909796968 0.0 -55828.297410176616 -1005896.8692235216 0.0007431841431456757 -125433.66721732498 0.226275966828186 15979163.81447092 -518.31435303131 -0.015056068398756645 -0.008250572219924831 24.08147847678947 43.64357449266167 2.807533007567771 -23.32241083653159 -43.10851306269351 124958.46137735636 462.5537882105383 -3298871662.7677865 2134446810.2827368 23.855202509961284 -36.58936834632932 -37.58936834632932 0.2262760294703089 0.3048492923512639
0.000290111847141 31481.465353337986 5136699509646.142 -15461735871.868525 21766186.132225525 90121169.70368652 0.13578871084663746 -12.867456050592109 -28.795515239607113 31481.465353337986 0.22631451807772912 506.08597076654934 -27.569200721529384 0.0 -55072.79549172619 954512.1453827386 0.0007522683090600934 -123907.3594669402 0.22631451807772912 15972423.535292605 -518.164641640833 -0.015057683730248923 -0.008251146350696095 23.78706410604308 43.11783468671809 2.778335823872896 -23.320438040563868 -43.10584571139869 123432.30067101076 462.5537835969595 -3256744335.3896365 2107009731.116437 23.56074958796535 -36.137395310087896 -37.137395310087896 0.22631458381503777 0.3048878456703399
0.000293680222861 31473.378920125644 5134067251376.715 -15267956300.978962 21760855.296850346 90082591.6381097 0.13581213423346716 -12.71163164547528 -28.449273485105756 31473.378920125644 0.22635355705577861 506.09344016593525 -27.22291992804998 0.0 -55262.03001251809 1668361.455641587 0.0007614628050557465 -122399.59719721139 0.22635355705577861 15965603.654757874 -518.0858973540599 -0.015059320833174482 -0.008251729193668697 23.496239097563492 42.59845904197338 2.7495050550830924 -23.318441147987645 -43.103150643197964 121924.61445050052 462.5537791006655 -3215128208.3005304 2079905684.2164178 23.269885540507715 -35.69089376576463 -36.69089376576463 0.22635362602553366 0.30492688678730895
0.000297292489602 31465.195134613517 5131402855044.148 -15076464784.40409 21755455.75854161 90043555.85961145 0.13583581984895407 -12.557643332003193 -28.10711232274629 31465.195134613517 0.22639303308159012 506.1010030843963 -26.8807192896647 0.0 -54582.82493591334 -2376288.0125456895 0.0007707689536213085 -120910.15507091414 0.22639303308159012 15958703.28488279 -518.5525299276196 -0.015060979294428657 -0.00825232085725821 23.209032905628522 42.0852041397589 2.7211100483397455 -23.31641986661622 -43.100425557721145 120434.70296654424 462.5537747207856 -3174004227.531064 2053122261.9886062 22.982639872546933 -35.249654428127116 -36.249654428127116 0.22639310548118863 0.30496636509928976
0.000300949187224 31456.912852256683 5128706288481.382 -14887383927.446077 21749988.01126609 90004057.15237276 0.1358597796829985 -12.405594035257556 -27.76926049269531 31456.912852256683 0.22643296613833086 506.1086606734553 -26.54282752655698 0.0 -52524.157249250355 -888942.3699459836 0.0007801880926766064 -119438.81048820313 0.22643296613833086 15951721.508594932 -518.3631643094704 -0.015062659556471326 -0.00825292145115563 22.925217897311917 41.57841308366353 2.692959984991816 -23.3143739010309 -43.09767059082375 118963.54499448449 462.5537704588491 -3133398750.197849 2026676632.7139764 22.698784931173584 -34.81397227341816 -35.81397227341816 0.22643304211310566 0.30500630055864864
0.000304650862227 31448.530914365467 5125978353515.1 -14700623065.405571 21744455.87416761 89964090.23992863 0.13588404801145032 -12.255409096729533 -27.435552137934447 31448.530914365467 0.22647341335241722 506.1164141883358 -26.20907872458203 0.0 -52875.48769482433 3049071.623843846 0.0007897215757179928 -117985.34355406696 0.22647341335241722 15944657.419377694 -518.0132003681792 -0.01506436251300442 -0.008253531086554342 22.64482783360326 41.07783706911753 2.665127604079028 -23.31230295195713 -43.09488715349006 117510.42524085226 462.5537663140501 -3093292299.657122 2000556107.31243 22.41835442025084 -34.38363341870633 -35.38363341870633 0.22647349311714882 0.3050467502591835
0.000308398067833 31440.04814959084 5123217886435.016 -14516039556.822275 21738855.359374154 89923649.79242623 0.13590860719358072 -12.106970405168829 -27.105724762884186 31440.04814959084 0.22651434532263454 506.1242648218526 -25.879210417561552 0.0 -52849.196708826166 -1692529.3936161513 0.0007993707720027051 -116549.53704532787 0.22651434532263454 15937510.109460002 -518.4148396818782 -0.015066088015555337 -0.00825414987602532 22.36796111499842 40.58308236255208 2.6377504690597586 -23.310206716621874 -43.09207366054759 116074.21427930654 462.55376228626113 -3053654218.988978 1974740719.0564067 22.141446769675785 -33.95829935770879 -34.95829935770879 0.2265144290481268 0.30508768485149107
0.000312191364067 31431.463373948078 5120423725649.737 -14333745445.357948 21733182.48859804 89882730.42691234 0.135933439720833 -11.96037217934764 -26.77998771665525 31431.463373948078 0.226555732868055 506.132213767603 -25.553431983787195 0.0 -50834.03406322928 -1094864.1906693259 0.0008091370667180818 -115131.17637880004 0.226555732868055 15930278.634319216 -518.4582614147075 -0.01506783592088013 -0.008254777933521935 22.09440563382359 40.094462997360196 2.6106520350057028 -23.308084888750006 -43.08922852850414 114655.80734591384 462.55375837559626 -3014508590.288177 1949246157.1720655 21.867849900955534 -33.538240059801126 -34.538240059801126 0.2265558207404038 0.30512907516241383
0.000316031317845 31422.775390451658 5117597021018.984 -14153716811.331984 21727442.48411058 89841326.70577131 0.13595858957112278 -11.815595336502387 -26.45829865825882 31422.775390451658 0.22659764928520465 506.1402623595236 -25.231701008973616 0.0 -50969.657820012355 2128308.265455398 0.000819021861164626 -113730.04957759543 0.22659764928520465 15922962.054597521 -518.1165368463408 -0.015069607325669754 -0.00825541537441912 21.82411636929993 39.611915437626486 2.5838240720079404 -23.305937158464285 -43.086353705335235 113255.01939445443 462.55375458290945 -2975850284.072244 1924069077.1577003 21.597518720014726 -33.12340092458896 -34.12340092458896 0.22659774148006018 0.30517099445894547
0.000319918503054 31413.98298743735 5114736677195.832 -13975787820.91023 21721631.641198743 89799433.12891409 0.13598404130896266 -11.67250226472496 -26.140351760587265 31413.98298743735 0.22664006884827112 506.148411758504 -24.913711691738992 0.0 -50542.86667373813 -1810410.6720900093 0.0008290265729055669 -112345.9472412257 0.22664006884827112 15915559.439744152 -518.4949997885124 -0.015071402133955383 -0.008256062315669558 21.55722301910212 39.1349809512648 2.5574343816831466 -23.303763211860478 -43.08344771183983 111870.53568914902 462.5537509072009 -2937643659.235066 1899186265.5012596 21.330582950253852 -32.71338756691091 -33.71338756691091 0.22664016561310052 0.3052134170540688
0.000323853500642 31405.084941577254 5111841850141.474 -13800099604.400316 21715747.261310298 89757044.14833419 0.13600978625344845 -11.531211618550525 -25.826410687524795 31405.084941577254 0.22668297708908075 506.1566632981784 -24.599727710435715 0.0 -48944.74954514505 166462.1440087757 0.0008391526359820197 -110978.66251276461 0.22668297708908075 15908069.812073557 -518.259222116496 -0.015073220388145443 -0.008256718875543577 21.29348029974925 38.66405503892417 2.5312715503806342 -23.30156273174243 -43.08050945166076 110503.48380009977 462.55374735010014 -2899919051.0543475 1874617483.8226619 21.066797322660168 -32.30853999895414 -33.30853999895414 0.2266830786697035 0.30525632848702744
0.0003278368987 31396.080014418643 5108913705536.491 -13626530586.149109 21709794.650352456 89714154.15180829 0.13603586936354484 -11.39162268901115 -25.51625170797077 31396.080014418643 0.2267264489392414 506.1650182891689 -24.289525259031528 0.0 -49476.27743416359 1598429.6063866662 0.000849401501049995 -109627.99104964061 0.2267264489392414 15900492.217870895 -518.1674463945383 -0.015075063213063171 -0.008257385173943832 21.032965540262907 38.19880207897641 2.505449591668895 -23.29933539675577 -43.077540905286924 109152.90114415136 462.55374391044245 -2862650341.3254337 1850345715.9108398 20.806239091323665 -31.908569705527718 -32.90856970552772 0.22672655553951482 0.30529980367955334
0.000331869292554 31386.966954342082 5105949989975.986 -13455010635.08545 21703765.508381173 89670757.47242384 0.13606224475598944 -11.253677632217414 -25.209746211973496 31386.966954342082 0.22677040792664907 506.17347801842243 -23.982975804046845 0.0 -48622.84495836552 -1688716.0602514907 0.0008597746355894284 -108293.7309916449 0.22677040792664907 15892825.689318774 -518.571995979728 -0.015076929908246115 -0.008258061332239278 20.775694035658958 37.7390291819847 2.4800194249460343 -23.29708088186121 -43.074538821669115 107818.23353448683 462.5537405885653 -2825822452.963974 1826361146.2001412 20.548923627732307 -31.513310834170106 -32.513310834170106 0.22677051980310525 0.3053437661710183
0.000335951284852 31377.74449666474 5102951165859.051 -13285651468.452541 21697662.35255386 89626848.3892696 0.13608893896060206 -11.117470691441108 -24.90710366832928 31377.74449666474 0.22681489826767012 506.18204385123727 -23.680288770061612 0.0 -47353.422555902536 -225755.8928636941 0.0008702735240833359 -106975.68293145247 0.22681489826767012 15885069.222235976 -518.3789236164303 -0.015078821233117237 -0.00825874747326393 20.521458880184593 37.2850505364047 2.454807091666331 -23.294798858349235 -43.07150410700719 106500.37551194304 462.5537373859561 -2789459405.7949247 1802679419.2227733 20.294643981916924 -31.123033509776825 -32.123033509776825 0.22681501568347906 0.30538826019682164
0.000340083485656 31368.41136140458 5099917294244.587 -13118342418.986353 21691486.10749221 89582421.11699626 0.13611596803252388 -10.98291014192413 -24.608120268027733 31368.41136140458 0.22685994672087315 506.19071706138857 -23.38126032130686 0.0 -47165.37672728332 836617.2609093835 0.0008808996681870314 -105673.64988419872 0.22685994672087315 15877221.835256513 -518.2678798502893 -0.015080737739416443 -0.00825944372152347 20.270326754560728 36.8365604198013 2.4299145572658207 -23.292488993275548 -43.068437056299565 105198.45044140473 462.55373430210847 -2753537421.2159576 1779285045.5322208 20.043466807839852 -30.737474907267668 -31.737474907267668 0.2268600699533878 0.3054333125222547
0.00034426651253 31358.966255084444 5096847659507.56 -12953049052.428072 21685234.614747338 89537469.81461829 0.13614332746490246 -10.849967962502078 -24.312733735137808 31358.966255084444 0.22690554577483743 506.1994991229941 -23.08582818936297 0.0 -46862.40123201206 149134.99030042766 0.000891654586922545 -104387.43725905838 0.22690554577483743 15869282.527915807 -518.3141309390048 -0.015082679567945378 -0.00826015020304355 20.022271727361943 36.393465420781766 2.4053498196301284 -23.29015094989582 -43.06533677514511 103912.18846489451 462.553731337475 -2718049101.693538 1756173207.969161 19.795366181587102 -30.35655471749524 -31.35655471749524 0.22690567508698578 0.3054789156006418
0.000348500990634 31349.40786966037 5093741546203.869 -12789748031.736202 21678905.715269566 89491988.58062762 0.13617101288628058 -10.718625405401488 -24.020902401464465 31349.40786966037 0.22695168814380098 506.20839135626966 -22.793950713320665 0.0 -46181.0031615729 -799929.8382580267 0.0009025398168611124 -103116.85282959214 0.22695168814380098 15861250.288201876 -518.5069646699849 -0.015084646865248314 -0.008260867045473484 19.777255081068194 35.9557030394821 2.3811075457388498 -23.28778438738861 -43.06220236934963 102641.40806729152 462.553728491813 -2682989434.862586 1733340643.0256464 19.550303392924395 -29.980219206385744 -30.980219206385744 0.22695182387678292 0.30552506222778464
0.000352787552818 31339.73488348764 5090598552287.784 -12628468805.121637 21672498.505128637 89445971.45781091 0.13619902842882173 -10.588907973690677 -23.732682946614574 31339.73488348764 0.22699838071470288 506.21739515731826 -22.50568456589987 0.0 -45141.965130878 -185260.57606390727 0.0009135569123234975 -101861.70670485322 0.22699838071470288 15853124.085190171 -518.4169457463286 -0.015086639951864052 -0.008261594378009088 19.535174002841693 35.52335829301697 2.357117249451758 -23.285388961082376 -43.0590334259356 101386.34879253284 462.55372576638734 -2648364754.8965225 1710791477.316626 19.308175622126992 -29.608541466237863 -30.608541466237863 0.22699852315887126 0.3055717592652072
0.000357126839718 31329.945959434197 5087419080786.354 -12469157385.704744 21666015.30033399 89399412.42449865 0.13622739995006486 -10.460771257503042 -23.447976720303156 31329.945959434197 0.22704566658344144 506.2265120011244 -22.220931053719713 0.0 -45019.17195239637 993829.9766767998 0.0009247074455569327 -100621.81130062666 0.22704566658344144 15844902.892759074 -518.2821460675477 -0.015088659588701776 -0.008262332331569398 19.296029019083278 35.096283191593585 2.3334124213314045 -23.282964321975946 -43.05583077093297 100146.58498533005 462.5537231614207 -2614163467.241456 1688518156.9735422 19.068983352499835 -29.241394281525295 -30.241394281525295 0.2270458160716574 0.3056190498157981
0.000361519499847 31320.03974592377 5084201991649.895 -12311739165.362743 21659452.264818273 89352305.39976029 0.13625611218176467 -10.334153475626863 -23.16664640832898 31320.03974592377 0.22709352030294114 506.2357432897069 -21.93955288802604 0.0 -44670.34779852497 -724541.2611374337 0.0009359930069256345 -99396.98131276773 0.22709352030294114 15836585.681606127 -518.5080693038763 -0.015090705712164488 -0.008263081038713318 19.05984691050576 34.67427177239248 2.31005267193271 -23.28051011698397 -43.052592860392 98921.52583632426 462.5537206772907 -2580369538.1742754 1666510240.4554257 18.83275339020282 -28.878600575886182 -29.878600575886182 0.22709367718849427 0.30566690843039057
0.000365966189695 31310.01487701362 5080946745163.814 -12156265222.0062 21652807.96173885 89304644.24400857 0.13628516604723281 -10.209098299068945 -22.888789058741708 31310.01487701362 0.2271419434120547 506.2450904777533 -21.661647115329654 0.0 -43475.5281389776 -580281.6594823367 0.0009474152051143894 -98187.03368858443 0.2271419434120547 15828171.386626264 -518.4994147379475 -0.015092778587529797 -0.008263840633641956 18.82650057351358 34.2574696069752 2.2869417771536744 -23.278025988943185 -43.04931907260861 97711.58359291908 462.55371831437293 -2546993950.258963 1644774882.5928886 18.599358630101527 -28.52028549937189 -29.52028549937189 0.2271421080359768 0.3057153367081218
0.000370467573828 31299.869971515007 5077653686409.246 -12002709309.854244 21646084.49425199 89256422.75505798 0.13631458637575924 -10.085584549018414 -22.614357644301304 31299.869971515007 0.22719097729293208 506.2545550899126 -21.387166667008373 0.0 -43255.57011676905 1054064.7282339903 0.0009589756673185336 -96991.78759925795 0.22719097729293208 15819658.948461395 -518.2798943846283 -0.015094878964340233 -0.008264611252286605 18.595958789275592 33.84580614068765 2.2640799745819526 -23.275511576381213 -43.04601014937266 96516.55371502269 462.5537160735179 -2514031071.213163 1623308413.3661144 18.36876781198266 -28.166388407838113 -29.166388407838113 0.2271911500586098 0.3057643759903955
0.000375024324986 31289.60363263679 5074322146380.428 -11850969019.67137 21639279.921603806 89207634.66667938 0.13634437098850216 -9.96352699851758 -22.34316276854055 31289.60363263679 0.22724061831417028 506.2641385947692 -21.115922150226382 0.0 -43077.55193044617 -510227.59483763884 0.0009706760394347296 -95811.06441319374 0.22724061831417028 15811047.316704113 -518.4841667599394 -0.015097007051964078 -0.008265393032350462 18.368285027699528 33.43899728003943 2.241562761376374 -23.272966513414413 -43.04266527334534 95335.62291170715 462.55371395466904 -2481458894.466557 1602096499.4293773 18.14104440938536 -27.816665061666807 -28.816665061666807 0.22724079962205435 0.30581402267925073
0.000379637124183 31279.21444918097 5070950943272.885 -11701096128.39265 21632390.257708684 89158273.65453447 0.13637450404770643 -9.842969964064755 -22.07530288910347 31279.21444918097 0.22729084007951073 506.273842493181 -20.848012049023957 0.0 -41956.979356988304 -459249.15408088156 0.000982517986271499 -94644.6876694545 0.22729084007951073 15802335.395984922 -518.5176902506646 -0.015099162788045762 -0.008266186113212308 18.1433535059029 33.037190720295364 2.2192940894403987 -23.27039043003023 -43.03928283593521 94169.20926203977 462.5537119588146 -2449288550.046062 1581146393.2941155 17.91606266582339 -27.47124242822858 -28.47124242822858 0.22729103034254683 0.3058642504019531
0.000384306660811 31268.70099441989 5067540788202.396 -11553072330.172342 21625419.08745964 89108333.33109647 0.13640502076300964 -9.72389890340982 -21.810745742041096 31268.70099441989 0.22734170127168274 506.28366838395425 -20.583404040769413 0.0 -41748.25032926056 682491.6239562933 0.0009945031917450772 -93492.48305082502 0.22734170127168274 15793522.096376942 -518.347425850312 -0.015101347140747769 -0.008266990636036838 17.921125517129756 32.64033804597108 2.1972654881528966 -23.267782951794604 -43.03586414813853 93017.17148912285 462.55371008706203 -2417516114.0911827 1560455536.8328335 17.693783815858076 -27.13007890191941 -28.13007890191941 0.2273419009498444 0.30591511783756586
0.000389033632739 31258.061825314606 5064090610444.644 -11406804016.4317 21618362.878953498 89057807.24220292 0.13643590862481944 -9.60623585651193 -21.5493180642855 31258.061825314606 0.22739318104136574 506.29361778114463 -20.321924883244137 0.0 -41345.64353636672 -448567.7680766416 0.0010066333590636487 -92354.27835876432 0.22739318104136574 15784606.339640187 -518.5449542764691 -0.015103560121485298 -0.008267806743855247 17.701656087420165 32.248179369414466 2.175562795128456 -23.265143699643318 -43.03240777448606 91878.76581226234 462.55370833887275 -2386121469.8785653 1540010828.7262475 17.4742629063788 -26.792951047955114 -27.792951047955114 0.22739339057992247 0.30596660415756105
0.000393818746422 31247.295484448714 5060599833622.812 -11262347733.364702 21611220.081200007 89006688.87651038 0.13646716854609137 -9.490029240097591 -21.291127449914782 31247.295484448714 0.2274452809101523 506.303692294269 -20.06368216900463 0.0 -40544.73972771828 -42966.71163995366 0.0010189102109648546 -91229.9034865053 0.2274452809101523 15775586.997352831 -518.4833910902234 -0.015105802014950083 -0.008268634581403485 17.48481561299303 31.860876081235457 2.154084985670022 -23.262472290346633 -43.028913041482824 90754.44900845656 462.55370671615884 -2355116775.4986787 1519820189.5988376 17.25737033208288 -26.459997616204035 -27.459997616204035 0.22744550078783288 0.30601871089994914
0.000398662717002 31236.40049753049 5057068652842.839 -11119641780.482323 21603992.234065372 88954971.65390746 0.1364988224318736 -9.3752279162189 -21.03606029149663 31236.40049753049 0.22749803738645602 506.3138935008998 -19.80856225411017 0.0 -40244.62123507697 -20656.401206699662 0.001031335489883891 -90119.1903947331 0.22749803738645602 15766462.963679066 -518.4833992844942 -0.01510807353184982 -0.008269474295356469 17.270621221299102 31.47825775811612 2.132878884129975 -23.2597683358743 -43.02538046931581 89643.73237591791 462.55370521858913 -2324488778.1890674 1499874985.9564383 17.043123183912645 -26.13107210278068 -27.13107210278068 0.2274982681230303 0.30607147458425077
0.000403566268422 31225.37537482981 5053496029782.116 -10978671571.225368 21596675.949799307 88902648.93262108 0.13653085909345855 -9.26182040386619 -20.784091059100366 31225.37537482981 0.22755143182243093 506.32422304800525 -19.556539627277935 0.0 -39581.81337846566 18659.93732182997 0.0010439109581954862 -89021.97308483104 0.22755143182243093 15757233.110381152 -518.4911389802292 -0.01511037472037491 -0.008270326034211153 17.0590325717597 31.100286111376395 2.1119329087619936 -23.257031443736217 -43.021808672461894 88546.50375452328 462.55370384790035 -2294234345.620133 1480173179.7047093 16.83148113993727 -25.806141584812877 -26.806141584812877 0.22755167395560572 0.30612487659350285
0.000408530133523 31214.218610394797 5049882077798.249 -10839421457.72303 21589272.453795265 88849714.0057855 0.13656329860115204 -9.149794328840395 -20.535192284239624 31214.218610394797 0.22760549766858676 506.3346825752277 -19.307586786571036 0.0 -39389.20857985679 225978.97335446658 0.001056638398386403 -87938.0875766151 0.22760549766858676 15747896.29944304 -518.4631283526396 -0.015112706261263901 -0.008271189948368523 16.8500113362427 30.72691992713657 2.0912371549438182 -23.254261216771933 -43.01819804742881 87462.64264630989 462.5537026040757 -2264350122.7851043 1460712584.7627919 16.622405838574114 -25.485170640365368 -26.485170640365368 0.22760575175393805 0.30617895038282583
0.000413555054166 31202.928681899288 5046225690998.281 -10701838164.800066 21581778.09555345 88796160.10101444 0.1365961282558837 -9.03910553617324 -20.28926582594925 31202.928681899288 0.22766021375980616 506.345273742118 -19.061605612189446 0.0 -38692.36153893742 -700087.0612650346 0.0010695196132975945 -86867.37188102827 0.22766021375980616 15738451.396696486 -518.6595017616492 -0.015115068179468574 -0.00827206619015898 16.643566477328395 30.358012001003935 2.0708291373415704 -23.251457253096227 -43.014547104073216 86391.7269263707 462.5537014882227 -2234824661.9166255 1441485746.6858232 16.41590626356859 -25.168032709683516 -26.168032709683516 0.22766048039822462 0.3062336748072386
0.000418641781332 31191.504051366264 5042526740117.366 -10565980790.35102 21574193.140596103 88741980.3841334 0.13662936191991307 -8.9298047648485 -20.046424458063207 31191.504051366264 0.22771560319985512 506.35599826920327 -18.818708854863353 0.0 -38014.81491269832 446057.55945363216 0.0010825564263177003 -85809.66597832169 0.22771560319985512 15728897.217738042 -518.4420118842972 -0.015117461037915973 -0.008272954913790254 16.439568463714192 29.993731486028192 2.0506061312080623 -23.248619146261873 -43.01085586475079 85334.23482230215 462.55370050172485 -2205670671.9725304 1422500943.7697105 16.211852860514337 -24.85487322262748 -25.85487322262748 0.22771588298532153 0.30628907297995267
0.000423791075242 31179.94316312887 5038785419197.983 -10431740286.16532 21566519.15624104 88687167.94981742 0.13666302244990786 -8.821800713098648 -19.80646532162649 31179.94316312887 0.22777170408317976 506.3668578293252 -18.578693617543312 0.0 -38063.32867130074 81967.81141873589 0.001095750681594907 -84764.81179245916 0.22777170408317976 15719232.630017005 -518.5216223986499 -0.015119885584379574 -0.008273856275542264 16.238096762986007 29.633774081078673 2.0306761795315964 -23.245746484735882 -43.007124856047945 84289.29729491657 462.55369964450193 -2176864724.201118 1403742914.059589 16.010325058902826 -24.5454305794596 -25.5454305794596 0.22777199768021839 0.3063451830389996
0.000429003705468 31168.24444549864 5034999898436.828 -10299126846.46498 21558749.603790432 88631715.8298192 0.13669707799899544 -8.71510278519279 -19.56940926783434 31168.24444549864 0.22782846333165907 506.3778541802062 -18.341580804502684 0.0 -37167.019613651086 -586577.3718944747 0.0011091042442658967 -83732.65316807719 0.22782846333165907 15709456.447961751 -518.6561525869765 -0.015122341469514848 -0.008274770433630948 16.039083789856576 29.278171080640966 2.0109984511691517 -23.24283885229609 -43.00335146407073 83257.00036695428 462.55369891785523 -2148409009.0207677 1385213088.610185 15.811255326524918 -24.239731668355656 -25.239731668355656 0.22782877141311564 0.3064019519005553
0.000434280451045 31156.406310571438 5031170933135.78 -10168168063.851606 21550888.312662702 88575616.9923678 0.13673156700007258 -8.609735169607475 -19.3353101057945 31156.406310571438 0.22788594500012097 506.3889891066418 -18.107424160794377 0.0 -36798.04914350275 510021.263947569 0.0011226190006646908 -82713.03584772865 0.22788594500012097 15699567.466642471 -518.4650885335141 -0.015124829761813558 -0.008275697548238871 15.842440944580002 28.927003177025032 1.9915105529577466 -23.239895827964958 -42.999537087926285 82237.57029628307 462.5536983232888 -2120309468.362587 1366915335.535908 15.61455499957988 -23.937845880828416 -24.937845880828416 0.2278862682713243 0.30645944366062516
0.000439622100593 31144.427151845048 5027297604455.266 -10038758349.93881 21542932.403939545 88518864.33120841 0.13676648267749547 -8.505609306376565 -19.10397102554421 31144.427151845048 0.22794413779582579 506.4002643310341 -17.876026887748385 0.0 -36577.6170109899 -251077.38371917987 0.0011362968585287873 -81705.80744772704 0.22794413779582579 15689564.528708095 -518.6385354395752 -0.015127350624180686 -0.008276637781742195 15.648245628486771 28.579975159051042 1.9723174409601136 -23.236916985398736 -42.99568052866989 81230.16459281615 462.55369786061283 -2092543412.122447 1348834876.8578598 15.420301490690946 -23.639519416932863 -24.639519416932863 0.22794447700210185 0.3065176470448655
0.00044502945243 31132.305347668782 5023379078825.828 -9910948444.804365 21534879.346109986 88461450.68228532 0.13680182068902588 -8.40276897594649 -18.875489310531496 31132.305347668782 0.2280030344817098 506.4116817271161 -17.647486276049786 0.0 -35773.96938400205 -238097.91331570953 0.0011501397472496815 -80710.81743632196 0.2280030344817098 15679446.399500666 -518.6142163475452 -0.015129904272046529 -0.008277591298415625 15.456381781059507 28.23723295430334 1.9533283302877453 -23.233901893726035 -42.99178071808911 80235.1950006925 462.5536975320247 -2065121750.0089116 1330978820.661904 15.228378746577798 -23.344877730141707 -24.344877730141707 0.22800339040925888 0.306576554844029
0.000450503314695 31120.039257572294 5019415679228.881 -9784701035.519241 21526731.253509145 88403368.80669238 0.13683760838445783 -8.301183400246037 -18.649796605560763 31120.039257572294 0.22806268064076304 506.4232430824775 -17.421733924919998 0.0 -35535.85171315379 327504.6340177238 0.0011641496180617833 -79727.91711050198 0.22806268064076304 15669211.872502647 -518.5380821811559 -0.015132491562722955 -0.008278558264775675 15.266843332331701 27.89867401479422 1.9345632148441558 -23.23085011661552 -42.98783838922955 79252.36686671006 462.55369733797215 -2038036472.157991 1313341948.2208033 15.038780651690937 -23.053832672536185 -24.053832672536185 0.22806305411710082 0.3066362126516248
0.000456044505466 31107.627224442043 5015406331800.005 -9659968115.342402 21518484.639517337 88344611.40133582 0.13687383526286007 -8.200812671634267 -18.426804211428536 31107.627224442043 0.22812305877143346 506.43495028621464 -17.1986811526571 0.0 -35147.2705131605 -224849.0917894262 0.0011783284442867643 -78756.9595742885 0.22812305877143346 15658859.739772638 -518.6443017460842 -0.015135112595762789 -0.008279538849400296 15.079638216213924 27.564165297552325 1.9160559175177876 -23.227761212797205 -42.9838521009374 78281.29912464335 462.5536972796077 -2011277263.8582826 1295917543.0440598 14.851515157442492 -22.766269860210976 -23.766269860210976 0.22812345065495498 0.30669660301394297
0.000461653852883 31095.06757339763 5011350630292.076 -9536767894.089886 21510138.7003957 88285171.09397173 0.13691050918499395 -8.101673057816393 -18.206548290236423 31095.06757339763 0.22818418197498994 506.4468051819839 -16.978364108261434 0.0 -34563.348967269885 -76820.7113517086 0.0011926782215486826 -77797.79971663363 0.22818418197498994 15648388.749024324 -518.6368093771744 -0.015137767844260408 -0.008280533223044617 14.89469259531044 27.233761041362975 1.8977573496268625 -23.224634735762542 -42.97982145154804 77322.142728708 462.55369735791874 -1984848045.377264 1278708159.3275127 14.666508413335452 -22.4822359268531 -23.4822359268531 0.22818459316148343 0.30675773903589454
0.000467332195273 31082.358612132226 5007248268144.141 -9415068859.158182 21501693.04093691 88225040.44518483 0.13694764093387018 -8.00373863104761 -17.988971240748572 31082.358612132226 0.228246068223117 506.4588097161215 -16.760725172525454 0.0 -34232.406085195296 96809.78707372474 0.0012072009680100637 -76850.29418952279 0.228246068223117 15637797.664575905 -518.6207974967838 -0.015140457844158515 -0.008281541558625755 14.711995126853578 26.90737483838182 1.8796812385003503 -23.22147023382828 -42.975746195776374 76374.64913822178 462.5536975742993 -1958742050.7845685 1261709390.2218146 14.483749058630462 -22.201656592059667 -23.201656592059667 0.22824649965952304 0.30681963873858753
0.000473080381275 31069.498629946662 5003098659913.336 -9294843644.158104 21493146.147952713 88164211.94419388 0.13698523387646896 -7.906986950137048 -17.774023198640062 31069.498629946662 0.2283087231274483 506.47096578428386 -16.545714475512614 0.0 -33803.5553279837 -149676.70443052542 0.0012218987245890592 -75914.30138661567 0.2283087231274483 15627085.239426862 -518.6701043064968 -0.015143182986416436 -0.008282564031325372 14.531529953278062 26.58493189025094 1.8618364449778277 -23.21826724987457 -42.97162565369341 75438.60290796286 462.5536979297937 -1932953404.0621834 1244917409.2613645 14.303221230150612 -21.924467552499678 -22.924467552499678 0.2283091758168474 0.306882307761412
0.000478899269965 31056.48589878479 4998901235166.533 -9176090842.208078 21484496.574918367 88102678.01413403 0.137023291965656 -7.8114176399405135 -17.561703336113226 31056.48589878479 0.22837215327609334 506.48327538716524 -16.33333118283713 0.0 -33312.85225860546 -31609.516559547854 0.0012367735551999995 -74989.6814223814 0.22837215327609334 15616250.201913638 -518.651503306668 -0.015145943677884572 -0.008283600818512812 14.353249446185677 26.266430953077805 1.8441994358603422 -23.215025321580903 -42.967459168488965 74513.99737824322 462.553698425799 -1907481808.7567377 1228332024.363423 14.124877292909582 -21.650667740777713 -22.650667740777713 0.2283726282499624 0.3069457527158187
0.000484789730985 31043.318671851615 4994655762634.871 -9058783161.879395 21475744.24333615 88040431.00591269 0.13706182865397712 -7.717008303779502 -17.35196190270108 31043.318671851615 0.22843638108996187 506.4957404782386 -16.123525521611118 0.0 -32987.557017078114 100601.44884043103 0.0012518275469706108 -74076.29611107465 0.22843638108996187 15605291.286152579 -518.64171527898 -0.015148740520920256 -0.00828465209988588 14.177138863564 25.951797393688302 1.8267795973211938 -23.21174398105951 -42.96324661440149 73600.61764241007 462.55369906299904 -1882321406.7676954 1211949419.821278 13.948702482474038 -21.3801930006599 -22.3801930006599 0.22843687944693303 0.30700999606345303
0.000490752644677 31029.995184383122 4990361414961.024 -8942894271.6508 21466886.681355406 87977463.20225184 0.13710084124354135 -7.62373732954649 -17.14475086750115 31029.995184383122 0.22850140207256894 506.50836308930104 -15.91624946542858 0.0 -32616.828157921827 -107605.67758681973 0.0012670628104977247 -73174.00894546966 0.22850140207256894 15594207.217731047 -518.7116741959471 -0.015151573797181841 -0.0082857180574185 14.00318288732757 25.640959167227532 1.8095854391460462 -23.208422755024177 -42.95898693293077 72698.25625820665 462.5536998433508 -1857466543.5903223 1195765914.0733635 13.774681485255 -21.112981392975414 -22.112981392975414 0.2285019249589434 0.30707503333843156
0.000496788902206 31016.513653250255 4986017721988.128 -8828422342.092033 21457922.858228482 87913766.81622426 0.13714033701732217 -7.5316039755301185 -16.940068593055557 31016.513653250255 0.22856722836220364 506.52114525263 -15.711501364693353 0.0 -32107.460087711937 -130834.60839561341 0.0012824814800569096 -72282.68507777121 0.22856722836220364 15582996.69563093 -518.7366206309671 -0.015154443993525023 -0.00828679887541387 13.831336163441847 25.3339138134626 1.7925948398480143 -23.205061164668148 -42.95467962424169 71806.90313676448 462.5537007677749 -1832916832.6498816 1179781256.0703495 13.602768935079645 -20.849030806306224 -21.849030806306224 0.22856777697981 0.3071408767120314
0.000502899405703 31002.87227667336 4981624311852.978 -8715352996.584717 21448852.144171447 87849333.99032272 0.1371803261694829 -7.440596815632756 -16.73788970313869 31002.87227667336 0.22863387694913817 506.5340890225628 -15.509255826189554 0.0 -31726.497915978143 89930.74520043122 0.001298085713862531 -71402.19129797115 0.22863387694913817 15571658.417338656 -518.6944421843218 -0.015157351659832811 -0.008287894740547764 13.661569573324629 25.030623262391664 1.7758017894181717 -23.20165872556891 -42.95032434306716 70926.4471801299 462.5537018379156 -1808669191.167513 1163993438.2518008 13.432935696375491 -20.58830851656487 -21.58830851656487 0.22863445254957881 0.3072075432313891
0.000509085068393 30989.069233873022 4977180780836.063 -8603651952.232273 21439673.787859973 87784156.79523921 0.13722081823777152 -7.350687413020927 -16.53815101891728 30989.069233873022 0.22870136372961922 506.5471965232589 -15.30944965518766 0.0 -31408.649255230728 -86765.89215572132 0.0013138776942853499 -70532.39601497032 0.22870136372961922 15560191.087038187 -518.725260713094 -0.015160297337324864 -0.008289005841918428 13.49387950531875 24.730992740466046 1.7592257578047115 -23.198214947576467 -42.94592069488634 70056.6166749521 462.5537030547989 -1784716257.8782947 1148397666.2114978 13.26517814158913 -20.330733050625884 -21.330733050625884 0.2287019676427563 0.3072750488137823
0.000515346814735 30975.102685317168 4972686281718.288 -8493313309.808888 21430385.25165295 87718227.2314697 0.1372618107335604 -7.261871544151973 -16.340843151054102 30975.102685317168 0.228769684555934 506.5604698521131 -15.112073466498169 0.0 -30915.1267948707 -62968.45615532311 0.0013298596281067598 -69673.16923639704 0.228769684555934 15548593.37776603 -518.7420818051323 -0.015163281329779852 -0.008290132371042928 13.328227383110864 24.435008165062513 1.7428506164745907 -23.194729334849768 -42.94146758815335 69197.36862218005 462.55370442014475 -1761056769.957602 1132993119.089812 13.099457698554929 -20.076292300237082 -21.076292300237082 0.22877031816016236 0.30734338936619154
0.000521685580556 30960.97077263195 4968140653244.337 -8384325530.930486 21420986.770773087 87651537.22933896 0.13730332028385042 -7.174140177079572 -16.145946053189938 30960.97077263195 0.2288388671397507 506.57391118514994 -14.917107186050188 0.0 -30641.08092531171 130684.09081073682 0.001346033746750295 -68824.38254975238 0.2288388671397507 15536863.957066106 -518.704842581792 -0.015166304330198143 -0.00829127452188438 13.164582231222658 24.142639457404986 1.7266676363389406 -23.191201385808764 -42.93696500917628 68348.61467217976 462.5537059350541 -1737688255.8598013 1117778186.9243333 12.935743364082908 -19.82496041470631 -20.82496041470631 0.22883953189174788 0.3074125926386535
0.000528102313197 30946.67161772278 4963543056826.851 -8276645917.634843 21411475.850704897 87584078.64530884 0.13734534503377666 -7.08745759987351 -15.953380362731913 30946.67161772278 0.22890890838962777 506.5875226917393 -14.724471454342286 0.0 -30280.90180132102 -186924.24492264178 0.001362402306529822 -67985.90910238016 0.22890890838962777 15525001.512201214 -518.8268331567378 -0.015169366664485649 -0.008292432490950834 13.002952738530777 23.853767574634652 1.7107078794925294 -23.18763059288861 -42.932411878968104 67510.01468110239 462.5537076007638 -1714601543.8779242 1102746897.1335607 12.77404383014115 -19.576635050550497 -20.576635050550497 0.22890960581732722 0.3074826555936794
0.000534597971649 30932.203324126353 4958892820396.195 -8170297154.641686 21401850.671656825 87515843.26882342 0.13738788789478504 -7.00184405143497 -15.763191059329246 30932.203324126353 0.22897981315797508 506.60130658955944 -14.534211246171271 0.0 -29754.21754061708 -40861.43956802331 0.0013789675889012885 -67157.62358326497 0.22897981315797508 15513004.660986073 -518.7948895900772 -0.015172468759049738 -0.00829360647719331 12.843266064475886 23.568459984607884 1.6949197842072583 -23.184016442850265 -42.92780737888888 66681.75650105378 462.553709419645 -1691801515.7213748 1087902430.8370802 12.61428625131791 -19.331374212148635 -20.331374212148635 0.22898054485260433 0.30755358312178416
0.0005411735267 30917.56397501135 4954190039673.268 -8065243622.340254 21392112.521256126 87446822.81335302 0.13743097327578202 -6.917269858581444 -15.575312238737702 30917.56397501135 0.22905162212630337 506.6152651155852 -14.3462606166114 0.0 -29508.04973897242 59526.229666308776 0.0013957319006912437 -66339.40220381647 0.22905162212630337 15500872.066136995 -518.7681929965474 -0.015175611477811182 -0.008294796682206987 12.685523102697124 23.286617817397786 1.6793259993185288 -23.18035841625363 -42.92315190139689 65863.55716272132 462.55371139268436 -1669280525.558247 1073239806.9718293 12.45647148057082 -19.089092912170962 -20.089092912170962 0.22905238976242737 0.30762541596884874
0.000547829961079 30902.75163397358 4949433597077.956 -7961459719.799575 21382257.788517684 87377008.92063382 0.1374745921830784 -6.833713883789887 -15.389696915359865 30902.75163397358 0.22912432030513066 506.6294005481213 -14.160572595054735 0.0 -29109.31233851485 -81784.1643082907 0.0014126975743550063 -65531.12267952086 0.22912432030513066 15488602.374351611 -518.8268971835932 -0.015178795017482448 -0.008296003310180534 12.529712738775332 23.008170599604753 1.6639367808493495 -23.176655987627704 -42.91844392505987 65055.214226262324 462.5537135214453 -1647033075.2288747 1058755446.5499071 12.3005884184702 -18.849730559269954 -19.849730559269954 0.22912512564096876 0.3076981391879048
0.0005545682696 30887.76434535622 4944623226992.962 -7858950408.866807 21372286.30940881 87306393.16267268 0.13751875944044298 -6.751181205788421 -15.20635639721937 30887.76434535622 0.2291979324007383 506.64371519802467 -13.977158464818631 0.0 -28766.628322806948 12819.081304950094 0.0014298669682254724 -64732.66421200551 0.2291979324007383 15476194.190468958 -518.8053809744888 -0.015182020058872068 -0.008297226567888732 12.375785924890812 22.73313528502881 1.648723806511588 -23.172908625521803 -42.91368327192703 64256.77251430295 462.553715807602 -1625060239.4451725 1044450049.8325049 12.146587992490073 -18.613301736303512 -19.613301736303512 0.22919877727916904 0.30777177755157004
0.000561389459316 30872.600132874133 4939758245436.864 -7757679611.642174 21362196.231416404 87234967.0357717 0.1375634784818105 -6.66964166599133 -15.025223670324156 30872.600132874133 0.22927246413635083 506.65821137612244 -13.795951206187805 0.0 -28404.784058378304 -99179.86156659355 0.0014472424667586424 -63943.907470340775 0.22927246413635083 15463646.156083908 -518.8716140743054 -0.015185287058757706 -0.008298466664839077 12.223745798138756 22.461411350774117 1.6337112082354264 -23.169115792132033 -42.90886910295448 63467.94472536942 462.55371825240286 -1603354270.4453244 1030318571.3642546 11.994473334002405 -18.379720024286254 -19.379720024286254 0.22927335048778996 0.30784633683297735
0.000568294549666 30857.25700097358 4934838064777.532 -7657656359.673883 21351986.096334472 87162721.96745284 0.13760875561240038 -6.589103850955892 -14.846317825253687 30857.25700097358 0.2293479260206673 506.6728914877654 -13.61696989923302 0.0 -28009.730761687417 34850.273857971326 0.001464826480799599 -63164.73457363598 0.2293479260206673 15450956.851734973 -518.829929871572 -0.015188596536652194 -0.008299723813171369 12.073539169327567 22.19302742920698 1.6188659679452455 -23.16527694361098 -42.904000730139735 62688.808644494544 462.55372085830373 -1581917116.2736716 1016362281.1054864 11.8441912433069 -18.14901004198068 -19.14901004198068 0.22934885586822906 0.3079218276127449
0.000575284572627 30841.732933017796 4929862451032.731 -7558842177.939423 21341655.88134726 87089649.30844189 0.13765460723242945 -6.509535494139415 -14.669567182876374 30841.732933017796 0.22942434538738243 506.68775791326595 -13.440142837488992 0.0 -27763.10378848338 -33439.478497506534 0.00148262144780905 -62395.02907345026 0.22942434538738243 15438124.906943645 -518.8708010042828 -0.015191949220493045 -0.008300998227845408 11.925173263420803 21.927875992518768 1.604215839674044 -23.16139152958285 -42.899078025753305 61919.05735047173 462.55372362610467 -1560740516.2326252 1002575798.3203279 11.69574891803342 -17.921079354734953 -18.921079354734953 0.22942532085379297 0.3079982772833657
0.00058236057287 30826.025892537735 4924830259522.431 -7461232694.905209 21331201.876983933 87015740.33909984 0.13770102453761043 -6.430933644156357 -14.494965171514291 30826.025892537735 0.22950170756268407 506.7028130820928 -13.265463463951608 0.0 -27315.729664645864 -84657.73601890622 0.001500629832144448 -61634.67593618681 0.22950170756268407 15425148.90138749 -518.9101002879397 -0.015195345336241355 -0.0083022901265514 11.77861279157486 21.665947188083873 1.5897453863236555 -23.157458993424598 -42.89409941698404 61158.65993531585 462.55372655781133 -1539823535.20248 988958516.365851 11.549111084012175 -17.69591948769035 -18.69591948769035 0.22950273087802597 0.3080756712376471
0.000589523607916 30810.13382264292 4919741518421.3545 -7364823385.17433 21320625.131183658 86940986.26719992 0.1377480316903824 -6.353295236270667 -14.322505016439086 30810.13382264292 0.22958005281730404 506.71805947646465 -13.092924963621781 0.0 -27038.58459881927 54916.72473099738 0.0015188541253091019 -60883.56152592346 0.22958005281730404 15412027.403995894 -518.8660857528812 -0.015198785778459692 -0.008303599729787742 11.6338231200642 21.407230840386195 1.575439585966189 -23.153478772086117 -42.88906519078073 60407.58450536137 462.55372965549566 -1519165210.5959544 975509807.6775148 11.404243067246897 -17.473521705022197 -18.473521705022197 0.22958112630581728 0.30815404982305117
0.000596774748294 30794.054644994583 4914595292121.729 -7269573648.911058 21309922.787020184 86865378.22366278 0.13779562615099694 -6.276586078569654 -14.152110731859967 30794.054644994583 0.22965937691832825 506.7334995694416 -12.92245135494164 0.0 -26706.316180448357 -96351.01868044678 0.001537296846195064 -60141.57358744146 0.22965937691832825 15398759.028439315 -518.951279635512 -0.015202270909968193 -0.008304927260979367 11.490815738657277 21.15161297215051 1.5613297638856867 -23.149450295799745 -42.88397410346064 59665.50628190941 462.55373292023194 -1498756821.9609082 962223993.8521974 11.26115636173895 -17.253788017843863 -18.253788017843863 0.22966050303724772 0.30823340888457784
0.000604115077698 30777.786261623212 4909391009904.811 -7175500221.85357 21299093.47120503 86788907.27168079 0.1378438157746456 -6.20082143625076 -13.98381625207524 30777.786261623212 0.22973969295774269 506.7491359491258 -12.754076559117497 0.0 -26327.80066093579 12577.311551559806 0.0015559605413665173 -59408.60122974986 0.22973969295774269 15385342.295630509 -518.9143094765168 -0.015205801308005109 -0.008306272946338181 11.349530071908209 20.89914448046028 1.5473742123991525 -23.14537298850154 -42.878825488854226 58932.5657457622 462.5537363544785 -1478601973.6519382 949103423.6900578 11.119790378950466 -17.036762186939136 -18.036762186939136 0.2297408742634376 0.30831376157958135
0.000611545693153 30761.326552432776 4904128410013.037 -7082563969.0079 21288137.066333793 86711564.39557071 0.13789261734012573 -6.125968333962225 -13.81754832338291 30761.326552432776 0.22982102890020956 506.7649711323724 -12.5877272944827 0.0 -26073.64061033311 -41053.380252970186 0.0015748477852916111 -58684.534909093614 0.22982102890020956 15371775.803835934 -518.9587025773872 -0.015209377735085971 -0.008307637015116186 11.209976763970024 20.64971547544096 1.533602925460765 -23.14124626717117 -42.87361917257638 58208.449825688804 462.55373995939823 -1458692263.3849146 936142624.2924824 10.980155735069813 -16.822349747151208 -17.822349747151208 0.2298222680866412 0.30839513597046264
0.000619067705179 30744.67337701517 4898806386692.263 -6990764778.737548 21277050.030923255 86633340.50990528 0.13794202412594364 -6.052027491025457 -13.653308534317228 30744.67337701517 0.22990337354323942 506.7810077481661 -12.423405160773989 0.0 -25667.440533249275 -45852.71350800756 0.0015939611806366559 -57969.266412596604 0.22990337354323942 15358058.082587486 -518.972609223667 -0.015213000486383715 -0.008309019699467301 11.07211749326161 20.403328343628093 1.5199962035484156 -23.137069542250945 -42.86835363357488 57493.16215700652 462.55374373721054 -1439027672.1732419 923341585.6662705 10.842214119718372 -16.610552746822798 -17.610552746822798 0.2299046734270821 0.3084775209323968
0.000626682237953 30727.824573483784 4893424965078.923 -6900089116.88889 21265833.421807628 86554226.45464349 0.13799206144326803 -5.978988028249006 -13.491072746395226 30727.824573483784 0.2299867690721134 506.79724845310164 -12.261085977323113 0.0 -25428.956912702746 41345.362895208506 0.0016133033585016608 -57262.688842471085 0.2299867690721134 15344187.674142791 -518.9543713304374 -0.015216670507307458 -0.008310421234581115 10.935931409736252 20.159946863235465 1.506551763041815 -23.13284221731705 -42.86302915320569 56786.59750029385 462.55374768991067 -1419605301.5763986 910698419.2674417 10.70594464066414 -16.401340058423447 -17.401340058423447 0.2299881326038603 0.30856095874153344
0.00063439042948 30710.777958124745 4887982991517.635 -6810506631.059972 21254483.504899222 86474212.99412183 0.13804272164528536 -5.906824469905487 -13.330784335560766 30710.777958124745 0.23007120274214227 506.813695901129 -12.100713132818624 0.0 -25085.656034197626 -115940.2003410069 0.001632876978688191 -56564.69659974711 0.23007120274214227 15330163.146668324 -519.0407485999676 -0.015220388086000243 -0.008311841858742914 10.801419512155062 19.9194861024271 1.4932891622883946 -23.128563688954614 -42.85764412971276 56088.51349527686 462.5537518184743 -1400418632.9511845 898208881.4729422 10.57134830941292 -16.194638661196944 -17.194638661196944 0.23007263303083458 0.308645436756795
0.000642193431762 30693.531326826134 4882480135779.64 -6722033885.388548 21242999.89764674 86393290.82440193 0.13809402049424804 -5.835552004019072 -13.172477076330157 30693.531326826134 0.23015670082374676 506.8303528370166 -11.94232037550641 0.0 -24721.075541846258 18901.17482672784 0.0016526847299895037 -55875.18536859182 0.23015670082374676 15315982.971000867 -518.987909440686 -0.015224153987267272 -0.008313281813232178 10.668523605986344 19.681996714220652 1.4801679424728589 -23.12423334707826 -42.85219827441903 55399.04965742555 462.5537561259647 -1381471235.2922022 885875297.422828 10.4383669051626 -15.990492110088756 -16.990492110088756 0.2301582011025236 0.30873098133055477
0.000650092410973 30676.082452302133 4876915990538.607 -6634630009.590039 21231381.90687078 86311450.56089588 0.13814597185978214 -5.765135998591287 -13.016074029254389 30676.082452302133 0.23024328643297023 506.8472219782951 -11.78583074282142 0.0 -24512.549404471454 10005.88287480026 0.0016727293304177457 -55194.05210047338 0.23024328643297023 15301645.723037207 -519.0208800422479 -0.01522796894402449 -0.008314741342605495 10.537259003068025 19.44736328173726 1.4672216705611782 -23.119850574196274 -42.84669117551936 54717.87791160665 462.5537606132077 -1362754333.0541105 873691951.4548049 10.307015716635055 -15.788801186844122 -16.788801186844122 0.230244860116688 0.308817615696533
0.000658088547628 30658.429086670454 4871289466157.242 -6548290052.847819 21219626.06290547 86228682.75112769 0.1381985705031401 -5.695572961273882 -12.861567425798464 30658.429086670454 0.23033095083856686 506.8643061600046 -11.631236474959897 0.0 -24155.56983925632 -83330.07388861076 0.0016930135275061346 -54521.19499922457 0.23033095083856686 15287149.902483597 -519.0737053040575 -0.015231833310556168 -0.008316220694491675 10.40759577064472 19.21557415508484 1.4544379925232795 -23.115414746017706 -42.841121325150745 54044.96241524567 462.5537652826267 -1344266867.6273055 861658156.343927 10.177264819806153 -15.589555873271475 -16.589555873271475 0.23033260149683343 0.30890533123498176
0.000666183036764 30640.568959648204 4865600301562.925 -6463011251.644682 21207732.271515816 86144977.8669486 0.1382518348799965 -5.626861320018131 -12.708953799862508 30640.568959648204 0.2304197247999942 506.8816081831177 -11.478534075062514 0.0 -23854.11562150675 10293.476884713815 0.0017135400985598356 -53856.51350542841 0.2304197247999942 15272493.993446397 -519.0636226976567 -0.015235747924060614 -0.008317720119787484 10.279501591180416 18.986624124860434 1.4418019272886426 -23.110925230958504 -42.8354885417228 53380.285371272475 462.5537701360946 -1326008254.5160217 849773531.5429835 10.049081866380423 -15.392751700093868 -16.392751700093868 0.23042145616378618 0.3089941588058458
0.000674377088116 30622.49977891131 4859847775236.596 -6378767458.680588 21195698.565288406 86060326.3069187 0.13830577063498561 -5.558979147893182 -12.558184433295938 30622.49977891131 0.23050961772497602 506.8991309368372 -11.327674815570962 0.0 -23582.74071170407 -37858.59293102822 0.0017343118509278832 -53199.90828161212 0.23050961772497602 15257676.52789824 -519.0999236241914 -0.01523971337017249 -0.008319239872656717 10.15297441927852 18.760440110702252 1.4293288572325262 -23.106381390189885 -42.829791903211294 52723.63814989114 462.55377517561146 -1307972881.2909095 838034422.5991149 9.922464801553543 -15.19832584211056 -16.19832584211056 0.23051143372331784 0.30908410795110053
0.0006826719263 30604.21922991146 4854031264944.202 -6295555218.43956 21183523.381621905 85974718.39615786 0.1383603864566095 -5.49192425623656 -12.409254475276223 30604.21922991146 0.2306006440943492 506.9168773158006 -11.178653831181874 0.0 -23250.376214959422 -47185.636616257354 0.0017553316222788298 -52551.281197221724 0.2306006440943492 15242695.978376307 -519.1080493649497 -0.015243730302056132 -0.008320780210579524 10.02798367672949 18.53701483154955 1.4170051314340648 -23.10178257754952 -42.824030644514714 52074.99717850129 462.55378040298524 -1290160013.166768 826440352.006943 9.797383032635139 -15.006272044089933 -16.006272044089933 0.2306025488309863 0.3091751932663229
0.000691068790993 30585.724975748773 4848150270818.8955 -6213360746.418762 21171205.66032957 85888144.386473 0.13841569476019305 -5.425685457640419 -12.262139083290108 30585.724975748773 0.23069282460032176 506.93485029423243 -11.031446258689787 0.0 -22982.44683596832 21001.284158380422 0.0017766022808649235 -51910.53531419595 0.23069282460032176 15227550.835490728 -519.0989280481008 -0.015247799454233714 -0.00832234139439752 9.904512395314413 18.316311016735053 1.4048306366798702 -23.097128139465738 -42.81820419552151 51434.25459034337 462.5537858201963 -1272566696.0268621 814989396.3120005 9.673819570714091 -14.816558270262103 -15.816558270262103 0.23069482238064143 0.3092674355768934
0.000699568937122 30567.014656802286 4842204101193.95 -6132163399.652818 21158743.558147818 85800594.45536739 0.1384717027369182 -5.360245554163416 -12.116800050343768 30567.014656802286 0.230786171228197 506.9530528526131 -10.88601387911557 0.0 -22736.297691168715 -23859.09299554662 0.001798126725799867 -51277.57487218833 0.230786171228197 15212239.604660954 -519.140872061631 -0.015251921462627138 -0.008323923688381854 9.78255282712712 18.09827135177292 1.3928143662374088 -23.09241741481967 -42.81231167488572 50801.24631180158 462.5537914288845 -1255188500.8450432 803678671.8308092 9.551766655898923 -14.629135250315542 -15.629135250315542 0.2307882665748997 0.3093608470139805
0.000708173635049 30548.085891292612 4836191919664.519 -6051956823.4545145 21146134.63965463 85712058.70942709 0.13852841365078153 -5.2955998093319225 -11.9732268557758 30548.085891292612 0.23088068941796921 506.971488022826 -10.742346166357832 0.0 -22413.682565107898 -68693.05237086223 0.0018199078873394137 -50652.30527445667 0.23088068941796921 15196760.747609982 -519.1866756925301 -0.015256096890630486 -0.008325527360216666 9.6620793474569 17.882880053857708 1.3809470516133369 -23.087649735041094 -42.80635196398419 50175.92495072812 462.5537972314232 -1238024068.9281971 792507295.2150683 9.43119865803893 -14.443989417232752 -15.443989417232752 0.23088288706374116 0.30945543315649526
0.00071688417076 30528.936274659784 4830113306274.739 -5972737525.264828 21133378.173597567 85622527.1821771 0.1385858429128341 -5.231746003499263 -11.831414589869228 30528.936274659784 0.2309764048547235 506.9901588982362 -10.600438185014504 0.0 -22114.18551622004 -2393.5067285785453 0.0018419487271444219 -50034.633073780205 0.2309764048547235 15181112.7085232 -519.1667359838466 -0.015260326552688152 -0.00832715268109204 9.543063039154326 17.67012974985227 1.3692158961702883 -23.08282442390499 -42.80032461399463 49558.26666241035 462.553803229713 -1221072658.7881908 781474784.0676098 9.312086634299604 -14.26111444001346 -15.26111444001346 0.23097870974753232 0.3095512198322725
0.00072570184606 30509.56337905105 4823967738768.217 -5894481652.453459 21120473.01158436 85531989.83247253 0.1386440032782618 -5.168664084629653 -11.6913187114411 30509.56337905105 0.23107333879710298 507.00906859072774 -10.460245372643998 0.0 -21888.55858215237 8041.225711161527 0.001864252238555632 -49424.46595828961 0.23107333879710298 15165293.989227727 -519.1793175697385 -0.015264611216628978 -0.008328799925787876 9.425501530156314 17.459953620895945 1.3576347168567129 -23.07794079735445 -42.794229009155146 48948.08086972903 462.5538094254537 -1204329152.5798364 770577805.5811538 9.194428191359211 -14.0804528801294 -15.0804528801294 0.23107575613976417 0.30964822847068363
0.000734627978767 30489.964753788474 4817754304372.747 -5817176458.076617 21107416.405530043 85440436.547487 0.13870289651949894 -5.106343693752797 -11.552916203183251 30489.964753788474 0.2311714941991649 507.0282202604662 -10.321744708984086 0.0 -21614.921597125765 -48696.10016268006 0.001886821446880098 -48821.71273771982 0.2311714941991649 15149303.05585463 -519.2331109518273 -0.015268951436136338 -0.008330469372668643 9.309378616019032 17.252317140041818 1.3462031616461214 -23.072998163569334 -42.78806389769878 48345.26769066569 462.553815820558 -1187790817.5929747 759814581.6003909 9.078207121819867 -13.901975055251638 -14.901975055251638 0.23117402944647547 0.30974646219188573
0.000743663902906 30470.137925500298 4811472391650.329 -5740819979.600684 21094206.84129151 85347857.14414068 0.1387625332809632 -5.044783933390298 -11.416205086468755 30470.137925500298 0.23127088880160532 507.04761714733434 -10.18493419766715 0.0 -21313.493351834208 -35401.67267535168 0.0019096594096660448 -48226.283329980135 0.23127088880160532 15133138.331840666 -519.2494787418327 -0.015273347950264114 -0.008332161303709824 9.194664599216285 17.047217333435935 1.334907054128964 -23.067995822949367 -42.78182851201393 47749.81567975032 462.55382241728 -1171457240.49229 749184843.9822667 8.96339371041468 -13.725678414091421 -14.725678414091421 0.23127354765411523 0.30984593890202594
0.000752810968911 30450.0803971615 4805121510424.591 -5665398507.068162 21080843.300642535 85254241.36545181 0.1388229279629816 -4.9839735973804515 -11.281160480049865 30450.0803971615 0.23137154660496934 507.06726246965354 -10.049788933444896 0.0 -21057.904697104277 -1161.8298770995132 0.0019327692169701003 -47638.08874750716 0.23137154660496934 15116798.27492219 -519.2471667891805 -0.01527780158074437 -0.008333876004625759 9.081345279891204 16.844616871206476 1.323747679472629 -23.062933067820797 -42.7755222787927 47161.61710299677 462.55382921740676 -1155325483.7460005 738686680.0534583 8.849973733286236 -13.551530870981175 -14.551530870981175 0.2313743350408951 0.30994668278176796
0.000762070543829 30429.789648382888 4798700981661.99 -5590895083.155762 21067323.992382735 85159578.88273916 0.13888408977444094 -4.92389859999264 -11.14775109594578 30429.789648382888 0.23147348295740158 507.0871595506403 -9.91627761298838 0.0 -20816.43431724371 -20879.40576493564 0.001956153991649299 -47057.041083834985 0.23147348295740158 15100281.353921833 -519.2728173221622 -0.015282313052009621 -0.008335613764883561 8.96941105306809 16.6444688162662 1.312730774187003 -23.057809182456694 -42.76914431477902 46580.5374108276 462.5538362228029 -1139391911.044352 728317722.4643133 8.737937570110688 -13.379492078198773 -14.379492078198773 0.23147640725231822 0.3100487093794373
0.000771444011518 30409.263135354162 4792210021825.312 -5517301089.319369 21053646.69367935 85063859.29622354 0.1389460251313648 -4.864552174360652 -11.015961906181248 30409.263135354162 0.2315767085522747 507.10731173439314 -9.784385197628973 0.0 -20545.743708693626 -28431.98396665832 0.001979816889624939 -46483.05350085918 0.2315767085522747 15083586.00344222 -519.3057881927962 -0.015286883039544525 -0.008337374877749921 8.858841947077053 16.446750623087777 1.3018514156021213 -23.05262344300885 -42.76269356223442 46006.51040622862 462.5538434350926 -1123654677.885075 718076771.2900119 8.627265238524778 -13.209542656324794 -14.209542656324794 0.2315797752773585 0.3101520295852672
0.00078093277286 30388.498290947446 4785648034520.517 -5444608609.593873 21039809.949361846 84967072.13639396 0.13900874609950256 -4.805928172551843 -10.885779266558913 30388.498290947446 0.23168124349917094 507.12772243621407 -9.654098023059742 0.0 -20292.78071897694 -17199.274567104996 0.002003761100182628 -45916.040215466746 0.23168124349917094 15066710.650303323 -519.3206953758854 -0.015291512339808076 -0.008339159640323902 8.749617447292568 16.25144181867198 1.291103946997455 -23.047375117479056 -42.75616926411434 45439.47568935498 462.55385085658946 -1108112091.7314527 707962725.105371 8.517936203793397 -13.041665010566074 -14.041665010566074 0.23168445953491912 0.31025666371381755
0.000790538245966 30367.492523988334 4779014371586.94 -5372802852.924898 21025812.089203913 84869206.86151135 0.13907226350019306 -4.748014372597042 -10.757176033178897 30367.492523988334 0.2317871058336551 507.14839507505985 -9.525388927345242 0.0 -20037.789917698563 -28342.71047027793 0.0020279898462274896 -45355.91648698575 0.2317871058336551 15049653.747870158 -519.3497956907522 -0.01529620173174241 -0.008340968353647902 8.641726306880656 16.058501681157125 1.2804918897214452 -23.042063465478687 -42.749570575219884 44879.31626187022 462.5538584893782 -1092760982.2223415 697973519.9952731 8.409939201047 -12.875824137316343 -13.875824137316343 0.23179047839579792 0.3103626300231006
0.000800261866391 30346.24321977926 4772308332824.624 -5301877414.358804 21011651.22744531 84770252.86096866 0.13913658688261532 -4.690805944970806 -10.630141487909368 30346.24321977926 0.23189431147102554 507.16933313929206 -9.398247176438343 0.0 -19783.304494248023 -14649.748258569361 0.0020525063845859204 -44802.59860433581 0.23189431147102554 15032413.70997851 -519.3574484989076 -0.015300951976216805 -0.008342801322703782 8.53514679129947 15.867914128040377 1.270007990517131 -23.036687738303463 -42.74289656088581 44325.98405239779 462.55386633436683 -1077599981.222083 688108266.1187257 8.303252479828442 -12.712006215074647 -13.712006215074647 0.2318978481129692 0.3104699446510948
0.000810105087348 30324.74773941194 4765529366023.0 -5231817005.38666 20997326.087711483 84670199.45302649 0.13920173036097927 -4.634290198190549 -10.504647448365635 30324.74773941194 0.23200288393496546 507.1905402251823 -9.272644564430669 0.0 -19551.1107066118 -18029.39651474837 0.0020773140062718136 -44256.0038735561 0.23200288393496546 15014988.989759265 -519.3822093745839 -0.015305763933670924 -0.008344658856522224 8.429869048620933 15.679636877903464 1.259656819731991 -23.031247178700788 -42.73614652456035 43779.35781070608 462.55387439394815 -1062625812.0487314 678364830.0573936 8.197866164685967 -12.550174901126308 -13.550174901126308 0.23200659258122824 0.3105786313711494
0.000820069379922 30303.003420107998 4758676600611.04 -5162612956.081009 20982834.076205358 84569035.88735719 0.13926769900342414 -4.578460279738866 -10.38067869423959 30303.003420107998 0.2321128316723736 507.2120198795347 -9.148565862567217 0.0 -19299.334573087173 -23880.35507825351 0.002102416036768922 -43716.0506056217 0.2321128316723736 14997378.008167215 -519.4092510517876 -0.015310638290318824 -0.008346541268197985 8.325875007498281 15.4936470974686 1.2494344688225745 -23.025741020895676 -42.729319242983635 43239.37067381289 462.5538826702602 -1047836619.0798169 668742004.8824015 8.093762175825907 -12.39031056798964 -13.39031056798964 0.23211672062196564 0.3106886988765327
0.000830156233295 30281.007575163527 4751749530297.928 -5094256365.1139965 20968174.0987202 84466751.34576127 0.13933450876039144 -4.523309128103728 -10.258219556912568 30281.007575163527 0.23222418126731909 507.2337757348645 -9.025995375645248 0.0 -19062.9668018452 -18383.349147983186 0.0021278158363262534 -43182.65810394997 0.23222418126731909 14979579.184541112 -519.4266212192379 -0.015315575959180318 -0.008348448874942823 8.223147247576783 15.309921274946412 1.2393375120274126 -23.020168490515363 -42.72241408556687 42705.9538968163 462.55389116423817 -1033230498.7686146 659238551.4939415 7.990923066309462 -12.232393010347076 -13.232393010347076 0.23222825921113088 0.3108001740137094
0.000840367154965 30258.757493231496 4744747346671.766 -5026734620.950996 20953343.813764647 84363334.9398251 0.13940216699767943 -4.468826378665992 -10.137247014809876 30258.757493231496 0.2323369449961324 507.2558115289722 -8.904910069813743 0.0 -18821.531692656496 -22037.087222013568 0.0021535168002155517 -42655.746652539245 0.2323369449961324 14961590.957775412 -519.4540702225422 -0.01532057768866048 -0.008350381998201288 8.121673529373117 15.128424873882771 1.2293675845029164 -23.01452880434455 -42.715429920488226 42179.008012237195 462.5538998770224 -1018804748.7604603 649852711.2602606 7.889336584376984 -12.076392540517228 -13.076392540517228 0.23234122104734778 0.31091306933757157
0.000850703670971 30236.25043924235 4737669473896.606 -4960040598.545445 20938341.835707866 84258775.71621583 0.13947068813926555 -4.41500652874209 -10.017748861114669 30236.25043924235 0.23245114689877594 507.2781310462781 -8.785297714215893 0.0 -18590.78034233177 -13804.652307594366 0.002179522359035287 -42135.237504064105 0.23245114689877594 14943411.735551199 -519.467044484787 -0.01532564437720009 -0.008352340963615397 8.021434817878834 14.949139576039077 1.2195192867960856 -23.00882117049436 -42.708365993109304 41658.47882557243 462.5539088116427 -1004557847.077044 640583493.8160008 7.788983670980058 -11.922293417369392 -12.922293417369392 0.23245563059532637 0.3110274091710543
0.000861167326124 30213.4836529811 4730515155795.689 -4894159856.155336 20923166.027191333 84153062.65110308 0.13954008157248604 -4.36183755704153 -9.89969839575523 30213.4836529811 0.2325668026208101 507.3007380052268 -8.667131593134421 0.0 -18364.20914760019 -20964.888486147967 0.002205835978967761 -41621.052867957005 0.2325668026208101 14925039.969309255 -519.5025017935477 -0.01533077683029653 -0.008354326101208455 7.922421967706315 14.772025326092576 1.2097970407190033 -23.00304478797581 -42.70122124642233 41144.251587409875 462.55391796939205 -990486698.3792433 631428884.4157238 7.689855165085504 -11.770061209605423 -12.770061209605423 0.23257150397084136 0.3111432094713241
0.000871759684235 30190.45435064025 4723283673042.035 -4829087043.130333 20907814.402019788 84046184.65842675 0.1396103579954818 -4.30931552344371 -9.783086878757107 30190.45435064025 0.23268392999246967 507.3236363168669 -8.550402948764637 0.0 -18127.69161053219 -22925.72828520713 0.0022324611620918333 -41113.11589892911 0.23268392999246967 14906474.055472704 -519.5232355440312 -0.015335975888045073 -0.008356337745293225 7.824614306982395 14.597069008138169 1.2001934590403336 -22.997198847026375 -42.693994677796816 40636.286658062876 462.55392735104016 -976590161.4911562 622388141.1260018 7.591930376989925 -11.619684646722867 -12.619684646722867 0.23268885946412676 0.3112604883758542
0.000882482328351 30167.159723022105 4715974424032.32 -4764810494.85502 20892285.455591157 83938130.58262423 0.13968153184539514 -4.257430855722472 -9.667893059894968 30167.159723022105 0.23280255307565859 507.3468298908982 -8.43509050681931 0.0 -17901.67661018971 -17480.957274128814 0.002259401446628206 -40611.350685373305 0.23280255307565859 14887712.430216456 -519.5452300503457 -0.015341242474402684 -0.008358376234693392 7.727999747263053 14.424238738817234 1.1907096602111737 -22.99128252858508 -42.686685473688115 40134.49214079665 462.5539369581574 -962865738.821258 613459638.1626952 7.495197194187394 -11.471136325504226 -12.471136325504226 0.23280772164269659 0.3113792702805557
0.00089333686099 30143.596936895585 4708586649456.194 -4701321170.240166 20876577.02530684 83828889.20602396 0.13975361314285165 -4.206176308759613 -9.554100853751512 30143.596936895585 0.23292268857141943 507.3703226981388 -8.321178165180093 0.0 -17682.421870140995 -12420.442529252827 0.002286660407250748 -40115.68223809742 0.23292268857141943 14868753.514879245 -519.5637682188317 -0.015346577432998419 -0.008360441912672394 7.632563103875416 14.253510384436794 1.1813434731704617 -22.985295004566513 -42.6792925532621 39638.797762431845 462.5539467920979 -949311495.9447889 604642116.9978142 7.399640415303997 -11.32439550298337 -12.32439550298337 0.23292810772686967 0.3114995722328072
0.00090432490438 30119.763133762728 4701119708310.764 -4638607307.3932295 20860687.434101067 83718449.24423969 0.13982661566815038 -4.155542191656512 -9.44168874541173 30119.763133762728 0.23304435944691732 507.3941187805231 -8.208644385964812 0.0 -17467.911374880143 -23268.167537934678 0.002314241655336688 -39626.036479136426 0.23304435944691732 14849595.752918866 -519.5976590739301 -0.015351981691944237 -0.008362535127105221 7.53829309448006 14.08485166496862 1.1720965081502241 -22.97923543747557 -42.67181502545564 39149.11063508795 462.55395685461326 -935924914.2915282 595933938.2936609 7.305248735033142 -11.179434434589998 -12.179434434589998 0.23305004124092477 0.3116214175687416
0.000915448100704 30095.65543086251 4693572759145.661 -4576662537.0794525 20844614.166637316 83606799.35196216 0.13990054748481634 -4.105523628957137 -9.330645912474848 30095.65543086251 0.23316757914136058 507.41822222449355 -8.097478333333488 0.0 -17234.249567254425 -23471.486490846873 0.00234214883927975 -39142.34023056668 0.23316757914136058 14830237.550114043 -519.6219672064472 -0.0153574560731387 -0.008364656230442597 7.445171682994685 13.918246342331818 1.162963395359598 -22.973102980588987 -42.66425165908159 38665.38251501932 462.55396714672577 -922704633.4117008 587334217.6247544 7.2120041038533245 -11.036239164321579 -12.036239164321579 0.2331735361828191 0.31174482009982474
0.000926708112343 30071.270920242823 4685945312702.73 -4515478264.89157 20828356.163288932 83493928.11981691 0.13997542739500973 -4.056113749743295 -9.220957114088819 30071.270920242823 0.2332923789916829 507.442637161926 -7.987664735097136 0.0 -17028.746536540995 -5040.929858406495 0.0023703856447413164 -38664.5212036798 0.2332923789916829 14810677.329474451 -519.6310805345711 -0.015363001623585198 -0.0083668055798572 7.353184069094193 13.753671544802668 1.1539418767024285 -22.96689677764423 -42.656601802188625 38187.54672494742 462.55397766906754 -909648816.3609259 578841759.2589698 7.11989169010251 -10.894790038570779 -11.894790038570779 0.2332986244827473 0.311869811555893
0.000938106622125 30046.60666891406 4678236510105.3125 -4455039448.683445 20811910.824037127 83379824.07625939 0.1400512634428258 -4.007299875634951 -9.112594187992967 30046.60666891406 0.2334187724047097 507.4673678170403 -7.879175415588257 0.0 -16827.237876113224 -22258.130876980435 0.002398955794935488 -38192.50798815209 0.2334187724047097 14790913.575025652 -519.6740080587988 -0.015368619183032749 -0.00836898353729025 7.262324270612458 13.591085024521215 1.1450384470874317 -22.96061596280149 -42.64886418022498 37715.482844273516 462.5539884226152 -896754238.6667901 570454464.637286 7.028905498207748 -10.755050740411932 -11.755050740411932 0.23342532020642848 0.3119964057829202
0.000949645333577 30021.659719350344 4670445606306.78 -4395342823.049517 20795276.01279387 83264475.69109641 0.14012806729229998 -3.9590798956290527 -9.00555246034945 30021.659719350344 0.23354677882049998 507.4924184558883 -7.772005681528951 0.0 -16599.33646242496 -24686.13420136079 0.0024278630509228984 -37726.23004135119 0.23354677882049998 14770944.673858654 -519.7027684320783 -0.015374309673263815 -0.008371190469466742 7.172571106425747 13.430479764250677 1.1362440962893705 -22.954259660692717 -42.64103769992215 37249.16831061903 462.5539994086927 -884020207.6066699 562171884.0392649 6.939024327605247 -10.617015242926696 -11.617015242926696 0.23355364341929474 0.3121246226343326
0.00096132597118 29996.42708868777 4662572002214.583 -4336379757.334573 20778450.19404452 83147871.37300196 0.14020585524011053 -3.911446876867305 -8.899816548949731 29996.42708868777 0.23367642540018424 507.517793413442 -7.666140123549547 0.0 -16395.57766507386 -10890.766075713398 0.002457111211868985 -37265.61767777893 0.23367642540018424 14750769.06083215 -519.7148368828493 -0.01538007411873135 -0.008373426748034504 7.083910764147551 13.271832681624534 1.1275571063083187 -22.947826986137112 -42.6331215046147 36788.535962400696 462.5540106275997 -871444878.0754075 553992816.7223768 6.850234338747367 -10.480663710151994 -11.480663710151994 0.23368362196491554 0.31225448972701353
0.000973150280625 29970.90576891676 4654614995239.499 -4278137325.536348 20761431.393840436 83029999.47165763 0.1402846407444115 -3.8643899970727094 -8.79536242422737 29970.90576891676 0.23380773457401915 507.54349707647174 -7.561554689653351 0.0 -16196.590694096083 -16648.761700761304 0.002486704115321586 -36810.60205872554 0.23380773457401915 14730385.220267186 -519.7444331112492 -0.015385913496360442 -0.008375692749611596 6.996335427275307 13.115107724816385 1.1189816667059285 -22.94131704410781 -42.62511455699928 36333.48274017129 462.55402208073855 -859025481.3281761 545915460.5823298 6.762527692701288 -10.345965154695747 -11.345965154695747 0.23381527901813126 0.3123860299842457
0.000985120029077 29945.092726890543 4646573764588.798 -4220609068.8471494 20744217.13717163 82910848.27906409 0.14036443394552017 -3.8179042517825432 -8.692178980176793 29945.092726890543 0.23394072324253362 507.56953391630435 -7.458238256934259 0.0 -15993.967955908745 -15052.581251446909 0.0025166456374950685 -36361.1151818616 0.23394072324253362 14709791.580121204 -519.7728181164348 -0.015391828726042053 -0.008377988855852463 6.909829034210374 12.960288229184346 1.1105134916261983 -22.93472892964995 -42.61701561265902 35883.959379357824 462.55403376709586 -846760638.0760906 537938918.9003797 6.67588831096784 -10.21290525488336 -11.21290525488336 0.23394863221834505 0.31251926079729864
0.000997237005435 29918.98490458403 4638447658581.949 -4163785528.248171 20726805.64475461 82790406.03203033 0.14044525032050045 -3.7719819189894417 -8.590249079710613 29918.98490458403 0.2340754172008341 507.59590846819225 -7.356173662509779 0.0 -15795.092265028308 -21504.122238908796 0.0025469396935418657 -35917.08987123294 0.2340754172008341 14688986.605063625 -519.8071252262525 -0.015397820844829076 -0.00838031545349209 6.824379795163435 12.807348480498973 1.1021524646983996 -22.928061727860943 -42.60882370225336 35439.89156970894 462.55404568847655 -834648325.0656642 530061875.0485864 6.590304377962601 -10.081461911694836 -11.081461911694836 0.23408370815346513 0.3126542084884584
0.0010095030206 29892.579218425482 4630235877470.639 -4107660305.1049576 20709194.5090368 82668660.9104081 0.1405271011241731 -3.72661803747791 -8.489561714579317 29892.579218425482 0.23421183520695518 507.62262530537964 -7.255349879372361 0.0 -15584.94701652097 -18593.37147704694 0.0025775902378088146 -35478.459767189044 0.23421183520695518 14667968.732211191 -519.8298182171857 -0.015403890814898706 -0.008382672934479236 6.739972151877466 12.65627196013332 1.0938945194769476 -22.921314513632016 -42.60053759830402 35001.23048657016 462.5540578437191 -822687176.1337599 522283440.81555593 6.505760316670512 -9.951620929548437 -10.951620929548437 0.23422052638908297 0.31279089235225244
0.00102191990775 29865.872559969284 4621937891333.054 -4052224972.1397967 20691382.441362813 82545601.04153875 0.14061000604079102 -3.6818058028016196 -8.390101792952919 29865.872559969284 0.23435001006798503 507.64968910490325 -7.155751782884934 0.0 -15399.218202327545 -9079.566858338902 0.0026086012641389775 -35045.15931630946 0.23435001006798503 14646736.427486168 -519.8411130330933 -0.015410039778088743 -0.00838506169598481 6.656593529306978 12.507036019406716 1.0857384608498266 -22.914486351730282 -42.59215651938405 34567.910359795744 462.5540702340339 -810875390.457579 514602444.14905393 6.422243519238992 -9.823362847034439 -10.823362847034439 0.23435912059222808 0.31292934576692555
0.00103448952262 29838.86179464106 4613552835816.895 -3997466174.1318655 20673366.74290232 82421214.49583864 0.1406939748704642 -3.637533915191543 -8.291844218752265 29838.86179464106 0.23448995811744033 507.677104542305 -7.057354260634825 0.0 -15213.2421452097 -14364.73356219639 0.0026399768061208767 -34617.12376141677 0.23448995811744033 14625288.230037417 -519.8834191215865 -0.015416268687861012 -0.008387482140594144 6.574238218233076 12.359603008755917 1.0776898889436826 -22.907576296386097 -42.58367911026385 34139.824021405446 462.55408285833573 -799210106.4825249 507017022.9538534 6.339748260115636 -9.696655301322648 -10.696655301322648 0.23449950804377018 0.31306958569480503
0.00104721374375 29811.54376387535 4605079917916.007 -3943380294.8852515 20655145.004377812 82295489.29803897 0.14077901978406726 -3.5937999110170114 -8.194783535273459 29811.54376387535 0.2346316996401121 507.7048765121282 -6.960151835633346 0.0 -15022.485577723899 -18284.835097423405 0.0026717209373436843 -34194.289132898164 0.2346316996401121 14603622.567583472 -519.918472341109 -0.015422578555610448 -0.00838993467618043 6.492887821573538 12.213964736363483 1.069741449414907 -22.900583391745965 -42.57510412485933 33716.945764681914 462.5540957164242 -787690556.2202687 499526678.66294575 6.258256121933425 -9.571491255949537 -10.571491255949537 0.23464170993268518 0.31321163302200294
0.0010600944728 29783.915282901904 4596518466486.8 -3889957932.5730033 20636715.310785647 82168413.41840611 0.1408651569242245 -3.550596060038109 -8.098902588120575 29783.915282901904 0.23477526154037417 507.7330098133876 -6.864127326580201 0.0 -14822.978893637339 -25437.143556561987 0.002703837771686773 -33776.592237965364 0.23477526154037417 14581737.949372098 -519.9572547791904 -0.015428970483408336 -0.008392419716191125 6.412531935672869 12.070095461667405 1.0618937251755418 -22.893506671210496 -42.56643051337654 33299.20141369955 462.55410880790987 -776314728.8241299 492130102.81726676 6.177756674132495 -9.447848589592358 -10.447848589592358 0.23478575416312542 0.3133555153167821
0.00107313363481 29755.97314240357 4587867782511.801 -3837196134.681224 20618075.621109705 82039974.78181581 0.14095240182970314 -3.507920509074564 -8.00419728213563 29755.97314240357 0.23492066971617193 507.7615094154233 -6.769276612419458 0.0 -14628.166974833272 -8848.944930881089 0.0027363314635708456 -33363.970652023076 0.23492066971617193 14559632.801883008 -519.9574413397204 -0.015435445571831654 -0.008394937679570164 6.333151801828353 11.927989033298052 1.0541387246512912 -22.886345157760683 -42.557657168372955 32886.57086785173 462.55412213119683 -765081999.4811132 484826889.87642634 6.098231132112182 -9.32572202168319 -10.32572202168319 0.23493166761133666 0.31350125912664506
0.00108633317852 29727.71410658675 4579127366410.634 -3785079139.618328 20599224.719865263 81910161.2603499 0.14104077645036386 -3.4657596945641993 -7.91063750858765 29727.71410658675 0.23506796075060646 507.7903803172192 -6.675569547837043 0.0 -14471.208008861971 -3831.9965855923147 0.0027692062082441374 -32956.3627083147 0.23506796075060646 14537305.751076613 -519.9850590403112 -0.0154420050615726 -0.008397488991021895 6.254746099697137 11.787600275964605 1.0464859370944555 -22.87909786336338 -42.548783312475116 32478.926432586864 462.5541356863706 -753988991.3641095 477614841.16365445 6.019678138946531 -9.205072725562946 -10.205072725562946 0.23507948802439482 0.31364890180853566
0.00109969507662 29699.134915117775 4570296034949.414 -3733598410.1321836 20580158.505088802 81778960.68369451 0.1411302819316491 -3.42410662129808 -7.818207724264844 29699.134915117775 0.23521713655274848 507.8196276295385 -6.5829905877120956 0.0 -14287.51864408571 -25960.275661198666 0.0028024662419948035 -32553.70749001636 0.23521713655274848 14514755.339698348 -520.0464844907256 -0.015448649785815175 -0.00840007408091059 6.177304129270271 11.648905874213018 1.0389352460507488 -22.871763789365016 -42.53980699040937 32076.200812516043 462.55414947158494 -743033877.0450832 470492769.09151495 5.942086992717523 -9.085880657238933 -10.085880657238933 0.2352292184583411 0.3137984460327744
0.00111322132606 29670.23228303584 4561373250758.467 -3682754502.2551675 20560875.572960347 81646360.84025076 0.14122093950540254 -3.3829626308705087 -7.726910941942468 29670.23228303584 0.23536823250900424 507.84925650506324 -6.491542709433464 0.0 -14086.583950762315 -21644.454326541872 0.0028361158424453645 -32155.94482062012 0.23536823250900424 14491979.967648687 -520.0722163126447 -0.015455380992966894 -0.008402693385353072 6.100803222867598 11.511910335410699 1.0314743157774346 -22.864341926365213 -42.530727335858 31678.40333164333 462.55416348462404 -732216786.6761326 463460759.48388934 5.865434990358594 -8.968149702456275 -9.968149702456275 0.23538089538164053 0.31394992790479115
0.00112691394837 29641.002899111278 4552358368221.171 -3632537668.6496463 20541374.052760307 81512349.47114779 0.14131276735888934 -3.3423196229321888 -7.636729187788403 29641.002899111278 0.23552127893148225 507.87927219513 -6.401207908856922 0.0 -13915.592049139816 -2882.817770473762 0.00287015932881041 -31763.0152543162 0.23552127893148225 14468978.210005471 -520.0801916000528 -0.01546219988182486 -0.00840534734646202 6.0252348126632524 11.376586688705444 1.0241049241721898 -22.85683125368842 -42.52154328723217 31285.45660600338 462.5541777245266 -721535635.4318346 456517455.66834676 5.78971353373177 -8.851856683228474 -9.851856683228474 0.23553455036367688 0.3141033785721291
0.00114077498993 29611.443427275193 4543250740490.503 -3582934593.880725 20521652.054253858 81376914.27838033 0.14140578390435635 -3.30216618464785 -7.547637127223899 29611.443427275193 0.2356763065072606 507.9096800244454 -6.311960820716639 0.0 -13758.61206153475 -16275.388582385749 0.0029046010621102884 -31374.860068058773 0.2356763065072606 14445748.732038166 -520.1193287659953 -0.015469107667277368 -0.008408036412299171 5.9505954384496516 11.242896922000094 1.0168338811912494 -22.84923073964148 -42.51225376933041 30897.25299306211 462.5541921886129 -710987571.6201845 449661001.4626677 5.71491913194239 -8.736968929394203 -9.736968929394203 0.23569021546784863 0.314258829635787
0.00115480652231 29581.550505807292 4534049307011.325 -3533940686.838117 20501705.923379157 81240042.92268702 0.14149999491638945 -3.262498910359911 -7.459627200675935 29581.550505807292 0.2358333248606491 507.94048535327244 -6.223793875815286 0.0 -13566.186075252244 -22139.391980049157 0.0029394454454805094 -30991.421251817213 0.2358333248606491 14422290.060604708 -520.1658469864997 -0.01547610532190083 -0.008410761037043803 5.876870139482692 11.11082969272702 1.0096562548908827 -22.84153934119328 -42.50285698203883 30513.758261812753 462.5542068741758 -700571616.6436774 442890761.9061526 5.641036814622043 -8.62347669252691 -9.62347669252691 0.2358479016367213 0.3144162915958906
0.00116901064253 29551.320749276132 4524753632287.686 -3485554478.706524 20481534.630751364 81101723.03406116 0.14159542583784634 -3.223317287515573 -7.372698306831416 29551.320749276132 0.23599237639641057 507.97169375862904 -6.136705930435006 0.0 -13400.605005376301 -5229.188152818103 0.002974696924353923 -30612.641501277776 0.23599237639641057 14398600.663612342 -520.170139676 -0.01548319422564345 -0.00841352168090075 5.804039959267342 10.980383334781653 1.0025629526563553 -22.833756004359934 -42.49335218673547 30134.96471378851 462.554221778713 -690287466.0506723 436206539.4944408 5.568047582870932 -8.511378553089 -9.511378553089 0.23600765259348389 0.3145758077330453
0.00118338947344 29520.750744953242 4515362928825.16 -3437757803.673245 20461135.639670074 80961942.19699435 0.14169209143074443 -3.1846053624571424 -7.286815014987345 29520.750744953242 0.2361534857179074 508.0033107031164 -6.050661529269438 0.0 -13242.83811157851 -16592.165788721653 0.003010359986753767 -30238.4642074698 0.2361534857179074 14374679.370419769 -520.224603159757 -0.015490375556175223 -0.008416318810539027 5.732108826373662 10.851504693908382 0.9955678757296628 -22.825879663165242 -42.48373802631106 29760.723342336354 462.5542368990738 -680131225.0392818 429605798.9937727 5.495955340655755 -8.4006288211862 -9.4006288211862 0.23616949460443537 0.3147374037553601
0.00119794516396 29489.837057468692 4505876238361.538 -3390552405.9720154 20440505.675009657 80820687.97346112 0.14179000126808766 -3.146365575747167 -7.20198276279828 29489.837057468692 0.23631666878014612 508.03534193679405 -5.965666094018133 0.0 -13063.695175802382 -15600.58033334578 0.003046439163489332 -29868.833450359794 0.23631666878014612 14350524.615489105 -520.2540113076393 -0.015497650398743401 -0.00841915289874404 5.6610539271796325 10.724201921270703 0.9886577922129207 -22.81790924072034 -42.474012831841904 29391.053451883996 462.5542522316197 -670103277.1907593 423088792.50262576 5.424737258399487 -8.291234509297908 -9.291234509297908 0.23633344502167097 0.3149010965457266
0.00121267988948 29458.576224789696 4496293157793.958 -3343927777.273696 20419643.788975745 80677947.88623826 0.1418891826154283 -3.108589024217196 -7.118181805838849 29458.576224789696 0.23648197102571383 508.0677930799147 -5.881699834813135 0.0 -12905.327965667324 -13607.890950314084 0.00308293902845658 -29503.693988437877 0.23648197102571383 14326135.109502994 -520.2874661517235 -0.015505020207331561 -0.008422024424902997 5.5908693239760305 10.598445385083034 0.9818363964631309 -22.809843648066195 -42.46417588183448 29025.87069816799 462.5542677724685 -660201375.420687 416654057.06693 5.354387352950317 -8.183170156380509 -9.183170156380509 0.2364995509671931 0.3150669326625135
0.00122759585212 29426.96476091261 4486612660237.727 -3297877501.121435 20398546.375845883 80533709.43295231 0.14198964333298025 -3.0712705812965093 -7.035400763374437 29426.96476091261 0.2366494055549671 508.1006700463345 -5.798751357819469 0.0 -12736.16747638276 -12635.16213492295 0.0031198641987930653 -29142.991252133364 0.2366494055549671 14301509.496687446 -520.3202565150787 -0.015512486058192823 -0.00842493387484963 5.5215437674366115 10.474218009876664 0.9751018999211343 -22.80168178474299 -42.454225357554904 28665.12522097584 462.5542835164685 -650424149.0316572 410300702.2918834 5.284894361881644 -8.07642108641677 -9.07642108641677 0.23666782722425872 0.3152349263236712
0.0012426952811 29394.999154712183 4476834326234.388 -3252395058.06616 20377212.38455996 80387960.0825899 0.1420914106847774 -3.034405016676015 -6.953628052887111 29394.999154712183 0.23681901780796236 508.1339787501669 -5.716809035079148 0.0 -12586.39177398855 -11272.132089135383 0.003157219335169014 -28786.671334625866 0.23681901780796236 14276646.441246621 -520.3491676379963 -0.015520049430885198 -0.008427881741079534 5.453066393446992 10.351502406728013 0.9684527858982923 -22.793422538366467 -42.44416048074734 28308.766327468617 462.5542994596997 -640770208.1921365 404027823.68981785 5.216247375639029 -7.970972363694946 -8.970972363694946 0.23683832099436586 0.31540512413980515
0.00125798043306 29362.675870069143 4466957097858.546 -3207470461.479568 20355638.02840806 80240687.27788343 0.14219449195499656 -2.9979838504856966 -6.872844841012655 29362.675870069143 0.23699081992499427 508.16772511713765 -5.635854021087661 0.0 -12418.080003799867 -19900.351332723076 0.0031950091419789546 -28434.680984129 0.23699081992499427 14251544.725621387 -520.4013018284459 -0.01552771141630075 -0.008430868522845867 5.385431325651904 10.230270321543983 0.961892461036523 -22.785064784530814 -42.43397934467234 27956.713661645226 462.55431559669745 -631237414.7267916 397834031.0575446 5.148440505726909 -7.866799701512257 -8.866799701512257 0.2370110463449152 0.31557753953130496
0.00127345359238 29329.991347430005 4456980489480.732 -3163104841.1863794 20333821.93514929 80091878.44424345 0.1422989127848553 -2.962008978902023 -6.793055379463541 29329.991347430005 0.2371648546414255 508.20191531465747 -5.555890524822116 0.0 -12259.047900110974 -6643.735965234056 0.0032332383675708933 -28086.9675963166 0.2371648546414255 14226202.847408593 -520.4097603129194 -0.015535473487722003 -0.008433894726118787 5.318617696731032 10.110528117648169 0.9554090752390088 -22.77660738707954 -42.42368102419443 27608.981517027878 462.55433192118716 -621826022.5159005 391719490.7961179 5.081452842089607 -7.7639085834250885 -8.763908583425088 0.23718604775490004 0.315752216391469
0.00128911707157 29296.942000896775 4446903782018.542 -3119281373.046871 20311761.71494833 79941520.97836167 0.1424046916763367 -2.9264654977210047 -6.714226575196806 29296.942000896775 0.23734115279389453 508.23655545779803 -5.476885422402911 0.0 -12119.844924243325 -12683.105954441691 0.0032719118044766972 -27743.479205363576 0.23734115279389453 14200619.834152546 -520.4612862264148 -0.01554333698873607 -0.008436960863979546 5.252629499157436 9.992226145197245 0.9490157768709876 -22.76804919721723 -42.41326417092755 27265.43118330809 462.55434842725873 -612532425.4828284 385681855.6492045 5.015288346363542 -7.662256334209939 -8.662256334209939 0.2373633583412459 0.31592918707210516
0.00130497321155 29263.52422214125 4436725969959.827 -3075999659.410193 20289453.734133758 79789602.26791832 0.1425118381279731 -2.8913538593802963 -6.636359447701359 29263.52422214125 0.2375197302132885 508.2716519071232 -5.3988397174880705 0.0 -11952.017051935063 -18441.954057233357 0.0033110342895943507 -27404.16447765218 0.2375197302132885 14174794.272106547 -520.503423742608 -0.015551303095287202 -0.008440067456357529 5.187448418134024 9.875365928147609 0.9427030708526549 -22.75938905438411 -42.4027269139648 26926.063780823537 462.55436510747086 -603356546.6211382 379721077.92518955 4.949928687920736 -7.561844268820662 -8.561844268820662 0.23754299589441885 0.31610846870558107
0.00132102438205 29229.734377652647 4426446654249.638 -3033254492.544445 20266896.91948264 79636109.68096852 0.14262038129583926 -2.8566700188168537 -6.5594450511424 29229.734377652647 0.23770063549306544 508.3072110038927 -5.321744415649334 0.0 -11802.23036728013 -9283.375498226995 0.003350610704416907 -27068.972702977793 0.23770063549306544 14148724.897634719 -520.525218322804 -0.015559373392873633 -0.008443215030414713 5.123062954941655 9.759934031549246 0.9364682366145302 -22.750625785402523 -42.39206843064509 26590.839553085636 462.5543819551478 -594297278.1040142 373836436.8419406 4.885362319448589 -7.46266085177739 -8.46266085177739 0.23772501117425682 0.3162901113246509
0.00133727298195 29195.56880982624 4416064972130.193 -2991034978.4258046 20244088.19326788 79481030.57284625 0.1427303356903216 -2.8224045632666246 -6.483462489763346 29195.56880982624 0.23788389281720265 508.343239185735 -5.245578596946143 0.0 -11658.721513223913 -10224.263001767584 0.0033906459752318617 -26737.85378729863 0.23788389281720265 14122410.667375918 -520.5651032743226 -0.015567549186649135 -0.008446404120561515 5.059469692975169 9.64589910370595 0.9303166092321 -22.741758204614282 -42.381287064215776 26259.669971088526 462.5543989619343 -585352287.6451942 368026415.3044726 4.821585800157966 -7.364679136976022 -8.364679136976022 0.23790943081066362 0.31647414073803226
0.00135372143963 29161.02383744546 4405580218140.243 -2949336499.2066197 20221025.125031717 79324352.29032849 0.14284172107061655 -2.788553969289277 -6.408403962969678 29161.02383744546 0.23806953511769424 508.3797430759884 -5.170334427851984 0.0 -11512.862810369696 -14484.621068396593 0.0034311450733082215 -26410.758245422316 0.23806953511769424 14095850.364311079 -520.6085380240002 -0.015575831901734713 -0.008449635268533892 4.9966567892382905 9.533249432748617 0.9242449049457757 -22.732785113858476 -42.37038141524838 25932.520088813562 462.55441611867286 -576520592.6427405 362290374.96561366 4.758587254120597 -7.267889065550328 -8.267889065550328 0.23809629010421074 0.31666059145116454
0.00137037221334 29126.095755546074 4394991582567.3486 -2908153168.7007422 20197704.808214895 79166062.17302305 0.1429545540166412 -2.755113512856779 -6.334258997484163 29126.095755546074 0.23825759002773533 508.4167293479953 -5.096001407456428 0.0 -11358.437273517171 -14878.481589586203 0.0034721130150937897 -26087.63719345991 0.23825759002773533 14069042.839649998 -520.6524822325955 -0.015584222913987755 -0.008452909023533345 4.934614368499545 9.42196929955033 0.9182517218250081 -22.72370530228588 -42.35934987928279 25609.344061106596 462.5544334159973 -567800937.34962 356627499.8587082 4.69635677847181 -7.172277131943872 -8.172277131943872 0.23828561920257996 0.316849492767698
0.00138722779156 29090.78083590109 4384298502713.4004 -2867481514.066332 20174125.36688864 79006147.55760254 0.14306885932839666 -2.7220807519842185 -6.261022203414407 29090.78083590109 0.23844809888066112 508.45420477077823 -5.022574104533746 0.0 -11217.522068261544 -6879.203761701962 0.003513554862393374 -25768.44234166117 0.23844809888066112 14041986.87515883 -520.6737652974989 -0.015592723779450984 -0.008456225942309551 4.873329415418418 9.312050605494724 0.9123323812786196 -22.71451754633139 -42.34819126999661 25290.116767633666 462.5544508444252 -559192585.9157916 351037312.0110394 4.634881316537757 -7.077836386188686 -8.077836386188686 0.23847746197152742 0.3170408877033648
0.0014042906934 29055.075325998827 4373500262351.4067 -2827308946.2903156 20150284.238575436 78844595.77524692 0.14318465705438874 -2.689444582558767 -6.188668934655614 29055.075325998827 0.2386410950906479 508.4921762050921 -4.950027839564966 0.0 -11083.475299552705 -14573.768275268885 0.0035554757225703935 -25453.125986670664 0.2386410950906479 14014681.649959333 -520.7282150424944 -0.015601335973914969 -0.008459586589393282 4.812801820732556 9.203456370286538 0.9064951379047217 -22.70522060929114 -42.336904108486245 24974.734675736654 462.55446839275976 -550692842.379989 345518057.10731936 4.574160725641908 -6.98453504600093 -7.98453504600093 0.2386718548366572 0.3172348116726865
0.00142156346893 29018.97545124287 4362595931073.632 -2787635096.854493 20126177.9087423 78681394.16370253 0.1433019603872075 -2.6572054865867747 -6.117200281877585 29018.97545124287 0.23883660064534584 508.53065067605553 -4.878363681232239 0.0 -10928.669791441847 -14011.645673226956 0.00359788074868093 -25141.641005275444 0.23883660064534584 13987125.886987431 -520.7673332824197 -0.015610060850483077 -0.00846299153701765 4.753014680803766 9.09618822260126 0.9007311803958732 -22.695813241734683 -42.32548651018826 24663.199158503212 462.5544860492685 -542301636.1923825 340069691.58278984 4.51417808015842 -6.892374518225786 -7.892374518225786 0.2388688224445551 0.3174312884296948
0.00143904869959 28982.47741375926 4351585146206.2334 -2748453912.3103576 20101805.274971392 78516530.06400813 0.1434208013288961 -2.625358548769699 -6.046605369605103 28982.47741375926 0.2390346688814935 508.5696353013903 -4.80757070072361 0.0 -10798.842090915887 -7005.609139443544 0.003640775139657191 -24833.940846805657 0.2390346688814935 13959318.560347851 -520.7919726406581 -0.01561890015625081 -0.008466441365373967 4.6939592099747784 8.990229831447154 0.8950397960210381 -22.686294181031226 -42.31393758380111 24355.462811748803 462.5545038011326 -534017677.75443935 334691376.2698448 4.454924541093285 -6.801340779057585 -7.801340779057585 0.23906842113362003 0.31763037330524213
0.0014567489986 28945.577392131632 4340466973311.0156 -2709753999.097521 20077162.738432877 78349990.82146885 0.1435411933227088 -2.5938937299355262 -5.97686190848296 28945.577392131632 0.23923532220451466 508.60913721602725 -4.737626586278446 0.0 -10662.424969655454 -14748.998799437208 0.0036841641405062574 -24529.979525777035 0.23923532220451466 13931258.941145176 -520.8498251936726 -0.015627855281098214 -0.008469936662780803 4.635634328873496 8.885547755322936 0.8894279570272892 -22.676662151112936 -42.30225539208223 24051.431955975444 462.55452163594947 -525838526.82645774 329381524.08321375 4.3963990066689815 -6.711405085223975 -7.711405085223975 0.23927067671850033 0.3178320909694038
0.00147466701128 28908.27154407345 4329240726533.7666 -2671536505.068969 20052247.740280442 78181763.79991135 0.14366315811809527 -2.5628129648361786 -5.907974230181279 28908.27154407345 0.23943859686349211 508.64916382894125 -4.668535633317786 0.0 -10520.65889191399 -10217.962628886176 0.0037280530423847674 -24229.71161624513 0.23943859686349211 13902945.74880689 -520.8809596157735 -0.01563692779781415 -0.008473478025567568 4.578021591138311 8.782148479650754 0.8838849946054815 -22.666915863001783 -42.29043841819712 23751.121095047554 462.55453953827214 -517764439.85437465 324140303.8474509 4.338582994274819 -6.622573023288095 -7.622573023288095 0.23947562839870595 0.31803647963166815
0.00149280541552 28870.55600360647 4317905859534.127 -2633790928.329421 20027058.288467094 78011836.37117106 0.1437867223126807 -2.5321070341795537 -5.839921886788165 28870.55600360647 0.23964453718780115 508.68972253759364 -4.600277349600364 0.0 -10393.905860086907 -11086.520492431127 0.00377244718280409 -23933.092243724124 0.23964453718780115 13874378.296604328 -520.9266089326811 -0.015646119393359827 -0.008477066058501487 4.521119101515271 8.680001317786312 0.8784168607906793 -22.657054013899018 -42.278485373999885 23454.444120165444 462.55455749397794 -509793170.08365643 318966253.48556435 4.28147456432747 -6.534818224995 -7.534818224995 0.23968332417816562 0.3182435860620786
0.00151116692213 28832.426883791035 4306461475746.37 -2596513515.8071756 20001590.84077124 77840195.92966282 0.1439119010293147 -2.501773169501087 -5.7726987485643635 28832.426883791035 0.23985316838219117 508.7308208956792 -4.5328455801821725 0.0 -10254.1494683102 -12834.160068326359 0.0038173519457439455 -23640.077079337443 0.23985316838219117 13845555.608653126 -520.9703688278641 -0.01565543154041627 -0.008480701374671917 4.464915689286847 8.579097066719147 0.8730200427339965 -22.64707528772048 -42.26639431344436 23161.373104823026 462.554575485705 -501923919.4454806 313858855.5547186 4.225062520904656 -6.448132786035432 -7.448132786035432 0.2398937927510233 0.3184534377837266
0.00152975427527 28793.880275655327 4294907125952.2344 -2559699736.092139 19975843.756410908 77666829.88983588 0.14403872446883392 -2.471807855157922 -5.706297047712173 28793.880275655327 0.2400645407813899 508.77246660832736 -4.466232506930783 0.0 -10128.28371552049 -7825.3829662674625 0.003862772761787133 -23350.622332775598 0.2400645407813899 13816476.774504818 -521.0030442370771 -0.01566486603190367 -0.008484384595752554 4.409401469045042 8.479424057974462 0.867692230525791 -22.63697835463555 -42.25416407469614 22871.873452613218 462.55459349706456 -494155724.7741823 308817483.8594969 4.169336928263651 -6.362506690116003 -7.362506690116003 0.24010708812840065 0.3186660875735551
0.00154857025286 28754.912248519995 4283241957895.46 -2523339920.7240043 19949813.60779893 77491725.68995851 0.14416720954718476 -2.4422026012362203 -5.64069794281706 28754.912248519995 0.24027868257864127 508.81466741821157 -4.400419260238419 0.0 -10001.680516014605 -12536.302187663146 0.003908715108240261 -23064.68474576752 0.24027868257864127 13787141.230485642 -521.0607105223353 -0.015674424410848563 -0.008488116352130103 4.354574031934458 8.380954020032709 0.8624385728926686 -22.62676187096655 -42.24179273893345 22585.86582798412 462.5546115093742 -486486516.71135175 303840792.787524 4.1142953493558165 -6.277915640409997 -7.277915640409997 0.24032324268361283 0.31888156640194143
0.00156761766697 28715.518851694647 4271465291209.4473 -2487433425.2073965 19923497.67502266 77314870.80208871 0.14429737904727258 -2.4129576232249845 -5.575901946495925 28715.518851694647 0.2404956317454543 508.8574313092339 -4.335406314750471 0.0 -9867.183136203323 -12030.185725131236 0.003955184509244618 -22782.221585997097 0.2404956317454543 13757547.924551269 -521.1016441151187 -0.015684108355572667 -0.00849189728290019 4.300418383993316 8.28368770916207 0.8572514135768068 -22.616424479444543 -42.22927867091104 22303.34922055289 462.55462950289655 -478916166.18635 298928700.14357775 4.059922752247862 -6.1943602985806425 -7.1943602985806425 0.24054229816394934 0.31909991474863086
0.00158689936427 28675.69611286401 4259576602068.8115 -2451973210.611882 19896893.877299998 77136252.72719942 0.14442926122053476 -2.3840669502868646 -5.511895832075306 28675.69611286401 0.24071543536755793 508.9007662821869 -4.271180396707749 0.0 -9742.974520226684 -9436.393350717248 0.0040021865358682435 -22503.19064025924 0.24071543536755793 13727696.221988777 -521.1402011130704 -0.015693919672313907 -0.008495728036195624 4.24692878529549 8.187605269657107 0.8521323520926544 -22.60596480859342 -42.21662049462537 22024.26705964079 462.55464745670474 -471443170.5041899 294080228.5694082 4.006213349927932 -6.1118236086927755 -7.1118236086927755 0.24076430602515853 0.3193211826026149
0.00160641822645 28635.440039518642 4247575161230.799 -2416953051.692543 19869999.200187035 76955859.0040187 0.1445628775443081 -2.355525378093364 -5.448668066199043 28635.440039518642 0.24093812924051353 508.9446805127438 -4.20772993695853 0.0 -9620.415088928794 -9447.222418783856 0.004049726806234854 -22227.55020824814 0.24093812924051353 13697585.497652575 -521.1843234207263 -0.015703860049118057 -0.008499609269216514 4.194098547416662 8.092689389551724 0.8470819396663296 -22.595381472908088 -42.203816430424 21748.56970125784 462.55466534871033 -464066200.7298796 289294514.48544693 3.953160418176148 -6.030290698277382 -7.030290698277382 0.24098930658968964 0.3195454087667484
0.00162617717064 28594.746619132584 4235460314818.425 -2382367495.8127275 19842810.9148719 76773677.21226515 0.14469825217787255 -2.3273284369582017 -5.3862087520224815 28594.746619132584 0.2411637536297876 508.9891823344584 -4.145044998392693 0.0 -9499.469752740537 -10986.086669104136 0.004097810985573644 -21955.25909648103 0.2411637536297876 13667215.128599389 -521.2358052666714 -0.01571393124633198 -0.00850354164838876 4.141920080209539 7.998925210157127 0.842099727269712 -22.584673072700372 -42.19086480680108 21476.21415602116 462.55468315578975 -456784094.2744245 284570802.4842197 3.900756326579752 -5.949748805329464 -6.949748805329464 0.24121734480311963 0.3197726366157657
0.00164617914984 28553.611819853115 4223231327584.646 -2348212346.1971245 19815325.890459135 76589694.97820698 0.14483540662161484 -2.2994728731443153 -5.324510690871241 28553.611819853115 0.24139234436935808 509.0342801616618 -4.083118346501883 0.0 -9372.653431356019 -11892.496153572685 0.0041464447862944705 -21686.27661221335 0.24139234436935808 13636584.44818497 -521.2860361260246 -0.01572413498944519 -0.00850752584947541 4.090384182566806 7.906301921517075 0.8371835504580164 -22.573838194075584 -42.177763771387426 21207.168339858712 462.5547008527866 -449595957.95711064 279908512.8998133 3.848991838197448 -5.87018864724608 -6.87018864724608 0.24144846128148767 0.32000290516072416
0.00166642715338 28512.031590595252 4210887699693.771 -2314483924.194768 19787541.980946414 76403899.97758344 0.14497437056308143 -2.2719559389708777 -5.263567820769479 28512.031590595252 0.24162395093846906 509.0799825652993 -4.02194386983101 0.0 -9253.327068432394 -7860.240396032176 0.004195633968086536 -21420.562557098507 0.24162395093846906 13605692.783556111 -521.322338441576 -0.015734473187557538 -0.008511562557751543 4.039481083861077 7.814810414174728 0.8323305821188107 -22.56287540874847 -42.16451187556103 20941.404730532493 462.55471841356297 -442501011.05201346 275307138.68893933 3.797857132922608 -5.791602407492828 -6.791602407492828 0.24168271043439615 0.32023626715628595
0.00168692420737 28470.001860714205 4198428779968.7676 -2281173461.9024396 19759456.332746606 76216279.93667996 0.14511516866665122 -2.244769880986344 -5.203362948364693 28470.001860714205 0.24185861444441872 509.1262982440919 -3.9615043339202742 0.0 -9139.957092076842 -10483.57577024009 0.004245384337944598 -21158.07722115301 0.24185861444441872 13574539.922176922 -521.3772269407928 -0.015744947668177876 -0.008515652468226404 3.989208523115815 7.724424884398899 0.8275454945952824 -22.551783273743144 -42.15110736036287 20678.851101572578 462.55473581006055 -435497378.13885105 270765460.19450575 3.747349908671397 -5.713967914737635 -6.713967914737635 0.24192013902019283 0.32047276746415676
0.00170767337512 28427.51854201361 4185853808859.85 -2248278433.795309 19731065.56753361 76026822.64386287 0.14525782193104825 -2.2179130558241185 -5.143892452840335 28427.51854201361 0.24209636988508043 509.1732360713732 -3.9017960829552547 0.0 -9015.854305625508 -11647.213816702679 0.0042957017502079815 -20898.78137723784 0.24209636988508043 13543125.210896017 -521.4290791461281 -0.015755560204555524 -0.00851979628563519 3.9395554438725946 7.6351398892988085 0.8228239909286756 -22.540560331704942 -42.13754823120377 20419.489846322915 462.5547530124681 -428584524.78651094 266283131.58799875 3.6974590739875137 -5.637280500253914 -6.637280500253914 0.24216078733372737 0.3207124446012678
0.00172867775763 28384.577528080034 4173162343714.0024 -2215795173.246914 19702367.648549564 75835515.94919471 0.14540236243399138 -2.1913827039147775 -5.0851502493424565 28384.577528080034 0.24233727072331898 509.22080503001933 -3.8428129786191376 0.0 -8901.783316148574 -7740.633596610015 0.004346592106620745 -20642.6362747767 0.24233727072331898 13511448.116088383 -521.4666889070868 -0.01576631281270263 -0.008523994724703514 3.890512594034829 7.546946283772578 0.8181635123699947 -22.529205110503156 -42.12383305004673 20163.293418919664 462.5547699898076 -421761672.8088301 261859647.4067337 3.6481753233115097 -5.561532318068296 -6.561532318068296 0.24240471445379475 0.32095535576158774
0.00174994049405 28341.17469442139 4160353734850.773 -2183714984.0218096 19673359.57934179 75642347.76768343 0.14554881521810983 -2.165171079890868 -5.027119163043573 28341.17469442139 0.24258135869684974 509.2690142281655 -3.7845378043467237 0.0 -8790.949147744906 -10077.812717590694 0.004398061356326152 -20389.603634022933 0.24258135869684974 13479508.62641305 -521.523717024942 -0.01577720738753809 -0.008528248510336475 3.8420781953791563 7.45981829166641 0.8135689666231378 -22.51771612304052 -42.10995995964669 19910.189876957636 462.5547867089326 -415026961.83719957 257493797.8844621 3.599496836682307 -5.486701220748081 -6.486701220748081 0.24265196857939875 0.32120154697561865
0.00177146476213 28297.30590027231 4147427267448.1016 -2152035899.015978 19644038.024132438 75447306.08997536 0.14569720309895592 -2.1392770768212204 -4.969796767897462 28297.30590027231 0.2428286718315932 509.31787300785294 -3.7269680960658684 0.0 -8673.9033228704 -10183.128032303317 0.004450115495894213 -20139.645640569786 0.2428286718315932 13447306.17354258 -521.5751246102664 -0.015788245799666797 -0.008532558377643622 3.7942408936213967 7.373752261235661 0.8090355066380662 -22.5060918674997 -42.095926943484116 19660.166442903006 462.5548031348544 -408379977.30929524 253185315.24197853 3.5514122217898034 -5.412784080352425 -6.412784080352425 0.2429025936972653 0.3214510602294198
0.0017932537787 28252.966988212607 4134382498569.698 -2120752880.2621202 19614400.79029828 75250378.98333149 0.14584755850435827 -2.1136965443707756 -4.913173888978551 28252.966988212607 0.24307926417393044 509.3673907664956 -3.6700946248046202 0.0 -8563.264959550681 -9238.500582230565 0.004502760569286851 -19892.72493962642 0.24307926417393044 13414840.521059716 -521.6233753923152 -0.015799430133948435 -0.008536925072189472 3.7469939592529986 7.288734412076516 0.8045628754883646 -22.494330827007037 -42.08173245960116 19413.183296693704 462.5548192311782 -401819645.90455115 248933501.8657323 3.5039146950790685 -5.339769066060879 -6.339769066060879 0.2431566504375784 0.32170395394359674
0.00181531080018 28208.15378431546 4121218763914.193 -2089860458.479953 19584444.65362078 75051554.59500337 0.14599990619255454 -2.0884248864903805 -4.857240349523149 28208.15378431546 0.2433331769875909 509.4175770671669 -3.6139071725355585 0.0 -8451.794481970768 -9271.325051217142 0.004556002667894901 -19648.80463010803 0.2433331769875909 13382111.54689524 -521.6753258183235 -0.01581076234242016 -0.008541349350195836 3.700331471820059 7.204749465288858 0.8001515535817777 -22.48243146943107 -42.06737451272407 19169.19667880243 462.5548349583231 -395344800.32256174 244737599.5812788 3.4569982948324682 -5.2676430549099145 -6.2676430549099145 0.24341418701407014 0.32196027399954674
0.00183763912302 28162.862099850663 4107935566962.861 -2059354666.7120981 19554167.07738122 74850821.16253436 0.14615427690257055 -2.063458992227011 -4.80198928184161 28162.862099850663 0.24359046150428426 509.4684417185005 -3.558398820337326 0.0 -8345.08332532874 -8415.619300191458 0.004609847930452127 -19407.848259650076 0.24359046150428426 13349119.030777719 -521.7250308142502 -0.015822244518912072 -0.008545831978591134 3.654245489176358 7.1217871022609875 0.7957998999174496 -22.47039224758933 -42.05285138606404 18928.17608022189 462.554850275256 -388954596.86078966 240597060.5614677 3.410655027672074 -5.1963971913707745 -6.1963971913707745 0.24367526170494436 0.32222007631052296
0.00186024208424 28117.087730343475 4094532262565.1694 -2029229300.6420202 19523564.804917794 74648167.01235218 0.1463106961813303 -2.0387934980770255 -4.74740880488425 28117.087730343475 0.24385116030221718 509.51999457141346 -3.503557644582033 0.0 -8236.674228165857 -10377.142096030644 0.004664302543031124 -19169.81981863713 0.24385116030221718 13315863.074734842 -521.7869331752845 -0.015833878675039836 -0.008550373735333619 3.608731525106106 7.039829487225635 0.7915096862590209 -22.458211598748395 -42.03816104198792 18690.071046503836 462.5548651388607 -382647710.024726 236511023.6037048 3.3648803648038887 -5.126016154708909 -6.126016154708909 0.243939924802557 0.3224834085801558
0.00188312306187 28070.826458308056 4081008308834.5176 -1999482845.5744483 19492634.97903621 74443580.5746714 0.14646919326415558 -2.0144277352116813 -4.693497475676559 28070.826458308056 0.244115322106926 509.57224574328825 -3.4493821535696334 0.0 -8126.46803874009 -8888.926067927014 0.004719372738955027 -18934.6837354483 0.244115322106926 13282343.284423841 -521.8342952757885 -0.01584566691873198 -0.008554975409365156 3.563778360034889 6.958874439479198 0.7872758056926893 -22.445887945095986 -42.023301597685496 18454.872741770196 462.5548795030158 -376423822.6083731 232479284.03084245 3.3196630379279632 -5.056498084892589 -6.056498084892589 0.24420823231332822 0.32275032437149564
0.00190628547553 28024.07405105156 4067363311578.6826 -1970108686.0315764 19461375.337769296 74237050.37659378 0.14662980277957796 -1.9903559031886717 -4.640242455648275 28024.07405105156 0.24438300463262994 509.62520541195033 -3.3958594510156455 0.0 -8025.128834796778 -7923.93639340527 0.004775064798761796 -18702.40487035332 0.24438300463262994 13248559.94019195 -521.8861814214324 -0.01585761148940835 -0.008559637801073864 3.5193824516587893 6.878902681928203 0.7831008296065011 -22.433419692896692 -42.00827141305 18222.526960344938 462.55489331991174 -370281521.7043626 228500923.0634653 3.2749994470261594 -4.987826426642467 -5.987826426642467 0.24448025041013555 0.3230208870189252
0.00192973278688 27976.826263511397 4053596578576.08 -1941101900.0865543 19429782.23055055 74028565.05751148 0.14679254868121794 -1.9665738812226201 -4.587634622985405 27976.826263511397 0.2446542478020299 509.67888400917764 -3.342980375183375 0.0 -7920.597831427419 -9522.314969780375 0.0048313850500848726 -18472.948510901137 0.2446542478020299 13214513.207383992 -521.9471922713565 -0.015869714434886068 -0.008564361722247749 3.475537939606693 6.7999005185440975 0.7789849128133419 -22.420805232982364 -41.993068234859216 17992.994386864637 462.5549065385475 -364219756.66845083 224575258.7775921 3.2308836918046633 -4.919989417402525 -5.919989417402525 0.2447560275903473 0.3232951421422803
0.00195346850016 27929.07883824764 4039707670124.0903 -1912459899.6415575 19397853.066384394 73818113.37193565 0.14695746402494625 -1.9430799016823435 -4.535670098590313 27929.07883824764 0.24492910670824375 509.73329211730055 -3.2907409918820694 0.0 -7816.287334849307 -8777.785066021104 0.004888339867572963 -18246.280366493465 0.24492910670824375 13180202.991213208 -522.0015199205191 -0.01588197800953599 -0.008569147996324416 3.4322356602454374 6.721862112316056 0.7749247987624976 -22.4080429404807 -41.97769025017602 17766.256536823123 462.5549191054463 -358237979.5794516 220701936.03586674 3.187306553537194 -4.852982055697558 -5.852982055697558 0.24503562742756402 0.32357315046951696
0.00197749616271 27880.82750575833 4025696081107.0576 -1884177440.2178175 19365584.895995624 73605684.19378716 0.14712457954413558 -1.9198694987236347 -4.484339003895685 27880.82750575833 0.2452076325735593 509.78844046494714 -3.2391313713221255 0.0 -7715.22567186629 -8467.738720980664 0.004945935672742245 -18022.36656329692 0.2452076325735593 13145629.627357574 -522.0575621454045 -0.01589440444504685 -0.008573997458614053 3.3894705511553886 6.644772628319008 0.7709212999752537 -22.395131174624034 -41.96213547654084 17542.271136628056 462.5549309642683 -352335071.0516295 216880227.68518588 3.1442629185818296 -4.786791603268176 -5.786791603268176 0.24531911052442035 0.32385496945565717
0.00200181936551 27832.067985529848 4011561350030.8555 -1856250423.273583 19332974.89805308 73391266.52394941 0.1472939275754116 -1.8969393544951039 -4.433634013804545 27832.067985529848 0.24548987929235266 509.8443399781159 -3.188144134512192 0.0 -7614.9615752497575 -8434.026764518827 0.005004178933887102 -17801.173639090564 0.24548987929235266 13110793.364837255 -522.1139545169353 -0.015906996029696932 -0.00857891095645231 3.3472360090661017 6.568621060942699 0.7669735998153601 -22.38206827874941 -41.94640197051776 17321.00608654415 462.55494205554186 -346510158.01510173 213109566.93436244 3.1017461297737494 -4.721408614770625 -5.721408614770625 0.2456065403360198 0.32414065934776537
0.00202644174371 27782.7959864081 3997302974140.1675 -1828674325.2992408 19300019.99692856 73174849.49484928 0.14746553895027179 -1.874285705324163 -4.3835468102763215 27782.7959864081 0.24577589825045298 509.90100177983874 -3.1377709120258688 0.0 -7516.403997668189 -8272.447083335846 0.005063076165891724 -17582.66853833277 0.24577589825045298 13075694.592885112 -522.1736285940133 -0.015919755046345466 -0.00858388934942942 3.3055262251366053 6.493394915997664 0.7630816122733957 -22.36885258011192 -41.9304876619579 17102.425397400715 462.5549523169338 -340762275.6357768 209389327.37853646 3.0597503268861526 -4.656822364352971 -5.656822364352971 0.24589797833096594 0.3244302782312457
0.00205136697716 27733.00720803435 3982920490563.436 -1801445215.014666 19266717.223211687 72956422.37973563 0.14763944593703673 -1.8519053802126628 -4.334070394453379 27733.00720803435 0.24606574322839456 509.958437158545 -3.0880046512249844 0.0 -7418.290438841088 -8475.807231668763 0.005122633930069877 -17366.818607336318 0.24606574322839456 13040333.68156867 -522.2346626008512 -0.015932683831873545 -0.008588933509514786 3.264334660717503 6.4190836772706055 0.7592444431498404 -22.355482389978143 -41.9143905099413 16886.498335245407 462.5549616827047 -335090586.35033095 205718965.44399238 3.0182689174891086 -4.593023827377337 -5.593023827377337 0.24619348867277568 0.32472388678589004
0.00207659879098 27682.697340813695 3968413449859.501 -1774559207.3195703 19233063.595105894 72735974.59552816 0.1478156812805659 -1.8297952462872524 -4.285197852905844 27682.697340813695 0.2463594688009432 510.0166576085588 -3.038838384104901 0.0 -7320.568605290626 -8532.194088605014 0.005182858833981372 -17153.59158920876 0.2463594688009432 13004711.061606316 -522.2951671008159 -0.015945784758465243 -0.00859404432134003 3.223654858870717 6.345676956425119 0.7554612106184255 -22.341956003320888 -41.8981084507211 16673.194530558667 462.55497008378165 -329494262.3630346 202097943.92495826 2.977295390069774 -4.5300040893834685 -5.5300040893834685 0.24649313675064732 0.3250215467724846
0.0021021409561 27631.862067335696 3953781463177.234 -1748012518.6940036 19199056.32847185 72513495.7120598 0.14799427994870593 -1.8079522661910055 -4.236922487755873 27631.862067335696 0.24665713324784322 510.07567479168773 -2.9902653545080295 0.0 -7224.24365540433 -8044.013586669922 0.005243757531223673 -16942.95561917695 0.24665713324784322 12968827.21401981 -522.3527710447524 -0.015959060269039153 -0.008599222682337513 3.1834803588854075 6.273164687217862 0.7517309596954339 -22.328271698898195 -41.881639489539246 16462.484487621736 462.554977447601 -323972497.78908515 198525739.7588563 2.9368232256375646 -4.4677545139394645 -5.4677545139394645 0.24679699208922634 0.32532332394296204
0.00212799728986 27580.49706219034 3939024131596.585 -1721800579.6792715 19164692.517581653 72288975.45430486 0.1481752765219139 -1.7863725784517988 -4.189235769184611 27580.49706219034 0.24695879420318984 510.1355005476994 -2.9422769749814215 0.0 -7131.044402338961 -7526.241364428823 0.005305336721237198 -16734.87921952712 0.24695879420318984 12932682.845731404 -522.412666695378 -0.015972512825415633 -0.008604469503052678 3.1438060429116508 6.201534055709185 0.7480540233548643 -22.3144277388953 -41.8649815613645 16254.331534393108 462.5549836975684 -318524317.52848285 195001719.73381758 2.8968472487084607 -4.40626410219118 -5.40626410219118 0.24710512429509224 0.3256292838871977
0.00215417165653 27528.59799405691 3924141015673.224 -1695919001.171493 19129968.996486433 72062403.7145706 0.148358703992074 -1.7650524896679807 -4.142129538509697 27528.59799405691 0.24726450665345664 510.19614701462 -2.8948650318562406 0.0 -7038.46632999942 -8185.694657879042 0.005367603149013217 -16529.33129531999 0.24726450665345664 12896278.726837955 -522.4789058435254 -0.015986144884393125 -0.008609785707225584 3.104626678846247 6.130772805546726 0.7444305515671439 -22.300422369172892 -41.84813246794056 16048.700521944404 462.55498875352555 -313148784.77241033 191525275.74462664 2.85736217219279 -4.345522333847621 -5.345522333847621 0.24741760082347042 0.32593948987726573
0.00218066796791 27476.160525879077 3909131700969.5225 -1670364696.408901 19094882.628000528 71833770.55632213 0.14854459619929203 -1.743989648050597 -4.095598619666944 27476.160525879077 0.24757432699882007 510.2576264378657 -2.848024292668124 0.0 -6944.268058710364 -8218.86983731709 0.005430563604844242 -16326.28112955176 0.24757432699882007 12859615.440150334 -522.5441645364554 -0.015999958947341058 -0.008615172232078938 3.0659351981220473 6.060873153834144 0.7408587724179242 -22.286253818994865 -41.83109000554333 15845.568055020849 462.5549925310315 -307845242.4879965 188095981.9037188 2.818360871123227 -4.285522534928425 -5.285522534928425 0.2477344906447061 0.32625400666668736
0.00220749018391 27423.18031624676 3893995888340.58 -1645134243.4151587 19059430.717592627 71603066.22329313 0.14873299127093445 -1.7231813491249433 -4.049637059197555 27423.18031624676 0.24788831878489076 510.31995132354336 -2.8017487404126644 0.0 -6853.180411948195 -7486.670855117148 0.005494224924060599 -16125.69837859815 0.24788831878489076 12822693.695150284 -522.6045427188201 -0.016013957629714724 -0.008620630028486452 3.027725179806855 5.991826149201368 0.7373375020367343 -22.271920301075696 -41.813852144949756 15644.90768802428 462.5549949416874 -302612961.92879057 184713365.32634273 2.779836861021964 -4.226257029064879 -5.226257029064879 0.24805587049177524 0.3265729065646543
0.00223464231317 27369.65301904356 3878733241910.6133 -1620222676.147871 19023610.318839956 71370281.14105271 0.14892392589040002 -1.7026232595459547 -4.004235281791604 27369.65301904356 0.2482065431506667 510.3831343134513 -2.756028738640937 0.0 -6763.649789404632 -7757.183442296529 0.005558593986712027 -15927.553067472762 0.2482065431506667 12785514.636033949 -522.6706567962301 -0.01602814354658386 -0.008626160061331392 2.9899927196438063 5.923617408303849 0.7338680334041118 -22.25742001115301 -41.79641672840386 15446.678827404934 462.55499589250667 -297450882.0141244 181376736.8073929 2.74178617649314 -4.167713469227579 -5.167713469227579 0.248381815858968 0.32689626024993
0.00226212841362 27315.574286028906 3863343385374.735 -1595626993.2398267 18987418.21648065 71135405.93136172 0.149117435068238 -1.6823130890467974 -3.9593882498347175 27315.574286028906 0.24852905844706333 510.44718837689794 -2.7108591913876543 0.0 -6674.076888423781 -7487.466611660438 0.005623677717250508 -15731.815585643659 0.24852905844706333 12748079.049659334 -522.7356662693364 -0.016042519308217883 -0.0086317633095624 2.952731042813158 5.856239355269721 0.7304486955514543 -22.242751128348228 -41.77878145844085 15250.858700832763 462.5549952854723 -292358363.4155191 178085682.03295174 2.7042019843660943 -4.10988536000785 -5.10988536000785 0.24871239931418743 0.32722413552167917
0.00228995259311 27260.939766609787 3847826061020.9136 -1571343051.9840555 18950851.64649919 70898431.41429862 0.14931355826044462 -1.662247338169407 -3.9150882452067486 27260.939766609787 0.2488559304340744 510.51212662330926 -2.666232314772674 0.0 -6586.927547051864 -7506.480490039421 0.005689483084160186 -15538.456682433121 0.2488559304340744 12710388.072375355 -522.8035526606145 -0.01605708764381631 -0.008637440766553518 2.915935273878162 5.789680390998765 0.7270796722345255 -22.227911814761033 -41.76094421719043 15057.414073989696 462.5549930185904 -287334521.8283404 174839626.82383206 2.667079343444088 -4.052762749422288 -5.052762749422288 0.24904770190835335 0.32755660830194266
0.00231811901001 27205.74510959176 3832180905328.408 -1547367350.3745825 18913907.270191785 70659348.61899984 0.1495123306959972 -1.6424231689971724 -3.8713290136174163 27205.74510959176 0.249187217826662 510.5779624076001 -2.6221417957907542 0.0 -6498.812851693197 -7650.871472202226 0.005756017099600672 -15347.44746274656 0.249187217826662 12672442.773704171 -522.8728849795243 -0.016071851227561555 -0.008643193440262112 2.8795996895709166 5.723931114483904 0.7237602280024183 -22.21290021559398 -41.74290261192446 14866.31748037896 462.5549889835641 -282378609.7756193 171638086.49066678 2.6304124717442545 -3.9963375730821493 -4.996337573082149 0.24938779803249767 0.3278937477239624
0.00234663187383 27149.98596398065 3816407726036.8486 -1523696784.7864718 18876582.442592572 70418148.79027395 0.1497137941073677 -1.6228381578069715 -3.8281052308412225 27149.98596398065 0.2495229901789462 510.64470934992323 -2.5785822406622763 0.0 -6413.205796756977 -7027.45813745234 0.005823286818992587 -15158.759382759257 0.2495229901789462 12634244.186403174 -522.9389448474394 -0.01608681289488323 -0.008649022353494979 2.843718082495782 5.658983516202183 0.7204890760162659 -22.197714459014087 -41.724654535326785 14677.545092447144 462.5549830675732 -277489965.9940284 168480632.05687556 2.5941950923168355 -3.9406029661540165 -4.9406029661540165 0.2497327733665603 0.32823563405939926
0.00237549544588 27093.65797943776 3800506235413.782 -1500326731.478794 18838873.984829128 70174823.3937302 0.14991798636974157 -1.6034882514711555 -3.785407946039222 27093.65797943776 0.24986331061623596 510.71238124170793 -2.535544635422986 0.0 -6328.751126650471 -7518.443649524582 0.00589129934063126 -14972.364245448141 0.24986331061623596 12595793.861765454 -523.0114335148828 -0.016101975434869565 -0.008654928544219738 2.808286754680758 5.59482414885342 0.7172674028564188 -22.182352655913373 -41.70619762293606 14491.059009556195 462.55497515234765 -272667601.6663388 165366621.51866663 2.5584234440645224 -3.885547386937926 -4.885547386937926 0.25008270863581905 0.32858234213087945
0.00240471403986 27036.75680860103 3784476196489.599 -1477254718.7813416 18800778.85527532 69929364.12897187 0.150124947148168 -1.5843716768861393 -3.7432332777442623 27036.75680860103 0.2502082452469467 510.78099216858357 -2.4930250324973153 0.0 -6243.27481067846 -7196.442707015675 0.005960061805211873 -14788.234196688421 0.2502082452469467 12557092.821874447 -523.0806386167278 -0.01611734170408767 -0.008660913065684376 2.7732987834986664 5.531447168200745 0.7140930771323251 -22.166812900171802 -41.68752954820383 14306.841087619898 462.55496511360417 -267910990.44004747 162295714.02252558 2.52309053825172 -3.8311658310796997 -4.8311658310797 0.25043768715702686 0.3289339494844644
0.00243429202255 26979.27810682501 3768317456540.4766 -1454476864.1154795 18762294.30211407 69681762.93163238 0.15033471927548434 -1.565485145886585 -3.701573982378314 26979.27810682501 0.25055786545914055 510.8505564088105 -2.4510161169191735 0.0 -6161.762759780604 -6783.945975335759 0.006029581395373101 -14606.34172079792 0.25055786545914055 12518142.580743855 -523.1502335831883 -0.016132914655116085 -0.008666976986821501 2.7387495867631997 5.46884168508109 0.7109662714343621 -22.151093268210573 -41.66864809211962 14124.860135306852 462.5549528209303 -263219302.82232022 159267371.06543976 2.488191721304059 -3.7774489586403748 -4.777448958640375 0.25079779901220234 0.32929053993340596
0.00246423381443 26921.217534298667 3752029778409.351 -1431989035.1775417 18723417.083260622 69432011.98567785 0.15054734203124168 -1.546825082074094 -3.6604221705813083 26921.217534298667 0.25091223671873614 510.92108853148534 -2.409509933862572 0.0 -6079.358152459679 -7372.489354390948 0.00609986533518782 -14426.659636635275 0.25091223671873614 12478944.852666127 -523.2266612282492 -0.0161486972018492 -0.008673121392405836 2.7046351204439265 5.406995843632384 0.7078876427691914 -22.13519181918765 -41.64955079358981 13945.082526200616 462.5549381375368 -258591654.8287576 156281018.95845336 2.4537228837251903 -3.724386596806367 -4.724386596806367 0.25116312936696805 0.329652192037569
0.00249454389035 26862.570757026595 3735612991283.3545 -1409789151.1003265 18684144.159443032 69180103.73078962 0.1507628570967892 -1.5283901097341945 -3.61977484696012 26862.570757026595 0.2512714284946487 510.99260335056147 -2.368503418465471 0.0 -5997.6915412943645 -6612.951341979535 0.006170920889648608 -14249.161093476103 0.2512714284946487 12439500.751022061 -523.2977180871294 -0.016164692339817682 -0.00867934738334186 2.670948228188899 5.3459051276086305 0.7048546457497047 -22.119106594877355 -41.63023525834333 13767.493610647318 462.5549209199177 -254027603.3671186 153336371.06769192 2.4196767996942503 -3.6719748839298125 -4.6719748839298125 0.251533766884098 0.3300189880243738
0.0025252267802 26803.333447912642 3719067018906.5625 -1387872651.4762535 18644472.826332316 68926030.87018363 0.1509813097417162 -1.5101761634405526 -3.579623044300067 26803.333447912642 0.2516355162361937 511.06511594073334 -2.3279875280638733 0.0 -5919.028597304991 -7105.107770486025 0.006242755364109528 -14073.819566992868 0.2516355162361937 12399812.323634695 -523.3746013007913 -0.016180903170657925 -0.008685656076949374 2.637685812816943 5.285556061038036 0.7018687771827967 -22.10283561957137 -41.610699218713485 13592.05566491079 462.55490101807817 -249526172.54922664 150432793.48821434 2.386050296580749 -3.6202022573907984 -4.620202257390798 0.2519098086716909 0.3303910177400289
0.0025562870696 26743.501287717907 3702391644824.352 -1366236948.6371899 18604399.618010383 68669786.37788603 0.15120273931632205 -1.4921813005783182 -3.539962503975999 26743.501287717907 0.25200456552720346 511.1386415980794 -2.2879579384487956 0.0 -5837.087728361697 -7041.345052490833 0.006315376103715591 -13900.608855219793 0.25200456552720346 12359881.021537371 -523.4505829011287 -0.016197332711716528 -0.00869204860727181 2.60484177452096 5.2259422341215975 0.6989284438806846 -22.086376899938415 -41.59094004093218 13418.749212359597 462.5548782745369 -245086809.32990056 147569928.22689676 2.352837208993757 -3.5690632264559765 -4.5690632264559765 0.2522913415117942 0.3307683608599815
0.00258772940055 26683.069967415708 3685586923810.666 -1344879356.9179795 18563922.226601765 68411363.5119751 0.15142719592868195 -1.4744034702830084 -3.500788742745474 26683.069967415708 0.2523786598811366 511.21319597564417 -2.2484100828643374 0.0 -5761.161764487449 -5856.142447045686 0.0063887904927891585 -13729.503074836184 0.2523786598811366 12319708.374050802 -523.5201355767767 -0.01621398423161335 -0.008698526125241067 2.5724102853622717 5.167056894157831 0.6960322704929578 -22.06972842526205 -41.570955586673435 13247.55389484608 462.55485252439587 -240708940.66170657 144747403.5204308 2.3200316254811355 -3.518552011020385 -4.518552011020385 0.25267847097351936 0.33115111555983623
0.00261955847218 26622.03518704336 3668652691494.727 -1323793934.8144855 18523037.2064854 68150755.81281856 0.15165472050578424 -1.4568370361699183 -3.462089295941721 26622.03518704336 0.2527578675096404 511.2887948676148 -2.2093314284320806 0.0 -5684.772850674716 -7362.228419731328 0.006463005954136955 -13560.476656988798 0.2527578675096404 12279297.353301058 -523.60867801721 -0.016230860850687666 -0.008705089799234695 2.5403908837759657 5.108881321409368 0.6931842465743148 -22.052888166707305 -41.55074318125618 13078.418722152843 462.5548235933758 -236391292.12676293 141964391.46384943 2.287633016266325 -3.4686525381469036 -4.4686525381469036 0.253071291031 0.3315393671770299
0.00265177904139 26560.39266129702 3651588815726.0566 -1302980995.1756582 18481741.147874188 67887957.13011304 0.1518853548673242 -1.439483212771874 -3.4238669244816817 26560.39266129702 0.25314225811220703 511.3654545282475 -2.1707246663694746 0.0 -5604.3820865428615 -6601.313850097319 0.006538029948562237 -13393.504343812008 0.25314225811220703 12238648.441535158 -523.6833723926302 -0.01624796574324349 -0.008711740814903186 2.5087731682792143 5.051419634018453 0.6903782662952734 -22.035854078439463 -41.53030013632488 12911.351271555703 462.554791302557 -232133933.27000117 139220939.5592073 2.255630910167007 -3.419368369342692 -4.419368369342692 0.25346989282891896 0.3319331996694639
0.0026843959236 26498.13811634577 3634395543338.0347 -1282435841.6406822 18440032.30460437 67622961.61238612 0.15211915630167427 -1.4223377064490164 -3.3861121718151095 26498.13811634577 0.25353192716945716 511.4431913361231 -2.132580244645652 0.0 -5532.398959156551 -5874.055488308141 0.006613869973897531 -13228.561184440208 0.25353192716945716 12197764.265748443 -523.7586452008654 -0.016265302432039972 -0.008718480375970708 2.4775549265920835 4.994657615332845 0.6876164406746983 -22.01862409631499 -41.509624494030255 12746.312163733373 462.5547554610465 -227935858.65789646 136516394.02021152 2.2240229994226266 -3.3706873112778117 -4.370687311277812 0.25387439852375293 0.33233272625248034
0.00271741399346 26435.267293470682 3617072642096.43 -1262153939.9931724 18397906.558994498 67355763.72563767 0.15235616184340786 -1.4053963649655246 -3.3488158656173255 26435.267293470682 0.25392693640567976 511.522022025215 -2.0948889292116455 0.0 -5456.516921149227 -7118.418266742094 0.006690533564422066 -13065.622531333414 0.25392693640567976 12156647.602188604 -523.8479834590253 -0.016282874070699425 -0.008725309704296596 2.446733840186745 4.9385814862907615 0.6849007200910113 -22.001196138447565 -41.4887131923605 12583.26326106675 462.55471586908493 -223796094.63122067 133850123.26444224 2.1928069037810656 -3.3225975366089866 -4.322597536608987 0.25428489775442753 0.33273802720930157
0.00275083818558 26371.775951623098 3599620258674.2627 -1242135254.7916346 18355361.456854004 67086358.267281845 0.15259642394396225 -1.3886600273964638 -3.311979948205419 26371.775951623098 0.2543273732399371 511.6019636699815 -2.057652574965482 0.0 -5381.651993086661 -5787.676550824164 0.006768028290194145 -12904.66403658787 0.2543273732399371 12115299.146488555 -523.9226610029546 -0.016300684160959863 -0.008732230040062712 2.4163003775498204 4.88319413122815 0.682225715503153 -21.98356810547292 -41.46756389673801 12422.208939481654 462.554672320486 -219714636.044834 131222125.51659408 2.1619730043098833 -3.275101551487693 -4.275101551487693 0.25470150226186294 0.3331492061321032
0.00278467349526 26307.65986575529 3582038498293.9385 -1222373712.4826775 18312394.226447478 66814740.36211649 0.15283999304561766 -1.3721227971452483 -3.2755913907607264 26307.65986575529 0.2547333217426961 511.6830335537756 -2.02085806901803 0.0 -5311.854584028622 -6338.513269764831 0.006846361755968126 -12745.661648334024 0.2547333217426961 12073722.627243165 -524.0114269094265 -0.016318736203873203 -0.008739242642441634 2.3862549891122784 4.828475978893524 0.679596067951358 -21.96573787963341 -41.44617410213928 12263.096395526736 462.5546245951307 -215690179.30188802 128631553.40972117 2.1315216673695825 -3.2281825557191404 -4.22818255571914 0.25512432795556084 0.33356636826034813
0.00281892497925 26242.91483182615 3564327286746.503 -1202867924.7366495 18269001.117952753 66540905.486596085 0.1530869114979977 -1.3557839902467441 -3.2396487361009094 26242.91483182615 0.25514485249666286 511.76524936167596 -1.9845038836042466 0.0 -5235.859736325936 -6880.836352350214 0.006925541600686082 -12588.59160707887 0.25514485249666286 12031919.551388262 -524.0990752224425 -0.016337033577596437 -0.00874634878953274 2.356590580041111 4.77442481998581 0.6770087453339317 -21.947703325708257 -41.42454082520915 12105.917072681636 462.5545724663402 -211722426.30058458 126078215.15619193 2.101445727544448 -3.1818386713002225 -4.1818386713002225 0.25555347336701995 0.3339896027625159
0.00285359775649 26177.53666617788 3546486971852.124 -1183616174.2173193 18225180.258704707 66264849.46917299 0.15333723928897525 -1.3396425673251715 -3.204149763372937 26177.53666617788 0.2555620654816254 511.8486290408666 -1.9485876978913117 0.0 -5165.631158889787 -5305.891024331012 0.007005575496384842 -12433.430442230017 0.2555620654816254 11989891.54416069 -524.1736764492307 -0.016355580055577544 -0.008753549778935341 2.3273006814744632 4.721037289898864 0.6744612959370903 -21.92946229037477 -41.40266191461078 11950.659427695398 462.55451569516373 -207811010.05877253 123561872.89830449 2.0717386159928375 -3.1360670358943183 -4.136067035894318 0.2559890676105766 0.33441902899354226
0.0028886970089 26111.521206387486 3528517652157.3784 -1164612079.8452334 18180928.46350745 65986568.49689947 0.15359102538865674 -1.3236921994586923 -3.1690804808543636 26111.521206387486 0.2559850423144279 511.93319088928575 -1.9130954385399357 0.0 -5097.897915058117 -6249.406098716197 0.007086471147280749 -12280.154968476972 0.2559850423144279 11947643.02468678 -524.2682333653229 -0.01637437923171456 -0.008760846928170645 2.298386679806504 4.668292373843401 0.6719591521005974 -21.91101260196935 -41.38053458752529 11797.267269699176 462.554454030043 -203954559.34140134 121081635.45773834 2.0424016374920755 -3.0908496075377005 -4.0908496075377005 0.2564312289191011 0.3348547529182071
0.00292422798211 26044.864315998653 3510419340951.4785 -1145855285.9543078 18136241.999587525 65706059.138332 0.1538483144744878 -1.3079333561254076 -3.1344419980186657 26044.864315998653 0.2564138574574797 512.0189535047604 -1.878028140561186 0.0 -5025.119591924992 -6363.922798413078 0.0071682362889896895 -12128.742282523192 0.2564138574574797 11905175.06017957 -524.3586179341437 -0.01639343465562927 -0.008768241574676875 2.2698400876988214 4.616191711208838 0.6694977227219328 -21.892352071326837 -41.35815577627072 11645.74182036532 462.55438720993175 -200152996.92687103 118637454.89417556 2.013426230241342 -3.046187818165837 -4.046187818165837 0.25688006175575473 0.3352968689532859
0.00296019598629 25977.561884125327 3492192472689.8823 -1127343144.9885454 18091119.018022668 65423318.34472714 0.15410916912141923 -1.292363915700943 -3.1002296928486426 25977.561884125327 0.2568486152023654 512.1059358942049 -1.8433810776462771 0.0 -4957.41192378218 -5567.482688088775 0.007250878687479007 -11979.169759460801 0.2568486152023654 11862490.035999784 -524.442784698329 -0.016412750279694906 -0.008775735076391601 2.2416563192608194 4.564728334205509 0.6670763074756032 -21.87347849118263 -41.33552325121878 11496.06249801369 462.5543149615796 -196405754.80799335 116228962.37350067 1.984807704058454 -3.0020757090475962 -4.002075709047596 0.25733570454608967 0.3357455040930729
0.00299660639692 25909.609826009026 3473837192752.2983 -1109071084.6064548 18045556.14541616 65138343.455268495 0.15437363883957753 -1.2769795320724626 -3.0664339806641063 25909.609826009026 0.25728939806596257 512.1941572978589 -1.8091445825981438 0.0 -4889.582324475947 -6071.99495212047 0.007334406137878221 -11831.415049494592 0.25728939806596257 11819591.736811338 -524.537637273288 -0.016432329838054392 -0.008783328812241718 2.21383414457387 4.513887838307504 0.6646975471560936 -21.854389635830263 -41.312634047872 11348.190046269176 462.5542369967392 -192711849.13172022 113855519.15050606 1.9565447465079076 -2.9585009214128757 -3.9585009214128757 0.25779827851985815 0.33620076660189757
0.0030334646556 25841.00408809528 3455353795500.543 -1091038043.491103 17999550.584180705 64851132.22118939 0.1546417791222383 -1.2617798712093478 -3.033054201387052 25841.00408809528 0.25773629853706387 512.2836374118926 -1.775317902849988 0.0 -4821.676421468243 -5665.808035501293 0.007418826463740895 -11685.456074574415 0.25773629853706387 11776481.71189629 -524.6266074883679 -0.01645217722942775 -0.008791024182130115 2.186366545368962 4.463669202568223 0.6623581872604931 -21.83508326204167 -41.28948543410302 11202.11895252015 462.5541530167544 -189071050.91715342 111516977.81757544 1.928630246831898 -2.9154626055299087 -3.9154626055299087 0.25826791070596555 0.336662771945785
0.00307077627087 25771.740646048995 3436742639113.198 -1073239951.6880889 17953099.7023234 64561682.800204016 0.15491364783653144 -1.246761126498275 -3.0000819816058426 25771.740646048995 0.2581894130608858 512.374396208543 -1.7418925685449569 0.0 -4756.3122927270615 -5775.617811381561 0.0075041475156082255 -11541.27102507167 0.2581894130608858 11733163.644919861 -524.7224638199677 -0.016472296446246783 -0.008798822607738127 2.1592516910793718 4.414059834721802 0.66006016534557 -21.815557107998202 -41.26607472320423 11057.814635974906 462.5540627064487 -185482484.3324554 109212769.50707519 1.9010622780184858 -2.8729499648647523 -3.8729499648647523 0.25874473861260217 0.3371316438840888
0.003108546819 25701.815510125038 3418003977344.3345 -1055674891.1002629 17906200.217644602 64269993.78169475 0.15518929756827934 -1.2319219619260389 -2.9675144303071668 25701.815510125038 0.25864882928046556 512.4664541240086 -1.7088656010267012 0.0 -4689.076131898425 -5857.323679480409 0.007590377170116575 -11398.838356648645 0.25864882928046556 11689639.79211439 -524.8175394417522 -0.016492691421000686 -0.008806725532500866 2.132484219013419 4.365055369033929 0.6578018040808229 -21.79580889428269 -41.24239888951321 10915.263216096406 462.55396573807764 -181945734.85046735 106942626.24536043 1.8738353897329532 -2.8309592726658823 -3.8309592726658823 0.2592288887345492 0.33760749590753414
0.00314678194487 25631.22472430139 3399138325944.2686 -1038340404.407302 17858849.970322896 63976064.18572004 0.15546879218572934 -1.2172604132770344 -2.935347277187083 25631.22472430139 0.2591146536428823 512.5598318764258 -1.6762326235442009 0.0 -4624.876849013878 -5318.134850811248 0.007677523328665949 -11258.136786858839 0.2591146536428823 11645912.818542847 -524.909628158719 -0.01651336636042751 -0.00881473442230823 2.1060597820849294 4.31664936456633 0.6555824048880599 -21.775836323109186 -41.21845539919884 10774.445614099319 462.5538617680202 -178460272.9274002 104706204.4154826 1.846945128442047 -2.789485023794789 -3.789485023794789 0.2597205087554775 0.33809046189863545
0.00318548736279 25559.96436922492 3380146022021.6206 -1021232588.5665975 17811045.784028355 63679893.47790194 0.1557521868898926 -1.2027728056591953 -2.9035724375980525 25559.96436922492 0.259586978149821 512.6545506052124 -1.6439854594482315 0.0 -4561.235630858006 -5722.545664759717 0.007765593916227918 -11119.145292061086 0.259586978149821 11601986.68335312 -525.0110041800635 -0.016534325345475703 -0.008822850765782621 2.079976630894177 4.268829663680472 0.6534038471334223 -21.755637078619266 -41.194241206582085 10635.328529087605 462.5537504358996 -175025256.66587043 102502957.5803082 1.8203896527443562 -2.7485167940271023 -3.7485167940271023 0.2602197367528756 0.33858066451361957
0.00322466885736 25488.03056487982 3361027506876.536 -1004350138.0907745 17762784.835051138 63381481.58303596 0.1560395409604447 -1.188458497268217 -2.87218857313003 25488.03056487982 0.26006590160074117 512.7506318419386 -1.612122671529289 0.0 -4496.41207241414 -5528.135309637672 0.007854596880157893 -10981.84310425692 0.26006590160074117 11557863.287987845 -525.1089103741506 -0.016555572588106336 -0.008831076074599204 2.0542286578657576 4.221594225828131 0.6512635622436582 -21.73520882709602 -41.169753394545936 10497.903947277313 462.55363136709417 -171640402.4071518 100332702.69671443 1.7941627562650166 -2.708052858977208 -3.708052858977208 0.2607267137160164 0.3390782306277924
0.0032643322843 25415.419471500474 3341783341314.9385 -987690042.568463 17714064.731347896 63080828.89131848 0.15633091859493475 -1.1743148353402433 -2.841189883859703 25415.419471500474 0.2605515309915579 512.8480975315796 -1.5806383528681454 0.0 -4434.77760233647 -5225.392227549281 0.007944540188682597 -10846.209708106033 0.2605515309915579 11513545.998379538 -525.2075180731281 -0.016577112449320558 -0.008839411884023254 2.0288127945030543 4.174934315459035 0.6491620060995064 -21.71454921667374 -41.14498921320458 10362.147179246109 462.55350416743147 -168305060.0933515 98195017.77378371 1.7682612635114965 -2.6680857409677214 -3.6680857409677214 0.2612415942418116 0.33958329891267314
0.0033044835714 25342.127291750938 3322413994863.2974 -971249098.9345893 17664882.474739935 62777936.26976303 0.15662637910873972 -1.1603389144089997 -2.8105700010699843 25342.127291750938 0.2610439651812329 512.9469699684616 -1.5495260358887515 0.0 -4372.4871080629355 -5598.163930773875 0.008035431829728445 -10712.22483760196 0.2610439651812329 11469038.514326526 -525.3132860970618 -0.016598949243273254 -0.008847859753314438 2.0037264293043924 4.128840346544564 0.6471000517221337 -21.693655877398918 -41.11994558937506 10228.031497094273 462.5533684257073 -165018537.08110765 96089453.45872748 1.7426824641231595 -2.6286072286926827 -3.6286072286926827 0.261764527397815 0.34009600164002274
0.00334512871933 25268.150273865023 3302920029687.936 -955026068.0539557 17615235.36316359 62472805.07747123 0.15692598541414127 -1.1465301584461203 -2.7803277379012177 25268.150273865023 0.2615433090235688 513.0472719667882 -1.5187844288776489 0.0 -4310.144775772899 -5281.174601865169 0.008127279809430576 -10579.86847330668 0.2615433090235688 11424342.72334953 -525.4136199977347 -0.016621087408334918 -0.008856421266031669 1.9789636214603277 4.08331050384397 0.6450751650205675 -21.672526421559795 -41.09461954986241 10095.549472858807 462.5532237128084 -161780562.68025136 94015835.05617645 1.7174203124367589 -2.58961579329807 -3.58961579329807 0.2622956649061954 0.34061647486120705
0.00338627380257 25193.48471214112 3283302150659.865 -939017604.5929456 17565121.237437516 62165437.169871114 0.15722980653393942 -1.132885467402512 -2.7504563076114183 25193.48471214112 0.2620496775565657 513.1490266867809 -1.4884066300548526 0.0 -4250.447266954225 -5154.140429046416 0.008220092150580723 -10449.120839242878 0.2620496775565657 11379462.58595788 -525.5169656010712 -0.016643531558931453 -0.008865098030662018 1.9545222189512448 4.038334568898272 0.6430885951607086 -21.651158443255163 -41.06900834270808 9964.672881984516 462.55306957825303 -158590413.6574962 91973692.73756433 1.6924725413946793 -2.5511026846660396 -3.5511026846660396 0.26283517620201946 0.34114486982009085
0.00342792497035 25118.126949722096 3263560895324.315 -923221105.4748831 17514536.945164524 61855834.91230481 0.15753790281643706 -1.119402607834531 -2.720950836397383 25118.126949722096 0.26256317136072843 513.2522576957867 -1.4583876650366547 0.0 -4190.204827131444 -5244.462612665021 0.008313876891252802 -10319.962399841723 0.26256317136072843 11334401.4720963 -525.6248272951871 -0.016666286189538814 -0.008873891680996544 1.9303988812757276 3.993905197475832 0.6411403479793556 -21.62954951860715 -41.04310870264835 9835.380681249184 462.5529055516892 -155447524.64854136 89962660.13133088 1.6678357099149992 -2.51306161931085 -3.51306161931085 0.2633832164880757 0.3416813234581585
0.00347008844748 25042.073382181938 3243697004405.6543 -907634684.7046945 17463480.176341094 61544001.196776755 0.15785034353695812 -1.1060802032549235 -2.6918083680286573 25042.073382181938 0.2630839058949302 513.3569891470279 -1.4287244621337272 0.0 -4131.091440088224 -5101.094985812053 0.008408642083171002 -10192.373857303071 0.2630839058949302 11289162.010028105 -525.731840987235 -0.01668935602891295 -0.008882803876423054 1.9065890964614503 3.950017916744675 0.6392292032079678 -21.607697206201703 -41.01691772416958 9707.658934040006 462.5527311419363 -152351484.8589783 87982471.00696273 1.64350519056652 -2.4754887868252125 -3.4754887868252125 0.2639399555816485 0.3422259874256851
0.00351277053539 24965.320457237285 3223711162206.3237 -892255406.7226993 17411948.166987553 61229939.44267228 0.1581671945132667 -1.092915591838153 -2.6630230848451797 24965.320457237285 0.2636119908554445 513.4632454475534 -1.3994110939897353 0.0 -4072.2343468245776 -5180.5978054379775 0.008504395790084341 -10066.33614837199 0.2636119908554445 11243748.051300582 -525.8434057126087 -0.01671274579304017 -0.008891836302693655 1.8830903195558013 3.9066639636492875 0.6373558854167832 -21.585599046410817 -40.99043224503145 9581.483174904411 462.55254583432446 -149301656.86520675 86032711.78952056 1.619478328700357 -2.4383766867023167 -3.4383766867023167 0.2645055630993306 0.3427790113131469
0.00355597761297 24887.864680068527 3203604159442.4478 -877081683.5024197 17359938.516693853 60913653.62035962 0.15848852590957677 -1.0799077440446776 -2.634592802928286 24887.864680068527 0.26414754318262795 513.5710516986389 -1.3704452597456582 0.0 -4013.9070997894205 -4975.926349083167 0.008601146086181767 -9941.830441800183 0.26414754318262795 11198161.921100019 -525.9517362850202 -0.016736460342283353 -0.00890099067203999 1.8598976940026233 3.8638400233315537 0.635518742552776 -21.56325256231961 -40.96364923250313 9456.842354747665 462.55234909314197 -146297692.73175883 84113157.23439929 1.5957501508199954 -2.401722504506948 -3.401722504506948 0.2650802133704365 0.3433405502794561
0.00359971613761 24809.702612011737 3183376843247.8467 -862110380.9638752 17307448.93106837 60595148.247520104 0.15881440992921486 -1.067053723644233 -2.606511104289725 24809.702612011737 0.2646906832153581 513.6804332545726 -1.341820421074367 0.0 -3957.1731384184577 -4959.439476467246 0.00869890105417011 -9818.838135275197 0.2646906832153581 11152407.852267202 -526.0648193062461 -0.016760504636998713 -0.008910268724095881 1.8370092409940377 3.8215364286961346 0.6337189880978964 -21.540655258739665 -40.936565665291575 9333.709881634242 462.55214035507515 -143338911.81613755 82223365.29808912 1.5723185577786798 -2.365517965739176 -3.365517965739176 0.2656640920489114 0.3439107681574306
0.0036439926461 24730.830876519198 3163029991792.32 -847339520.7027895 17254476.59474846 60274428.41505065 0.15914491447217052 -1.0543519984146466 -2.5787746845839115 24730.830876519198 0.26524152412028423 513.7914161133624 -1.3135331604636273 0.0 -3900.0298123118696 -4958.737734851017 0.008797668783738723 -9697.340852831274 0.26524152412028423 11106488.733558368 -526.1793743307262 -0.016784883610559895 -0.008919672225964395 1.8144210011446449 3.77974818550244 0.6319557944726978 -21.517804623311093 -40.90917822337302 9212.07065672392 462.55191903424884 -140424880.68017894 80363055.28661424 1.5491794770243608 -2.32975881103693 -3.32975881103693 0.26625737572234365 0.34448982035670384
0.00368881375565 24651.246159116206 3142564565824.326 -832766914.3783417 17201019.432102367 59951499.78830023 0.1594801156978969 -1.0418007689369675 -2.5513796579308865 24651.246159116206 0.2658001928298282 513.9040266966867 -1.2855794651010584 0.0 -3844.2953659514105 -4803.603678853366 0.00889745736954626 -9577.320441981401 0.2658001928298282 11060407.713202402 -526.2944680578148 -0.01680960242333363 -0.008929202973021787 1.7921294876653593 3.7384694226197204 0.6302287710022507 -21.494698125866964 -40.88148390159912 9091.907457825184 462.55168451634535 -137555121.05260888 78531916.82096764 1.526329294835531 -2.294440031331014 -3.294440031331014 0.2668602578174587 0.34507787810397383
0.00373418616484 24570.945211186023 3121981446441.0923 -818389951.2460507 17147074.7842218 59626368.62376396 0.15982008487628765 -1.029397693673923 -2.5243209264995143 24570.945211186023 0.2663668081271461 514.0182919454928 -1.2579541183723681 0.0 -3788.7148094911304 -4918.079013859115 0.008998274909382152 -9458.75897111164 0.2663668081271461 11014168.594279008 -526.4137636931428 -0.0168346661996104 -0.008938862789276705 1.7701320856901073 3.69769245370689 0.6285383681414319 -21.47133321889781 -40.853479364737964 8973.198686783237 462.55143616000726 -134729062.60700384 76729579.92157069 1.503765277562961 -2.2595550545284735 -3.2595550545284735 0.26747292810291046 0.3456751074712744
0.00378011665467 24489.9248520864 3101281653541.7964 -804207043.5661445 17092640.512841802 59299041.7788148 0.16016489939859274 -1.0171417017569613 -2.497596225235607 24489.9248520864 0.26694149899765457 514.1342393487914 -1.2306547262379526 0.0 -3733.352470057581 -4748.667021562801 0.009100129502286482 -9341.638726672161 0.26694149899765457 10967773.716490166 -526.5307930976487 -0.016860080249998396 -0.008948653527946718 1.748424395048331 3.6574138381875256 0.6268831935658745 -21.447707337528435 -40.82516148439089 8855.933095058905 462.5511732956993 -131946354.8933415 74955817.4913778 1.4814828960506765 -2.2251009617575424 -3.2251009617575424 0.2680955842420575 0.34628168320893615
0.00382661208952 24408.181971196223 3080466237306.1084 -790215483.8397174 17037714.449503638 58969526.72100641 0.16051463734082688 -1.0050303026574356 -2.47120013529923 24408.181971196223 0.2675243955680448 514.2518968786279 -1.2036757397311852 0.0 -3679.8524506370054 -4595.513780567984 0.009203029246342032 -9225.942210670739 0.2675243955680448 10921227.092115616 -526.6507539399336 -0.016885849963670405 -0.008958577072061975 1.7270041741209876 3.6176254044261635 0.6252639964013718 -21.423817899467274 -40.7965270710137 8740.087983801817 462.55089522180987 -129206406.15075213 73210245.25685638 1.459479778552943 -2.1910707671446445 -3.1910707671446445 0.2687284330929701 0.3468977865727434
0.00387367941823 24325.713531174937 3059536225014.275 -776412862.149101 16982294.12059108 58637831.54210105 0.1608693746222074 -0.9930613586788872 -2.4451280187267237 24325.713531174937 0.2681156243703457 514.3712930574502 -1.177012394356378 0.0 -3626.3187897732673 -4749.222816879467 0.009306982236808635 -9111.652137920797 0.2681156243703457 10874532.40012078 -526.7761469433426 -0.01691198075248877 -0.008968635334936777 1.7058687385707763 3.5783201532999698 0.6236810402601125 -21.39966230530408 -40.76757273568969 8625.643563713144 462.55060120633544 -126508687.59839046 71492520.15313041 1.4377531142004307 -2.1574584917513397 -3.1574584917513397 0.2693716795788371 0.3475235963389497
0.00392132567507 24242.516571063905 3038492718015.9277 -762797662.2739053 16926377.241155554 58303964.971245244 0.16122918997741112 -0.981233861174931 -2.419377750725641 24242.516571063905 0.26871531662901854 514.4924570285771 -1.1506624340966225 0.0 -3572.5721521004707 -4666.594238903321 0.009411996563877813 -8998.751433627733 0.26871531662901854 10827691.84516736 -526.9005604058366 -0.016938478152050317 -0.008978830260676602 1.685013823156667 3.5394948538787885 0.6221329538455351 -21.37523793875855 -40.738295130897164 8512.589168352793 462.55029048456464 -123852862.11653404 69802423.83052555 1.4162985065276483 -2.124261397618784 -3.124261397618784 0.2700255309752443 0.34815929443308224
0.00396955798087 24158.58820799111 3017336949872.1963 -749367694.6657112 16869962.013815146 57967936.38234358 0.16159416815058103 -0.9695459353465453 -2.3939452906228134 24158.58820799111 0.26932361358430174 514.6154184201314 -1.1246216770385116 0.0 -3520.362492461206 -4475.37969149725 0.009518080310538897 -8887.223230646392 0.26932361358430174 10780708.687725952 -527.0247156797377 -0.016965347887380425 -0.008989163824875792 1.6644365079193222 3.5011433980727857 0.6206196870243326 -21.350542166514423 -40.708691101492384 8400.907206068146 462.5499622573662 -121238447.79334202 68139643.30241609 1.3951128943350206 -2.0914742762909526 -3.0914742762909526 0.27069021099255186 0.34880507707716835
0.00401838354404 24073.925639683872 2996070106387.3223 -736120340.3301213 16813046.203182705 57629755.80451182 0.1619643903836946 -0.9579951320986995 -2.368825316343324 24073.925639683872 0.269940650639491 514.7402074481604 -1.0988846657038331 0.0 -3468.849678298668 -4524.005923311897 0.009625241550170981 -8777.050867070599 0.269940650639491 10733587.041206844 -527.1540925829886 -0.016992595683482072 -0.008999638035235465 1.6441347872711556 3.4632577576351564 0.6191420762092361 -21.325572338283454 -40.678757223475486 8290.575531711085 462.5496156883074 -118664869.25305308 66503804.97040591 1.3741941366316646 -2.059090266763942 -3.059090266763942 0.271365943576381 0.34946113870799145
0.00406780966163 23988.5261488189 2974693422528.319 -723053903.8504763 16755627.63160877 57289433.93964907 0.16233993944129507 -0.9465801817122632 -2.3440151289032443 23988.5261488189 0.2705665657354918 514.8668549903563 -1.0734485631677524 0.0 -3417.171691986504 -4511.0459376453155 0.00973348834437148 -8668.21788377968 0.2705665657354918 10686329.360502014 -527.2848902862934 -0.01702022736726167 -0.009010254931968244 1.6241049980889262 3.425833838109703 0.6176992468269542 -21.3003257874076 -40.64849004696412 8181.581483540352 462.5492499052524 -116131749.01552768 64894664.09524715 1.3535384323534343 -2.027105890727868 -3.027105890727868 0.2720529523525731 0.3501276744159547
0.00411784372047 23902.38710443978 2953208234909.968 -710166445.5439765 16697704.450253185 56946982.16806076 0.16272090252974164 -0.9352994906492341 -2.319511316301619 23902.38710443978 0.27120150421623607 514.9953924627681 -1.0483098120853829 0.0 -3366.404621919698 -4391.475659475766 0.009842828740492185 -8560.708021868244 0.27120150421623607 10638938.479916247 -527.4160610512045 -0.0170482489279087 -0.00902101658858861 1.6043440243359457 3.388866473047016 0.6162908404903387 -21.274799830593498 -40.61788623338328 8073.909847050423 462.54886399586513 -113638656.80723917 63311941.327872194 1.3331425201197094 -1.9955167505078868 -2.995516750507887 0.27275147280724443 0.3508048896747502
0.00416849319823 23815.505965404504 2931615906221.1523 -697455711.6689994 16639274.748260582 56602412.56197859 0.16310736722531965 -0.9241510389313773 -2.295309519440571 23815.505965404504 0.2718456120421994 515.1258519241861 -1.0234639073983716 0.0 -3316.287620186136 -4386.482637588186 0.009953270769137471 -8454.50522031503 0.2718456120421994 10591417.867783152 -527.5501050379526 -0.017076666436545318 -0.00903192511246847 1.5848494458663203 3.35234907514679 0.6149171658296202 -21.24899176824058 -40.58694235827479 7967.542057635352 462.548457007472 -111185094.09054689 61755312.88224293 1.3130038338241208 -1.964317227093479 -2.964317227093479 0.2734617467055718 0.35149299435789527
0.00421976566457 23727.880282955408 2909917834376.2334 -684919834.8970999 16580336.59748332 56255737.895346664 0.16349942193929365 -0.9131333005149614 -2.2714064780914605 23727.880282955408 0.2724990365654894 515.2582660605062 -0.9989074415259711 0.0 -3266.4831101729446 -4314.086238788996 0.01006482244165501 -8349.59361351312 0.2724990365654894 10543770.197127417 -527.685749693991 -0.01710548605718721 -0.00904298264552248 1.5656181878679023 3.316276704948694 0.6135778346768455 -21.22289888450633 -40.55565493227446 7862.463518751403 462.5480279437417 -108770644.65769754 60224508.60035611 1.293119151302413 -1.9335031185626805 -2.9335031185626805 0.2741840176172764 0.35219220002474416
0.00427166878224 23639.507704307453 2888115490048.4556 -672556787.141453 16520888.249697985 55906971.65739945 0.16389715800250124 -0.902244524076862 -2.2477984357300658 23639.507704307453 0.2731619300041687 515.3926682555466 -0.974636505725897 0.0 -3217.623337067433 -4250.8990191599605 0.01017749174753491 -8245.957528964927 0.2731619300041687 10495998.448148096 -527.823655308076 -0.01713471408999819 -0.009054191364783285 1.546647575362315 3.280643676927042 0.6122728275720151 -21.19651844767071 -40.52402049915915 7758.657894156011 462.5475757646077 -106394857.2424651 58719235.36267872 1.2734856453581462 -1.9030695830648416 -2.9030695830648416 0.2749185386584243 0.3529027262339447
0.00432421030826 23550.385974884 2866210358556.5317 -660364499.9145926 16460927.826708876 55556128.06063391 0.16430066641935928 -0.8914828880720477 -2.2244814792998975 23550.385974884 0.2738344440322655 515.5290924584299 -0.950647035267632 0.0 -3168.869354582491 -4291.20029103124 0.010291286651702128 -8143.581484869554 0.2738344440322655 10448105.698753636 -527.9651826337968 -0.017164356907962846 -0.009065553483169616 1.5279351043599072 3.2454440709390906 0.6110022630580711 -21.169847710095024 -40.492035479301585 7656.108337715059 462.5470993832192 -104057271.02428609 57239193.89614897 1.2541006603276417 -1.873011576881637 -2.873011576881637 0.27566556646633256 0.3536247947262946
0.00437739809505 23460.512942539197 2844204007153.424 -648341462.1265129 16400453.678487068 55203222.0563573 0.16471004164773267 -0.8808473101415402 -2.20145334349636 23460.512942539197 0.27451673607955446 515.6675733892394 -0.9269366074168057 0.0 -3120.4851489286148 -4172.711371920634 0.010406215091854607 -8042.450187869009 0.27451673607955446 10400093.63088655 -528.1060184313928 -0.01719442103409434 -0.009077071250019216 1.5094772547206963 3.210674436551355 0.6097651988762991 -21.14288390877109 -40.459696348242176 7554.803865785859 462.5465976649078 -101757544.50719999 55784162.497974545 1.2349605186411419 -1.84332618127462 -2.84332618127462 0.2764253615346013 0.3543586317593922
0.00443124009162 23369.886558936512 2822098086235.2827 -636485430.3316479 16339464.390094137 54848269.338770285 0.16512538180156788 -0.8703357070399015 -2.178709544239141 23369.886558936512 0.2752089696692798 515.8081464159955 -0.903500574569861 0.0 -3073.297411853504 -4112.616650170925 0.01052228497542264 -7942.548530730443 0.2752089696692798 10351965.63939321 -528.2498586661204 -0.01722491314760159 -0.009088746952010188 1.4912720417216825 3.1763279931356183 0.6085622095992709 -21.115624265016763 -40.426999642407516 7454.72567170673 462.5460694226419 -99495178.32368816 54353816.468714975 1.2160630720524026 -1.8140076163416623 -2.8140076163416623 0.27719820126213246 0.3551044769009557
0.00448574434475 23278.504884079146 2799894208982.0264 -624794464.4204087 16277958.139419116 54491286.36117059 0.16554678161885678 -0.8599463870414678 -2.156246462490457 23278.504884079146 0.27591130269809466 515.9508476518636 -0.8803351597923623 0.0 -3026.0810226343847 -4138.920772562639 0.010639504176838704 -7843.861590104384 0.27591130269809466 10303724.396563577 -528.3974659573296 -0.017255839944222803 -0.009100582913695612 1.4733169714559309 3.1423992595029873 0.6073933220052143 -21.088065985113012 -40.3939416267146 7355.858065773769 462.5455134173664 -97269737.06875648 52947873.02099049 1.1974056687578363 -1.785051217621263 -2.785051217621263 0.2779843585655356 0.3558625648816792
0.00454091900019 23186.36608932822 2777594115506.4014 -613267054.7837799 16215933.571480628 54132290.34589795 0.16597434201217806 -0.849678238531596 -2.1340617774956625 23186.36608932822 0.27662390335363013 516.0957139217575 -0.8574378741420323 0.0 -2979.388440028579 -4045.5952669381536 0.010757880534522648 -7746.374624298884 0.27662390335363013 10255371.311724104 -528.545200705269 -0.017287208329628108 -0.009112581498254143 1.4556087656355163 3.1088846984589495 0.6062577371988609 -21.060206260487806 -40.36051874310466 7258.1899423367195 462.54492835481216 -95080877.6387683 51566109.180949345 1.1789848622818861 -1.756453995040935 -2.756453995040935 0.27878411539555914 0.356633139917383
0.00459677230389 23093.468459886648 2755199579188.1064 -601901068.4127722 16153389.299161833 53771299.29191504 0.16640816467381497 -0.8395292791027178 -2.1121512345598394 23093.468459886648 0.277346941123025 516.2427827544662 -0.8348042934368145 0.0 -2933.458529930848 -4006.2298382556123 0.010877421847732409 -7650.073071054222 0.277346941123025 10206909.427241381 -528.6963596499227 -0.017319025313198785 -0.009124745108334158 1.4381454877519255 3.0757778714654176 0.6051559787231804 -21.03204226773564 -40.326727353559406 7161.703438757859 462.5443128822363 -92928122.13154432 50208214.17729419 1.1607985466289004 -1.7282104646021978 -2.728210464602198 0.2795977662353769 0.357416455027615
0.00465331260323 22999.810398893456 2732712405236.2085 -590694817.5483019 16090323.895471409 53408331.98835725 0.16684835192929587 -0.8294981263556458 -2.0905119132781698 22999.810398893456 0.27808058654882645 516.3920925125785 -0.8124313267293433 0.0 -2887.7886410649685 -3982.432789898739 0.010998135873534926 -7554.942545372482 0.27808058654882645 10158340.48474927 -528.8496974752043 -0.017351298006756437 -0.009137076186707938 1.4209243850953748 3.043074341067646 0.6040877131792926 -21.0035711691226 -40.29256373253212 7066.38541162981 462.54366558753924 -90811087.50348412 48873939.04198784 1.1428437985465483 -1.7003168629808636 -2.7003168629808636 0.2804256054286912 0.358212763527633
0.00471054834825 22905.390430332034 2710134482004.0356 -579646508.3567446 16026736.169131845 53043408.02313234 0.16729500986129917 -0.8195832384638063 -2.069140544528902 22905.390430332034 0.2788250164354986 516.5436822999615 -0.7903155280934033 0.0 -2842.637096929671 -3935.6339719030993 0.011120030323473874 -7460.968837397477 0.2788250164354986 10109666.425284438 -529.0053363400484 -0.017384033689225576 -0.009149577217104495 1.4039430026470066 3.010769144648186 0.6030528756091365 -20.97479011273291 -40.258024210668616 6972.221525268097 462.54298499470354 -88729367.38919245 47563019.45247116 1.1251179862115077 -1.6727689772591043 -2.6727689772591043 0.2812679389661421 0.35902232861435157
0.00476848809293 22810.207202416444 2687467729955.2495 -568754411.0061604 15962624.888756434 52676547.79305404 0.1677482452449925 -0.8097831504267018 -2.0480340309408076 22810.207202416444 0.2795804087416542 516.6975919894676 -0.7684536221991534 0.0 -2797.912003118321 -3893.3210233433 0.01124311286030247 -7368.137910261726 0.2795804087416542 10060888.896639567 -529.1629386515515 -0.01741723974711886 -0.009162250725002355 1.3871988352077955 2.9788575768306607 0.6020513185462721 -20.94569623275965 -40.223105029753015 6879.198076639927 462.542269562399 -86682568.32463042 46275199.50245398 1.1076184264661413 -1.6455628160215245 -2.6455628160215245 0.28212507732022496 0.35984541689291993
0.00482714049648 22714.259491027104 2664714151587.558 -558016749.7395357 15897989.058581809 52307772.5138213 0.16820816864822372 -0.8000963187527591 -2.0271891063368335 22714.259491027104 0.28034694774703955 516.8538623720242 -0.746842158589794 0.0 -2753.7515916046755 -3842.5778483859326 0.01136739109462 -7276.435897971911 0.28034694774703955 10012009.587034153 -529.3228921920227 -0.017450923738700476 -0.009175099278438858 1.3706895552023972 2.947334676922903 0.6010830423821312 -20.916286649811184 -40.18780248471582 6787.300808264604 462.5415176806704 -84670286.4278054 45010216.33824383 1.0903426074553577 -1.6186941702675819 -2.618694170267582 0.282997342296758 0.3606823046675173
0.00488651432458 22617.54620290303 2641875766812.391 -547431754.3950422 15832827.560416866 51937104.2287103 0.1686748904364068 -0.7905211926877522 -2.0066024881007927 22617.54620290303 0.28112481739401135 517.0125349572515 -0.7254776707067814 0.0 -2710.0358592927164 -3808.2997631630033 0.011492872581218767 -7185.84910342142 0.28112481739401135 9963030.085334517 -529.4857682710926 -0.017485093315993627 -0.009188125488876481 1.3544129067353767 2.9161954596865187 0.6001480887643973 -20.88655847114373 -40.15211273633378 6696.515447886662 462.54072766682077 -82692118.05282389 43767807.32341719 1.0732880893413652 -1.5921588097919508 -2.592158809791951 0.2838850598891097 0.3615332709621011
0.00494661845078 22520.066379799915 2618954676979.4717 -536997771.573065 15767139.509250984 51564565.82060451 0.16914852478962208 -0.7810563751879123 -1.9862712408466527 22520.066379799915 0.2819142079827035 517.1736521780481 -0.7043570328639492 0.0 -2666.6965767088673 -3783.297560216067 0.011619564815841418 -7096.363996204045 0.2819142079827035 9913951.452555386 -529.6510732008528 -0.01751975630725833 -0.009201332011961149 1.338366469611853 2.8854354586090785 0.5992463025177894 -20.85650879119225 -40.116031995469655 6606.828954998662 462.5398977648335 -80747684.07919618 42547725.63635099 1.0564522616291494 -1.565952952268057 -2.565952952268057 0.28478856504768935 0.36239860293764325
0.00500746185772 22421.819201057813 2595953022606.318 -526713147.23425806 15700924.020838644 51190181.01755308 0.16962918708926925 -0.7717004561680224 -1.9661924019871155 22421.819201057813 0.28271531181544873 517.3372573414271 -0.6834770901716669 0.0 -2623.744491289016 -3727.476083408196 0.011747475231111224 -7007.967210753786 0.28271531181544873 9864774.607948156 -529.8185410540827 -0.01755492066699441 -0.009214721548522348 1.322547902854409 2.8550501657088567 0.5983775779350292 -20.826134691614552 -40.07955639964182 6518.228226099345 462.5390261384079 -78836604.40496986 41349723.80253971 1.0398325910389603 -1.540072780323571 -2.540072780323571 0.28570819923096125 0.3632785928088321
0.00506905363857 22322.80398814605 2572873023643.8623 -516576198.64634436 15634180.435510263 50813974.40550732 0.17011699653571222 -0.7624519701863108 -1.9463628915780422 22322.80398814605 0.2835283275595204 517.5033946378938 -0.6628345640185218 0.0 -2581.458123232946 -3676.9950453285624 0.011876611193183251 -6920.645544201069 0.2835283275595204 9815500.437352033 -529.9884397976821 -0.017590594530370856 -0.009228296845326911 1.3069550065601596 2.825034894847223 0.5975419215863267 -20.79543324194684 -40.04268213154166 6430.6997865349285 462.53811087174813 -76958492.16504136 40173549.78554745 1.0234266790006392 -1.5145143253486673 -2.5145143253486673 0.286644315497679 0.3641735426964119
0.00513140299833 22223.020206946243 2549716918914.1245 -506585154.4410666 15566907.98274162 50435971.432037346 0.17061207225507088 -0.7533093049328274 -1.9267793031915734 22223.020206946243 0.2843534537584515 517.6721091598719 -0.6424258494331219 0.0 -2539.429019776841 -3676.1851816492076 0.012006979997538053 -6834.3859544877105 0.2843534537584515 9766130.085490076 -530.1622690027525 -0.01762678613779155 -0.009242060696170302 1.2915858548030923 2.7953844702012094 0.5967395869031593 -20.764401499563476 -40.00540523784567 6344.229090722803 462.5371499612915 -75112940.45413409 39018938.55225228 1.007232401044641 -1.489273197708684 -2.489273197708684 0.28759727373288146 0.365083759284379
0.00519451925521 22122.46747333682 2526487023496.171 -496738647.31963414 15499106.103047494 50056198.42217877 0.1711145370418634 -0.7442714333748832 -1.9074395364506493 22122.46747333682 0.28519089506977235 517.8434470100794 -0.622248641380877 0.0 -2497.6776219324383 -3615.357596488263 0.012138588865402778 -6749.175558409151 0.28519089506977235 9716662.861064864 -530.3372031469571 -0.017663503911726754 -0.00925601594253481 1.276437721855989 2.7660956729860495 0.5959699898547963 -20.733036510664665 -39.96772179948539 6258.806077061679 462.53614131685725 -73299628.57901448 37885681.07943955 0.9912468267862167 -1.4643466921079065 -2.4643466921079065 0.2885674360985828 0.36600955288172454
0.00525841184204 22021.145554427672 2503185730995.1665 -487034904.7566712 15430774.46277755 49674682.577370964 0.1716245176911597 -0.7353367140264385 -1.888340131453063 22021.145554427672 0.2860408628185995 518.0174551423299 -0.6022992686344635 0.0 -2456.6745129377146 -3564.945057283783 0.012271444939337205 -6665.001629664375 0.2860408628185995 9667099.590876568 -530.5151756736559 -0.017700756466383104 -0.009270165474880245 1.2615088414812374 2.737163242906728 0.595233486198234 -20.701335309916733 -39.929627941982375 6174.416081932702 462.5350827522773 -71518148.1411007 36773511.05532162 0.9754679786626379 -1.4397303501578973 -2.4397303501578973 0.28955518516773593 0.3669512496831703
0.0053230903077 21919.054374227384 2479815439791.1655 -477472302.380344 15361912.54266456 49291451.99074362 0.17214213998457806 -0.7265037087008634 -1.869478078571664 21919.054374227384 0.28690356664096345 518.1941816280496 -0.5825745119307006 0.0 -2415.8572730464366 -3561.6571688099707 0.01240555527951034 -6581.851596928956 0.28690356664096345 9617440.369206563 -530.6966934410739 -0.01773855250913622 -0.009284512233341424 1.2467972056798082 2.708582595643841 0.5945301586253522 -20.669294921477036 -39.89111960718122 6091.046023095063 462.53397198675657 -69768121.47351599 35682182.29254271 0.9598936390388447 -1.4154202941032787 -2.4154202941032787 0.29056090405143997 0.3679091757523214
0.00538856431849 21816.19401626824 2456378644572.3423 -468049431.2913139 15292520.153402174 48906535.65045615 0.17266753498062623 -0.7177712933449443 -1.850851074071174 21816.19401626824 0.2877792249677104 518.373675448767 -0.5630718491034636 0.0 -2375.4146429382554 -3495.156156209393 0.012540926859149296 -6499.713042050717 0.2877792249677104 9567684.080779579 -530.880005444832 -0.01777690096939212 -0.009299059208878904 1.232300403073939 2.6803502027841914 0.5938596535698424 -20.63691235907706 -39.85219283522203 6008.685229441107 462.5328066359131 -68049216.71161205 34611478.21308161 0.9445211781062288 -1.3914135566250714 -2.3914135566250714 0.2915849841354943 0.3688836656807626
0.0054548436596 21712.564727913206 2432877882000.707 -458764598.92701554 15222597.133556107 48519963.44892287 0.17320083536684197 -0.7091378985836807 -1.8324558270257232 21712.564727913206 0.2886680589447366 518.5559866667585 -0.5437877680809866 0.0 -2335.6248899556954 -3463.64315960152 0.012677566560384419 -6418.573698157913 0.2886680589447366 9517830.77313269 -531.0668071511445 -0.017815810927898305 -0.009313809444219579 1.2180167313391124 2.6524610542236724 0.5932223052974595 -20.604184626637835 -39.81284359710902 5927.319734603878 462.53158420995646 -66361040.150664896 33561141.92646365 0.9293486723943756 -1.3677058973987766 -2.3677058973987766 0.29262783223961086 0.3698750653292481
0.00552193823662 21608.166923609082 2409315732623.8745 -449616277.03886706 15152143.360652065 48131766.18761962 0.17374217560784294 -0.7006021895491704 -1.814289570269035 21608.166923609082 0.2895702926797383 518.7411663987939 -0.5247192775892966 0.0 -2295.8900722993562 -3462.2300963954726 0.012815481169845733 -6338.421447768447 0.2895702926797383 9467879.552577985 -531.2571363576526 -0.017855291622494315 -0.009328766034975032 1.2039441996175988 2.6249109245103064 0.592618128512681 -20.571108718561874 -39.77306779917899 5846.937379209973 462.53030210825403 -64703232.53808578 32530938.944831457 0.9143739069378605 -1.344293751570842 -2.344293751570842 0.29368985940879133 0.37088372445332707
0.00558985807693 21503.001189538467 2385694850705.182 -440603169.32616776 15081158.925753307 47741975.58662571 0.17429169411441903 -0.6921631812136356 -1.7963503199035147 21503.001189538467 0.29048615685736506 518.9292668611221 -0.5058641630461496 0.0 -2256.6001633154815 -3381.9943847587224 0.012954677374095898 -6259.244321088521 0.29048615685736506 9417828.052093085 -531.4485362414298 -0.01789535249403708 -0.009343932130586461 1.190080359266705 2.597696760902817 0.5920466476314166 -20.53768162047555 -39.73286137817035 5767.528646225262 462.5289576146951 -63075483.8026533 31520666.66622128 0.8995942024093401 -1.3211745644711668 -2.3211745644711668 0.29477148111128393 0.3719099980474727
0.00565861333127 21397.06828609339 2362017964501.581 -431723506.7498325 15009644.140477603 47350624.285579965 0.17484953344592485 -0.6838191363846101 -1.7786344267005036 21397.06828609339 0.2914158890765414 519.120341341348 -0.48721853762396217 0.0 -2218.020229676973 -3360.1108540322502 0.013095161754915256 -6181.0304941358045 0.2914158890765414 9367676.229197629 -531.6442232034015 -0.01793600319358951 -0.009359310935613617 1.1764239197186366 2.570813010358575 0.5915085291910409 -20.50390030929028 -39.692220305833274 5689.078491238236 462.5275478906181 -61477381.60632555 30530055.718833134 0.8850080306420951 -1.298343633983464 -2.298343633983464 0.29587314021345723 0.3729542617677728
0.00572821427525 21290.369152847157 2338287786816.9146 -422975871.65798247 14937599.019296363 46957745.85341706 0.17541583374206182 -0.6755688502036608 -1.7611394208111897 21290.369152847157 0.29235972290343637 519.3144443184615 -0.4687796979077532 0.0 -2179.3726649990977 -3352.204055805564 0.013236940784779348 -6103.768286982484 0.29235972290343637 9317422.005860394 -531.8435723620041 -0.01797725345339477 -0.00937490571069022 1.1629728624803997 2.5442558902489725 0.5910036772954886 -20.469761754065928 -39.65114029575867 5611.575854916239 462.5260699722291 -59908587.85803688 29558885.269755866 0.8706131395769633 -1.2757977788168766 -2.2757977788168766 0.29699527042380003 0.37401688393529353
0.00579867131083 21182.904912610396 2314507167668.161 -414359004.5150406 14865024.17216264 46563374.79415328 0.17599074404986695 -0.667411360882077 -1.7438633857377517 21182.904912610396 0.29331790674977826 519.5116314226899 -0.4505454789879735 0.0 -2141.287665345745 -3280.480511486066 0.01338002082194458 -6027.446162070475 0.29331790674977826 9267062.042098196 -532.0442576638234 -0.018019113316617257 -0.009390719773638872 1.1497248673731808 2.5180224430233684 0.5905316641123957 -20.435262916597917 -39.609617303380396 5535.011521710032 462.5245207635856 -58368798.2077507 28606956.070467584 0.8564069606234025 -1.253534531502209 -2.253534531502209 0.29813831930752044 0.37509824717446216
0.00586999496796 21074.676873681285 2290678965897.038 -405871159.582799 14791920.059695587 46167546.54553944 0.17657441296259374 -0.659344913177999 -1.7268026410808774 21074.676873681285 0.2942906882709896 519.7119594410019 -0.43251195280988775 0.0 -2103.668927954934 -3269.354234726124 0.013524408105378595 -5952.052722391578 0.2942906882709896 9216595.727480981 -532.24988263461 -0.018061592953297467 -0.009406756500885427 1.1366788302953137 2.492107065530986 0.5900932634298193 -20.400400751435054 -39.5676471069664 5459.370486863934 462.5228970297543 -56857602.70056497 27674000.163768988 0.8423881420243241 -1.2315491498878095 -2.2315491498878095 0.29930275794932537 0.37619874965423916
0.00594219590606 20965.68653610822 2266806091025.0923 -397511124.7801113 14718287.241345435 45770297.49189958 0.17716699168892558 -0.651368594748258 -1.709955383424167 20965.68653610822 0.29527831948154265 519.9154864737632 -0.41467706394262427 0.0 -2066.129567720953 -3238.072536844043 0.013670108749987591 -5877.576709884446 0.29527831948154265 9166018.971578224 -532.4579587910375 -0.018104702724236366 -0.009423019328306775 1.1238324632556609 2.4665069686424026 0.5896880267007831 -20.365172207198796 -39.52522544302771 5384.643976536437 462.5211953927315 -55374705.24541287 26759823.685024906 0.8285541437741182 -1.2098393123884126 -2.2098393123884126 0.3004890470399769 0.37731878420622367
0.00601528491571 20855.935593448365 2242891543294.361 -389277434.5431459 14644126.61658242 45371664.9599126 0.17776863734308818 -0.6434810716452972 -1.6933188812015318 20855.935593448365 0.29628106223848033 520.1222717751656 -0.39703781896305146 0.0 -2029.1623666018922 -3190.5016652530912 0.013817128741245679 -5804.007003648267 0.29628106223848033 9115328.984214623 -532.6691668471021 -0.01814845325063499 -0.00943951175278028 1.111184149350826 2.4412179677228045 0.5893161568477874 -20.32957422646889 -39.48234814572324 5310.820184946888 462.5194123230837 -53919754.7260206 25864196.69484277 0.8149030871123457 -1.1884015006647988 -2.1884015006647988 0.3016976727398246 0.37845876406062395
0.00608927292017 20745.425938145407 2218938337187.7144 -381168632.4631931 14569438.97813194 44971687.227074765 0.17837950706508465 -0.6356810072611323 -1.676890396973012 20745.425938145407 0.29729917844180775 520.3323759892058 -0.37959121853120426 0.0 -1992.4244430806148 -3176.685587660398 0.013965473930025323 -5731.332618375294 0.29729917844180775 9064522.749579275 -532.8842942166139 -0.018192855299184324 -0.00945623733322281 1.0987323264572193 2.4162358693122488 0.5889778861758254 -20.293603746849843 -39.43901088746089 5237.887335046142 462.5175441338954 -52492400.9162531 24986889.888584476 0.8014331480154115 -1.1672321888036827 -2.1672321888036827 0.30292912742153666 0.3796191067552803
0.00616417097709 20634.159664716473 2194949568668.7898 -373183447.0052538 14494225.414613761 44570403.52159375 0.17899976340213297 -0.6279673575724722 -1.6606678514975428 20634.159664716473 0.29833293900355495 520.5458609905571 -0.36233491249398786 0.0 -1955.9902152822144 -3131.3750018805513 0.014115150027250766 -5659.542702628832 0.29833293900355495 9013595.699662762 -533.1020864712991 -0.018237919893347415 -0.009473199691989976 1.0864750549449167 2.3915574642451287 0.5886730398006426 -20.257257701346724 -39.395209410581295 5165.835825568114 462.5155869741253 -51092332.719733015 24127699.24583948 0.7881421159413616 -1.1463286998283397 -2.1463286998283397 0.3041839095540977 0.3808002370573038
0.00623999028011 20522.13907399241 2170928376678.204 -365320417.5843503 14418487.089236572 44167854.025537506 0.17962957138866023 -0.6203387491496501 -1.644648437204645 20522.13907399241 0.2993826189811004 520.7627900770884 -0.34526581822354463 0.0 -1920.0316361465843 -3098.696440058214 0.014266162598359139 -5588.626537272372 0.2993826189811004 8962544.37236378 -533.3237550440281 -0.01828365825821851 -0.009490402516148327 1.074410928824318 2.3671784494799337 0.5884019563147883 -20.22053301909929 -39.350939396980976 5094.653721625325 462.51353682009545 -49719197.53887364 23286393.652045645 0.7750283098432177 -1.1256874175984732 -2.1256874175984732 0.30546253708121773 0.3820025942709898
0.00631674216055 20409.36667700889 2146877944347.8684 -357578192.6077957 14342225.249036407 43764079.87611983 0.18026909870894842 -0.6127939744534262 -1.6288297190949448 20409.36667700889 0.3004484978482474 520.9832278863009 -0.32838122124669744 0.0 -1884.2517314917272 -3082.3443294956455 0.014418517057736148 -5518.573533848181 0.3004484978482474 8911364.307432706 -533.5493905677667 -0.018330081827300733 -0.009507849558832337 1.062538348889644 2.343095079359668 0.5881647538178358 -20.183426626021852 -39.306196472596326 5024.330339753011 462.51138946860885 -48372665.34476914 22462756.62495017 0.7620898510413966 -1.1053052065002746 -2.1053052065002746 0.3067655333712449 0.3832266229726917
0.00639443808913 20295.84519926273 2122801515008.1824 -349955531.6128961 14265441.329629151 43359123.167687796 0.1809185171263488 -0.6053320028973006 -1.613209661440444 20295.84519926273 0.301530861877248 521.2072405068843 -0.3116787995631962 0.0 -1848.7818929736857 -3038.389125765431 0.014572218663144206 -5449.37323296936 0.301530861877248 8860049.887033965 -533.7778977638227 -0.018377202274610004 -0.009525544640576561 1.0508555063273395 2.31930420486825 0.587961313566082 -20.14593544558367 -39.260976266119854 4954.856311471657 462.5091405293689 -47052429.25453389 21656586.624939077 0.7493246444500915 -1.0851794459164346 -2.0851794459164346 0.30809342799867867 0.384472774334796
0.00647308967762 20181.57758416524 2098702394925.1147 -342451027.7263981 14188136.979397582 42953026.950222574 0.18157800291382942 -0.597951504308284 -1.5977855694463043 20181.57758416524 0.30263000485638236 521.4348954643232 -0.295155564589922 0.0 -1813.7433711098295 -3010.95930281888 0.014727272509639911 -5381.015302812498 0.30263000485638236 8808596.559945935 -534.0103957414494 -0.018425031527117317 -0.009543491650806701 1.0393610813686813 2.295801685883996 0.5877919858574693 -20.108056399346285 -39.21527442327864 4886.220181494326 462.50678541466505 -45758145.910849355 20867658.20338098 0.736731076512299 -1.0653066654389125 -2.0653066654389125 0.30944677388962616 0.38574151781383126
0.00655270868066 20066.566997284557 2074583912904.8484 -335063381.59007776 14110313.816922422 42545835.230044216 0.18224773351443793 -0.5906513171825142 -1.5825551248714211 20066.566997284557 0.30374622252406325 521.666261772274 -0.2788089023473579 0.0 -1778.8649005259306 -2988.35872216819 0.014883683523903722 -5313.489537496156 0.30374622252406325 8756998.698835453 -534.2468774010376 -0.018473581701625892 -0.009561694549240619 1.0280535552938683 2.272583946465777 0.5876568954245796 -20.06978640778298 -39.16908646126502 4818.411746556384 462.5043193320981 -44489494.07321104 20095760.32259333 0.724307332769805 -1.045683880282465 -2.045683880282465 0.3108261260849928 0.3870333251454863
0.00663330699743 19950.816830615684 2050449476519.5002 -327791371.5508064 14031973.786502209 42137592.96995605 0.18292789250815347 -0.5834304034366422 -1.567516292834247 19950.816830615684 0.30487982084692244 521.9014100283895 -0.2626364719873244 0.0 -1744.3695163497748 -2944.4844504644034 0.01504145645807121 -5246.78585562882 0.30487982084692244 8705249.700353624 -534.4865304452542 -0.0185228652079325 -0.009580157367316934 1.016931277480552 2.2496478323023967 0.5875560092346679 -20.031122391133888 -39.12240797746998 4751.421733161036 462.5017372749958 -43246168.622612216 19340692.22487192 0.7120514566336295 -1.0263084712372295 -2.0263084712372295 0.3122320503558975 0.3883486788587369
0.0067148966735 19834.330705713684 2026302524019.8901 -320633591.5363952 13953118.865510203 41728346.08473189 0.18361866562438917 -0.5762873830752774 -1.5526662818330448 19834.330705713684 0.306031109373982 522.1404123072926 -0.24663517245906275 0.0 -1710.2078925652056 -2927.0034314735303 0.015200595883538982 -5180.894298738184 0.306031109373982 8653344.3974169 -534.7310289481165 -0.018572894673282832 -0.009598884209840187 1.0059931466444432 2.2269890529582397 0.5874898249079809 -19.992061269907378 -39.075234475709394 4685.238504265777 462.49903401175624 -42027823.891503274 18602226.703351263 0.699962037270461 -1.00717684343787 -2.00717684343787 0.3136651356056991 0.3896880783579115
0.00679748990258 19717.112478848176 2002146537963.1284 -313588887.6472546 13873751.158461593 41318141.44307504 0.18432024200059813 -0.5692213093840873 -1.538003268261821 19717.112478848176 0.30720040333433024 522.3833423891047 -0.2308028649274907 0.0 -1676.150071277745 -2902.984777822164 0.015361106184871572 -5115.805029822204 0.30720040333433024 8601275.075722732 -534.9790642150792 -0.018623682971272183 -0.009617879256334935 0.9952374736847378 2.2046047679479543 0.5874582222883993 -19.952599966084207 -39.02756141766299 4619.853527024788 462.49620407761216 -40834167.60245668 17880171.234358568 0.6880370703504076 -0.9882866502772121 -1.988286650277212 0.3151259643259411 0.39105202091634017
0.00688109902838 19599.166243798736 1977985076190.0015 -306656026.6773688 13793873.099659644 40907026.860605784 0.1850328172463022 -0.5622310826737524 -1.523525098158416 19599.166243798736 0.308388028743837 522.6302756381582 -0.2151370694145791 0.0 -1642.4955329025695 -2860.2248054091788 0.015522991553214802 -5051.508331845436 0.308388028743837 8549034.432116635 -535.2304703437094 -0.01867524328766886 -0.009637146762815603 0.984662841888951 2.182491637656345 0.587461332413242 -19.912735403561314 -38.979384346878966 4555.2572458486065 462.49324176207875 -39664889.870374486 17174321.59973085 0.6762748131451141 -0.9696351193044661 -1.969635119304466 0.3166151410028335 0.3924410223489506
0.00696573654643 19480.496336142623 1953821720314.6982 -299833665.83462405 13713487.138461078 40495051.09744011 0.18575658892487104 -0.555315386156368 -1.50922913801396 19480.496336142623 0.30959431487478506 522.8812891380027 -0.1996348231391749 0.0 -1609.1684625685202 -2836.26815336791 0.015686255979818063 -4987.9946063037305 0.30959431487478506 8496616.080962067 -535.4866604583403 -0.018727589034245644 -0.00965669106335141 0.9742681995824855 2.160645602062678 0.5874996314271159 -19.87246450912459 -38.93069869545886 4491.438644540849 462.4901410979499 -38519656.32893244 16484457.611279141 0.6646738847077004 -0.951218859713143 -1.951218859713143 0.31813328948701447 0.3938556127756887
0.00705141510595 19361.107337402576 1929660093393.4526 -293120619.65563965 13632595.857341697 40082263.854572184 0.18649175827275946 -0.5484731739189241 -1.495113361705401 19361.107337402576 0.3108195971212658 523.1364616993046 -0.18429376458413538 0.0 -1576.0237135054622 -2814.392872625185 0.015850903249479045 -4925.254371783898 0.3108195971212658 8444011.851131631 -535.7472199582244 -0.018780733887518643 -0.009676516571687407 0.9640521444167692 2.139063510184346 0.5875732177959805 -19.83178421340919 -38.881499853518214 4428.388651679192 462.48689585103057 -37398165.63967562 15810380.495526198 0.6532325472955034 -0.9330352640600565 -1.9330352640600565 0.31968103298111694 0.3952963242263291
0.00713814751176 19241.004078936676 1905503872818.3713 -286515709.755868 13551202.064551543 39668715.76865859 0.18723853162941778 -0.5417034006598179 -1.4811757520283626 19241.004078936676 0.312064219382363 523.3958739080421 -0.16911153264599954 0.0 -1543.1152019203685 -2786.9270043977185 0.016016936933852283 -4863.278262528958 0.312064219382363 8391213.215747947 -536.0117946142218 -0.018834691821870652 -0.009696627782942925 0.9540133196973808 2.1177422215817554 0.5876822127901475 -19.790691451807653 -38.83178322480866 4366.098251139545 462.4834995072028 -36300117.31188273 15151891.873301316 0.6419491003150177 -0.9150817365396708 -1.9150817365396708 0.3212590079996871 0.3967637007702556
0.00722594672615 19120.1916454279 1881356783260.7888 -280017742.40015286 13469308.76053669 39254458.40473248 0.18799712002793834 -0.5350049786314097 -1.4674142044074858 19120.1916454279 0.31332853337989724 523.6596081856298 -0.15408567102758863 0.0 -1510.4920279604642 -2753.197652151939 0.016184360384391677 -4802.057027066141 0.31332853337989724 8338211.567850113 -536.2803844658447 -0.018889477106141188 -0.009717029275414655 0.9441504771336207 2.0966784621512633 0.5878268240375432 -19.749183165276428 -38.7815442051211 4304.558186805418 462.47994525900856 -35225206.84975907 14508790.620410196 0.6308219437537234 -0.8973555688011314 -1.8973555688011314 0.3228678660910793 0.3982582994600373
0.00731482587088 18998.67537879156 1857222587554.9387 -273625481.2267853 13386919.088758234 38839544.24966657 0.18876773851946516 -0.5283767224478972 -1.4538264032463868 18998.67537879156 0.3146128975324419 523.9277488099953 -0.13921350571394475 0.0 -1478.1935955160507 -2726.9731165605476 0.016353176725535927 -4741.581526775662 0.3146128975324419 8284998.613305132 -536.553713633738 -0.01894510429488588 -0.009737725712346863 0.9344625572621291 2.075868639025433 0.5880074269698516 -19.707256301321618 -38.73077815054796 4243.7585912924715 462.47622599307135 -34173119.83999928 13880869.047516096 0.6198496597296872 -0.8798537804751057 -1.8798537804751057 0.3245082765328181 0.39978069178199804
0.0074047982291 18876.460882069765 1833105077728.8948 -267337743.3606159 13304036.286795909 38424026.70487184 0.18955060543986244 -0.5218175311517775 -1.440410225433376 18876.460882069765 0.3159176757331041 524.2003819838277 -0.12449254970027179 0.0 -1446.0433395700886 -2709.4017808130347 0.01652338884754665 -4681.842734550628 0.3159176757331041 8231565.293305684 -536.8319806688169 -0.019001588218615608 -0.009758721843740204 0.924948421921904 2.055309446239029 0.5882242947848698 -19.66490781502089 -38.67948034415876 4183.69023422597 462.4723342758555 -33143552.559147518 13267926.354923718 0.6090307461887999 -0.8625736395021086 -1.8625736395021086 0.3261809151168449 0.40133145577705276
0.00749587724731 18753.55402353584 1809008097438.9924 -261153448.74111485 13220663.84453325 38007960.078976765 0.19034594489550663 -0.5153264898954006 -1.4271639699831224 18753.55402353584 0.31724324149251104 524.4775958823874 -0.10992072849061141 0.0 -1414.1189948908461 -2674.877571613668 0.01669499939934137 -4622.831733459125 0.31724324149251104 8177901.053150035 -537.1141729762267 -0.019058944038405846 -0.009780022508159696 0.9156067053174898 2.0349982078105135 0.5884774481169883 -19.62213467016141 -38.62764609401706 4124.345206576915 462.468262339462 -32136222.766746107 12669775.562369067 0.5983634638249787 -0.8455129583374175 -1.8455129583374175 0.32788646043750436 0.40291117494792006
0.00758807653746 18629.960939503995 1784935534705.8052 -255071372.0081781 13136805.469873868 37591399.57539568 0.19115398636839223 -0.5089023850320953 -1.4140852798763484 18629.960939503995 0.31858997728065375 524.7594806747088 -0.09549530259569461 0.0 -1382.534706245765 -2649.959117920439 0.01686801078111147 -4564.5397153479735 0.31858997728065375 8123996.974978671 -537.4013549533038 -0.01911718724348671 -0.009801632634805893 0.9064365248553835 2.0149312607209717 0.5887673732054319 -19.578933839971572 -38.575270711549884 4065.713631106219 462.4640020653221 -31150816.3518953 12086208.777273174 0.5878465475747298 -0.828668703579851 -1.828668703579851 0.3296256235591506 0.4045204579051659
0.00768140987887 18505.688038738677 1760891292214.8928 -249090375.98118594 13052464.902286459 37174401.2846028 0.191974961782299 -0.502544158157746 -1.4011721466946934 18505.688038738677 0.319958269637165 525.0461286202515 -0.08121387705752836 0.0 -1351.0605515328714 -2631.272895399819 0.017042425136827372 -4506.957979595811 0.319958269637165 8069842.927617992 -537.6935906669569 -0.019176333597721557 -0.009823557245346518 0.8974368142348056 1.9951054634963186 0.5890943484993589 -19.53530230845347 -38.52234938961559 4007.78673831847 462.45954496862925 -30187037.30437845 11517029.864477493 0.5774785445976406 -0.8120382914379731 -1.8120382914379731 0.3313991152774104 0.40615991487819825
0.00777589122038 18380.74200592743 1736879330090.0117 -243209400.37184805 12967646.211319003 36757022.172483735 0.1928091103154381 -0.49625089166073894 -1.3884228856393284 18380.74200592743 0.3213485171923968 525.3376341085968 -0.06707436844693149 0.0 -1319.8518042853746 -2596.763002852098 0.01721824434684482 -4450.077931749537 0.3213485171923968 8015427.533259658 -537.9900448351864 -0.019236399241266064 -0.009845801455947453 0.8886063453796385 1.9755181560615267 0.5894584668445816 -19.491237071439716 -38.468877392610224 3950.556764306961 462.4548821821203 -29244605.64765201 10962052.909660246 0.5672578281872416 -0.7956195556435606 -1.7956195556435606 0.33320765261543495 0.40783016473222133
0.00787153468239 18255.129804693 1712903632647.7432 -237427231.57617563 12882353.58702936 36339320.06643228 0.19365667516427112 -0.4900213415017105 -1.375835092469388 18255.129804693 0.3227611252737852 525.6340936789072 -0.05307396719560287 0.0 -1288.9161375476601 -2577.177121596504 0.017395470019957473 -4393.891082263143 0.3227611252737852 7960741.448304238 -538.2921130057975 -0.019297400631740198 -0.009868370479427261 0.8799444127472582 1.9561655969461533 0.5898603269122691 -19.446735137536137 -38.4148499210441 3894.01381917839 462.4500044369392 -28323207.73175354 10421069.97440837 0.557183287473473 -0.7794094022666245 -1.7794094022666245 0.33505198759230503 0.40953185246799817
0.00796835455898 18128.858681908117 1688968206276.1714 -231742821.42238432 12796591.33690481 35921353.645057924 0.19451790348278433 -0.4838545834998083 -1.363407079603699 18128.858681908117 0.32419650580464054 525.9356060995184 -0.03921057379905846 0.0 -1258.0713761230304 -2555.271053387645 0.017574103485874064 -4338.389045217222 0.32419650580464054 7905772.91435776 -538.5991009602585 -0.019359354548527413 -0.00989126962721609 0.8714498850743397 1.9370451174706684 0.5903000755488099 -19.40179352957693 -38.36026210633141 3838.1502063632947 462.4449020458258 -27422564.74727677 9893895.727357231 0.5472533792696993 -0.7634056616641334 -1.7634056616641334 0.3369328599212297 0.4112656175515428
0.00806636532006 18001.936170538236 1665077109005.7927 -226155090.70114478 12710364.104319122 35503182.422236286 0.19539305007453872 -0.4777496169459581 -1.3511370007310752 18001.936170538236 0.32565508345756455 526.2422724759783 -0.025481917273510568 0.0 -1227.5189859016116 -2523.1634058550803 0.017754145787162876 -4283.5635370523205 0.32565508345756455 7850510.460954018 -538.9108651711335 -0.019422278172631723 -0.009914504311617865 0.8631217873242335 1.9181538066107582 0.5907779956200088 -19.356409285615772 -38.30510915246018 3782.9577810336477 462.43956488298255 -26542390.767338466 9380339.975164104 0.537466703866669 -0.7476059597044598 -1.7476059597044598 0.33885103107706493 0.41303211877715107
0.00816558161349 17874.37009295873 1641234409359.7598 -220662879.12721395 12623676.598813608 35084866.73202145 0.19628237303349333 -0.47170525289287646 -1.3390225961078637 17874.37009295873 0.32713728838915557 526.5541962024928 -0.011885307718707994 0.0 -1197.1742670195028 -2504.710912319654 0.017935597671116976 -4229.406375348835 0.32713728838915557 7794943.873478102 -539.2285441328058 -0.019486189005770524 -0.009938080048028581 0.8549594633181958 1.8994881313654104 0.5912946705309843 -19.310579460140023 -38.24938615845836 3728.427217374488 462.4339823630857 -25682381.69675432 8880200.635059144 0.5278221749290403 -0.7320073891947945 -1.7320073891947945 0.34080728840056873 0.4148320346565285
0.00826601826734 17746.168564762298 1617444203465.6887 -215265173.0262524 12536533.728867713 34666467.71441366 0.19718613595573914 -0.46572059518646003 -1.3270622647932284 17746.168564762298 0.3286435599262319 526.8714831189288 0.0015812951330034242 0.0 -1166.9425575495075 -2482.8740007529022 0.018118459581951272 -4175.909477558607 0.3286435599262319 7739060.616839774 -539.5513871039007 -0.019551104920623265 -0.00996200245710123 0.8469618703895087 1.8810455438810985 0.5918502718588919 -19.26430112552234 -38.193088202444315 3674.5511786571506 462.42814342216406 -24842264.374799762 8393295.636208534 0.5183183104632768 -0.7166078926602268 -1.7166078926602268 0.3428024075132049 0.4166660394788627
0.00836769029203 17617.339997440824 1593710624528.518 -209960909.01158556 12448940.68465842 34248047.29668676 0.1981046094947327 -0.45979462827337103 -1.3152541509700582 17617.339997440824 0.33017434915788785 527.1942415317964 0.014920198187829747 0.0 -1136.938405931112 -2455.4863464651967 0.018302731652221925 -4123.064859832286 0.33017434915788785 7682848.881286226 -539.8794638871004 -0.01961704419849477 -0.009986277267159322 0.8391281840894442 1.8628231100691244 0.5924451702193811 -19.217571373131772 -38.13621039698102 3621.3216063421664 462.4220364933473 -24021754.49556818 7919435.456927545 0.5089538349315563 -0.7014050841343034 -1.7014050841343034 0.3448371889257089 0.4185348287232098
0.00847061288262 17487.893101523216 1570037819492.631 -204749004.3275686 12360902.790488048 33829668.175492264 0.19903806892124457 -0.4539262769267228 -1.3035962730538206 17487.893101523216 0.33173011486874093 527.5225822660485 0.0281338418149204 0.0 -1107.1392103819694 -2432.3869006478217 0.01848841369458388 -4070.8646357937105 0.33173011486874093 7626297.242949224 -540.2132667291203 -0.01968402548724242 -0.010010910316567293 0.8314577097990024 1.8448177046244838 0.5930798461809481 -19.17038731467192 -38.078747788859985 3568.73011685345 462.41564948399497 -23220562.976203058 7458427.366996866 0.49972759493026137 -0.6863964155884059 -1.686396415588406 0.3469124502779458 0.42043911255567357
0.00857480142107 17357.83688977041 1546429955680.8096 -199628408.53367645 12272425.567423258 33411393.798404768 0.19998679525347654 -0.44811451836949645 -1.2920867745299573 17357.83688977041 0.3333113254224609 527.8566187576756 0.04122455089250354 0.0 -1077.5003660633583 -2411.9545070811178 0.018675505193365652 -4019.3010153603454 0.3333113254224609 7569393.810304181 -540.5529755632665 -0.019752067830581997 -0.010035907556129174 0.8239497182893201 1.8270263866541157 0.5937547242564811 -19.122746083609027 -38.02069539896931 3516.7687351960485 462.4089697516709 -22438407.155928083 7010082.683194429 0.4906383928668592 -0.6715795004337535 -1.6715795004337535 0.34902901746251846 0.4223796105304759
0.00868027147855 17227.180680073634 1522891216897.9429 -194598104.27055776 12183514.72199978 32993288.34376745 0.20095107513949204 -0.44235838720358567 -1.2807239347331416 17227.180680073634 0.3349184585658201 528.1964671074751 0.05419452383267842 0.0 -1048.0028905966246 -2389.088513768817 0.018864005296024597 -3968.366303566436 0.3349184585658201 7512126.177293511 -540.8984331274919 -0.019821190672756433 -0.010061275051583227 0.8166034382455759 1.8094464159111054 0.5944701654675437 -19.074644836563955 -37.962048213101575 3465.4299186520457 462.4019840787697 -21675010.967981327 6574216.888650864 0.4816849796797558 -0.6569521274188426 -1.6569521274188426 0.35118772262532216 0.4243570502114976
0.00878703881774 17095.93409829855 1499425811674.1907 -189657069.3667654 12094176.22398868 32575416.699636664 0.20193120235368994 -0.43665689171878064 -1.2695059850842385 17095.93409829855 0.3365520039228166 528.5422461667608 0.06704601883857797 0.0 -1018.6978644967767 -2365.6753611023746 0.019053912804432104 -3918.05289941871 0.3365520039228166 7454482.1086610025 -541.2496790391042 -0.019891413895564692 -0.010087018986147323 0.809418179137033 1.792074976318752 0.5952265915201507 -19.026080754758368 -37.90280123431779 3414.7060216139234 462.39467864556156 -20930096.906377714 6150644.351123575 0.47286617521421637 -0.6425120236945783 -1.6425120236945783 0.353389414661623 0.4263721750687307
0.0088951193952 16964.10708064973 1476037955561.495 -184804262.35585248 12004416.196053484 32157844.44048301 0.20292747592081598 -0.4310089783020529 -1.2584310272205856 16964.10708064973 0.3382124598680266 528.8940775629983 0.07978143264744109 0.0 -989.541475729137 -2344.7139132325724 0.019245226166016028 -3868.3532947451117 0.3382124598680266 7396449.919783727 -541.6071744239907 -0.019962757788484043 -0.010113145663199988 0.8023933828267465 1.7749090542082029 0.5960245370769441 -18.97705104535983 -37.842949405863216 3364.5890697269842 462.3870390008974 -20203382.809057787 5739176.297772903 0.46418092295871993 -0.6282567491875812 -1.6282567491875812 0.3556349608900674 0.4284257446161156
0.00900452936376 16831.70987679899 1452731877679.2585 -180038696.55387312 11914240.980015192 31740637.805608798 0.20394020136903698 -0.4254137022777288 -1.24749741449723 16831.70987679899 0.33990033561506167 529.2520858399579 0.09240292111783166 0.0 -960.5414464809166 -2321.587994012585 0.019437943465104957 -3819.2600730620998 0.33990033561506167 7338017.047521594 -541.970711828505 -0.02003524308106076 -0.010139661508850616 0.7955283730453191 1.7579460098741577 0.5968643967870547 -18.927552943189824 -37.78248765466692 3315.0718488882612 462.3790500348333 -19494597.876453906 5339631.208211787 0.4556280374302575 -0.6141841886053427 -1.6141841886053427 0.3579252290186732 0.4305185230183759
0.00911528507493 16698.753051809173 1429511817777.4397 -175359345.41434535 11823657.133554343 31323863.673036985 0.20496969081695865 -0.4198700084816441 -1.2367032645028515 16698.753051809173 0.3416161513615978 529.6163984429279 0.10491288685874633 0.0 -931.6941725590156 -2302.2862555128177 0.019632062413763505 -3770.7659084597117 0.3416161513615978 7279171.962692174 -542.3408030113542 -0.02010889095267762 -0.010166573074789723 0.7888226770974127 1.7411828463004113 0.5977467503098101 -18.877583712067867 -37.721410889014756 3266.1465163373723 462.37069594573296 -18803462.3536512 4951821.581392463 0.44720652573581493 -0.6002919227948524 -1.6002919227948524 0.3602611129159822 0.43265129649196343
0.00922740308136 16565.247488990706 1406382017616.4485 -170765245.88018355 11732671.386809325 30907589.53565474 0.20601626219632194 -0.41437697450457156 -1.2260469984491544 16565.247488990706 0.3433604369938699 529.9871458982799 0.11731343854471543 0.0 -902.9484852054975 -2280.62719246673 0.019827580342975375 -3722.8635644910023 0.3433604369938699 7219902.095255968 -542.7171481905925 -0.020183723024904544 -0.01019388704099276 0.7822756687159347 1.7246170186757752 0.5986720016934934 -18.82714064658946 -37.659713964847796 3217.8061302652577 462.36196020973165 -18129709.714969628 4575568.415361848 0.4389152317220648 -0.5865779243009341 -1.5865779243009341 0.36264350099884723 0.43482485166789364
0.00934090013926 16431.204391725325 1383346735229.6152 -166255407.39307892 11641290.76882979 30491883.473422047 0.2070802418216184 -0.40893359589772593 -1.2155268676566036 16431.204391725325 0.345133736369364 530.3644618238288 0.1296068687127605 0.0 -874.3901552472133 -2257.174424410958 0.020024494193248796 -3675.5458931044263 0.345133736369364 7160195.725956838 -543.099977122682 -0.020259761421117798 -0.010221610218673358 0.7758868835392853 1.708245722695117 0.5996406980309634 -18.77622107360713 -37.597391776159355 3170.0433077579037 462.35282554528834 -17473067.283632316 4210688.502413545 0.4307531471699213 -0.5730399468062557 -1.5730399468062557 0.36507330683049943 0.4370399976043322
0.00945579321097 16296.63528552584 1360410216496.6582 -161828825.49794078 11549522.414051436 30076814.125668094 0.2081619607510365 -0.4035388143715489 -1.2051410108271998 16296.63528552584 0.3469366012517275 530.7484830071878 0.1417955904245276 0.0 -845.9412780873732 -2240.0795184172644 0.020222800505540636 -3628.8058335376795 0.3469366012517275 7100041.862664317 -543.4898711998367 -0.020337028702506196 -0.010249749553231232 0.769655976784893 1.692065982490224 0.6006534868895613 -18.724822353890854 -37.53443911435588 3122.8504014521986 462.34327387777273 -16833258.958521623 3856996.3289573602 0.42271937553316546 -0.5596755988911677 -1.5596755988911677 0.3675514612602049 0.4392975585676123
0.00957209946746 16161.552020462976 1337576714625.491 -157484575.62734392 11457373.730036093 29662450.663848355 0.2092617581211741 -0.3981917511099675 -1.1948879774609265 16161.552020462976 0.3487695968686235 531.1393495125664 0.15388161940769707 0.0 -817.5804355920475 -2218.777591052744 0.020422495412091145 -3582.636411267837 0.3487695968686235 7039428.075147687 -543.8863147074067 -0.020415547943039503 -0.010278312127161404 0.7635823816117813 1.6760754339018484 0.60171077122283 -18.672941884026816 -37.47085078751992 3076.2209473479506 462.3332863038911 -16210025.59279654 3514317.243581906 0.4148127847431577 -0.5464830191037722 -1.5464830191037722 0.3700788831794639 0.441598356195377
0.00968983629091 16025.966772178606 1314850481930.837 -153221680.61264777 11364852.358350836 29248862.759302024 0.21037998054752616 -0.39289137976121474 -1.1847660002805158 16025.966772178606 0.35063330091254363 531.5372047719767 0.1658673006320277 0.0 -789.3880973621887 -2195.684740421335 0.020623574626786392 -3537.030736953226 0.35063330091254363 6978343.560520255 -544.2897149907672 -0.020495342726815465 -0.010307305163301639 0.7576657885260398 1.660271233449926 0.6028131936734933 -18.620577097875877 -37.40662159168274 3030.1476435541417 462.3228430496974 -15603096.50497538 3182468.9253987856 0.4070324876134962 -0.533459937686402 -1.533459937686402 0.37265652515151293 0.44394323993192986
0.00980902127729 15889.892044097574 1292235758362.7368 -149039166.87821448 11271966.107030485 28836120.554080848 0.21151698084753146 -0.3876366619740809 -1.1747732945313376 15889.892044097574 0.3525283014125524 531.9421956641725 0.17775500688121482 0.0 -761.3015676100067 -2179.1821820093496 0.02082603343593074 -3491.982005400281 0.3525283014125524 6916777.984121874 -544.7005593689591 -0.02057643713162816 -0.010336736027867487 0.7519059461441786 1.6446505079928224 0.6039614354451592 -18.567725468593462 -37.341746259518786 2984.6231922908405 462.3119234318472 -15012201.507452134 2861269.2625903264 0.3993776447316262 -0.5206040625089434 -1.5206040625089434 0.37528535313516265 0.44633307273676215
0.009929672239 15753.340668653174 1269736775399.405 -144936117.05368066 11178723.001351856 28424294.62813642 0.2126731191781896 -0.38242668538433783 -1.1649083663032538 15753.340668653174 0.354455198630316 532.3544725384495 0.18954683232706215 0.0 -733.2665340386014 -2159.926107353575 0.021029866688688666 -3447.4834945313996 0.354455198630316 6854720.159771861 -545.1185778525364 -0.02065885576121941 -0.010366612233735882 0.7463024589638422 1.6292108165781085 0.6051560120502995 -18.514384510378967 -37.27621949686223 2939.6411361757255 462.30050581346734 -14437082.307354337 2550543.746217642 0.3918472603335262 -0.5079134767011411 -1.507913476701141 0.3779663245032929 0.4487687169169722
0.0100518072075 15616.325808776073 1247357761344.2542 -140911606.90747148 11085131.350749457 28013455.966724057 0.2138487645525867 -0.37726050404541517 -1.1551696601788288 15616.325808776073 0.3564146075876445 532.7741893810471 0.2012449474088156 0.0 -705.3811030622692 -2136.33031522527 0.021235068787561467 -3403.528564380538 0.3564146075876445 6792159.589275807 -545.5437129559155 -0.02074262378512566 -0.010396941443711548 0.7408550216159846 1.6139496210723616 0.6063975099470134 -18.46055178043801 -37.21003603175642 2895.1948874563786 462.28856755973766 -13877479.060738241 2250116.6705257744 0.3844404140283401 -0.4953861843116638 -1.4953861843116638 0.3807004146091276 0.45125105289435896
0.0101754444362 15478.860958159734 1225102923915.9949 -136964655.53874695 10991199.636076484 27603675.92357494 0.21504429261597613 -0.3721370006605864 -1.1455552497879344 15478.860958159734 0.35840715435996023 533.2015039463606 0.21285190457202585 0.0 -677.604300719255 -2120.756739016657 0.02144163367884741 -3360.110656020033 0.35840715435996023 6729087.948249553 -545.9769378901206 -0.020827766904829237 -0.010427731474105266 0.735563620368774 1.598863823228582 0.6076867901722723 -18.40622488057842 -37.14319052815783 2851.27690865807 462.2760849894374 -13333119.572604999 1959804.1707743928 0.37715646600881375 -0.48301971119787845 -1.4830197111978785 0.38348863997895677 0.4537809937230166
0.0103006024028 15340.959943599468 1202976447735.7295 -133094382.68386401 10896936.51054981 27195026.18973288 0.21626008567353178 -0.3670553075274625 -1.1360637732810748 15340.959943599468 0.360433476122553 533.6365778609508 0.22436970284147817 0.0 -649.837398397378 -2102.619616127325 0.02164955484278898 -3317.2232907069924 0.360433476122553 6665494.940213324 -546.4177371200703 -0.020914311364027282 -0.010458990297888184 0.7304279156236336 1.5839511678807618 0.6090243646634607 -18.351401459741208 -37.075677583832174 2807.8812311707543 462.26303332618727 -12803753.138502372 1679436.2670091614 0.3699944395010806 -0.47081231138274315 -1.4708123113827432 0.38633198208499886 0.45635943368297416
0.0104272998123 15202.636924654744 1180982514191.2727 -129299882.98001252 10802350.98021421 26787578.753853485 0.21749653693305057 -0.3620144736711571 -1.1266936999107944 15202.636924654744 0.362494228221751 534.0795763236363 0.23580052831095655 0.0 -622.2160642759841 -2079.532913519544 0.021858825283978898 -3274.8600688109755 0.362494228221751 6601371.580123364 -546.8660915557016 -0.021002284044095314 -0.010490726048480855 0.7254477310120703 1.5692091404589412 0.610410890201911 -18.29607921560177 -37.00749187408596 2765.00146912936 462.2493866454389 -12289123.776868498 1408839.3098312821 0.36295350279031924 -0.4587620213753236 -1.4587620213753236 0.3892314518456751 0.4589872941549201
0.0105555556 15063.90639392712 1159125267026.574 -125580193.08407561 10707452.160000833 26381405.863913357 0.2187540450926853 -0.35701336501513303 -1.1174431001709406 15063.90639392712 0.36459007515447556 534.5306688497069 0.24714697498353488 0.0 -594.6780572519115 -2064.135915620122 0.022069437521973035 -3233.0146687799393 0.36459007515447556 6536711.401408446 -547.323060917457 -0.021091712367480912 -0.010522947023451499 0.7206231985383165 1.554634625204919 0.6118473152101764 -18.24025589653248 -36.9386279545702 2722.6302358170524 462.2351178208595 -11788962.905198202 1147831.3721038327 0.35603312338384085 -0.4468663636051371 -1.446866363605137 0.392188105124582 0.4616655312654184
0.0106853889339 14924.783178559604 1137408824731.2837 -121934453.15039487 10612249.391590023 25976579.992017973 0.22003301708392162 -0.3520511163936783 -1.1083106543325023 14924.783178559604 0.36672169513986935 534.9900290216218 0.258411040807367 0.0 -567.1528381600048 -2046.1504968281367 0.022281383581194223 -3191.680846327012 0.36672169513986935 6471505.808229307 -547.7881187858948 -0.02118262436295281 -0.010555661687964806 0.7159540961590898 1.5402254164521305 0.6133342106032753 -18.18392930418964 -36.86908035466215 2680.7618078957794 462.22019846616075 -11303024.224550188 896244.8940876778 0.34923240101922043 -0.43512364707068274 -1.4351236470706827 0.39520295481516343 0.4643950779542724
0.0108168192178 14785.282439427881 1115837285355.584 -118361764.62170897 10516752.309166623 25573173.7919865 0.2213338698134158 -0.3471267359630533 -1.0992947759377716 14785.282439427881 0.3688897830223597 535.4578344684171 0.26959500708458806 0.0 -539.7306042999628 -2026.2743629579647 0.02249465498129239 -3150.8524334034605 0.3688897830223597 6405748.165885871 -548.2614752761751 -0.021275048712170192 -0.010588878678800658 0.7114404283461413 1.5259789028992041 0.6148723561774108 -18.12709729531136 -36.7988436312993 2639.389801758585 462.20459887520246 -10831053.275892299 653906.8105676975 0.34255064532378166 -0.4235318370724197 -1.4235318370724197 0.3982770523097807 0.46717690005059365
0.0109498660942 14645.419671150972 1094414707534.2408 -114861220.10994227 10420970.712434929 25171260.058972493 0.22265702727268857 -0.3422391842149726 -1.0903937831039223 14645.419671150972 0.37109504545448097 535.9342673123849 0.2807012623505587 0.0 -512.3509120807244 -2010.250946792446 0.0227092427274697 -3110.523337264371 0.37109504545448097 6339433.105610773 -548.7436083857501 -0.02136901470404629 -0.010622606808223505 0.7070823095176095 1.5118923261710564 0.6164626229656469 -18.069757783979565 -36.7279122633357 2598.507641141957 462.1882879580705 -10372793.7491635 420642.7452316582 0.33598726406312857 -0.4120887760430585 -1.4120887760430585 0.4014114692862889 0.47001198247322795
0.0110845494471 14505.210702042943 1073145117490.352 -111431957.57121769 10324914.644685436 24770911.68852658 0.22400292258818616 -0.3373875343357796 -1.0816062579138601 14505.210702042943 0.3733382043136436 536.4195138658124 0.2917319463997836 0.0 -485.01179076206506 -1991.2455297174208 0.022925137300619312 -3070.6875395848524 0.3733382043136436 6272554.83360051 -549.2343350963188 -0.021464552287553434 -0.010656855067897748 0.702879729267543 1.4979633187662424 0.6181057360548856 -18.01190874400468 -36.65628071768331 2558.109485206217 462.1712331753848 -9927999.265763335 196284.63256346993 0.3295415249538994 -0.4007926470611818 -1.4007926470611818 0.40460726316401185 0.47290130696664245
0.0112208894053 14364.671692925212 1052032503950.7491 -108073081.12559576 10228594.383325893 24372201.63206323 0.22537199783380965 -0.3325707380393731 -1.0729305257672137 14364.671692925212 0.37561999638968274 536.9137651494786 0.302689470622469 0.0 -457.7479993372763 -1973.4986894866686 0.023142328648020606 -3031.339095448497 0.37561999638968274 6205109.68386452 -549.7341555111379 -0.021561692080834173 -0.010691632633114742 0.6988328957460941 1.4841891231875932 0.6198026214516557 -17.95354821099011 -36.58394343675919 2518.1888833741186 462.15340046877407 -9496416.387103802 -19340.33955572173 0.3232128993564113 -0.38964130243410766 -1.3896413024341077 0.40786553116411406 0.47584588869778865
0.011358906345 14223.819136967297 1031080808403.6854 -104783717.12871858 10132020.379692078 23975202.854979992 0.2267647027120351 -0.32778779108521755 -1.0643650212442393 14223.819136967297 0.3779411711867252 537.4172168595422 0.31357614994248584 0.0 -430.49106259548626 -1958.1791356341012 0.023360806173133065 -2992.472132565802 0.3779411711867252 6137094.418673019 -550.2433028746709 -0.021660465357593348 -0.010726948866802961 0.6949419926186143 1.4705671414707837 0.6215541606173179 -17.89467428497244 -36.51089478960234 2478.7397244807335 462.1347541868672 -9077796.640402691 -226401.85886057094 0.3170008214318891 -0.3786327354688932 -1.3786327354688932 0.4111873697667082 0.47884674812181804
0.011498620893 14082.669858512016 1010293933018.4646 -101563022.72209975 10035203.351294676 23579988.291604348 0.22818149702499352 -0.3230377644788566 -1.0559083611011533 14082.669858512016 0.38030249504165586 537.9300692341536 0.32439413394050254 0.0 -403.2580956157789 -1939.8400085732562 0.023580558726263422 -2954.080850332676 0.38030249504165586 6068505.87792198 -550.7615692233612 -0.02176090410947364 -0.010762813323815647 0.6912071338311476 1.4570950433045111 0.6233611447187066 -17.83528513280264 -36.437129150338606 2439.756410259654 462.11525700952603 -8671898.512797615 -425065.2501280401 0.31090463878949176 -0.3677651746708137 -1.3677651746708137 0.41457386742474167 0.4819049073755636
0.01164005393 13941.24101110375 989675732588.7479 -98410120.20966071 9938154.244867407 23186630.79771891 0.22962284985371514 -0.31831959891519335 -1.047558886261489 13941.24101110375 0.3827047497561919 538.4525274734666 0.3351458634947029 0.0 -376.0794617133605 -1922.3894091621603 0.023801574595111515 -2916.1595188892156 0.3827047497561919 5999343.296677671 -551.2894601049356 -0.02186304104371107 -0.010799235755456943 0.6876286649445047 1.443770079473503 0.625224579012128 -17.77537899035066 -36.362640864389405 2401.2326996486695 462.0948698668501 -8278473.346550384 -615500.6357633453 0.3049239151883128 -0.357036493088285 -1.357036493088285 0.41802615783906005 0.4850214260932716
0.0117832265934 13799.550076561296 969230005325.649 -95324148.63118917 9840884.181135796 22795203.105854187 0.23108923823845842 -0.3136322635135076 -1.0393150126055108 13799.550076561296 0.3851487303974307 538.9848018491226 0.34583371779191974 0.0 -348.9030333830591 -1906.9404955838163 0.024023841494943778 -2878.702478336562 0.3851487303974307 5929606.638327632 -551.8272985219078 -0.021966909570634765 -0.010836226113773524 0.6842069300524909 1.4305896087757892 0.6271454474327494 -17.714954165314246 -36.28742420082504 2363.1626040154792 462.0735518535748 -7897276.404324867 -797875.6923190933 0.2990581996550602 -0.34644466064427015 -1.3464446606442702 0.42154537733735875 0.488197371819984
0.0119281602805 13657.614863094957 948960497831.2075 -92304273.16206601 9743404.52520684 22405777.77775755 0.232581149122619 -0.30897479015556906 -1.0311753101569963 13657.614863094957 0.3876352485376984 539.5271077375311 0.3564599383807021 0.0 -321.7250675938553 -1890.5474404831818 0.024247346559269987 -2841.7041378598283 0.3876352485376984 5859296.2141536055 -552.3750358162761 -0.022072543856658865 -0.010873794556113758 0.6809422218718607 1.4175512157229284 0.6291246621151725 -17.65400903980057 -36.211473412427324 2325.5405754559797 462.0512601424579 -7528069.020336306 -972354.2942405399 0.29330697333416234 -0.3359878463049606 -1.3359878463049606 0.42513265549426515 0.49143381469012826
0.0120748766519 13515.453502764181 928870900556.3153 -89349648.1907003 9645726.871507958 22018427.1549848 0.23409907923103368 -0.3043461536618168 -1.023138236627791 13515.453502764181 0.3901651320517228 540.079665489313 0.36702689542393174 0.0 -294.5569406911372 -1873.703483920496 0.02447207633073212 -2805.158974822974 0.3901651320517228 5788414.063411864 -552.932913435091 -0.022179978836878788 -0.010911951449890144 0.6778349575009464 1.4046523109244453 0.6311632409083503 -17.592542072799542 -36.1347827262651 2288.3608441141478 462.02794988862485 -7170610.700585417 -1139101.651477769 0.28766982544922354 -0.32566407446419476 -1.3256640744641948 0.4287891493107786 0.4947318506816405
0.0122233976347 13373.084449077998 908964841847.7418 -86459430.89848396 9547863.024244037 21633223.309882533 0.23564353451176137 -0.29974531416333383 -1.0152022307507587 13373.084449077998 0.39273922418626894 540.6427010206196 0.37753699343551017 0.0 -267.39500593091594 -1857.5837871089102 0.024698016751830653 -2769.061533938577 0.39273922418626894 5716963.536909338 -553.5012240151873 -0.022289250219214077 -0.01095070737733406 0.6748856162078471 1.3918902713973818 0.6332622445216167 -17.530551802895186 -36.0573463210948 2251.6176562444844 462.00357413280824 -6824662.06047771 -1298282.3787222337 0.2821463920215782 -0.3154713452876925 -1.3154713452876925 0.43251603125609783 0.4980925932568787
0.0123737454256 13230.52647452573 889245884877.0992 -83632782.11460598 9449824.993594907 21250237.99639208 0.2372150302109459 -0.29517121924283407 -1.00736571714844 13230.52647452573 0.39535838368490983 541.2164457115092 0.3879926665364699 0.0 -240.21573199936353 -1842.1935834063477 0.024925153155629598 -2733.406426478605 0.39535838368490983 5644949.313181167 -554.0802957629871 -0.02240039450141055 -0.010990073140290154 0.6720947363733486 1.37926244782769 0.6354227734007458 -17.468036851134542 -35.97915832620592 2215.305289041824 461.978083697706 -6489985.0570289325 -1450060.3430091161 0.2767363526884387 -0.30540764099351825 -1.3054076409935182 0.4363144892534352 0.5015171734647002
0.0125259424944 13087.798667423776 869717524931.9167 -80868881.84997852 9351624.99824635 20869542.599070963 0.23881409105554924 -0.29062285912382135 -0.9996272292463426 13087.798667423776 0.39802348509258206 541.8011365112694 0.3983962558462395 0.0 -213.01776986234054 -1825.9157869444352 0.025153470257144882 -2698.1883294060226 0.39802348509258206 5572376.803828482 -554.6701950431884 -0.022513448990819845 -0.011030059765216524 0.6694628346412825 1.3667663488386532 0.637645886029033 -17.40499592379085 -35.90021282355532 2179.4183471863894 461.951427080972 -6166346.381885868 -1594596.4546343107 0.27143934954870047 -0.2954710843619721 -1.2954710843619721 0.44018570795823375 0.5050067273079546
0.0126800115871 12944.920428793193 850383189089.5951 -78166898.4851821 9253275.491288964 20491208.082329895 0.24044125210015596 -0.28609915837241734 -0.9919851698648623 12944.920428793193 0.4007354201669266 542.3970160857457 0.40875025030206436 0.0 -185.80148803289185 -1811.3735751957379 0.025382952144184057 -2663.4019846208103 0.4007354201669266 5499253.407789049 -555.2713028079379 -0.02262845183758075 -0.011070678508195729 0.6669905650416426 1.3543992814083174 0.6399327595840634 -17.341427815335784 -35.820503871105686 2143.951185683978 461.9235503414926 -5853510.919570014 -1732052.9439181015 0.26625514487471597 -0.2856596300253107 -1.2856596300253107 0.4441309068089666 0.5085624222517836
0.0128359757296 12801.911468316106 831246227292.7126 -75526021.16739258 9154789.103432894 20115304.93740923 0.24209705722681893 -0.28159909109903863 -0.9844380650005584 12801.911468316106 0.4034950953780316 543.0043329218116 0.4190570303774732 0.0 -158.5271514324227 -1795.7564046811228 0.025613582269162122 -2629.042198084695 0.4034950953780316 5425587.252841947 -555.8837013942921 -0.022745442022108327 -0.01111194086022232 0.6646785497785218 1.342158732374827 0.6422845190159685 -17.277331411204187 -35.74002545173124 2108.898522142134 461.89439697789845 -5551248.697961601 -1862588.7970532794 0.2611834544004902 -0.2759713916957691 -1.2759713916957691 0.4481512980840967 0.5121854278327853
0.012993858231 12658.79180072108 812309918327.8109 -72945438.6624308 9056178.72967809 19741903.13075194 0.24378206176966913 -0.27712160592867474 -0.97698440098175 12658.79180072108 0.40630343628278187 543.6233415019357 0.42931903530103177 0.0 -131.25321349229765 -1779.147735571099 0.025845343440668366 -2595.103839059135 0.40630343628278187 5351388.042507287 -556.507566390414 -0.022864459424314823 -0.011153858552384635 0.6625274899396387 1.3300421227116976 0.6447023487591164 -17.212705690953083 -35.658771552664604 2074.255044221386 461.8639078067854 -5259330.4948228 -1986362.6720572412 0.25622405365685685 -0.26640443223684684 -1.2664044322368468 0.4522481167085236 0.5158769374845542
0.0131536826873 12515.58174074371 793577454136.9398 -70424312.36329097 8957457.405475147 19371072.048955765 0.24549682895866135 -0.27266551969340025 -0.9696223829611286 12515.58174074371 0.40916138159776894 544.2543024493642 0.4395389986366405 0.0 -103.9175664575982 -1766.5366167708873 0.026078217815290565 -2561.581839273368 0.40916138159777266 5276668.35483164 -557.1437184613378 -0.0229855447715613 -0.01119644356147406 0.6605383207765435 1.3180464472424365 0.6471876496030214 -17.147549730989947 -35.57673605120521 2040.0148568632358 461.83202082770435 -4977521.947617913 -2103536.6557468846 0.2513769391787745 -0.25695645212812246 -1.2569564521281225 0.4564226598735819 0.5196381939683843
0.0133154729843 12372.301900149618 775051944164.9974 -67961875.70903106 8858638.375141684 19002880.449451182 0.2472419319138452 -0.2682298976587278 -0.9623507828176843 12372.301900149618 0.41206988652307536 544.897482693897 0.44971910370539114 0.0 -76.49736517898492 -1750.4081894793287 0.026312186889543596 -2528.471192279116 0.412069886523451 5201439.277479051 -557.7916445316891 -0.023108739695569033 -0.011239708114989656 0.6587116545333535 1.3061695453855013 0.6497414758109563 -17.081862708452398 -35.493912776885274 2006.1734605243123 461.79867108856956 -4705605.049802614 -2214262.304049352 0.24664176801027807 -0.24762588294547294 -1.247625882945473 0.4606761391557175 0.5234703890545919
0.013479253302 12228.973180815125 756736419782.5878 -65557305.30302271 8759735.163434794 18637396.401392996 0.24901795623066983 -0.26381356021161906 -0.9551678467379237 12228.973180815125 0.4150299270511164 545.5531552993634 0.45986208031319276 0.0 -49.07250810160086 -1735.0830094548744 0.026547231492684325 -2495.766952506738 0.41502992706406583 5125716.043217265 -558.4520455794295 -0.023234086803639857 -0.011283664697320811 0.6570485047239821 1.2944084610898465 0.6523652665492443 -17.0156439035173 -35.41029558560902 1972.7252025129173 461.76379053491956 -4443350.597446875 -2318698.6369763818 0.24201857767286566 -0.23841047868224607 -1.238410478682246 0.46500988091427076 0.5273748024420127
0.0136450481177 12085.616770547245 738633809569.865 -63209794.42641078 8660761.360681063 18274687.23417589 0.2508254929546928 -0.25941536077920163 -0.9480719024051782 12085.616770547245 0.41804248825782137 546.2216002578817 0.46997058585264306 0.0 -21.534405678733993 -1722.64937564238 0.026783331779104563 -2463.4642346145934 0.4180424884725655 5049514.9602729445 -559.1254042750697 -0.023361629558393337 -0.011328326055120337 0.6555498770772232 1.282760357521827 0.6550604328369791 -16.948892703176615 -35.32587814597973 1939.664708485503 461.72730786385847 -4190533.781688024 -2417001.839169815 0.23750738881940187 -0.22930809857315726 -1.2293080985731573 0.46942520914501185 0.5313527178712952
0.0138128822095 11942.254137832562 720746960783.019 -60918582.94997983 8561730.856743742 17914819.483694036 0.2526651463708539 -0.2550343153279924 -0.9410616583153223 11942.254137832562 0.42110857728475654 546.9031037734786 0.4800469189694342 0.0 6.0759307268486396 -1706.5644974360046 0.027020467221364468 -2431.5582127648536 0.42110857939481666 4972851.831783264 -559.8113234040145 -0.023491412451499227 -0.01137370520298166 0.6542165814377975 1.2712229617113981 0.6578281672754737 -16.88160860476601 -35.24065417504702 1906.9875435358863 461.689148358793 -3946940.955469443 -2509321.007082192 0.2331080041530409 -0.22031709329038596 -1.220317093290386 0.4739233939837777 0.5354053917222135
0.0139827806607 11798.907024194876 703078621803.2351 -58682849.596233554 8462657.698021926 17557858.8332463 0.25453752932641727 -0.2506691596918238 -0.9341352131320785 11798.907024194876 0.4242292155440288 547.5979590128607 0.49009400241195034 0.0 33.74319527432537 -1692.9014076271794 0.027258616603843606 -2400.0441197462956 0.424229229615038 4895747.089890524 -560.5107652514127 -0.023623480932647815 -0.011419815429870361 0.6530498801969477 1.2597930811834415 0.660670099049434 -16.813791218605346 -35.15461729448893 1874.6879717893717 461.6492337214814 -3712346.362003548 -2595813.210929731 0.2288206646529188 -0.21143502731518238 -1.2114350273151824 0.4785058451730234 0.5395341839115437
0.0141547688628 11655.597439678686 685631439322.3854 -56501825.21458614 8363556.080362058 17203870.063023426 0.2564432628557034 -0.24631881521832616 -0.927291089901026 11655.597439678686 0.42740543809283904 548.3064661767957 0.5001143481918131 0.0 61.53715659256237 -1679.5250052055042 0.02749775801634142 -2368.9172463843033 0.4274055079095644 4818220.482971676 -561.2237044382307 -0.023757881421929215 -0.011466670304557574 0.6520508053433786 1.2484681554872596 0.6635876040479092 -16.74544027234205 -35.06776102300481 1842.7613029690776 461.60748189795027 -3486536.524029735 -2676627.6032397635 0.22464536725053952 -0.2026600126167779 -1.202660012616778 0.48317390274085037 0.5437404136767047
0.0143288725198 11512.347654812904 668407965061.6638 -54374731.09764504 8264440.441317399 16852916.991552364 0.25838297959135736 -0.24198213486529094 -0.9205276768730277 11512.347654812904 0.43063829931892894 549.0289321348952 0.5101106224459011 0.0 89.41200197115555 -1664.7262837214123 0.027737868848370564 -2338.17294071916 0.43063857428615476 4740293.924165466 -561.950395124644 -0.0238946613996095 -0.011514283682157659 0.6512205318200719 1.2372454155365655 0.6665821817908231 -16.6765556138862 -34.98007887620191 1811.202624470718 461.5638068881566 -3269297.159016424 -2751914.0037437463 0.2205822325011429 -0.1939899876475497 -1.1939899876475497 0.4879289571122182 0.5480254441869765
0.0145051176518 11369.180194112943 651410642023.3949 -52300780.487614416 8165325.347325867 16505062.421862297 0.26035731955015357 -0.23765790375777882 -0.9138432224989953 11369.180194112943 0.43392886591692265 549.7656712866838 0.5200856434179274 0.0 117.39828474160711 -1651.7678502013473 0.027978925783778988 -2307.80660733368 0.43392976671354916 4661991.5283242 -562.6913641409085 -0.02403386934451253 -0.011562669710156275 0.6505603759222272 1.226121878442852 0.6696554538521589 -16.607137215317298 -34.89156424522915 1780.0068074380006 461.5181185529641 -3060413.4157851124 -2821822.667146256 0.21663151000530453 -0.18542271077577666 -1.1854227107757767 0.4927724488194464 0.5523906804175543
0.0146835305989 11226.11782851864 634641809254.441 -50279210.419572756 8066225.561670851 16160368.085941175 0.26236693269349093 -0.23334498084536287 -0.9072361540170892 11226.11782851864 0.4372782211558182 550.5170050721828 0.5300420671387289 0.0 145.51219045637063 -1638.008487078178 0.02822090479587447 -2277.8137066405097 0.4372807626192767 4583337.963408069 -563.4467105654726 -0.024175554807276768 -0.01161184283475677 0.6500715882729629 1.2150948239736945 0.6728089545853225 -16.537185176541183 -34.80221047407605 1749.1692065491131 461.47032240796307 -2859676.861571255 -2886499.779002779 0.2127933671171446 -0.17695617119383877 -1.1769561711938388 0.49770580078488746 0.5568375237880628
0.0148641380253 11083.183567335245 618103696282.4971 -48309247.570056945 7967156.012838222 15818894.589013973 0.2644124776030879 -0.22904214623634536 -0.9007047362334903 11083.183567335245 0.4406874626718132 551.2832624934749 0.5399827264383228 0.0 173.73645571544674 -1624.1543156812122 0.02846378114327287 -2248.1897541530398 0.4406938030584046 4504360.171763911 -564.216849628418 -0.024319768407510038 -0.011661817807366855 0.6497555776180675 1.2041612834596311 0.6760443571243274 -16.466699728961842 -34.712010824078114 1718.6849153487 461.420319406605 -2666878.1557342713 -2946092.2040978074 0.2090681149462543 -0.16858814885753048 -1.1685881488575305 0.5027304965354309 0.5613674257623484
0.015046966923 10940.400650291755 601798420429.6754 -46390122.437807396 7868131.783511765 15480701.355193743 0.26649462107836075 -0.22474816243827805 -0.8942472070159672 10940.400650291755 0.44415770179726793 552.0647799098981 0.5499104947813008 0.0 202.1012129761522 -1611.6809919399147 0.028707529365810967 -2218.930319839506 0.44417197745603254 4425086.655426737 -565.002208114154 -0.024466561849374888 -0.011712609691005967 0.64961382110294 1.1933182432581948 0.6793633826709892 -16.39568123947451 -34.62095846723808 1688.5490701925903 461.3680057151981 -2481810.143601187 -3000745.465769276 0.20545611930567204 -0.16031638920342228 -1.1603163892034223 0.5078480514722851 0.5659818680077116
0.0152320446162 10797.792538672733 585727984576.7404 -44521082.28640873 7769168.11010029 15145846.57208021 0.2686140378677034 -0.22046183787678814 -0.8878619180487194 10797.792538672733 0.447690063112839 552.8619013972428 0.5598281450641197 0.0 230.62124087598698 -1598.2741286410394 0.028952123281932442 -2190.0310273771997 0.44771954168807404 4345546.753479148 -565.8029237116323 -0.024615987940778385 -0.011764233866988338 0.6496477712164771 1.1825628560354662 0.6827677064224832 -16.32413021427183 -34.52904648391686 1658.7571501494842 461.31327247073875 -2304270.6900408897 -3050601.8973724274 0.20195770810363817 -0.15213878465457142 -1.1521387846545714 0.5130599768153478 0.5706823373916325
0.0154193987649 10655.382906618923 569894278139.7301 -42701367.18328112 7670280.415195156 14814387.137009153 0.27077141180850184 -0.21618191215925325 -0.8815470815516766 10655.382906618923 0.4512856863475031 553.6749788245556 0.5697386047958266 0.0 259.27060596145026 -1584.5664507193426 0.02919753598548658 -2161.4875535515816 0.4513422365720775 4265771.859461585 -566.6193830375801 -0.02476810064050047 -0.01181670604149313 0.6498590245304654 1.1718920602116807 0.6862591278779233 -16.252047303006403 -34.43626790076791 1629.3044384147695 461.25600553354 -2134057.621758807 -3095803.9570192127 0.19857333818296238 -0.14405304802839436 -1.1440530480283944 0.5183678482376134 0.5754703744582997
0.0156090573698 10513.195630944756 554299067949.4564 -40930211.38426463 7571484.219719229 14486378.601167127 0.27296743230377846 -0.21190705685218839 -0.8753007667882385 10513.195630944756 0.45494572050629745 554.5043716760413 0.5796449537180589 0.0 288.08530139960885 -1572.7090944656932 0.029443739844755037 -2133.295627467534 0.45504755904448596 4185795.3977013472 -567.4522114496892 -0.024922955014760648 -0.011870042252615719 0.6502493199627343 1.1613025766802585 0.6898395690882002 -16.17943330248235 -34.342615599770845 1600.1860316176158 461.19608522155545 -1970968.9824323994 -3136494.0066319713 0.19530359945643683 -0.13605670793897406 -1.136056707938974 0.5237733080202247 0.5803475735478018
0.0158010487754 10371.254782813026 538944001340.54175 -39206879.654170156 7472795.201520005 14161875.119420653 0.27520279605413156 -0.20763606155729578 -0.8691213161334448 10371.254782813026 0.45867132675688593 555.3504476697796 0.589550010623441 0.0 317.09093006873076 -1559.9381599895237 0.02969070650052671 -2105.451030051883 0.4588449650215099 4105650.7471272494 -568.301407404886 -0.025080607296282344 -0.01192425887665613 0.650820266406304 1.1507915319478719 0.6935107994056384 -16.106289161572267 -34.24808237709667 1571.3977050240935 461.13338603232864 -1814810.9508810302 -3172809.187249331 0.192148939649418 -0.12814764539141565 -1.1281476453914157 0.5292779530135248 0.5853155058256253
0.0159954016753 10229.584615952117 523830605889.1924 -37530623.05135113 7374229.2059564125 13840929.393638749 0.27747820764611847 -0.20336760984742883 -0.8630068480255729 10229.584615952117 0.46246367941019745 556.2135822369471 0.5994568313846246 0.0 346.25179542894915 -1546.4652198014771 0.029938406866501347 -2077.9495932378477 0.46274598068743916 4025373.604664658 -569.1673756887574 -0.025241114923718087 -0.011979372635619101 0.6515736717113303 1.1403557122349604 0.6972747676581844 -16.032615984658946 -34.15266096627333 1542.9348785153636 461.06777635547405 -1665388.414880875 -3204887.5693086274 0.18910999230113285 -0.12032345282003121 -1.1203234528200312 0.534883475957614 0.5903758183787244
0.0161921451159 10088.209556929483 508960281147.0021 -35900686.672161184 7275802.167942541 13523592.622362774 0.2797943756681394 -0.19910031125602334 -0.8569553222995177 10088.209556929483 0.46632395944689903 557.0941590972334 0.6093686371473814 0.0 375.59833781025816 -1534.5978279872145 0.03018681112942925 -2050.787199406254 0.46676420408956015 3945001.599907758 -570.0507707186212 -0.02540453649160887 -0.012035400603859252 0.6525114950756965 1.1299916636336433 0.7011335540809985 -15.958415036409841 -34.056343945707624 1514.7927726333405 460.99911816208834 -1522506.5894350568 -3232867.0448374413 0.18618753562879747 -0.11258151823631701 -1.112581518236317 0.5405916499932298 0.5955302220368742
0.0163913085009 9947.15419405841 494334300206.02496 -34316338.96991306 7177530.141853387 13209914.448981384 0.28215201360042086 -0.19483286077919598 -0.8509648959543923 9947.15419405841 0.47025335600070145 557.9925700785939 0.6192884600463091 0.0 405.15736528247425 -1522.3584541571759 0.030435888750768806 -2023.9597807217158 0.4709152045341519 3864572.543961856 -570.9517723884642 -0.02557093179577103 -0.01209236021513791 0.6536356134757482 1.119696225264688 0.7050891342764376 -15.883687746146125 -33.95912377664013 1486.9671321098917 460.92726668614654 -1385977.4081883493 -3256881.1843131324 0.18338225747504674 -0.1049194840391432 -1.1049194840391432 0.546404224750512 0.6007804194861844
0.0165929215954 9806.443266318147 479953810179.7766 -32776844.888853945 7079429.3213125365 12899942.911668275 0.2845518402682702 -0.19056389501076737 -0.8450336041250686 9806.443266318147 0.4742530671137837 558.9092151412883 0.6292194629887151 0.0 434.9127015512271 -1509.7460557101033 0.030685608468801882 -1997.4633185386472 0.47521634896287485 3784125.8719092393 -571.8707332476745 -0.025740361870243127 -0.012150269269557286 0.6549480329383389 1.1094660504830083 0.7091435925210039 -15.808435712516813 -33.86099282964734 1459.45357812062 460.8520700840288 -1255613.8227898635 -3277062.9620990884 0.18069496582455524 -0.0973348356180812 -1.0973348356180812 0.552323025449231 0.6061281752331815
0.0167970145311 9666.101650672013 465819827314.8152 -31281466.458032794 6981515.991262237 12593724.391605563 0.2869945772068999 -0.1862919904707678 -0.8391593524637802 9666.101650672013 0.47832429534483323 559.844502459491 0.6391649428810531 0.0 464.88380303479573 -1497.878315432109 0.030935938302589366 -1971.2938426754338 0.47968655956623113 3703702.591352753 -572.8081788305958 -0.02591288896500793 -0.012209145941024596 0.656450890596366 1.0992975969140593 0.7132991238191597 -15.732660707617482 -33.761943330643994 1432.247607175482 460.7733690813426 -1131229.926534536 -3293544.644543728 0.17812659525153277 -0.08982489145852401 -1.089824891458524 0.5583499586934415 0.6115753190040707
0.0170036178098 9526.15435111551 451933236937.3207 -29829478.43009354 6883806.538492377 12291303.566925619 0.28948094832202614 -0.18201575366481665 -0.8333401167692609 9526.15435111551 0.48246824720337694 560.7988486826573 0.6491281304341161 0.0 495.08466846192505 -1485.8129741774835 0.03118684555569201 -1945.447430928456 0.484346018421834 3623344.2879185094 -573.7644078813885 -0.02608857656762638 -0.012269008783861933 0.6581463226567515 1.089187426086099 0.7175579004806488 -15.656364682335905 -33.661967372379664 1405.3449904194472 460.69099659841226 -1012644.3714266401 -3306455.5688331164 0.17567807545337458 -0.08238706056789136 -1.0823870605678914 0.5644869502859041 0.6171237024393017
0.0172127623089 9386.626484973258 438294792905.6531 -28420152.920081668 6786317.448918923 11992723.362606771 0.29201167939020284 -0.17773373107664295 -0.8275737422298775 9386.626484973258 0.48668613231700475 561.7726784291284 0.6591123900871272 0.0 525.5140580174902 -1473.7016477068446 0.03143829682243021 -1919.9202083382656 0.48921587794925325 3543093.946611226 -574.7398825017992 -0.02626748942427986 -0.012329876740404713 0.6600365964714806 1.079131902572481 0.7219222054523805 -15.579549770524528 -33.56105692051032 1378.7413827569767 460.60477735793165 -899677.11984211 -3315924.259834316 0.17335046415447586 -0.07501858357271018 -1.0750185835727102 0.5707360155392815 0.622775248920665
0.0174244792853 9247.543270867302 424905114593.2581 -27052766.03532011 6689065.278682565 11698024.906083262 0.2945874955877922 -0.17344444630083666 -0.8218580222800699 9247.543270867302 0.49097915931298697 562.7664247584082 0.6691211370329172 0.0 556.188685584689 -1462.117366304346 0.03169025799424193 -1894.7083466763097 0.49431795628805486 3462995.5043435413 -575.7350636258464 -0.026449693520681054 -0.012391769147723672 0.6621240556363321 1.0691273136491093 0.7263943768765004 -15.502218294382947 -33.459203774570554 1352.4324868250337 460.51452747339675 -792150.8751037344 -3322077.476321099 0.17114489632334517 -0.06771663434327246 -1.0677166343432725 0.5770992348032986 0.6285319359027505
0.0176388003805 9108.930014813937 411764687855.67633 -25726600.907020755 6592066.668845603 11407247.480959151 0.29720912147491296 -0.16914641952383763 -0.8161907418676584 9108.930014813937 0.4953485357915216 563.780528867314 0.6791577939238633 0.0 587.1246282038512 -1450.538775487062 0.03194269426798343 -1869.8080637935943 0.49967445070874184 3383093.5610640137 -576.7503242706616 -0.0266352561130894 -0.01245470574495847 0.6644110915469297 1.059169934204314 0.7309767792923829 -15.42437276912961 -33.35639959224473 1326.4141391151775 460.4200540135399 -689891.7998752813 -3325039.7535713846 0.1690625557554081 -0.060478375789325245 -1.0604783757893252 0.5835787421336973 0.6343957876576645
0.0178557576251 8970.812096855994 398873863582.7994 -24440944.156567514 6495338.328582501 11120428.484105282 0.29987727916429124 -0.16483814579290892 -0.8105696264498587 8970.812096855994 0.49979546527381874 564.8154400418769 0.68922583882396 0.0 618.3205514969721 -1438.5164784166225 0.03219557015528307 -1845.215623057993 0.505307690055469 3303433.5081644026 -577.7860418211426 -0.026824245723192634 -0.012518706680210653 0.666900174946344 1.049255951250182 0.7356718355124727 -15.346015908277078 -33.25263587132622 1300.6822171081767 460.3211545520041 -592728.7802887956 -3324933.871476216 0.16710470967252528 -0.053300894038030844 -1.0533008940380308 0.5901767453270584 0.6403688893818553
0.0180753834439 8833.21495648677 386232857265.4219 -23195078.37521287 6398897.030765905 10837603.382523341 0.30259268698730496 -0.16051804229579802 -0.8049922228607438 8833.21495648677 0.5043211449788416 565.8716156708288 0.6993289221180978 0.0 649.7821546152135 -1427.1464357804248 0.03244884949342985 -1820.9273327348044 0.5112399547557636 3224061.9015722894 -578.8428104361114 -0.027016732143962448 -0.012583792517754811 0.6695939330510804 1.0393812859648348 0.7404821045142694 -15.26715062854221 -33.14790394627416 1275.232426244967 460.21761668376536 -500491.84699520847 -3321881.879219822 0.16527278807223877 -0.04618104476883689 -1.0461810447688369 0.5968955776049828 0.6464534242888631
0.0182977106603 8696.164078779711 373841746389.78125 -21988296.271283664 6302759.5726469625 10558805.674057564 0.30535605605381794 -0.15618454124959247 -0.7994561006343802 8696.164078779711 0.5089267600896966 566.9495211507286 0.7094706594553165 0.0 681.5423509159525 -1416.0616315352174 0.032702495457548934 -1796.9395454607984 0.5174932652383885 3145025.5151657136 -579.9210548539688 -0.02721278640340408 -0.012649984244668877 0.6724950125787947 1.0295418975883381 0.7454101431665094 -15.187780055470327 -33.04219493869597 1250.0606855455253 460.1092175277411 -413015.2096378504 -3316003.0931703923 0.16356825248909818 -0.03911571274131953 -1.0391157127413195 0.6037376213595205 0.6526516190015258
0.0185227725014 8559.684979348227 361700474316.6554 -20819898.98333724 6206942.823770632 10284066.848120458 0.3081680916637653 -0.15183608263258958 -0.7939588379446662 8559.684979348227 0.5136134861062756 568.0496294785502 0.7196546481616094 0.0 713.5932527214977 -1404.2875069955649 0.032956470574698464 -1773.2486576506387 0.5240892452391726 3066371.290588831 -581.0210590288555 -0.02741248082471246 -0.012717303277724391 0.6756060907379651 1.0197337615482407 0.7504585172818847 -15.107907528713756 -32.93549982742659 1225.1630984492099 459.99572319706783 -330136.992369627 -3307414.300785504 0.1619926046316895 -0.032101793701386105 -1.032101793701386 0.6107053184786541 0.6589657526042283
0.0187506026032 8423.80318870971 349808846918.163 -19689177.69950112 6111463.674410084 10013416.347769136 0.3110294888644266 -0.14747098055016675 -0.7884977180587802 8423.80318870971 0.5183824814407111 569.1724213601476 0.729884763381931 0.0 745.9409474830363 -1393.1544389398248 0.033210736739383295 -1749.8511089091135 0.5310491383829044 2988147.417998312 -582.1435054386461 -0.027615888971892162 -0.012785771470277976 0.6789300702626759 1.0099524166079337 0.7556299987341092 -15.027536607270516 -32.82780938025324 1200.5354128507206 459.87688824649234 -251695.25885902188 -3296232.3150644107 0.16054758882196485 -0.025135802818694986 -1.025135802818695 0.6178012982834158 0.665398247216825
0.0189812350152 8288.544237367887 338166532645.42554 -18595437.86230533 6016339.023392976 9746881.535820728 0.3139409300592006 -0.14308759520133674 -0.7830701079425268 8288.544237367887 0.523234883432001 570.3183847555551 0.740164775489474 0.0 778.6146004046933 -1382.1530188217198 0.033465255230912504 -1726.743381519556 0.5383936333196133 2910401.709944127 -583.2887779842897 -0.02782308563473711 -0.012855411118473024 0.6824698265805219 1.0001935341031234 0.7609273101817117 -14.94667107545952 -32.71911414194502 1176.1737176772112 459.75245509076797 -177533.23704629714 -3282570.56446115 0.15923494314852096 -0.018214362859940936 -1.018214362859941 0.6250282244544629 0.671951559303831
0.0192147042059 8153.933639426068 326773064929.0935 -17537986.849659868 5921585.802542653 9484487.660682008 0.3169030846019875 -0.13868424534698656 -0.7776732631443961 8153.933639426068 0.5281718076699792 571.4880147469441 0.7504985445255832 0.0 811.6090569580276 -1370.8239892887752 0.033719986732828264 -1703.9219998507733 0.5461429084243659 2833182.2339850967 -584.4573109587263 -0.028034146854059843 -0.012926244967808418 0.6862283360285563 0.9904526254932677 0.7663532546281837 -14.86531494834839 -32.609404470602506 1152.0740933626494 459.6221533955353 -107496.73322868034 -3266540.791916221 0.15805652835857717 -0.011333952562805116 -1.0113339525628051 0.6323888831792945 0.6786282440693736
0.0194510450676 8019.996876549901 315627840345.10657 -16516131.441360295 5827220.9336510375 9226257.82561983 0.31991660419098533 -0.13425918519882726 -0.7723042696136684 8019.996876549901 0.5331943403183089 572.6818131857443 0.7608900707046407 0.0 844.9382668362146 -1359.877652764548 0.033974891353721816 -1681.3835298490958 0.5543166785563557 2756537.384498435 -585.649676732465 -0.0282491498636868 -0.012998296219142644 0.6902087086024823 0.9807249576477332 0.7719107486946843 -14.783472477696863 -32.49867048138191 1128.2325235980127 459.48569943568816 -41433.56911660783 -3248253.3941342295 0.1570143682841734 -0.004490831483329405 -1.0044908314833294 0.639886213690452 0.6854309773215785
0.0196902929219 7886.759381300709 304730120188.4756 -15529186.56926535 5733261.3317527035 8972212.959583463 0.3229821209222698 -0.12981067189793635 -0.7669601907691471 7886.759381300709 0.5383035348704497 573.9002880936883 0.7713433441013026 0.0 878.616508588612 -1348.9381718805043 0.03422992865093883 -1659.1245784728135 0.5629341487151001 2680515.1942655193 -586.8663185730286 -0.028468173084901127 -0.013071588534591122 0.694414088354119 0.9710057745302374 0.7776027221690192 -14.701148157835236 -32.386902056931554 1104.6451619567165 459.3427954255831 20804.50184248278 -3227816.1764373616 0.15611055348366928 0.002318770401037007 -0.997681229598963 0.6475232484683061 0.6923625138981352
0.0199324835249 7754.2465201959785 294079031090.5293 -14576468.947505005 5639723.896347765 8722371.790358322 0.3261002441031991 -0.1253369149284984 -0.7616379503643655 7754.2465201959785 0.5435004068386652 575.1439536084874 0.7818624564742997 0.0 912.6504343563023 -1337.9891909035293 0.03448505765583682 -1637.1417931700582 0.572014119387903 2605163.6181399464 -588.1077456564349 -0.028691296096258492 -0.013146146043105222 0.6988477266466347 0.9612901232669934 0.7834321922078247 -14.618346731683213 -32.27408883412097 1081.3081363477445 459.1931288122703 79363.14985160275 -3205335.228000244 0.1553473198079695 0.009098803829863167 -0.9909011961701368 0.6553031723334237 0.6994257311595986
0.0201776530722 7622.4835767272825 283673565843.50793 -13657299.64067936 5546625.497415519 8476750.820533803 0.32927155677594305 -0.12083609566176318 -0.7563343707682783 7622.4835767272825 0.5487859279599051 576.4133292291411 0.7924515571916267 0.0 947.0512340774588 -1327.1591405738093 0.03474023690124186 -1615.4318613854095 0.5815750172666833 2530530.2454316 -589.3744555083597 -0.02891859959702185 -0.01322199334555731 0.7035129524112567 0.9515729134991157 0.789402233547001 -14.53507319705227 -32.160220190255735 1058.2176260673057 459.0363715383867 134384.9059883677 -3180914.547646951 0.1547270244513515 0.015853350987130366 -0.9841466490128696 0.6632293109438938 0.7066236219965449
0.020425838205 7491.495733405909 273512584519.69183 -12771003.11697948 5453982.9640216725 8235364.304601128 0.33249661214762505 -0.11630635857096455 -0.7510461481541806 7491.495733405909 0.5541610202460417 577.7089390505827 0.8031148720918613 0.0 981.8303101324999 -1316.4099457372008 0.03499542445226558 -1593.991509979217 0.5916349680897106 2456662.232051975 -590.6669651528725 -0.029150165369085934 -0.013299155519821094 0.7084131838638844 0.941848882149257 0.795515990628463 -14.451332812641507 -32.045285232156985 1035.3698300585015 458.8721792675894 186009.3536953118 -3154656.1622694265 0.15425216361784266 0.02258665759223155 -0.9774133424077684 0.6713051497371912 0.7139593101059571
0.020677076015 7361.308054328999 263594815694.02844 -11916908.896597132 5361813.076932585 7998224.230040022 0.3357759295394359 -0.11174582526555554 -0.745769877685584 7361.308054328999 0.5596265492323932 579.0313116919168 0.8138566715468091 0.0 1016.9971831892233 -1305.5872782645822 0.03525057793847355 -1572.8175047688064 0.602211824849396 2383606.06710895 -591.9857580456517 -0.029386076227793382 -0.013377658124956593 0.7135519065707316 0.9321126334509117 0.8017766557881989 -14.367131104656453 -31.929272781966297 1012.761019505121 458.7001905717432 234372.76866931564 -3126659.884792893 0.1539253573383385 0.02930310052937124 -0.9706968994706288 0.6795343276634813 0.7214360472172344
0.0209314040499 7231.945467047864 253918858117.5443 -11094348.636937618 5270132.555595711 7765340.300144508 0.3391099904022137 -0.10715256712636753 -0.7405019868026148 7231.945467047864 0.5651833173370229 580.3809787823768 0.8246813305344081 0.0 1052.5587074135085 -1294.9026727947835 0.03550565458912539 -1551.906650024926 0.613323273380212 2311407.6271584416 -593.3313823642554 -0.029626415973695044 -0.013457527205136014 0.718932712169878 0.9223585410915812 0.8081875087505864 -14.282473873283474 -31.812171370269514 990.38743903094 458.5200260795745 279608.73578014795 -3097023.711583644 0.15374939483285519 0.036007273985783295 -0.9639927260142167 0.6879206801522265 0.7290572466333763
0.0211888603198 7103.432743873989 244483181686.26105 -10302659.028443739 5178958.040002962 7536719.918936956 0.34249923287254075 -0.10252463080016759 -0.7352387838115438 7103.432743873989 0.5708320547875679 581.7584746867141 0.8355932709760242 0.0 1088.5321846740328 -1284.353913685037 0.03576061127222188 -1531.2557879074304 0.6249868159450651 2240111.8674498233 -594.7043576286565 -0.029871269315040343 -0.01353878929321321 0.7245592591300292 0.9125808241214599 0.8147518774703282 -14.197367199079494 -31.69396920467885 968.2453994834527 458.33128758848983 321847.53676874324 -3065843.409575778 0.1537272043424613 0.04270392693777314 -0.9572960730622269 0.6964682205699797 0.7368264719941168
0.0214494833017 6975.794483938814 235286130263.29965 -9541182.897792943 5088306.095934507 7312368.180556227 0.3459440480323349 -0.0978600502142711 -0.7299764790425801 6975.794483938814 0.5765734133872249 583.1643355060623 0.8465969343446448 0.0 1124.922961719164 -1273.6431516400585 0.03601540453448929 -1510.8617980706404 0.6372197436333037 2169762.6088120607 -596.1051316487678 -0.03012072182099684 -0.013621471413052422 0.7304352535680619 0.9027735807681286 0.8214731192338867 -14.111817450137922 -31.574654183239076 946.3313206051117 458.13355712874426 361215.89514515974 -3033212.3539868686 0.153861840180837 0.049397935966304596 -0.9506020640336954 0.7051811369460006 0.7447474383274937
0.0217133119463 6849.055093677889 226325923050.1166 -8809263.522575423 4998193.190007787 7092287.858987527 0.34944477384712663 -0.0931567890826523 -0.7247110481053408 6849.055093677889 0.5824079564118777 584.5990975374441 0.8576969083065368 0.0 1161.7384066761579 -1263.0413487235523 0.03626999064636491 -1490.7215970908942 0.6500392791382817 2100402.777936816 -597.5342841660702 -0.030374859829611897 -0.013705601082012651 0.7365645314001172 0.8929305866873853 0.8283547042326078 -14.025831288487101 -31.454213864358735 924.6415267891828 457.9263959890321 397838.21194525145 -2999222.3199035926 0.15415657498823954 0.056094481760367465 -0.9439055182396325 0.7140638773624632 0.7528240779020987
0.0219803856832 6723.238768300857 217600656511.5222 -8106250.740778796 4908635.678287737 6876479.402731539 0.3530016888912779 -0.08841280107912587 -0.7194383563110618 6723.238768300857 0.5883361481521299 586.0632968093836 0.8688977918410681 0.0 1198.9917226226496 -1252.4854462444803 0.036524325649109284 -1470.8321380368682 0.6634623731095461 2032073.8912523377 -598.9923146236124 -0.030633770348054954 -0.013791206311908083 0.7429509677086995 0.8830454850825494 0.8354001246932982 -13.939415677402986 -31.33263544318471 903.1724588564405 457.7093436959057 431835.2655804749 -2963962.6252871836 0.15461481955656958 0.06279888883386131 -0.9372011111661387 0.723121088560131 0.7610604993205043
0.0222507444271 6598.369472325059 209108307316.4603 -7431498.063552327 4819649.800838698 6664940.931024337 0.35661500703404647 -0.08362600067046107 -0.7141540859847971 6598.369472325059 0.5943583450567441 587.557467091267 0.8802042590719471 0.0 1236.6910084403985 -1242.0098185645143 0.03677836540578993 -1451.1904099716096 0.6775056937119383 1964816.1029623793 -600.4797439914418 -0.030897540970531205 -0.013878315609596034 0.749598517249017 0.8731116806249477 0.8426129364998791 -13.852577888348742 -31.20990575498007 881.9205717351479 457.48191694604543 463324.8285428381 -2927520.53265992 0.15524017219227285 0.06951671940348758 -0.9304832805965124 0.7323576688514257 0.7694610317504429
0.0225244285836 6474.470920322349 200846734333.69733 -6784364.5738747865 4731251.6631164905 6457668.233648647 0.36028486989190633 -0.07879428373066426 -0.7088537710931893 6474.470920322349 0.6004747831531773 589.0821388260724 0.8916210120599879 0.0 1274.848233097382 -1231.4590192839203 0.03703206565562414 -1431.793437497656 0.6921854174558242 1898667.967014121 -601.9970470219148 -0.03116625974924007 -0.013966957976370467 0.7565111812856555 0.8631223955887248 0.8499967265462343 -13.765325508298732 -31.086011242810947 860.8824017185523 457.2436084896569 492421.2830451068 -2889980.9856338617 0.1560363981324782 0.07625372893566629 -0.9237462710643337 0.7417787558391887 0.7780302213305085
0.0228014790552 6351.5665573322385 192813682038.4571 -6164213.0803973675 4643457.238521107 6254654.773394688 0.3640113408786023 -0.0739155073748191 -0.7035327436160459 6351.5665573322385 0.6066855681310039 590.637837613428 0.903152824514958 0.0 1313.4639095783555 -1220.8314432149552 0.03728538207198539 -1412.6382802977955 0.7075170889994915 1833666.420668345 -603.5447204331658 -0.03144001509392493 -0.014057162906438611 0.763693034445537 0.8530705927137342 0.8575551407431186 -13.677666447063677 -30.960937966320923 840.0544978309506 456.99388596799577 519236.0170119422 -2851426.8686767924 0.15700746631453313 0.08301593546307418 -0.9169840645369258 0.7513897720733268 0.786772872365583
0.0230819372475 6229.679539088009 185006782301.8716 -5570409.044323355 4556282.331830918 6055891.691441502 0.36779439560378097 -0.06898747527381983 -0.698186086688164 6229.679539088009 0.6129906593396349 592.2250817377565 0.9148045726514709 0.0 1352.5527211738672 -1210.4816303161458 0.037538270324427234 -1393.7220326731408 0.7235154110181091 1769846.7464836694 -605.1233337125958 -0.03171889559644842 -0.014148960384302639 0.7711482425547399 0.8429489102523677 0.865291903105427 -13.589608944697327 -30.83467154863826 819.4333705091833 456.73219069759506 543877.6965466267 -2811939.1646989295 0.15815758321510495 0.08980968026810365 -0.9101903197318963 0.7611964658149114 0.7956940851858674
0.0233658450757 6108.83271227963 177423558153.71805 -5002327.094615553 4469742.586440491 5861367.816024735 0.37163391485201386 -0.0640080172191984 -0.6928088010086095 6108.83271227963 0.6193898580866898 593.8443809491424 0.9265810570780801 0.0 1392.1244599388326 -1199.8822155654386 0.037790686145454305 -1375.0418230734397 0.7401935481207682 1707242.0411925605 -606.7332699001817 -0.03200298990175728 -0.014242380880782899 0.7788809425806323 0.8327499154840176 0.8732106955989026 -13.501161579129148 -30.70719718502583 799.0157503582839 456.4579364010728 566450.8706347242 -2771596.0483241347 0.1594910844939426 0.0966414134745257 -0.9033585865254743 0.7712048142900679 0.804799193923253
0.0236532449701 5989.048594759226 170061427075.3814 -4459342.801195111 4383853.47331043 5671069.674213556 0.3755296760332505 -0.05897488997717416 -0.6873955718503877 5989.048594759226 0.6258827933887509 595.4962339892943 0.9384872215383633 0.0 1432.1754643531528 -1189.2788315237071 0.03804258539977264 -1356.5948137057492 0.7575630383853649 1645883.6161746904 -608.3750525289404 -0.032292386544254904 -0.01433745534763732 0.7868953842083962 0.8224657599793315 0.8813153023759599 -13.412333273944657 -30.57849963197768 778.7982608087864 456.17050788956107 587057.7606647909 -2730474.046481825 0.16101259081964536 0.10351799473283707 -0.8964820052671629 0.7814211902854227 0.8140939022307341
0.0239441798833 5870.349355361502 162917703412.69028 -3940837.0815026797 4298630.258921413 5484981.506268339 0.37948134176364823 -0.053885830020561847 -0.6819408693251718 5870.349355361502 0.6324689029394137 597.1811259470844 0.9505280336142419 0.0 1472.7239648516227 -1178.9301125594397 0.03829392416021849 -1338.3782000400238 0.7756329808540625 1585800.6323043983 -610.0491783095547 -0.03258717372324557 -0.0144342152109285 0.7951958477460516 0.8120883363412866 0.8896095283041758 -13.323133306048861 -30.448563153809094 758.7775848842782 455.8692596863039 605797.362218021 -2688647.4346246202 0.16272694480663788 0.11044656422737331 -0.8895534357726267 0.7918523066528589 0.8235842544244684
0.0242386932958 5752.7567942700725 155989602848.23853 -3446199.220369421 4214088.015461047 5303085.284035257 0.3834884517247037 -0.04873859794520103 -0.6764390350259337 5752.7567942700725 0.6391474195411728 598.8995259173935 0.9627083845152391 0.0 1513.7728787198387 -1168.245515268845 0.038544658786624796 -1320.3892104317206 0.7944090435079807 1527019.8074784852 -611.7559828082813 -0.03288743913576261 -0.01453269236227972 0.8037865747225453 0.8016094126918429 0.8980971303417826 -13.233571313883571 -30.317371543970502 738.9505991674098 455.5535145955683 622764.8037363774 -2646187.825107699 0.16463915518137254 0.11743443116240049 -0.8825655688375995 0.8025051661075561 0.8332766133392111
0.0245368292234 5636.292322472049 149274245678.00177 -2974819.3872146644 4130241.6014018934 5125360.731054601 0.38755041126635703 -0.04353087826370264 -0.6708840424620903 5636.292322472049 0.6459173521105951 600.651883924025 0.9750333096485049 0.0 1555.3188828895122 -1157.6028340498394 0.03879474601070588 -1302.625105640104 0.8138930045200491 1469565.7846680284 -613.4959599467977 -0.033193269740497605 -0.014632919149070923 0.812671909648885 0.7910202796562705 0.9067819624165107 -13.143657305085544 -30.184908095851753 719.314053789158 455.22256221915404 638052.995071017 -2603165.230269751 0.16675455753829 0.12448938300187318 -0.8755106169981268 0.8133872438720969 0.8431778161035954
0.0248386322228 5520.976942259131 142768660009.31638 -2526094.2706748247 4047105.6379698445 4951785.347404884 0.39166647827678136 -0.03826035601480624 -0.6652696478503566 5520.976942259131 0.6527774637946356 602.4386279073138 0.9875078159442789 0.0 1597.3769733173476 -1147.1307312578624 0.039044143024958955 -1285.0831784703912 0.8340812722869987 1413460.7185512749 -615.2695295901858 -0.03350475147822084 -0.014734928361825765 0.8218561817386927 0.7803119838439898 0.9156678578522175 -13.053401665039338 -30.051155558195088 699.8648044384006 454.8756574120809 651751.4687762312 -2559647.2929856754 0.169078717944057 0.13161949136543227 -0.8683805086345677 0.8245063887065658 0.8532951199127502
0.0251441473991 5406.8312269424805 136469786418.68129 -2099428.0918730833 3964694.511092066 4782334.436386839 0.3958357527916854 -0.03292473769556017 -0.659589421237075 5406.8312269424805 0.6597262546528091 604.2601596727112 1.0001368334157341 0.0 1639.9479242316356 -1136.4039442298993 0.03929280757828114 -1267.7607533098894 0.8549634128055972 1358724.1351394816 -617.0769833432618 -0.03382196903905454 -0.01483875322015969 0.8313436685960834 0.7694753803046763 0.9247585946673222 -12.962815164912175 -29.91609615197133 680.5998661185989 454.5120186834312 663946.1819566994 -2515699.1618696116 0.17161741394327432 0.13883307217182528 -0.8611669278281747 0.8358708060321667 0.8636362136764355
0.0254534204122 5293.875300934757 130374481681.40338 -1694227.871932894 3883022.3595128767 4616981.134792141 0.4000571632530471 -0.027521682823745754 -0.6538365740572825 5293.875300934757 0.6667619387550785 606.1168521176158 1.012925364697796 0.0 1683.0283550261408 -1125.6334824392054 0.03954069807570621 -1250.655185743093 0.8765209570124104 1305373.152640111 -618.9186995009069 -0.03414500555388487 -0.014944427356178973 0.8411386899397373 0.7585008815008977 0.9340579924677338 -12.871908970015985 -29.779711541032686 661.5161977832188 454.1308265417629 674720.5830518806 -2471384.176002195 0.17437675118465876 0.14613890838049892 -0.8538610916195011 0.8474891960954061 0.8742093518452355
0.0257664974832 5182.128820145737 124479522603.43785 -1309906.5748834908 3802103.0495701255 4455696.446577099 0.4043294516173346 -0.02204885236105634 -0.6480040446798802 5182.128820145737 0.6738824193622244 608.0090438803272 1.0258783746823443 0.0 1726.6239893633724 -1114.9236379266506 0.039787773684330834 -1233.7638621744463 0.8987253758061355 1253422.249705277 -620.7950067132138 -0.03447394225193811 -0.015051984795160935 0.8512455292813023 0.7473785938990789 0.9435698357897823 -12.780694648446351 -29.64198279852774 642.6108382597603 453.7312217816092 684154.9907107241 -2426763.4495099364 0.17736310991907792 0.1535461400734104 -0.8464538599265896 0.8593706909782935 0.8850233390860863
0.0260834254023 5071.610951913571 118781610506.57985 -945883.8347664028 3721950.172880685 4298449.278743896 0.40865115928901924 -0.016503925719977525 -0.64208451536146 5071.610951913571 0.6810852654816988 609.9370354315886 1.0390007501202387 0.0 1770.7356888206539 -1104.109446076228 0.0400339944462434 -1217.0841993789313 0.9215360027946633 1202883.1819321776 -622.7061460597988 -0.034808858123835246 -0.0151614599340735 0.8616684014910907 0.7360983512149571 0.9532978439611456 -12.689184179336733 -29.502890401651673 623.8809437207842 453.3123037163 692326.4790170391 -2381895.7942713182 0.18058313600939196 0.1610642429679553 -0.8389357570320447 0.8715248374473382 0.8960875550410052
0.0264042515347 4962.340355812228 113277375588.0332 -601584.7950720116 3642577.035671831 4145206.481304755 0.41302061148416264 -0.010884586771223795 -0.6360703579866642 4962.340355812228 0.6883676858069377 611.9010841924799 1.0522973278202736 0.0 1815.359718451536 -1093.1752630581495 0.0402793213959182 -1200.613644174207 0.9448980005309966 1153765.022370495 -624.6523248056252 -0.035149829538818136 -0.015272887516471208 0.8724114650677598 0.724649641711017 0.9632456863722081 -12.597389961780374 -29.36241421559211 605.323733584174 452.87312835711464 699309.1785886892 -2336837.910246125 0.18404377926082208 0.16870309880644907 -0.8312969011935509 0.8839616316436776 0.9074120248185741
0.0267290238286 4854.335163872441 107963381250.89207 -276439.8901146427 3563996.642646568 3995932.8891359926 0.41743590043574813 -0.005188523514738288 -0.6299536084560823 4854.335163872441 0.6957265007262469 613.9013986230088 1.0657728922701644 0.0 1860.4922269014287 -1082.183667309752 0.04052371668558802 -1184.3496729888989 0.9687402191250754 1106074.15945081 -626.6337295921762 -0.03549692982592771 -0.015386302604973316 0.8834788136820257 0.7130215791087078 0.9734169770634026 -12.505324823189447 -29.220533472190105 586.9364768689127 452.4127065390229 705174.3799617533 -2291644.4454869158 0.18775231295577893 0.1764730288336317 -0.8235269711663683 0.8966915247036775 0.9190074737837018
0.0270577908217 4747.6129616713415 102836128507.79883 30114.239250779152 3486221.68556275 3850591.3677073983 0.4218948673892191 0.000586550928968909 -0.6237259866603937 4747.6129616713415 0.7031581123153652 615.9381329115641 1.0794321256549715 0.0 1906.1301227915715 -1071.1275984190715 0.04076714371632123 -1168.2897915219726 0.9929730545844855 1059814.2481710962 -628.6504823161188 -0.03585022881316791 -0.015501740549671605 0.8948744356795424 0.7012029425521356 0.9838152372383042 -12.413002028255056 -29.07722674609128 568.716535951945 451.930001997358 709990.397999713 -2246367.900024461 0.19171632336417718 0.18438476851996732 -0.8156152314800327 0.9097253771509164 0.9308853490159038
0.0273906016488 4642.190769240666 97892060693.0283 318634.47986766696 3409264.532715557 3709142.861096738 0.426395084620834 0.0064428863715993035 -0.6173788963902741 4642.190769240666 0.7106584743680566 618.0113800810512 1.0932795779777824 0.0 1952.2666036730454 -1059.9592886690973 0.041009567276684915 -1152.431534354708 1.0174867380112718 1014986.2082283387 -630.7026237809785 -0.03620979234952783 -0.015619236953282115 0.9066021863563701 0.6891821864627257 0.994443870931305 -12.320435287596126 -28.93247194661795 550.6613825203474 451.4239293973138 713822.5709420476 -2201058.621512651 0.19594371198831342 0.19244946815852249 -0.8075505318414775 0.9230744162916084 0.9430578503274204
0.0277275060491 4538.085022394182 93127568047.50748 589671.7794622518 3333137.218290202 3571546.4430306354 0.43093383578206695 0.012382698689518213 -0.6109033892559845 4538.085022394182 0.7182230596367782 620.1211654982772 1.1073196703807937 0.0 1998.892586244845 -1048.6704084892976 0.04125095368832867 -1136.772464589491 1.0421504597081919 971588.2825980099 -632.7901406320148 -0.036575681773047604 -0.015738827632191792 0.9186657814293148 0.6769473973383842 1.005306162411955 -12.227638766554897 -28.786246298884382 532.7685702563606 450.8933523232996 716733.4397479434 -2155764.915316663 0.20044272179253653 0.20067873991854335 -0.7993212600814567 0.9367502086848872 0.9555379806206384
0.0280685543735 4435.311554367735 88538992415.14223 843770.6934088953 3257851.429640256 3437759.3706793464 0.43550809547412717 0.01840815344593523 -0.6042901708225544 4435.311554367735 0.725846825790212 622.2674390520119 1.1215566549676574 0.0 2045.9968677706543 -1037.2745035008606 0.041491270958905334 -1121.3101734984791 1.0668126012114014 929616.0570236708 -634.9129406290705 -0.03694795334075228 -0.015860548573237813 0.9310687611360624 0.6644863143037613 1.016405244242046 -12.134627094008078 -28.638526329152388 515.0357591985611 450.3370812282985 718782.7164519773 -2110533.018159474 0.20522193534585037 0.20908465047975022 -0.7909153495202498 0.9507645732478894 0.9683395563697917
0.0284137975923 4333.885577720914 84122631963.43723 1081469.422872115 3183418.496482908 3307737.1410177294 0.44011450777366207 0.02452135803344171 -0.5975295862570362 4333.885577720914 0.7335241796227702 624.4500672097099 1.1359945933657338 0.0 2093.5676167987044 -1025.7888238358794 0.041730488942969865 -1106.0422801636746 1.0913028588199092 889062.5211640848 -637.070853282717 -0.03732665761268141 -0.015984435886009358 0.9438144659703498 0.6517863195112978 1.0277440774353586 -12.041415371097203 -28.489287849892566 497.46071473085004 449.7538713520754 720027.3612262595 -2065407.1423265925 0.21029028634757957 0.21767974011523794 -0.7823202598847621 0.9651294868818585 0.9814772181369401
0.0287632873027 4233.821666678982 79874745993.13074 1303299.062174961 3109849.381334549 3181433.5498573054 0.4447493640513945 0.03072433484191624 -0.5906116470941039 4233.821666678982 0.7412489400856574 626.6688243549675 1.1506372929915536 0.0 2141.589026897775 -1014.1087515349273 0.04196857951052916 -1090.9664311369622 1.1154368315159007 849918.1048828054 -639.2635840852884 -0.037711838793658775 -0.016110525750178833 0.9569059837648266 0.6388344906126033 1.0393254030351886 -11.948019179985137 -28.338505950131708 480.0413530018056 449.1424206178353 720521.4903384197 -2020429.410755733 0.2156570436791692 0.2264769887683924 -0.7735230112316076 0.9798569174452396 0.994966386086603
0.0291170757365 4135.133739826688 75791559784.34952 1509784.713214349 3037154.6691368166 3058800.7532940134 0.4494085800099237 0.03701903544032248 -0.583525965702874 4135.133739826688 0.7490143000165395 628.9233830877099 1.1654883343136655 0.0 2190.0396447110447 -1002.2784937106555 0.04220551672377635 -1076.0803001009244 1.1390241728385386 812170.8217139584 -641.4907754588293 -0.03810353402871892 -0.01623885435766258 0.970346156047545 0.6256175152154646 1.0511517539466375 -11.854454592503933 -28.18615498929597 462.7756796313912 448.5013675111335 720316.6871108914 -1975640.0550517756 0.22133185603100555 0.2354899011761994 -0.7645100988238006 0.9949587136652529 1.0088232628587261
0.029475215768 4037.835043219338 71869269232.53423 1701444.6803602353 2965344.551240922 2939789.3315141513 0.4540876705222913 0.04340731142162912 -0.5762617827997742 4037.835043219338 0.7568127842038189 631.2133039879966 1.1805510014040446 0.0 2238.9011906456667 -990.3742789174618 0.04244127702230166 -1061.3815875312948 1.1618805198500115 775806.3360112244 -643.7519600951063 -0.03850177262068238 -0.01636945784922511 0.9841375195958142 0.6121217461317219 1.0632254017578402 -11.760738178691037 -28.032208573613808 445.66183600980236 447.82928895041397 719461.910443455 -1931077.347143026 0.22732473539199524 0.24473247206217086 -0.7552675279378291 1.0104463587356096 1.023064719716492
0.029837760922 3941.938134043393 68104045874.462265 1878789.4491450153 2894428.823593569 2824348.3549681096 0.45878172577284587 0.049890874274773095 -0.5688080212750907 3941.938134043393 0.7646362096214098 633.538025272921 1.195828188346319 0.0 2288.1497752730384 -978.261277048686 0.0426758394171538 -1046.8680203658853 1.1838437682431364 740808.0304523312 -646.0464914067318 -0.038906575235536776 -0.016502372245023145 0.998282231360609 0.5983332953721662 1.0755482871480075 -11.66688701527658 -27.876639566802233 428.6981685259556 447.12469817015705 718003.345920517 -1886777.5008721258 0.23364602173919924 0.2542191173611883 -0.7457808826388117 1.0263306483131793 1.0377081048442418
0.0302047653813 3847.454864744756 64492041696.86646 2042323.0565733276 2824416.8737381306 2712425.4526474075 0.46348538560234603 0.056471313928092286 -0.5611532069780854 3847.454864744756 0.7724756426705768 635.8968503169028 1.2113224356924914 0.0 2337.754031515566 -965.9108600449491 0.0429091856926526 -1032.5373517036742 1.2047946141859185 707157.2043401984 -648.3736214239557 -0.03931795303072742 -0.0166376333688503 1.012782078238281 0.5842379295769359 1.0881220364610988 -11.572918693978433 -27.719420087435854 411.8831503671545 446.3860426165854 715984.7798952673 -1842774.910522967 0.24030643556770423 0.26396477705827637 -0.7360352229417236 1.0426214620556749 1.05277110313687
0.0305762839955 3754.3963675441746 61029393844.67795 2192542.7290401384 2755317.6691812463 2603966.8822127543 0.46819281257631773 0.06315007529522602 -0.5532854809384868 3754.3963675441746 0.780321354293863 638.2889352611712 1.2270358733553761 0.0 2387.6818463901363 -953.4338254020098 0.043141300618537055 -1018.3873604607525 1.2246791949139149 674833.2031284601 -650.7324767282437 -0.03973590671279857 -0.01677527676586611 1.0276384240375673 0.5698211033097762 1.1009479153480102 -11.47885132944444 -27.560521500575316 395.2154052330841 445.61170187949625 713447.6062120686 -1799102.1483695805 0.24731706974370438 0.2739849001481184 -0.7260150998518816 1.0593273940620815 1.068271434568282
0.0309523722887 3662.7730397618566 57712229411.75156 2329938.1065393277 2687139.7493647295 2498917.602302832 0.4728976650344688 0.06992841934020401 -0.5451926459617227 3662.7730397618566 0.788162775057448 640.7132758293545 1.2429701290957254 0.0 2437.900775565444 -940.788485200582 0.04337217217016316 -1004.4158510814045 1.2435302913545958 643813.5423124079 -653.1220025046307 -0.0401604255436457 -0.01691533761285239 1.0428521327993137 0.5550680439234346 1.1140267590015611 -11.3847035671816 -27.399914421507805 378.69376299828167 444.79998567898235 710430.7424992025 -1755789.9053782742 0.25468935774186563 0.28429538526781273 -0.7157046147321873 1.076455304538225 1.0842264163885829
0.0313330864678 3572.5945296861273 54536670287.727486 2454990.8848169483 2619891.2178527345 2397221.346519626 0.47759307055256806 0.0768073906185549 -0.5368621994440528 3572.5945296861273 0.7959884509209468 643.1686923266088 1.259126251476894 0.0 2488.36847618961 -927.8476709963339 0.043601791758600926 -990.6206532340707 1.261480579959443 614074.0621304081 -655.5409273048394 -0.04059148630026281 -0.017057850620978154 1.0584235006934326 0.5399638155257638 1.1273589115602622 -11.290494591135394 -27.23756873456263 362.3172946637938 443.94913191808956 706970.6340603831 -1712866.9911364862 0.2624350497724858 0.2949125390889702 -0.7050874609110298 1.0940098621092318 1.1006524169913634
0.0317184834314 3483.869722800916 51498837850.222435 2568176.2888178844 2553579.7355125295 2298820.6987134144 0.48227159858340946 0.08378784033445563 -0.5282812416025571 3483.869722800916 0.8037859976390158 645.6538147412664 1.2755047560364587 0.0 2539.038184874297 -914.7290070323265 0.04383015446978874 -976.9996214955395 1.2787582010248244 585589.1726735237 -657.9878559531691 -0.0410290521591387 -0.017202849931034166 1.0743522681658815 0.5244931965241637 1.14094424710138 -11.196244130623224 -27.073453607200626 346.085219149571 443.0573048360416 703101.6563364599 -1670360.5914085037 0.27056627052686566 0.30585319539273603 -0.694146804607264 1.1119932385910987 1.1175643103399908
0.0321086207776 3396.6067291561176 48594857474.36734 2669961.384680791 2488212.5067734616 2203657.1702649607 0.48692523163134194 0.09087035249996815 -0.519436596861318 3396.6067291561176 0.8115420527189032 648.1670662234458 1.2921054558575853 0.0 2589.8637612306793 -901.3887350291554 0.0440572593130579 -963.5506350857709 1.2956532139372963 558331.9764978533 -660.461147118387 -0.04147307148378647 -0.017350368999527962 1.0906374884921763 0.5086408777190095 1.1547820462183642 -11.101972467343817 -26.907537491562028 329.99702545894587 442.12259327329565 698855.8455505632 -1628296.085004851 0.279095435773273 0.31713455930467394 -0.6828654406953261 1.1304045967838467 1.1349745744125244
0.0325035568131 3310.8128710589267 45820863335.096504 2760805.466048287 2423796.278727151 2111671.278239056 0.49154534006825723 0.0980552286179179 -0.5103148105798228 3310.8128710589267 0.8192422334470955 650.706645412642 1.3089274228672727 0.0 2640.787357341913 -887.7569800559124 0.044283109479532554 -950.2715975642674 1.3124515996319963 532274.4818847348 -662.9589254320247 -0.041923476615471855 -0.017500440476550163 1.107277481868764 0.4923914713873692 1.1688709594617506 -11.007700441507694 -26.73978817670165 314.0524603089443 441.14300909193656 694263.0609008537 -1586697.1500723842 0.28803524842166855 0.32877421218694924 -0.6712257878130508 1.1492398273671858 1.1528923985647044
0.0329033505619 3226.4946715976585 43173002727.03032 2841160.518378172 2360337.328194481 2022802.6247980755 0.49612265367290503 0.10534247695057945 -0.5009021307363494 3226.4946715976585 0.8268710894548418 653.270508343367 1.3259689587184926 0.0 2691.749723131834 -873.9108339034474 0.04450771260952413 -937.16043655173 1.3293579094900774 507387.83545092365 -665.4791078060903 -0.042380182520072335 -0.017653096074262995 1.1242697943327202 0.47572949961957695 1.1832089763459677 -10.913449457505822 -26.5701727973185 298.2515015429582 440.1164857659687 689351.1816458823 -1545585.8838860227 0.2973987048778784 0.34079013601967034 -0.6592098639803297 1.1684914668173318 1.171322724314868
0.0333080617738 3143.6578441270062 40647440621.77697 2911470.0310721174 2297841.459637894 1936989.977796562 0.5006472370671373 0.11273174091422311 -0.4911846306604483 3143.6578441270062 0.8344120617785622 655.8563489850923 1.3432274311181138 0.0 2742.6847999266342 -859.7586131961255 0.04473108106970037 -924.2151034674736 1.3464612788287775 483642.4885647195 -668.0193006063948 -0.042843085428465544 -0.01780836642537654 1.1416110669918307 0.4586395920644851 1.1977933043004245 -10.819241489158497 -26.398657890840163 282.5944607519189 439.04087719524426 684145.9367090851 -1504982.6907221444 0.3071990052132686 0.35320055578570453 -0.6467994442142955 1.1881486799171834 1.1902651236699793
0.0337177509337 3062.307282204225 38240363942.23836 2972170.070567405 2236313.995668221 1854171.3518154076 0.5051084646601631 0.12022230581564258 -0.4811481569432581 3062.307282204225 0.8418474411002719 658.4615783897409 1.3606992841570138 0.0 2793.5184532373487 -845.3229263256784 0.044953232239064694 -911.4335732492689 1.3637771099419678 461008.46607094613 -670.5768686697078 -0.04331206137753284 -0.017966280932199184 1.159297018860212 0.4411064217147967 1.2126203629928605 -10.725099083849942 -26.225209439424447 267.08191401898546 437.91395676280496 678671.2284376544 -1464906.4873621268 0.31744957775994015 0.36602400731365614 -0.6339759926863439 1.2081977478982906 1.2097129944331213
0.0341324792702 2982.447050760562 35947985785.16938 3023688.3586582188 2175759.77194094 1774284.0902521855 0.5094949975417602 0.12781303070081287 -0.4707784466526531 2982.447050760562 0.849158329236267 661.0833035086761 1.378379882583614 0.0 2844.173369933605 -830.6103133586281 0.04517418880456958 -898.8138441057979 1.381302051396895 439455.56216016685 -673.1488500714011 -0.04378696469058345 -0.018126867604506262 1.1773223189136839 0.42311489356689075 1.2276856674013783 -10.631045366298196 -26.049792926543972 251.7147869609408 436.7334166929915 672949.0267942782 -1425374.6298368585 0.32816398967741683 0.37927918673870853 -0.6207208132612915 1.228622658788434 1.229652857024933
0.0345523087652 2904.080377733167 33766549573.53926 3066444.4805133473 2116183.1321118204 1697264.947456022 0.5137947632932254 0.13550231882371455 -0.4600611630483756 2904.080377733167 0.856324605488709 663.7183042686859 1.3962634424403335 0.0 2894.5631810498085 -815.5689953763398 0.045393979065051035 -886.3539372460939 1.3990305745831089 418953.587182903 -675.7319554478395 -0.04426762641342369 -0.01829015288739348 1.1956805141987243 0.4046502094096605 1.2429837680554163 -10.53710404093958 -25.872373412343833 236.4943552105982 435.49686775009076 666999.5041108017 -1386402.9981224341 0.3393559087100152 0.39298490498525096 -0.607015095014749 1.2494060717329476 1.2500642631846464
0.034977302163 2827.209646907231 31692333027.66657 3100849.810736999 2057587.9229004567 1623050.1714651973 0.5179949375991076 0.14328807568242305 -0.44898196159329334 2827.209646907231 0.8633248959985128 666.3630103766579 1.4143429344052194 0.0 2944.594832552841 -800.2018526927089 0.04561263724414649 -874.0518966347895 1.4169559345069416 399472.61366677185 -678.3225457777588 -0.04475385267256253 -0.018456161477423853 1.2143639387005831 0.38569797705710246 1.2585081725081773 -10.443299393641785 -25.692915610232465 221.42226646726317 434.2018393301747 660841.1128979147 -1348006.0420789772 0.3510390427020703 0.40716000313246326 -0.5928399968675367 1.270530386333193 1.270920403364655
0.0354075229796 2751.8363914766087 29721652050.542385 3127307.472244216 1999977.490083586 1551575.5866370802 0.5220819298637321 0.15116766623447653 -0.43752656372150717 2751.8363914766087 0.8701365497728869 669.0134767523496 1.4326099860513797 0.0 2994.16792822447 -784.5047283913706 0.04583020381038243 -861.9057887498666 1.4350700796253393 380983.2324040425 -680.91661137526 -0.045245422995559476 -0.01862491612782905 1.2333636206152143 0.3662443289912986 1.27425126573809 -10.349656292017622 -25.511383984078492 206.50056135868505 432.84577999962704 654490.6684762734 -1310196.8316924777 0.36322707084232747 0.4218232576698575 -0.5781767423301425 1.2919787372952534 1.2921895811070607
0.0358430355122 2677.961288715427 27850864433.01213 3146212.1359489225 1943354.6730832472 1482776.67634716 0.5260413720558179 0.15913786206664265 -0.4256808577123761 2677.961288715427 0.8767356200930299 671.6653581209619 1.4510547623806538 0.0 3043.175316859475 -768.4675541508503 0.04604672580563145 -849.9137023433576 1.4533635345664222 363456.8169838871 -683.5097360864912 -0.045742088568362246 -0.018796437441807763 1.252669174203324 0.3462760798708877 1.2902042156007205 -10.256200184641271 -25.327742850763013 191.7317091076294 431.42605854723917 647963.3998763012 -1272987.0853256239 0.3759335541102941 0.4369932507116092 -0.5630067492883908 1.3137356364608306 1.31383747633947
0.036283904849 2605.5841554315266 26076373478.18552 3157949.953667676 1887721.80393217 1416588.6652300265 0.5298581134674369 0.1671947915004787 -0.41343100180254644 2605.5841554315266 0.8830968557790616 674.3138832187797 1.469665853976515 0.0 3091.500641172568 -752.0422858616271 0.046262257179577146 -838.073748202689 1.4718252901716968 346865.80799428397 -686.0970701774537 -0.046243570479802626 -0.018970743654570906 1.2722686960015117 0.3257808841107992 1.3063568831594519 -10.162957098587343 -25.141956511266066 177.1186345365013 429.9399656049684 641273.025653349 -1236387.215977068 0.3891718402224501 0.4526882371667281 -0.5473117628332719 1.3357870954207824 1.3358298862495483
0.0367301968787 2534.703944621499 24394631405.145786 3162898.744539572 1833080.703329815 1352946.6011497441 0.5335162197155159 0.17533390130761908 -0.40076350778383285 2534.703944621499 0.8891936995258598 676.9538283478201 1.4884301917420268 0.0 3139.0189627941463 -735.2491860136792 0.04647685913056448 -826.384058929492 1.4904427195475778 331184.030854366 -688.6733283260002 -0.0467495579097719 -0.019147850403199513 1.2921486776622262 0.30474736183379625 1.3226977503777655 -10.069953635629899 -24.953989383739145 162.66471998723097 428.38471591578826 634431.8878964958 -1200406.4132630914 0.40295497813636644 0.4689260369606242 -0.5310739630393758 1.3581202045525096 1.3581353135991616
0.0371819783003 2465.3187430205403 22802142631.364635 3161427.70725378 1779432.6774449798 1291785.4364012256 0.5369989787942608 0.18354989254607804 -0.38766539255576854 2465.3187430205403 0.8949982979904347 679.5794899531106 1.5073329054346662 0.0 3185.599671214535 -718.1031665351044 0.04669060045101699 -814.8427887182804 1.5092014382988055 316387.0246673771 -691.2327421398988 -0.0472597063148584 -0.019327770485119355 1.3122938812049356 0.2831653228368412 1.339213810256453 -9.97721696652433 -24.763806161777172 148.37385274015872 426.7574513174928 627450.9818963682 -1165052.6583288321 0.4172955832145008 0.48572383943604347 -0.5142761605639565 1.3807222185837476 1.3807265028569335
0.0376393166334 2397.425769744099 21295466894.32342 3153897.170706596 1726778.5174914477 1233040.1081216584 0.5402889145487192 0.19183665336185168 -0.3741243474162098 2397.425769744099 0.9004815242478653 682.1846577683291 1.5263571768316555 0.0 3231.10226936228 -700.5297925123497 0.04690355787749412 -803.4481131307487 1.5280851589794413 302452.41181106266 -693.769012218466 -0.0477736356132117 -0.019510513604967902 1.3326872102656626 0.26102601304169315 1.3558904533317748 -9.88477482341478 -24.571371993015898 134.25047290529858 425.05524452392916 620339.9934270873 -1130332.7436279263 0.4322056860177972 0.5030979846811935 -0.4969020153188065 1.4035795185285362 1.4035804369834297
0.038102280228 2331.0213759694875 19871222222.098263 3140658.9965328984 1675118.5004250123 1176645.6176613856 0.543367809060647 0.2001872281716632 -0.36012883970837356 2331.0213759694875 0.9056130151010783 684.7625878487243 1.5454841753927049 0.0 3275.3756927966383 -682.5386006029546 0.04711581644226292 -792.1982288920912 1.5470756267053902 289360.34362541884 -696.2753256509623 -0.0482909283965547 -0.019696086110341786 1.3533096356626126 0.23832225452886754 1.3727114093093475 -9.79265549008654 -24.376652684626762 120.29955592575567 423.27510378148537 613107.4742688324 -1096252.3831857138 0.4476966205615345 0.5210638318505786 -0.4789361681494214 1.4266768476430083 1.4266769848327898
0.0385709382748 2266.1010457459683 18526087650.714157 3122056.4070664383 1624452.3844693243 1122537.1087922205 0.546216732364922 0.20859375489325083 -0.345668296333401 2266.1010457459683 0.9103612206082033 687.3059752615143 1.5646929242748022 0.0 3318.2635124076696 -664.1555326916688 0.04732746982676247 -781.0913536823814 1.5661524853241668 277093.99850861897 -698.7443195592818 -0.04881112813256974 -0.01988449071670221 1.374140074751928 0.2150487042973674 1.3896586423123718 -9.700887789959928 -24.179614909011192 106.52664903211075 421.4139784936085 605760.8983517266 -1062816.2421920616 0.46377885414372455 0.5396355217187317 -0.46036447828126825 1.4499967423528541 1.4499967551126498
0.0390453608156 2202.6593978898495 17256805858.409157 3098423.6388063924 1574779.4124717817 1070649.944519577 0.5488160849604162 0.2170473870567975 -0.3307333398151407 2202.6593978898495 0.9146934749340271 689.8069284162927 1.5839601351188863 0.0 3359.600109517745 -645.3446424523585 0.04753862071435045 -770.1257259340342 1.5852931119328777 265640.16320616857 -701.168020779573 -0.0493337374733444 -0.020075726222235964 1.3951552506743952 0.19120218474470205 1.4067122258540972 -9.609501071536773 -23.9802264590466 92.93793161350783 419.4687658970668 598306.673783181 -1030027.9406956879 0.48046177574036814 0.5588256711222768 -0.44117432887772323 1.4735191460567099 1.473519146687811
0.0395256187536 2140.6901890160607 16060185567.845985 3070086.2277992703 1526098.3115831232 1020919.7823527076 0.5511456506724094 0.22553825586014184 -0.3153159509365875 2140.6901890160607 0.9185760844540157 692.2569437390343 1.6032601335174281 0.0 3399.2110407127757 -626.0884956004725 0.047749381140394336 -759.2996046397731 1.6044725404164724 254989.96424572507 -703.5378548521558 -0.049858216620131186 -0.020269787213410693 1.416329611896822 0.166781898253543 1.4238502787232785 -9.518525191131062 -23.778456515491573 79.54020630310885 417.4363188833031 590750.2926607224 -997890.1451012008 0.49775352744280627 0.5786451618160827 -0.4213548381839173 1.4972212462701002 1.4972212462833425
0.0400117838643 2080.186317652106 14933103777.666315 3037360.8485927284 1478407.295172038 973282.647806094 0.5531846626147867 0.23405540431440974 -0.2994097128046993 2080.186317652106 0.9219744376913113 694.6468822184486 1.622564724886612 0.0 3436.9132651250998 -606.3794037097877 0.047959872838095094 -748.611269154392 1.6236633250511772 245139.7467514426 -705.8446079415007 -0.05038398180852463 -0.020466663762495067 1.4376352133667496 0.1417897566432787 1.441048861911712 -9.427990492557193 -23.574275945715534 66.34093715860678 415.3134550559484 583096.382823405 -966404.5959515907 0.5156607756754382 0.5991028239718238 -0.4008971760281762 1.5210772616631352 1.5210772616632198
0.0405039288058 2021.1398295889808 13872507792.427076 3000555.5072729625 1431704.064348564 927675.0060790395 0.5549118823643495 0.24258674812922387 -0.2830100150674276 2021.1398295889808 0.9248531372739159 696.9669479125175 1.6418431222064882 0.0 3472.517363129577 -586.2483886176926 0.048170227577018665 -738.0590190184153 1.6428354644588667 236092.187349729 -708.0784315861846 -0.05091040392401906 -0.020666341117901894 1.4590416397156212 0.11623064350983633 1.4582819176966382 -9.337927783749727 -23.36765762535408 53.34824505758479 413.09696711933253 575348.8355084293 -935572.1842356129 0.5341885024417052 0.620205170709761 -0.379794829290239 1.5450583079836768 1.545058307983677
0.0410021271301 1963.5419243083875 12875417068.47598 2959969.120640952 1385985.809826457 884033.8316138614 0.5563056940576316 0.2511189912752549 -0.266114380955184 1963.5419243083875 0.9271761567627195 699.2066687801439 1.6610617758075354 0.0 3505.8275090325137 -565.6493148664557 0.048380587492762826 -727.6411737665159 1.6619562271067954 227857.67026463157 -710.2287755769526 -0.05143680729912635 -0.0208687993894556 1.4805158655196942 0.0901128525118698 1.4755211446151335 -9.248368309823036 -23.158576790653882 40.57097498021716 410.7836346847692 567510.7992822314 -905392.9403745959 0.5533397087569748 0.641955973841186 -0.35804402615881403 1.5691321306039054 1.5691321306039054
0.0415064532938 1907.3829626452903 11938924900.886276 2915891.865041836 1341249.217712954 842296.6754961613 0.5573442155901999 0.2596376030444565 -0.2487226829978001 1907.3829626452903 0.9289070259836665 701.3548813758096 1.6801843429858665 0.0 3536.6387597237303 -544.5954747416757 0.04859110540377509 -717.3560727573038 1.68099011436124 220456.0776711106 -712.2844143094835 -0.051962468757430914 -0.02107401322995915 1.502022210136282 0.0634483491688115 1.4927359671924187 -9.159343722548988 -22.94701143507113 28.018669882891288 408.37023758573605 559584.8355861151 -875866.1293519859 0.5731151841526155 0.6643559827141516 -0.33564401728584836 1.5932630086978181 1.5932630086978181
0.0420169826693 1852.6524755556302 11060199856.299765 2868605.0715200016 1297490.4710679231 802401.730442531 0.5580054239179764 0.26812676518699147 -0.23083744612961354 1852.6524755556302 0.930009039863294 703.3997190313473 1.6991715937336807 0.0 3564.7442094745243 -523.1064659421351 0.04880194511270113 -707.2020749992489 1.6998987586682932 213919.07068183523 -714.2334247693052 -0.0524866168629792 -0.021281951515695854 1.5235222527970622 0.036253155906655864 1.5098934646129234 -9.070886045795438 -22.732942711700325 15.70159294164398 405.85357077756134 551572.9795740035 -846990.2812582027 0.5935132129337682 0.687402529989319 -0.31259747001068094 1.6174115698526133 1.6174115698526133
0.0425337915561 1799.3391741389728 10236487084.117968 2818381.0331111997 1254705.255089866 764287.8933437287 0.5582673006637235 0.2765693128522123 -0.2124641946450444 1799.3391741389728 0.9304455011062059 705.3286039277034 1.7179813064611618 0.0 3589.929085102169 -501.1208677830318 0.049013281689452286 -697.1775589819338 1.718640810114644 208293.02505944483 -716.0631516379871 -0.0530084315424244 -0.02149257702785547 1.544974744542864 0.008547791598831666 1.526958294906294 -8.983027636903785 -22.51635539812414 3.6307627420708286 403.23046090340756 543476.7751811836 -818763.2074465754 0.614529243436658 0.7110890803248167 -0.28891091967518334 1.6415345814310227 1.6415345814310227
0.0430569571923 1747.4309607056998 9465109380.359867 2765483.516823966 1212888.7630175147 727894.8250744507 0.5581079931807877 0.28494674864680203 -0.1936116595712365 1747.4309607056998 0.9301799886346462 707.1282466492894 1.7365683290634097 0.0 3611.9757650399106 -478.7088848980871 0.049225301730724064 -687.2809225104419 1.7371719859700319 203642.87730759245 -717.7602747447402 -0.05352704401231236 -0.021705846138556115 1.566335632890486 -0.019642506854693917 1.543892731518622 -8.895801143415797 -22.29723836969845 -8.182113864599842 400.4977845873402 535297.4637350827 -791182.1140209289 0.6361556442558398 0.7354049586495292 -0.26459504135047085 1.6655849472841755 1.6655849472841755
0.0435865577658 1696.914941235636 8743468079.812622 2710167.2236775216 1172035.7012893467 693163.0076936835 0.5575059941452977 0.2932391652753029 -0.17429221664050842 1696.914941235636 0.9291766569088294 708.7846509094181 1.754884440268321 0.0 3630.667310253838 -455.8594256468315 0.04943820359430821 -677.5105825524381 1.755444919527991 200057.02720147668 -719.3107389574494 -0.05404153712310777 -0.021921708503327565 1.5875579589891844 -0.048287227342180244 1.5606565693129375 -8.809239455478972 -22.07558511134242 -19.72457129366893 397.652488490473 527035.9433519453 -764243.5662585411 0.6583813020803548 0.7603347805670096 -0.23966521943299035 1.689511437475839 1.689511437475839
0.0441226724263 1647.7774387850106 8069043789.672031 2652678.0794547065 1132140.2957142098 660033.798605337 0.556440341251938 0.301425254857387 -0.15452216143089992 1647.7774387850106 0.92740056875323 710.2831244869166 1.77287840732233 0.0 3645.7826454783403 -432.5457786564433 0.049652197601718094 -667.8649750760408 1.773409202665398 197653.67322692144 -720.6998010018522 -0.05455094621854171 -0.022140106765422062 1.6085918896784117 -0.07735028077139348 1.5772071645798986 -8.72337565297216 -21.85139428083358 -30.98343164497794 394.691611184789 518692.90176263195 -737943.5670924969 0.6811913209251816 0.7858580922047312 -0.21414190779526876 1.713258660957961 1.713258660957961
0.0446653812971 1600.0040081980626 7439396890.46993 2593253.323336189 1093196.2983862294 628449.481830553 0.5548908316959864 0.3094823130153444 -0.13432201803402932 1600.0040081980626 0.9248180528266441 711.6083004003588 1.7904960347926147 0.0 3657.103500926618 -408.81972072717207 0.04986750620643732 -658.3425548985452 1.7910114178285501 196588.78666885465 -721.912060566082 -0.055054260450853015 -0.022360976274514863 1.6293847489840592 -0.10678965722450384 1.5934994721146496 -8.638242947731836 -21.624670277290576 -41.94483539024617 391.6123068425696 510268.9072272485 -712277.6058280021 0.7045666961574151 0.8119489664323262 -0.18805103356767383 1.7367670192589704 1.7367670192589704
0.0452147654871 1553.5794519073834 6852167891.149561 2532121.3945722883 1055196.9973689073 598353.3161492295 0.5528382557563181 0.31738623229349366 -0.1137168997275223 1553.5794519073834 0.9213970929271968 712.7441671567116 1.8076801931996744 0.0 3664.4149366731967 -384.6775249871617 0.050084364121833334 -648.941795537692 1.808195148029602 197065.78342044583 -722.9314671544769 -0.055550424731930885 -0.022584244825041556 1.6498810428994197 -0.1365570147177822 1.6094860725818627 -8.553874620331937 -21.395423862344852 -52.59424775444006 388.4118707253747 501764.4501180931 -687240.6762083664 0.728483949972223 0.8385755315057916 -0.16142446849420844 1.7599726244329883 1.7599726244329883
0.0457709071026 1508.4878369527494 6305077583.720766 2469502.0762665975 1018135.2225664866 569689.5801198609 0.5502646444303361 0.32511153825391476 -0.09273679562883541 1508.4878369527494 0.9171077407172268 713.6741074628562 1.8243709450883914 0.0 3667.506131703589 -360.11669121834575 0.05030301840466315 -639.6611890723821 1.8249010824223961 199346.475179142 -723.7413753526655 -0.056038342290941026 -0.022809832418315298 1.6700225552837937 -0.1665973867958224 1.6251172685648183 -8.470303951489157 -21.163672797151577 -62.916513483131894 385.08776643282164 493180.03866473766 -662827.3286044053 0.7529148145665668 0.8656995947880495 -0.13430040521195052 1.7828073355052763 1.7828073355052763
0.0463338892599 1464.7125130410973 5795927036.023065 2405606.57664456 982003.3548742139 542403.6137957873 0.5471535317379462 0.3326314365528352 -0.07141685467954562 1464.7125130410973 0.9119225528965771 714.3809490765914 1.8405056982170316 0.0 3666.1738701075615 -335.1902076778487 0.05052372848879808 -630.4992459949058 1.84106714752842 203761.4692738401 -724.3246015428217 -0.05651687795681225 -0.023037651054331167 1.6897484694433795 -0.19684890227954058 1.6403412029203777 -8.387564147655606 -20.92944251548548 -72.89591303243054 381.63765485203004 484516.2767056192 -639031.7111199093 0.7778259165468023 0.8932762695199106 -0.10672373048008943 1.8051988224164877 1.8051988224164877
0.0469037960978 1422.2361317807695 5322597398.84443 2340637.518971676 946793.3366122347 516441.85717324645 0.5434902268289692 0.33991786584406564 -0.049797671204252936 1422.2361317807695 0.9058170447149487 714.8470291119297 1.8560193735106958 0.0 3660.2271402924584 -309.9270219515551 0.050746766164268216 -621.4544950711697 1.856628651934515 210715.13118655598 -724.6634772167331 -0.056984862161051794 -0.023267604558027857 1.708995507562369 -0.22724250809860347 1.6551039912536578 -8.305688260959746 -20.692766807814312 -82.51621533774909 378.05942466489336 475773.91974920034 -615847.5958543438 0.8031784628474203 0.9212535992983939 -0.0787464007016061 1.8270706440133426 1.8270706440133426
0.0474807127898 1381.0406670324717 4883049574.585528 2274788.888471828 912496.6813594108 491751.8852923563 0.5392620966664053 0.34694156085229144 -0.02792556353773057 1381.0406670324717 0.8987701611106756 715.0542690397587 1.8708445975729453 0.0 3649.4854083225523 -284.30493283042375 0.05097241549582199 -612.5254832111888 1.8715184545124426 220673.7211630872 -724.7399026137331 -0.05744109580792014 -0.02349958844590442 1.7276980954650072 -0.25770170839696255 1.6693498755676535 -8.22470910337195 -20.45368854762321 -91.76073085492112 374.3512242845545 466953.91524934623 -593268.3965841373 0.8289279343543315 0.9495721912112911 -0.050427808788708894 1.8483423523219669 1.8483423523219669
0.0480647255571 1341.1074362413979 4475323704.44481 2208246.4351126067 879104.4841645937 468282.43988460157 0.5344588514135826 0.35367220405330324 -0.00585265975352256 1341.1074362413979 0.8907647523559711 714.9842643701771 1.8849120926024487 0.0 3633.7830576882156 -258.38711966350786 0.05120097267581169 -603.7107753312915 1.8856673301895597 234113.11211066644 -724.5354949251367 -0.057884355958618336 -0.023733489839631593 1.7457886669469593 -0.2881425944883731 1.6830215142189613 -8.1446591548596 -20.212260416184634 -100.61245917766058 370.5114950125835 458057.5385399294 -571287.2480801138 0.8550239145909883 0.9781650976551846 -0.021834902344815443 1.8689298500111557 1.8689298500111557
0.0486559216815 1302.4171228961493 4097538499.93232 2141187.504294689 846607.4323107041 445983.4576454015 0.5290728292640536 0.3600785187637721 0.01636288723200674 1302.4171228961493 0.8817880487734228 714.6183888326539 1.8981509360054296 0.0 3612.9752453500973 -232.2182940266377 0.05143274580689095 -595.0089542233274 1.8990042052348173 251383.45437435803 -724.0316505369315 -0.058313402391358446 -0.023969187431907294 1.763197891872805 -0.3184736804391509 1.6960601898747556 -8.065570465906124 -19.968545631469254 -109.05415068213483 366.53900517079654 449086.4015246145 -549897.0029875451 0.8814098430993822 1.0069575313299628 0.006957531329962796 1.8887455801033857 1.8887455801033857
0.0492543895182 1264.9498000029243 3747890446.843346 2073781.1645906381 814995.8179736824 424806.0950651529 0.523099278551457 0.36612842694840225 0.03865683240169848 1264.9498000029243 0.8718321309190951 713.9379129232809 1.9104889633207935 0.0 3586.937250966152 -205.82364740089727 0.05166805460857409 -586.4186204299754 1.9114565370774903 272437.4755671103 -723.2096698764974 -0.05872698514239996 -0.02420655151121773 1.7798550093629804 -0.3485959589089125 1.7084061182009758 -7.987474554353503 -19.722618699906555 -117.0684307466156 362.43288490985094 440042.5179807819 -529090.2676076356 0.9080228784438853 1.0358667709635667 0.03586677096356672 1.9076989018826618 1.9076989018826618
0.0498602185092 1228.6849545056925 3424652852.039206 2006188.323313924 784259.5490291598 404702.7497976312 0.5165366274428376 0.37178923129082486 0.06095884369392557 1228.6849545056925 0.860894379071396 712.9241365941303 1.9218532227653218 0.0 3555.569155271005 -179.23740688007507 0.05190723004312995 -577.9383921151832 1.9229507476952676 296433.41363317805 -722.0508955709668 -0.05912385294228407 -0.02444544405199285 1.7956882054085608 -0.37840305856468676 1.7199987958595848 -7.910402296672719 -19.47456614615618 -124.63793730962732 358.1926613405833 430928.3623945258 -508859.4336264773 0.9347938263371648 1.0648021606228486 0.0648021606228486 1.9256965396942447 1.9256965396942447
0.0504734991969 1193.6015126837274 3126174769.717828 1938561.842380979 754388.1630817493 385627.07861669804 0.5093867385213002 0.3770278236168393 0.08319258800586482 1193.6015126837274 0.8489778975355005 711.5585378079409 1.9321704855413653 0.0 3518.7972650115994 -152.51212672125658 0.05215061385650412 -569.5669049363128 1.933412715665783 321509.3721715998 -720.5368637531144 -0.0595027626406442 -0.024685718875865497 1.8106250381139837 -0.40778151452063044 1.7307773907480726 -7.834383814061647 -19.224487244036602 -131.74547157276504 353.81829359116654 421746.9213881618 -489196.7071915345 0.9616471405784831 1.09366521381494 0.0936652138149402 1.9426431113504408 1.9426431113504408
0.051094323237 1159.6778664843373 2850879788.129713 1871046.6875248402 725370.8399368224 367534.01198247913 0.5016551380015187 0.3818109263070126 0.10527592808740771 1159.6778664843373 0.8360918966691979 709.8229349076904 1.9413678247566057 0.0 3476.580295426269 -125.72548590428867 0.05239855802902128 -561.3028119302578 1.9427683409152021 345394.189414415 -718.6494770417889 -0.05986248950899536 -0.024927221889856112 1.8245929187052934 -0.43661119102084384 1.7406811826417274 -7.759448353722022 -18.972494706075132 -138.37417040545597 349.3102073211988 412501.7473597104 -470094.14023535105 0.9885010220360955 1.1223498612677374 0.12234986126773728 1.958441757936935 1.958441757936935
0.0517227834128 1126.8919007269537 2597264713.2044654 1803779.851862921 697196.4147032156 350379.76524219656 0.49335121687445066 0.3861053128915869 0.12712111475989596 1126.8919007269537 0.8222520281240845 707.6996613171094 1.9493731428839807 0.0 3428.9088520109517 -98.88174239890718 0.05265142413455545 -553.1447833830179 1.9509440620754352 366702.72054672433 -716.3711398710784 -0.06020183850428142 -0.025169791407030052 1.8375195692652535 -0.46476568151453856 1.7496499742334168 -7.685624165717015 -18.718715358824316 -144.50764112923622 344.6693281899722 403196.9547788181 -451543.62739944726 1.0152675411411691 1.1507426934318317 0.15074269343183155 1.9729947215559163 1.9729947215559163
0.0523589736488 1095.2210211060415 2363898136.564451 1736890.7550065822 669853.3928397768 334121.84650298045 0.48448839411842554 0.3898781477143897 0.1486352999306061 1095.2210211060415 0.8074806568640426 705.1717542318297 1.956115956794649 0.0 3375.807720721523 -72.07005574426525 0.05290958260215709 -545.0915067130078 1.9578676392677261 385133.91540513205 -713.6850063566798 -0.06051965636643189 -0.02541325855470393 1.8493336606537139 -0.49211316885058987 1.7576246781158602 -7.6129383758884925 -18.46329076698167 -150.13020887669035 339.8971137314908 393837.3116573643 -433536.9669329269 1.0418530037896712 1.1787236176843383 0.1787236176843383 1.986204274548381 1.986204274548381
0.0530029890247 1064.6421830622712 2149418893.479505 1670501.1844256567 643329.9636891584 318719.0613014223 0.47508423373035047 0.39309725725326466 0.16972096614747634 1064.6421830622712 0.7918070562172508 702.2231532034522 1.9615280223647271 0.0 3317.3424773429138 -45.36880173498731 0.053173411881009935 -537.1416863517677 1.963468781894049 400711.54263507767 -710.5751414067947 -0.06081484443191227 -0.025657447773415033 1.859965353901661 -0.5185171346269649 1.7645478004358592 -7.541416855746945 -18.20637778324164 -155.22707727178542 334.99558302094886 384428.22569448047 -416065.85498513526 1.0681582976844102 1.206166409140227 0.206166409140227 1.9979734653574779 1.9979734653574779
0.0536549257897 1035.1319213499842 1952534445.640982 1604725.4118867426 617614.0155530323 304131.51408174646 0.46516051431800803 0.39573145273973825 0.19027654043199915 1035.1319213499842 0.7752675238633467 698.8389064849082 1.965544064295346 0.0 3253.6159105887864 -18.797913134922403 0.05344329750558004 -529.2940436236449 1.9676798900728354 413503.7696308872 -707.0267222766105 -0.06108637222355082 -0.025902177410697034 1.8693469203948747 -0.5438373186024476 1.7703639982816655 -7.4710840898181745 -17.948149058889275 -159.7845295940762 329.96734352113117 374975.75701901887 -399121.9014717041 1.094079396531528 1.2329395003709824 0.23293950037098254 2.0082070242343293 2.0082070242343293
0.0543148813769 1006.6663803072545 1772019163.1985154 1539670.4805594655 592693.1508583538 290320.6066033728 0.4547432384190341 0.39775091197614765 0.21019722895583326 1006.6663803072545 0.7579053973650568 695.0053848080794 1.9681026263208903 0.0 3184.772035722633 7.533987381550503 0.05371963106126106 -521.54731662695 1.970436926404048 423604.54208815633 -703.0262878813055 -0.06133329149427278 -0.026147260411311858 1.877413449180427 -0.5679309758887686 1.775020719785843 -7.401963041435616 -17.688793441376905 -163.79017781297864 324.815614455743 365486.6605986383 -382696.66737984517 1.1195080518153704 1.2589070575274566 0.2589070575274566 2.0168124548925137 2.0168124548925137
0.0549829544179 979.2213447978809 1606712538.4773624 1475436.1979183706 568554.7018656898 277249.03339015465 0.44386258082555197 0.3991275045787314 0.22937581635932625 979.2213447978809 0.7397709680425867 690.7104976453082 1.9691467844019128 0.0 3110.998171630789 33.56136912533234 0.05400280905194771 -513.9002601149981 1.971680158274824 431130.36018672836 -698.5619198874363 -0.0615547507039637 -0.026392505104491697 1.8841034708482691 -0.5906540472198512 1.7784687549941043 -7.334075018004139 -17.428516285877926 -167.23314348656024 319.54424603464355 355968.3549052923 -366781.65813307866 1.1443325028056823 1.2839300124966027 0.28393001249660255 2.0237009805391892 2.0237009805391892
0.0556592447572 952.772271734532 1455517331.650474 1412115.3330276655 545185.7458953912 264880.77431699156 0.43255277025330374 0.3998351720700217 0.247703685706265 952.772271734532 0.7209212837555062 685.9439083533493 1.9686249694617715 0.0 3032.521587878483 59.248787480789964 0.054293231670670954 -506.35164538151224 1.9713550203363477 436216.89250045357 -693.623469344645 -0.0617500097085826 -0.026637716087796758 1.8893596593061723 -0.6118626231445663 1.780662861038163 -7.267439536721279 -17.167539652772742 -170.1042843103599 314.1577339008139 346428.92468001426 -351368.3429419999 1.1684383755506662 1.3078673813654416 0.30786738136544156 2.028788665120948 2.028788665120948
0.0563438534677 927.2943221153597 1317397654.7339237 1349793.86326141 522573.12191579514 253181.08445467634 0.4208519007942979 0.39985032832390927 0.265071987691209 927.2943221153597 0.7014198346571632 680.6972465789181 1.966491822348372 0.0 2949.6113599016103 84.47808400089058 0.0545913014780711 -498.900260134664 1.9694130192424675 439015.4272211617 -688.2027932876706 -0.06191845443017476 -0.02688269520545378 1.893129558801797 -0.6314145930892014 1.7815624091775615 -7.202074191885764 -16.90610236914102 -172.3964307838656 308.6612281416598 336877.124591245 -336448.17852652934 1.191709724144634 1.3305777772334002 0.3305777772334001 2.031997611890563 2.031997611890563
0.0570368828654 902.762393586991 1191377003.0105772 1288551.0211246046 500703.44645775296 242116.48134183447 0.40880167165355025 0.39915220165413423 0.281372786411335 902.762393586991 0.6813361194225838 674.9643118450124 1.9627089058339187 0.0 2862.579192844651 109.16703735433072 0.05489742199260273 -491.54490838236615 1.965812502613198 439689.1923191553 -682.2939306619802 -0.062059611259301005 -0.02712724261653362 1.8953662188527183 -0.6491712194245303 1.7811319360269777 -7.137994525218405 -16.644459936311655 -174.10456234330243 303.060536281166 327322.3300821496 -322012.602386018 1.2140300994301343 1.3519208947201593 0.3519208947201593 2.033257014142743 2.033257014142743
0.0577384365246 879.1511534331942 1076536252.9587016 1228459.41173833 479563.12993226526 231654.72980880426 0.39644705937819424 0.39772318034005927 0.29650031278799216 879.1511534331942 0.6607450989636571 668.7412634403241 1.9572454117516493 0.0 2771.773384278154 133.28268037855773 0.05521199619973316 -484.2844103126277 1.9605194311294607 438409.7626767944 -675.8932781776858 -0.06217316105645738 -0.027371157947501005 1.8960288268030034 -0.664998835503207 1.7793416904177644 -7.075213900415901 -16.382884301162363 -175.2259835638958 297.36211972387565 317774.4918042905 -308053.03338528244 1.2352837278393463 1.3717591350997453 0.37175913509974534 2.0325042340634027 2.0325042340634027
0.0584486192939 856.4350718358315 972011618.7661774 1169585.3515504508 459138.3940906114 221764.8244679172 0.38383592043445897 0.3955492110921952 0.3103524388204947 856.4350718358315 0.6397265340574316 662.026795311233 1.9500789728779262 0.0 2677.5778698595973 156.72092397935543 0.055535424986405096 -477.1176021662166 1.9535082641368204 435353.7187513769 -668.9998110318919 -0.06225895231946738 -0.027614241522495 1.895083407998679 -0.678770836249886 1.7761682477423626 -7.0137433830567515 -16.121663431413033 -175.76054543426227 291.5730831835811 308244.128543351 -294560.9010625043 1.2553568739412473 1.3899595180747197 0.3899595180747196 2.0296860521321514 2.0296860521321514
0.0591675373112 834.5884555488534 876992582.7483057 1111988.919866521 439415.2883827264 212416.9701234149 0.3710185303527836 0.3926200855870126 0.3228319970781265 834.5884555488534 0.6183642172546393 654.8222880804778 1.941196214332766 0.0 2580.410704967695 179.40380126117242 0.05586810551178881 -470.04333612101607 1.9447625863543978 430699.44237409526 -661.6152024386832 -0.06231701326204226 -0.027856295659779193 1.8925033504519915 -0.6903694013687363 1.771594947398925 -6.95359162779873 -15.861100694599427 -175.71076562306777 285.7011567341721 298742.24874380074 -281527.6325606487 1.2741391331973522 1.4063953956702733 0.4063953956702733 2.0247596129249126 2.0247596129249126
0.0598952980201 813.5854817129873 790719812.5410258 1055724.1544328257 420379.70661692455 203582.56017720958 0.35804706865461716 0.3889297369752097 0.3338482026788111 813.5854817129873 0.596745114424362 647.1319344352402 1.930593317103173 0.0 2480.717499038047 201.26349514092885 0.05621042952373111 -463.0604801616305 1.9342757501472798 424624.27394222736 -653.7439538098686 -0.06234756259231823 -0.028097126025193053 1.8882699322830854 -0.6996873421596704 1.76561233446765 -6.894764773733953 -15.601514048197323 -175.08195960004076 279.7546702541507 289280.29274076864 -268944.65753838804 1.2915248178587235 1.4209482997412106 0.4209482997412106 2.0176934141655725 2.0176934141655725
0.0606320101858 793.4002318930577 712483064.0142981 1000839.2430143836 402017.4043463451 195234.15327052356 0.3449750549818797 0.3844764963949152 0.3433180586822121 793.4002318930577 0.5749584249697995 638.962835737651 1.9182764836520114 0.0 2378.9684522828393 222.22324997059243 0.05656278163348151 -456.1679179547622 1.922051419421452 417302.02137498173 -645.3934937204914 -0.062351018552942485 -0.028336543028064338 1.8823727766781675 -0.7066298963465844 1.7582185310663299 -6.837266349698669 -15.34323499593404 -173.88234076979523 273.7425201470828 279870.0660328954 -256803.41069029656 1.307414351708368 1.4335097693952004 0.43350976939520025 2.008468194365 2.008468194365
0.061377783911 774.0067261903413 641619084.8275039 947376.6771226986 384314.01589886687 187345.44830538015 0.3318567502928954 0.37926328836333884 0.35116767741053767 774.0067261903413 0.5530945838214923 630.3250636210487 1.90426226123203 0.0 2275.651365465138 242.23503105490565 0.056925537560763864 -449.3645487241447 1.9081039672948563 408900.82818168984 -636.5742294204599 -0.0623280060341941 -0.028574363245890064 1.8748102034318688 -0.7111163773896375 1.7494195072941987 -6.781097190686871 -15.086607328348874 -172.12307336796633 267.6741283777234 270523.6557693183 -245095.32716205675 1.3217156196103765 1.4439830709329777 0.44398307093297773 1.99707765475447 1.99707765475447
0.0621327306531 755.3789573677336 577509519.088151 895373.5205725208 367255.0714932998 179891.25803204565 0.3187465325518508 0.37329781767925874 0.35733362069190716 755.3789573677336 0.5312442209197514 621.2316851364319 1.8885778416116585 0.0 2171.267228630163 261.19976843071555 0.05729906236479177 -442.6492871124004 1.892458845570581 399581.4655216576 -627.2995972442989 -0.062279361350021906 -0.02881041086189441 1.8655895529914666 -0.7130818380111108 1.7392293299027823 -6.726255366678437 -14.831985609556575 -169.81832452234198 261.5593940038526 261253.3653943008 -233811.85256037218 1.3343453320717151 1.452284942872329 0.452284942872329 1.9835291637920804 1.9835291637920804
0.0628969632402 737.4909249827772 519578824.6494691 844861.4788771773 350826.01418528834 172847.48141279118 0.30569826242472947 0.36659261909904317 0.3617639499612375 737.4909249827772 0.5094971040412158 611.698747824814 1.8712610540024532 0.0 2066.324729827489 279.0739558868254 0.05768370867475008 -436.0210630541392 1.8751526352174515 389495.9257208747 -617.5860085336928 -0.06220613446968015 -0.029044519097721887 1.8547272943678685 -0.7124782929555948 1.7276701993831045 -6.672736125278573 -14.579733422150591 -166.98521205740303 255.40863758272567 252071.6002859102 -222944.42375066935 1.3452301903266526 1.4583469670808649 0.45834696708086475 1.9678440711220806 1.9678440711220806
0.063670595888 720.3166693855909 467292210.7391556 795867.1463125218 335012.2169294028 166191.07491696565 0.29276465453257833 0.3591651116238473 0.36441927837510024 720.3166693855909 0.48794109088763055 601.7452230812983 1.8523603692627306 0.0 1961.3307792735209 295.82338756158504 0.05807981493603415 -429.47882163920747 1.8562330987262385 378786.43229948136 -607.4528085966552 -0.062109588515133055 -0.02927653162444852 1.8422491252283162 -0.709275947858527 1.7147724870669976 -6.620531849050466 -14.330221378757921 -163.64376557868985 249.23253896527243 242990.78630468113 -212484.47338158055 1.3543080343406857 1.4621169423573863 0.4621169423573863 1.9500580332450168 1.9500580332450168
0.0644537442175 703.8303055024078 420153594.86419976 748412.2572660717 319798.9997985425 159900.02292965198 0.2799966648865775 0.35103759378227345 0.3652736678323448 703.8303055024078 0.46666110814429584 591.392908818056 1.8319347759766407 0.0 1856.787266687292 311.3598642572719 0.05848770368758666 -423.0215229678771 1.8357590904489114 367584.77848822705 -596.9221979170597 -0.06199119613757371 -0.029506303934044856 1.8281899700904063 -0.7034642044632825 1.7005746785133917 -6.569632028450227 -14.083824858342922 -159.81685009083975 243.0420691495671 234023.2867653507 -202423.43425203318 1.3615288619461103 1.4635600575761596 0.4635600575761596 1.9302211657204555 1.9302211657204555
0.0652465252713 688.0060564626569 377703592.5069248 702513.7560372992 305171.6461778458 153953.3075056066 0.2674429130521148 0.3422370883514708 0.3643151399630985 688.0060564626569 0.44573818842019136 580.6662883682511 1.8100533283832898 0.0 1753.183747239767 325.66247108832346 0.05890767988701237 -416.6481420172548 1.8138001195052196 356011.893752388 -586.0190470482597 -0.06185263278450762 -0.029733704651450584 1.8125937435590926 -0.6950521060847115 1.6851230897321245 -6.520023251535769 -13.840921515100995 -155.5299835159039 236.84841704717323 225181.27795410014 -192752.7176412668 1.3668555551389012 1.462659566088891 0.462659566088891 1.9083977545090824 1.9083977545090824
0.0660490575322 672.8182867989309 339517542.5420698 658184.0772753342 291115.42010738654 148330.87757011192 0.25514915195619325 0.3327952116531985 0.3615461711460807 672.8182867989309 0.42524858659365544 569.5923504965756 1.7867947577397363 0.0 1650.9895947089678 338.70760474973514 0.05934002929832682 -410.3576684858341 1.790435962376922 344177.7378153514 -574.7707422900294 -0.06169576674267644 -0.029958616772345324 1.7955131360357441 -0.6840687855836726 1.668471617088016 -6.471689210427285 -13.60188856322342 -150.81118524097184 230.66291212260327 216476.66935771165 -183463.7207586555 1.3702645494420886 1.4594174382565026 0.45941743825650266 1.884666024850158 1.884666024850158
0.0668614609398 658.2415353460843 305203569.99297595 615431.338721711 277615.5825890396 143013.61781616978 0.2431577950426827 0.32274793903514243 0.3569838718667126 658.2415353460843 0.4052629917378045 558.2003707337185 1.7622468636045172 0.0 1550.6501285663724 350.4422820968976 0.05978501695768635 -404.1491066536607 1.765756036238805 332181.3814421473 -563.2069642280143 -0.0615226457936589 -0.030180938807073312 1.7770092334040284 -0.6705634717126702 1.6506813314097206 -6.424610725504872 -13.367099827535824 -145.6907577468178 224.49694398456614 207921.00689465756 -174547.82193614647 1.371746241666224 1.4538546053839432 0.4538546053839433 1.859117597121748 1.859117597121748
0.0676838569094 644.2505476206522 274400695.97947603 574259.499655189 264657.40745914343 137983.31740929047 0.23150751511042358 0.3121352876767355 0.350659876155081 644.2505476206522 0.38584585851737263 546.5216568919461 1.7365057346724535 0.0 1452.5809122806265 360.8532057946245 0.06024288573249391 -398.021475221036 1.7398585835812925 320111.2527377598 -551.3594169703927 -0.061335480725360686 -0.03040058581724519 1.7571510034803217 -0.6546051004050788 1.6318199497336452 -6.378765787043062 -13.13692262640611 -140.20101912295058 218.36188012018104 199525.37103885473 -165996.37114434846 1.3713051449629492 1.446010827867084 0.4460108278670839 1.8318566863844565 1.8318566863844565
0.0685163683494 630.8203077164055 246776995.575803 534668.5583204994 252226.1978661366 133222.63869942227 0.22023292083924384 0.30100095798666504 0.34262002391222773 630.8203077164055 0.36705486806540644 534.5892655191874 1.7096748919776341 0.0 1357.1618958832794 369.94863209818413 0.060713854985782474 -391.9738071576272 1.7128497634281947 308045.5388736753 -539.2615404229443 -0.0611366257322127 -0.030617490329525807 1.736014709928988 -0.6362816585568103 1.6119612464186026 -6.334129614547584 -12.911714497241334 -134.37601876807585 212.2689830110931 191300.287895811 -157800.68644258493 1.3689598418635816 1.435944294178288 0.4359442941782881 1.8029991622436945 1.8029991622436945
0.0693591196801 617.9260695605623 222027808.8805852 496654.8011323393 240307.30205307348 128715.08605983248 0.20936431814858972 0.2893919526077185 0.33292386779701927 617.9260695605623 0.34894053024764954 522.4376921171712 1.6818643980446688 0.0 1264.7341435769863 377.69897038847876 0.06119811935873352 -386.0051495378233 1.6848426948307356 296052.7121664069 -526.9482178624334 -0.06092855602061036 -0.030831603115954506 1.7136832827634032 -0.6156993117780786 1.5911844330268017 -6.290674733215554 -12.691819823549986 -128.2512485010601 206.22932788447648 183255.65707678828 -149952.05833439605 1.3647427525157536 1.423730991343182 0.423730991343182 1.7726715215908315 1.7726715215908315
0.0702122368521 605.5433875340466 199874006.15195605 460210.94454292394 228886.1282583731 124444.9750204539 0.1989275572786545 0.27735809208082723 0.32164382347049836 605.5433875340466 0.3315459287977575 510.1025413029374 1.653189752268256 0.0 1175.597731916441 384.11379011140525 0.06169584768181223 -380.1145633769195 1.6559562722403192 284192.09889874555 -514.4554228493461 -0.0607138428355738 -0.03104289382998997 1.6902455269344854 -0.5929810448049999 1.5695733872366366 -6.24837106722137 -12.47756639136415 -121.86329308106241 200.25372238498053 175400.66413830317 -142441.7400500921 1.358699598136728 1.4094636132111733 0.40946361321117336 1.7410095420089309 1.7410095420089309
0.0710758473654 593.6481463595361 180060314.89892265 425326.3214691797 217948.16039417562 120397.40181556864 0.1889439706185691 0.26495151580641124 0.30886415272747825 593.6481463595361 0.3149066176976152 497.6201842838508 1.6237707704250934 0.0 1090.0070709617933 389.22785977024796 0.06220718202370267 -374.30112345936914 1.6263139564904312 272514.51262263267 -501.8198681687121 -0.06049512662762443 -0.03125135149151258 1.6657953011156337 -0.5682651016570889 1.5472158635841962 -6.20718604898363 -12.269261995491183 -115.24948271385176 194.35262939820214 167743.71027483084 -135260.94509359615 1.3508886834180185 1.393250250796856 0.39325025079685605 1.7081568684944712 1.7081568684944712
0.071950080288 582.2165901610717 162353705.04597357 391987.15867280815 207478.97256335075 116558.21345473712 0.17943039319895646 0.2522262140872389 0.29467989323244725 582.2165901610717 0.2990506553315941 485.0274092009739 1.5937305485640414 0.0 1008.1715800284275 393.0230483353125 0.06273223688252916 -368.5639181679431 1.5960426460044301 261062.94589610226 -489.0786880834829 -0.060275088572193686 -0.0314569848168221 1.640430733369563 -0.5417033916258689 1.5242027529410729 -6.1670847433436045 -12.06719109815291 -108.44757881738691 188.53609417734086 160292.37174646853 -128400.8588691843 1.341380078037969 1.375213011554219 0.37521301155421893 1.674263666885813 1.674263666885813
0.0728350662755 571.2253507225041 146541839.00377232 360176.6449960367 197464.2431519701 112913.97845469182 0.1703992653253872 0.2392374154590803 0.2791953449825679 571.2253507225041 0.283998775542312 472.36107057422487 1.56319412052488 0.0 930.2549803088449 395.5521634622617 0.06327109852886313 -362.90204930265133 1.5652712350616262 249873.20271992238 -476.269033253428 -0.060056421317486515 -0.031659822390234564 1.6142532176666027 -0.5134592759879557 1.5006271311489248 -6.128029985819546 -11.871611672682041 -101.49537227809458 182.81367685294228 153053.32431924072 -121852.62242908399 1.3302544421242906 1.3554860648246074 0.35548606482460743 1.6394848403669195 1.6394848403669195
0.0737309375907 560.6514747516968 132431587.18714696 329875.2116689589 187889.7692519223 109451.95828159928 0.1618588097274195 0.2260410984289464 0.26252272283851874 560.6514747516968 0.26976468287903255 459.65774606878654 1.5322874057175513 0.0 856.3737750047366 396.85860723570005 0.06382382449797241 -357.3146318969101 1.5341294675826933 238974.59268834844 -463.4277611618377 -0.05984179964530625 -0.03185991268059354 1.5873665871025966 -0.4837056452174555 1.476583495426773 -6.089982533160794 -11.682752310399184 -94.43037695452841 177.19439126224808 146032.32406115692 -115607.34742382893 1.317601904223564 1.3342138994484067 0.33421389944840674 1.6039785823274393 1.6039785823274393
0.0746378281231 550.4724502167978 119847607.35660562 301060.7218887815 178741.47965159704 106160.0796268505 0.15381327082090493 0.2126934552142865 0.24478061037114796 550.4724502167978 0.2563554513681749 446.9534048615078 1.5011360617393228 0.0 786.6010799653353 396.949164992215 0.06439044323615604 -351.8007940312599 1.5027466984854063 228390.57797760208 -450.5911043850285 -0.05963385154190848 -0.03205732390409473 1.5598762107383697 -0.45262273267944686 1.4521669319698032 -6.052901225179081 -11.5008096289847 -87.28950072478389 171.68665089062847 139234.18061725583 -109656.12005704196 1.303520759370195 1.311549323499566 0.3115493234995661 1.567904774867741 1.567904774867741
0.075555873409 540.6662316288977 108630993.00084834 273708.5828036249 170005.4480509356 103026.90756018375 0.14626321077462795 0.19925031427620243 0.22609223798470476 540.6662316288977 0.24377201795771325 434.2830945915008 1.469864255942418 0.0 720.9673458255492 395.8936714747889 0.06497095389857618 -346.35967663982103 1.4712505802101272 218139.36747954445 -437.7943220132238 -0.05943513076765948 -0.03225214374081759 1.5318880264912207 -0.42039569629629486 1.4274722255849048 -6.016743156045102 -11.32594612927101 -80.10869924413178 166.29822256698603 132662.7248502437 -103989.99581126598 1.2881160085335073 1.2876512358943515 0.28765123589435143 1.5314232538520647 1.5314232538520647
0.0764852106519 531.2112642201025 98637988.4143641 247791.98888083908 161667.90565452568 100041.61961524094 0.1392058481008711 0.18576667628471374 0.20658395011288816 531.2112642201025 0.2320097468347852 421.6806515666703 1.4385936969476734 0.0 659.4623375945966 393.74837423825124 0.06556532629526214 -340.9904333117228 1.4397660218851331 208234.51888296552 -425.07143450166933 -0.059248091463140376 -0.03244447891344196 1.5035077371246737 -0.38721250744759395 1.4025931393617166 -5.981463853402121 -11.158288533978878 -72.92271265596764 161.03618835498048 126320.8164342279 -98600.01430244786 1.2714979902898884 1.2626826406855116 0.26268264068551167 1.4946923875202969 1.4946923875202969
0.077425978743 522.0865069714152 89738770.74779503 223282.0993785665 153715.25302505144 97193.98084986584 0.13263542707609452 0.17229624002395824 0.1863836043849524 522.0865069714152 0.2210590451268242 409.1784383015254 1.4074426495117767 0.0 602.0394424836875 390.5547991423588 0.06617350098044932 -335.6922300887719 1.4084141428868004 198685.48178766764 -412.4549596906988 -0.059075065456926756 -0.0326344546386064 1.474839989255396 -0.3532617549530366 1.3776216809521056 -5.947017463608594 -10.99792666712262 -65.76480293480427 155.90691593761764 120210.34873997039 -93477.20664065985 1.2537809441285719 1.2368085728030587 0.23680857280305878 1.457867617929883 1.457867617929883
0.0783783182815 513.2714544665505 81816299.56454986 200148.1925858845 146134.07161111606 94474.31991585491 0.1265436073100565 0.15889095002018785 0.1656189892151486 513.2714544665505 0.21090601218342753 396.8071122713902 1.3765250013985761 0.0 548.618953265984 386.3778320342873 0.06679538947953732 -330.46424526098406 1.377311291783211 189498.09320753443 -399.9756704576908 -0.05891824292755203 -0.03282221396266321 1.4459875832718978 -0.31873048788386527 1.3526474022737625 -5.91335694147691 -10.84491293065367 -58.666512266053104 150.91603758637348 114332.2595579173 -88612.60122536766 1.2350815710884702 1.2101940470145665 0.21019404701456643 1.421100059197994 1.421100059197994
0.0793423715964 504.7461574737239 74765233.22495927 178357.84265258422 138911.13470682138 91873.50613605099 0.1209198622708669 0.1456006063286048 0.14441636625487456 504.7461574737239 0.20153310378477818 384.5954280400281 1.3459494700396526 0.0 499.09164314484843 381.2868625019211 0.06743087464578634 -325.30566914986497 1.346568219947843 180675.03915206864 -387.6623982394456 -0.058779656887144004 -0.03300791699658311 1.4170507745987826 -0.2838022506439045 1.327756792153496 -5.880434242595477 -10.699262400861567 -51.65746668871907 146.06843763713292 108686.5569099285 -83997.23432733939 1.2155176708140043 1.183002167664962 0.1830021676649621 1.38453527144974 1.38453527144974
0.080318282767 496.49124225981933 68490910.75213492 157877.10410208782 132033.41785425 89382.92760573322 0.11575187566587294 0.13247253278485244 0.12289914594282328 496.49124225981933 0.1929197927764549 372.57007461998694 1.3158189387192782 0.0 453.3231183251528 375.3406141885803 0.06807981113653426 -320.21570389637475 1.3162893993090516 172216.27829030866 -375.54187836843863 -0.058661171736078765 -0.03319174006373759 1.3881266616924306 -0.24865531650638653 1.3030327558938284 -5.848200516732834 -10.560953533000166 -44.76522093906373 141.3682482588114 103272.35614930055 -79622.16331824403 1.1952068689159758 1.155392410112515 0.15539241011251503 1.34831220288897 1.34831220288897
0.081306197645 488.48792855885347 62908398.30776295 138670.66199493178 125488.10853879989 86994.47029708876 0.11102592681532367 0.1195512727889778 0.10118664054539711 488.48792855885347 0.18504321135887278 360.75554835525134 1.2862298519042699 0.0 411.1582596419849 368.6042871262865 0.06874202600074196 -315.19356323635157 1.2865724127913511 164119.4160775234 -363.6386170340429 -0.058564476059412944 -0.03337387477672983 1.3593086164809491 -0.2134610312710532 1.2785541357224233 -5.816606300564431 -10.429929454125869 -38.01512434356554 136.81885311840458 98087.91836264744 -75478.47655309389 1.1742654051220764 1.1275190023880164 0.12751900238801647 1.312562213746889 1.312562213746889
0.0823062638761 480.7180461884017 57941599.13881773 120701.98758605891 119262.61556807271 84700.49815607525 0.10672725757928023 0.1068783450632528 0.07939297780088739 480.7180461884017 0.17787876263213373 349.1740618240764 1.257271740433021 0.0 372.42493339768447 361.1564248468125 0.06941731936619727 -310.2384722759587 1.2575074877248782 156380.0438480458 -351.97479861243863 -0.05849107967472756 -0.033554527058267954 1.3306858058752242 -0.17838238757870895 1.2543953200750222 -5.78560170831334 -10.30609980351295 -31.43022653296696 132.42289845937003 93130.69761177426 -71557.30537170821 1.1528070432430904 1.0995295144565138 0.09952951445651373 1.2774082770886475 1.2774082770886475
0.0833186309217 473.1640502469205 53522424.894998014 103933.51804617906 113344.57760169852 82493.83415192834 0.10284041367332858 0.094492078512285 0.057626228289035464 473.1640502469205 0.17140068945554765 337.8454869831885 1.229026917744583 0.0 336.9381658048162 353.05920361712253 0.07010546521456014 -305.3496672634568 1.229177211968258 148992.0512837502 -340.5702430353366 -0.05844231467185148 -0.0337339161224456 1.3023428330975617 -0.1435729055854023 1.2306259697857005 -5.75513661875525 -10.189343040035691 -25.031232731844103 128.18231096536493 88397.40011248586 -67849.84070430901 1.1309421436420142 1.0715637237770397 0.0715637237770397 1.2429644132325872 1.2429644132325872
0.0843434500821 465.8090348912436 49590026.547064535 88326.7946910357 107721.87118505825 80367.74224989016 0.09934955548009823 0.08242746923547838 0.03598762721943605 465.8090348912436 0.16558259246683038 326.7873316123263 1.2015702196862663 0.0 304.50441733360606 344.37643327999314 0.0708062122357565 -300.5263953502442 1.201656302837927 141947.89492331733 -329.44237802058444 -0.058419340089975035 -0.033912273430998056 1.2743594159398641 -0.10917563831809755 1.207310776716632 -5.725160857409037 -10.079509130567336 -18.836473539772975 124.09832173801337 83884.04020569968 -64347.3449779112 1.1087768234730335 1.0437526034372868 0.0437526034372869 1.2093351959041172 1.2093351959041172
0.0853808745181 458.63674566179594 46090083.41225278 73842.59757806634 102382.61824027126 78315.91025947173 0.09623873598121162 0.0707160882125503 0.014570957537205692 458.63674566179594 0.16039789330201937 316.01474645741985 1.174968850839225 0.0 274.9247133649918 335.18233568017627 0.07151928474680576 -295.7679143577358 1.1750114903345328 135238.837159889 -318.6062421680822 -0.058423149854275554 -0.034089841639231934 1.2468101448502786 -0.07532240073981496 1.1845092974121882 -5.695624372734992 -9.976422538549313 -12.861905271797092 120.1714956227888 79586.000037517 -61041.16447096996 1.0864122515482593 1.0162175191967673 0.016217519196767283 1.1766154124987867 1.1766154124987867
0.0864310592747 451.63159031035076 42974147.552017115 60441.107945419586 97315.19285009785 76332.43349977414 0.09349214286945058 0.0593860681242382 -0.0065378380490270505 451.63159031035076 0.15582023811575096 305.5405603530543 1.1492824000667239 0.0 247.99803183173674 325.5405802148783 0.07224438366703267 -291.07349253083794 1.1493015753721436 128855.16844142605 -308.0745339542276 -0.05845458332281588 -0.03426687354586565 1.2197643628313195 -0.04213332229837633 1.162275903812303 -5.666477405237626 -9.87988539385837 -7.121156029531296 116.40176510733427 75498.0988345122 -57922.74639912727 1.0639441247155688 0.9890697226983547 -0.010930277301645336 1.1448899608141057 1.1448899608141057
0.0874941613037 444.7786481379828 40199041.32571729 48082.03414542769 92508.22741454246 74411.79923244646 0.09109430427612018 0.04846210679091674 -0.027260954207029717 444.7786481379828 0.1518238404602003 295.37534039845144 1.1245628862531707 0.0 223.52434840631977 315.5160207360567 0.07298118753662836 -286.4424082948458 1.1245775215775848 122786.39573472046 -297.8576693217355 -0.05851433783350783 -0.034443631058743096 1.193286076002258 -0.009716515509522163 1.1406597586311886 -5.637670648719759 -9.78968074249348 -1.6255802843962357 112.78846798562554 71614.65693018494 -54983.65159082943 1.0414622355420575 0.9624099627866294 -0.037590037213370564 1.1142338032468297 1.1142338032468297
0.0885703394878 438.06367781571424 37726305.928198755 36724.7498346059 87950.61832765935 72548.87179751205 0.08903025912813778 0.03796552819295391 -0.047528839761047284 438.06367781571424 0.14838376521356297 285.52747411653104 1.1008549254525155 0.0 201.3071286945077 305.1651593552206 0.07372935357071798 -281.87395000294055 1.1008826702600918 117021.41468383727 -287.96387039445216 -0.05860298267647447 -0.03462038418807012 1.1674339554354665 0.021832004570383277 1.1197048764396744 -5.60915540292861 -9.70557578790752 3.615655396395926 109.33038799148812 67929.56399951855 -52215.569437357495 1.0190501902219036 0.9363283303579655 -0.06367166964203447 1.0847120955715284 1.0847120955715284
0.0896597546635 431.4731236819239 35521698.08989071 26328.408335997054 83631.53093830709 70738.87838962846 0.08728569289315592 0.02791436152441588 -0.0672802231207883 431.4731236819239 0.14547615482192655 276.00326988371177 1.0781959317011383 0.0 181.15567810276926 294.5510224224815 0.07448851873670742 -277.3674156876321 1.0782529890338663 111548.65697013366 -278.3992622543178 -0.05872097382009791 -0.034797410077057125 1.1422613724697177 0.05242828307387359 1.0994502120292098 -5.580883717055936 -9.6273250263679 8.595478459682175 106.02579761864006 64436.342980363646 -49610.32995124707 0.9967852176477912 0.9109042219393053 -0.08909577806069471 1.0563803767612319 1.0563803767612319
0.0907625696458 424.9941205055991 33554732.80838542 16852.068023599 79540.40390286132 68977.39540817135 0.08584704192521804 0.01832346806212108 -0.08646198493635024 424.9941205055991 0.14307840320869675 266.8070721909816 1.0566164182723465 0.0 162.88645819400853 283.73599371844875 0.07525830084935024 -272.9221128021725 1.0567174194353792 106356.22543863696 -269.1679934693159 -0.058868668942569945 -0.03497499207866285 1.1178165116943828 0.0820001763349598 1.0799298207095198 -5.552808523661725 -9.554673221420114 13.308792554276712 102.87250239627456 61128.21624096448 -47159.91767842746 0.974738108485686 0.886206501118814 -0.113793498881186 1.0292849043275107 1.0292849043275107
0.0918789492525 418.6144966972842 31798268.78473687 8254.829378299997 75666.95294587404 67260.33531107733 0.0847015674761134 0.00920471479229358 -0.10502888190766375 418.6144966972842 0.14116927912685567 257.94138891213294 1.036140397219192 0.0 146.3250655855568 272.7598232260999 0.0760382996723941 -268.5373579628096 1.0362983199493674 101432.01936993783 -260.27237888870513 -0.05904634211956536 -0.03515341888605584 1.0941425598655705 0.11048689648587706 1.0611730889698003 -5.524883762677854 -9.487358132923243 17.752337207027725 99.86788592011878 57998.1736715541 -44856.487467861116 0.9529732807387148 0.8622938527337699 -0.13770614726623007 1.0034631318606257 1.0034631318606257
0.0930090603283 412.32277602854776 30228134.567220457 495.9057819466252 72001.17405952979 65583.93392308266 0.08383740393492371 0.0005671043412799399 -0.12294332951556118 412.32277602854776 0.1397290065582062 249.40702705365763 1.016785677042645 0.0 131.30727956973624 261.67919497516027 0.07682809802336751 -264.2124766908552 1.0170118039273668 96763.8276266453 -251.71301501606658 -0.059254197924239985 -0.035332983720874726 1.0712778385133244 0.13783865875393975 1.0432049020990397 -5.497064495604272 -9.42511298692935 21.924574661717994 97.00895501039076 55039.02515798471 -42692.3710784341 0.9315488319551181 0.8392150617639818 -0.16078493823601825 0.9789440683221879 0.9789440683221879
0.0941530717703 406.1081777779377 28822792.734591864 -6465.2485434021655 68533.34610671728 63944.738110645 0.08324358475379381 -0.007583010816560702 -0.1401749644127924 406.1081777779377 0.1387393079229897 241.20323393913588 0.9985643435101973 0.0 117.67933964048837 250.54435464127152 0.07762726287261543 -259.94680314808903 0.9988682560912665 92339.42857032706 -243.48893709109342 -0.05949238467112276 -0.035513983586091646 1.0492560682650356 0.1640160106448587 1.026045938815452 -5.469307009490258 -9.367668666348818 25.825534723344404 94.29238441531045 52243.463432923425 -40660.09179614395 0.9105167603420459 0.8170095769651196 -0.1829904230348804 0.9557488848881093 0.9557488848881093
0.0953111545531 399.9606153840113 27563038.851704407 -12668.837613820302 65254.03275004911 62339.5937812867 0.08291004765038228 -0.015241723011062441 -0.15670019580292732 399.9606153840113 0.13818341275063714 233.327841366232 0.9814832169477099 0.0 105.29898707737162 239.38978339849157 0.0784353464334347 -255.7396798738007 0.981872820865339 88146.67273870572 -235.59776705648264 -0.05976100641229161 -0.035696718584579 1.02810662762176 0.18898915612084527 1.0097129547283776 -5.4415689110877015 -9.314755585719512 29.45666840303757 91.71456057486853 49604.11905275897 -38752.37523816384 0.8899232148711229 0.7957080892569002 -0.20429191074309988 0.9338915020075373 0.9338915020075373
0.0964834817541 393.870693590708 26431733.396385297 -18154.646724471633 62154.0839580406 60765.634141215654 0.08282762455199333 -0.02240737751820544 -0.17250176419155774 393.870693590708 0.1380460409199889 225.7774103279791 0.9655442767284311 0.0 94.03547822934772 228.26094904968218 0.07925188723846255 -251.59045752105885 0.9660258533453958 84173.54988946677 -228.03585005575184 -0.06006013380766841 -0.03588149130600341 1.0078548000757503 0.21273729931400703 0.9942190485786844 -5.413809211228268 -9.26610529312556 32.82071275843258 89.27162399820459 47113.607553674774 -36962.15667194418 0.8698087591557614 0.7753331010120885 -0.22466689898791148 0.9133791419320774 0.9133791419320774
0.0976702285797 387.8297041013265 25413563.565471508 -22961.94237979679 59224.636842678476 59220.268156459 0.08298801796712879 -0.029080342458681168 -0.18756819504466749 387.8297041013265 0.13831336327854798 218.5473739541267 0.9507451682338806 0.0 83.76946911117565 217.19293987360157 0.08007641119991141 -247.49849458992804 0.9513234475642796 80408.25585848966 -220.7984068222421 -0.06038981368055431 -0.03606860628283907 0.9885220848710916 0.2352478381408185 0.9795739877562515 -5.385988399673024 -9.221451791044528 35.92153955873048 86.95950989932032 44764.57886096595 -35282.5914042982 0.8502087215925436 0.755899631232649 -0.24410036876735097 0.8942129945111971 0.8942129945111971
0.0988715723912 381.82961977785766 24494832.71260788 -27129.394289585805 56457.115969387036 57701.16917145705 0.0833837673478724 -0.03526279624721087 -0.20189327662027956 381.82961977785766 0.13897294557978734 211.63217698932635 0.9370796689595077 0.0 74.39311879161158 206.2143471241157 0.08090843265106624 -243.46315716288706 0.9377579194226441 76839.2461898699 -213.87967239899712 -0.060750077356208645 -0.036258369514768636 0.9701264895787072 0.2565155997371569 0.9657845107414446 -5.358068510829294 -9.180532611615343 38.76401737550529 84.77398679860043 42549.75900824685 -33707.06186567224 0.8311535439989199 0.73741588982039 -0.26258411017961003 0.8763888354001772 0.8763888354001772
0.100087692732 375.8630873957504 23663274.92458702 -30695.0079966801 53843.23322261146 56206.2636361645 0.08400820784191924 -0.040958524029513374 -0.21547554649805822 375.8630873957504 0.1400136797365321 205.02541055106656 0.9245381332384739 0.0 65.80958100183231 195.3585146315855 0.08174745536861117 -239.48381863676576 0.9253182640226586 73455.2807122715 -207.2730262261078 -0.06114094783475994 -0.03645108806078052 0.9526828167178046 0.27654209316824335 0.9528546191974304 -5.33001318064831 -9.143089671264143 41.353882081922116 82.71069285636426 40461.98656598233 -32229.18295681665 0.8126691369812725 0.7198839408344534 -0.2801160591655466 0.8598976205709855 0.8598976205709855
0.101318771352 369.9234190108288 22907892.557849973 -33696.045787467745 51374.986957413275 54733.71990904679 0.08485542424457765 -0.046172696433928406 -0.228317731696993 369.9234190108288 0.14142570707429608 198.7199400806456 0.9131079753773031 0.0 57.93250460728533 184.65091816606446 0.08259297357246874 -235.55985946666743 0.913990647087326 70245.46635826523 -200.97112700163578 -0.06156244595847231 -0.03664706969615159 0.9362029833873194 0.2953346951873908 0.9407858993898517 -5.301787695261412 -9.108869944231218 43.697602409262885 80.76516977941051 38494.24851373327 -30842.80876119553 0.7947772763130234 0.7033004257284303 -0.2966995742715697 0.8447261328027265 0.8447261328027265
0.10256499224 364.00458190450314 22218814.163160365 -36168.963868851475 49044.66094530336 53281.93708554648 0.0859202009723966 -0.05091166797874759 -0.24042622657854518 364.00458190450314 0.14320033495399434 192.70802714533693 0.9027741083754491 0.0 50.68562960874758 174.1144378248741 0.08344447291112411 -231.69066688353178 0.9037588485686947 67199.29041424663 -194.96603366489563 -0.062014595572169116 -0.03684662263392017 0.9206963183122983 0.312905894883153 0.9295778172696983 -5.273359031503128 -9.077625966207693 45.80225918484386 78.9328941759376 36639.70968977395 -29542.036692303496 0.7774959833583039 0.6876572379669172 -0.31234276203308275 0.8308575729209116 0.8308575729209116
0.103826541644 358.10118728048604 21587171.116295803 -38149.35537658315 46844.82253340801 51849.533858091796 0.08719797115107732 -0.055182784498596 -0.2518105894799575 358.10118728048604 0.1453299519184622 186.98144241473875 0.8935193624385046 0.0 44.00207604672824 163.7679178752347 0.08430143141994084 -227.87563465752032 0.8946046829825007 64306.647648693324 -189.2493180327183 -0.06249742795744452 -0.037050055303193434 0.9061698519712996 0.32927256691378226 0.9192280032736443 -5.2446958904595125 -9.049116222519544 47.6754328473216 77.20930630610502 34891.73801004518 -28321.210534977334 0.7608399000528374 0.6729421735119393 -0.3270578264880607 0.8182721254304014 0.8182721254304014
0.105103608107 352.2084775669515 21004990.543011796 -39671.896350979754 44768.32056241867 50435.337339909616 0.08868476481405113 -0.05899419699070885 -0.26248305229646574 352.2084775669515 0.1478079413567519 181.53157115836572 0.8853248890602862 0.0 37.823826992637834 153.62811916770363 0.08516332047253722 -224.11416281056125 0.8865084026173105 61557.862749608685 -183.81217080457026 -0.06301098552811928 -0.037257676186909464 0.8926286025684463 0.34445526465911475 0.9097325301679272 -5.215768723659787 -9.023105423805873 49.32509742979684 75.58983620543475 33243.92629643025 -27174.92276666639 0.7448206612116944 0.6591395646346603 -0.3408604353653397 0.8069475059914122 0.8069475059914122
0.106396382486 346.32231259127343 20465103.04205808 -40770.30511290239 42808.28273359944 49038.371891716335 0.09037715861504729 -0.062354698280352255 -0.27245808301566765 346.32231259127343 0.1506285976917455 176.34950969906117 0.8781705146760778 0.0 32.100843421787324 143.71304208841718 0.08602960570650527 -220.4056573899634 0.8794490484164978 58943.705155834316 -178.6454931060105 -0.06355532503983428 -0.03746979370748775 0.8800758337541678 0.3584775919595864 0.901086159823436 -5.186549753502501 -8.999364716154865 50.75952900010779 74.06992719850112 31690.108524683837 -26098.014725508798 0.7294472360624222 0.6462308454012315 -0.35376915459876845 0.796859443092977 0.796859443092977
0.107705057991 340.43915441374065 19961063.05477244 -41477.28433063925 40958.11256782981 47657.84787877347 0.09227222649360396 -0.06527353758631377 -0.28175190055270316 340.43915441374065 0.1537870441560066 171.42615349774684 0.8720351436033034 0.0 26.790472275317814 134.0335789105012 0.08689974794913877 -216.749530179905 0.8734048476837213 56455.40609490404 -173.73999544934057 -0.06413052028147975 -0.037686716165221505 0.8685133488863113 0.3713655027770525 0.8932826248761839 -5.157012987161916 -8.977671821076127 51.987206551640575 72.64505685911853 30224.377349290968 -25085.57891019903 0.7147263047303046 0.6341951786444963 -0.36580482135550374 0.7879822228005028 0.7879822228005028
0.109029830204 334.55605116773 19487080.429576732 -41824.49640027881 39211.48601589824 46293.150426009954 0.09436749230814175 -0.06776028853414282 -0.29038211127311997 334.55605116773 0.1572791538469029 166.75227680111783 0.866897042573783 0.0 21.85682186461044 124.59865106212158 0.08777320412276116 -213.1451984831598 0.8683534929319615 54084.66278761752 -169.08626827598493 -0.06473666436786467 -0.03790875171441518 0.8579417105749142 0.38314678229404564 0.886314833210385 -5.127134225946729 -8.957811131296546 53.01674133847139 71.31075548790865 28841.09221929844 -24132.956382684148 0.7006625567280113 0.6230099259585924 -0.3769900740414076 0.7802890798054953 0.7802890798054953
0.110370897116 328.67061967546283 19037961.717038658 -41842.5236058902 37562.347596511594 44943.82810579207 0.0966608852222847 -0.06982469902329783 -0.2983673092699725 328.67061967546283 0.1611014753704745 162.31860362698194 0.8627341661005019 0.0 17.270085294532464 115.41550322037665 0.08864942815518503 -209.59208485050135 0.8642724599530044 51823.64474284783 -164.67485836034945 -0.06537387176742088 -0.038136208382908376 0.8483604900198711 0.3938504721148006 0.8801751011484781 -5.09689106920473 -8.939573778734864 53.856800268886786 70.06262221369957 27534.888619868638 -23235.736042231903 0.6872590146493966 0.6126511643613224 -0.3873488356386776 0.7737526397317969 0.7737526397317982
0.11172845915 322.78102714525403 18609059.625520512 -41560.85068631429 36004.906247964296 43609.581624778446 0.09915069695714804 -0.07147658118560103 -0.3057267684971105 322.78102714525403 0.16525116159524675 158.11587097482013 0.8595243930981362 0.0 13.005827365856574 106.49581097646104 0.089527871881967 -206.0896168598225 0.8611392371463302 49664.9912072971 -160.49632429131205 -0.0660422799853922 -0.038369394121078655 0.8397684597171878 0.4035064322139169 0.874855328490161 -5.066262914510071 -8.92275766958875 54.516050238099226 68.89633882794634 26300.68070332479 -22389.750576769897 0.6745172981219411 0.6030940844518686 -0.3969059155481314 0.7683452460471154 0.7683452460471425
0.113102719198 316.88597178751564 18196229.611793242 -41007.82489477018 34533.63081990684 42290.252471191096 0.10183554220666104 -0.07272566814782934 -0.3124800658198593 316.88597178751564 0.1697259036777684 154.1348841307531 0.857245837857909 0.0 9.044298509999992 97.83915155271296 0.09040798595911669 -202.63722685945376 0.8589316277498792 47601.81351663849 -156.5413046374044 -0.06674205109273652 -0.03860861688394967 0.8321638368608986 0.4121447975038663 0.8703472240041227 -5.035230953476624 -8.907167510221052 55.00308973227041 67.80768148381445 25133.667013494345 -21591.075362861793 0.66243793318313 0.5943134775706498 -0.40568652242935027 0.7640393812484181 0.7640393812487278
0.114493882644 310.9846626288602 17795792.008450016 -40210.649638675626 33143.24524015448 40985.811590010395 0.10471431946669059 -0.07358152994671265 -0.3186468361285327 310.9846626288602 0.17452386577781764 150.36656500828832 0.855877029649285 0.0 5.370331448665396 89.44609300985192 0.09128922077653484 -199.23435175986867 0.8576279216923258 45627.68590692833 -152.80055738057362 -0.06747337282397428 -0.03885418473312611 0.8255444404872576 0.41979563226685973 0.8666424435713994 -5.00377816476471 -8.89261479134829 55.32640917064336 66.79253039281843 24029.3277199012 -20836.022548778034 0.65102057470944 0.5862840526441582 -0.41371594735584183 0.760807918421976 0.7608079184242927
0.1159021574 305.0767984068965 17404499.415270474 -39195.37784793849 31828.723383931272 39696.348066590166 0.107786176155076 -0.07405349564307911 -0.3242465475847328 305.0767984068965 0.17964362692512667 146.80199312825692 0.8553970793403939 0.0 1.9722277802873551 81.32667392079367 0.09217102739292372 -195.88043279506803 0.8572070544949725 43736.634757231834 -149.26499476252076 -0.06823645970951278 -0.03910640596080895 0.8199078406794597 0.4264886124020571 0.8637327200866368 -4.971889303770712 -8.878917791157999 55.49435582370529 65.8468776604906 22983.420460953723 -20121.13503069015 0.640264213754333 0.578980726952497 -0.421019273047503 0.7586243538776255 0.7586243538899313
0.117327753936 299.16254571081913 17019507.6132064 -37986.87906465627 30585.28371480036 38422.05786708757 0.1110504730625213 -0.07415052935750467 -0.3292981734796716 299.16254571081913 0.18508412177086886 143.43244086111503 0.8557859482911971 0.0 -1.1584675483679119 73.4749706665633 0.0930528584835394 -192.574915309866 0.8576488671363727 41923.13516329542 -145.9257370258327 -0.06903155373580239 -0.03936558922718197 0.8152515745891091 0.4322525529625511 0.8616100611842663 -4.939550889910171 -8.865901532065651 55.51507981609895 64.96683340324928 21991.98099025298 -19443.184052651693 0.6301674528182403 0.5723790502406007 -0.42762094975939935 0.7574631720114814 0.7574631720609483
0.11877088531 293.2425164403103 16638349.748297608 -36608.85424941752 29408.383647795024 37163.23266530393 0.11450675055659104 -0.07388119578923771 -0.33382006554140387 293.2425164403103 0.19084458426098508 140.24940254446196 0.8570245187195813 0.0 -4.0271790835917844 65.89030802330075 0.09393416931358631 -189.31724855532696 0.8589341698125146 40182.091984131956 -142.7741251856235 -0.06985892482982596 -0.0396320437059026 0.8115732305999772 0.43711523689177745 0.860266814238417 -4.906751191905396 -8.853397732873992 55.396521102577466 64.14863028644844 21051.312672679367 -18799.160082581973 0.6207286463389922 0.566455369000586 -0.433544630999414 0.757299953261631 0.7572999534196196
0.120231767199 287.31774460981546 16258912.962217923 -35083.826672466326 28293.713645960815 35920.2487784269 0.11815469543807168 -0.07325358509251977 -0.3378297378916316 287.31774460981546 0.19692449239678614 137.24461807051654 0.8590947545051545 0.0 -6.637061013983295 58.57384054939681 0.09481441873998056 -186.10688549028106 0.8610448952721224 38508.82762445855 -139.80175058233348 -0.07071887108618145 -0.0399060792345757 0.8088705908634135 0.44110310937185204 0.8596957910109169 -4.8734802111994755 -8.84124474602001 55.146379653967564 63.38862662341574 20157.980457331858 -18186.267029259136 0.6119460984666274 0.5611871059600901 -0.4388128940399098 0.7581115983571047 0.7581115987734319
0.121710617936 281.38966257996225 15879416.803895125 -33433.14400402919 27237.191208965283 34693.55624836494 0.12199410737070508 -0.0722752600613079 -0.3413436999446917 281.38966257996225 0.20332351228450848 134.41009199524206 0.8619798123398168 0.0 -8.989123353093632 51.52086917188392 0.09569307025346473 -182.94328257761114 0.8639642033419618 36899.06605909535 -137.00047369850768 -0.07161171865726022 -0.04018800646486523 0.8071417390529564 0.4442410458222015 0.8598903581825602 -4.839729663871767 -8.829287472109545 54.77209635121302 62.68330816866089 19308.801994278936 -17601.914927087157 0.6038182267684479 0.5565529764677535 -0.4434470235322465 0.7598764887529583 0.759876489685193
0.123207658536 275.46007683821864 15498393.009738069 -31676.984520444188 26234.954621959292 33483.668114793305 0.12602486476027336 -0.07095321309745277 -0.34437731023178153 275.46007683821864 0.21004144126712226 131.73810800325612 0.8656641310353408 0.0 -11.082618278471605 44.7298672548261 0.09656959305221145 -179.82589961848146 0.8676765642026207 35348.91541908299 -134.36243802858993 -0.07253782132431905 -0.040478137004834144 0.8063851514973882 0.4465521515919649 0.8608445122072164 -4.805492961636006 -8.817377257887653 54.280838847779194 62.02928873397338 18500.837551514152 -17043.712120124594 0.5963437102302659 0.552533177908915 -0.447466822091085 0.7625746191777866 0.7625746209929449
0.124723112736 269.53114332123516 15114666.189354919 -29834.364862282247 25283.356539602068 32291.14989998127 0.1302468891539234 -0.06929382730568126 -0.3469446372036227 269.53114332123516 0.21707814858987234 129.2212394366425 0.8701335113862496 0.0 -12.915328887826965 38.196405520245676 0.09744346317338876 -176.75419956244656 0.8721678326949858 33854.85012994455 -131.8800815606794 -0.07349755969398222 -0.04077678355210476 0.8065997791825059 0.44805757294214316 0.8625529463867816 -4.7707651917377545 -8.805371772269078 53.67948977403623 61.423309749174 17731.37944160559 -16509.45733197499 0.5895216305926336 0.5491095701616955 -0.45089042983830446 0.7661877187552819 0.7661877218846809
0.126257207023 263.6053424448551 14727335.131106852 -27923.152156090866 24378.957493295078 31116.609361986324 0.13466010769419495 -0.06730284740680144 -0.3490583389694772 263.6053424448551 0.22443351282365825 126.8523564782896 0.8753751738541811 0.0 -14.483724165523531 31.91527773828077 0.09831416466801567 -173.7276483581665 0.8774253011132045 32413.691907484616 -129.5461437255255 -0.07449133999878525 -0.04108426000814946 0.8077851120320885 0.4487763375129964 0.8650111015745356 -4.7355430965227026 -8.79313486358285 52.97463949622386 60.862238881708734 16997.940492354475 -15997.13127410362 0.5833515992084303 0.5462658316853779 -0.4537341683146221 0.7706993445158328 0.770699349361011
0.127810170669 257.6854538539033 14335754.458220514 -25960.082028726953 23518.51919403775 29960.68654084285 0.139264412913049 -0.06498536505498076 -0.3507295711044743 257.6854538539033 0.2321073548550817 124.62462987232003 0.8813777837506074 0.0 -15.78324921051694 25.883718018592763 0.09918119084074944 -170.74571479838954 0.8834377203114272 31022.589269200977 -127.35366632973128 -0.07551959246710437 -0.04140088157111974 0.809941218095988 0.4487252383716842 0.8682151933290835 -4.699825052546576 -8.780536396924647 52.172584865582905 60.34306782189947 16298.241351029234 -15504.887604602136 0.5778338632409062 0.5439875794839091 -0.456012420516091 0.776094934349874 0.7760949411610591
0.129382235769 251.774530971481 13939516.48031257 -23960.772187002643 22698.997850761232 28824.044136271874 0.14405961949356633 -0.06234579386324903 -0.351967867093985 251.774530971481 0.24009936582261054 122.53153221615815 0.8881314987286255 0.0 -16.808533002572418 20.095584029611288 0.10004404555630665 -167.80787037085912 0.8901953432516538 29678.998891853782 -125.29599838427129 -0.07658276925577565 -0.04172696480140747 0.81306879356253 0.4479186787001074 0.8721622519219161 -4.663611049445231 -8.7674520756816 51.27932406226947 59.86290933235 15630.198937813759 -15031.04471483997 0.5729694277399195 0.5422625244368426 -0.45773747556315736 0.7823618902748792 0.7823618990411787
0.130973637269 245.87587548427592 13538433.020327492 -21939.745310226703 21917.537328986444 27707.358265078285 0.1490454163162895 -0.05938786666431959 -0.352781061204102 245.87587548427592 0.24840902719381586 120.56683659028272 0.8956279659897137 0.0 -17.553407744747023 14.545581145793708 0.10090224461090985 -164.9135891437583 0.8976899193020544 28380.664773736215 -123.36679232861448 -0.07768134180251098 -0.04206282765054771 0.8171691751285448 0.4463685827415478 0.8768501264867989 -4.6269026691176265 -8.753763237508599 50.3005600526524 59.418993652721696 14991.913259924395 -14574.076463637084 0.5687601479347288 0.5410805720450028 -0.4589194279549972 0.7894895992583368 0.7894896096512397
0.132584613007 239.99301174951006 13132517.29615637 -19910.45274122066 21171.462298915096 26611.309615694343 0.15422131470820247 -0.05611463611361942 -0.3531752131535283 239.99301174951006 0.2570355245136708 118.7246130247303 0.9038603113601426 0.0 -18.011245356503935 9.230707281052538 0.10175531719147969 -162.06234763518535 0.9059146809341512 27125.597760695342 -121.55999917991267 -0.07881579772472187 -0.04240878945187041 0.8222443423553094 0.44408431155906886 0.8822774813381644 -4.589703064839192 -8.73935664364666 49.24170509891931 59.00866434199261 14381.65439734716 -14132.603058848566 0.5652088178416386 0.5404339209546232 -0.45956607904537683 0.7974694454904658 0.7974694568872613
0.134215403747 234.1296612665617 12721965.651154997 -17885.29411225702 20458.271354361157 25536.57504633031 0.15958659031179323 -0.052528463820446424 -0.3531544978406857 234.1296612665617 0.2659776505196554 116.99922326052967 0.9128231526789696 0.0 -18.17496627831258 4.1435352403104515 0.10260280741373046 -159.25362471152332 0.9148643548080556 25912.05728292942 -119.86986847358088 -0.07998663702973835 -0.042765170862503935 0.8282969308149636 0.4410725299211435 0.8884438057239306 -4.552016940852742 -8.72412424278972 48.107880480732135 58.629373634086164 13797.850898118899 -13705.38281332098 0.5623192802953082 0.5403172067156945 -0.4596827932843055 0.8062948572580355 0.806294868845303
0.135866253213 228.28971728292993 12307139.269667411 -15875.650233402179 19775.63008406288 24483.81965631105 0.1651402190780204 -0.04863104630809721 -0.35272116820765365 228.28971728292993 0.27523369846336737 115.3853136379842 0.9225125302557138 0.0 -18.03706939128579 -0.7215006654515174 0.10344427595380358 -156.48690149872027 0.924535091385077 24738.529788099862 -118.29093496862475 -0.08119436770845967 -0.0431322937494979 0.8353301849241145 0.43733718615702477 0.8953493653678308 -4.513850532538459 -8.707962925459416 46.903929455554945 58.27867737460349 13239.07585124799 -13291.302365238913 0.5600964864607471 0.5407275513825078 -0.4592724486174921 0.8159612498668025 0.8159612607971329
0.137537408128 222.47721956325807 11888545.89849577 -13891.91013798242 19121.36419506726 23453.689350619443 0.17088080664358765 -0.044423427153526436 -0.3518754775909293 222.47721956325807 0.28480134440597943 113.87780667958089 0.9329258668150501 0.0 -17.58989068588727 -5.367398248506343 0.10427930178019712 -153.76166129715892 0.9349244240478884 23603.709932168364 -116.81801145468921 -0.08243950066077506 -0.043510481015032604 0.8433479243242075 0.43287943491773423 0.9029951705613273 -4.475211586973161 -8.69077426963801 45.63442411210771 57.95422959984745 12704.03479767761 -12889.368054471202 0.5585465799182281 0.5416646655355346 -0.4583353344644654 0.8264660099588963 0.826466019515965
0.139229118248 216.696329450716 11466821.59141583 -11943.499750367926 18493.452625847836 22446.803933357533 0.17680650963466485 -0.03990601441243171 -0.3506156018567591 216.696329450716 0.29467751605777476 112.47189131225454 0.9440619142010157 0.0 -16.825675276316172 -9.799623344465092 0.1051074839885879 -151.07738952045958 0.9460312155318424 22506.48232109404 -115.44618059119722 -0.08372254381881365 -0.04390005634891845 0.8523544949739645 0.4276975640992138 0.9113829319695239 -4.436109344322067 -8.672464272978601 44.30367320224097 57.65377681331096 12191.553962677102 -12498.697438981444 0.5576769789161898 0.543130950796946 -0.456869049203054 0.8378084668676731 0.837808474592703
0.140941636402 210.95130523852995 11042712.587100819 -10038.91301550743 17890.020685612068 21463.750742517463 0.1829149484647581 -0.035078606959015976 -0.34893756874560306 210.95130523852995 0.3048582474412635 111.16301190312824 0.9559206786956604 0.0 -15.736519059272844 -14.025728000083237 0.10592844375205002 -148.43357363673059 0.9578555836329377 21445.903520885073 -114.17078467501767 -0.08504399543952007 -0.044301343902778956 0.8623546991810392 0.42178693730465006 0.9205149985126244 -4.3965545197732325 -8.652943076636717 42.91573203834962 57.37515200862766 11700.56863996574 -12118.510841870906 0.5574964517397757 0.5451315932768511 -0.4548684067231489 0.8499898407267191 0.8499898464732552
0.14267521853 205.24647796744063 10617057.435977558 -8185.75014424658 17309.33328411397 20505.078852835566 0.18920311101964013 -0.0299404486676039 -0.34683523558673474 205.24647796744063 0.3153385183660669 109.94685640448914 0.9685032827793321 0.0 -14.314496358934047 -18.047491162675353 0.1067418263906112 -145.82970312835914 0.9703987645351018 20421.182843212202 -112.98740737576284 -0.08640433650113315 -0.04471466787330382 0.8733536761929213 0.41514001392474653 0.9303942489208896 -4.356559286357765 -8.632124684691599 41.47442043728791 57.11626848374751 11230.110753844192 -11748.122295316014 0.5580151578268544 0.5476745948865847 -0.45232540511341535 0.8630131132577016 0.8630131171660814
0.144430123718 199.58622769445225 10190769.520251803 -6390.747069431003 16749.78823257294 19571.293857451063 0.19566724729212903 -0.024490257705923047 -0.3443001982977979 199.58622769445225 0.3261120788202151 108.81934344217166 0.9818118805224171 0.0 -12.552010961799732 -21.86788669479704 0.10754730356299869 -143.26526947140832 0.9836630295177708 19431.666930871837 -111.89186572294741 -0.08780402219689831 -0.04514035198557334 0.8853568103889706 0.407746271173292 0.9410240149393839 -4.316137258529326 -8.609926687691456 39.98333043615234 56.875113485635225 10779.29900494912 -11386.932112818005 0.5592447315687554 0.5507708935066289 -0.4492291064933711 0.8768829723294304 0.8768829747381526
0.146206614239 193.97496028630957 9764819.935204456 -4659.80778017133 16209.90954989671 18662.85323739486 0.2023027517642734 -0.018726267579095762 -0.34132170834506226 193.97496028630957 0.3371712529404557 107.7766084364936 0.9958495445953935 0.0 -10.441493306307331 -25.496029427664038 0.10834457559572631 -140.7397661185385 0.9976515740367565 18476.82463447582 -110.88019986475302 -0.08924347221453997 -0.0455787188663072 0.8983696118504374 0.3995921448707749 0.9524079808867042 -4.2753034764071876 -8.586269969259428 38.4458362230449 56.649741722551056 10347.329203386595 -11034.419472918415 0.5611983589099817 0.5544344732162173 -0.4455655267837827 0.8916057261578103 0.891605727487174
0.148004955595 188.41708482292736 9340221.031936312 -2998.049023785701 15688.340964557576 17780.162329613384 0.20910403595882604 -0.012646323054622915 -0.3378866970974228 188.41708482292736 0.34850672659804344 106.81498913476203 1.0106200295006207 0.0 -7.975575739538269 -28.932246686080433 0.10913337395360152 -138.25268849536036 1.0123682849583386 17556.228784623036 -109.94864699707873 -0.09072305998429589 -0.04603008929359117 0.9123975062449436 0.3906611367801198 0.9645499959743951 -4.234074390805063 -8.561078426217971 36.86511992449959 56.43826877735648 9933.46262999928 -10690.133679523326 0.5638907796469003 0.5586823362942421 -0.4413176637057578 0.907189062892706 0.9071890635397173
0.149825416548 182.9169916853361 8918010.666468937 -1409.8304802352359 15183.839478505706 16923.570898389167 0.21606438982044252 -0.006247929981946485 -0.33397968117535143 182.9169916853361 0.36010731636740423 105.93101002821781 1.0261276351920527 0.0 -5.14756945225052 -32.177819218496424 0.10991346384695459 -135.8035340295545 1.027817607426633 16669.543587333494 -109.09363305538321 -0.09224310071790608 -0.04649478130902286 0.9274456813270141 0.38093374964055915 0.9774539484765333 -4.192467849105262 -8.534278695704874 35.244179669876175 56.2388644534119 9537.018247305345 -10353.687871135606 0.5673383649596099 0.5635346289838337 -0.4364653710161663 0.9236419453513649 0.9236419456236455
0.151668269172 177.47903130221798 8499237.171301115 101.21080579409318 14695.269025639043 16093.370295838744 0.22317582968211364 0.00047167313589495553 -0.32958269626410547 177.47903130221798 0.3719597161368561 105.12136606516431 1.0423770198727504 0.0 -1.9511325654915581 -35.240697029574925 0.11068464700411698 -133.39180215945657 1.0440043620021546 15816.5116687832 -108.31175979855698 -0.09380383798934501 -0.046973109185720674 0.9435188891912124 0.37038747235053965 0.9911236003590858 -4.150503081267366 -8.505799874889519 33.5858422357891 56.0497460838538 9157.364768305035 -10024.75254571857 0.5715591730543563 0.5690147309089664 -0.4309852690910336 0.9409744470458528 0.9409744471424415
0.153533788883 172.10749375056594 8084945.279656607 1532.116117761194 14221.594308480848 15289.791228411901 0.23042893489086547 0.007515387693362556 -0.3246753382975135 172.10749375056594 0.38404822481810913 104.38290559247952 1.0593728865205958 0.0 1.6195300829202188 -38.120594365301635 0.1114467645890983 -131.01699439327052 1.060933437482485 14996.938632316043 -107.59977768502931 -0.09540542893448958 -0.0474653822262764 0.9606211542011537 0.3589969325069006 1.0055623319766853 -4.108200686912502 -8.47557325723198 31.892789965473185 55.86917183565228 8793.91129001238 -9703.048115431644 0.5765729293830445 0.5751492063326082 -0.42485079366739176 0.959197431150723 0.9591974311786751
0.155422254486 166.80658912007272 7676163.0633876575 2880.5719203618646 13761.874744910723 14513.002097886847 0.23781267344993567 0.014886161565331586 -0.31923471274361226 166.80658912007272 0.3963544557498928 103.71261213342274 1.0771197430062807 0.0 5.569163705963903 -40.81771513113736 0.11219970028982175 -128.67861435459434 1.0786095570057836 14210.681869922082 -106.95457276037706 -0.09704792801283187 -0.0479719033874774 0.9787555179770673 0.34673391719878754 1.0207729298238881 -4.065582622272899 -8.44353208653356 30.167573680750856 55.695434038976025 8446.100979419447 -9388.339414980741 0.5824010622271744 0.5819678742173705 -0.4180321257826295 0.9783223299672641 0.9783223299735886
0.157333948216 161.58042877610697 7273889.87138809 4144.875162265889 13315.258566972323 13763.107917423667 0.24531421429148964 0.022586877835666423 -0.3132354037599852 161.58042877610697 0.4088570238191494 103.10758548830601 1.0956216200591642 0.0 9.90168539844038 -43.337598696792696 0.11294338356908677 -126.37616785185703 1.0970370030508105 13457.639590483943 -106.37315155830706 -0.09873126898129825 -0.04849296770902746 0.9979237439011772 0.33356743103359465 1.0367573395487701 -4.02267218747367 -8.40961131133483 28.412627604884804 55.52685257661344 8113.405146854536 -9080.430391317934 0.5890667200820278 0.5895038530202337 -0.41049614697976633 0.998360876839383 0.9983608768404413
0.159269155779 156.43300754916967 6879085.438313122 5323.890252667479 12880.97707361291 13040.149783034123 0.25291872972335766 0.03062018271213105 -0.30664956393357196 156.43300754916967 0.42153121620559614 102.56502164629617 1.1148816522720242 0.0 14.619936170216162 -45.67934361000071 0.11367779308551762 -124.10916296118097 1.1162192075283472 12737.737421470221 -105.85261215727506 -0.10045524523048283 -0.04902886053131186 1.0181259183970306 0.3194639404984925 1.0535163210188403 -3.979494013811206 -8.37374736426836 26.630298168174264 55.36176837031203 7795.316130552148 -8779.158002632093 0.5965947021914344 0.5977934502481128 -0.40220654975188724 1.019324666453709 1.0193246664538307
0.161228166395 151.36818687576712 6492660.187454919 6417.015548672098 12458.339067210081 12344.10487780966 0.260609189147285 0.038988340662559656 -0.299446930597697 151.36818687576712 0.43434864857880834 102.08219163629262 1.1349017179811114 0.0 19.725190363653496 -47.842220497068254 0.11440296028496262 -121.87711011947235 1.136158400695626 12050.918350427859 -105.39012760285952 -0.10221948838690251 -0.04957985548737823 1.0393600777331247 0.30438751303694284 1.0710491357710983 -3.9360740506340552 -8.335877966663576 24.8228604832764 55.198537005198496 7491.342805549923 -8484.387808924883 0.6050114291543164 0.6068761469304033 -0.39312385306959674 1.0412247955092115 1.0412247955092204
0.163211272842 146.38967893586388 6115466.701657573 7424.147913146666 12046.725426626634 11674.88698652773 0.2683661437221107 0.047693060680461724 -0.2915948928909898 146.38967893586388 0.44727690620351784 101.65641920837932 1.155682013312528 0.0 25.217185130785754 -49.82811735868461 0.11511897316208407 -119.67952222908863 1.1568551955142063 11397.13218943666 -104.98292550902315 -0.10402344493112273 -0.05014621225207327 1.0616217772266288 0.28830003726864545 1.0893531832913217 -3.892439551573231 -8.29594194652875 22.99253866659425 55.03552253979053 7201.006278699837 -8196.009642041752 0.6143448710231109 0.6167945168984899 -0.3832054831015101 1.0640714231020076 1.064071423102008
0.165218771498 141.50103183920436 5748292.453508183 8345.64415394358 11645.583876620516 11032.347496444489 0.2761675068401793 0.05673527884681764 -0.2830586497332635 141.50103183920436 0.46027917806696556 101.28505725997317 1.177220528333702 0.0 31.093799710113824 -51.63663201942113 0.11582598019055163 -117.51591477771758 1.178308075620987 10776.323768037511 -104.62826040797017 -0.10586635097848393 -0.05072817402996928 1.0849035816684685 0.2711615819109068 1.1084235648504617 -3.8486190599269086 -8.253879090773124 21.141533460520527 54.871091556379824 6923.835413889209 -7913.933164696196 0.624624403601503 0.6275940289336088 -0.3724059710663912 1.0878732070005743 1.0878732070005743
0.167250962387 136.7056158585677 5391853.769216241 9182.286230453159 11254.423925033192 10416.276850480974 0.2839883331426519 0.06611493503575487 -0.27380137865039944 136.7056158585677 0.4733138885710866 100.96546285025738 1.1995125099206871 0.0 37.35071666162944 -53.265858555399205 0.11652419441683089 -115.38580596469214 1.200512870577901 10188.421986260548 -104.3233898070852 -0.10774720515688722 -0.051325964770027994 1.1091945326745993 0.2529307717852371 1.128252631298424 -3.804642392512142 -8.209630029921613 19.27204618752854 54.70360751402912 6659.363645811491 -7638.0842612466395 0.6358806441035127 0.6393228349632425 -0.3606771650367575 1.112636723534329 1.112636723534329
0.169308149225 132.00661076094917 5046791.017953905 9935.246231449782 10872.812005628182 9826.40642435416 0.2918006004860747 0.07583071930669794 -0.2637844763348559 132.00661076094917 0.48633433414345784 100.69497096286011 1.2225498578086018 0.0 43.98100239753045 -54.71336318130323 0.11721389771044738 -113.28871683901397 1.2234621652522135 9633.328151572243 -104.0655474627952 -0.10966473960328918 -0.05193978608994942 1.1344795576273485 0.23356526978779804 1.1488294792252773 -3.7605406217233774 -8.163136160441367 17.386305536660146 54.53142547760907 6407.126183147403 -7368.4016805937945 0.6481452234838907 0.6520314656706774 -0.3479685343293226 1.1383657998141352 1.1383657998141352
0.17139063946 127.40699425921058 4713664.995334783 10606.054329935621 10500.366780273718 9262.410793500698 0.299572999973931 0.08587980953115687 -0.2529678306328825 127.40699425921058 0.49928833328988503 100.47086667785678 1.2463205026570026 0.0 50.9749138944647 -55.980084505969785 0.11789544515301995 -111.22417145571471 1.2471446915400806 9110.904473358376 -103.8519196375827 -0.1116173891208648 -0.05256981389731708 1.1607388528307585 0.21302230151936216 1.170139428358691 -3.7163460552762317 -8.11433960741415 15.486591425546166 54.35288730706773 6166.658254433713 -7104.834357067297 0.6614505195408733 0.6657724853621014 -0.3342275146378986 1.1650608186519864 1.1650608186519864
0.173498744325 122.90953157559154 4392954.466630465 11196.561542118929 10136.754624411236 8723.910350612246 0.30727074094134804 0.09625753611738874 -0.24131027668928132 122.90953157559154 0.5121179015689135 100.29035586918525 1.270807624879632 0.0 58.31956664558067 -57.061025702091314 0.1185692695652947 -109.1916970258216 1.2715445619780117 8620.959644923221 -103.67960863239591 -0.11360325865136087 -0.05321619470112129 1.1879471482970414 0.19125944784428434 1.1921633865091268 -3.672092212778148 -8.063183233697565 13.575271627123236 54.16631740359414 5937.492590317659 -6847.338237891452 0.675829246728128 0.6805999089503441 -0.319400091049656 1.1927178105192575 1.1927178105192575
0.175632778881 118.51676616702697 4085054.8600759227 11708.909836658007 9781.685368225328 8210.474240972464 0.3148553816570351 0.10695706630039176 -0.22877004771325543 118.51676616702697 0.5247589694283918 100.1505347086673 1.2959889217151364 0.0 65.99811238125594 -57.952181733103174 0.11923588613439523 -107.19082408868586 1.2966405506428325 8163.235504810625 -103.54560666031793 -0.11562008947570414 -0.05387904160259078 1.2160729927877947 0.16823541509375267 1.2148772414709015 -3.6278137987827264 -8.009610717211878 11.654828145579806 53.97001912405484 5719.158754172404 -6595.874346474579 0.6913140233594028 0.6965686251876013 -0.3034313748123987 1.2213275946159932 1.2213275946159932
0.177793062061 114.23101160101177 3790277.9609867283 12145.502470081676 9434.908132547289 7721.623574408778 0.32228468973036833 0.11796906136101974 -0.21530532990939066 114.23101160101177 0.5371411495506139 100.04835748587057 1.321835819641223 0.0 73.98988732296019 -58.65427910606232 0.1198958971226455 -105.22108669122386 1.3224053187836509 7737.3925238367765 -103.44676834865199 -0.11766522399150345 -0.054558429966087466 1.2450779919525579 0.14391094501388144 1.238251211749333 -3.583546671378578 -7.953566669214096 9.727885011785975 53.76227198870417 5511.182846216577 -6350.407066757173 0.7079368424019439 0.713733684776074 -0.2862663152239259 1.2508748343266878 1.2508748343266878
0.179979916724 110.05434458627509 3508852.6375599387 12508.967830412203 9096.207421777795 7256.834874549218 0.32951254995814777 0.1292812367236333 -0.2008751035151078 110.05434458627509 0.5491875832635796 99.98060338610996 1.3483124797484718 0.0 82.26968530858626 -59.15933000424166 0.12054999663486574 -103.28202256342749 1.3488044329209838 7342.9914053678 -103.37976566783259 -0.11973557000750976 -0.055254392774475226 1.2749159021936556 0.11825012751813525 1.262249056530944 -3.539327805454263 -7.894996838634447 7.79725373422934 53.541329824540604 5313.085980419644 -6110.901669762264 0.7257283189300759 0.7321492182567657 -0.26785078174323435 1.2813368015203452 1.2813368015203452
0.1821936697 105.98859916650805 3240926.473988442 12802.135801165834 8765.39942230985 6815.5437265632 0.33648893002816377 0.1408780023441515 -0.18543989112879483 105.98859916650805 0.560814883380273 99.94384244329413 1.3753749922514782 0.0 90.80713049911844 -59.46451059323561 0.12119897538425137 -101.3731733117421 1.375795568193538 6979.477825707082 -103.34106617161676 -0.12182756489434218 -0.055966915679368456 1.305531844621571 0.09122154223310126 1.2868274106965876 -3.4951952497849863 -7.8338483945591495 5.865955534684485 53.30541999977747 5124.385631359659 -5877.323723306943 0.744716961241298 0.7518674719065557 -0.24813252809344433 1.3126823552868288 1.3126823552868288
0.184434651837 102.03536208233139 2986568.200173218 13028.006670868446 8442.328423185772 6397.148584471321 0.34315991530929185 0.1527400039897438 -0.1689628286291498 102.03536208233139 0.5719331921821531 99.93440058436329 1.4029703635530033 0.0 99.56677157702967 -59.566829882872575 0.12184372542419128 -99.49408461596407 1.4033275016764994 6646.163856254969 -103.32689299972265 -0.12393714002039072 -0.05669593176478783 1.3368613803968996 0.06279984554967376 1.3119349822652726 -3.4511880770322296 -7.7700702786980305 3.93726189493945 53.05274392355078 4944.595559246783 -5649.637566610091 0.7649281882147464 0.7729374257852131 -0.22706257421478687 1.3448706179673662 1.3448706179673662
0.186703198055 98.19596926988037 2745770.9079625616 13189.723468283384 8126.863507753913 6001.0146959062495 0.34946783624893485 0.16484366565475714 -0.1514108707656283 98.19596926988037 0.5824463937482248 99.94832478063269 1.4310355229825964 0.0 108.5071793440695 -59.45871242831237 0.12248524478648565 -97.64430642389046 1.431339119969035 6342.210119004146 -103.33318871270825 -0.1260596869571613 -0.05744131605922839 1.3688296034626108 0.03296750823236786 1.3375117672719963 -3.4073463253109737 -7.703613676071705 2.0147313872539243 52.78147899530506 4773.2265062426295 -5427.805334289648 0.7863832097143861 0.7954032356392682 -0.20459676436073188 1.377849629387493 1.377849629387493
0.188999647391 94.47150351172445 2518455.87857989 13290.54860784376 7818.895377161972 5626.478108465771 0.35535149711909414 0.17716076138081469 -0.13275608155240315 94.47150351172445 0.5922524951984902 99.98134856369118 1.459496413646087 0.0 117.58086606508124 -59.13789831347715 0.12312464194927049 -95.82339316005391 1.4597585037964855 6066.610041605958 -103.3555880536656 -0.12819002582480013 -0.05820287983469953 1.4013502976136152 0.0017166239291078534 1.3634883274463034 -3.3637109304615493 -7.634432569509326 0.10223767589763355 52.48978220276601 4609.787933447941 -5211.786641558534 0.809097802415125 0.8193025627366991 -0.1806974372633009 1.4115550579351894 1.4115550579351894
0.191324343054 90.86279320771358 2304476.98875642 13333.83630698865 7518.333388807663 5272.849717925202 0.36074652998168294 0.18965792247491758 -0.112977253732306 90.86279320771358 0.6012442166361383 100.02885882728964 1.4882669629038323 0.0 126.73404593756867 -58.599066931563385 0.12376314007296711 -94.03090392719471 1.4885018840109314 5818.173585000749 -103.3893784632579 -0.1303223775317291 -0.05898036475320776 1.4343250305567965 -0.030948858280253563 1.3897849987210362 -3.3203236476283418 -7.562484418523096 -1.7959901175400859 52.17579557428231 4453.788843997843 -5001.53770053938 0.8330808139206584 0.84466447599617 -0.15533552400383 1.4459086926323081 1.4459086926323081
0.193677632473 87.37041225235635 2103625.5749409785 13323.010690567307 7225.102775939841 4939.419322365912 0.3655858889618042 0.20229620863894038 -0.0920615940791017 87.37041225235635 0.6093098149363404 100.08586489026047 1.5172482208572386 0.0 135.90624580460465 -57.836915277712734 0.12440208089773865 -92.26640271741562 1.5174727543246893 5595.515101131849 -103.42947400045 -0.13245034116027724 -0.0597734369335771 1.467642382989576 -0.06501088052679424 1.4163112270177054 -3.277226960948687 -7.487730957174707 -3.675340325859672 51.83765369308378 4304.739826607646 -4797.011235910106 0.8583325680532355 0.8715072654624788 -0.1284927345375212 1.4808170803988192 1.4808170803988192
0.196059867353 83.99468099247099 1915635.6649573233 13261.543164878729 6939.14205095784 4625.459646886916 0.3698005016660435 0.21503068090439686 -0.07000663749547881 83.99468099247099 0.6163341694434059 100.14697104807225 1.546327531947927 0.0 145.0303981212318 -56.8478988226831 0.1250429282175581 -90.52945861666328 1.5465610042421865 5397.0445302490525 -103.4703879709631 -0.13456687818361363 -0.06058168103128589 1.5011772324327262 -0.10043476690458367 1.4429649461460197 -3.234463980029994 -7.410139118864713 -5.530790235435106 51.47349347910254 4162.154905763804 -4598.156277968372 0.8848430629893203 0.8998359565335456 -0.10016404346645436 1.5161701259769516 1.5161701259769516
0.198471403721 80.73566824768524 1740189.4903122229 13152.931645520259 6660.400582898372 4330.230306579914 0.3733200929789681 0.22781002477282766 -0.046822304918113455 80.73566824768524 0.6222001549649468 100.20635386891814 1.5753778500468334 0.0 154.03289137530265 -55.62864135304936 0.12568727080206693 -88.81964601915605 1.5756421801623741 5220.964755017693 -103.50621208673944 -0.1366643054407597 -0.061404594440881234 1.534790174941456 -0.13716659427781214 1.4696320768878675 -3.1920783220547926 -7.329682096920732 -7.3568839706626505 51.081466428302306 4025.5537179089906 -4404.918172966437 0.9125900199765092 0.9296396341303237 -0.07036036586967631 1.5518397890952706 1.5518397890952706
0.200912601987 77.59319434191033 1576923.1872389563 13000.680337718002 6388.836348721721 4052.981674657662 0.3760741921168858 0.24057622353084254 -0.02253312121573625 77.59319434191033 0.6267903201948097 100.25774592620249 1.6042571989790735 0.0 162.83387927475326 -54.175831112633574 0.12633682466161364 -87.13654482671774 1.6045768746067244 5065.276473631868 -103.53060004792997 -0.13873429893358857 -0.062241581758908135 1.5683270967168994 -0.17513042490799868 1.496186154180371 -3.1501139780021123 -7.246340542790438 -9.1477146784218 50.65975347648733 3894.4637074213233 -4217.238607138755 0.9415367765220898 0.9608885556459547 -0.039111444354045344 1.5876788758407643 1.5876788758407643
0.203383826992 74.56683513674419 1425432.6083429325 12808.28169691182 6124.413879899341 3792.958629246637 0.37799333013059894 0.25326433034656815 0.0028195042803752512 74.56683513674419 0.6299888835509982 100.29442798158935 1.6328083878313735 0.0 171.34764716665222 -52.48656869331888 0.1269934344997003 -85.47974065856049 1.6332103514072704 4927.792710359729 -103.53676208489152 -0.14076791076389003 -0.0630919496561186 1.6016189797747546 -0.2142255509375621 1.522488161454084 -3.108615162140596 -7.160103908728852 -10.896917517602176 50.20658261634211 3768.4226551532997 -4035.0558535568643 0.9716300962237564 0.9935311780349656 -0.006468821965034399 1.6235200615859637 1.6235200615859637
0.205885448064 71.6559270096038 1285279.1537339643 12579.199820225525 5867.102339227187 3549.4041506769727 0.3790104246822576 0.2658023562453359 0.029174977312216743 71.6559270096038 0.631684041137096 100.30923106379183 1.6608590184493126 0.0 179.48349882957802 -50.56172057921967 0.12765907422421202 -83.84882505051642 1.6613724436341397 4806.163992102021 -103.51747081774002 -0.14275560137654794 -0.06395490234015146 1.634481978008582 -0.25432381301402346 1.5483866028163278 -3.0676261435154077 -7.07097192222563 -12.597673844997967 49.72024934267155 3646.9813674669117 -3858.305119893874 1.0027979368714859 1.0274911541902965 0.027491154190296463 1.6591751953273923 1.6591751953273923
0.208417839075 68.85957274158426 1155995.5593599402 12316.853520614304 5616.873789730443 3321.5627461571826 0.3790623446728391 0.2781112640773695 0.056451187323281804 68.85957274158426 0.6317705744547318 100.29455114820877 1.6882217617780135 0.0 187.14681581901925 -48.40117466072867 0.128335846360275 -82.24339564956621 1.688877700918011 4697.914163159935 -103.46507419950342 -0.14468728968115283 -0.06482953780477044 1.6667177608499608 -0.2952669724698331 1.573717803651292 -3.0271910586613098 -6.978956196620281 -14.242722353316939 49.19913993055364 3529.706099581843 -3686.9187341193083 1.034947186395229 1.062664284655007 0.06266428465500684 1.6944348591097387 1.6944348591097387
0.210981378495 66.17664827511544 1037091.572774088 12024.60208621558 5373.701617848558 3108.6836812541346 0.378091634191073 0.2901051534784451 0.084542364483844 66.17664827511544 0.6301527236517883 100.24237819497 1.7146950881356324 0.0 194.2401524732205 -46.00595654882711 0.12902598020653608 -80.66305640586216 1.715525973490049 4600.48782488233 -103.37152749076856 -0.14655242337940316 -0.06571484508012612 1.6981142584681614 -0.3368644546096955 1.5983065684527504 -2.987353705025299 -6.884081966766102 -15.824389118140296 48.641757460322495 3416.181328613174 -3520.8265737908596 1.067961534816373 1.0989157080256509 0.09891570802565086 1.7290684316774392 1.7290684316774392
0.213576449451 63.6058102809487 928059.4486158716 11705.73271745977 5137.559107301843 2910.023999081801 0.37604836078591 0.3016916541191742 0.11331721539681683 63.6058102809487 0.6267472679765167 100.1443418176694 1.7400644833733336 0.0 200.66507719695412 -43.38205699818065 0.12973182857989887 -79.10741775435284 1.7411034689719147 4511.307915087067 -103.22844398534356 -0.1483400714861771 -0.06660970271890168 1.728446840161874 -0.37889157908739735 1.6219672216740821 -2.948157314659939 -6.7863899245875405 -17.334636306403187 48.046750394897224 3306.0126367775765 -3359.956584767622 1.1016995721853573 1.1360774474096165 0.13607744740961647 1.7628247153861332 1.7628247153861332
0.216203439779 61.14550450611848 828379.2156816445 11363.44724168985 4908.418158260774 2724.851313883006 0.3728920421545787 0.31277249469889107 0.1426173331759376 61.14550450611848 0.6214867369242979 99.99177534887221 1.7641040701002355 0.0 206.32409454213635 -40.53428982406716 0.13045586299395145 -77.5760967948024 1.7653842062821328 4427.8402159786865 -103.02715704499788 -0.15003904092256407 -0.06751287875124116 1.757479881706741 -0.42108824540533885 1.6445049812190424 -2.9096443086745634 -6.685938136621078 -18.765122113574403 47.41294338797087 3198.8291414383034 -3204.235040908564 1.1359931447824432 1.1739463086078863 0.17394630860788618 1.7954330455321843 1.7954330455321843
0.218862742088 58.793974820118656 737523.671599399 11000.8520803541 4686.248157569495 2552.4463646112213 0.36859359176915696 0.3232443656665154 0.1722562321935054 58.793974820118656 0.614322652948595 99.77579994559225 1.7865788851421005 0.0 211.12267259500896 -37.47103003650968 0.13120066713177003 -76.06871745387556 1.7881321278370252 4347.662840899767 -102.75880970336168 -0.15163801868961696 -0.06842303236065535 1.784968894667206 -0.46315856593978966 1.6657178342792582 -2.871856032655345 -6.582804019893053 -20.107288229593063 46.73936985402596 3094.286272740896 -3053.587087622095 1.170646241718611 1.2122825833451767 0.21228258334517658 1.8266052362937715 1.8266052362937715
0.221554753816 56.549272932790515 654963.0553045715 10620.948616569316 4471.01498257543 2392.105321760166 0.36313720283654866 0.33300003097546027 0.20201902759502488 56.549272932790515 0.6052286713942477 99.48742994759837 1.8072476989892725 0.0 214.97204140563963 -34.20586945015031 0.13196892847876016 -74.58491064444416 1.8091037663684761 4268.535469019145 -102.41446297700428 -0.15312573976696775 -0.06933871750602247 1.8106631447491888 -0.5047714318572865 1.6853988387534233 -2.8348324747218787 -6.477086318480625 -21.35246601407948 46.025305678651954 2992.068266268183 -2907.9371641352295 1.2054344733549411 1.2508095856191441 0.250809585619144 1.8560382570133918 1.8560382570133918
0.224279877288 54.409268714563915 580169.3802751523 10226.623416288981 4262.680140967606 2243.1418404783462 0.3565220890414318 0.3419296730955332 0.23166284533610082 54.409268714563915 0.5942034817357197 99.11769947915995 1.8258663270718203 0.0 217.79168564847998 -30.75060398939597 0.13276342801573165 -73.12431441285324 1.8280514287396121 4188.463249826478 -101.98521946128848 -0.15449118106723886 -0.07025838870974992 1.834308726731661 -0.545562095249391 1.7033388152667595 -2.798611967936337 -6.368907060868645 -22.491997987566595 45.270303280944304 2891.890165167966 -2767.2092149236396 1.240105244995941 1.2892141339360312 0.28921413393603124 1.8834176156717508 1.8834176156717508
0.227038519779 52.371661051435794 512620.3934486861 9820.642068121837 4061.2000426902273 2104.8888564206936 0.34876398045722423 0.34992258753349 0.2609183716192752 52.371661051435794 0.5812733007620404 98.65781010040172 1.8421916723813156 0.0 219.51196331420084 -27.121503009285995 0.1335870278953792 -71.6865740713002 1.8447271544373955 4105.752084094043 -101.46237837353502 -0.15572377975281435 -0.07118040920132551 1.8556522483796887 -0.5851353243495927 1.719329584309405 -2.763230879517198 -6.258413427197833 -23.517390875036984 44.47422507730385 2793.5001083032716 -2631.327212037757 1.2743789476176484 1.3271485094246462 0.32714850942464613 1.9084218101866868 1.9084218101866868
0.229831093572 50.433989191802695 451803.1427587623 9405.642860113836 3866.525380117945 1976.7001255341181 0.339896271082801 0.356869109985981 0.2894924354017341 50.433989191802695 0.5664937851380017 98.09929754758406 1.8559862205397357 0.0 220.07716164625597 -23.340399371484846 0.13444265706759267 -70.27134232176884 1.8588871837450998 4019.0497316059705 -100.83760484510918 -0.15681367316285616 -0.07210306154913033 1.8744449284228981 -0.6230699148152682 1.7331675547746817 -2.728723290509924 -6.145779460857254 -24.420483062483093 43.63727524997447 2696.6810357114273 -2500.215453789431 1.3079511432848963 1.3642337554780928 0.3642337554780928 1.9307275406160944 1.9307275406160944
0.232658016023 48.5936445106565 397217.1473662268 8984.130806342931 3678.6006300114836 1857.9515096085822 0.32997071976207654 0.36266275357082517 0.3170717193987574 48.5936445106565 0.549951199603461 97.43421480456298 1.8670229190022183 0.0 219.44806553676983 -19.429267266745583 0.13533329487067097 -68.87827936200755 1.8702968820919164 3927.369855886 -100.10311157581398 -0.157751956593114 -0.07302456086602839 1.8904470479612225 -0.6589246456326231 1.744657608335554 -2.69512066984414 -6.031207565979173 -25.19362464782727 42.76002859664135 2601.251848405734 -2373.7987050735846 1.3404958483577616 1.400064444606385 0.40006444460638513 1.950015644209846 1.950015644209846
0.23551970962 46.84788263897827 348377.1651462719 8558.473660303389 3497.363673714845 1748.0420137223703 0.31905761216007766 0.3672025726406256 0.34332777303831225 46.84788263897827 0.5317626869334628 96.65532734219889 1.875090459971775 0.0 217.60419239079232 -15.412522997024805 0.1362619526475119 -67.507052981925 1.8787361545468213 3830.098069926603 -99.25185651009137 -0.15853095336850126 -0.07394307059018991 1.903432746296798 -0.6922458885352893 1.753617279641319 -2.6624515478644404 -5.9149297148415645 -25.829873813324806 41.84345515122853 2507.0683190777977 -2252.002406248076 1.371670059363335 1.4342151386505395 0.4342151386505396 1.9659778255840026 1.9659778255840026
0.238416602048 45.193835882243874 304815.55551632564 8130.899088606408 3322.7455058583555 1646.3945826807928 0.30724530642887476 0.37039567431795517 0.3679232667378638 45.193835882243874 0.5120755107147913 95.75631462913073 1.879998777452655 0.0 214.54583822696807 -11.319242302004469 0.13723165351647432 -66.15733864129876 1.884005168608649 3726.9798508114004 -98.27774790352004 -0.15914448985611007 -0.07485672076689834 1.9131950082201046 -0.7225767370117259 1.7598810902585384 -2.6307411947179973 -5.797208273330062 -26.32320098889122 40.88893922964058 2414.0235316836397 -2134.752834283072 1.4011194975053132 1.466248466241265 0.4662484662412649 1.978323976956056 1.978323976956056
0.241349126253 43.628525878989166 266084.2470450367 7703.492010311537 3154.6700460124316 1552.4566676497873 0.29463911474191845 0.37215975995518114 0.39051929657904194 43.628525878989166 0.49106519123653075 94.73197133108405 1.8815844878155725 0.0 210.29553166609492 -7.180263356842299 0.13824541049046082 -64.82881953303766 1.8859301142770137 3618.0917286458325 -97.17584453010004 -0.15958816688066102 -0.07576362864643185 1.919550631469466 -0.7494673419474064 1.763304838512551 -2.600011310092809 -5.678336363868249 -26.668688633194126 39.89829158994334 2322.0475856551056 -2021.977078024231 1.4284854402329352 1.4957245725707609 0.49572457257076086 1.9867897638072916 1.9867897638072916
0.244317720506 42.14887642612711 231756.32222241527 7278.193045107082 2993.0540458504865 1465.7005747180167 0.28135950652361097 0.37242564258941424 0.41078364053408956 42.14887642612711 0.46893251087268495 93.57840022976394 1.8797161514067744 0.0 204.8985896448573 -3.026792107499377 0.13930620319359008 -63.52118663058732 1.8843688728123216 3503.799189771335 -95.94254774799167 -0.1598596176727646 -0.0766619213217097 1.9223450571131582 -0.7724862977586958 1.7637697450495606 -2.570279730833701 -5.55863768108356 -26.86272343632079 38.8737534949543 2231.106731190761 -1913.602962486724 1.4534125462404732 1.5222118143878052 0.5222118143878052 1.9911443252604901 1.9911443252604901
0.247322828469 40.75172641315805 201427.23360626822 6856.798384185743 2837.8070766834794 1385.6236099541336 0.26753965630195375 0.3711396624015042 0.4283997589634112 40.75172641315805 0.4458994271699229 92.29318812060397 1.874299186133334 0.0 198.42299927500952 1.1070412709471962 0.14041695350234998 -62.23413871768314 1.8792164096073627 3384.705404143981 -94.57577925473862 -0.15995874102029206 -0.07754976001678407 1.9214569108890809 -0.7912327808350911 1.7611863217410182 -2.5415601635282847 -5.438465663443911 -26.90317487361157 37.81799165346675 2141.2019922210293 -1809.5589732046126 1.4755574837191578 1.5452984323007506 0.5452984323007506 1.9911978594706734 1.9911978594706734
0.250364899259 39.43384280049437 174715.6708778534 6440.959903766627 2688.8315866666876 1311.7480366442658 0.25332240347955376 0.3682658401519695 0.44307608407170446 39.43384280049437 0.42220400579925627 90.87555567529927 1.8652800898709607 0.0 190.95850976207205 5.185726115582291 0.1415805004847039 -60.96738240241062 1.8704095198952673 3261.594723348429 -93.07512917993489 -0.15988789760323124 -0.0784253655411392 1.9168019875806428 -0.8053487947073088 1.7554977159782017 -2.51386194907289 -5.318201928552703 -26.78954484897156 36.73408329083759 2052.3670271719902 -1709.7740246532571 1.4945979817813864 1.5646046114331433 0.5646046114331434 1.9868086172323998 1.9868086172323998
0.25344438752 38.19193358270175 151264.10319241163 6032.1859311138915 2546.0230447760587 1243.6208619763659 0.23885673695966372 0.36378767731072337 0.4545552281576613 38.19193358270175 0.39809456159943957 89.32647306441542 1.8526497897571008 0.0 182.61466152438467 9.174988248978288 0.14279957508210578 -59.72063210930705 1.8579307116548511 3135.3753032498603 -91.44196786721429 -0.15965205748895625 -0.07928704433313645 1.908336517243282 -0.8145310294363051 1.746682391091414 -2.4871898661183973 -5.198253894545476 -26.523081863361774 35.62549093187964 1964.6653357291514 -1614.1771419287413 1.5102419556438427 1.5797944500600445 0.5797944500600446 1.9778890116594843 1.9778890116594843
0.256561753486 37.022660675087025 130739.02046165658 5631.843183513532 2409.2701410646937 1180.8134712225315 0.22429395266172036 0.35770953588986726 0.4626227424786379 37.022660675087025 0.3738232544362006 87.64873311321247 1.8364459969148386 0.0 173.51798563804098 13.040719593115075 0.14407677498470056 -58.493610059193756 1.8418110661537193 3007.0247059214453 -89.67951729668991 -0.15925888658459617 -0.08013321444754634 1.8960595939118947 -0.8185418651966904 1.7347560457002913 -2.4615439797392504 -5.079051502131113 -26.106855735365038 34.49602689254984 1878.1869788644667 -1522.6971444391243 1.5222363394756941 1.5905873574764722 0.5905873574764722 1.9644106119126727 1.9644106119126727
0.259717463054 35.92265266582295 112830.90034568493 5241.15924321322 2278.455044757435 1122.9211282783485 0.20978366312108673 0.3500574825265498 0.4671149046944266 35.92265266582295 0.34963943853514456 85.84697592030571 1.816754343229571 0.0 163.8085465247718 16.748805363880177 0.1454145402175858 -57.28604622543624 1.8221318100639277 2877.541113649385 -87.79287242237017 -0.15871876084032144 -0.08096243079439659 1.880014583552669 -0.8172188365533546 1.719772609265772 -2.4369195409403615 -4.961042968461722 -25.545783228472203 33.349807921876106 1793.044752231958 -1435.2622610048516 1.5303751450175243 1.5967682031070485 0.5967682031070485 1.946407641642193 1.946407641642193
0.26291198785 34.888517377663234 97253.92957997629 4861.225338510098 2153.4537211626975 1069.5623617644267 0.19546985731294758 0.340879516166594 0.46792506212880514 34.888517377663234 0.3257830955215793 83.92766090250515 1.7937081576503844 0.0 153.63582625714182 20.267712442343598 0.14681512992185816 -56.09767827621067 1.7990244169510616 2747.901988968393 -85.78896670724228 -0.1580446988197383 -0.08177340891971197 1.8602893879991103 -0.8104819583670674 1.7018242087545548 -2.4133069415693806 -4.844689529310124 -24.846598901721485 32.19120089319169 1709.369862532174 -1351.7996652351826 1.534506292477531 1.5981956019023287 0.5981956019023287 1.923978697423908 1.923978697423908
0.2661458053 33.916854185847136 83745.50883728114 4492.999817296008 2034.136287237651 1020.3782559344874 0.18148721216216124 0.33024516578765256 0.465008202250841 33.916854185847136 0.3024786869369354 81.89898415223463 1.7674868891877764 0.0 143.15412171005988 23.568767203655398 0.1482806008356663 -54.928251495913585 1.7726692146169736 2619.0312874485994 -83.67648290617328 -0.1572522058857858 -0.08256504663461116 1.8370155475238545 -0.7983385323552398 1.6810401047576151 -2.39069172791714 -4.7304591597348065 -24.017772250524878 31.024760889995793 1627.307310579699 -1272.235008568544 1.534536860586919 1.5948079068868155 0.5948079068868155 1.8972865938237509 1.8972865938237509
0.269419398705 33.00426603314455 72065.56929098172 4137.312351997321 1920.3674144895997 975.0316649318629 0.1679578420179578 0.3182444607288557 0.45838348011159374 33.00426603314455 0.2799297366965963 79.77074269064269 1.73831321680819 0.0 132.51785912464803 26.626134564777832 0.14981278792343145 -53.777518686632334 1.7432925182464503 2491.775398630914 -81.46571119865739 -0.15635902642643876 -0.08333644285687675 1.8103661956172583 -0.7808851323995893 1.657584621636933 -2.3690546746053642 -4.618819298286989 -23.06937321373806 29.855163425830384 1547.0111318926583 -1196.4919815817543 1.530436458920662 1.58662655535476 0.58662655535476 1.8665562920513563 1.8665562920513563
0.272733257309 32.14737110511338 61995.730111872894 3794.868293598849 1812.006763849411 933.2063693190072 0.15498864605664625 0.30498626175002114 0.44813443936057107 32.14737110511338 0.2583144100944104 77.55414925605237 1.7064488494549814 0.0 121.87693933994797 29.417432236630837 0.15141328756153247 -52.64524005539354 1.711162283937956 2366.887140643661 -79.16835489122717 -0.15538480525372433 -0.08408691309721458 1.7805528654436014 -0.7583064624056604 1.6316540761766427 -2.3483719191828043 -4.510228671709116 -22.012886164124513 28.687132854435948 1468.6395193770754 -1124.491848165375 1.5222384553491908 1.573756424796792 0.573756424796792 1.8320708348912023 1.8320708348912023
0.276087876374 31.342814105757963 53338.32507440664 3466.2536125908728 1708.9094467230016 894.6061915923736 0.14266937239558025 0.29059604481562773 0.43440695530053536 31.342814105757963 0.2377822873259671 75.26160425020485 1.6721892426265026 0.0 111.37244310794657 31.923774337326428 0.15308344361829385 -51.531183080134355 1.6765825186601238 2245.0170156702184 -76.7972939784035 -0.15435066474452827 -0.08481600115646568 1.747821306700476 -0.730871195392792 1.6034728630459985 -2.3286151555707395 -4.405128395271934 -20.860982502997217 27.52536923372842 1392.35007591046 -1056.1530391470912 1.510039019374509 1.5563832320812763 0.5563832320812763 1.7941655194072434 1.7941655194072434
0.279483757254 30.587277100991308 45915.325198228216 3151.9397861068987 1610.926514439482 858.9540874547436 0.1310714668560891 0.2752131777596001 0.4174048885678682 30.587277100991308 0.21845244476014852 72.90643402246248 1.6358573333280169 0.0 101.13278583004829 34.13289389140761 0.15482433668745021 -50.435122358913915 1.639886568967119 2126.7103332075676 -74.36631124028179 -0.1532787101931619 -0.08552348671630317 1.7124464005610671 -0.6989248144385184 1.5732887767439763 -2.309751883402716 -4.303932613890024 -19.627256267477854 26.374475999558136 1318.2952119839897 -991.3907408930256 1.4939939558009185 1.5347679593566728 0.5347679593566727 1.7532204041168211 1.7532204041168211
0.282921407468 29.877489880010746 39567.183459486085 2852.2897126032876 1517.905460920953 825.9912272126363 0.12024772188695093 0.2589878940568655 0.39738388029384797 29.877489880010746 0.2004128698115849 70.50260582163136 1.597796750105433 0.0 91.27058115326712 36.035067927309164 0.15663677662468664 -49.356839442611445 1.6014297836636495 2012.4092511900485 -71.88980080728638 -0.1521914825547349 -0.08620938867496611 1.6747265074674025 -0.6628801103779667 1.5413678915221714 -2.2917457082643415 -4.207019056105482 -18.325942308569452 25.23889076165694 1246.6180596790873 -930.1166527076848 1.4743136376558175 1.5092388618773651 0.5092388618773651 1.7096517316889501 1.7096517316889501
0.28640134078 29.210239804425445 34151.62439278447 2567.5633220730506 1429.6907385376207 795.4760808933676 0.11023268374633934 0.24207798798829272 0.37464340479422187 29.210239804425445 0.18372113957723224 68.06443140120585 1.5583645443714542 0.0 81.88054196929768 37.62432027637645 0.15852129846999577 -48.296122647951776 1.5615816352146445 1902.458069940472 -69.38246150311971 -0.1511113827772235 -0.08687396422227449 1.6349773203149927 -0.6232054870504101 1.5079890501567599 -2.2745566868676947 -4.114719938331951 -16.971618916835993 24.122821368446054 1177.448746768733 -872.2387476402405 1.4512561807377604 1.4801812085240666 0.4801812085240667 1.663902348101299 1.663902348101299
0.289924077271 28.58238111158428 29542.402869761 2297.9230222394485 1346.1242860407745 767.1835186141128 0.1010437392991578 0.22464537165669538 0.3495175084235338 28.58238111158428 0.16840623216526301 65.60627104562258 1.5179237405887969 0.0 73.03797201317933 38.90262475784928 0.1604781617048521 -47.25276685832765 1.5207176448176638 1797.1106850517904 -66.85898808103217 -0.15006009880052926 -0.08751770380742667 1.5935254737025157 -0.5804116733570548 1.4734381852902696 -2.258141709920856 -4.027313780654501 -15.578907442050026 23.03018910406351 1110.9011522736182 -817.6610722670493 1.425119241537253 1.448025309876857 0.44802530987685707 1.61643154204212 1.61643154204212
0.293490143422 27.990843633898674 25628.050426823833 2043.4404470244804 1267.0460553454343 740.9039355692024 0.09268275685118088 0.20685277290246126 0.3223650407444608 27.990843633898674 0.15447126141863482 63.14224935957422 1.4768363021630955 0.0 64.79831622626254 39.873432810373465 0.16250735272736722 -46.22657330447886 1.4792117589243703 1696.539704659975 -64.33378555133547 -0.1490580669373117 -0.08814132230299822 1.5507023600994498 -0.5350379815895695 1.4380028968418528 -2.2424549144156374 -3.945018658713553 -14.16219358814305 21.964580515318296 1047.070541188394 -766.2838045332883 1.396231098680815 1.4132338767831998 0.4132338767831999 1.5677051382018345 1.5677051382018345
0.297100072186 27.432640920255622 22310.62768784786 1804.1022555649445 1192.2945378054735 716.4424100944556 0.08513813790625507 0.18886049633707738 0.2935594171842385 27.432640920255622 0.14189689651042514 60.68599306705696 1.4354563136946634 0.0 57.19763832217593 40.544074404278945 0.16460859032614322 -45.21734933549055 1.4374290104319174 1600.8457763857575 -61.820698627734124 -0.14812400029903908 -0.08874574676838559 1.5068380815697373 -0.4876380912798328 1.4019671794216597 -2.227448117099835 -3.8679874149107625 -12.735361877332812 20.929208933330976 986.0316388954202 -718.0032637696138 1.3649411850593123 1.3762887637617964 0.3762887637617964 1.5181856602722215 1.5181856602722215
0.300754403074 26.90487772699529 19504.499424795034 1579.8162983833583 1121.707287083448 693.6179004081506 0.07838712875151066 0.17082347832867373 0.26347864998740733 26.90487772699529 0.1306452145858511 58.25039915308003 1.3941238645732585 0.0 50.25364040693492 40.92709567465639 0.16678133388563043 -44.224908170141944 1.395718985165297 1510.0669671555056 -59.33277627416702 -0.14727451394337884 -0.08933210133328494 1.4622559156213326 -0.43876637984306127 1.365606648861322 -2.2130712601659526 -3.7963052623523126 -11.31156284167277 19.926886290225305 927.8374414666014 -672.7120617291786 1.3316107010354814 1.3376780514468085 0.3376780514468085 1.4683232660326597 1.4683232660326597
0.304453682232 26.40475686515648 17135.145071369298 1370.418006204371 1055.1214332275745 672.2624845480739 0.07239823855282068 0.15288871955189084 0.2324960604074305 26.40475686515648 0.12066373092136781 55.84743966734869 1.3531597913287983 0.0 43.967393354935666 41.037153130206384 0.16902479396452033 -43.249068639359876 1.3544102700327474 1424.187774515818 -56.88207738900279 -0.14652386798289302 -0.0899016897713812 1.4172674487467933 -0.3889653342516018 1.3291843941370889 -2.1992728607497987 -3.729990011677939 -9.90301873796497 18.960005382020213 872.5187256470284 -630.2993764286553 1.2966037178254255 1.297884004688401 0.2978840046884011 1.4185477356097689 1.4185477356097689
0.308198462523 25.929585387268382 15138.016644976087 1175.676609384172 992.3741824466006 652.2206460092145 0.06713362944606738 0.13519312251665083 0.20097193233912425 25.929585387268382 0.1118893824101123 53.48800697092932 1.3128613147492367 0.0 38.32549542704339 40.89112860654154 0.1713379448835724 -42.289654914765975 1.3138059248821083 1343.14741919102 -54.47951836653589 -0.14588384102658078 -0.09045597637625272 1.3721684411691015 -0.33875435931205716 1.2929474954942661 -2.1860004560946407 -3.6689949623943723 -8.520868489375536 18.030532297194814 820.0841382037632 -590.6512915971782 1.2602790587589892 1.257372245453538 0.25737224545353815 1.3692616278636505 1.3692616278636505
0.311989303612 25.476780102922188 13457.453140891323 995.3012797850026 933.3033043428956 633.3486061301631 0.0625513636533933 0.11786178300759366 0.16924638645629214 25.476780102922188 0.1042522727556555 51.1818012882472 1.2734986592119475 0.0 33.30250401216598 40.508171729525024 0.17371953892100453 -41.34649622538163 1.2741800615958125 1266.8473423992582 -52.134765071028276 -0.14536373397244176 -0.09099656575416154 1.3272355058039589 -0.2886203372696567 1.25712427709295 -2.173201036985574 -3.613214244080734 -7.175054601565909 17.140008361372463 770.5208328169224 -553.651209857048 1.2229832330483033 1.2165825034729265 0.21658250347292646 1.320834776228582 1.320834776228582
0.315826772046 25.043872418414665 12045.659065019763 828.9471388812522 877.7475995494824 615.5137029768551 0.058607422470010925 0.10100674463527207 0.137633621456144 25.043872418414665 0.09767903745001821 48.93725985132832 1.2353126589061623 0.0 28.86344581478774 39.90937603917713 0.17616812170440826 -40.41942656661409 1.2357755211077583 1195.1578706595863 -49.8561679996981 -0.14497049325045316 -0.09152518212354777 1.2827236162440534 -0.239010111334222 1.2219223012077132 -2.1608214630068563 -3.5624901903702386 -5.874251242713768 16.289560651894195 723.7955728054379 -519.180324436406 1.1850445787940351 1.1759211359631654 0.17592113596316536 1.2736001734131837 1.2736001734131837
0.319711441343 24.62851249155092 10861.752084108355 676.2214209456274 825.5473489143604 598.593814934585 0.055257437613268706 0.08472624558685829 0.10641767521039812 24.62851249155092 0.09209572935544785 46.761525543879905 1.1985134045658459 0.0 24.966349265013047 39.115838367298025 0.17868204841062155 -39.50828439738352 1.1988026816941648 1127.9241776028764 -47.650740971067094 -0.14470893176906396 -0.09204364867632954 1.2388644763184868 -0.19032508926741315 1.1875271369505422 -2.1488088539622674 -3.516622134781494 -4.625834438902078 15.4799199168815 679.8562864525767 -487.1181810688598 1.146768746963039 1.135755615060727 0.13575561506072703 1.227851344416175 1.227851344416175
0.323643892071 24.228472710131406 9870.883581849132 536.689131335538 776.5447372375437 582.4768267834208 0.05245810556490549 0.06910435402631375 0.075849519221578 24.228472710131406 0.08743017594150915 44.660451062045375 1.1632796951630873 0.0 21.564636440581626 38.14959947200879 0.1812595003903317 -38.612912333633304 1.1634391371825283 1064.9714190790412 -45.52417267502871 -0.14458201965893547 -0.09255386747768243 1.195865582956858 -0.14291767081287007 1.1541017394092008 -2.1371109532722303 -3.4753759428073074 -3.435884398588102 14.711444598811244 638.6338505024115 -457.3432279035676 1.108435407015349 1.0964107431176335 0.09641074311763363 1.1838409190591428 1.1838409190591428
0.327624711944 23.841650489073082 9043.434097234433 409.87878819566833 730.5842558937004 567.0601345209445 0.05016827955563371 0.054211021447743306 0.04614555943108334 23.841650489073082 0.08361379925938951 42.638634075953384 1.1297593586904728 0.0 18.609249587645714 37.032970006507725 0.18389850189325066 -37.73315682977223 1.1298302850650537 1006.1093071523666 -43.480871617911745 -0.14459121395213484 -0.09305780032885695 1.1539100048459763 -0.09708960556642149 1.1217864719127064 -2.1256764597724715 -3.438493586431474 -2.3092212017080396 13.984149607649943 600.0441456906112 -429.733425159098 1.0702962055865868 1.058166690200382 0.058166690200381996 1.1417804894597714 1.1417804894597714
0.331654495901 23.466070402456324 8354.283911269078 295.28793989232213 687.5130788143064 552.2501853332016 0.04834975235688509 0.04010246819303819 0.017487333233588462 23.466070402456324 0.08058292059480848 40.69947790390552 1.098070253828397 0.0 16.05054402888038 35.78713734870733 0.1865969365641643 -36.868867861412426 1.0980906119890064 951.1361230552612 -41.52403578353949 -0.14473679690589253 -0.09355745091563855 1.1131567292926172 -0.05309197338198548 1.0906996345692797 -2.1144553259213734 -3.405702134415212 -1.2494657877118527 13.297738500881094 563.9902414274964 -404.1668614934142 1.0325738086978087 1.0212585824434108 0.021258582443410945 1.1018415030382194 1.1018415030382194
0.3357338462 23.09988565478748 7782.158141598659 192.38836537553516 647.1814095821168 537.962048093193 0.046967759851817406 0.026821831492219932 -0.009977796464425925 23.09988565478748 0.07827959975302902 38.845272037969444 1.0683018032886031 0.0 13.839843642935975 34.43308594228444 0.18935256348045504 -36.01989859947848 1.0683055072452876 899.8422222499566 -39.65574007742495 -0.14501819777302677 -0.0940548485034981 1.0737414564982268 -0.011126505221037423 1.0609383891306703 -2.10339902097851 -3.3767216872132946 -0.25911979073317903 12.651637800231981 530.3646164624548 -380.52235393417425 0.9954618567451979 0.9858773836227532 -0.014122616377246752 1.0641569833757822 1.0641569833757822
0.339863372508 22.74137891041097 7309.04427824 100.63113233486547 609.4428037399066 524.119010020448 0.0459912432650311 0.01440004041223473 -0.03613508540248741 22.74137891041097 0.07665207210838518 37.07728727330894 1.0405169867058979 0.0 11.930659521849005 32.990957233683595 0.19216303250417813 -35.186105083755265 1.0405335165339844 852.013154601708 -37.87703778147076 -0.14543427882957563 -0.09455203334750761 1.035777773877637 0.028651937400936068 1.0325800230809195 -2.0924607589507183 -3.3512719464877687 0.6603392487722759 12.045032288549253 499.0513907197249 -358.68004694879426 0.9591257017692518 0.9521718945097125 -0.04782810549028745 1.0288239666180978 1.0288239666180978
0.34404369199 22.38896249552004 6919.679293163881 19.451456612871482 574.1544601157044 510.652194797945 0.045392913493255665 0.002856854941243527 -0.0609001941946524 22.38896249552004 0.07565485582209278 35.39588008922073 1.0147546616274405 0.0 10.279618353440954 31.479179662317048 0.19502589878113058 -34.3673458960474 1.0148088933642594 807.4324378648378 -36.18807039945338 -0.14598357416053445 -0.09505104392271524 0.9993586085655725 0.06613200601794769 1.0056834587586239 -2.0815956916623053 -3.329077292250625 1.5083527888446486 11.47690027717331 469.92850234942404 -338.52199453412254 0.9237037527434796 0.9202516059592487 -0.07974839404075128 0.9959064617813416 0.9959064617813416
0.348275429402 22.041177995666757 6601.102586153726 -51.72681804021926 541.1774838368488 497.50019777924393 0.04514916117329256 -0.00779800966981304 -0.08421655656001795 22.041177995666757 0.0752486019554876 33.80060184561 0.9910320453954697 0.0 8.847097815830368 29.915231434043925 0.1979386362788783 -33.56348183274133 0.9911442744653725 765.8839737043315 -34.58817949630536 -0.14666447657659534 -0.09555390600892358 0.9645578366610563 0.10124196752153107 0.980290891492319 -2.0707610681264326 -3.3098703923275963 2.2851727287635764 10.946047992797936 442.86974840269215 -319.9326931277085 0.8893092347055687 0.890190095158931 -0.10980990484106905 0.9654386971144187 0.9654386971144187
0.352559217183 21.696695270247076 6342.270632838251 -113.48692831064847 510.37711945076194 484.60873400586553 0.04523985527670602 -0.017563694225939425 -0.10605243943054096 21.696695270247076 0.07539975879451004 32.290308777615365 0.9693473193639691 0.0 7.597583634754338 28.315370090955128 0.20089865027450363 -32.77437557975517 0.9695334381301759 727.1541933940443 -33.076018896740024 -0.1474753744535943 -0.09606262361503727 0.9314320175428199 0.13394540621430812 0.9564295289111308 -2.059916361793608 -3.293394499499301 2.9917511825144447 10.451142402504503 417.74669620432786 -302.7995862272723 0.8560322587483099 0.8620288222029271 -0.13797117779707296 0.9374285809974372 0.9374285809974372
0.356895695555 21.354310909614096 6133.728420564154 -166.41510683764915 481.6229555528161 471.93029517907524 0.045648066550625734 -0.026446984099818563 -0.12639784103756085 21.354310909614096 0.07608011091770955 30.863269674478808 0.9496822698801488 0.0 6.499839907553284 26.69381842353446 0.20390328876292108 -31.999891388602094 0.9499540603493188 691.0339518299222 -31.649664240034895 -0.14841474376674682 -0.09657917168151005 0.9000221922256948 0.16423672458377145 0.9341133729369255 -2.0490233676986915 -3.279404649908119 3.6296317984753195 9.990741956925806 394.4304389785612 -287.01353356867196 0.8239420813079852 0.8357811376124804 -0.16421886238751965 0.91186124853019 0.91186124853019
0.36128551261 21.012946166081857 5967.332821110139 -211.09694154182156 454.78909920493254 459.42381229342874 0.0463597489028443 -0.0344611450081406 -0.1452614317260077 21.012946166081857 0.07726624817140716 29.517268590328804 0.9320048164453996 0.0 5.526896107147954 25.063616050429566 0.2069498527552579 -31.239894761055822 0.9323703223259967 657.3201154607068 -30.30671494229017 -0.1494812039158774 -0.09710549045991776 0.870355645381192 0.19213673153187585 0.9133449446651185 -2.0380462719131853 -3.2676680292366607 4.200847848002314 9.563324883700213 372.7931289212058 -272.4692082313595 0.7930893972097849 0.8114362358804055 -0.1885637641195945 0.8887024840518127 0.8887024840518127
0.365729324415 20.671644384277794 5836.022669611058 -248.1138988534424 429.754321605011 447.05432084979907 0.04736340445272054 -0.041624790425099735 -0.16266754087462243 20.671644384277794 0.0789390074212009 28.249700793407847 0.9162714665465784 0.0 4.655879559005203 23.436693154733245 0.21003560551860878 -30.494252134735248 0.9167354129192282 625.8169411497224 -29.044390176944177 -0.15067354639394964 -0.0976434814556798 0.8424476551151484 0.21768830883820003 0.8941169780632874 -2.0269516956338713 -3.257963760158127 4.707825717949184 9.167314800265183 352.7093404912877 -259.0654583596355 0.7635086476939476 0.7889630499954181 -0.21103695000458186 0.867902057416619 0.867902057416619
0.370227795105 20.329567967495652 5733.630335513496 -278.04011658073375 406.4021760770116 434.79262645848746 0.048649752242491975 -0.047960815052014244 -0.17865329603039015 20.329567967495652 0.0810829204041533 27.05766071746374 0.9024296243737631 0.0 3.867766964338856 21.822916761520403 0.2131577807675588 -29.76283057959529 0.902993858328729 596.3372267896194 -27.859616733867583 -0.15199074509943797 -0.09819500478950215 0.8163031806995577 0.24095230391086744 0.8764140335389291 -2.015708716616251 -3.250082340208675 5.153296185936379 8.801103532038907 334.0572400817496 -246.70561734753088 0.7352202602954043 0.7683139495780853 -0.23168605042191476 0.8493968699822385 0.8493968699822385
0.374781596985 19.985994910815947 5654.729639595036 -301.43955073355306 384.6210874066267 422.6149689290606 0.05021141505904046 -0.05349542247002475 -0.19326599816900383 19.985994910815947 0.08368569176506745 25.93802110101874 0.8904196935960637 0.0 3.1470817876082533 20.230946254789572 0.21631358988969657 -29.045497500602778 0.8910836247056692 568.7032199696458 -26.749107171604948 -0.15343195595900044 -0.09876187783556034 0.7919184459559024 0.26200376666514996 0.8602139904128141 -2.004288870429106 -3.2438249168574838 5.540215245855312 8.463071120294105 316.7195475785573 -235.2977499856339 0.708232754190835 0.7494281340321414 -0.25057186596785863 0.8331138257972088 0.8331138257972088
0.379391410628 19.64031493919434 5594.515225051879 -318.86346038340486 364.3044150893067 410.50268373051085 0.052042634726344454 -0.058257255010919884 -0.20656076628551745 19.64031493919434 0.08673772454390742 24.88750306125506 0.8801769582583899 0.0 2.4815122853690443 18.668840569280377 0.2195002282678294 -28.342120351434275 0.8809379829583417 542.7473006272669 -25.70942816218735 -0.15499651219566482 -0.0993458749820391 0.7692824045049782 0.28092857458030707 0.845489406276564 -1.9926661341469858 -3.239002544714083 5.871694733961003 8.151603082003595 300.58430028158705 -224.75483689757567 0.6825446799610707 0.7322346776152049 -0.26776532238479506 0.8189724021591123 0.8189724021591123
0.384057924979 19.292025282598033 5548.70857856661 -330.8479325020522 345.3504905626549 398.44185999748987 0.054139021010058526 -0.06227657640643037 -0.21859834906622827 19.292025282598033 0.09023170168343088 23.902737122627016 0.8716333526172027 0.0 1.8615402524229858 17.1425021953291 0.22271488078489424 -27.652566357704472 0.872487250286375 518.312539452266 -24.737062898046716 -0.15668391944867738 -0.09994872837377389 0.748378155420042 0.2978202897048655 0.8322088149290303 -1.9808168947557845 -3.235435513143424 6.150938972801177 7.865105045073373 285.54549387781697 -214.9949396272697 0.6581464537366112 0.716655358148403 -0.283344641851597 0.8068870598318338 0.8068870598318338
0.388781837456 18.940726130443686 5513.486218456986 -337.91197443290724 327.66262936058416 386.4229951110931 0.05649733596189605 -0.06558460133870152 -0.22944331551103456 18.940726130443686 0.09416222660316009 22.980315508765223 0.8647189110921255 0.0 1.2800913863170216 15.657148826200649 0.22595472660142535 -26.976702253195725 0.8656602051151697 495.2529886621573 -23.82846129311538 -0.15849385329285384 -0.10057212948701104 0.7291841659533624 0.3127775643988318 0.8203378209644814 -1.9687199047176247 -3.2329527917411527 6.381193751821495 7.602014923863709 271.50349981754664 -205.94127383855806 0.6350219393502023 0.7026069960963164 -0.2973930039036836 0.7967692226994765 0.7967692226994765
0.393563854057 18.58611579955913 5485.426183107835 -340.55574394122027 311.14912055074194 374.44064605756483 0.0591153158033042 -0.06821289586084321 -0.23916245865862076 18.58611579955913 0.09852552633884035 22.1168361854006 0.8593630676802195 0.0 0.7321366132737434 14.21749183878587 0.22921694330157963 -26.31439402787673 0.8603853470014201 473.43384470771247 -22.980083653197468 -0.16042616133124693 -0.10121773140946191 0.7116754086165946 0.3259018458749844 0.8098401017141704 -1.956356226693316 -3.2313916276550043 6.565702002334273 7.360812830495518 258.365362999338 -197.52225213410958 0.6131498822777542 0.6900035178328853 -0.30999648216711473 0.7885290441717255 0.7885290441717255
0.398404689462 18.227985654150586 5461.468826453899 -339.25892841198134 295.7231933732271 362.4930783418602 0.06199152583787874 -0.0701928427083026 -0.24782339244493723 18.227985654150586 0.1033192097297979 21.30893930475701 0.8554958172848607 0.0 0.2143763930125459 12.826468630569687 0.232498710484387 -25.665506691386227 0.8565920163809287 452.73149651750725 -22.18843846123829 -0.16248086923645833 -0.10188715170302978 0.6958244142376966 0.3372953520908065 0.8006783214417895 -1.9437091693721875 -3.230597268917081 6.707665499065022 7.140028933269253 246.04499312090852 -189.67149694739953 0.5925052045078987 0.6787577689659173 -0.32124223103408267 0.7820769786957152 0.7820769786957152
0.403305067142 17.866214818868293 5438.888836240701 -334.47961983943014 281.302963179767 350.5819136897982 0.06512524753318646 -0.07155523576197323 -0.25549348322392046 17.866214818868293 0.10854207922197745 20.553336715294847 0.8530485959980569 0.0 -0.2750622900920372 11.486723610511309 0.23579721291950403 -25.02990404999042 0.8542112346216515 433.03336741522344 -21.450110142597637 -0.16465819109796553 -0.10258197573291868 0.6816021419839771 0.34705953176188825 0.79281486013771 -1.9307642162687142 -3.2304228085100695 6.810216715902851 6.938249479616756 234.46318725344483 -182.32777691793052 0.5730600627619996 0.6687828952320184 -0.3312171047679816 0.7773249744539957 0.7773249744539957
0.408265719468 17.500764718371606 5415.275502925664 -326.65324454893204 267.8113585608039 338.71177783362566 0.06851639353942471 -0.07232991275905305 -0.26223890767111746 17.500764718371606 0.11419398923237452 19.846835327475667 0.851955081561257 0.0 -0.736921542176858 10.200313088387803 0.23910964333115145 -24.40744849958483 0.8531764654243721 414.23769676589603 -20.761783229363886 -0.1669585430436242 -0.10330376037299827 0.6689787943958279 0.3552936984292181 0.7862124885833887 -1.9175089488993844 -3.230729115089203 6.876394385310151 6.75412120113476 223.54759195300767 -175.43493062311376 0.5547848051634533 0.659993559665391 -0.340006440334609 0.7741875488977654 0.7741875488977654
0.413287387817 17.131673485839702 5388.518735608015 -316.1917821002787 255.17603022538535 326.88995024311555 0.07216544650160522 -0.07254546565253528 -0.2681239184894936 17.131673485839702 0.12027574416934204 19.18635502666507 0.8521518256798485 0.0 -1.1710432161370772 8.96830074964743 0.24243320490563725 -23.79800083606861 0.8534242110983887 396.2532047046414 -20.12026042156107 -0.16938255902083135 -0.10405403799119764 0.6579245146604571 0.3620939630111263 0.7808349284699503 -1.9039329659080562 -3.2313848177632574 6.9091252322707915 6.586354310048842 213.2325671930934 -168.9417472015649 0.537648770491115 0.6523068911555936 -0.34769310884440635 0.7725826353249357 0.7725826353249357
0.418370822688 16.759050272460914 5356.798757861015 -303.48321085294486 243.32924383564583 315.1260175264782 0.07607341804715802 -0.072229011722456 -0.2732102750086548 16.759050272460914 0.1267890300785967 18.568941879194412 0.853578755069942 0.0 -1.5765751847481704 7.791361743678957 0.2457651136070349 -23.201420080925082 0.8548944810149053 378.9986702866642 -19.522475861401944 -0.17193110781512103 -0.10483432064900826 0.6484099872538872 0.36755240248678334 0.7766473204682345 -1.8900277991913879 -3.2322663171668538 6.911210536689999 6.433724285442959 203.45897660634301 -162.80181473294513 0.5216209571752906 0.6456432198247405 -0.3543567801752595 0.7724322499033373 0.7724322499033373
0.423516783807 16.383069499326965 5318.577772705148 -288.8911856233276 232.20775838004943 303.43153268216184 0.08024182419372318 -0.07140602273675073 -0.2775568271094063 16.383069499326965 0.1337363736562053 17.99177730483972 0.8561795465467991 0.0 -1.9521556791061887 6.669879996997613 0.24910260036032375 -22.61756332710575 0.857531137943907 362.40243285712893 -18.965503984073948 -0.17460531033470544 -0.1056461044393486 0.6404069427115293 0.3717564494453744 0.7736166023321797 -1.875786828288438 -3.2332577975884345 6.885317140620238 6.295072633345465 194.17391336366353 -156.97333792657133 0.506670569055324 0.6399266142423524 -0.3600733857576476 0.7736629878985578 0.7736629878985578
0.428726040247 16.003965080330303 5272.592243033351 -272.7548324169088 221.75269139931137 291.8196820663746 0.08467267390353753 -0.07010018065407696 -0.2812191776068933 16.003965080330303 0.14112112317256256 17.45218382604319 0.8599019455656693 0.0 -2.2960614828253716 5.603568546354483 0.2524429131904958 -22.046285600172297 0.8612821911871346 346.40186110426737 -18.446566061030197 -0.1774065564491637 -0.10649087392095269 0.6338886104701635 0.37478839201948577 0.7717118423004816 -1.8612051937212297 -3.234251220748913 6.833970759891011 6.169306789265896 185.33039532438735 -151.41894319209487 0.492767487297601 0.6350853171111119 -0.364914682888888 0.7762064402836746 0.7762064402836746
0.433999370542 15.622024655359866 5217.8447034237915 -255.38880183334203 211.909372853677 280.30496232641264 0.08936846683673123 -0.06833328949487452 -0.2842494830800637 15.622024655359866 0.1489474447278854 16.94762799285613 0.8646979616478216 0.0 -2.6063180640683643 4.59200584114569 0.25578331936674104 -21.487439739564607 0.866099970641808 330.9427570371082 -17.963032719971295 -0.1803365204915821 -0.10737010659124467 0.6288300741268912 0.37672507637746716 0.7709044824681874 -1.8462797102823205 -3.235146282300276 6.7595533018935905 6.055399314147011 176.8870076944958 -146.10545343142863 0.4798826293990058 0.6310520021708087 -0.3689479978291913 0.779999446898694 0.779999446898694
0.4393375628 15.237583862175951 5153.594456666875 -237.0834477460023 202.6271893107048 268.9028692001956 0.09433219904741134 -0.06612520957413882 -0.2866963161609179 15.237583862175951 0.1572203317456856 16.475720957034994 0.8705240155847676 0.0 -2.880814766986289 3.6345323271200036 0.25912110760269746 -20.94087629909521 0.8719412558701324 315.9787416015463 -17.51242465393962 -0.183397175495118 -0.10828527736730373 0.6252085785157833 0.37763769699281496 0.7711685420138713 -1.831008780794423 -3.235850330670968 6.664301975826556 5.952386519104945 168.8075277746737 -141.00365290867114 0.4679882467700977 0.6277639516333986 -0.37223604836660146 0.7849842833790841 0.7849842833790841
0.444741414823 14.851020678827727 5079.346553836048 -218.10513066263852 193.85941958245905 257.6296001469346 0.09956737236258212 -0.06349380968013167 -0.2886045731596735 14.851020678827727 0.16594562060430354 16.03421717189206 0.8773410474446299 0.0 -3.1173595542648056 2.7298463669149418 0.26245359038223115 -20.406443465333147 0.878767368904103 301.47063066535446 -17.09241188129456 -0.18659080531232647 -0.10923786304030852 0.6230037933725938 0.3775916528714091 0.7724807856083442 -1.8153923109500492 -3.236278233169212 6.550309817207797 5.859366636840139 161.06053881623444 -136.08804409957452 0.45705817276829036 0.62516317505588 -0.37483682494411996 0.7911087956601836 0.7911087956601837
0.450211734225 14.462749865309378 4994.838912355278 -198.69677379541724 185.5630640266311 246.50177258940025 0.10507800726830055 -0.060454973114854996 -0.2900155065786415 14.462749865309378 0.17513001211383425 15.621011596861822 0.8851145055351927 0.0 -3.3137426206582523 1.8770961231688081 0.2657781064413842 -19.883986995749616 0.8865441516127858 287.3857662774996 -16.700809525448626 -0.18992001509279946 -0.11022934667727194 0.6221979818051661 0.37664658916335086 0.7748208042283988 -1.799431625694328 -3.2363521995866913 6.4195296698876785 5.7754976432177205 153.6190091532828 -131.33657998022272 0.4470679696913318 0.6231963670669707 -0.3768036329330293 0.7983263791808048 0.7983263791808048
0.455749338556 14.073217529476615 4900.027447403026 -179.07838223225446 177.6986685961552 235.53615932373577 0.11086865690496395 -0.0570225765164101 -0.2909666987845616 14.073217529476615 0.1847810948416066 15.234135742849661 0.893814396057045 0.0 -3.4677998502547527 1.074982772018209 0.26909202345245997 -19.373350175129268 0.8952420052219963 273.6973966811125 -16.335574985188785 -0.19338773990094 -0.1112612219531372 0.6227761923072608 0.37485634989630695 0.7781711281999246 -1.7831293874574747 -3.2360015613788873 6.273776751319369 5.69999481732968 146.45990300013148 -126.73041360456307 0.4379950974656542 0.6218149409442808 -0.37818505905571925 0.8065960357858875 0.8065960357858875
0.46135505542 13.682895843708426 4795.069248923326 -159.44775269485442 170.23014470198152 224.74944255108647 0.11694441954883165 -0.05320850328425551 -0.29149211033365174 13.682895843708426 0.19490736591471944 14.871752848819986 0.9034152555810676 0.0 -3.5774060207647502 0.32182635751805216 0.27239274093137467 -18.874373792316625 0.9048358553255348 260.3840402495813 -15.994802913297093 -0.19699725120487133 -0.11233499739138632 0.6247263835013712 0.3722690435289045 0.7825172805884766 -1.766489516610961 -3.235162505479538 6.114733384499067 5.632128115311584 139.56377743819053 -122.25363429499967 0.4298190175866518 0.6209749659622275 -0.37902503403777255 0.8158823318769468 0.8158823318769469
0.467029722602 13.29227793437894 4680.30410570912 -139.9813284711612 163.12458712967458 214.1579876895621 0.12331095038596449 -0.04902268530163624 -0.2916221901309909 13.29227793437894 0.20551825064327414 14.532152432499013 0.9138960605122833 0.0 -3.640516602279387 -0.3835195004774829 0.2756776934222628 -18.3868961344113 0.9153050562045624 247.42884782764716 -15.676718520813992 -0.20075216197167403 -0.11345220049935954 0.6280394923011963 0.3689272016487282 0.7878477810689192 -1.7495171143688306 -3.233777779081175 5.943955392678485 5.571219421132724 132.91437636377157 -117.89299756089292 0.4225212416579221 0.6206370250193087 -0.37936297498069127 0.826155275662583 0.8261552756625831
0.47277418819 12.9018729630961 4556.234602600692 -120.83500417704809 156.3520906559018 203.7776378603398 0.12997447035135354 -0.04447311004502727 -0.29138390432428807 12.9018729630961 0.21662411725225592 14.21374440837618 0.9252402129279678 0.0 -3.6551801894966482 -1.042778284790875 0.27894435395308403 -17.910753000605702 0.9266333721321728 234.8190263560664 -15.37967275324553 -0.20465643016562668 -0.11461438178963901 0.6327095380469125 0.3648678174023468 0.7941541934271069 -1.7322183882580786 -3.2317963655301143 5.762876612890286 5.516639727558681 126.49826524145548 -113.63767678886208 0.41608542079465655 0.6207661771413397 -0.37923382285866025 0.8373902943935956 0.8373902943935957
0.478589310704 12.5122014194579 4423.505125259405 -102.14511612693317 149.8855665130635 193.62352977378688 0.1369417703839155 -0.039565871557399594 -0.2908008558815035 12.5122014194579 0.2282362839731925 13.915052944570142 0.9374354280916889 0.0 -3.6195166534425014 -1.6574986882183802 0.282190237811739 -17.44577773322664 0.9388088626086663 222.54525247974678 -15.102135053089476 -0.20871436059965784 -0.11582311867148305 0.6387336476317211 0.3601225224978578 0.8014311003500657 -1.7146005803645628 -3.2291731353627267 5.572815815499894 5.467806289528616 120.30445688937807 -109.4790041978362 0.4104973636585286 0.6213318031642718 -0.3786681968357281 0.8495680871374642 0.8495680871374645
0.484475959226 12.123790639854953 4282.880243943216 -84.02943740303616 143.70056063053235 183.7099314041938 0.14422021254417558 -0.03430521015960622 -0.28989337449419983 12.123790639854953 0.2403670209069593 13.634710193732527 0.9504736464127594 0.0 -3.5317502144786648 -2.228975315982792 0.28541290664276103 -16.991801266600383 0.9518237928550329 210.60113036502196 -14.8426867814823 -0.21293060592091467 -0.11708001920507564 0.6461120843677975 0.35471772143898 0.8096760882441788 -1.6966718983953704 -3.2258684891991405 5.374982974317229 5.424179785804322 114.32406625756954 -105.41022651009436 0.4057450634608383 0.6223074897678597 -0.37769251023214034 0.8626745106748189 0.862674510674819
0.490435013525 11.737170566235307 4135.222764465715 -66.58816522196634 137.77507354349052 174.05010163444462 0.1518177239769654 -0.028693533326033617 -0.28867855402372716 11.737170566235307 0.25302953996160904 13.371449998772118 0.9643509859378818 0.0 -3.3901787214228327 -2.7590574436058453 0.2886099728679989 -16.548652194087673 0.9656745853034019 198.9826996368616 -14.600015681483306 -0.21731016594045394 -0.11838672570660752 0.654848290801712 0.3486746510483878 0.818889752510528 -1.6784414496346929 -3.2218479844775962 5.170484497081965 5.38526151597824 108.5499976900148 -101.42627726184574 0.401818750840103 0.6236709813476644 -0.3763290186523356 0.8767005213092733 0.8767005213092733
0.496467364191 11.352869757031796 3981.471928740222 -49.905057504677785 132.0893837660282 164.6561718165528 0.15974278504612013 -0.022731485079228377 -0.2871703891332781 11.352869757031796 0.2662379750768669 13.124101659837365 0.9790675859435888 0.0 -3.193161668187992 -3.249081571940025 0.2917791044721129 -16.1161568504645 0.9803616640955899 187.68794160842418 -14.372907957304932 -0.22185838597210197 -0.11974491818886952 0.6649488480227812 0.34200959200762815 0.8290756242708595 -1.6599191778709737 -3.217081961480691 4.960330854640265 5.3505906545676405 102.97662915977153 -97.52354357152842 0.39871087294591434 0.6254040041359649 -0.37459599586403514 0.8916419792128317 0.8916419792128317
0.502573912771 10.971411657110533 3822.622130474636 -34.04847725846329 126.62587546598971 155.5390488806391 0.1680044107498878 -0.016417972289032134 -0.285379806197683 10.971411657110533 0.280007351249813 12.891583832562947 0.9946275450521301 0.0 -2.9391375175394634 -3.700428026316902 0.29491803013513707 -15.69413941015766 0.9958893938062674 176.71635770831216 -14.160242698432533 -0.226580954185389 -0.12115631763129063 0.6764234864030956 0.3347339255465868 0.840240154478818 -1.6411158032020055 -3.211545172579356 4.7454418843044825 5.31974157841082 97.5995441424235 -93.6996608280076 0.39641613515328256 0.6274922268383005 -0.3725077731616994 0.9074995780881137 0.9074995780881137
0.508755571898 10.593311136175206 3659.7024389319636 -19.07248507634489 121.36887053351215 146.7083395234047 0.17661212216399366 -0.00975020496703029 -0.2833147105400579 10.593311136175206 0.29435353693998945 12.67289859759816 1.0110388263999315 0.0 -2.6265810849877 -4.1146987703066875 0.2980245447141747 -15.282422001843095 1.012265986127686 166.06857571266622 -13.96098576416486 -0.23148389732186714 -0.12262268905500534 0.6892850631274509 0.32685422016342375 0.8523926701060651 -1.6220427648276357 -3.205216410391415 4.526652648069653 5.292321279406191 92.41528018666506 -89.95331531059406 0.39493152618746136 0.6299252004820206 -0.37007479951797934 0.92427873742201 0.92427873742201
0.515013265432 10.219071298698182 3493.7573076673807 -5.017963636017839 116.30446650828705 138.17229469753258 0.18557590944619576 -0.0027237535102473663 -0.2809800588319508 10.219071298698182 0.3092931824103263 12.467125737980535 1.0283131235783753 0.0 -2.2540077549608206 -4.493072105249897 0.3010965151027948 -14.880824835810948 1.0295033682424917 155.74598438688005 -13.774183076567681 -0.2365735753777781 -0.12414584439003334 0.7035495033835234 0.31837236077781755 0.8655452987591417 -1.602712166723588 -3.198078148381387 4.304719907624651 5.26796687021515 87.4210949253602 -86.28405627781324 0.3942563209731972 0.6326962660403824 -0.3673037339596176 0.9419894484507086 0.9419894484507086
0.521347928597 9.849180568636408 3325.828681101054 8.086328639244783 111.42038049702388 129.93777349757102 0.19490618335556364 0.0046674237338282226 -0.27837784852566116 9.849180568636408 0.3248436389259394 12.273417251728237 1.0464657904002783 0.0 -1.8199655488536342 -4.836858287363137 0.3041318864419308 -14.489166345598143 1.0476171148553255 145.75042769222082 -13.5989555744016 -0.24185667461461827 -0.1257276451109658 0.7192357727739307 0.3092855598131787 0.8797129301329332 -1.583136726178541 -3.190116189713076 4.080326960909619 5.246343188274398 82.61477024619373 -82.69213126976031 0.3943921338479912 0.6358025693563087 -0.36419743064369126 0.9606462082822482 0.9606462082822482
0.527760508119 9.484110050351394 3156.939716464156 20.222672576900436 106.70579957152674 122.01022537818513 0.20461371387175453 0.01243092895342452 -0.2755071413949892 9.484110050351394 0.34102285645292424 12.090992105955012 1.065515715057935 0.0 -1.3230124403942227 -5.147300890384367 0.3071286886954158 -14.10726334219222 1.0666263255954824 136.08392301576546 -13.434493330723186 -0.24734019868088797 -0.1273700046122131 0.736365801897704 0.29958642660817586 0.8949131345327119 -1.5633297251744342 -3.1813193270824933 3.8540893385515234 5.2271405003759455 77.99443047816544 -79.17832949387963 0.39534294544477966 0.6392450324258683 -0.3607549675741317 0.9802678888787926 0.9802678888787926
0.534251962368 9.12431116409128 2988.080294146921 31.38334579410224 102.15123829266248 114.39368947655923 0.2147095551117557 0.020575880936509024 -0.2723640499362847 9.12431116409128 0.35784925851959287 11.919131242162784 1.0854852085833082 0.0 -0.7617157792743857 -5.425509378612695 0.31008504359092365 -13.73493117945413 1.0865535170092404 126.74842331600183 -13.280050349187107 -0.2530314577593029 -0.12907489029401306 0.7549644092019038 0.2892629887312294 0.9111660850333418 -1.5433049645169479 -3.171679017911633 3.6265598481786583 5.21007230793124 73.55838801896917 -75.74384269266321 0.3971151506823109 0.6430283729422177 -0.3569716270577823 1.0008776314618106 1.0008776314618106
0.540823261505 8.770213553365988 2820.1944018444815 41.56960386931209 97.74840341129133 107.09080971625838 0.22520495347635802 0.02911286503910969 -0.268941712470657 8.770213553365988 0.3753415891272634 11.75717283138275 1.1063998766566063 0.0 -0.1346418437120496 -5.672469051019975 0.31299917192688625 -13.371983929690714 1.1074244984701926 117.74561455026087 -13.134939475274116 -0.2589380550758309 -0.1308443253224578 0.7750592007524874 0.27829870566356446 0.9284944621090452 -1.5230767206472966 -3.1611890721842846 3.398233526600885 5.194873252100906 69.30501037724999 -72.3901398980993 0.399717611625224 0.6471611388584747 -0.3528388611415253 1.0225027279857382 1.0225027279857382
0.547475387622 8.422223260824744 2654.1694674568994 50.79070555695694 93.49006622088828 100.102864300297 0.23611123791205788 0.03805388530486303 -0.26523023697001974 8.422223260824744 0.3935187298534298 11.604507772688962 1.12828849288341 0.0 0.5596401697787836 -5.889114158423584 0.315869401227346 -13.018234569854478 1.1292682499940094 109.07675123459944 -12.99852780296223 -0.26506787056153736 -0.13268039001578016 0.7966804585166168 0.2666724455038863 0.946923352604826 -1.5026597051106907 -3.1498453570786134 3.1695521239708633 5.181297115429841 65.23261049237358 -69.1188578853008 0.4031617286631871 0.6516557837614247 -0.34834421623857525 1.0451745136148545 1.0451745136148545
0.55420933489 8.08072116565902 2490.8276268222735 59.06297613264809 89.36994235065205 93.42980809405545 0.24743968800836708 0.04741231198387157 -0.26121662227045883 8.08072116565902 0.41239948001394516 11.46057542316085 1.1511828577434864 0.0 1.322575719280576 -6.076407941188275 0.31869417376337833 -12.6734951753728 1.1521167863205193 100.74252592140058 -12.870232352043026 -0.27142904070892054 -0.1345852228121238 0.8198610051509065 0.2543584400677066 0.9664801316307661 -1.482069026531795 -3.137645513369531 2.9409083366993043 5.169114917022386 61.33935717602914 -65.93170545818771 0.40746152513696143 0.6565287719983224 -0.3434712280016776 1.0689282520122676 1.0689282520122676
0.561026109709 7.746061676954388 2330.918924758717 66.40888898248602 85.38257952673592 87.07032641647618 0.2592013791959609 0.05720280236303291 -0.2568847046687578 7.746061676954388 0.4320022986599349 11.324859549327904 1.1751175939911769 0.0 2.155615805187002 -6.235024017369852 0.3214720549413101 -12.33757712134691 1.1760049585105057 92.74296191187622 -12.749515204088851 -0.2780299344581528 -0.1365610207522021 0.84463601217018 0.2413262907831585 0.9871942942289412 -1.461320155097399 -3.124588689937825 2.7126506071958802 5.1581130964996476 57.62319876463617 -62.83037767612943 0.41263371351024514 0.6618006516825488 -0.3381993483174513 1.0938029503424835 1.0938029503424835
0.567926730858 7.418571672998284 2175.1163653945155 72.85623121400428 81.52325305325796 81.02189867670819 0.27140700102761894 0.06744124033495588 -0.2522150230002742 7.418571672998284 0.45234500171269826 11.196884478814404 1.200129978712424 0.0 3.0602060331754197 -6.365621254574984 0.3242017420394808 -12.010291290255878 1.2009702924657417 85.07734916603935 -12.635879978460615 -0.2848791241764959 -0.13861003941833794 0.8710428160738674 0.22754086726284536 1.0090973027454389 -1.4404288893527761 -3.1106752931211727 2.4850866049164377 5.148091781844972 54.081812201177115 -59.816488151764645 0.4186978143611691 0.6674962335426522 -0.33250376645734786 1.1198412352553504 1.1198412352553504
0.574912229648 7.098549678926175 2024.0127084013377 78.43729235041664 77.78786890826163 75.28087036633754 0.2840666441805813 0.07814464548103564 -0.24718470512448565 7.098549678926175 0.4734444069676355 11.07621143825972 1.22625970184315 0.0 4.0377870699111815 -6.468754861474979 0.3268820733157748 -11.69144828470418 1.2270527551695272 77.74420301125637 -12.528867783990833 -0.29198535067272896 -0.1407345922424998 0.8991206675190503 0.2129622553641834 1.0322223752533126 -1.419411325316918 -3.0959067486735132 2.2584872493868606 5.1388631364247495 50.712562570816125 -56.89150985528875 0.42567626055141483 0.673644743000908 -0.326355256999092 1.1470891499685436 1.1470891499685436
0.581983650073 6.786265271363385 1878.1189028371134 83.18811439815994 74.17287456559261 69.84253188632199 0.2971895541639081 0.08933107680026511 -0.24176731698297838 6.786265271363385 0.4953159236065135 10.962435052833372 1.253548606623535 0.0 5.089776326215231 -6.544979238232015 0.3295120374691358 -11.380858644666034 1.2542945037668638 70.74126183489787 -12.428053699788741 -0.29935748170639015 -0.14293704910053812 0.9289104488657578 0.19754566760562978 1.0566042513196328 -1.3982838277488332 -3.0802852803120766 2.0330902251893668 5.130249779393547 47.51247908676796 -54.05672869835313 0.43359452525924425 0.6802800214073115 -0.3197199785926885 1.175595945013825 1.175595945013825
0.589142048968 6.481958699625248 1737.863999417862 87.14777971716038 70.67517713214622 64.70120276240267 0.31078384574667317 0.10101950504365417 -0.2359327232313954 6.481958699625248 0.5179730762444553 10.855179985602653 1.2820403530130597 0.0 6.217564066887404 -6.594655943468988 0.3320907834833147 -11.078333067126238 1.2827395590311332 64.06553373315097 -12.333042968862166 -0.3070044624929554 -0.14521983408794195 0.9604543181844214 0.18124139276560808 1.0822788941699573 -1.377063003494314 -3.063813699781698 1.809103798045772 5.1220832747678955 44.47824098470776 -51.3132056304986 0.442481241939966 0.6874407133982012 -0.3125592866017988 1.2054137896426564 1.2054137896426564
0.596388496171 6.185840711097761 1603.5964049381703 90.35775620884428 67.29206899990955 59.85031983693917 0.3248561771181555 0.11322966584183083 -0.22964693089690252 6.185840711097761 0.5414269618635925 10.754097694853112 1.31178003096669 0.0 7.422459668958144 -6.617853656881895 0.3346176308454866 -10.783682627428057 1.312433430039281 57.713445878788086 -12.243467443724064 -0.3149352577565133 -0.14758542236808023 0.9937952960444791 0.16399474239082312 1.1092831464436004 -1.3557656767518202 -3.0464952154270857 1.5867103991310798 5.114202684068068 41.60617540288037 -48.66174896605992 0.4523683341808866 0.6951704772210983 -0.3048295227789018 1.2365974390846908 1.2365974390846908
0.603724074674 5.898092569251459 1475.5862840052787 92.86131913759795 64.02116025179376 55.28252811995345 0.33941137501690827 0.1259819181967923 -0.22287184847662195 5.898092569251459 0.5656856250281804 10.65886328275782 1.3428137765515586 0.0 8.705681343659148 -6.614994588715711 0.33709208012209607 -10.496719002769794 1.3434227428313383 51.681217977629146 -12.15898320618522 -0.32315878308555723 -0.15003633596057328 1.0289768260619405 0.1457458977055394 1.1376543726648258 -1.3344088661790308 -3.028333249242032 1.3660690458266065 5.10645317820157 38.89227050199947 -46.10289881094005 0.4632912010337601 0.7035183054148686 -0.29648169458513146 1.2692039304430491 1.2692039304430491
0.611149880792 5.618866251320624 1354.0289561018467 94.7029732649762 60.860317858468996 50.989773046134175 0.35445200869363147 0.13929701135258754 -0.21556517283666693 5.618866251320624 0.5907533478227192 10.569172406403624 1.3751881749860522 0.0 10.068336250571615 -6.586112053388519 0.3395138239565088 -10.217254693782031 1.3757546586758076 45.96564292109725 -12.079266284261301 -0.33168382471313296 -0.15257513832923283 1.0660421640992297 0.12642997664742728 1.1674299431354527 -1.3130097636860913 -3.009331267996984 1.147319677517717 5.09868470445483 36.33218568432988 -43.63691201889763 0.47528881627651054 0.712538682050173 -0.287461317949827 1.303292029872892 1.303292029872892
0.618667024326 5.348284812560436 1239.04912368972 95.92796079070108 57.80761157839126 46.96339297961934 0.369977910702615 0.15319585325585 -0.20768019380568886 5.348284812560436 0.616629851171025 10.484738230122023 1.408949657365336 0.0 11.511331499964351 -6.530991760974684 0.34188275844462157 -9.945103245686376 1.4094762874796796 40.565586093819185 -12.004009718408867 -0.340518946692945 -0.15520442761322684 1.1050337302474662 0.10597700698485821 1.1986466958787028 -1.291585714759303 -2.989492632634022 0.9305861599115275 5.0907507059102635 33.92127588151847 -41.263758848859645 0.4884038790764412 0.722291847529825 -0.27770815247017494 1.3389216987008499 1.3389216987008499
0.626276628725 5.086442903848085 1130.7057405503535 96.58182231735233 54.861265703155226 43.19421090770987 0.38598563501945654 0.16769924769035394 -0.19916557553174163 5.086442903848085 0.6433093916990943 10.40528838471064 1.4441438161673528 0.0 13.035351116973082 -6.449706217404947 0.34419899490351147 -9.680079467442624 1.4446340221268281 35.484339413054684 -11.932920989572672 -0.34967238271927753 -0.15792682832938454 1.1459923690936937 0.08431189939791453 1.2313403239501768 -1.2701542001465962 -2.9688204554368536 0.7159789333068085 5.082506890650914 31.65462240318946 -38.9831260893483 0.5026829773945994 0.7328440950298579 -0.2671559049701421 1.3761534867289522 1.3761534867289522
0.633979831258 4.833407429841845 1028.9973800335013 96.709977496451 52.01961673008319 39.672624375552246 0.40246785277152425 0.18282753980610236 -0.18996524898128986 4.833407429841845 0.6707797546192071 10.330561907983537 1.4808145056379174 0.0 14.64079269339842 -6.341954317628791 0.346462872067704 -9.421999646888558 1.4812726606507147 30.732381834941332 -11.865718178044922 -0.3591519116929204 -0.16074498135200915 1.188956427201943 0.061354621932199295 1.2655445975068154 -1.2487328187644597 -2.9473174735074292 0.5035989423510712 5.073810050178398 29.52706183452616 -36.794421309074906 0.518176672582736 0.7442679252830534 -0.2557320747169466 1.4150476799022607 1.4150476799022607
0.641777783183 4.589218333802227 933.86794744403 96.35737475297205 49.28107652221507 36.3886928037253 0.4194126821601555 0.19860023951542052 -0.18001825612892547 4.589218333802227 0.6990211369335925 10.260306138506163 1.5190028808046672 0.0 16.32767503837955 -6.2074176141310256 0.34867496867824166 -9.170681762204985 1.5194344692622237 26.329169420164895 -11.802127138118642 -0.36896471512050216 -0.16366153197235925 1.2339607456110329 0.03702033854885743 1.3012905212195855 -1.2273392715785503 -2.924985937499483 0.29354056158582775 5.064516927215314 27.533222958675914 -34.69678459965566 0.5349396086774404 0.7566422654198008 -0.24335773458019916 1.4556634023533934 1.4556634023533934
0.649671649916 4.35388949671829 845.212594105094 95.56817421044323 46.64410048694506 33.33222145931667 0.4368029493526784 0.21503556474721028 -0.16925866997313027 4.35388949671829 0.7280049155877973 10.194273530412651 1.5587462456146672 0.0 18.09557899200768 -6.045846969013645 0.3508361164790564 -8.92594568848525 1.5591580574231387 22.301954331480037 -11.741878161350208 -0.3791172141742613 -0.1666791158102673 1.281035477531863 0.011219699763762973 1.338605338447591 -1.2059913463069232 -2.901827513957453 0.0858950410924928 5.0544831351881605 25.667563527581574 -32.68910232854848 0.5530305619440657 0.7700525918714982 -0.22994740812850178 1.4980575074592957 1.4980575074592957
0.65766261121 4.127409736768184 762.8837139359014 94.38546848561747 44.107160596447734 30.492841433613076 0.4546153832925714 0.2321499015378094 -0.15761560146052922 4.127409736768184 0.757692305487619 10.13221836306203 1.6000767040270898 0.0 19.943534279340014 -5.8565501048115705 0.35294741361640236 -8.687613397705235 1.6004770586826362 18.680468483754535 -11.684702288025228 -0.3896148851949008 -0.16980034235796754 1.330204724453755 -0.01614069963841219 1.3775113767689762 -1.1847069026189188 -2.877843206927518 -0.11924568339247532 5.043562133309894 23.9244072141148 -30.77002312216703 0.5725124189661359 0.7845909429661181 -0.2154090570338819 1.542283248453737 1.542283248453737
0.665751861328 3.9097438972499194 686.696905242721 92.85105839883947 41.66872276035708 27.86008511093146 0.4728197448363439 0.24995721844297464 -0.14501321062501027 3.9097438972499194 0.7880329080605732 10.073893321407791 1.6430196974355629 0.0 21.869897720807607 -5.639056460214065 0.3550102383994326 -8.45550915271405 1.6434187002597707 15.488573189442066 -11.630328414168112 -0.4004620514670921 -0.17302777590543642 1.381485041869054 -0.045157820082675576 1.4180247885519968 -1.163503857633407 -2.8530332969533108 -0.32178596450074615 5.031604263691918 22.297984268773398 -28.937978160700787 0.5934521338084807 0.8003559278440373 -0.1996440721559627 1.5883888359046106 1.5883888359046106
0.673940609222 3.7008340101214086 616.4367998317878 91.00525349204 39.327228123920825 25.42345669768318 0.49137789439620844 0.2684683712787566 -0.13137087033788664 3.7008340101214086 0.8189631573270141 10.01904591708534 1.6875922869891276 0.0 23.872282878959016 -5.3930279671098384 0.3570262634070075 -8.229459693433327 1.6880021200729736 12.736039924005677 -11.57847968498352 -0.4116616494627184 -0.17636391360606474 1.4348837181418455 -0.0759314136021747 1.4601540908095214 -1.1424001713768897 -2.8273972977386936 -0.5216226938115041 5.0184558592749715 20.782469258580022 -27.191201311107207 0.6159205608148314 0.8174525402155055 -0.1825474597844945 1.6364156975425197 1.6364156975425197
0.682230078716 3.5006005237173796 551.862684455716 88.88669356398873 37.08107820189492 23.172497492464085 0.5102428119521979 0.28769026814943727 -0.11660356996746957 3.5006005237173796 0.8504046865869965 9.967414737633346 1.733801116619527 0.0 25.94738976245617 -5.117428582418495 0.3589974698981173 -8.009294414784257 1.7342363662419376 10.41377273328886 -11.528868743582514 -0.4232149691260193 -0.17981116042672662 1.4903967833377971 -0.10856287391112757 1.503898461450702 -1.121413831927643 -2.80093393940334 -0.7186403893949143 5.003958434448262 19.37201473803864 -25.527748353138954 0.6399920967508006 0.8359916640119867 -0.16400833598801334 1.6863963505989832 1.6863963505989832
0.690621508684 3.3089435820800905 492.7138421874677 86.53223718760465 34.92862337002471 21.096845652743564 0.5293575831663986 0.30762503058016927 -0.1006222774757698 3.3089435820800905 0.8822626386106643 9.918725502245719 1.7816403611348943 0.0 28.090840840434048 -4.811743393076804 0.360926162415985 -7.794845536408296 1.7821183821707158 8.493956933354317 -11.481195110289804 -0.43512136725047273 -0.18337180075841394 1.5480069482890193 -0.14315412998989965 1.549245994848293 -1.1005628397807883 -2.7736411791825617 -0.9127083946989467 4.987947973601128 18.060790863745456 -23.94552160943873 0.6657443096783551 0.8560896335418143 -0.14391036645818567 1.7383522721524787 1.7383522721524787
0.699116153241 3.1257443455846174 438.71455192177865 83.97685121756383 32.86815410158528 19.186290322392423 0.5486543632055377 0.3282689741208883 -0.08333466966548919 3.1257443455846174 0.9144239386758962 9.872686922727246 1.8310892690104072 0.0 30.297110565095245 -4.475525460983392 0.36281498354335096 -7.585948262182654 1.8316305859474233 6.934317288883251 -11.435140693658333 -0.4473779520001395 -0.18704796645459235 1.6076812143191157 -0.17980597506039803 1.5961716557749164 -1.0798651911026471 -2.745516232210433 -1.1036761992652409 4.970254336373826 16.843017256219046 -22.4422907146474 0.6932572756432195 0.8778673194870542 -0.12213268051294579 1.7922912581629507 1.7922912581629507
0.707715281926 2.9508663425997588 389.5787231116964 81.25352397807418 30.897895291538184 17.4308200580036 0.5680533622348279 0.34961145133027827 -0.06464620035468216 2.9508663425997588 0.9467556037247132 9.828986380798554 1.8821094033700312 0.0 32.55928552183149 -4.107651557572733 0.3646669286449939 -7.382440930657182 1.8827381448724847 5.684403052218611 -11.390364598526219 -0.4599792423407695 -0.19084160109642057 1.6693682293867547 -0.21861590070954756 1.6446350054345524 -1.0593388594727937 -2.716555647544109 -1.291368020324926 4.950700801986543 15.712991450245523 -21.015712609874072 0.7226126256620413 0.9014487785404386 -0.09855122145956141 1.848204382265152 1.848204382265152
0.716420179893 2.784156840500109 345.01411995294217 78.39323527309011 29.016002695553496 15.820665546090053 0.5874618739371207 0.37163371087980723 -0.04446119647023672 2.784156840500109 0.9791031232285345 9.787285420587668 1.9346419267582977 0.0 34.86892251145729 -3.7077763456422823 0.3664853604284321 -7.1841651546983485 1.935386288627078 4.691811277993856 -11.346500432604145 -0.4729168013240707 -0.1947544203723849 1.7329956205991652 -0.25967591303748955 1.6945779314043043 -1.0390017754391643 -2.6867554144510737 -1.4755798634547244 4.929103779716807 14.665122012877022 -19.663355496679216 0.7538924973706307 0.9269598658889155 -0.07304013411108445 1.90606298911745 1.90606298911745
0.725232148106 2.6254482287907486 304.7261647066078 75.42491085519896 27.220561507414796 14.346336709843868 0.6067733956734579 0.3943075105896832 -0.022684636724345175 2.6254482287907486 1.0112889927890965 9.747215120042025 1.9886043560647515 0.0 37.215934670466375 -3.275331849130113 0.3682740231595251 -6.990965950283616 1.9894970828287186 3.9070045883950923 -11.303150588665808 -0.48617884684279594 -0.1987878684449417 1.7984669334994332 -0.30306937584318094 1.7459220046741817 -1.0188718036099846 -2.656111109828515 -1.6560735285536765 4.9052727170266435 13.693950892328226 -18.38271668724498 0.7871779407103369 0.9545259650104265 -0.045474034989573475 1.9658149577995232 1.9658149577995232
0.734152503528 2.474559403676187 268.4213163002462 72.37541790259982 25.509586938811626 12.998654321158575 0.62586690431129 0.41759371459392525 0.0007758038216265639 2.474559403676187 1.0431115071854833 9.708371386211109 2.04388731100711 0.0 39.58836272256016 -2.809628955155048 0.3700370562091999 -6.802691854791107 2.0449661821274274 3.286277290624621 -11.259882076550973 -0.4997498463193395 -0.20294307034545148 1.8656585391229683 -0.348867541460934 1.798565821958272 -0.9989667165121103 -2.6246181006031644 -1.832572121156704 4.879010239846558 12.794177305117271 -17.171242348667686 0.8225470319374849 0.9842693704294863 -0.015730629570513743 2.02738087761497 2.02738087761497
0.743182579321 2.331297146641078 235.81001690020827 69.26957731896533 23.881026165380476 11.76877631226616 0.6446063394711594 0.4414408228243421 0.02600725150422789 2.331297146641078 1.0743438991185992 9.670310260588844 2.100351150622827 0.0 41.972288156423026 -2.3105635900245534 0.37177900667577973 -6.619195033298531 2.101659451425545 2.7930348870692425 -11.216222548018159 -0.5136100993024822 -0.20722078049711157 1.9344164519445008 -0.3971255102958744 1.8523822704846722 -0.9793041647090651 -2.5922717909370454 -2.00475572378258 4.850112564899769 11.960678858023078 -16.026345957310582 0.8600725528259016 1.0163060747069264 0.016306074706926355 2.090649973825525 2.090649973825525
0.752323725047 2.195457489126256 206.60922290740825 66.13018090797465 22.332761781688085 10.64821901382449 0.6628403839907447 0.4657833917257789 0.05308844977470173 2.195457489126256 1.104733973317908 9.63254336988802 2.1578224230926097 0.0 44.35169875312904 -1.7778391988057813 0.3735048406774702 -6.4403313734066785 2.159409372133888 2.397843469435851 -11.171655409111665 -0.5277353196502789 -0.2116213276302918 2.004553035493589 -0.44787733243468814 1.9072156805630704 -0.9599016425194009 -2.5590679338617037 -2.1722561018432804 4.818370226415854 11.188527407389318 -14.945423925554332 0.8998190621756808 1.0507416679599988 0.05074166795999879 2.155475641277907 2.155475641277907
0.761577306865 2.0668270562599385 180.54453088587482 62.97803469559384 20.86261630367723 9.628873585470258 0.6804026202110398 0.490540514447813 0.08208615031211819 2.0668270562599385 1.1340043670183997 9.594533668319276 2.216090517330518 0.0 46.70839372997664 -1.211548422904168 0.3752199528591293 -6.265960568719549 2.2180116149742557 2.077745095101403 -11.125616568462007 -0.5420962277070179 -0.21614455652326542 2.0758438781362387 -0.501130681140977 1.962879139747053 -0.940776448688927 -2.5250030040347147 -2.3346529957077387 4.783569162039228 10.473004962735804 -13.925871604915567 0.9418395111178391 1.0876666797806256 0.08766667978062559 2.2216710467990253 2.2216710467990253
0.770944707739 1.9451843831228481 157.35192016665118 59.832005399495515 19.468357598945595 8.703017933490402 0.6971121590098218 0.5156142891184945 0.11305077728580737 1.9451843831228481 1.1618535983497031 9.555691677679656 2.2749043756355105 0.0 49.021972556482666 -0.612114333762232 0.37693017362917797 -6.095946189902229 2.277221627466056 1.815239476976314 -11.07749088687509 -0.5566581679847086 -0.22078976721268959 2.1480247812242688 -0.5568606987119457 2.0191518945349562 -0.9219456413547117 -2.49007463922668 -2.4914700577461844 4.745492203737627 9.809615116041215 -12.9650966553241 0.9861711828745658 1.1271509711927026 0.12715097119270258 2.2890045695424055 2.2890045695424055
0.780427327644 1.8303011977510624 136.7791363083206 56.70908052704972 18.14770507844715 7.863324433950341 0.7127748409791027 0.5408884086182917 0.1460115139975331 1.8303011977510624 1.1879580682985045 9.51537247979475 2.333969582296038 0.0 51.26984492201158 0.019812240567066278 0.3786417735093918 -5.930155744133209 2.3367515416646456 1.5972032544733632 -11.026609817390344 -0.5713807708062597 -0.22555565255790966 2.2207891088627507 -0.6150032937624677 2.075777072518095 -0.9034259866727429 -2.4542821549169003 -2.6421719183402335 4.703921017976485 9.194092752568748 -12.06053147926189 1.032831040564246 1.1692373664340672 0.16923736643406717 2.3571954347325716 2.3571954347325716
0.790026583774 1.7219436655739953 118.5867420393496 53.62443604522666 16.898336431489884 7.10286379511436 0.7271851061612751 0.5662269219013294 0.18097078028254687 1.7219436655739953 1.2119751769354585 9.472873746788336 2.3929459572180054 0.0 53.42734183359337 0.6831136514388685 0.38036146394464404 -5.768460722686434 2.39626752071832 1.4139000386694778 -10.972250087549789 -0.5862176793703735 -0.2304402353228645 2.2937856315871867 -0.6754478960689729 2.1324598367779553 -0.8852339005092189 -2.4176271329675494 -2.7861622318957986 4.658638535502056 8.622411276216617 -11.20964411612874 1.0818104546517282 1.2139344812084758 0.2139344812084758 2.4259096581439343 2.4259096581439343
0.799743910755 1.6198735905608346 102.5488651226769 50.591511486969665 15.717894792449012 6.4151054035112525 0.7401286237812402 0.5914732686147157 0.2178981913197533 1.6198735905608346 1.233547706302067 9.427435161185924 2.4514458976218205 0.0 55.46791095620745 1.3762129731134558 0.3820963938511629 -5.610736636539144 2.4553877786217653 1.2581496384894186 -10.913633921790279 -0.6011163675821676 -0.23544080624603772 2.366617078142942 -0.7380298557469851 2.1888661635423645 -0.8673853826659054 -2.3801140859053693 -2.922783199345769 4.6094319035616005 8.090787784692532 -10.409947819836425 1.133069371840875 1.2612088618628323 0.2612088618628323 2.4947565681648998 2.4947565681648998
0.809580760857 1.5238495690181408 88.45367306196638 47.622089894986885 14.60399615962698 5.793914503807301 0.7513857531979954 0.6164496800525806 0.2567240990827788 1.5238495690181408 1.2523095886633258 9.378239597392986 2.509033687746104 0.0 57.36342815118944 2.0970124359777054 0.3838541411103813 -5.456863040482126 2.513681486734501 1.124672469857701 -10.849931029522956 -0.6160180763145802 -0.24055386489071479 2.4388395981890465 -0.8025226781786094 2.2446224201840606 -0.8498959432373093 -2.3417511929024215 -3.051316796138406 4.556095981636839 7.595686129069601 -9.659009203969402 1.1865300095257205 1.3109765641309203 0.31097656413092034 2.563286152794246 2.563286152794246
0.819538604216 1.433628092409573 76.1036057784751 44.72638209130241 13.554236993172259 5.233546561957603 0.7607358841694016 0.6409570674752804 0.29733291413854657 1.433628092409573 1.2678931402823361 9.324416482978751 2.5652260544208825 0.0 59.084616375638454 2.842867661951066 0.3856426982127671 -5.306723545283674 2.5706688437145186 1.00959846609404 -10.780262830693886 -0.6308578989899064 -0.24577506540706467 2.509963380955445 -0.8686304179685985 2.299315960721808 -0.8327805208314536 -2.3025511039979554 -3.1709881814122562 4.498437385227213 7.133818142179032 -8.954455120501628 1.2420702406731086 1.3630944251140158 0.3630944251140158 2.6309875653963517 2.6309875653963517
0.829618929047 1.3489645962366938 65.31539623167865 41.91311499356328 12.56620183536816 4.728639157847893 0.7679626582238757 0.6647755346906009 0.33955650935114945 1.3489645962366938 1.2799377637064595 9.265047750499779 2.619494273057609 0.0 60.60160856326098 3.6104495168931 0.3874704511781878 -5.160205819193308 2.6258226201252035 0.910121094381912 -10.703709508317736 -0.6455650473523736 -0.25109916965500484 2.5794546913370904 -0.9359806852622103 2.3524969721376197 -0.8160533926127101 -2.2625318002642634 -3.2809718888601624 4.436279060446928 6.702143412415916 -8.29397847314286 1.2995169276306306 1.4173514173295911 0.41735141732959113 2.6972891810360506 2.6972891810360506
0.839823241875 1.2696144523853297 55.91990897685771 39.18962045053046 11.63747088600275 4.274201744646147 0.7728600246926518 0.6876656062085617 0.38316797721509754 1.2696144523853297 1.2881000411544197 9.199176782924765 2.671268018369517 0.0 61.88463549553944 4.395826672502745 0.38934615100067343 -5.017201577572074 2.678571386729168 0.8242810848874235 -10.619319842152706 -0.660063328935754 -0.25652001043465544 2.646739509615797 -1.0041186462074527 2.4036817289636776 -0.7997280763545349 -2.221717496939519 -3.380400767641114 4.369465344699323 6.2978671682542835 -7.675342694847737 1.3586394684613772 1.4734604364763488 0.47346043647634883 2.761560477630768 2.761560477630768
0.85015306775 1.1953339030437122 47.761825020540435 36.561926904183075 10.765627445398128 3.8656036020133624 0.7752390163171562 0.7093703338814955 0.42787627334086986 1.1953339030437122 1.2920650271952603 9.125820703126774 2.71994130053613 0.0 62.904839967130705 5.194330359617995 0.39127887679132495 -4.877606562794917 2.7283047976430455 0.7508807754817934 -10.52612470989925 -0.6742718646873166 -0.2620304677868486 2.7112090498095607 -1.0725027524097246 2.4523575057172122 -0.783817225040784 -2.1801395690956844 -3.4683785780086476 4.297867436226424 5.9184370827436314 -7.096385429201749 1.4191440226143004 1.5310512127164488 0.5310512127164488 2.823116239911709 2.823116239911709
0.860609950483 1.1258809345025578 40.69919976954089 34.034850045585095 9.948265130595201 3.4985602945460994 0.7749350524360203 0.7296183396919436 0.47332215866947425 1.1258809345025578 1.2915584207267006 9.043986250981618 2.7648805793961753 0.0 63.63521715097254 6.000590875321056 0.39327799005678676 -4.741320512820408 2.774381062275706 0.6895662469245866 -10.423153962952885 -0.6881060700205155 -0.26762246147460317 2.7722272539408865 -1.1405027115797777 2.4979892226141507 -0.7683325148650073 -2.1378374730462246 -3.54399597708625 4.221389158018972 5.561538440084345 -6.555021081970379 1.4806688332141857 1.5896648826530784 0.5896648826530784 2.8812233033797794 2.8812233033797794
0.871195452874 1.0610160899001575 34.60291937753307 31.612083515291975 9.182994844865934 3.1691189320944604 0.7718155008281072 0.7481278912053874 0.5190760533036651 1.0610160899001575 1.2863591680468454 8.95268937035068 2.8054352213505105 0.0 64.05162385082589 6.8086009979793864 0.3953530795744328 -4.6082471203551805 2.8161368299885186 0.6411987890783112 -10.309457046935478 -0.7014789155471397 -0.2732869627366876 2.8291403908338864 -1.207400469304446 2.540027938167072 -0.7532845279484782 -2.094859634331173 -3.6063502922491244 4.139972861578497 5.2250880703738085 -6.0492425756661055 1.542781222787041 1.6487510195524802 0.6487510195524802 2.9351101875993253 2.9351101875993253
0.881911156944 1.0005032201723059 29.35607826136078 29.29628883831522 8.46745140384284 2.8736425088817525 0.7657871420165192 0.7646120406705242 0.5646383985026182 1.0005032201723059 1.2763119033608654 8.850978403986307 2.840950301863484 0.0 64.13385227490842 7.61165075690185 0.3975138966348452 -4.478293982397069 2.85289956292335 0.6088551347369181 -10.184127261769518 -0.714302471218605 -0.27901402825064575 2.8812887550912896 -1.272394898874215 2.5779211793301853 -0.7386826314970959 -2.0512642627334605 -3.6545690166389866 4.053605275165529 4.907227070274358 -5.577122369568725 1.6049768517304241 1.7076679006199533 0.7076679006199533 2.9839798039808185 2.9839798039808185
0.892758664175 0.9441101729980773 24.85329888370331 27.089182955535847 7.799299810498469 2.608793579286986 0.756803116536752 0.7787847753828316 0.6094430319074009 0.9441101729980773 1.2613385275612534 8.737960575568936 2.8707815594686545 0.0 63.866693756873445 8.40250178640615 0.3997702806975365 -4.35137254045042 2.8840022831136154 0.6004152036279395 -10.04632902222168 -0.7264897247954099 -0.28479285886406336 2.928020305157126 -1.334610723714852 2.611124953718108 -0.724534855607368 -2.007120054992335 -3.687836426778926 3.9623230626591455 4.606312057805309 -5.136812671501945 1.6666817775958722 1.765686673862586 0.765686673862586 3.0270252014238395 3.0270252014238395
0.903739595744 0.8916094198827563 21.000012387773083 24.991624310183994 7.176241123063078 2.3715175071419536 0.7448688815120587 0.7903681156133264 0.6528641361598977 0.8916094198827563 1.241448135853431 8.612831131361904 2.8943122720133285 0.0 63.24093762529441 9.173426057819258 0.4021320758047729 -4.227398012562716 2.9088005505218515 0.6355586967427403 -9.8953277941606 -0.737956647536413 -0.2906118850592025 2.9687060226359416 -1.3931122495243242 2.6391172469797093 -0.7108477723850827 -1.962506739302881 -3.705423042295002 3.866217827035852 4.320905276432099 -4.726545120288642 1.7272578867825106 1.8220001595684867 0.8220001595684867 3.0634482954219173 3.0634482954219173
0.914855592772 0.8427786218494981 17.71171660723127 23.003695793622615 6.596017899919801 2.159025503808456 0.7300466878684877 0.799099955733899 0.6942270307146088 0.8427786218494981 1.216744479780813 8.4749042194692 2.9109715104954215 0.0 62.25424106753142 9.916356047690496 0.4046090385776144 -4.106289316728784 2.9266912006515304 0.7650233969123257 -9.730521424384285 -0.7486244615031946 -0.2964588802876043 3.0027565327899026 -1.4469220393321836 2.661412580762443 -0.6976263794578524 -1.9175154160465484 -3.706716691608955 3.765440270627299 4.049763260144229 -4.344629830626786 1.7860120530090895 1.8757366473904864 0.8757366473904864 3.092481127171299 3.092481127171299
0.926108316563 0.7974011346252764 14.913225773085857 21.124785050667157 6.056419200956765 1.9687776488803257 0.7124581134757951 0.804742414513435 0.7328229752508999 0.7974011346252764 1.1874301891263253 8.32364426815407 2.9202531643772254 0.0 60.91178601340874 10.623072644097151 0.40721073894186166 -3.9879689873421498 2.9371322900451444 1.1069718065802083 -9.551471786578468 -0.7584220429054841 -0.30232110224362674 3.0296394524508505 -1.4950445259184573 2.6775771497130445 -0.684873991340627 -1.8722486501030327 -3.6912541491332864 3.660203217563366 3.7918242472140844 -3.989453987913168 1.8422092633245255 1.9259789186303256 0.9259789186303256 3.1134091077566506 3.1134091077566506
0.937499448857 0.7552664544022483 12.537924111688007 19.353661426668378 5.555285124991651 1.7984660650307078 0.6922842592059864 0.8070903506179553 0.7679278025495506 0.7552664544022483 1.153807098676644 8.158696346534134 2.921734901226195 0.0 59.22666561946964 11.285361711236071 0.4099464552890379 -3.8723630841732586 2.9396634285005656 1.702508732057905 -9.357935083960534 -0.767288376442429 -0.30818546090297705 3.0488967479871794 -1.5364940700498735 2.6872438880179033 -0.6725921423369216 -1.8268202731630052 -3.6587517266242653 3.5507832158171633 3.546194289856224 -3.6594799996435357 1.8950896493105354 1.971788269352569 0.971788269352569 3.125595368029213 3.125595368029213
0.949030692078 0.7161706056512176 10.527033593264354 17.688549457992146 5.090510884167505 1.6459983974627006 0.6697633396939292 0.8059796482149817 0.7988239001904347 0.7161706056512176 1.1162722328232153 7.979913794000915 2.91509613301365 0.0 57.21993653674072 11.895240754256358 0.4128250661127415 -3.759401095286904 2.9339255381414837 2.2180053626597824 -9.1498890856789 -0.7751749592384773 -0.3140387107464754 3.0601613038778486 -1.5703265945600566 2.6901267473181334 -0.6607805048007657 -1.781354862415343 -3.609133127976653 3.437520470205818 3.312132164401182 -3.3532432873729796 1.9438890710546335 2.012232921676485 1.012232921676485 3.1285051544997002 3.1285051544997002
0.96070376959 0.6799164726369279 8.828904180848744 16.127198574790583 4.6600504025790865 1.5094817269543237 0.6451855672674985 0.8012948229256 0.8248246920309652 0.6799164726369279 1.0753092787791643 7.787381290857127 2.9001339708101295 0.0 54.92030091415858 12.44517398750484 0.41585494062255435 -3.6490158339202026 2.9196789312590985 2.5809027970596867 -8.927555405339099 -0.7820480402652189 -0.31986766315011433 3.0631718278718982 -1.5956734643061692 2.6860334038549265 -0.6494368265027008 -1.7359868704751955 -3.5425527009437037 3.320816914707366 3.089033189721582 -3.0693497640285905 1.9878625490927342 2.0464197310651215 1.0464197310651213 3.1217290098442856 3.1217290098442856
0.972520425956 0.6463140765556367 7.39833325811158 14.666948998848005 4.261919452954972 1.387207025245719 0.6188854310218496 0.7929754931270993 0.8453004572871101 0.6463140765556367 1.0314757183697494 7.581431600605171 2.8767761756568593 0.0 52.363400604958294 12.928352678219664 0.41904383110811216 -3.5411433301388797 2.8968185686299073 2.8120989767626 -8.691415057236302 -0.7878905756859284 -0.32565941351803657 3.0577852350713495 -1.6117759253872481 2.674875634295588 -0.63855689059865 -1.690859395039634 -3.4594123320577874 3.201132311520484 2.8764121760821757 -2.806473078754764 2.0263095167016 2.0735276881781006 1.0735276881781006 3.10500340654785 3.10500340654785
0.984482427195 0.6151808004186503 6.195919300374829 13.304793820742034 3.8941983234800226 1.277634241927506 0.5912316847598532 0.7810212843467856 0.8597040618671485 0.6151808004186503 0.9853861412664221 7.362654390301111 2.8450902031335707 0.0 49.590742270543636 13.338826821363384 0.42239877002830134 -3.435722718054379 2.8653854030834656 2.9340717431232397 -8.442215751196798 -0.7927037814277235 -0.3314015765004512 3.043985722977434 -1.61801813988953 2.656676669590669 -0.628134501238732 -1.6461225889154645 -3.360370444226954 3.0789783619142286 2.6738857957223496 -2.5633517077440287 2.058599581711012 2.092841368816466 1.0928413688164664 3.078227510082889 3.078227510082889
0.99659156105 0.5863415639574358 5.187453494733081 12.037437006572741 3.5550340331426113 1.179378093316587 0.5626155638172562 0.7654947811978816 0.8675949747845426 0.5863415639574358 0.9376926063620937 7.131895919425212 2.8052875811466365 0.0 46.64831052596619 13.671738934481649 0.42592597491034434 -3.332696118697612 2.8255728267643354 2.9687157516912315 -8.180969655405764 -0.7965081751723572 -0.33708252169380043 3.0218898688195326 -1.6139566642975118 2.6315749483718736 -0.6181614971794204 -1.6019317276990666 -3.246341809009085 2.954910923846739 2.4811546630321106 -2.33878593106355 2.0841972624574385 2.103782219707621 1.1037822197076208 3.0414748260697144 3.0414748260697144
1.00884963725 0.5596289510311404 4.343351756743356 10.861347084860775 3.242642100720705 1.0911946065419247 0.5334379169724727 0.7465222302977543 0.868659894035791 0.5596289510311404 0.8890631949541211 6.890248878186947 2.757723088989912 0.0 43.58492361593921 13.923543038327425 0.42963076398195366 -3.232008519798633 2.7777274690056735 2.936018306908582 -7.908971869483331 -0.7993440185716177 -0.34269160165341545 2.9917631807995924 -1.5993442393717263 2.5998318222905854 -0.6086277949332854 -1.5584759933913404 -3.1184873562933557 2.829520545021452 2.297985460382101 -2.131634730777818 2.102699985845472 2.1059355009685987 1.1059355009685985 2.9949986959227193 2.9949986959227193
1.02125848779 0.5348832920482013 3.638128525438036 9.772807371948023 2.9553078951289318 1.011968455514485 0.5040960489631806 0.7242918975408817 0.8627285886639142 0.5348832920482013 0.8401600816053011 6.639032304528426 2.7028886702692154 0.0 40.45045701959664 14.092007557285578 0.4335174853007594 -3.1336076521807357 2.7223440942213966 2.8533749614742674 -7.627651414435025 -0.8012710980656148 -0.34821936398142805 2.9539517501403405 -1.5741462435309712 2.5617950322161382 -0.5995214619684696 -1.515849515954271 -2.978194246300018 2.7034216278498393 2.12419370594343 -1.9408127937180504 2.1137916685350397 2.099071067253267 1.0990710672532669 2.939231148858568 2.939231148858568
1.03381996719 0.5119527041513102 3.0499127533300245 8.767961538241492 2.6913875627718116 0.9407011110298088 0.474971095276055 0.6990500039361323 0.8497835713009533 0.5119527041513102 0.7916184921267584 6.379762140452311 2.6414020634277118 0.0 37.2940343727495 14.176456596686801 0.43758946158346684 -3.037443864757247 2.660054449648973 2.735369712587471 -7.338730960975084 -0.8023678141771134 -0.35365773965286273 2.9089707681994783 -1.5385481876603493 2.517938850716214 -0.5908288194393202 -1.4742408129009539 -2.827046283316883 2.577240634205773 1.9596273317100226 -1.7652875077033636 2.11735227607272 2.0831561786556945 1.0831561786556945 2.874774670782453 2.874774670782453
1.04653595279 0.4906930918257145 2.560005810774938 7.842855923750386 2.4493085825468555 0.8764998132108334 0.4464167102742599 0.671094489029617 0.8299629974372824 0.4906930918257145 0.7440278504570998 6.114113712177336 2.5739908478943825 0.0 34.162303371202334 14.17757275229492 0.4418489526191475 -2.94346999669159 2.5916107214937507 2.593857123461902 -7.0440574001308285 -0.8027295904638824 -0.359000200710229 2.857427158990741 -1.4929537796416232 2.4688197688297793 -0.5825345727701912 -1.4338009114601065 -2.6667864919791304 2.4516038041799524 1.8041517540052343 -1.6040761922081601 2.113399308533641 2.058359541910437 1.0583595419104368 2.8023873923675366 2.8023873923675366
1.059408345 0.4709681108185781 2.152480273365075 6.993477442184039 2.227569923519942 0.8185673630403356 0.4187497071417629 0.6407668224343281 0.8035563355699695 0.4709681108185781 0.6979161785696049 5.843877898948804 2.501472514139574 0.0 31.097929764521083 14.097474081539863 0.4462971361464124 -2.851641250069587 2.5178642417815342 2.4382157162577887 -6.745587191251836 -0.8024666472060973 -0.36424188180281464 2.8000192979495138 -1.4379732295448222 2.415069431922886 -0.5746219674254008 -1.3946727895770363 -2.499273151605212 2.3271248968691176 1.657636545407838 -1.456243436144419 2.1021031193799087 2.025045976974966 1.0250459769749658 2.722962155544571 2.722962155544571
1.07243906765 0.4526490980637963 1.8138181935023876 6.215787687232465 2.0247418957246466 0.7661927185157573 0.39224312245436266 0.6084423217248931 0.770993126122929 0.4526490980637963 0.6537385374239378 5.570913342187003 2.4247316635468668 0.0 28.13834371403093 13.939792037054522 0.4509341079350589 -2.7619150588245525 2.4397406772572348 2.2756797506158124 -6.445335316852326 -0.8017012317964616 -0.36937966183143833 2.737517882074379 -1.3744025349923727 2.3573772403145177 -0.567072966178029 -1.3569885493925382 -2.326431708635232 2.2043934594443817 1.5199440811137692 -1.320898645409599 2.083779344650441 1.9837621062989919 0.9837621062989919 2.63750064372293 2.63750064372293
1.08563006818 0.43561497065145915 1.532586907852229 5.505754346906288 1.8394656502781879 0.7187423729606144 0.3671219309137461 0.5745195936021423 0.7328258659103221 0.43561497065145915 0.6118698848562436 5.297097092791121 2.3446957507665656 0.0 25.314862840995826 13.70912281443987 0.4557589000157045 -2.674250962910918 2.3582133090936352 2.111689336680608 -6.145323357793401 -0.800564422989202 -0.3744122038196541 2.670745132562742 -1.3031954271508979 2.2964716859800705 -0.5598684435662561 -1.3208667388622422 -2.1502056560202387 2.08396409325199 1.390920588418065 -1.1971939620843037 2.0588752477064984 1.9352143977384295 0.9352143977384296 2.5470842825946733 2.5470842825946733
1.09898331802 0.41975209637862915 1.299150260368724 4.859377893808825 1.6704523866848808 0.6756524841033935 0.3435614258094169 0.539409460647954 0.6897078002407618 0.41975209637862915 0.5726023763490282 5.024276260585904 2.26231017658979 0.0 22.65218899791174 13.411177887973334 0.46076951690411755 -2.588610476936246 2.274275422831679 1.95022242158938 -5.8475281405198665 -0.7991926623155098 -0.37933995326262243 2.600553075082956 -1.225429159144152 2.233101070298897 -0.5529883924963064 -1.2864099319685518 -1.9725077316150676 1.9663471167530346 1.27038921133631 -1.0843222581326606 2.0279506987339277 1.8802405692656423 0.8802405692656424 2.4528429456146705 2.4528429456146705
1.11250081283 0.40495413891497195 1.105412876452619 4.272715762278969 1.5164823080680734 0.6364217180805019 0.3216880653106792 0.5035241146977766 0.6423675655347936 0.40495413891497195 0.5361467755177988 4.754223042985445 2.1785143410525922 0.0 20.168257228860153 13.052569550798571 0.46596298724862717 -2.5049569643177954 2.188913671448423 1.7940912488526675 -5.553834495606527 -0.7977241829088334 -0.3841650969723639 2.5278022014258488 -1.1422669401414565 2.1680147920873565 -0.5464121378836548 -1.2537026739599533 -1.7951748573287793 1.8520009316157298 1.1581455197644284 -0.9815154882139125 1.9916554259080501 1.819776866285278 0.819776866285278 2.355923641803077 2.355923641803077
1.12618457283 0.39112188014299004 0.9445949892841157 3.741903264525591 1.3764033153132558 0.6006047667430533 0.30158241474635517 0.4672669289011521 0.5915821905264785 0.39112188014299004 0.5026373579105919 4.488595048652374 2.0942195484370703 0.0 17.874446121381368 12.640379379822031 0.47133542930996136 -2.4232555101640862 2.103083519194644 1.645195969598575 -5.265993750902048 -0.7962955124080949 -0.3888914862240838 2.453341338063143 -1.054919071759915 2.1019459104286047 -0.5401185520270868 -1.222809887981201 -1.6199283527567636 1.741326289829196 1.0539551584120164 -0.888043258582921 1.950703980152551 1.7548231662019298 0.7548231662019298 2.2574605241125214 2.2574605241125214
1.14003664307 0.378163022431417 0.8110352994338194 3.263171418403684 1.249129491884622 0.567806494207357 0.28328371193015855 0.4310233484066151 0.5381500898959469 0.378163022431417 0.4721395198835976 4.228902459108271 2.0102896097795444 0.0 15.776066261820882 12.182103678030604 0.47688212729949764 -2.3434727979145578 2.017687794593636 1.504735126195081 -4.9855895196391735 -0.7950382248647201 -0.3935245292655967 2.377989518562825 -0.9646049748051192 2.0355956546611536 -0.5340862667405567 -1.1937758302288002 -1.4483408914958158 1.6346625463450062 0.9575534312258559 -0.8032115865044567 1.9058499986792274 1.6864080298387139 0.6864080298387137 2.158547549722311 2.158547549722311
1.15405909378 0.3659919733323915 0.7000193335476891 2.8328619940676916 1.1336393962368403 0.5376766661581046 0.2667955292419492 0.3951531895055333 0.4828655629871863 0.3659919733323915 0.4446592154032487 3.976482950991165 1.927524778390435 0.0 13.873060259462921 11.685460855623123 0.4825976161845057 -2.265576986062051 1.9335591164366308 1.3733764080666457 -4.71401184891678 -0.7940760964611688 -0.3980710592329913 2.3025204877460284 -0.8725180829485288 1.9696203974014685 -0.528293877618179 -1.1666236533603536 -1.2818112094943745 1.5322858731773499 0.8686465836521141 -0.726361835647118 1.8578612723427799 1.615555664445902 0.6155556644459019 2.0602148798491506 2.0602148798491506
1.16825402064 0.3545296152956576 0.6076308302607262 2.4474402140829423 1.0289741969716195 0.5099052151444798 0.2520920159945899 0.3599845826330883 0.42649608585932236 0.3545296152956576 0.4201533599909832 3.732484771988692 1.8466494458503055 0.0 12.160845390501047 11.158067832173078 0.4884757716831222 -2.1895375899300547 1.8514466845670747 1.2513927554762387 -4.452440303639847 -0.7935227899916618 -0.4025391839429189 2.2276502971965035 -0.779795248785978 1.9046214525232867 -0.5227201364967866 -1.1413556074990359 -1.1215471062107558 1.4344093153803696 0.786914524086799 -0.6568698256059509 1.8074969372055203 1.5432564733895289 0.543256473389529 1.9634098333805121 1.9634098333805121
1.18262354509 0.3437030626975304 0.5306237555335607 2.1035049137458186 0.9342356511247306 0.4842179948476019 0.2391242524642265 0.3258095944587709 0.36976316922063684 0.3437030626975304 0.3985404207737108 3.4978577615894397 1.7683035899943478 0.0 10.631231064094862 10.607311904651326 0.4945099030268036 -2.1153253653916373 1.7720074220043514 1.13876914105495 -4.201835583174365 -0.7934801487951483 -0.4069381241743249 2.154028107422108 -0.6874915607555254 1.8411377421827164 -0.5173441288096741 -1.1179538644846827 -0.9685563532980433 1.3411844928257777 0.7120145742537555 -0.5941450239378454 1.755487686648397 1.4704422013020149 0.4704422013020148 1.8689826220757257 1.8689826220757257
1.1971698147 0.33344540846461557 0.46631268809839843 1.797796403243555 0.848583985862037 0.4603729776507213 0.2278263383892412 0.29288150432140236 0.31332728606349985 0.33344540846461557 0.3797105639820687 3.273351812921553 1.6930378500455687 0.0 9.27332749077802 10.040307852126826 0.5006928460092487 -2.042912194534818 1.6958012849396304 1.0352852875151206 -3.9629390344008897 -0.7940371378119074 -0.41127804673610185 2.082230186476547 -0.5965611170892725 1.7796412771489245 -0.5121454333455645 -1.096381916729656 -0.8236449231364157 1.2527046971653417 0.6435859240627101 -0.537629789949061 1.7025196224944785 1.3979663344858393 0.39796633448583935 1.777676898467908 1.777676898467908
1.21189500342 0.323695462545216 0.4124794306722154 1.5272026839508097 0.7712356778464642 0.43815685185931996 0.2181209298588287 0.26141369422903926 0.2577772021996004 0.323695462545216 0.3635348830980478 3.059521786785022 1.6213120852976481 0.0 8.074411296853437 9.463608948681118 0.5070170535408924 -1.972270978233226 1.6232904980838332 0.9405791884896046 -3.7362794005316964 -0.7952694160831479 -0.41556989799619515 2.012757023566298 -0.5078440976654165 1.7205353548239595 -0.5071042627663486 -1.0765864568536077 -0.6874219654448614 1.1690091020676816 0.5812545830671422 -0.4867987010253234 1.64922214046825 1.3265901939010802 0.3265901939010803 1.690125076999128 1.690125076999128
1.22680131196 0.314397484127304 0.3672938654094945 1.2887635042668557 0.7014611595191109 0.41738197674818805 0.20992404421278718 0.2315798673748885 0.20362334348080824 0.314397484127304 0.349873407021312 2.8567377627025405 1.55349675050212 0.0 7.0207044650891515 8.883241083624371 0.5134746825286413 -1.9033755293908143 1.5548419181459288 0.8541952277668053 -3.5221850446743552 -0.7972394843800228 -0.41982524285182576 1.946033074988116 -0.4220594842283163 1.6641550050000626 -0.5022015838811346 -1.0584996186521585 -0.5603098966313791 1.0900877946638947 0.5246383985640185 -0.4411578329260336 1.596159667966804 1.2569742533002082 0.2569742533002082 1.60684766032152 1.60684766032152
1.2418909681 0.305500909632951 0.3292472312675457 1.0796729969732162 0.6385824848288577 0.39788365700945366 0.20314904557393076 0.2035154582161369 0.1512950248152216 0.305500909632951 0.33858174262321794 2.6651994317676584 1.4898767674384397 0.0 6.098033061862941 8.304635654697675 0.5200576749850253 -1.8362004723098089 1.4907320763195862 0.7756204270874308 -3.320800688293403 -0.7999973185260927 -0.42405611310443864 1.8824088545949742 -0.3398031180972384 1.6107694295488204 -0.49741921749465723 -1.0420414443773636 -0.44255877160622936 1.0158873446688785 0.4733520245221769 -0.4002440478486648 1.5438271119717561 1.1896744593129396 0.18967445931293958 1.5282562019361576 1.5282562019361576
1.257166227 0.29696007822949905 0.297096154978606 0.8972808464015095 0.5819709510961689 0.37951770085521525 0.19770979658104226 0.17731995985553894 0.10114095289224623 0.29696007822949905 0.32951632763507044 2.484953340948187 1.4306572805273168 0.0 5.292370002544587 7.732526284828445 0.5267578324370007 -1.7707211464988077 1.4311541641966077 0.7043114576377848 -3.1321071425654594 -0.8035813757675759 -0.42827486831084244 1.8221648529173404 -0.2615502052167261 1.5605859716889765 -0.49273991816900325 -1.027122437362478 -0.3342635587041719 0.9463166502454808 0.4270116068782007 -0.36362423982480235 1.49264852528227 1.1251427954900692 0.12514279549006924 1.4546591231251398 1.4546591231251398
1.2726293716 0.2887339564869893 0.26981593822302546 0.7390920681533305 0.5310447163496165 0.36215822929802766 0.1935230247958967 0.15305990759603502 0.05343235051578643 0.2887339564869893 0.3225383746598278 2.31591190321158 1.3759707251756144 0.0 4.590248471289676 7.171037755395768 0.5335668831654276 -1.7069135131012558 1.3762262908195788 0.6397145330138857 -2.955942676946716 -0.8080198583505949 -0.4324940712451622 1.7655167860594805 -0.18766131732695565 1.5137551741582758 -0.4881474347386507 -1.0136460754904595 -0.23538308835499933 0.8812528324804403 0.38523902525442794 -0.3308945123844524 1.4429784113996529 1.0637312480821928 0.06373124808219266 1.3862696227420206 1.3862696227420206
1.28828271287 0.2807858638300068 0.24656175435898084 0.6027657842738026 0.4852664128158167 0.34569570770050206 0.19050998738573519 0.13077233189051116 0.008368163629676406 0.2807858638300068 0.317516645642892 2.157873114031245 1.3258848092725684 0.0 3.9790591945969167 6.623630944389812 0.5404765411346747 -1.644754069641074 1.3260005381327629 0.5812799376922633 -2.7920250963946494 -0.8133321213581466 -0.43672637917164164 1.712621791104303 -0.11839112732547852 1.470376602040134 -0.4836265528843728 -1.0015111797727496 -0.1457598469808285 0.8205469888067075 0.34766564651511334 -0.30167931270761716 1.395105145461411 1.0056984763499521 0.005698476349952075 1.323215121992844 1.323215121992844
1.30412859023 0.27308320003698466 0.2266365616201547 0.48611291802171375 0.44414077394937457 0.3300351733165461 0.18859754090505249 0.11046843427400442 -0.03391835480599384 0.27308320003698466 0.3143292348417542 2.010540135030525 1.2804108800357603 0.0 3.447245276585747 6.0931596382707385 0.547478557484831 -1.584219765862283 1.2804722400904476 0.5284724124240355 -2.639973411530672 -0.8195301282243834 -0.4409844515072754 1.6635851028684243 -0.05389887940492721 1.4305050224126015 -0.479163121199777 -0.990614061821549 -0.06513958384684082 0.7640296561588216 0.31393548802704985 -0.27563048797654216 1.3492558680266702 0.9512182743199479 -0.048781725680052124 1.265547509161702 1.265547509161702
1.32016937189 0.26559717620306095 0.20946468266127255 0.38709308723582814 0.4072122955979073 0.3150946362457076 0.1877187301817095 0.0921373397167201 -0.07335217867648788 0.26559717620306095 0.3128645503028492 1.8735401033677057 1.2395123716263614 0.0 2.9844065008325047 5.5819116302710166 0.5545647639707211 -1.5252879265491686 1.2395891600367726 0.4807784327471237 -2.4993285068207776 -0.826619877273052 -0.4452808736847567 1.6184669200358255 0.00574008458044885 1.3941566948955306 -0.47474406251780155 -0.9808504036618754 0.006809823390265701 0.71151587427691 0.2837078021388292 -0.2524262852651454 1.3056023697329762 0.9003891831328944 -0.0996108168671056 1.2132537334357436 1.2132537334357436
1.33640745517 0.258302550297484 0.1945701319464051 0.30381077143872903 0.37406293064384377 0.30080363376579516 0.18781300627334147 0.07574977593404221 -0.10990865536633798 0.258302550297484 0.3130216771222358 1.7464416348131984 1.2031130217558978 0.0 2.581334996942787 5.091639578117453 0.5617271088653549 -1.4679361798809012 1.203260253174242 0.4377111170321484 -2.3695722497178515 -0.8346027439634673 -0.4496280966102902 1.5772891780201126 0.06052242400876177 1.361315529317328 -0.4703573722641125 -0.9721168492376308 0.07048077940067893 0.6628097759885424 0.25665907997266846 -0.23177029233315743 1.2642675008978768 0.8532446126382318 -0.1467553873617682 1.1662662897604676 1.1662662897604676
1.35284526687 0.2511773683357254 0.18155889641860437 0.2345108467271143 0.3443098333654822 0.2871019207114245 0.18882617413289085 0.0612615668364412 -0.14360566500478375 0.2511773683357254 0.3147102902214848 1.6287707117898076 1.1711046252167012 0.0 2.229994809249396 4.623634482525663 0.5689576860456574 -1.4121423899135124 1.1713637952316045 0.3988133268551522 -2.250144684797956 -0.8434767047362084 -0.45403839074701446 1.540042018651547 0.11050506743334747 1.3319389297184308 -0.4659921056200674 -0.9643123096707046 0.12631001478626075 0.6177086632544282 0.2324844994076697 -0.21339032320797865 1.2253317284300622 0.8097629539767079 -0.190237046023292 1.1244732441981928 1.1244732441981928
1.36948526365 0.24420271211725592 0.17010448586186627 0.17757366434716804 0.31760316164734237 0.2739382810869289 0.19071015573617187 0.04861688104778387 -0.1744960506140682 0.24420271211725592 0.31785025956028645 1.5200247673592258 1.1433542089462183 0.0 1.923463507462935 4.178751099576602 0.5762487577351786 -1.3578845941417512 1.1437547838530473 0.3636594153273692 -2.1404592048797433 -0.853237424917804 -0.45852381358384525 1.5066898420830688 0.15579398940100692 1.3059632304992541 -0.4616383552592012 -0.9573389992665474 0.17476438852855533 0.5760065543687344 0.210898877290011 -0.19703726712991132 1.1888395825227824 0.7698773477485843 -0.23012265225141568 1.0877276073088709 1.0877276073088709
1.38632993239 0.23736245437105366 0.15993617033701685 0.13150966872459924 0.29362394235319733 0.2612694482649826 0.19342263877506005 0.037751161568426256 -0.20266058729247505 0.23736245437105366 0.3223710646251001 1.4196848857753452 1.119710477332625 0.0 1.6558473899744268 3.757500255068769 0.5835927714667948 -1.3051409467168114 1.1202714878038862 0.3318559207967974 -2.0399155521158328 -0.8638792062158795 -0.46309618910077033 1.477176816267129 0.1965338593970126 1.283308613054485 -0.45728722133459654 -0.9511032288373986 0.21632862343837927 0.5374972090559961 0.1916371585871175 -0.18248389661357664 1.154805751642029 0.7334847601192038 -0.26651523988079623 1.055855824744304 1.055855824744304
1.40338179056 0.23064302200569103 0.15082941262469438 0.09495376568501757 0.27208200698328977 0.24905912294603466 0.1969266663164086 0.0285937424902897 -0.22820155937922082 0.23064302200569103 0.3282111105273477 1.3272261413930009 1.100009551148127 0.0 1.422180360301711 3.360068623400095 0.5909823720476617 -1.2538896666650352 1.1007411941343284 0.303041497658403 -1.947910814681105 -0.8753957989755504 -0.4677670978060837 1.4514318448365424 0.23289863555971535 1.2638835124490702 -0.45293077525046577 -0.9455159879787514 0.2514948399626831 0.5019766541160435 0.17445452776115866 -0.1695236621573326 1.1232207343091944 0.7004542764689609 -0.29954572353103914 1.0286653869963085 1.0286653869963085
1.42064338658 0.2240331680875511 0.14259808140072205 0.06665942738575337 0.2527140003296329 0.23727707974874246 0.2011902066146739 0.021070122150970205 -0.25123707168624976 0.2240331680875511 0.33531701102445655 1.2421261552156835 1.0840799393382068 0.0 1.218319096242196 2.986364167024138 0.5984104091495416 -1.2041089914348326 1.084985118044243 0.2768862514510531 -1.8638484440453809 -0.887781087963102 -0.47254787591109526 1.4293729447153296 0.2650832705212225 1.2475884702340858 -0.4485620186283545 -0.9404933465828105 0.2807538939722589 0.4692452436891971 0.15912618362454706 -0.15796947112879808 1.094055933690873 0.670634448944875 -0.32936555105512494 1.0059514599693316 1.0059514599693316
1.43811730024 0.2175237530448651 0.13508810329343893 0.04549260719095516 0.23528146898980049 0.22589835464130842 0.20618573344476457 0.015103897258301318 -0.27189612971453714 0.2175237530448651 0.3436428890746076 1.163872010119786 1.0717467593600705 0.0 1.040834963820678 2.636109493791867 0.6058699414354578 -1.1557771344401928 1.0728225136495222 0.25309062929686105 -1.7871454437336851 -0.9010296659928552 -0.47744962228488275 1.410911041722286 0.29329656488026984 1.2343194435107965 -0.44417483870960967 -0.9359567071165827 0.30458839782308894 0.4391092954421645 0.14544683602330072 -0.14765246108854885 1.0672681526476786 0.643859652073375 -0.356140347926625 0.9875025411479827 0.9875025411479827
1.45580614303 0.21110753555732437 0.12817226959244432 0.030425634876315444 0.21956902987486135 0.21490250668358643 0.21188983405779704 0.010618408556227157 -0.2903144018125278 0.21110753555732437 0.3531497234296618 1.0919656756935292 1.0628353216171338 0.0 0.8869113217646015 2.308823708298442 0.6133542373381625 -1.1088722492248202 1.0640741191776264 0.23138402564711236 -1.7172380359512331 -0.9151373076412296 -0.48248321188608084 1.3959532617296506 0.3177550282422379 1.2239706483155182 -0.43976396131898454 -0.9318329329857559 0.3234671462593441 0.411382347884287 0.13323000349478586 -0.13842079211725805 1.042803538299989 0.6199555582241217 -0.38004444177587826 0.9731052816537834 0.9731052816537835
1.47371255859 0.20477897340869222 0.12174596683898199 0.020531009914634524 0.20538262172801572 0.20427294833605775 0.21828285609465367 0.007538079594682108 -0.30663072104093403 0.20477897340869222 0.36380476015775615 1.0259281196846604 1.057174039116822 0.0 0.7542501975780361 2.003881264845064 0.6208567738027297 -1.0633723963761348 1.0585649131991601 0.21152320786989492 -1.6535858444468303 -0.9301013567953633 -0.48765931455151346 1.3844056911126463 0.3386778281754824 1.2164369113648528 -0.43532490230190346 -0.9280543764915327 0.33784092842083746 0.385886085240439 0.1223071323439332 -0.1301384473309348 1.0206009309548902 0.5987436581309864 -0.4012563418690136 0.9625484182887425 0.9625484182888361
1.49183922306 0.19853403461394248 0.11572364464575943 0.014975217526738471 0.19254784141001188 0.19399633956573648 0.22534859906368307 0.005789497456599196 -0.3209842264870878 0.19853403461394248 0.3755809984394718 0.9653022839091724 1.0545967719523839 0.0 0.6409850689653945 1.7205749726883126 0.628371232761935 -1.0192555169553472 1.0561263023831196 0.1932909041487285 -1.595674868757282 -0.945921040746369 -0.4929884180631873 1.3761756861141707 0.35628267358414106 1.2116156070004094 -0.4308539182843978 -0.9245588265293733 0.3481394747274408 0.3624509756433375 0.11252659817156886 -0.1226840598871139 1.000594687674699 0.580044955608241 -0.419955044391759 0.9556259540477141 0.9556259540574479
1.51018884551 0.1923700189344414 0.11003587048952558 0.013012640843805101 0.18090836461181106 0.18406204137697724 0.23307405110975926 0.005302277731922708 -0.333512051128704 0.1923700189344414 0.38845675184959877 0.9096550926001474 1.0549447007208947 0.0 0.545605055623229 1.458095599613446 0.6358914964453782 -0.9764994091597217 1.056597842543993 0.1764949273136741 -1.5430194724233175 -0.9625977218765254 -0.4984808546369549 1.3711737944194573 0.37078249274318975 1.209408242681479 -0.42634795739171055 -0.921289392180766 0.3547693289171736 0.3409166660733521 0.1037526356155962 -0.11594977738403368 0.9827170425698586 0.5636829562435448 -0.4363170437564552 0.9521397080932659 0.9521397083582375
1.52876416831 0.18628538991903332 0.1046268524398009 0.013979538372205502 0.17032445118412126 0.17446162503061682 0.2414491690702803 0.006009719201752329 -0.3443475411372619 0.18628538991903332 0.40241528178380054 0.8585786549848191 1.0580677406465386 0.0 0.46689035609501406 1.2155785144752225 0.6434116414451707 -0.9350817104248748 1.0598285106364331 0.1609676461904329 -1.4951634780970124 -0.9801350966651173 -0.504146830029844 1.3693153033073604 0.3823828844446262 1.209721704125423 -0.4218046105088608 -0.9181943358832011 0.35811256821106174 0.32113217445040304 0.09586421518905819 -0.10984015986753294 0.9669000215235599 0.5494859696064087 -0.4505140303935913 0.9519012513936329 0.9519012543440766
1.54756796758 0.18027961745937868 0.0994523368551043 0.017288149726281066 0.16067153494510902 0.16518843343175582 0.25046669969690677 0.007849285827913296 -0.35361891993338784 0.18027961745937868 0.41744449949484463 0.81169080920771 1.0638255795614568 0.0 0.4038553339714117 0.9921339554720486 0.650925932401263 -0.8949798825158837 1.0656776139595887 0.14656516253452706 -1.4516805551472025 -0.9985393520075666 -0.509996454653075 1.3705214733777187 0.3912802134018003 1.2124692175417005 -0.4172220635021418 -0.9152268687458089 0.3585261961144904 0.3029559154834223 0.08875390125440041 -0.104271120394845 0.9530769738828742 0.5372888368183917 -0.4627111631816083 0.9547333363539401 0.9547333540403
1.56660305358 0.17435303085230872 0.09447780791921212 0.022420989566314997 0.15183889666551956 0.15623719153625348 0.2601220372214567 0.010762957276298902 -0.36144829823260494 0.17435303085230872 0.4335367287024279 0.7686351382105392 1.0720884304698228 0.0 0.3557018685175595 0.7868479830338244 0.658428815104577 -0.8561712016745062 1.0740154285307246 0.13316585754808122 -1.4121740856900153 -1.0178192861873725 -0.5160397761353197 1.3747205247343415 0.3976602044480982 1.2175710928334893 -0.41259905077503367 -0.9123449173314208 0.3563420333159098 0.286255592904666 0.08232672124690742 -0.09916891655069113 0.9411837960319135 0.526934210973731 -0.47306578902626895 0.9604709399383171 0.9604710079784577
1.58587227114 0.1685066822543531 0.08967693306679315 0.028925301091617117 0.14372841853237076 0.14760366272972184 0.2704131132295526 0.014697450874533403 -0.3679510176559296 0.1685066822543531 0.4506885220492543 0.7290805701233178 1.0827375043933247 0.0 0.32178041633687504 0.5988064283161743 0.6659149096392307 -0.8186327520283214 1.08472357331423 0.12066853054831186 -1.3762765598376383 -1.0379864019111478 -0.5222868129260216 1.3818483838087294 0.40169701913414296 1.2249552536856063 -0.40793481041482493 -0.9095108705191016 0.35186706270978724 0.27090798672915795 0.07649905310098902 -0.09446918854198894 0.931159861759475 0.518273406541862 -0.48172659345813795 0.9689619296653704 0.9689621183426284
1.60537850007 0.16274222038160377 0.08503021148766156 0.03640773900170036 0.13625341869067892 0.13928434829519812 0.2813403148481291 0.01960435941689842 -0.37323522329300957 0.16274222038160377 0.4689005247468819 0.6927206632643705 1.0956653014538722 0.0 0.3015588246490624 0.4270856285111285 0.6733790035488566 -0.7823414229861285 1.0976952173008412 0.10899058630204864 -1.3436486739682962 -1.0590549779198244 -0.5287475886044689 1.391849262428923 0.4035526600238871 1.2345576232282405 -0.4032290411317084 -0.9066913137190598 0.34538406273689093 0.256798660236001 0.07119755588566988 -0.09011605306453724 0.922948737682041 0.5111669527632376 -0.4888330472367623 0.9800674806336562 0.9800678887565305
1.62512465562 0.15706177424599896 0.0805237929777191 0.044529236501181346 0.12933756342182676 0.13127622715123566 0.2929064270170837 0.02544019439057413 -0.3774016821203296 0.15706177424599896 0.4881773783618062 0.6592726576275374 1.1107756962414765 0.0 0.29459742207845385 0.2708045587925989 0.6808160454622963 -0.7472739093942593 1.1128350953515966 0.09806650822644436 -1.3139781308918081 -1.081042124534399 -0.5354321666551332 1.4046760576807664 0.40337673039322575 1.246322351389602 -0.39848186112221884 -0.9038567561663927 0.33715253466884104 0.24382160772594227 0.06635814127985429 -0.08606124575770908 0.9164986793189602 0.5054848293545713 -0.49451517064542877 0.9936622146679428 0.9936629421488845
1.64511368889 0.151467846700793 0.07614844287982031 0.05300014772918715 0.12291385513757735 0.12357653313642115 0.3051165969132433 0.032166390970855774 -0.3805437191954957 0.151467846700793 0.5085276615220722 0.6284763633422606 1.1279839423265765 0.0 0.300526858955844 0.12909778458307591 0.688221138928862 -0.7134067156737558 1.130059455380115 0.08784662669857944 -1.2869783317957797 -1.1039678291929926 -0.5423506855138338 1.4202906633754988 0.40130635828588634 1.2602019713363317 -0.39369376896010677 -0.900981357283363 0.32740974116134114 0.23187886076223793 0.0619250101490286 -0.08226332398281523 0.9117630018534265 0.5011065497416655 -0.49889345025833454 1.0096342237571196 1.0096353346959135
1.66534858726 0.14596321749543797 0.07189863350337286 0.06157563024895113 0.11692369259428995 0.11618256710763009 0.3179783148858703 0.039749270339268006 -0.3827472731510641 0.14596321749543797 0.5299638581431172 0.6000929406869574 1.147216584992053 0.0 0.31903567864242316 0.0011011402851705604 0.6955895368228233 -0.6807161626801204 1.1492959250132726 0.07829596273906857 -1.2623869615716714 -1.1278549942182197 -0.5495133937859803 1.4386641879078574 0.39746629034555725 1.2761574785869172 -0.38886560654991514 -0.8980426543731301 0.3163718554815824 0.22088006753493425 0.05784975045392753 -0.07868692383001931 0.9087003297647401 0.4979210900060096 -0.5020789099939904 1.0278849669905188 1.0278864615078096
1.68583237488 0.1405508555200891 0.06777174856391141 0.07005122112836881 0.11131600158879681 0.10909154117465157 0.3315014127936072 0.04815993548222453 -0.3840911252892894 0.1405508555200891 0.5525023546560119 0.5739036192473816 1.1684112293667226 0.0 0.3498569772284627 -0.1139713386580877 0.7029166365523088 -0.649178396592184 1.170483244543287 0.06939284143865411 -1.239964419328885 -1.1527294731207498 -0.5569306855779524 1.4597770508941754 0.39196923638193015 1.2941583012310216 -0.3839985241555731 -0.8950212970915005 0.3042352743547993 0.21074205734957482 0.054090487239862456 -0.07530206341562597 0.9072746962381636 0.4958265934960582 -0.5041734065039418 1.0483289726670635 1.0483307798478605
1.70656811309 0.1352338399088843 0.06376738890878221 0.0782587508583884 0.10604643291886412 0.10230045244970731 0.34569807668140884 0.0573741970228786 -0.3846470831808755 0.1352338399088843 0.5761634611356814 0.5497083928292973 1.191516377954806 0.0 0.39275868955309484 -0.21690435368114383 0.7101979756051781 -0.6187694013306775 1.1935710763899652 0.061127037396816526 -1.219492369185133 -1.1786201076954317 -0.5646131359027415 1.4836191055563592 0.38491613772608607 1.3141823067126006 -0.3790939475064253 -0.8919007904401559 0.2911778225857029 0.2013883999086498 0.050611116520605556 -0.07208351127104995 0.9074556444206778 0.4947301337253309 -0.5052698662746691 1.0708936229379982 1.0708956159634848
1.72755890088 0.13001528961656805 0.0598867701380206 0.08606244680469127 0.10107662405581315 0.095805983686763 0.36058287099445396 0.06737244650037087 -0.3844802981391076 0.13001528961656805 0.6009714516574233 0.5273247164222266 1.2164911535183158 0.0 0.4475400401989302 -0.3084283877757502 0.7174292278867519 -0.5894650127897307 1.2185197082313681 0.053497198267546106 -1.200772193614231 -1.2055587677293254 -0.572571536192427 1.510189666967323 0.37639662998952034 1.3362157232093919 -0.37415354693679476 -0.8886672474664848 0.277360066641987 0.19274896698230448 0.04738059097008499 -0.06901019755990007 0.9092182153098997 0.49454730432073535 -0.5054526956792647 1.0955187846934855 1.0955208103074994
1.74880787537 0.12489830107276076 0.05613220514288467 0.09335531997411972 0.09637352239803337 0.08960442824731338 0.3761727770022956 0.07813954215224748 -0.38364957596136945 0.12489830107276076 0.6269546283371594 0.5065862290160554 1.24330505237579 0.0 0.514023304527134 -0.3892239205122502 0.7246062007790199 -0.5612409349676817 1.2452997921738964 0.046507505500592336 -1.1836235272053237 -1.2335803984380984 -0.5808169299733379 1.5394975493022123 0.36648948782966784 1.3602530760800193 -0.369179208506684 -0.8853091551577975 0.26292656292015826 0.1847595024422569 0.04437227570379345 -0.06606467961483183 0.9125429209650529 0.4952018172731756 -0.5047981827268244 1.122156472100313 1.1221583831919157
1.77031821223 0.11988589352309724 0.05250666388947666 0.10005582076657371 0.09190876592364013 0.08369163691232621 0.39248723998701074 0.08966471244139093 -0.3822076612221101 0.11988589352309724 0.6541453999783513 0.487341516631674 1.2719377387562412 0.0 0.5920550874187792 -0.4599829674729283 0.7317248325879838 -0.5340727587220968 1.2738921295532961 0.040163694236277546 -1.1678828828988834 -1.2627230741058644 -0.5893606487506908 1.571561120116574 0.35526302517371494 1.3862971468466663 -0.36417300705982886 -0.881817151838343 0.2480070276615562 0.17736120511467426 0.04156337048506611 -0.06323265833019465 0.9174157201382227 0.49662513506107087 -0.5033748649389291 1.1507705572276739 1.1507722389314319
1.79209312624 0.11498096160164793 0.04901340502585953 0.10610466778137001 0.08765811895850464 0.07806298406640946 0.40954822950454406 0.1019414025581302 -0.3802016676553315 0.11498096160164793 0.6825803825075735 0.46945292786614323 1.3023787148522419 0.0 0.6815034396246873 -0.521289224325955 0.7387811911748148 -0.5079359805581269 1.3042873372940196 0.03446875145759043 -1.153402189675731 -1.2930280631890414 -0.5982143482536524 1.6064082666281798 0.34277570731380613 1.4143588466301877 -0.3591371811157546 -0.8781838191084925 0.23271760999089067 0.1705003277490852 0.03893437497011302 -0.06050253030049606 0.9238278841206063 0.49875591403207065 -0.5012440859679294 1.1813363134787203 1.181337697481392
1.8141358717 0.11018623474948852 0.04565567312088138 0.11146201595513947 0.08360095973467202 0.07271335095982698 0.42738031167505636 0.11496721147199007 -0.3776733251364018 0.11018623474948852 0.7123005194584273 0.4527954500898103 1.3346271943220256 0.0 0.7822536513519337 -0.573716560664522 0.7457714725519443 -0.4828060246688146 1.3364857190308892 0.02941885394697103 -1.1400475982765812 -1.3245399054675537 -0.6073900450854162 1.6440764969633717 0.32907648121846045 1.4444572258367545 -0.3540741095631403 -0.874403487941845 0.2171619143340761 0.16412779439997854 0.03646863106084822 -0.05786499751850242 0.9317759775049443 0.5015396839707825 -0.4984603160292175 1.2138402152319427 1.2138412814780077
1.83644974292 0.10550424300999045 0.04243645524144114 0.11610480430814402 0.07971981576895634 0.06763712375489525 0.44601072922150414 0.12874379984971743 -0.37465930288433774 0.10550424300999045 0.7433512153691736 0.437255648904204 1.368691912484836 0.0 0.8942141502974404 -0.6178359133114831 0.7526920003426572 -0.45865826526256726 1.3704970768343194 0.025000111466668497 -1.1276982614596704 -1.3573064996230555 -0.6169001539633233 1.68461299621646 0.3142052158701156 1.4766194401146655 -0.34898629004067605 -0.8704720567847329 0.2014320605876314 0.15819883771138923 0.03415190665099522 -0.05531271083649497 0.9412617808472863 0.5049284291679164 -0.4950715708320837 1.2482796520369757 1.248280420526986
1.85903807476 0.10093728877311116 0.03935829210746943 0.12002431008671277 0.075999945256222 0.06282820422634493 0.4654694968602515 0.14327678734973046 -0.3711915790157863 0.10093728877311116 0.7757824947670859 0.4227306758581528 1.4045909157512997 0.0 1.0173137699683266 -0.6541198362650278 0.7595392259501756 -0.43546804943013484 1.406340505173306 0.0211866588824397 -1.1162451386061996 -1.3913792074748268 -0.6267575256839337 1.7280746740427053 0.2981932036013177 1.510880705437764 -0.3438763189302683 -0.8663868249089536 0.18560973573289075 0.1526726569525201 0.03197202343416284 -0.05283994942174366 0.9522921792756194 0.5088801093053752 -0.4911198906946248 1.2846626084061878 1.2846631254872127
1.88190424308 0.09648742404784424 0.03642313754049308 0.12322397386445255 0.07242896055870048 0.058280031108597 0.4857895073979405 0.15857572249083213 -0.36729766468398856 0.09648742404784424 0.8096491789965675 0.40912734356725056 1.4423515143125791 0.0 1.151501632650384 -0.6830390290732348 0.7663097287880123 -0.4132107218541705 1.444044348696252 0.01794042447602447 -1.1055900044783336 -1.4268129722646588 -0.6369754859426211 1.7745283258115554 0.2810634373604605 1.547284365177262 -0.3387468728946929 -0.8621463381187153 0.169767055494553 0.14751209713665128 0.029918541632283788 -0.050442344009055944 0.964879146814988 0.5133583675776461 -0.486641632422354 1.3230075488401845 1.3230078724685173
1.90505166527 0.09215643281685884 0.03363226085810693 0.1257173948571514 0.0689964910206152 0.053985610179983295 0.5070066504389588 0.17465403434084648 -0.36300088730028 0.09215643281685884 0.8450110840649313 0.39636126748672496 1.4820101967646515 0.0 1.29675159528064 -0.7050362955700158 0.7730002172385326 -0.39186164931472334 1.4836461245404065 0.015212563465537732 -1.0956444537594514 -1.4636664529667374 -0.6475678752047057 1.8240507749942496 0.26283096959544294 1.5858819352635947 -0.3336006918602117 -0.8577502469129523 0.15396744246822575 0.142683349147811 0.027982478056873636 -0.04811662857023186 0.9790396909293183 0.5183321622851442 -0.4816678377148558 1.3633432474145444 1.3633434348476339
1.92848380075 0.08794581805849484 0.030986186862614593 0.12752652541156548 0.06569388235855171 0.04993755133714504 0.5291599452330231 0.19152900271970402 -0.3583206535606919 0.08794581805849484 0.8819332420550385 0.3843560730440383 1.5236125884943466 0.0 1.4530611281715813 -0.7204873875906788 0.7796075298137882 -0.3713962460042204 1.525192489871605 0.012946248742099485 -1.0863289825657638 -1.502002176063491 -0.6585490897922905 1.8767290552114713 0.24350323298935855 1.6267331842344008 -0.3284405633714113 -0.8531991768154628 0.1382664402539187 0.1381556705065122 0.026156062129741496 -0.04586042330572862 0.9947958131564327 0.523775424092247 -0.476224575907753 1.4057086665922784 1.4057087663513759
1.9522041515 0.08385679302273402 0.028484668132213148 0.12868007043600774 0.06251392979134136 0.04612811104518867 0.552291688315345 0.20922177526944744 -0.3532726302387761 0.08385679302273402 0.9204861471922418 0.3730426656236785 1.5672135169534658 0.0 1.6204531920186105 -0.7297738229218947 0.7861286367221875 -0.3517899988502293 1.5687393170841295 0.01108027099543949 -1.0775721936966463 -1.541886705569905 -0.6699341243725027 1.9326606744031312 0.22308022962741694 1.6699062906670505 -0.3232693082393961 -0.8484946100642248 0.12271241521780984 0.1339011261581387 0.024432529840827024 -0.04367204872614611 1.0121745272108893 0.5296668189358997 -0.47033318106410027 1.4501529662916641 1.4501530146536041
1.97621626256 0.0798902763596042 0.026126684493086447 0.1292120381215943 0.05945064199784463 0.042549238694141 0.5764476150473237 0.22775737372838126 -0.34786896956259517 0.0798902763596042 0.9607460250788729 0.36235855940788475 1.6128770555162777 0.0 1.7989807415718426 -0.7332366651565231 0.792560641515592 -0.3330184932748814 1.614351749553396 0.009552810900748354 -1.0693100087324652 -1.583390831079655 -0.681738616043926 1.9919538780358783 0.201554779317602 1.7154779932372763 -0.3180897674073418 -0.8436387773011524 0.10734726184356946 0.12989434851041093 0.02280594317614626 -0.04155036238782115 1.0312078529570055 0.5359894530683253 -0.46401054693167465 1.4967354781992066 1.4967354993163644
2.00052372259 0.07604689070923444 0.02391046518270807 0.12916045837953088 0.05649903390560978 0.03919262553566128 0.6016770811353261 0.24716472157882372 -0.342118516691986 0.07604689070923444 1.0027951352255435 0.3522472639202002 1.6606766185335575 0.0 1.9887241476005992 -0.731143686234254 0.7989007831605743 -0.31505743836910227 1.662104309838868 0.008304815973702273 -1.0614849463859741 -1.6265897780694787 -0.6939788902336452 2.054727963245837 0.1789127299627979 1.763533783937861 -0.31290478995679094 -0.8386345603183979 0.09220705230152615 0.12611231584606408 0.021271037197964218 -0.039494619695772885 1.0519328280202935 0.5427306006485774 -0.45726939935142263 1.5455257358881629 1.5455257440781054
2.02513016438 0.07232696437656316 0.02183352893082423 0.12856628698244196 0.05365494515273087 0.0360497550183642 0.6280332595371518 0.26747675591057835 -0.33602685284634703 0.07232696437656316 1.0467220992285864 0.3426577221844112 1.7106952463822391 0.0 2.1897937218037025 -0.7237892882570097 0.8051464379786378 -0.2978826923872795 1.7120811980339121 0.00728258777344592 -1.0540455704995644 -1.6715634378392548 -0.7066720086400556 2.121113735155682 0.15513291285999184 1.8141682367011416 -0.30771722217871483 -0.8334854030114497 0.07732252489916669 0.1225341480725212 0.01982309851428905 -0.037504360613229294 1.0743916359270955 0.549881642862508 -0.45011835713749204 1.5966037420942358 1.5966037448668553
2.0500392654 0.06873053575039562 0.01989273800864863 0.12747240755244868 0.050914882142003536 0.03311195349943194 0.6555733545857245 0.28873049023210506 -0.32959647294454353 0.06873053575039562 1.0926222576428744 0.3335437981414922 1.763025784698331 0.0 2.402336607529647 -0.7114486372781681 0.8112951218165204 -0.2814702875696078 1.7643764871534182 0.006439401989861826 -1.0469458627441064 -1.7183966185730737 -0.7198358193918696 2.1912539107574425 0.13018729020252418 1.8674852745726351 -0.30252989766518157 -0.8281952303079636 0.062719655133464 0.119140918932108 0.01845785560909342 -0.035579309335058706 1.0986316531145681 0.5574378331199963 -0.4425621668800037 1.6500600907634362 1.6500600915652444
2.07525474836 0.06525736010396714 0.018084362741508243 0.12592277043220998 0.048275881919541436 0.030370440413419922 0.6843588410888769 0.31096710004385036 -0.3228269496638537 0.06525736010396714 1.1405980684814616 0.3248638109333851 1.8177711188176078 0.0 2.626534248943538 -0.6943062174733625 0.8173444922443657 -0.2657964544700917 1.8190943752165114 0.005736186759671248 -1.0401446516163375 -1.7671793228922366 -0.7334890097401678 2.26530358379773 0.10404106833529397 1.9235984865429478 -0.2973456283269793 -0.822768376286062 0.04842017913981639 0.11591548352112714 0.017171388671109886 -0.0337192917946841 1.1247055153162684 0.5653980790980656 -0.4346019209019344 1.705996147579606 1.7059961477724046
2.10078038177 0.06190691847033665 0.016404152947169227 0.12396168069231127 0.04573539526496701 0.027816377145001993 0.7144557247232874 0.33423209656164155 -0.3157149331567779 0.06190691847033665 1.1907595412054792 0.3165801105303929 1.8750446080487015 0.0 2.862602243762878 -0.6725567413946654 0.8232923506943246 -0.2508376457614325 1.8763496378706925 0.005141421411648996 -1.0336051934565447 -1.8180070498557317 -0.7476511614898754 2.3434308443815923 0.07665255266667413 1.9826315895022297 -0.2921671962967549 -0.8172095190738827 0.034441971378772473 0.11284232016000953 0.015960061856388916 -0.03192417232668874 1.1526713031761133 0.5737649361450579 -0.42623506385494214 1.7645244773505455 1.764524477387809
2.12661998046 0.05867842828363934 0.014847413401774309 0.12163318056354433 0.043291187092471345 0.025440913959393317 0.7459348236383819 0.3585755038842703 -0.30825417453626147 0.05867842828363934 1.2432247060639698 0.30865869258920037 1.9349705315277081 0.0 3.1107983477071848 -0.6464085347903021 0.8291366442944733 -0.2365705597209029 1.9362680951129805 0.004630484644131621 -1.027294755067171 -1.8709811219779546 -0.7623428094600047 2.425817430827335 0.047973026449735445 2.044718910703687 -0.28699734665253696 -0.8115236215405055 0.02079942619423758 0.109907385602378 0.01482046626931743 -0.030193801465902823 1.1825927247633652 0.5825445694668294 -0.4174554305331706 1.8257692755307997 1.8257692755363464
2.15277740622 0.05557085549903466 0.013409080968077575 0.11898051029007105 0.040941252550588295 0.02323523446515905 0.7788720773541427 0.38405200021269703 -0.3004356696816254 0.05557085549903466 1.298120128923571 0.3010688490674522 1.9976844592419458 0.0 3.3714225231066783 -0.6159808813500234 0.8348754681066081 -0.22297216199687497 1.9989870062979704 0.0041846868600118525 -1.0211841432620172 -1.9262090416093511 -0.77758550327265 2.512659359068057 0.01794679488124794 2.1100058344307318 -0.281838780902021 -0.8057158784648382 0.007503897199695908 0.10709798260681487 0.013749370075347699 -0.028527972331266742 1.2145392301444857 0.5917465604216179 -0.4082534395783821 1.8898666893451892 1.8898666893457914
2.17925656832 0.05258292793433815 0.012083801284729754 0.11604569355937906 0.03868374717695882 0.021190597201439863 0.8133488873941954 0.4107211766717952 -0.29224758872074463 0.05258292793433815 1.3555814789903258 0.2937828517447263 2.063333890269581 0.0 3.6448149278295188 -0.5813974917962133 0.8405070665988235 -0.21001970754412014 2.06465573381877 0.0037901853113598144 -1.0152474061660914 -1.983804879833022 -0.7934018727448326 2.6041677634904388 -0.013489109915658094 2.1786494450702896 -0.2766941511886907 -0.7997916701226532 -0.005436028499318235 0.10440263894300164 0.012743685860552415 -0.02692639184656205 1.2485862845001128 0.6013839883515177 -0.39861601164848226 1.9569654673418433 1.9569654673418877
2.20606142411 0.04971314957783443 0.010866003079832808 0.1128691904866678 0.0365169290558948 0.01929837402903478 0.8494524808709599 0.438647798709054 -0.2836752337887094 0.04971314957783443 1.4157541347849332 0.28677566539921345 2.1320789009962238 0.0 3.9313651797343674 -0.5427859123565826 0.8460298352492037 -0.19769076100460836 2.13343642030357 0.00343692613546829 -1.0094615237713356 -2.043889693544136 -0.809815697251358 2.700569771169632 -0.046405194245247 2.250819190767264 -0.27156605515541615 -0.793756518989381 -0.018014243777346284 0.10181099694130337 0.011800443835866953 -0.02538865872239125 1.284815636384699 0.6114734753359508 -0.38852652466404924 2.027227610120884 2.027227610120886
2.23319597963 0.04695981564169297 0.009749968990831607 0.10948960944066526 0.0344391121253719 0.0175500851079085 0.8872763131744671 0.46790204477979935 -0.274701105192249 0.04695981564169297 1.4787938552907784 0.2800246885401376 2.2040927500985292 0.0 4.231510602251556 -0.5002086014526624 0.8514423219246083 -0.18596321607092392 2.205504626638231 0.0031177020252048057 -1.0038060556409736 -2.1065919810944123 -0.8268519793829997 2.8021093874895087 -0.0808796273085528 2.3266975391096882 -0.26645703142877625 -0.7876160526168917 -0.030226786953157836 0.09931371274081545 0.01091676877141716 -0.02391424683210157 1.3233155321987304 0.6220350901032266 -0.37796490989677345 2.1008289453940048 2.1008289453940048
2.26066429018 0.044321028151783834 0.008729901649897303 0.10594350988360872 0.03244862888918198 0.015937430320012696 0.9269205035242067 0.49855987331239515 -0.2653047311935022 0.044321028151783834 1.544867505873678 0.2735095188197899 2.279562774680176 0.0 4.545739934096599 -0.4537428648413523 0.8567432277552052 -0.17481531413113593 2.281050264389642 0.0028273676178228145 -0.9982629444256084 -2.172048173743459 -0.8445370232818513 2.9090486118145997 -0.11699873850097228 2.4064808466115974 -0.26136955567833653 -0.7813759699529552 -0.042071660341516326 0.0969023644491305 0.010089868495654348 -0.022502498501302502 1.364181105940922 0.6330925558924301 -0.3669074441075699 2.1779600617661083 2.1779600617661083
2.28847046095 0.0417947118827351 0.007799984313944507 0.10226523719830714 0.030543801423224815 0.014452317069093862 0.9684923084756538 0.5307033296601987 -0.255462687385712 0.0417947118827351 1.614153847459423 0.2672117410623831 2.358691160073711 0.0 4.874597151574749 -0.40340743724090816 0.8619314079616087 -0.16422566140320427 2.3602784074148095 0.002562220953686413 -0.9928162198159143 -2.2404031670539424 -0.862898518068402 3.021668510530397 -0.15485725140790574 2.490380165214457 -0.2563060372058812 -0.7750420113124264 -0.053548547100283894 0.09456936846538194 0.009317021677468104 -0.021152619450474083 1.407514663070974 0.6446732128090702 -0.3553267871909298 2.2588270602684934 2.2588270602684934
2.31661864762 0.039378630468967786 0.006954435554545004 0.09848683037222765 0.028722919649906156 0.013086884455305125 1.0121066406825663 0.5644209898195249 -0.24514837919004262 0.039378630468967786 1.6868444011376105 0.2611147357885326 2.4416960219475676 0.0 5.2186812239598765 -0.34924495074687884 0.8670058721739958 -0.15417324518855935 2.4434104207393417 0.002319538416770441 -0.9874518463231663 -2.3118108975828338 -0.8819656267866522 3.1402705447587786 -0.19455889826080605 2.5786222823025096 -0.2512688160289141 -0.7686199324361829 -0.06465866869842352 0.09230790327620521 0.008595574127783038 -0.01986368115793606 1.453426143621168 0.6568082844422598 -0.3431917155577402 2.3436526855798703 2.3436526855798703
2.34511305698 0.037070402537883136 0.006187557619270903 0.09463795404676727 0.02698422557594056 0.0118335238758424 1.057886624793484 0.5998083603817689 -0.23433197662345262 0.037070402537883136 1.7631443746558066 0.2552035062853386 2.528812398032354 0.0 5.578658734229584 -0.2912778571951877 0.8719657844665932 -0.14463744884341345 2.530685005882408 0.0020972399061221256 -0.9821574906234627 -2.3864349616712515 -0.9017690813339959 3.2651778823588153 -0.23621682661675653 2.671450723280768 -0.2462601604216645 -0.7621154800197999 -0.07540456176024934 0.09011184007967321 0.007922934115471182 -0.01863462397786061 1.502033507703009 0.669532947125369 -0.33046705287463096 2.4326773217811755 2.4326773217811755
2.37395794758 0.03486751772838773 0.005493778534112102 0.09074586891494724 0.025325903086829468 0.010684896149365238 1.1059642166831476 0.6369683030588337 -0.22298038828873623 0.03486751772838773 1.8432736944719128 0.24946452235629418 2.620293306183177 0.0 5.955255252723989 -0.22941181865477306 0.876810463145701 -0.13559806539727504 2.622359319546702 6.703706287839557 -0.9769222913041045 -2.464449292580692 -0.9223412838783904 3.3967368158382696 -0.2799539823908666 2.7691268308880113 -0.241282264879422 -0.75553437267583 -0.08578985323099886 0.08797567963446234 0.007296569698701621 -0.017464263025621693 1.5534631213663568 0.6828863469239326 -0.3171136530760674 2.5261600413958454 2.5261600413958454
2.40315763034 0.03276735246620593 0.004867687813110649 0.08683546415320809 0.023746071890841693 0.0096339452965719 1.1564808663374657 0.6760117076653988 -0.21105674791017393 0.03276735246620593 1.927468110562443 0.24388557932332272 2.716411362652269 0.0 6.349263218557599 -0.16366287615104214 0.8815393799180175 -0.1270353102650681 2.7187106613432306 0.762713827931468 -0.9717368597490808 -2.5460388867540362 -0.9437164153927512 3.535318602999412 -0.32590424832221965 2.8719312454781205 -0.23633724845542953 -0.7488822823187815 -0.09581926716523015 0.08589449480908003 0.0067140144358044385 -0.01635130035252061 1.6078504924369692 0.6969122440619964 -0.30308775593800363 2.6243803546244395 2.6243803546244395
2.43271646919 0.03076718541046655 0.004304066057661691 0.0829292746286078 0.022242785107131548 0.008673909154602349 1.2095882336350285 0.7170579592530588 -0.1985204366747262 0.03076718541046655 2.0159803893917143 0.2384556710720216 2.8174599527169883 0.0 6.761557403006936 -0.09399411132330443 0.8861521588007895 -0.11892983256777967 2.820037723767004 0.39510947011573166 -0.9665930194516772 -2.631400585998857 -0.9659305517046894 3.681321071199511 -0.37421280811848195 2.980165117609843 -0.23142715348482282 -0.7421648171498842 -0.10549836973401372 0.08386387826961895 0.0061728652112679775 -0.015294332728947261 1.6653406818077965 0.7116589649769014 -0.2883410350230986 2.7276393543686157 2.7276393543686157
2.46263888176 0.028864212456001775 0.0037979088136293197 0.07904753843787621 0.020814030119915394 0.007798327003806618 1.2654489851117576 0.7602355453864386 -0.18532691412162916 0.028864212456001775 2.1090816418529297 0.23316487471545372 2.9237547277313007 0.0 7.193084702047953 -0.020264822604214354 0.890648574853795 -0.11126272496751533 2.9266621794942185 0.26168244286452513 -0.9614836563807003 -2.7207439335565224 -0.9890217879370491 3.8351705160660305 -0.42503684276853204 3.0941515796094254 -0.2265539446118533 -0.7353875094507112 -0.11483342196247404 0.08187989489218069 0.005670784304270706 -0.014291862933755194 1.7260888742131009 0.727179599098962 -0.272820400901038 2.8362612409518917 2.8362612409518917
2.49292934001 0.027055561230848287 0.0033444449226512018 0.07520828500716882 0.019457731670474803 0.007001044425127954 1.3242376488198702 0.8056828428759144 -0.17142723630518275 0.027055561230848287 2.207062748033117 0.2280042472265621 3.035635511727934 0.0 7.644874675783691 0.05759783354263944 0.8950285521845501 -0.10401553270227559 3.038930692465491 0.19246964039608042 -0.9564026944898263 -2.814292093343468 -1.0130303718790765 3.997323939321408 -0.4785467282199308 3.2142375258969693 -0.22171950813125443 -0.7285558032294664 -0.12383135855808391 0.07993903844122709 0.005205504745651682 -0.013342313423170455 1.790261191288291 0.7435325973605065 -0.2564674026394935 2.9505953453936233 2.9505953453936233
2.52359237089 0.02533830501642942 0.0029391498695468467 0.07142741932804171 0.01817175687942906 0.006276215605725321 1.386141546919584 0.8535488240264224 -0.15676786797029663 0.02533830501642942 2.31023591153264 0.22296573152973348 3.1534680435623432 0.0 8.11804874928529 0.13971710201328053 0.8992921616782699 -0.09717026125371753 3.157216779087102 0.14998859674674236 -0.9513449394970568 -2.912282845913699 -1.0379988471235195 4.168271260223228 -0.5349268352221012 3.3407953265282337 -0.2169256516003726 -0.721675043837434 -0.13249963440590506 0.07803819213119173 0.004774831794913914 -0.012444037706206806 1.8580353486905872 0.7607819894775751 -0.23921801052242486 3.071017901010215 3.071017901010215
2.55463255705 0.023709476039106524 0.0025777545826606023 0.06771882605746532 0.016953921763460698 0.005618303322622603 1.451361813189855 0.9039939039708311 -0.1412903070127527 0.023709476039106524 2.418936355316425 0.2180420720095348 3.2776460483036725 0.0 8.61382219292295 0.22624033647495573 0.9034396185714223 -0.09070938257749361 3.281923016891337 0.12120504373314957 -0.9463059990967135 -3.0149696677414477 -1.0639722067841682 4.348537833151893 -0.5943766579196791 3.474224806596223 -0.21217410370137496 -0.7147504693259432 -0.14084614719327615 0.07617459271029288 0.0043766461585918555 -0.011595332931796525 1.9296014778354678 0.7789978410330565 -0.22100215896694353 3.1979341963494816 3.1979341963494816
2.5860545375 0.022166078092552728 0.0022562501624601708 0.06409447900772788 0.015801998809549727 0.005022076836707586 1.5201145009213561 0.9571908359592243 -0.1249307362703993 0.022166078092552728 2.5335241682022605 0.21322673807601866 3.408593431931861 0.0 9.133514066375648 0.3173378572581582 0.9074712793559733 -0.08461584049559256 3.4134833967852707 0.10039208187509267 -0.941282186615858 -3.122622899768249 -1.0909980586734478 4.538687144073451 -0.6571119516618203 3.614955358647669 -0.20746651433535582 -0.7077872030537591 -0.14887914306650785 0.07434579773427256 0.004008906346711305 -0.01079445184456074 2.0051629758711913 0.7982566728985963 -0.20174332710140375 3.3317808411008567 3.3317808411008567
2.61786300832 0.020705098456549897 0.0019708890320707024 0.06056455818581866 0.014713725303862116 0.00448260792684585 1.5926317936837562 1.0133257108507772 -0.1076195961593931 0.020705098456549897 2.6543863228062605 0.2085138550048085 3.5467667266468674 0.0 9.678549658872416 0.41322938580750956 0.9113876385461819 -0.07887305469590977 3.552365950026914 0.08463706426300575 -0.9362704484561561 -3.2355310153149905 -1.119126802954246 4.7393237788070675 -0.72336604669633 3.7634482777242093 -0.20280445492065122 -0.7007902478567033 -0.15660714590354208 0.0725496557402059 0.0036696510287163512 -0.010039614582026875 2.0849374560008065 0.8186419799820572 -0.18135802001794277 3.4730283027883178 3.4730283027883178
2.65006272332 0.01932351909073369 0.0017181829776297783 0.05713757287497674 0.013686812060464869 0.003995265291312758 1.6691633201988119 1.0725991024779213 -0.08928098738063639 0.01932351909073369 2.78193886699802 0.20389814150851626 3.6926578796173835 0.0 10.250472967921375 0.5140941180791772 0.9151893247926998 -0.07346492392044723 3.6990757479185965 0.07230075802746189 -0.9312683358964158 -3.354001991759113 -1.1484118233211282 4.951096731226328 -0.7933914745950512 3.9201993843728387 -0.19818941887935781 -0.6937644806617904 -0.16403893131417724 0.07078427904299799 0.003357001550170278 -0.009329020280381267 2.1691578642283083 0.8402449663279405 -0.15975503367205945 3.6221838333259604 3.6221838333259604
2.68265849481 0.018018327087350995 0.001494898554368678 0.053820477770958525 0.012718952356285134 0.003555707535756828 1.7499775881024346 1.1352271783406722 -0.06983232680211282 0.018018327087350995 2.9166293135040577 0.19937485312890646 3.846796986701945 0.0 10.850958898081583 0.6201901500043057 0.9188770972161732 -0.0683758275233437 3.854157875886969 0.06238901426027598 -0.9262738822807375 -3.478364798018125 -1.17890969290507 5.174702797813093 -0.86746128096485 4.085741675021994 -0.19362282228909825 -0.686714648065366 -0.17118340669202792 0.06904801890809824 0.003069162119279425 -0.008660856825039953 2.258073484309035 0.863164950552143 -0.13683504944785696 3.779794264056201 3.779794264056201
2.7156551943 0.016786524377365445 0.0012980503079799359 0.05061879589318491 0.011807830947228107 0.0031598749588653417 1.8353635617214852 1.201443013223566 -0.04918376575723871 0.016786524377365445 3.058939269535809 0.19493973109809126 4.009755503778571 0.0 11.481811434438645 0.7318374777005213 0.922451841018801 -0.06359062640262358 4.018200924092569 0.05426311615116916 -0.9212855561901439 -3.6089710152645815 -1.2106803961618917 5.410890433778272 -0.945870774542745 4.260648367225263 -0.18910600468710173 -0.6796453640995663 -0.17804956568795494 0.06733944287998694 0.0028044208579648356 -0.008033310811224006 2.3519511642424633 0.887510073807432 -0.11248992619256803 3.9464493433432413 3.9464493433432413
2.74905775319 0.015625136688686935 0.001124892194165635 0.04753674324491165 0.010951132809816017 0.0028039803352202177 1.92563236963673 1.2714981266401668 -0.027237303224413978 0.015625136688686935 3.2093872827278833 0.19058895593221764 4.182149979503469 0.0 12.14498314630777 0.8492844825762875 0.9259145627044608 -0.059094662990561986 4.19184104723916 0.04749338521458192 -0.9163022817402791 -3.7461965886735955 -1.2437875681585653 5.660464095113952 -1.0289398060726727 4.445536366382746 -0.1846402300079516 -0.6725611071808294 -0.18464651156888734 0.06565731406347529 0.0025611511455147255 -0.007444577175786576 2.451076812386069 0.9133983977507385 -0.0866016022492615 4.122785680478621 4.122785680478621
2.78287116355 0.014531221761529831 0.0009729075973482157 0.04457733987499566 0.010146551606539314 0.0024844988828670836 2.021119172066562 1.3456639138297957 -0.00388637232869371 0.014531221761529831 3.36853195344427 0.18631910535828206 4.364645581115576 0.0 12.842590335449115 0.9728871784636295 0.9292663854802649 -0.05487375986567855 4.375765861126893 0.04177967856182947 -0.9113233060134807 -3.890443731388468 -1.2782987528064222 5.924288606776113 -1.1170144259883823 4.641069679503426 -0.18022668763773828 -0.6654662180382763 -0.19098332810952712 0.06400057216993274 0.0023378100634554276 -0.006892866468377341 2.555756653331843 0.9409583878571204 -0.05904161214287962 4.309490341301391 4.309490341301391
2.81710047887 0.013501876832070126 0.000839798294431222 0.04174252604026978 0.00939179780802903 0.002198157590338291 2.1221852178262934 1.424233397451012 0.020985004963296028 0.013501876832070126 3.5369753630438225 0.1821271161518298 4.557960368007119 0.0 13.576911928097173 1.1030557068165656 0.9325085442123088 -0.050914217640576354 4.570719150997602 0.03690564080828645 -0.9063481841768546 -4.042143001804152 -1.3142856817222042 6.203294213532333 -1.210469295126217 4.847963426377681 -0.1758664935718399 -0.6583648996171434 -0.19706906691913417 0.062368316169738466 0.0021329381414495596 -0.006376412496932668 2.6663188504885103 0.9703299485098817 -0.029670051490118254 4.507305311553704 4.507305311553704
2.85175081476 0.01253424539998183 0.000723472651119956 0.039033274255902264 0.008684606227939784 0.001941924064080266 2.2292200737061805 1.507523194826462 0.04750328671631543 0.01253424539998183 3.715366789510301 0.17801024948467997 4.7628700762266165 0.0 14.350415424995246 1.240147642300884 0.9356423798372324 -0.047202812227151725 4.777506164057271 0.032711095641542114 -0.9013767927690441 -4.201755552363302 -1.3518245755507885 6.498482154776226 -1.3097105265779063 5.066988288685101 -0.17156069166479393 -0.6512612157619265 -0.20291276477996512 0.06075978839930656 0.0019451588081417647 -0.005893479188049306 2.7831153652659246 1.0016657417874013 0.0016657417874013092 4.717032531297702 4.717032531297702
2.88682734978 0.011625523297814447 0.0006220333404727698 0.0364496896136333 0.00802274304887774 0.0017129950428112822 2.3426440728011686 1.5958754419604395 0.07580605946591223 0.011625523297814447 3.904406788001948 0.1739660593961652 4.98021284746786 0.0 15.165770493170358 1.3846401917006566 0.9386693342601188 -0.04372679070398888 4.9969989179577174 0.02907470489978986 -0.8964092204352028 -4.369775581002408 -1.3909964698108925 6.81093041927517 -1.4151780185328515 5.298975035379941 -0.16731025495525695 -0.6441590911819716 -0.20852333854924243 0.05917435998401355 0.0017731759130851417 -0.005442365678386438 2.9065236312732226 1.0351319582192682 0.03513195821926818 4.939538746221216 4.939538746221216
2.92233532618 0.010772964085355744 0.0005337648150191177 0.03399111173150679 0.007404012271158784 0.0015087847118148779 2.4629110029257615 1.6896601350079181 0.10604325864609754 0.010772964085355744 4.104851671542936 0.16999236411410384 5.210894930189033 0.0 16.025857983845558 1.5370307084567996 0.9415909445390906 -0.04047386685244092 5.230142585559982 0.025902699167935236 -0.8914457837106351 -4.546733003918324 -1.431887567480776 7.141800384421656 -1.5273487784834576 5.5448198230956125 -0.16311608705755373 -0.6370623123773339 -0.21390960448086116 0.057611517461807864 0.0016157723622502065 -0.005021411600521779 3.0369487128787203 1.0709098187418906 0.07090981874189062 5.175761490284827 5.175761490284827
2.95828005069 0.009973883793987082 0.00045712072863141463 0.03165620789618337 0.006826261490727967 0.0013269129359771842 2.5905110356221077 1.7892775990350105 0.1383783154524565 0.009973883793987082 4.317518392703513 0.16608721992811437 5.4558967081559695 0.0 16.93379791560016 1.6978376141895792 0.9444088371621995 -0.03743221575966693 5.477962315167884 0.02312133568816924 -0.886486994772957 -4.733196359261917 -1.4745896207706 7.492343920337082 -1.6467402707465226 5.8054898447032794 -0.1589790236090554 -0.6299745277709957 -0.2190802512422937 0.056070850498206315 0.0014718078151465673 -0.004629001188539008 3.1748255276335695 1.1091969753559434 0.10919697535594342 5.426715368059456 5.426715368059456
2.99466689532 0.009225665048026957 0.00039071148795340286 0.029443060007243005 0.006287387090528569 0.001165193516751236 2.7259739535930163 1.8951611631861434 0.17298932027584968 0.009225665048026957 4.543289922655028 0.16224889742910678 5.716279242930877 0.0 17.89296192348681 1.8676762498240718 0.947124722221181 -0.03459046772817587 5.741570691985985 0.020671719441509372 -0.8815335153612889 -4.929775980487026 -1.5192003447959226 7.863911126233794 -1.7739139546321179 6.082029473843711 -0.1548998337621479 -0.6228992493322051 -0.22404379830090815 0.05455204058926331 0.001340215982523308 -0.004263566625668707 3.320621203578766 1.1502089251749918 0.15020892517499185 5.6934988478300195 5.6934988478300195
3.03150129813 0.00852576059241836 0.0003332920667391506 0.0273492478887913 0.005785338762446767 0.00102162256527924 2.869872677402619 2.0077802325154153 0.21007062425259893 0.00852576059241836 4.783121129004365 0.158475859721675 5.993191753256964 0.0 18.906998634614332 2.047162555925496 0.9497403872744175 -0.03193770169775334 6.0221762980645375 0.018506165540498713 -0.8765861728141537 -5.13712745105319 -1.5658238661094204 8.257958991256418 -1.909479646047019 6.375567193955518 -0.15087922171337828 -0.6158398536098519 -0.2288086175065478 0.05305485066926777 0.0012200022376815146 -0.003923591061783701 3.4748378622520533 1.1941809814547817 0.1941809814547817 5.977302110459147 5.977302110459147
3.06878876409 0.007871696256429436 0.0002837502012305345 0.025371923493509738 0.005318123418138091 0.0008943670711852544 3.02282714059093 2.1276434736035528 0.24983417750281411 0.007871696256429436 5.038045234318217 0.15476674257926867 6.287879411821031 0.0 19.979859951334742 2.2370050917764006 0.9522576916192395 -0.029463437743483922 6.321092756895458 0.01658559207436069 -0.8716458972489054 -5.355955377144658 -1.61457120940502 8.676060607654097 -2.054099677693625 6.687322918277081 -0.1469178282577097 -0.6087995833355108 -0.23338287616991094 0.0515791155467036 0.0011102403579194952 -0.0036076105783678265 3.63801537333588 1.2413698957500259 0.24136989575002588 6.279415130068243 6.279415130068243
3.10653486589 0.007261073385282862 0.00024109505509273233 0.02350788175625431 0.00488380850211626 0.0007817537350351302 3.18550855284721 2.255302472766368 0.2925113426701378 0.007261073385282862 5.3091809214120165 0.15112033634563687 6.601692264082154 0.0 21.115820478336836 2.4379807308605748 0.9546785601919476 -0.027157629274464412 6.639749120038579 0.014877617548265332 -0.8667137243815795 -5.587017511290648 -1.6655608259825643 9.119915507671259 -2.208493987809211 7.01861625833301 -0.1430162323635222 -0.6017815496422763 -0.23777454546484011 0.050124733090678976 0.001010069668471401 -0.0033142159488771753 3.810734586259242 1.2920560826306904 0.2920560826306904 6.601237004042707 6.601237004042707
3.14474524474 0.006691570771930101 0.00020444641924841303 0.021753624844637526 0.004480524697457071 0.0006822581213082917 3.3586440712451484 2.3913557235774983 0.33835483573496195 0.006691570771930101 5.597740118741914 0.14753556929777673 6.936094954476876 0.0 22.319513068426446 2.6509047684778375 0.9570049773420413 -0.02501065479584952 6.979701308034702 0.013355149511616484 -0.861790784792456 -5.831129251889769 -1.7189191679118354 9.59136094198863 -2.3734456265164137 7.370875544332431 -0.13917495276446495 -0.5947887337511771 -0.2419913962454292 0.04869165610975551 0.0009186919425896916 -0.003042053776604975 3.9936208232467156 1.3465459976174659 0.34654599761746585 6.94428611635938 6.94428611635938
3.18342561125 0.006160946119403099 0.00017302449713799502 0.020105420220202452 0.004106468089252512 0.0005944941781225914 3.5430219465808137 2.536452957835756 0.38764072618195744 0.006160946119403099 5.905036577634689 0.14401149243296452 7.292677303816647 0.0 23.59595773681706 2.8766928691639393 0.9592389810370635 -0.023013308950604383 7.342644688453952 0.011995321868103153 -0.8568782729372533 -6.08916856822407 -1.7747813124392868 10.092384180340346 -2.5498066151511645 7.74564765407455 -0.13539444955130148 -0.5878239893266242 -0.24604097466002517 0.04727988486852823 0.0008353681064363247 -0.002789827089855296 4.187347602705657 1.4051745789578822 0.4051745789578822 7.310211156592572 7.310211156592572
3.22258174627 0.005667037067566108 0.00014614030532004408 0.01855935410657135 0.0037599017955474625 0.000517204161171348 3.7394971801213015 2.6912999981291765 0.44067084010735336 0.005667037067566108 6.232495300202169 0.14054726555761216 7.673166140309522 0.0 24.950597289819076 3.1163301398366117 0.9613826568165276 -0.021156793347167024 7.730428258090593 0.010778683803750824 -0.8519774465837813 -6.362081386354613 -1.8332916413757265 10.625136142051803 -2.7385046935617527 8.14460894052547 -0.1316751257688133 -0.5808900446998131 -0.24993060853680105 0.045889460181298025 0.0007594151085303929 -0.002556295640742501 4.392640841849634 1.4683081953758705 0.46830819537587054 7.70080349557804 7.70080349557804
3.26221950175 0.00520776181536504 0.0001231867070063252 0.01711137905112818 0.0034391571099045364 0.00044924899026154526 3.9489977541984542 2.8566640251933935 0.49777523495057263 0.00520776181536504 6.581662923664091 0.13714214450846174 8.079438158614664 0.0 26.38933555025303 3.370899969868368 0.9634381318662992 -0.019432706984904513 8.145070249964716 0.009688572873240367 -0.8470896009023487 -6.650887487136838 -1.894604580893189 11.191946261843757 -2.940550493647222 8.569577136239023 -0.128017329008751 -0.5739895053309515 -0.25366738858649285 0.04452045705273787 0.000690202639817956 -0.0023402757364633453 4.610283338179666 1.5363476708453625 0.5363476708453625 8.118010594509453 8.118010594509453
3.30234480162 0.004781119369536995 0.00010363008314725242 0.015757357234217048 0.0031426341882237574 0.0003895990591833984 4.172531497368691 3.033379482597677 0.5593151504115923 0.004781119369536995 6.954219162281152 0.13379546943187198 8.513534312692745 0.0 27.91857963991074 3.6415677525925862 0.9654075692356124 -0.017833036328230634 8.588775761276471 0.008710624851201429 -0.8422160723264174 -6.956686968517458 -1.9588854077520665 11.795338981547161 -3.157045779711102 9.022524601603987 -0.12442135299118252 -0.5671248563737208 -0.2572581796244664 0.0431729788066655 0.0006271500362997665 -0.002140639843847648 4.841119819266009 1.6097319064739946 0.6097319064739946 8.563951068755147 8.563951068755147
3.34296364268 0.0043851894510655905 8.700263574819154e-05 0.014493098376606802 0.00286880231229431 0.00033732551284474874 4.411193645750477 3.2223544821105325 0.6256860406152924 0.0043851894510655905 7.351989409584129 0.1305066539975832 8.97767545019942 0.0 29.54528867014626 3.929624919238428 0.9672931621577617 -0.01635014511051658 9.063956174295962 0.00783238626204611 -0.8373582120836094 -7.280667326904189 -2.026311128500748 12.438051734757487 -3.3891921974509813 9.50559275344758 -0.12088743913465698 -0.5602984650522989 -0.2607096019207935 0.04184715168515573 0.000569723087522319 -0.0019563158110779267 5.086062325173358 1.6889415885496017 0.6889415885496017 9.04093099813373 9.04093099813373
3.38408209549 0.0040181320890266175 7.28953105760676e-05 0.013314393855406123 0.002616199782097288 0.00029159199930634206 4.666175199308519 3.4245779772111202 0.6973211355676465 0.0040181320890266175 7.776958665514199 0.12727517560530574 9.474279801081845 0.0 31.27701966949042 4.236471986895585 0.9690971284281804 -0.014976763940961035 9.573251107234501 0.007043005089041213 -0.8325173871060745 -7.624111232488087 -2.0970714389918577 13.123054911799414 -3.6383012585228696 10.021108126198744 -0.11741577811040964 -0.553512583631832 -0.2640280395332808 0.04054311987001399 0.0005174310402223367 -0.0017862859304437232 5.3460962462852155 1.7745035578933415 0.7745035578933415 9.55146222340754 9.55146222340754
3.42570630526 0.0036781869305644913 6.0951318480735375e-05 0.012217046515483632 0.0023834334490994797 0.00025164689896787015 4.938772122913137 3.6411276769925993 0.7746953964085366 0.0036781869305644913 8.231286871521895 0.12410056626170177 10.005982267930431 0.0 33.121992970505694 4.563610048119364 0.970821704851539 -0.013705979749175867 10.119552955843186 0.006332981480383952 -0.8276949783401246 -7.988405054225428 -2.1713697723814978 13.85357383009689 -3.9058053851201033 10.571600061639206 -0.11400651137596039 -0.5467693516039918 -0.2672196469869569 0.03926104090398367 0.0004698236693470915 -0.0016295857697759366 5.622286958574996 1.8669956644571162 0.8669956644571162 10.098282535979012 10.098282535979012
3.46784249282 0.0033636722950151857 5.086023144756068e-05 0.011196896155044173 0.00216917795505285 0.00021681602850770135 5.230395533540016 3.8731786455468824 0.8583295330078631 0.0033636722950151857 8.717325889233361 0.12098240429719703 10.575655422241224 0.0 35.08914793544103 4.912739820515472 0.9724691422796637 -0.012531224861891843 10.706034045426348 0.0056939650298948805 -0.822892343324023 -8.375048235342227 -2.2494244446217775 14.633112754979663 -4.193269595922914 11.159820020719053 -0.11065973268664658 -0.5400707986835234 -0.2702903197786083 0.038001081486543596 0.000426488332249929 -0.001485302760002465 5.915786865746301 1.9670516759547603 0.9670516759547603 10.684377565188122 10.684377565188122
3.51049695548 0.003072983999028253 4.2352624081186886e-05 0.010249842511403102 0.0019721746919504433 0.00018649581314606007 5.542582952939524 4.122013118617152 0.9487951481277097 0.003072983999028253 9.237638254899208 0.1179203067630773 11.186433403026918 0.0 37.188211331981755 5.285658240021337 0.974041700054386 -0.011446266340062294 11.336177833442651 0.005118588674900888 -0.8181108483590211 -8.785663595730837 -2.3314699074625165 15.465481851488928 -4.50240547382463 11.78876336233066 -0.10737548958438972 -0.533418847508228 -0.2732457345107303 0.036763413615332946 0.0003870473701519398 -0.0013525747879184176 6.22784359658972 2.0753676107935544 1.0753676107935544 11.313005865692762 11.313005865692762
3.55367606803 0.002804593977846342 3.5195229500589524e-05 0.009371863965159773 0.0017912305180091206 0.0001601469173506531 5.8770107393484965 4.389031078556171 1.046719819978902 0.002804593977846342 9.79501789891416 0.1149139224097856 11.841737718893063 0.0 39.42978362119999 5.684343285139692 0.9755416414456739 -0.010445194837842564 12.013813276688031 0.004600331366868744 -0.8133518364515453 -9.222008658311703 -2.417758120206288 16.354826502792864 -4.835085696273076 12.461692973149612 -0.10415378485801151 -0.5268153159170773 -0.27609132569662564 0.035548211058414415 0.00035115542045099837 -0.001230588533632524 6.559808603878702 2.192707960042206 1.1927079600422061 11.987725858956367 11.987725858956367
3.59738628367 0.0025570487274638614 2.918657728119802e-05 0.008559033692179292 0.0016252162779237004 0.000137288321371565 6.235507881775718 4.675762078670168 1.1527929425622734 0.0025570487274638614 10.392513136292864 0.11196292536315772 12.545306078855138 0.0 41.82541019988365 6.110999549035274 0.9769712287675819 -0.009522413666720908 12.743153781390953 0.004133403831421129 -0.8086166188533497 -9.685988131834288 -2.508560052554619 17.305659893968564 -5.193360459274365 13.182165580955445 -0.10099457797834246 -0.5202619201099209 -0.2788322850767082 0.0343556461280304 0.00031849694093067033 -0.0011185777804068372 6.9131467576757 2.3199128501882686 1.3199128501882686 12.712425986481133 12.712425986481133
3.64163413496 0.0023289675903595012 2.4153079358456768e-05 0.007807533318061482 0.001473065136034925 0.00011749182861213551 6.62007124925084 4.983878502629154 1.2677725995450242 0.0023289675903595012 11.033452082084734 0.10906700924218576 13.301224681629758 0.0 44.38768362657754 6.567971755718726 0.9783327187435835 -0.00867262781253153 13.528841478507148 0.003712652850876031 -0.8039064946988486 -10.179667648183413 -2.604167332467585 18.32289924622615 -5.579476260012448 13.954061090756994 -0.09789778650387887 -0.513760276957284 -0.28147358992903426 0.033185886749134454 0.00028878392922080217 -0.0010158216931651037 7.289447164141418 2.4579064998140154 1.4579064998140154 13.49135858189875 13.49135858189875
3.68642623482 0.0021190409065904693 1.994553064146542e-05 0.007113663515140557 0.0013337707663855381 0.00010037698706906841 7.032882508803421 5.315209982029334 1.3924925396156755 0.0021190409065904693 11.721470848005701 0.10622588186311971 14.113963387621377 0.0 47.130346630725434 7.057874368362685 0.9796283583319282 -0.007890832861592756 14.375996490694709 0.003333480485173044 -0.7992227172154021 -10.705288912423061 -2.7048940544670703 19.411905494689094 -5.995895758758746 14.78161465131641 -0.09486328745703558 -0.5073119066494692 -0.2840199777043396 0.03203909379504528 0.0002617536476050245 -0.000921642970648172 7.690434646683393 2.6077057625261695 1.6077057625261695 14.32917661053187 14.32917661053187
3.73176927751 0.0019260280506432062 1.6435991006829666e-05 0.006473852889751962 0.0012063854217758717 8.56064066758172e-05 7.476326900058676 5.671759691655837 1.5278705739630816 0.0019260280506432062 12.460544833431127 0.10343926034007074 14.988415407394209 0.0 50.06840164062588 7.583556656611838 0.9808603805603646 -0.00717230406352698 15.290273346416532 0.0029917755843866566 -0.7945665094806529 -11.265286419206824 -2.8110787656372964 20.578527659804287 -6.4453208054216615 15.669452631442248 -0.09189091867045722 -0.5009182354328001 -0.2864759699843257 0.030915418687678446 0.00023716659612748567 -0.0008354060448415642 8.11798282637316 2.7704304541786406 1.7704304541786406 15.230975287609768 15.230975287609768
3.77767003962 0.0017487553732358182 1.3515016282887396e-05 0.005884664542168033 0.0010900179029710339 7.288145338558515e-05 7.953014057385423 6.0557222744668096 1.67491756194784 0.0017487553732358182 13.255023428975706 0.10070686679103114 15.929940990923546 0.0 53.21824446492601 8.148132013703266 0.9820310005648353 -0.006512585467936205 16.27792440846229 0.002683855310077426 -0.7899390511833229 -11.86230589865003 -2.923086648517414 21.829151748636356 -6.930717485913661 16.622632254918756 -0.08898048010480795 -0.49458059790048214 -0.28884586781490407 0.029815001236440295 0.00021480455588087329 -0.0007565152257291792 8.574128319660652 2.9473143838725697 1.9473143838725697 16.202337812848278 16.202337812848278
3.82413538111 0.0015861140656424008 1.1089207235522506e-05 0.005342800961414188 0.0009838314575083267 6.193830013953874e-05 8.465801171206408 6.469503864383066 1.8347475931380632 0.0015861140656424008 14.109668618677347 0.0980284242500301 16.94441621181541 0.0 56.59779954747179 8.75502989879013 0.9831424121093959 -0.0059074790613102834 17.345872028426186 0.0024064149879759115 -0.7853414781200616 -12.499224708244524 -3.041311922544985 23.170755145043216 -7.455344262599542 17.646685748607265 -0.08613173513447149 -0.4883002397767838 -0.29113375928196816 0.02873796770852914 0.000194468787489297 -0.0006844128669790851 9.061086526365868 3.1397178652172357 2.1397178652172357 17.249386483894583 17.249386483894583
3.87117224629 0.001437057963419679 9.07904676433703e-06 0.004845107294290119 0.0008870416209490481 5.254431454176181e-05 9.01781870376479 6.915744362464657 2.0085893924921407 0.001437057963419679 15.029697839607985 0.09540365317007309 18.038287232100124 0.0 60.226682123165006 9.407989551523714 0.984196783840666 -0.005353034208484431 18.501790469971283 0.0021564848652405643 -0.780774882176063 -13.179174363505625 -3.1661804879406845 24.610966959235075 -8.022783368607534 18.7476693737081 -0.0833444118068188 -0.48207832004377166 -0.2933435279238069 0.02768442912049458 0.00017597835685465775 -0.0006185775429414983 9.58126911962709 3.349141736634351 2.349141736634351 18.378839576242335 18.378839576242335
3.91878766492 0.0013006013044515295 7.4169974241688e-06 0.004388573135878867 0.0007989140273726203 4.4494762899835533e-05 9.612499040243426 7.3973421530948675 2.1977987991094476 0.0013006013044515295 16.020831733739044 0.09283226813805918 19.218630532848493 0.0 64.1263684946676 10.111143826063167 0.9851962565087856 -0.004845536968547393 19.754198830599154 0.0019313926546032226 -0.776240298145737 -13.905565484596906 -3.2981528392514954 26.158134952908778 -8.636975443243847 19.932217820346093 -0.08061820406907295 -0.47591591365988767 -0.29547884751730147 0.026654479735765475 0.00015916856522131474 -0.0005585222404808272 10.137303219169734 3.577242687631067 2.577242687631067 19.59807442137011 19.59807442137011
3.9669887532 0.0011758164557547786 6.045832914801132e-06 0.00397033321283758 0.0007187621990004521 3.760981045330426e-05 10.253608361681694 7.917481831835638 2.4038731645507614 0.0011758164557547786 17.089347269469492 0.09031397505973346 20.49322043402025 0.0 68.32038962374293 10.869021058682533 0.9861429395709184 -0.004381499875709238 21.11256730961604 0.001728730962396157 -0.7717387142855383 -14.682115407042437 -3.4377272785738393 27.821400198160394 -9.302258836649303 21.207604996670838 -0.07795277296917384 -0.4698140137498458 -0.29754320065998363 0.025648195759848127 0.0001438895299683038 -0.0005037926028068075 10.732052928690903 3.8258509743609252 2.8258509743609252 20.915198243830417 20.915198243830417
4.01578271487 0.0010618316218219978 4.917179169598963e-06 0.003587666868561902 0.0006459453346129075 3.173179787537819e-05 10.945282180988736 8.479664978293819 2.628467091039994 0.0010618316218219978 18.24213696831456 0.08784846861799706 21.870604059354555 0.0 72.83454783491918 11.68659020111412 0.9870389086955996 -0.003957651663540673 22.58743795243943 0.0015463288296875396 -0.7672710633022124 -15.512878786822776 -3.5854434624360336 29.610779923740395 -10.023412959331498 22.58181150178904 -0.07534774782892951 -0.4637735340249373 -0.2995398776137336 0.024665634220706764 0.00013000485112453568 -0.00045396519666321915 11.368642955425834 4.096989765128026 3.0969897651280256 22.339126733442587 22.339126733442587
4.06517684226 0.0009578285462528958 3.990242414686549e-06 0.0032379966849359013 0.0005798661071615269 2.6722774597865155e-05 11.692064954186254 9.087744630738813 2.8734103584029143 0.0009578285462528958 19.486774923643758 0.08543542998006001 23.36018528204667 0.0 77.69715851788263 12.569319105072639 0.9878862030505341 -0.0035709273365469585 24.190562774159332 0.0013822267891278341 -0.7628382275932104 -16.40228153468534 -3.74188632055693 31.5372599395994 -10.805707178818958 24.063600004449796 -0.07280272738861887 -0.45779531089096814 -0.3014719893656953 0.023706832029030733 0.00011739040169313829 -0.0004086458352802136 12.050485015955648 4.392897199474056 3.3928971994740564 23.879672123117814 23.879672123117814
4.11517851742 0.0008630402176499765 3.23070345839453e-06 0.002918886221646143 0.0005199684852081304 2.2462270106508574e-05 12.498954306945835 9.7459635907427 3.1407275246936557 0.0008630402176499765 20.831590511576394 0.08307452496565146 24.97231803627005 0.0 82.93931480803822 13.523242998495299 0.9886868232948858 -0.0032184583039178705 25.935060977913054 0.0012346549137079658 -0.7584410239302688 -17.35515848599562 -3.907690388935729 33.61289733302874 -11.654954790899273 25.662599016106135 -0.07031728092949878 -0.45188010575213194 -0.3033424598742195 0.02277180520291188 0.00010593319976755163 -0.00036746793988923606 12.781306821452343 4.716050482219821 3.7160504822198206 25.547640993796215 25.547640993796215
4.16579521318 0.0007767485891870635 2.609759209048548e-06 0.0026280371990653833 0.0004657355865413097 1.884528501089111e-05 13.371450441390483 10.458997559123869 3.4326605885856623 0.0007767485891870635 22.285750735650804 0.08076540226179213 26.718411324236467 0.0 88.59518546075347 14.554993267796782 0.9894427291885689 -0.002897562925310737 27.835599511965775 0.001102013457407119 -0.7540802171927545 -18.376795246957652 -4.083544605832455 35.85093546998942 -12.57757446142876 27.389396872383603 -0.06789094936849185 -0.4460286072940199 -0.3051540469734243 0.021860548254680204 9.55304016985601e-05 -0.00033009097200859834 13.565184734338619 5.069193787377106 4.069193787377106 27.35494452302791 27.35494452302791
4.21703449431 0.0006982823208382737 2.1032941547735516e-06 0.002363286009092921 0.00041668757250060075 1.5780484485413944e-05 14.31561133862479 11.232003101412996 3.7516937977699385 0.0006982823208382737 23.859352231041317 0.07850769211219205 28.611046028811256 0.0 94.70234957941433 15.671908789048787 0.9901558380496622 -0.0026057371063785695 29.908598759816854 0.0009828557040611457 -0.7497565081620738 -19.472974701255968 -4.270197624415799 38.26593189312586 -13.580658107001996 29.25564626979919 -0.06552324633241982 -0.4402414334370907 -0.30690933761860395 0.020973033725886527 8.608836230894849e-05 -0.0002961989074983315 14.406579662084539 5.455368774546866 4.455368774546866 29.314721005588183 29.314721005588183
4.26890401859 0.0006270145519112463 1.6911661959430233e-06 0.002122599851924905 0.0003723795925759033 1.3188577479847105e-05 15.338114563278396 12.070671695838831 4.1005821933034845 0.0006270145519112463 25.56352427213066 0.07630100509811362 30.664106465434145 0.0 101.3021626148158 16.882040473910724 0.990828022651201 -0.0023406453610359534 32.17246876353688 0.0008758727559555224 -0.7454705471165912 -20.650028770172636 -4.468463703377835 40.87390172400913 -14.67204804733211 31.274181667615093 -0.0632136592094748 -0.4345191336793637 -0.3086107680761918 0.02010921186530955 7.752179565553335e-05 -0.0002654987815935618 15.310377451878471 5.877949746588747 4.877949746588747 31.441474018719408 31.441474018719408
4.32141153801 0.0005623607108393604 1.3565927317779185e-06 0.0019040724186068139 0.00033239978214414214 1.1000865971068824e-05 16.446326377854973 12.981289997630642 4.482383138653322 0.0005623607108393604 27.410543963091623 0.07414493121012553 32.892927101744945 0.0 108.44019054227681 18.19427394327487 0.9914611101901786 -0.002100111889905776 34.647878555778995 0.0007798799833812572 -0.7412229251925044 -21.914896010016516 -4.679229244296924 43.69247747271318 -15.860422695677187 33.4591501667716 -0.06096165018007598 -0.4288621906157434 -0.31026062268685584 0.01926901044030354 6.975299791688441e-05 -0.0002377192826456818 16.281933509621553 6.340682460846974 5.340682460846974 33.7512264239386 33.7512264239386
4.37456489993 0.0005037763683417595 1.0856244055022206e-06 0.0017059192874783352 0.00029636732391360554 9.157949414679486e-06 17.648379326996988 13.970807302756103 4.900491299462473 0.0005037763683417595 29.41396554499498 0.07203903914031481 35.31445684445745 0.0 116.16664915631637 19.618543217449915 0.9920568810629167 -0.0018821120420504656 37.358063585820794 0.0006938049416819636 -0.7370141570652482 -23.27518585161208 -4.903460053416987 46.741087747398716 -17.155392130858697 35.82615794657957 -0.058766657229369475 -0.42327102256091875 -0.3118610224622783 0.0184523346740536 6.271113897245368e-05 -0.00021260940669235026 17.32712220240374 6.847727163892451 5.847727163892451 36.26169270888743 36.26169270888743
4.4283720482 0.00045075513922051083 8.666951989012027e-07 0.0015264732180768684 0.00026393057148492286 7.608570453066195e-06 18.953259149470572 15.04691217121192 5.3586801590330495 0.00045075513922051083 31.58876524911762 0.06998287575008168 37.94744540815067 0.0 124.53693474422968 21.165666918277637 0.9926170674017314 -0.0016847641480595144 40.329179297495365 0.0006166765801248709 -0.7328447214172762 -24.739250205282925 -5.142209415741861 50.04115863542977 -18.567608654922115 38.39243568446537 -0.05662809514181574 -0.41774598523943735 -0.3134139720297795 0.017659067301822692 5.633164766661387e-05 -0.0001899371892066447 18.45239338631215 7.4037098051596075 6.4037098051596075 38.99247505427723 38.99247505427723
4.48284102439 0.0004028266373793906 6.902388620747571e-07 0.0013641791209185329 0.00023476524139397423 6.308588838254769e-06 20.370902331826453 16.21811734638175 5.861146204068405 0.0004028266373793906 33.951503886377424 0.06797596574041505 40.81265009044583 0.0 133.6122287388097 22.847689573884587 0.9931433525366424 -0.001506321444196601 43.59070062091794 0.000547615554330725 -0.7287150283262411 -26.316263387639044 -5.396627080678858 53.61633769367782 -20.108887268228408 41.17702239350972 -0.054545356479811596 -0.41228737348821787 -0.31492133339382666 0.016889068736063512 5.055562040976323e-05 -0.0001694884733099608 19.664833807300393 8.013776409582768 7.013776409582768 41.96528029596019 41.96528029596019
4.53797996899 0.00035955448793095193 5.483627874976225e-07 0.0012175890249367318 0.00020857267674141063 5.220071416846955e-06 21.912305800047033 17.493855845637796 6.412559953199505 0.00035955448793095193 36.520509666745056 0.06601781149827975 43.93306961994456 0.0 143.4601153701324 24.678032278930385 0.993637370296691 -0.001345164366615137 47.17587757889593 0.00048582554467410097 -0.7246254236202923 -28.016311452705775 -5.66796927175728 57.49274616003485 -21.7923431520476 44.20097276231337 -0.05251781254711067 -0.40689542354007 -0.31638483571360654 0.016142177336272955 4.5329304218251e-05 -0.00015106575078641574 20.97223649328979 8.683655949985251 7.683655949985251 45.20416561673031 45.20416561673031
4.59379712261 0.0003205343996444001 4.3457146986065095e-07 0.0010853570058968003 0.00018507818166961209 4.31048689717544e-06 23.589650167369676 18.884589463802957 7.018124486421868 0.0003205343996444001 39.316083612282796 0.06410789309070877 47.334208098704664 0.0 154.1553445741365 26.671393422103822 0.9941007043576526 -0.0011997931531873007 51.12225207012445 0.0004305854505119785 -0.720576210146997 -29.850492040498487 -5.957609847800646 61.699262601831514 -23.63254793372707 47.48759065475906 -0.050544814338655264 -0.401570314659043 -0.31780610233476614 0.015418209774574552 4.060363364549541e-05 -0.00013448706310056335 22.383178989548718 9.419732530007693 8.419732530007693 48.73581614229049 48.73581614229049
4.65030082722 0.00028539230040198474 3.435326536882668e-07 0.0009662340355790092 0.00016402942944047545 3.551994966211018e-06 25.416438455925118 20.40193000209351 7.683639329207637 0.00028539230040198474 42.360730759875196 0.06224566845546646 51.04437008908283 0.0 165.7806560601521 28.844252600312622 0.9945348879523085 -0.0010688206838809222 55.47223649123548 0.0003812423518754292 -0.7165676211657743 -31.831026125764733 -6.267052759869587 66.26784022133695 -25.64570258043649 51.06269027699871 -0.04862569347912437 -0.39631217091148413 -0.31918662957040955 0.014716961488695847 3.633379716488144e-05 -0.0001195849492804521 23.907109461461754 10.22912405859612 9.22912405859612 52.589854818471316 52.589854818471316
4.7074995274 0.0002537825377137827 2.708801150054696e-07 0.0008590629347677664 0.00014519494450577865 2.920820139613201e-06 27.407652434461152 22.058776996831714 8.41557490486877 0.0002537825377137827 45.679420724101924 0.06043057367139901 55.09499562897069 0.0 178.42768037137742 31.214828155086042 0.9949414036964982 -0.0009509656166040159 60.273763459382785 0.00033720517154749386 -0.7125998414539323 -33.97138321993362 -6.597945968402785 71.23386533862893 -27.8498359320038 54.95489177802784 -0.046759763148932224 -0.39112106329389534 -0.3205278125434331 0.014038207218528978 3.2478860086772436e-05 -0.00010620545960758966 25.55444461452701 11.11977408204038 10.11977408204038 56.7991948061423 56.7991948061423
4.76540177158 0.00022538614593701158 2.1304778667779148e-07 0.0007627733543962683 0.0001283626569918234 2.396701514053543e-06 29.579928686517253 23.869472791780478 9.221156298005134 0.00022538614593701158 49.299881144195425 0.05866202338834275 59.52103744220056 0.0 192.19803538204238 33.80324402992764 0.9953216833429288 -0.0008450458482842649 65.58100371651436 0.00029793894520656474 -0.7086730128233043 -36.286421659412184 -6.952097006610275 76.63656034872112 -30.2650281617395 59.19595374372925 -0.0449463190014332 -0.38599701096592376 -0.3218309560090965 0.013381701616823456 2.9001418719086156e-05 -9.42072186147915e-05 27.336679204525687 12.100555095839212 11.100555095839212 61.40043624003464 61.40043624003464
4.82401621337 0.00019990918130902456 1.6713063018378698e-07 0.0006763768155535009 0.0001133385313140674 1.9624103351694044e-06 31.95175747471136 25.84997656065314 10.1084553574346 0.00019990918130902456 53.252929124518936 0.05693941144046082 64.36138448195354 0.0 207.2044633491989 36.632172462177955 0.9956771083154078 -0.000749972138443411 71.45514595806569 0.0002629596374443118 -0.7047871988289636 -38.792546092749966 -7.331490402128571 82.51943622064628 -32.91365941099152 63.821146581324214 -0.043184640071946646 -0.3809399833651597 -0.3230972433253604 0.01274717992703586 2.5867280271542385e-05 -8.34605358854741e-05 29.266507096127356 13.181382001491244 12.181382001491244 66.43431112601019 66.43431112601019
4.8833516128 0.00017708112544962087 1.3076825636500082e-07 0.000598961942352408 9.994526637391252e-05 1.6033280010278985e-06 34.54370733987763 28.018063457777117 11.086500513760079 0.00017708112544962087 57.57284556646272 0.05526211138088458 69.6593460802228 0.0 223.57214901730666 39.72658408550608 0.9960090094630357 -0.0006647421848517965 77.96524056385337 0.00023182945857476274 -0.700942435046783 -41.50788435257638 -7.738307199124589 88.93080639878235 -35.82069929279435 68.8696775967547 -0.0414739896765994 -0.3759499021574568 -0.3243277907044745 0.012134358725389531 2.304519086726213e-05 -7.384657859157699e-05 31.357960832319637 14.373347719548207 13.373347719548207 71.94619328601092 71.94619328601092
4.94341683763 0.00015665335772309055 1.0204784196769503e-07 0.0005296897505711723 8.802106579126285e-05 1.3070777890821128e-06 37.37867870969814 30.393547824522194 12.165397077163192 0.00015665335772309055 62.29779784949691 0.05362947740255593 75.4631949266601 0.0 241.44028629401723 43.114289807722095 0.9963186673862592 -0.0005884348845981435 85.1890745220847 0.0002041526094683606 -0.6971387077508187 -44.452486164577294 -8.174946854847951 95.924363619097 -39.014028232243724 74.38516799798009 -0.03981361630735121 -0.3710266421814008 -0.3255236306848196 0.011542936716258062 2.050657552847887e-05 -6.525658210752997e-05 33.62656576960008 15.688871542128709 14.688871542128709 77.98666939162561 77.98666939162561
5.00422086474 0.0001383976963309223 7.942336819213269e-08 0.0004677891026883707 7.741847855141533e-05 1.0632042162211773e-06 40.48219128997407 32.998536091517224 13.356463477484105 0.0001383976963309223 67.47031881662345 0.05204084502372557 81.82678229410755 0.0 260.96369426811833 46.8265719126613 0.9966073134712821 -0.000520204777147093 93.21405182193391 0.00017957142567116195 -0.6933759381785922 -47.648546890225724 -8.644051825816078 103.55983205865475 -42.52480148843396 80.41619265953429 -0.03820275451852152 -0.3661700338912168 -0.32668569951022886 0.0109725955768284 1.8225305418203253e-05 -5.7591109878790316e-05 36.089513242031295 17.14186714098946 16.14186714098946 84.61218595761291 84.61218595761291
5.06577278137 0.00012210500782420383 6.164861992747185e-08 0.0004125523531691255 6.800330610107558e-05 8.628945269922227e-07 43.88270921510001 35.857715537420816 14.672391245972179 0.00012210500782420383 73.13784869183336 0.0504955321542516 88.81023993780553 0.0 282.3147679930167 50.89798788246206 0.9968761295110314 -0.00045927700313441733 102.13803737790401 0.0001577628793300589 -0.6896540253536836 -51.120659371231504 -9.148535201399095 111.90370775805333 -46.38786976623603 87.01689406608696 -0.03664062580951632 -0.3613798646420804 -0.3278148837084689 0.0104230008461838 1.617749497601538e-05 -5.075936252632827e-05 38.76585906621997 18.74794018268375 17.74794018268375 91.8857888745171 91.8857888745171
5.12808178658 0.00010758388434374923 4.772175716293748e-08 0.00036333111256088064 5.9653575104713e-05 6.987373455502502e-07 47.61200972184471 38.99867899662214 16.127420404575574 0.00010758388434374923 79.35334953640785 0.04899283998506827 96.48076994098342 0.0 305.68567038111246 55.367320886098646 0.9971262492917168 -0.00040494222689613224 112.07007448628387 0.00013843539463781173 -0.6859728109465104 -54.896097847723524 -9.69161179538365 121.0300925122787 -50.64224711899927 94.2476735928804 -0.0351264395016076 -0.35665588027006 -0.3289119884495536 0.009893802849711308 1.4341307771113684e-05 -4.4678522787091064e-05 41.67674297587085 20.524604649290666 19.524604649290666 99.87795418569851 99.87795418569851
5.19115719256 9.465938769822258e-05 3.6839587874865174e-08 0.00031953222047083194 5.225857363916068e-05 5.64514029529206e-07 51.70560164226721 42.45229574772248 17.73754367306151 9.465938769822258e-05 86.17600273711203 0.047532054126572375 104.91354641017354 0.0 331.2907268711581 60.27797913678556 0.9973587587284171 -0.0003565520603707739 123.13089081473933 0.0001213259568880203 -0.6823320975086844 -59.005138360181334 -10.276833164228679 131.02164197183822 -55.33164975529626 102.17597868522309 -0.03365939361139159 -0.35199778705164186 -0.329977758396672 0.009384637656631584 1.2696787047439564e-05 -3.927314603724801e-05 44.84563923472621 22.491534989889345 21.491534989889345 108.66753772700137 108.66753772700137
5.25500842603 8.317185911854815e-05 2.8359950144087158e-08 0.00028061388731702696 4.571794795785601e-05 4.550187260998365e-07 56.203200460943854 46.253132764824436 19.520738794507864 8.317185911854815e-05 93.67200076823976 0.046112445672629315 114.19273956274762 0.0 359.3692653600111 65.67831160635176 0.9975746967479955 -0.00031351463008366665 135.45305029025238 0.00010619748039683372 -0.678731656604703 -63.48142050538318 -10.90812708995169 141.9706402644833 -60.5051084478417 110.87719579556097 -0.032238675719719945 -0.34740525299700964 -0.33101288897760983 0.008895128062154782 1.1225700113166788e-05 -3.447458829958982e-05 48.29863949624354 24.670853020461706 23.670853020461706 118.34285378870146 118.34285378870146
5.31964502967 7.29757933505369e-05 2.1770853648759028e-08 0.0002460820114845955 3.994085808455642e-05 3.6590355580875806e-07 61.14926857988051 50.439933059822174 21.497231125707785 7.29757933505369e-05 101.91544763313419 0.04473327237465104 124.41267875884198 0.0 390.18875602100877 71.62265098918458 0.9977750563850715 -0.00027529037431772707 149.1805787582151 9.283641201320916e-05 -0.6751712168541406 -68.36235645324439 -11.58984214393926 153.98021864977883 -66.21766256627306 120.43566360422759 -0.030863463837051276 -0.34287790957441944 -0.33201801690540367 0.008424884591541702 9.911395044582814e-06 -3.0220470344471136e-05 52.06477101664464 27.08745210927404 26.08745210927404 129.00289974240823 129.00289974240823
5.38507666353 6.39387755631676e-05 1.666523803891448e-08 0.000215486688859916 3.484518945668614e-05 2.935457386235912e-07 66.59363008226285 55.05616174253963 23.689796343032 6.39387755631676e-05 110.98938347043809 0.04339377984296575 135.67917981347009 0.0 424.048395000031 78.17181642565811 0.9979607855781442 -0.00024138812831964174 164.4678745230378 8.105054984495551e-05 -0.6716504760756861 -73.68959375107524 -12.326798039361682 167.16574218909562 -72.5311556713607 130.94582725708497 -0.02953292726545789 -0.3384153532810245 -0.3329937346663424 0.007973506518494987 8.73867202858578e-06 -2.6454178328994842e-05 56.176358718657525 29.769371102304547 28.769371102304547 140.75875457274265 140.75875457274265
5.45131310649 5.594047939395361e-05 1.2720385315308603e-08 0.00018841889907651892 3.0356818222985828e-05 2.3493383127810813e-07 72.59217103725236 60.15062774850226 26.124104571112653 5.594047939395361e-05 120.98695172875394 0.0420932027447848 148.1110562998666 0.0 461.2832007975701 85.39405161506521 0.9981327883515979 -0.00021136139738597848 181.47769080840064 7.0667055441006e-05 -0.6681690980976036 -79.50953953269881 -13.124342585782552 181.65638590041362 -79.5151407662536 142.51355124300028 -0.028246227456822936 -0.33401714721622444 -0.3339405894839932 0.0075405828954265355 7.693664646353156e-06 -2.312439704882031e-05 60.6694341716597 32.74821937946268 31.748219379462682 153.7351711082166 153.7351711082166
5.5183642577 4.887172433131447e-05 9.68117686276019e-09 0.0001645073757587663 2.640892770203554e-05 1.8757056740534248e-07 79.20763806167813 65.77819405559923 28.829115587734407 4.887172433131447e-05 132.0127301027969 0.04083076609112622 161.8418456905313 0.0 502.2686496641994 93.36599324191984 0.9982919256588858 -0.00018480490005057248 200.37801974952524 6.153064295402814e-05 -0.6647267198941611 -85.87395487286895 -13.988416181489466 197.59693050344558 -87.24791674920051 155.25761663931388 -0.02700251886772756 -0.3296828226764754 -0.33485909231763467 0.007125693588289742 6.763731852701053e-06 -2.018467532550688e-05 65.58420040064868 36.05966515036732 35.05966515036732 168.07239525316422 168.07239525316422
5.58624013807 4.26335905167877e-05 7.346517013859012e-09 0.0001434156527860052 2.294137344427862e-05 1.4939008377564345e-07 86.5105497194607 72.00058857389888 31.837530579833526 4.26335905167877e-05 144.1842495324345 0.03960568643599112 177.02178011226803 0.0 547.4259922033214 102.1737449902612 0.9984390165988832 -0.00016135128514083164 221.33779210195758 5.350192856101416e-05 -0.6613229519035873 -92.84062930556794 -14.925624921707339 215.1498085418355 -95.81771238056172 169.3114284763813 -0.02580094981018045 -0.3254118805922584 -0.3357497200261882 0.006728410313821356 5.937358542468834e-06 -1.759302112294587e-05 70.965559009401 39.74399366015257 38.74399366015257 183.92824319258708 183.92824319258708
5.65495089177 3.7136588970108664e-05 5.558356821372753e-09 0.00012483928553845604 1.9900094513933165e-05 1.1868757948763558e-07 94.58023802462543 78.88733139392735 35.186309727800904 3.7136588970108664e-05 157.63373004104238 0.03841717321679489 193.8200397688433 0.0 597.2282764808893 111.91425870332422 0.9985748395916578 -0.0001406680664315374 244.52149749726806 4.6455926311068325e-05 -0.6579573776824077 -100.47414718467468 -15.943323564958336 234.49743902853876 -105.32404127204883 184.8249654999719 -0.024640663298601883 -0.3212037931605331 -0.3366129164554428 0.0063482976743200175 5.204064246967173e-06 -1.5311525122874515e-05 76.8637089874964 43.846746807312826 42.846746807312826 201.4804768483552 201.4804768483552
5.72450678774 3.2299885160401096e-05 4.1928464530157505e-09 0.00010850324355481496 1.7236568421527582e-05 9.405969190092103e-08 103.50603957953781 86.51679696317863 38.917267948489126 3.2299885160401096e-05 172.51006596589636 0.03726442994570725 212.42733391438549 0.0 652.2072567477825 122.69663420569195 0.9987001334921339 -0.00012245476521410836 270.0831265423357 4.0280677449273417e-05 -0.6546295618269822 -108.8467591901937 -17.049709792829546 255.84489506014583 -115.87925724469909 201.9670101111522 -0.023520797891673977 -0.3170580053074809 -0.3374491017542868 0.0059849141842567635 4.55431944750207e-06 -1.330601131896799e-05 83.33482909424944 48.41945955233854 47.41945955233854 220.9295255182349 220.9295255182349
5.79491822123 2.8050573805712774e-05 3.153224878985346e-09 9.415946656784507e-05 1.4907307360116559e-05 7.435408568220162e-08 113.38865940719681 94.97743032941129 43.07775716580761 2.8050573805712774e-05 188.9810990119947 0.03614665555893859 233.0588561778023 0.0 712.9612876289495 134.64390670377904 0.9988155988565175 -0.00010644022963468558 298.1602239540163 3.487600120422669e-05 -0.651339047314516 -118.03937447501607 -18.25393141957539 279.4229525695541 -127.61033541937626 220.92769885109772 -0.02244048852990078 -0.3129739361776081 -0.3382586709072737 0.0056378132874914414 3.979468087599456e-06 -1.1545712689435154e-05 90.44185355755945 53.520503292962076 52.520503292962076 242.50160230495678 242.50160230495678
5.86619571535 2.4323002731616295e-05 2.364123071032495e-09 8.158458149496127e-05 1.2873393357559641e-05 5.8626941179587373e-08 124.34173421781871 104.36914307670794 47.72145244036031 2.4323002731616295e-05 207.23622369636453 0.03506304558717612 255.95767613672484 0.0 780.1643322665739 147.8949171693605 0.9989218991295237 -9.238014578105691e-05 328.8692922915371 3.0152356897504475e-05 -0.6480853601814713 -128.1426913593107 -19.56620847077456 305.4915810627431 -140.66091989266195 241.9214453036115 -0.0213988673666475 -0.30895098066550153 -0.3390419993701884 0.005306544359954004 3.4716563399465376e-06 -1.0002970928227496e-05 98.25535736637855 59.216057841259044 58.216057841259044 266.45228153762355 266.45228153762355
5.93834992265 2.1058143611583214e-05 1.7670137034371224e-09 7.057777275316568e-05 1.1100050032264712e-05 4.610719761512287e-08 136.49362599226382 114.80491615806307 52.90925665900858 2.1058143611583214e-05 227.48937665377304 0.03401279348141528 281.3986333127816 0.0 854.5763194812126 162.60644559834432 0.9990196619774973 -8.005471030081424e-05 362.304135732901 2.6029807527842468e-05 -0.6448680120472279 -139.25848720479283 -20.997972350450528 334.3439430386565 -155.1936772064372 265.1902917480346 -0.020395064593510624 -0.3049885108349656 -0.33979944650196137 0.0049906536945106585 3.023766737668812e-06 -8.652958599121498e-06 106.85456638488348 65.581230134816 64.581230134816 293.07060678858903 293.07060678858903
6.0113916267 1.8203007390772227e-05 1.3165878772285779e-09 6.095880001475942e-05 9.556248729812352e-06 3.616655677143145e-08 149.98948227636868 126.41264220978819 58.71034227898315 1.8203007390772227e-05 249.98247046061448 0.032995091763350984 309.6928127395976 0.0 937.054983565729 178.95585325296645 0.9991094803977358 -6.926648828375903e-05 398.5388363329241 2.2437076217826188e-05 -0.6416865001168057 -151.50109154046254 -22.562024673266457 366.31098124568206 -171.3930035720128 291.0077566181507 -0.019428209258030633 -0.3010858774167067 -0.3405313562118148 0.004689685465650463 2.6293572330238206e-06 -7.473422414192371e-06 116.32851078506759 72.70134255912336 71.70134255912336 322.68381301973784 322.68381301973784
6.08533174371 1.5710102206431673e-05 9.778790266815108e-10 5.256615766833704e-05 8.214346863355055e-06 2.8294385885590528e-08 164.99360521648148 139.33724665616631 65.20335521150815 1.5710102206431673e-05 274.98934202746915 0.03200913328130882 341.1926972389773 0.0 1028.5694759820908 197.14378034036483 0.9991919140794888 -5.983840614653957e-05 437.63672045921146 1.9310687678551127e-05 -0.6385403134530412 -164.99907020863063 -24.27271875004136 401.7666875835025 -189.46814682641855 319.68325766036094 -0.018497430073780928 -0.2972424112270626 -0.34123806381983174 0.004403182670264884 2.2826049357887518e-06 -6.444446450131907e-06 126.77734555603337 80.67342210636963 79.67342210636963 355.6627641338388 355.6627641338388
6.16018132415 1.3536931626727606e-05 7.239871391147335e-10 4.525536824339507e-05 7.049756371639382e-06 2.2076775792069337e-08 181.69217862381237 153.74313034758978 72.47780281121828 1.3536931626727606e-05 302.820297706354 0.03105411234131509 376.29810051757227 0.0 1130.2160317477621 217.39761484318555 0.9992674905153638 -5.1611913026050615e-05 479.6658177542827 1.6594187327166014e-05 -0.6354289316446957 -179.89715287011236 -26.146167201890417 441.1341585529403 -209.65680345227858 351.5671994192878 -0.017601856221218626 -0.293457424534799 -0.3419198951968703 0.004130688042641842 1.9782539011937153e-06 -5.548233906138506e-06 138.3138608465863 89.60791738005355 88.60791738005355 392.42821508640753 392.42821508640753
6.23595155444 1.164553105808595e-05 5.342837351201579e-10 3.88974041345287e-05 6.040640304297314e-06 1.717911359428663e-08 200.2964109809658 169.81698701031235 80.63565856963368 1.164553105808595e-05 333.827351634943 0.03012922587096066 415.4630102045767 0.0 1243.2359133437744 239.97538914306566 0.9993367067756903 -4.4445234804513234e-05 524.720086585602 1.4237431634086501e-05 -0.6323518248656717 -196.3584415642462 -28.200479744648256 484.8925646327415 -232.2292717327647 387.0568335335753 -0.01674061813878923 -0.28973021255134984 -0.34257716707951763 0.003871744940673229 1.7115668367942107e-06 -4.768906361615738e-06 151.0652129977985 99.63068393490556 98.63068393490556 433.45803556984856 433.45803556984856
6.31265375856 1.0002040202596413e-05 3.9300061014965095e-10 3.33772310916642e-05 5.1676355883748665e-06 1.3331619641951839e-08 221.046161477849 187.77105851396135 89.79322413791562 1.0002040202596413e-05 368.4102691297484 0.029233674511102196 459.203493267664 0.0 1369.036172727401 265.16985395905255 0.9994000299369737 -3.8211856584702275e-05 572.9444019232419 1.2195943671279547e-05 -0.6293084640851951 -214.56694397216322 -30.45603585282865 533.5851831402865 -257.4932592501228 426.6030194731454 -0.015912848303185415 -0.2860600547932894 -0.34321019743532105 0.0036258982014787246 1.4782804908056538e-06 -4.09231942943158e-06 165.17491401053817 110.88528854767293 109.88528854767293 479.2955576774213 479.2955576774213
6.39029939979 8.576309488590926e-06 2.8812390712644407e-10 2.8592465502071002e-05 4.413600147224418e-06 1.0317377697093389e-08 244.2141279821294 207.84689439637896 100.0832794258356 8.576309488590926e-06 407.0235466368824 0.028366663691093155 508.10682606271797 0.0 1509.2135687962136 293.3139756391603 0.999457898958274 -3.279902520958444e-05 624.5604579872376 1.0430328176719839e-05 -0.6262983139815219 -234.73048236064585 -32.93579779527161 587.8286586565133 -285.7994346843809 470.7180241862469 -0.015117681997566742 -0.2824462163200871 -0.3438192986362246 0.0033926949640868337 1.2745641660374385e-06 -3.5058935424599747e-06 180.805112019631 123.5356699596748 122.5356699596748 530.5592165965572 530.5592165965572
6.46890008241 7.3415384463556935e-06 2.1053031391887466e-10 2.4452140583911207e-05 3.763382640162512e-06 7.96245609324869e-09 270.1106906767047 230.31970566824228 111.65758196393892 7.3415384463556935e-06 450.18448446117446 0.027527404642209773 562.8420664251134 0.0 1665.582086717165 324.7866573021637 0.9995107257404842 -2.8106427857110816e-05 679.8906940694233 8.905741356155866e-06 -0.6233208385907734 -257.084038080765 -35.66567045638793 648.3237017590718 -317.5478677662999 519.984541363051 -0.014354258066579273 -0.2788879492867856 -0.34440478287613135 0.003171685458123341 1.0969814647034832e-06 -2.9984590827229326e-06 198.1392172978973 137.7692324901617 136.7692324901617 587.9537169513362 587.9537169513362
6.54846755342 6.273944056262887e-06 1.533146172896949e-10 2.087557406187862e-05 3.203613120096614e-06 6.127777550109819e-09 299.08951850238066 255.5034091622398 124.68977072737641 6.273944056262887e-06 498.4825308373011 0.026715115392086354 624.1723015646776 0.0 1840.204915989105 360.0193469804956 0.9995588961232204 -2.404497986763232e-05 739.3781307983809 7.591410593495445e-06 -0.6203755062654279 -281.8936005646053 -38.674915439766984 715.8674575886295 -353.19549970349834 575.0661272251559 -0.013621719657399162 -0.2753844940199809 -0.34496696726557946 0.0029624237560946947 9.424548885675158e-07 -2.5601147462130895e-06 217.38492675132832 153.8004408385591 152.8004408385591 652.2829716758602 652.2829716758602
6.62901370433 5.352457155428221e-06 1.1126798378498734e-10 1.77913309824045e-05 2.7225130713291755e-06 4.702447123019567e-09 331.55406852636696 283.7564758885616 139.37873378737117 5.352457155428221e-06 552.5901142106117 0.025929021692892067 692.9688479979828 0.0 2035.4312859909162 399.50441953314436 0.9996027715956157 -2.0535674024380057e-05 803.6013689485098 6.460199871702863e-06 -0.6174617826047735 -309.4606028540358 -41.99662823138591 791.3678186653763 -393.264805417927 636.7192860200796 -0.01291921494539696 -0.2719350804877543 -0.34550616644299464 0.0027644684886336634 8.082330482641642e-07 -2.1820982070805577e-06 238.77770445476457 171.87498915355718 170.87498915355718 724.4651033641688 724.4651033641688
6.71055057289 4.558445054136823e-06 8.04745551899669e-11 1.513627629665137e-05 2.309723304420813e-06 3.5982924867808162e-09 367.96512741180106 315.4887287287946 155.95254175020875 4.558445054136823e-06 613.2752123530018 0.02516835791267669 770.2277541032106 0.0 2253.9392277102434 443.8037964898933 0.9996426897470605 -1.7508595523629822e-05 873.2853933498072 5.488217055019317e-06 -0.6145791424155735 -340.1270383702639 -45.66828870921901 875.8600197511438 -438.3538834096469 705.8074955558968 -0.012245897843281879 -0.26853892947864455 -0.3460227043414051 0.0025773835213890573 6.918605071714175e-07 -1.856668312461839e-06 262.58480739814195 192.27467186537274 191.27467186537274 805.5498842183746 805.5498842183746
6.79309034494 3.875458581595885e-06 5.800059827248489e-11 1.2854710263334246e-05 1.9561483145816447e-06 2.7454092195007293e-09 408.8495735822189 351.16924023639615 174.673017440556 3.875458581595885e-06 681.4159559703648 0.024432367868958436 857.0889734109209 0.0 2498.785197975906 493.5599791006265 0.9996789662108465 -1.4901944496159558e-05 949.3099144149569 4.654459314025685e-06 -0.6117270620265387 -374.2813708749692 -49.732397068608925 970.5258833895097 -489.1481781509555 783.3174851026911 -0.011600928692764663 -0.26519525383126863 -0.3465169062507739 0.0024007385925742973 5.911498656817728e-07 -1.5769978318978532e-06 289.1099274191448 215.32304236571235 214.32304236571235 896.7389983360772 896.7389983360772
6.87664535618 3.2890018512429865e-06 4.1655804082617393e-11 1.0897581798459975e-05 1.65381577497471e-06 2.0885367330260207e-09 454.8105702153542 391.33553265319335 195.84107965101623 3.2890018512429865e-06 758.0176170255903 0.023720305641804485 954.8586966766065 0.0 2773.4615754096735 549.5082632056351 0.9997118949618575 -1.2661225698096246e-05 1032.7174468815708 3.940493498627474e-06 -0.6089050270067258 -412.3653688178338 -54.23720934647049 1076.716185940936 -546.4341584850544 870.3781696774973 -0.010983474937493415 -0.26190325972598055 -0.3469891060550469 0.002234109910656673 5.04156125158014e-07 -1.3370760930820898e-06 318.6985689153455 241.39203164866376 240.39203164866376 999.4096486742541 999.4096486742541
6.96122809406 2.786323109354639e-06 2.981063259841966e-11 9.221773684330647e-06 1.3957499123181145e-06 1.584118684143458e-09 506.53943568581946 436.60429818032765 219.80298012544006 2.786323109354639e-06 844.2323928096991 0.023031436260875282 1065.035372935139 0.0 3081.963744434111 612.4909055242991 0.9997417501723918 -1.073843735888147e-05 1124.723328245484 3.330168315665244e-06 -0.6061125318287353 -454.88201770973757 -59.237589228894876 1195.9766666556723 -611.115267791393 968.2826861174651 -0.010392711776098731 -0.2586621477079646 -0.3474396456834119 0.002077080711402005 4.291530762895865e-07 -1.131620678039955e-06 351.7442738459731 270.9096739943018 269.9096739943018 1115.142066804001 1115.142066804001
7.04685119962 2.3562251060237667e-06 2.1257038726826633e-11 7.789454573030696e-06 1.1758576090110139e-06 1.1979257123555407e-09 564.8294872602066 487.6839080685086 246.95759235934258 2.3562251060237667e-06 941.3824787670111 0.022365036474828303 1189.3400711263537 0.0 3428.8679206324077 683.4745872923422 0.9997687868478948 -9.091389647331027e-06 1226.7295395213341 2.809355546454283e-06 -0.6033490760877243 -502.40469259229286 -64.79599579184281 1330.0783150637399 -684.2305481280176 1078.5140747052894 -0.009827822794712799 -0.25547111398356126 -0.3478688707145156 0.0019292417742638392 3.646116144108589e-07 -9.55997504170584e-07 388.6958362967287 304.36913629135233 303.36913629135233 1245.7516150583633 1245.7516150583633
7.13352746938 1.9888935024319327e-06 1.5102656070421957e-11 6.567492863127787e-06 9.888261283812306e-07 9.031387359280948e-10 630.5922038015632 545.3890361910026 277.76496368139374 1.9888935024319327e-06 1050.9870063359388 0.021720395276454 1329.7519700173325 0.0 3819.422041500588 763.5691191143572 0.9997932418601054 -7.683067471120353e-06 1340.3437241147162 2.3657177145094007e-06 -0.6006141738550861 -555.5878036491315 -70.98363036078545 1481.052696394891 -766.97644763407 1202.7752593012167 -0.00928800057717196 -0.2523293514858531 -0.3482771393017615 0.001790191897706308 3.091798957135882e-07 -8.061486441493235e-07 430.0656900589522 342.33931445301687 341.33931445301687 1393.3263207889556 1393.3263207889556
7.22126985725 1.6757419060908888e-06 1.069069166053095e-11 5.526927349018355e-06 8.30031450897024e-07 6.788082919891005e-10 704.876120617079 610.6577601780864 312.75632540748256 1.6757419060908888e-06 1174.7935343617983 0.021096814610221094 1488.5498597692808 0.0 4259.6518879835385 854.0508433957833 0.9998153348858283 -6.4810567854678425e-06 1467.4044776670585 1.9884997810237915e-06 -0.59790734880184 -615.179167190408 -77.8817698570738 1651.2331824034568 -860.7323328984897 1343.0240664986388 -0.008772447292762471 -0.24923605090724743 -0.3486648168378072 0.0016595383335684926 2.6166514490200724e-07 -6.785272166136063e-07 476.43964804165853 385.4772370786077 384.4772370786077 1560.270771440406 1560.270771440406
7.31009147649 1.4092722005868303e-06 7.539505978491695e-12 4.642490358896958e-06 6.954562721085577e-07 5.086199567393694e-10 788.8889476446899 684.5715987029037 352.5458524587641 1.4092722005868303e-06 1314.8149127411498 0.020493609772412255 1668.3607651999139 0.0 4756.484896372099 956.3894770273176 0.9998352698387337 -5.457009172538108e-06 1610.0137189759475 1.6683427076760242e-06 -0.5952281362480321 -682.0344001849733 -85.58331901303156 1843.3031565225674 -967.0904162685296 1501.5142032013366 -0.008280375259720755 -0.2461904018117347 -0.3490322774271255 0.001536897180797953 2.2101705824906834e-07 -5.700387977243797e-07 528.4882437814177 434.5426389989716 433.5426389989716 1749.3575517401214 1749.3575517401214
7.40000560165 1.1829489133151227e-06 5.297208941102216e-12 3.892178975247394e-06 5.816167803579169e-07 3.79908115435017e-10 884.0234924303431 768.3790139868338 397.84448674060377 1.1829489133151227e-06 1473.3724873839053 0.019910110005366754 1872.216974124509 0.0 5317.895248033511 1072.2790143911525 0.9998532354432318 -4.586189321642564e-06 1770.5769168327663 1.3971168443694212e-06 -0.5925760846566419 -757.1336900222295 -94.19461977787992 2060.3524373543487 -1087.8908925722071 1680.8432599780554 -0.007811007484540059 -0.24319159360077058 -0.3493799048665495 0.0014218937384415536 1.863126743206411e-07 -4.779887888039325e-07 586.9799499704435 490.4150944690987 489.4150944690987 1963.787581853004 1963.787581853004
7.49102567055 9.910864382223312e-07 3.707667272441682e-12 3.2568702964919215e-06 4.854973990529229e-07 2.828705992287555e-10 991.8880841631172 863.5230133597535 449.47620129853794 9.910864382223312e-07 1653.1468069385287 0.019345658833640707 2103.6230082370666 0.0 5953.073722470127 1203.6750886793054 0.9998694060416179 -3.84705771150351e-06 1951.852046382375 1.1677732845839648e-06 -0.5899507545094629 -841.601357329026 -103.83756337782062 2305.9434070641278 -1225.2632375939827 1884.0090169928842 -0.007363578175427057 -0.24023881654815676 -0.3497080909035948 0.0013141628188516432 1.5674260945394867e-07 -4.0003522655704896e-07 652.796600125599 554.1141775826338 553.1141775826338 2207.2609845211628 2207.2609845211628
7.5831652863 8.287480047486848e-07 2.5851511459012797e-12 2.7199769721667966e-06 4.044927377415348e-07 2.0994526352470925e-10 1114.3423255420685 971.6736138155381 508.3971780462798 8.287480047486848e-07 1857.237209236781 0.018799614492857192 2366.6343872830607 0.0 6672.627016953827 1352.8376236698098 0.9998839426983654 -3.220886526378308e-06 2157.008339409054 9.742114802267031e-07 -0.5873517217173863 -936.7287061251648 -114.65205899256449 2584.1886246812724 -1381.6748368150134 2114.4755844821384 -0.006937333229591605 -0.23733126270966237 -0.3500172381211974 0.001213349021433262 1.3159856978195078e-07 -3.3414656097065113e-07 726.9514154444917 626.82323750763 625.82323750763 2484.060446744411 2484.060446744411
7.67643821932 6.916553554602026e-07 1.7954964410901146e-12 2.2671394101118912e-06 3.3635605614623925e-07 1.5531670247628482e-10 1253.5391624876472 1094.766068603307 575.7184302478718 6.916553554602026e-07 2089.231937479412 0.01827135022758716 2665.9503677272837 0.0 7488.812029857856 1522.3817542580953 0.9998969937464268 -2.691431276957701e-06 2389.6962168315636 8.111615407772276e-07 -0.5847785768317797 -1044.0007491512529 -126.79892321308854 2899.842028740077 -1559.9882911982777 2376.2511869444215 -0.006531530693640156 -0.23446812680689136 -0.3503077585936111 0.0011191069677863972 1.1026203690977981e-07 -2.7856394805313417e-07 810.6100912606652 709.9174470731223 708.9174470731223 2799.1493845525342 2799.1493845525342
7.77085840942 5.761081645580516e-07 1.2421620153104814e-12 1.8859513584307122e-06 2.791536000355888e-07 1.1452719872085562e-10 1411.9744551809738 1235.0459407206802 652.7325272593284 5.761081645580516e-07 2353.2907586349565 0.01776025457532847 3007.023285894285 0.0 8415.811236187665 1715.338298855843 0.9999086960817436 -2.2446163976397315e-06 2654.130150619175 6.740797796412509e-07 -0.5822309227284661 -1165.127507224237 -140.46326667373577 3258.4062557147236 -1763.5290437673104 2673.9797667267667 -0.006145441196454334 -0.23164860709280516 -0.3505800710192635 0.001031101498937906 9.219404462775331e-08 -2.3176764584092033e-07 905.1154970797668 804.9969409665182 803.9969409665182 3158.2876996014747 3158.2876996014747
7.86643996786 4.789122968831295e-07 8.559501414389155e-13 1.565715784911946e-06 2.3122422000175242e-07 8.41708866791117e-11 1592.5454690935292 1395.1223338786292 740.9452321843182 4.789122968831295e-07 2654.2424484892153 0.017265731590745962 3396.1876806735336 0.0 9470.057139850778 1935.2234468000577 0.9999191753982983 -1.8682818305748583e-06 2955.186640550161 5.590561904894994e-07 -0.5797083782301744 -1302.0807152109323 -155.85846894132388 3666.259112817665 -1996.1653311062153 3013.049027640809 -0.005778348353987998 -0.228871906262411 -0.3508346036859333 0.0009490078358208539 7.692596607274196e-08 -1.92447130968768e-07 1012.0166643284498 913.9260510110835 912.9260510110835 3568.168499500299 3568.168499500299
7.96319717946 3.973160720446489e-07 5.874574654367202e-13 1.297228148795565e-06 1.911437325389954e-07 6.165412571171453e-11 1798.6199809644343 1578.0308298359582 842.1129833918567 3.973160720446489e-07 2997.699968274057 0.01678720102545071 3840.8129516659137 0.0 10670.615323442275 2186.1221508309022 0.999928546900498 -1.551943361377539e-06 3298.520017543264 4.627326403207774e-07 -0.5772105788372306 -1457.1369254740212 -173.23085040658063 4130.802806417065 -2262.402797845804 3399.718022427218 -0.0054295491455439784 -0.22613723211068534 -0.35107179478318434 0.0008725117039639749 6.405122540218859e-08 -1.594745750981221e-07 1133.1028381430083 1038.8797937332292 1037.8797937332292 4036.5797620072863 4036.5797620072863
8.06114450477 3.2895376068759485e-07 4.015532018831194e-13 1.072584418035514e-06 1.576935313950894e-07 4.500837649191229e-11 2034.118048128925 1787.3079995924486 958.2873351996268 3.2895376068759485e-07 3390.196746881542 0.016324098459644734 4349.484082081169 0.0 12039.636448108058 2472.7878320352993 0.9999369169048481 -1.2865610354850787e-06 3690.6994117334 3.8223068047573106e-07 -0.5747371714034117 -1632.928195841805 -192.8651711951137 4660.640261521851 -2567.4965850932876 3841.268023444773 -0.005098354261226674 -0.22344379837395822 -0.35129208646841786 0.0008013094235343412 5.3217859072999727e-08 -1.3188135392078132e-07 1270.4435146403093 1182.3989937198162 1181.3989937198162 4572.595740601359 4572.595740601359
8.16029658218 2.7179559952839367e-07 2.73356367001174e-13 8.850114044127572e-07 1.298329978349713e-07 3.274456986652244e-11 2303.60889245094 2027.0797754108985 1091.8678083931973 2.7179559952839367e-07 3839.3481540849 0.015875875398564453 4932.215962478098 0.0 13602.891150888348 2800.757570344606 0.9999443821925391 -1.064381239146428e-06 4139.370891102755 3.1508797207114304e-07 -0.5722878205733966 -1832.501777796518 -215.09111277732464 5265.783792717852 -2917.5844306180957 4346.181226578821 -0.0047840884202924846 -0.22079082544265255 -0.3514959307495045 0.000735107966071866 4.412186215605422e-08 -1.088372898657334e-07 1426.4356386329519 1347.4558479744683 1346.4558479744683 5186.804002059369 5186.804002059369
8.26066823014 2.2410366857707322e-07 1.853169771560624e-13 7.287171202932795e-07 1.0667530032322704e-07 2.3740153977900382e-11 2612.42585586175 2302.166366438607 1245.6647315498676 2.2410366857707322e-07 4354.043093102917 0.015441999310354388 5600.707824652784 0.0 15390.40406956492 3176.490989482488 0.9999510314530036 -8.787524015119175e-07 4653.449694842816 2.5920240554597995e-07 -0.5698622056923486 -2059.390501614933 -240.29092895307951 5957.902348562937 -3319.8447950257723 4924.3526583756075 -0.004486090660150315 -0.21817754096239836 -0.3516837859775489 0.0006736249791153786 3.650124383804798e-08 -8.96323451952165e-08 1603.8592554600195 1537.531890990549 1536.531890990549 5891.574984093466 5891.574984093466
8.36227444937 1.8439302787491719e-07 1.2510692697508291e-13 5.987591097077568e-07 8.746621184705441e-08 1.715178856996037e-11 2966.803000958093 2618.2070193385975 1422.9741156293385 1.8439302787491719e-07 4944.671668263489 0.015021953645383637 6368.645783892827 0.0 17437.2053658097 3607.535542098308 0.9999569457764729 -7.239818460291758e-07 5243.348486477437 2.1278308664294227e-07 -0.5674600195271142 -2317.6958951573074 -268.90849037645313 6750.614922965584 -3782.6850628651687 5587.341857514019 -0.0042037145959775216 -0.21560318052435914 -0.3518561150209094 0.0006165887802451535 3.0130733916582556e-08 -7.366051432430774e-08 1805.9432547020951 1756.7108989061062 1755.7108989061062 6701.382567169595 6701.382567169595
8.4651304251 1.5139756199199005e-07 8.410224751223796e-14 4.909288525970782e-07 7.15656073454948e-08 1.2348097713412653e-11 3374.037662917041 2981.808599132391 1627.667015972661 1.5139756199199005e-07 5623.396104861735 0.014615237787570352 7252.063120834396 0.0 19784.224111941192 4102.7206325980205 0.9999621991747089 -5.952083892424298e-07 5921.248792738445 1.743074332550743e-07 -0.5650809703460693 -2612.1864792227775 -301.4599922101373 7659.839267479604 -4315.965892246234 6348.6722384502955 -0.003936328650926881 -0.2130669882376168 -0.3520133869000634 0.000563738321875283 2.4817080616550414e-08 -6.040568207845914e-08 2036.4431626178687 2009.789782404605 2008.789782404605 7633.18588726634 7633.18588726634
8.56925152933 1.2404002850906472e-07 5.6295494179850234e-14 4.016505048630092e-07 5.843133677235246e-08 8.858054549669036e-12 3842.6841713252097 3400.7227767468653 1864.2962871038353 1.2404002850906472e-07 6404.4736188753495 0.014221367014838338 8269.769905979185 0.0 22479.351127437134 4672.391322713166 0.9999668588065874 -4.882941713191258e-07 6701.424335239943 1.424836997750325e-07 -0.5627247802197681 -2948.4141803106336 -338.5466496095207 8704.206908822967 -4931.268970280868 7224.187664942391 -0.003683316257005324 -0.210568217286788 -0.35215607463880894 0.0005148231283694265 2.0394882903047144e-08 -4.942923484903704e-08 2299.7332899476182 2302.411075557122 2301.411075557122 8706.884694432472 8706.884694432472
8.67465332314 1.0140585173142985e-07 3.7519658468621974e-14 3.278924042455701e-07 4.7605198970492796e-08 6.331504939539607e-12 4382.785061246717 3884.0576692665345 2138.224359486052 1.0140585173142985e-07 7304.641768744529 0.013839872348009105 9443.86612823058 0.0 25578.705630316585 5328.685431251233 0.9999709858591528 -3.9971922749515443e-07 7600.626780251457 1.1621831291056074e-07 -0.5603911864176792 -3332.8524021020544 -380.869772715428 9905.557850133651 -5642.217128810585 8232.47783469835 -0.003444076026727938 -0.20810613042799958 -0.35228465627045213 0.00046960320702963136 1.6722907174444987e-08 -4.035923254473202e-08 2600.9160813891217 2641.221531710751 2640.221531710751 9945.86330045528 9945.86330045528
8.78135155901 8.272024501998238e-08 2.4896738650801447e-14 2.6708990656989993e-07 3.870076929007915e-08 4.509083472092211e-12 5006.147444623593 4442.53097480313 2455.7763223423754 8.272024501998238e-08 8343.579074372656 0.013470300482706551 10800.355396715031 0.0 29148.14680734224 6085.866548996483 0.9999746358442432 -3.2649791759098434e-07 8638.546707942842 9.458746235368495e-08 -0.5580799376188494 -3773.060028363283 -429.2486943060105 11289.531090482016 -6464.857508304446 9395.38646426535 -0.003218021895935312 -0.20568000044418627 -0.3523996106767458 0.0004278489344748103 1.368083947584755e-08 -3.2880965635083884e-08 2945.9520161093606 3034.062146004064 3033.062146004064 11377.64122037672 11377.64122037672
8.88936218319 6.732828434699057e-08 1.644762658033593e-14 2.1707826319096576e-07 3.1392859180269205e-08 3.199370244665782e-12 5726.673875097423 5088.773256695456 2824.4237184381673 6.732828434699057e-08 9544.456458495704 0.013112213539799265 12369.880176933872 0.0 33265.080228928746 6960.720210194167 0.9999778596268996 -2.6609626857521107e-07 9838.365347438126 7.681244713387912e-08 -0.5557907962417508 -4277.876522675419 -484.6421226601264 12886.270687023189 -7418.121063822486 10738.619406399448 -0.003004583237884832 -0.20328911067357863 -0.3525014194719038 0.0003893409200963336 1.1166430274347586e-08 -2.6728739760804815e-08 3341.8142285274853 3490.196326281728 3489.196326281728 13034.652784777432 13034.652784777432
8.99870133804 5.4677592202428305e-08 1.081732213605847e-14 1.7603436528135385e-07 2.5408409108690592e-08 2.261609175602462e-12 6560.759037579241 5837.691825151245 3253.005481700189 5.4677592202428305e-08 10934.598395965402 0.012765188955541833 14188.603877665591 0.0 38020.62147672013 7973.028596368605 0.9999807022520669 -2.1638634706278026e-07 11227.415977393413 6.22383279231998e-08 -0.5535235390253179 -4857.654366535169 -548.1736133826323 14731.271191036261 -8524.374354538746 12292.473397536167 -0.0028032049492710508 -0.20093275527966128 -0.3525905673593093 0.0003538698481664989 9.09299012374743e-09 -2.167874431114444e-08 3796.6727950708605 4020.584202540291 4019.584202540291 14955.182598505693 14955.182598505693
9.1093853645 4.430332470548146e-08 7.0822343403991635e-15 1.4242630379717454e-07 2.0518637722299392e-08 1.5926821741147615e-12 7527.766131139207 6706.907981013414 3751.993837601356 4.430332470548146e-08 12546.276885232011 0.01242881917916757 16299.270722833367 0.0 43522.18913180539 9146.144727614526 0.999983205467057 -1.7556275277996747e-07 12837.978120176294 5.031548404778349e-08 -0.5512779522084488 -5524.536416028534 -621.1620023223787 16866.391530428988 -9810.083051479372 14092.710702921557 -0.0026133475084409857 -0.19861023969347688 -0.352667536952219 0.00032123630027078504 7.3871988279775015e-09 -1.7542876534102306e-08 4320.114645196974 4638.212788488969 4637.212788488969 17184.48967372098 17184.48967372098
9.22143080448 3.581518597523476e-08 4.6156490037041265e-15 1.1496980310011707e-07 1.6532289185298355e-08 1.1173278034913108e-12 8650.599831996542 7717.283330429392 4333.815057255624 3.581518597523476e-08 14417.666386660903 0.012102711494466314 18752.481443916527 0.0 49896.61909626695 10507.676240334413 0.9999854060823211 -1.421168867032918e-07 14708.232658721785 4.058371648924927e-08 -0.5490538349826957 -6292.787363986371 -705.1578232620734 19341.072942683808 -11306.611381437071 16181.610652388763 -0.002434487006505804 -0.19632088091038746 -0.35273281195542167 0.00029125055964000947 5.987194664942739e-09 -1.416340617736837e-08 4923.406556022904 5358.494298839221 5357.494298839221 19776.160685500123 19776.160685500123
9.33485440338 2.8886222467308966e-08 2.9942278611565357e-15 9.259067873778918e-08 1.3289838422810164e-08 7.808240369112374e-13 9956.396527806362 8893.554215882321 5013.236734840177 2.8886222467308966e-08 16593.994213010606 0.01178648769546201 21608.23094785078 0.0 57293.91119307125 12090.312511215026 0.9999873382566467 -1.1477332773068838e-07 16883.412386560292 3.265857669788256e-08 -0.5468509968611031 -7179.190487784013 -801.9869569028978 22213.804205663357 -13051.18650659713 18609.235701897498 -0.0022661151518736347 -0.19406400778825034 -0.352786874299525 0.0002637323991541934 4.840911572469294e-09 -1.1408376826650424e-08 5619.809992652753 6199.747117953542 6198.747117953542 22793.74133096415 22793.74133096415
9.44967311254 2.3243176285367926e-08 1.9333203576967904e-15 7.439256653059799e-08 1.065852988118701e-08 5.435352502593498e-13 11477.357157759609 10265.097778170963 5807.836310365685 2.3243176285367926e-08 19128.928596266014 0.011479783829154844 24937.7649066317 0.0 65891.74222108143 13932.822712640209 0.9999890315562275 -9.247549259683296e-08 19417.19020643734 2.621963727507021e-08 -0.5446692582114099 -8203.523292840613 -913.8030313389252 25553.887330877264 -15088.063997637193 21434.95835365714 -0.00210773924899524 -0.1918389612837203 -0.3528302044521968 0.0002385108544791543 3.904636424998514e-09 -9.167652032097218e-09 6424.95873461125 7183.777727636621 7182.777727636621 26312.706323902636 26312.706323902636
9.56590409182 1.8658200495222417e-08 1.2424150314970853e-15 5.962924965848024e-08 8.528139840468291e-09 3.7686416835860423e-13 13251.753766049746 11866.85840647634 6738.5686572811355 1.8658200495222417e-08 22086.256276749577 0.011182249891448205 28825.824934030712 0.0 75900.91254672915 16081.25863917935 0.9999905132692135 -7.433425608383004e-08 22373.356835045295 2.100045236803852e-08 -0.5425084482119291 -9389.128658103078 -1043.150431185264 29443.568718172042 -17469.938411504896 24729.305598816973 -0.0019588821519736033 -0.18964509467699886 -0.35286327920067434 0.00021542398407012155 3.1417604525770384e-09 -7.349523962493353e-09 7357.3124414224685 8336.585741915118 8335.585741915118 30422.842018664694 30422.842018664694
9.68356471215 1.4941761369527976e-08 7.946028625730132e-16 4.768098757675288e-08 6.807365294836142e-09 2.6025849557904005e-13 15325.148006008902 13740.470067269787 7830.454955401157 1.4941761369527976e-08 25541.91334334817 0.010893549446709973 33373.36829874932 0.0 87571.92944384618 18590.413203140473 0.9999918081210282 -5.960729332343817e-08 25827.851738481615 1.6779984961354996e-08 -0.5403684056417699 -10763.601771870904 -1193.0401878195719 33980.61575861478 -20259.65354755112 28576.190685702542 -0.0018190821938757944 -0.18748177377323136 -0.3528865722612452 0.00019431861759460932 2.5217017376275178e-09 -5.8778117734911735e-09 8438.702415266613 9689.219681444294 9688.219681444294 35231.13302479246 35231.13302479246
9.80267255811 1.193657237474511e-08 5.05743639220749e-16 3.803431779855815e-08 5.420754095265305e-09 1.7900616188470045e-13 17751.868667743798 15935.618108661707 9113.419992961131 1.193657237474511e-08 29586.447779572998 0.010613359395316374 38700.867772534126 0.0 101202.97829192542 21525.583076963547 0.9999929376898995 -4.7682034765017534e-08 29871.225762031052 1.3375304336551227e-08 -0.5382489774384962 -12359.617683555582 -1367.0415358905614 39281.4370615867 -23532.279249299354 33075.6179282295 -0.0016878930927250583 -0.18534837702086013 -0.3529005527356012 0.00017505009427763138 2.0189777834664563e-09 -4.689385053937864e-09 9694.9892820137 11278.817232933572 11277.817232933572 40865.26501250657 40865.26501250657
9.92324543058 9.512422704009747e-09 3.2031965339602067e-16 3.0264864466767044e-08 4.3061015141867835e-09 1.226178855542479e-13 20596.806343017546 18511.694478725192 10623.311666770736 9.512422704009747e-09 34328.010571695915 0.01034136948558573 44952.32223846665 0.0 117149.59114281957 24964.716999092307 0.9999939217556976 -3.804721648847931e-08 34611.6323094803 1.0635380748356111e-08 -0.5361500181699066 -14215.929920679988 -1569.3925560089797 45484.86748043153 -27377.637690721393 38346.96644611162 -0.0015648838348380632 -0.18324429567581652 -0.3529056844468736 0.00015748199278884913 1.6124094984076005e-09 -3.7320554020123354e-09 11156.856908735615 13149.871987429171 13148.871987429171 47477.882559125086 47477.882559125086
10.0453013494 7.561779420172784e-09 2.018762465211246e-16 2.402274283659435e-08 3.4122477339685294e-09 8.364537437014206e-14 23937.5969772532 21539.812886386106 12403.14422566809 7.561779420172784e-09 39895.99496208867 0.010077282089380368 52300.13918775676 0.0 135836.38872318823 29001.025638486066 0.9999947786344215 -3.0276529283668197e-08 40178.466661088416 8.435825420611583e-09 -0.5340713865095084 -16378.57754399631 -1805.1341090697847 52756.76722764273 -31903.381325865037 44532.98336762433 -0.0014496385367162772 -0.18116893388033065 -0.35290242235264835 0.00014148585405398997 1.284439825881237e-09 -2.9627859085680677e-09 12860.772265554062 15355.77831473881 15354.77831473881 55251.77327682748 55251.77327682748
10.168858556 5.99605687816575e-09 1.2659326655025043e-16 1.902019977427194e-08 2.6972190988272275e-09 5.682134304267734e-14 27867.28320808769 25105.26690646804 14504.61800239166 5.99605687816575e-09 46445.472013479484 0.009820811712461342 60951.090015871145 0.0 157771.37834331873 33746.13339954609 0.9999955214480523 -2.4036608703426054e-08 46726.80157599196 6.674443054387617e-09 -0.53201295594662 -18902.346639491985 -2080.2722437795883 61295.62058558671 -37238.751008080646 51804.6489183213 -0.0013417562863159136 -0.17912170881035883 -0.3528912230996527 0.00012694089847715032 1.0205522333157142e-09 -2.346174557525732e-09 14850.148572107226 17960.720015878513 17959.720015878513 64406.192029358 64406.192029358
10.2939355162 4.742460211832664e-09 7.898318585749123e-17 1.5021173298514307e-08 2.1266633528583586e-09 3.843628586182061e-14 32497.563434581607 29310.532277720187 16989.977751109152 4.742460211832664e-09 54162.60572430268 0.009571684721003473 71153.58347541184 0.0 183563.3848355468 39333.99158686045 0.9999961624273662 -1.9047496024882093e-08 54442.80247043044 5.267480591581752e-09 -0.5299745982081618 -21852.54285110691 -2401.975471814849 71339.36128471121 -43539.16853476461 60367.11204641053 -0.0012408509648020145 -0.1771020502962643 -0.35287252886440157 0.00011373373892318093 8.087755552587415e-10 -1.8531727583851482e-09 17176.755560408532 21041.97991882747 21040.97991882747 75204.58564313015 75204.58564313015
10.4205509231 3.741321388294606e-09 4.902661242655209e-17 1.1832497660224714e-08 1.6725357255291598e-09 2.5888702369525632e-14 37962.766178505 34278.941904847365 19934.291375949702 3.741321388294606e-09 63271.276964175006 0.009329638852944251 83206.56834012471 0.0 213943.315004316 45925.61226548288 0.9999967227788952 -1.5030054534292958e-08 63550.35139669843 4.146471603156014e-09 -0.5279561839346298 -25307.145088109377 -2778.8148164965933 83173.71066131601 -50991.86271864955 70466.94750430527 -0.0011465510497829386 -0.17510940163110914 -0.3528467672734662 0.00010175809086223445 6.392638303700472e-10 -1.4600055806221376e-09 19902.433697141012 24692.772207947506 24691.772207947506 87964.04917212251 87964.04917212251
10.5487236994 2.9438567816483575e-09 3.0274465771573863e-17 9.296513270031528e-09 1.3119983573184878e-09 1.7361865378896122e-14 44424.718995537056 40159.19257730678 23428.251659886097 2.9438567816483575e-09 74041.1983258951 0.009094422958939261 97470.44998578119 0.0 249790.2213953933 53714.79435657644 0.9999971996763167 -1.18565970375073e-08 74319.16188838592 3.255588313810217e-09 -0.525957608793465 -29359.42662748559 -3221.0564263504475 97142.38189753758 -59822.776931794164 82401.04442104025 -0.0010584994011821611 -0.1731432188202876 -0.35281437811658023 9.09144807491962e-05 5.039407349065336e-10 -1.1472642342419088e-09 23101.183571642487 29025.72528405208 29024.72528405208 103066.92360994717 103066.92360994717
10.6784730009 2.3102844975159987e-09 1.8596972141098683e-17 7.284872529619112e-09 1.026500862983742e-09 1.159251575091805e-14 52078.72525051806 47130.87749552248 27581.61628557877 2.3102844975159987e-09 86797.8754175301 0.008865796464194371 114380.49170310887 0.0 292163.2142960642 62935.37050691535 0.9999976139459186 -9.318546823067209e-09 87074.7403377959 2.5494253595812133e-09 -0.5239787509013669 -34121.15103158891 -3741.0189027793235 113659.58498828729 -70305.04956754485 96527.50706768964 -0.0009763530307247433 -0.1712029707385219 -0.3527757708442979 8.110995410310842e-05 3.961992439321301e-10 -8.991451939394605e-10 26861.709570757197 34177.15812900696 34176.15812900696 120975.03354653706 120975.03354653706
10.8098182188 1.8082479045362537e-09 1.1363249595433355e-17 5.693363689964114e-09 8.010141752033246e-10 7.706050882118027e-15 61160.91396857246 55411.29734014239 32527.454876505377 1.8082479045362537e-09 101934.85661428743 0.008643529142160973 134463.3114907928 0.0 342340.63061548996 73869.87420938742 0.9999979696900684 -7.307367155817701e-09 102210.63573727231 1.9911499637477568e-09 -0.5220195001982986 -39726.47587009349 -4353.510443154232 133225.38922232852 -82769.46785285385 113279.05788518605 -0.0008997828563038969 -0.1692881394300228 -0.3527313534609083 7.225778421341229e-05 3.1064910251393845e-10 -7.028142309543809e-10 31290.532608041096 40312.36067163831 40311.36067163831 142247.21728592576 142247.21728592576
10.9427789829 1.4114990854803976e-09 6.906061107486659e-18 4.437595534406363e-09 6.233937707380098e-10 5.099601692957836e-15 71957.29390732603 65263.854928136054 38427.39034796748 1.4114990854803976e-09 119928.82317887673 0.008427400575346463 158357.21352684422 0.0 401868.2925969115 86860.27365791112 0.9999982768356449 -5.710393491398236e-09 120203.52982383393 1.5509618108565118e-09 -0.5200797529670163 -46336.72942870862 -5076.364606200123 156444.62184638932 -97617.35991491012 133179.53853560926 -0.000828473442199489 -0.16739821950719264 -0.35268152774943007 6.427718263702422e-05 2.429047930031388e-10 -5.478760669851823e-10 36515.798667512594 47632.11082515953 47631.11082515953 167560.93400403624 167560.93400403624
11.0773751644 1.0988023132295986e-09 4.1744423711313065e-18 3.449410065488801e-09 4.838518538527012e-10 3.3594475361829536e-15 84814.92943392908 77008.42240435902 45478.08025571772 1.0988023132295986e-09 141358.21572321514 0.008217199898070347 186837.29597893287 0.0 472618.90109968965 102321.41214172258 0.9999985405681194 -4.449071333567645e-09 141631.86357996383 1.2048143226752095e-09 -0.5181593984973767 -54146.2667826168 -5931.098163245326 184050.16327988936 -115336.52562464827 156864.2657238737 -0.0007621227263800688 -0.16553271846115267 -0.3526266755871528 5.709301244333645e-05 1.8940811746749008e-10 -4.2593338765640294e-10 42691.94755667422 56380.7338639668 56379.7338639668 197738.94958718194 197738.94958718194
11.2136268789 8.530232626517102e-10 2.509452163582401e-18 2.673908629650305e-09 3.745209991673128e-10 2.2029436060135245e-15 100155.75986667779 91034.17203978197 53919.25658221508 8.530232626517102e-10 166926.266444463 0.008012725315778506 220846.52302667807 0.0 556865.4437031371 120757.23748746929 0.9999987632609454 -3.4650589064710857e-09 167198.86945717476 9.33355821619975e-10 -0.5162583396097853 -63389.662077025925 -6943.720365735528 216931.72019507925 -136520.97368814363 185105.19427890802 -0.0007004417359514681 -0.16369115627892653 -0.35256717986579944 5.0635505167773503e-05 1.4728021987814772e-10 -3.3022117861933506e-10 50005.45375061627 66856.10084439153 66855.10084439153 233782.36728885453 233782.36728885453
11.3515544895 6.603745749961471e-10 1.500180723280978e-18 2.066993038139942e-09 2.89094389651515e-10 1.4378684742990505e-15 118493.72112236348 107815.47869743014 64043.69914634331 6.603745749961471e-10 197489.53520393913 0.007813783809098047 261534.23435028244 0.0 657372.0041292234 142781.3318478337 0.9999989541465726 -2.690583311704131e-09 197761.10750063873 7.210551308225322e-10 -0.5143764678500404 -74350.55875949537 -8145.730361236044 256171.42171507794 -161895.3937874947 218842.07116381734 -0.0006431542919168115 -0.16187306530850568 -0.35250339985095147 4.4839982288292355e-05 1.1419843638644336e-10 -2.553043067177068e-10 58681.88651113882 79422.0322843605 79421.0322843605 276911.5674882996 276911.5674882996
11.4911786098 5.097926679455311e-10 8.917925677401341e-19 1.5933385298674053e-09 2.225300103848002e-10 9.340953921772995e-16 140456.0003686684 127931.67672255596 76209.65142987488 5.097926679455311e-10 234093.3339477807 0.007620190688971555 310303.9853776556 0.0 777506.2645394226 169142.0989261865 0.9999991269127402 -2.0604762340781235e-09 234363.88976787886 5.554815249235732e-10 -0.5125136770888088 -87372.5808246148 -9575.348850512895 303087.9558882266 -192345.58846073918 259221.09537535618 -0.0005899967043379319 -0.1600779905158902 -0.3524356845124426 3.9646582030056834e-05 8.829419093677339e-11 -1.9682815636207867e-10 68994.62194044594 94523.7410185344 94522.7410185344 328617.07496631506 328617.07496631506
11.6325201067 3.9242440236012484e-10 5.271214740468349e-19 1.224727214342449e-09 1.7080809318427362e-10 6.039420433607625e-16 166809.4701322648 152091.64866969644 90856.30055152572 3.9242440236012484e-10 278015.7835537747 0.007431769308279802 368873.0841053004 0.0 921379.3977620471 200753.94091069757 0.9999992667573298 -1.585909625845261e-09 278285.3371671883 4.267133986103414e-10 -0.5106698753636385 -102872.81024604653 -11279.04193452896 359291.3943433411 -228956.37867854687 307642.9780765619 -0.0005407174590313108 -0.15830548882108997 -0.3523643849566392 3.499999218693247e-05 6.80685490391455e-11 -1.513135621872413e-10 81275.6107895664 112707.0880185187 112706.0880185187 390722.8715722934 390722.8715722934
11.775600104 3.0120543780404433e-10 3.097809618996514e-19 9.386817832652791e-10 1.3073278587364293e-10 3.886034050274707e-16 198493.6315972117 181164.4798632663 108523.09362620412 3.0120543780404433e-10 330822.7193286862 0.007248350632853636 439346.8129548903 0.0 1094020.0321584786 238736.75666367201 0.99999938407839 -1.2197149956705289e-09 331091.2850031759 3.2685402084569305e-10 -0.5088449539983428 -121358.46720246259 -13313.410152411472 426751.41721986304 -273058.88021553477 365822.7954955446 -0.0004950768968438685 -0.1565551289349483 -0.3522898238436793 3.084918959434496e-05 5.232257728426278e-11 -1.1598864850308084e-10 95928.69789117691 134642.61148345843 134641.61148345843 465465.3308121446 465465.3308121446
11.9204399853 2.3051489154934326e-10 1.809947728629838e-19 7.173487602941953e-10 9.977043682495768e-11 2.4882856355163694e-16 236661.7529195517 216217.76959259674 129873.92810273095 2.3051489154934326e-10 394436.25486591953 0.007069772949826482 524311.1829686505 0.0 1301591.157261755 284464.4611069867 0.9999994878123842 -9.277707491150977e-10 394703.8468226032 2.496361294959266e-10 -0.5070388066057583 -143447.59508949763 -15747.534853982756 507882.41069118254 -326289.6437760695 435864.70451171737 -0.00045284688662691687 -0.15482649168440166 -0.35221231399358593 2.71471868134696e-05 4.010012197560927e-11 -8.865135152157567e-11 113446.15582526302 161155.62218116364 161154.62218116364 555591.8770470831 555591.8770470831
12.0670613971 1.7589331106017752e-10 1.0512701728815928e-19 5.465882209827315e-10 7.591810687016215e-11 1.5854435927241272e-16 282732.3393058963 258565.59490248602 155727.48599678924 1.7589331106017752e-10 471220.5655098272 0.006895881497267075 626949.0515066164 0.0 1551661.3893923697 339625.862010015 0.9999995705796002 -7.10794978431295e-10 471487.19787225773 1.9009997188083417e-10 -0.5052513359620705 -169894.76157825426 -18665.898448749922 605649.8027283733 -390664.75083179283 520355.37904691853 -0.0004138104929379349 -0.15311916923756688 -0.3521321660137088 2.3850786508176618e-05 3.064090841965166e-11 -6.755733311765074e-11 134429.23721854616 193263.94556241576 193262.94556241576 664484.511072243 664484.511072243
12.2154862523 1.3381302592578957e-10 6.069723775307293e-20 4.1523401292972184e-10 5.7596969967901375e-11 1.0051539277375376e-16 338453.6680376508 309828.6750948356 187095.32534015202 1.3381302592578957e-10 564089.446729418 0.006726528143743283 751185.77206957 0.0 1853544.386563453 406301.6345146888 0.9999996453098631 -5.359535037996466e-10 564355.133510237 1.4433192101337553e-10 -0.5034824305956445 -201623.05808604913 -22172.026231982738 723703.2029017498 -468672.8035867006 622481.0893546618 -0.00037776163949165977 -0.1514327651711672 -0.35204966488852374 2.0920343930860706e-05 2.3342219057808847e-11 -5.1328868144716926e-11 159613.75617233175 232225.31806992937 232224.31806992937 796314.7647993474 796314.7647993474
12.3657367332 1.0149170394312338e-10 3.483362098139139e-20 3.1449436578585097e-10 4.356614033388497e-11 6.340441423953504e-17 405984.8681012111 372010.0203880031 225229.87034191645 1.0149170394312338e-10 676641.4468353519 0.006561571067767273 901872.3171772683 0.0 2218724.804045989 487059.901838167 0.9999997059320228 -4.0523140398818214e-10 676906.2019016393 1.0925289673937447e-10 -0.5017319861285876 -239764.02144362038 -26393.037363773255 866543.4814201291 -563391.9544579918 746174.7447274873 -0.00034450476936650375 -0.14976689427416373 -0.3519650914491923 1.8319537867330134e-05 1.7727690743269124e-11 -3.888100692921321e-11 189902.03458477723 279597.10622506216 279596.10622506216 956238.553060414 956238.553060414
12.517835295 7.674143566001321e-11 1.986880819257567e-20 2.3746764524711893e-10 3.285321706529659e-11 3.9791024475994135e-17 487997.997866351 447590.21985670936 271684.9361758713 7.674143566001321e-11 813329.9964439183 0.006400874457707949 1085015.9326197896 0.0 2661394.010757661 585077.2312318519 0.9999997541499446 -3.086446653810526e-10 813593.8334991093 8.244760297067129e-11 -0.49999989414932866 -285707.5415630508 -31485.343712072692 1039732.8352506959 -678637.4030784463 896300.911558611 -0.0003138545029309735 -0.14812118211246353 -0.35187871172822033 1.6015150316579867e-05 1.3421975270837331e-11 -2.936190880647846e-11 226402.8388067776 337311.6286295868 337310.6286295868 1150641.625073505 1150641.625073505
12.6718046691 5.7846946246864035e-11 1.126306152581137e-20 1.7875234569627101e-10 2.4698469827551326e-11 2.484292054962755e-17 587806.8354520687 539647.7399039671 328392.2583761215 5.7846946246864035e-11 979678.0590867812 0.006244308183372474 1308071.3174629027 0.0 3199124.885034695 704291.3045135511 0.999999791729906 -2.3795720949237875e-10 979940.9916567322 6.202712590279706e-11 -0.49828604347475114 -341164.38428880606 -37641.80098965813 1250159.4906854106 -819147.7405931088 1078889.1367352922 -0.00028563529442405465 -0.14649526501460355 -0.3517907782221905 1.397685512824397e-05 1.0130232564451479e-11 -2.2104777257091836e-11 270481.43159862945 407771.4028918131 407770.4028918131 1387449.4619785943 1387449.4619785943
12.8276678665 4.3467613270583055e-11 6.344830584552363e-21 1.3413392953436924e-10 1.8510120667108343e-11 1.5429253422547037e-17 709529.7126488526 652011.1141850048 397758.4572276366 4.3467613270583055e-11 1182549.521081421 0.006091747568344537 1580308.9783090577 0.0 3853724.110855724 849593.2517460631 0.9999998212124637 -1.8571100213193859e-10 1182811.5625010163 4.6518708553584824e-11 -0.49659032084013655 -408244.68181552924 -45100.70124847482 1506371.9518783104 -990820.8595352618 1301428.8035550588 -0.0002596810880972786 -0.14488878960989898 -0.3517015310445264 1.2177015748529571e-05 7.621585764020517e-12 -1.6589257671523176e-11 323822.4307968894 493969.83478688356 493968.83478688356 1676519.3558683046 1676519.3558683046
12.9854481813 3.2558880552202934e-11 3.551645200152281e-21 1.0033414905320293e-10 1.3828625328403347e-11 9.532007210720796e-18 858295.8470489627 789451.8974478605 482788.1468486341 3.2558880552202934e-11 1430493.078414938 0.005943073021985263 1913282.225263572 0.0 4652310.584057401 1027071.9536760221 0.9999998600804103 -1.3199175086242576e-10 1430754.2418229606 3.477759865643624e-11 -0.49491260885265653 -489556.6813916962 -54157.10503866007 1819001.9886608573 -1201013.2464112635 1573242.5601326255 -0.00023583497476642123 -0.14330141291777998 -0.3516111958028845 1.0590492179704048e-05 5.715815316053671e-12 -1.2410530781519246e-11 388508.9102459195 599644.4599438622 599643.4599438622 2030137.5383588 2030137.5383588
13.1451691939 2.430942546985468e-11 1.9753845935856473e-21 7.481101035872771e-11 1.029823016306167e-11 5.857240808207167e-18 1040507.3476097691 957929.8445511558 587240.62106217 2.430942546985468e-11 1734178.9126829486 0.005798169895434413 2321420.5337451184 0.0 5628683.402153299 1244323.3839845883 0.999999877947475 -1.0445200260278398e-10 1734439.2110039548 2.5916767527947322e-11 -0.4932527957171766 -588331.245431408 -65177.15283098092 2201301.1003063773 -1458920.5691542376 1905960.3005026607 -0.00021394884962231108 -0.1417328016836329 -0.3515199939290918 9.194457192138501e-06 4.272693147960875e-12 -9.254644935517122e-12 467122.1876234287 729471.9967760206 729470.9967760206 2463650.9094589693 2463650.9094589693
13.306854775 1.8091080460907867e-11 1.0915720400443895e-21 5.559964856660797e-11 7.644393463336174e-12 3.579668115407702e-18 1264172.6717684157 1164905.0995948722 715829.596479841 1.8091080460907867e-11 2106954.4529473595 0.005656928090438378 2822785.0494272006 0.0 6825060.389177024 1510845.373688813 0.999999902228865 -7.582467986821939e-11 2107213.898900733 1.9251052790155066e-11 -0.49161075634231866 -708579.1659410722 -78616.17849043942 2669822.355447445 -1776062.5457022155 2314122.0539045995 -0.00019388307205881112 -0.14018263235990203 -0.35142812390659195 7.968221785664558e-06 3.1834597613318244e-12 -6.878889464670635e-12 562867.9025000856 889317.014510226 889316.014510226 2996271.4674575855 2996271.4674575855
13.4705290887 1.3419047334869282e-11 5.992353658778442e-22 4.118615681330485e-11 5.655918195035013e-12 2.1757286447913753e-18 1539331.9579022694 1419736.6792006618 874478.6087388494 1.3419047334869282e-11 2565553.263170449 0.005519241955065718 3440032.8719092985 0.0 8294293.033914513 1838539.3191159542 0.9999999101712364 -6.306200006633844e-11 2565811.8692572536 1.4252905966698174e-11 -0.48998637217108554 -855290.3787041121 -95041.68557402164 3245289.0600617 -2166902.33416509 2815946.6753282 -0.00017550612829051186 -0.13865059086687273 -0.35133578124115067 6.8930698457448375e-06 2.3640377711278383e-12 -5.096229677418254e-12 679735.796891251 1086549.91365181 1086548.91365181 3652103.176822259 3652103.176822259
13.6362165965 9.920391024822264e-12 3.267773372929355e-22 3.040786001600312e-11 4.17085803435852e-12 1.3150731355948766e-18 1878600.7709369566 1734192.1445065518 1070648.067885735 9.920391024822264e-12 3131001.284894928 0.005385009938088901 4201650.3527806625 0.0 10102694.928710535 2242352.7106534657 0.9999999262168434 -4.6835868516836854e-11 3131259.0634033144 1.051744543248423e-11 -0.48837951549090697 -1034686.8002368457 -115162.5571635806 3953703.791102827 -2649639.1967935767 3434313.9915583464 -0.0001586942974388306 -0.13713637210387727 -0.35124314334019385 5.952101896860421e-06 1.7496445111614848e-12 -3.763001797682435e-12 822702.5062078991 1330454.1502705314 1330453.1502705314 4461455.435165459 4461455.435165459
13.8039420607 7.309171385163042e-12 1.7700297767136434e-22 2.2374752513095836e-11 3.0654357060400884e-12 7.904034556643458e-19 2297866.8516276823 2123101.0902801715 1313755.2352482593 7.309171385163042e-12 3829778.0860461374 0.005254134438640097 5143534.321294397 0.0 12333660.80059402 2741101.846151873 0.9999999579686922 -2.4097612794093948e-11 3830035.0490517006 7.734948315400577e-12 -0.4867900581709579 -1254543.9542314291 -139866.2744463586 4827767.732194092 -3247225.5482211 4198022.728408266 -0.00014333132176459035 -0.135639680164821 -0.3511503779820392 5.130087816371481e-06 1.2905306088376555e-12 -2.769217498732426e-12 997989.646147954 1632749.1986392513 1632748.1986392513 5462527.284685388 5462527.284685388
13.973730548 5.3668793739043434e-12 9.52242523523256e-23 1.6407809364305134e-11 2.2453580205716596e-12 4.723584024289498e-19 2817184.923942462 2605194.902842836 1615714.7115878402 5.3668793739043434e-12 4695308.206570771 0.005126521594456572 6311023.918158611 0.0 15092310.403227845 3358526.1524692266 0.999999952137184 -2.475619709230159e-11 4695564.365925709 5.669268271931452e-12 -0.4852178768337394 -1524601.0247471437 -170266.448457397 5908701.21530554 -3988674.802905348 5143405.269226572 -0.0001293080816542693 -0.13416022739169658 -0.3510576494172864 4.413328334968553e-06 9.48620198366615e-13 -2.030949431904235e-12 1213393.0087347692 2008263.626705153 2008262.626705153 6703571.8332759235 6703571.8332759235
14.1456074338 3.927097682345341e-12 5.0876432341412915e-23 1.1990709136087327e-11 1.639031848856686e-12 2.806648946535188e-19 3461928.65749436 3204188.3482319387 1991635.3553385902 3.927097682345341e-12 5769881.095823933 0.005002081017122438 7761517.451162524 0.0 18511457.694627378 4124650.343963599 0.9999999827105107 -8.058442801939236e-12 5770136.463179434 4.140959067733955e-12 -0.48366283047556946 -1857084.8813018575 -207763.6633332846 7248584.31354596 -4910746.731615864 6316405.269607124 -0.00011652227592921225 -0.13269773471874793 -0.3509650957487631 3.7895251192533175e-06 6.948709949997954e-13 -1.48437109777142e-12 1478703.2177220264 2475803.024306316 2475802.024306316 8245684.120130249 8245684.120130249
14.3195984052 2.8635143267504707e-12 2.699299273267559e-23 8.732180932730397e-12 1.1922824992903694e-12 1.6579350844822515e-19 4264277.107072097 3950176.1925696842 2460721.7507887846 2.8635143267504707e-12 7107128.511786829 0.004880725728140825 9567851.262575613 0.0 22759305.659575548 5077533.052885497 0.9999999760749404 -1.0036860231821265e-11 7107383.098576704 3.0141221666564102e-12 -0.48212479141063946 -2267381.301458855 -254123.541496367 8913373.531226732 -6060125.46344545 7775257.503990146 -0.00010487810802140666 -0.13125193114108397 -0.3508728602595187 3.247659201895206e-06 5.072075659910133e-13 -1.0811075485958718e-12 1806245.0194399033 3059272.770920381 3059271.770920381 10166401.28270721 10166401.28270721
14.4957294656 2.080588363257332e-12 1.4220454398395674e-23 6.3367358038541846e-12 8.642557028773459e-13 9.735961848011041e-20 5265137.397286467 4881440.505913175 3047442.017160437 2.080588363257332e-12 8775228.995477445 0.004762371835124075 11822672.012637883 0.0 28049388.20178175 6265535.859191281 0.999999989203448 -4.071853965115224e-12 8775482.812932787 2.1861911960425025e-12 -0.4806036193463443 -2774896.7879662453 -311577.1429571628 10986798.61043423 -7496239.35756647 9593952.184224691 -9.428597848083857e-05 -0.12982255338184925 -0.3507810659604234 2.7778775015933573e-06 3.689085048941001e-13 -7.846207237969618e-13 2211569.6149567845 3789132.6060348563 3789131.6060348563 12564361.601512302 12564361.601512302
14.674026938 1.5063060999651294e-12 7.43817167741587e-24 4.581995592646266e-12 6.242488082077208e-13 5.683169985955753e-20 6516637.756281392 6046795.543643721 3783045.2728654686 1.5063060999651294e-12 10861062.927135654 0.004646938502125038 14644109.200001122 0.0 34653443.58001866 7750261.760824919 0.9999999815662627 -6.24256202286233e-12 10861315.986285795 1.5800249670098352e-12 -0.4790991756856908 -3404167.7620773166 -382950.39806303044 13575409.155706026 -9294922.218343416 11866724.960114116 -8.466218427036319e-05 -0.1284093459409547 -0.35068982973849366 2.371387152887329e-06 2.673526186866761e-13 -5.67409100646587e-13 2714346.228570372 4704286.856584579 4704285.856584579 15565349.783720233 15565349.783720233
14.8545174693 1.0865793260516408e-12 3.862521809016032e-24 3.301192452028657e-12 4.4926893755842256e-13 3.297395068991557e-20 8085367.90551412 7508637.233993002 4707537.697000569 1.0865793260516408e-12 13475613.175856868 0.004534347692563327 18183151.872857437 0.0 42918132.11842 9610367.590156695 0.9999999650857575 -1.0603962152799795e-11 13475865.487529486 1.13780846781703e-12 -0.4776113213310407 -4186291.580023374 -471831.37443621794 16815125.87000295 -11553177.604119804 14713890.03905112 -7.592862523483481e-05 -0.12701206041384916 -0.3505992609065876 2.0203573499126313e-06 1.9304751367958305e-13 -4.0884566074139533e-13 3339512.6941460823 5854546.0777504835 5854545.0777504835 19330159.25360735 19330159.25360735
15.0372280342 7.809287133429751e-13 1.991081072707044e-24 2.3697077367057256e-12 3.2215793407463174e-13 1.9014616632364444e-20 10056601.524477895 9346918.935532026 5872262.042696513 7.809287133429751e-13 16761002.540796492 0.004424524069585109 22633265.583493005 0.0 53286790.96710697 11946543.651924605 0.999999982117273 -4.864997293907436e-12 16761254.115631584 8.163650522647691e-13 -0.4761399091744578 -5160777.326343483 -582786.9679199728 20879766.377287213 -14395393.910976928 18289437.244348984 -6.801251810388222e-05 -0.12563045573003973 -0.3505094534395532 1.7178283921925689e-06 1.388797295668914e-13 -2.935146112927324e-13 4118763.8364907224 7303840.6322905645 7303839.6322905645 24064843.173087057 24064843.173087057
15.222185939 5.591694823869001e-13 1.0187811777145303e-24 1.6947548926309838e-12 2.301576133281709e-13 1.0897018541241964e-20 12539811.990275424 11664348.04770343 7343274.194488477 5.591694823869001e-13 20899686.65045904 0.004317394866657581 28242961.844947517 0.0 66327824.11636912 14887998.578829607 0.9999999706907978 -7.133404977821556e-12 20899937.498902168 5.835660905222873e-13 -0.47468479860001445 -6377945.414602574 -721644.3185091717 25992168.91424553 -17981473.50855239 22790951.55494653 -6.0846118337513996e-05 -0.12426429748626155 -0.35042050110661954 1.4576276117646405e-06 9.953802626050265e-14 -2.0993637948067253e-13 5092482.263786492 9134427.53940272 9134426.53940272 30034114.18986176 30034114.18986176
15.4094188261 3.9887586253382847e-13 5.173769214759052e-25 1.2075004658792421e-12 1.6381587337094555e-13 6.205805814838592e-21 15675896.139203519 14593195.089089107 9205772.584340952 3.9887586253382847e-13 26126493.5653392 0.0042128896954878895 35332267.14968015 0.0 82771839.79455431 18600966.486042712 1.0000000055974252 1.2172485241990216e-12 26126743.697656978 4.1559106210585324e-13 -0.4732458396695023 -7902046.620133226 -895857.2028600007 32438741.769666046 -22517490.064957824 28472597.381861404 -5.436645008083374e-05 -0.12291335804848481 -0.35033248162223474 1.2342918520601386e-06 7.1071428824279e-14 -1.4959375587760257e-13 6312248.204326847 11452409.396107975 11452408.396107975 37578902.96144718 37578902.96144718
15.5989546776 2.834484777684136e-13 2.6075163645975636e-25 8.570692058789597e-13 1.1615569953409266e-13 3.511765191355991e-21 19646658.99972774 18304239.303682376 11569925.860438257 2.834484777684136e-13 32744431.6662129 0.004110940523654952 44314358.52665116 0.0 103560358.42218606 23299861.81024851 0.999999962044437 -7.365663634573139e-12 32744681.092487626 2.948442758330317e-13 -0.47182288893988167 -9815326.49326162 -1114984.2757615626 40588543.564757586 -28269699.34606168 35662159.305851236 -4.851504446238241e-05 -0.12157741605080684 -0.35024547288170904 1.042996164399257e-06 5.055184587699087e-14 -1.0619080052389406e-13 7844111.898544686 14394995.998428755 14394994.998428755 47139427.664641656 47139427.664641656
15.7908218202 2.0064676878358352e-13 1.304067400635767e-25 6.059994778004151e-13 8.204620456396003e-14 1.974492727788711e-21 24687299.911695976 23018550.63600654 14578557.099724203 2.0064676878358352e-13 41145499.852826625 0.004011481444255754 55724057.95255083 0.0 129909863.10375449 29261966.316954203 1.0000000145332992 2.5135449277513544e-12 41145748.582974784 2.0837668769178044e-13 -0.4704157911513922 -12223335.404665483 -1391314.9107955596 50918369.01978501 -35583002.26719519 44783463.25597513 -4.3237686418796524e-05 -0.12025625638837742 -0.35015953476552825 8.794883860180325e-07 3.581745577760221e-14 -7.509094937950999e-14 9772869.16695839 18140079.86634378 18140078.86634378 59285579.71917041 59285579.71917041
15.9850489286 1.414787480003867e-13 6.471197658835884e-26 4.2681111460089205e-13 5.77283507626077e-14 1.1029451991670863e-21 31102892.984790925 29023049.938691966 18417306.552958556 1.414787480003867e-13 51838154.974651545 0.003914448677822522 70255462.5276101 0.0 163396245.74789202 36846802.66574359 1.0000000282314592 4.345857007592713e-12 51838403.018419564 1.466948271604644e-13 -0.46902439997752543 -15261884.027431656 -1740690.3254992568 64045819.88924179 -44905344.82098834 56385957.20856882 -3.8484170201536166e-05 -0.11894967012126838 -0.35007472986060284 7.400292639154134e-07 2.527829207614017e-14 -5.289259947986507e-14 12207664.914590243 22918901.224856533 22918900.224856533 74757056.19950807 74757056.19950807
16.1816650304 9.936428310984782e-14 3.1859504063762133e-26 2.994231441781419e-13 4.0458658135240175e-14 6.1204839120943065e-22 39290197.35300053 36691111.57858823 23328103.72575085 9.936428310984782e-14 65483662.25500088 0.0038197803926161445 88811766.98075172 0.0 206066454.9315327 46521761.54570881 1.0000000107263807 1.467714838554457e-12 65483909.62197208 1.0286526490365836e-13 -0.4676485656012661 -19106178.093781438 -2183583.7646822436 80773015.88420647 -56820043.0069599 71183838.36059877 -3.4208063674338556e-05 -0.11765745388289459 -0.3499911117198391 6.213377911694478e-07 1.7769501862461077e-14 -3.7109740176931084e-14 15289353.6292056 29032838.118155777 29032837.118155777 94516500.37315667 94516500.37315667
16.3806995103 6.950695276518008e-14 1.5560395325142076e-26 2.0921844777160353e-13 2.8242568253061312e-14 3.373771537558711e-22 49766599.931309335 46509917.486068666 29627075.996731356 6.950695276518008e-14 82944333.2188489 0.0037274166460900676 112571410.21558025 0.0 260586472.15580443 58896147.9231162 1.0000000417268489 5.068390152018765e-12 82944579.91846226 7.184387455603118e-14 -0.46628813046278905 -23982847.482777003 -2746525.2604935365 102144527.5454997 -72088725.06804663 90107949.94166072 -3.036648148123611e-05 -0.1163794103501361 -0.34990872011772156 5.205414274278225e-07 1.2441027840853254e-14 -2.5932560145556117e-14 19200194.3266508 36875727.06792021 36875726.06792021 119820060.2867691 119820060.2867691
16.5821821142 4.842432365983868e-14 7.538527348892768e-27 1.4559889065850697e-13 1.9635670352083278e-14 1.8471742291737362e-22 63208626.528861836 59116874.9916603 37728423.64241277 4.842432365983868e-14 105347710.8814364 0.0036372993038725552 143076135.52384916 0.0 330438023.2557958 74766317.10368806 0.9999999540319232 -4.949818332988798e-12 105347956.92297937 4.9975400983659333e-14 -0.46494294922514623 -30185829.19187707 -3463985.9582633334 129524368.88414012 -91708539.0907646 114374804.04754834 -2.6919867128191758e-05 -0.1151153477164343 -0.3498276015037623 4.351308815010521e-07 8.674999232105583e-15 -1.8048697895624287e-14 24176658.002703726 46963622.029233366 46963621.029233366 152311332.91066974 152311332.91066974
16.7861429542 3.359808225775496e-14 3.622372673860327e-27 1.0091085212198605e-13 1.3596097916251335e-14 1.0044447886331711e-22 80503327.82577744 75348232.12580721 48176326.46360502 3.359808225775496e-14 134172213.0429624 0.0035493720053823706 182348540.50656742 0.0 420180813.5113063 95176222.14076175 0.9999999430907748 -5.424993787528365e-12 134172458.43558986 3.4621556818948324e-14 -0.4636128697359392 -38097396.56580816 -4380877.04871802 164698599.02101028 -116988560.70972833 145578631.23052683 -2.3831783986863397e-05 -0.11386507986236129 -0.3497477898681529 3.629191421666639e-07 6.024114073220789e-15 -1.2510296401996424e-14 30526385.978047866 59974566.460923016 59974565.460923016 194146779.50388542 194146779.50388542
16.9926125126 2.3214481364571557e-14 1.7262208868857866e-27 6.964939336782206e-14 9.375355393413985e-15 5.424173392382977e-23 102817036.26740727 96304157.78968579 61687704.32166138 2.3214481364571557e-14 171361727.11234546 0.003463579318109128 233049432.43400684 0.0 535802793.5113147 121497826.58107303 1.0000000306107213 2.5797142200190137e-12 171361971.86512655 2.3885734399234642e-14 -0.46229771310870826 -48216079.282361545 -5555872.9299464645 210012434.811783 -149652132.18660718 185814483.4898426 -2.1068715202432334e-05 -0.11262842661204359 -0.3496692864992446 3.02004452854789e-07 4.1658681094559734e-15 -8.635520242845545e-15 38650707.69943752 76801897.87638411 76801896.87638411 248163624.98872957 248163624.98872957
17.2016216465 1.5972567278523475e-14 8.15739644638565e-28 4.787118731698168e-14 6.437892704949109e-15 2.908661159456693e-23 131687627.97434425 123436139.58266155 79209750.2217009 1.5972567278523475e-14 219479379.95724043 0.0033798719446717757 298689131.17894137 0.0 685190575.0931399 155539305.35860685 1.0000000265022804 1.971756091734278e-12 219479624.07902128 1.6410053638359838e-14 -0.46099744037933554 -61193836.15665584 -7065842.82145236 268554046.5135913 -191974418.65163147 237843377.97571206 -1.8599872453546737e-05 -0.11140521428245007 -0.3495922260988574 2.507369363887163e-07 2.868695405910754e-15 -5.935896866428589e-15 49074666.556350894 98625974.24192908 98625973.24192908 318105354.1991695 318105354.1991695
17.4132015927 1.0943067784649414e-14 3.8222005988586957e-28 3.2763149373197073e-14 4.4020966601636414e-15 1.5486991872173266e-23 169148667.0653183 158664524.60693133 101997214.58530179 1.0943067784649414e-14 281914445.10886383 0.0032981805079698116 383911660.6941656 0.0 878759503.0411568 199693559.41548255 0.9999999359745103 -4.199307568342192e-12 281914688.60876244 1.1226337257022514e-14 -0.45971157806512064 -77885685.20824406 -9011777.30181766 344401392.346644 -246967303.58090717 305314227.4625897 -1.639701348598178e-05 -0.11019527253137523 -0.34951630552954605 2.0768858761151532e-07 1.9670108687587524e-15 -4.062920116166343e-15 62486947.23778012 127010518.56900889 127010517.56900889 408924963.6778727 408924963.6778727
17.6273839723 7.464988647509834e-15 1.7755642988982383e-28 2.2326940408626e-14 2.997177943446826e-15 8.186856425102274e-24 217897045.58306038 204537669.12445045 131717715.70905972 7.464988647509834e-15 363161742.638434 0.003218515084132135 494879459.3474937 0.0 1130306730.411811 257123396.71730798 0.9999999480433928 -2.999822612537173e-12 363161985.524884 7.647160720367006e-15 -0.45844065367677267 -99416176.58487372 -11526736.772927225 442955615.1819956 -318630487.7764008 393063886.65229094 -1.4434268334032841e-05 -0.10899845365704983 -0.34944220001672305 1.7162636435171339e-07 1.3429223354091984e-15 -2.768993297137046e-15 79793872.5435616 164033942.41672218 164033941.41672218 527195685.0551562 527195685.0551562
17.8442007952 5.070159957199897e-15 8.176614829339116e-29 1.5148906290183925e-14 2.0317900573480333e-15 4.296399820687594e-24 281519480.75907093 264446517.8247686 170593031.07864004 5.070159957199897e-15 469199134.59845155 0.0031406695438201365 639792166.6770916 0.0 1458168190.6218708 332048477.399983 1.0000000324807412 1.6484591469634324e-12 469199376.8799575 5.186481175902863e-15 -0.45718411378027324 -127268584.49294575 -14786542.988809858 571390218.0453942 -412289258.1507771 507521571.2192215 -1.268797393302564e-05 -0.10781456533700617 -0.34936954844491547 1.4148812032811326e-07 9.128367177542308e-16 -1.878942834159347e-15 102191083.44694269 212465495.72943163 212465494.72943163 681664630.3278832 681664630.3278832
18.063684465 3.4284128995960305e-15 3.732319247819395e-29 1.0233339062073853e-14 1.3713116884727372e-15 2.2381565253251973e-24 364801379.36362743 342916333.5857502 221589808.91110814 3.4284128995960305e-15 608002298.9393791 0.0030649093124347354 829592108.8504872 0.0 1886748495.13171 430114981.4418493 1.00000008388095 3.736566611678427e-12 608002540.6280392 3.502131626561658e-15 -0.4559394069153877 -163405276.30924803 -19024199.375636835 739261032.692068 -535052146.346455 657258409.8448658 -1.1136518193429503e-05 -0.10664354092944871 -0.3492958659896757 1.163611298931428e-07 6.177377935071523e-16 -1.2693709526483754e-15 131258733.75268888 276002945.512221 276002944.512221 884005244.4516001 884005244.4516001
18.2858677839 2.3079126017577012e-15 1.6885113550680166e-29 6.882058978447695e-15 9.214251007296434e-16 1.1572686426827725e-24 474145578.23571354 446010895.2637232 288697429.1257353 2.3079126017577012e-15 790242630.3928559 0.002990713244450914 1078940060.5185912 0.0 2448710351.788681 558752254.401531 1.0000000408704375 1.595612530991275e-12 790242871.4910936 2.3542753454100705e-15 -0.454714986730113 -210430052.42420584 -24549417.88989208 959345071.3148167 -696460353.8195548 853744940.3896044 -9.760187860910828e-06 -0.1054852421853691 -0.3492297445463395 9.546300515781471e-08 4.1617660477398263e-16 -8.537454958024125e-16 169102440.92196092 359619702.30974615 359619701.30974615 1149862332.702602 1149862332.702602
18.5107839576 1.5465947349784634e-15 7.570033104512532e-30 4.607409805291256e-15 6.163444372680624e-16 5.938764909956518e-25 618139335.5005695 581864648.0137808 377270572.6223732 1.5465947349784634e-15 1030232225.8342825 0.0029185789943142987 1407502799.4566557 0.0 3187868510.298614 728092205.6964945 0.9999999171658407 -2.829958489769524e-12 1030232466.3445069 1.5755045383964608e-15 -0.453507393228046 -271806995.6858983 -31775069.80059248 1248753179.8944983 -909316600.8783203 1112353863.0964942 -8.541036277931814e-06 -0.10433915934962976 -0.34916823387558626 7.812471076738077e-08 2.7911686082615486e-16 -5.716176892340005e-16 218520954.06021577 469991429.29232144 469991428.29232144 1500223655.126604 1500223655.126604
18.7384666003 1.0316693004585812e-15 3.362894867385464e-30 3.0704659558495416e-15 4.1039609045090154e-16 3.024378210001087e-25 808347214.301696 761429063.0953622 494513156.06125546 1.0316693004585812e-15 1347245357.1694932 0.002848011538286731 1841758514.2307487 0.0 4162958437.929623 951858057.3303659 0.9999999803327736 -5.870859354217828e-13 1347245597.1051116 1.049529268566624e-15 -0.45230798900272084 -352161005.22051007 -41253232.63135131 1630483697.9412167 -1190851519.8150475 1453762800.1157985 -7.462744273271774e-06 -0.10320528852685672 -0.3491027004752771 6.377562590123481e-08 1.8633161277304625e-16 -3.8097027999957816e-16 283238340.7717237 616098913.0158403 616098912.0158403 1963344270.1853335 1963344270.1853335
18.9689497395 6.849942764376517e-16 1.4801323475869027e-30 2.03676376150047e-15 2.720031084125125e-16 1.5283171713109024e-25 1060379634.3730872 999512960.9222989 650207121.4968319 6.849942764376517e-16 1767299390.621812 0.002779210712382248 2417506513.1186438 0.0 5453355720.524699 1248077538.8403134 1.0000000404492888 1.0533796057643485e-12 1767299629.9853868 6.959189139972771e-16 -0.45112503266539106 -457683599.65136576 -53724386.35440775 2135567625.413201 -1564410479.1191843 1905896219.4913566 -6.5104954286871806e-06 -0.10208337196080379 -0.34904166070564047 5.193027991303884e-08 1.2381498365874824e-16 -2.5273499864553806e-16 368268234.79138887 810139321.7518251 810139320.7518251 2577438712.373637 2577438712.373637
19.2022678213 4.526799248097964e-16 6.453732571841212e-31 1.34473360334634e-15 1.794367393080716e-16 7.662796871506855e-26 1395383811.7923248 1316164605.9807773 857574958.7834685 4.526799248097964e-16 2325639686.3205414 0.0027121001118983264 3183214646.1040096 0.0 7166430376.335447 1641806941.3676803 1.0000000637939037 1.447064690296429e-12 2325639925.1256166 4.592884656513979e-16 -0.4499491738628758 -596691013.111112 -70184787.55509435 2805951766.950878 -2061575666.9487154 2506528025.010027 -5.670858390027298e-06 -0.10097333673819185 -0.348975837126131 4.217671342275541e-08 8.18845423671607e-17 -1.668776191044657e-16 480312080.63033676 1068598629.720149 1068598628.720149 3394238316.0406904 3394238316.0406904
19.4384557155 2.9773384735316523e-16 2.787375878050323e-31 8.836283875570015e-16 1.1781260756126613e-16 3.81167271973532e-26 1842099087.2631516 1738662627.660672 1134659043.300528 2.9773384735316523e-16 3070165145.438586 0.0026465598090908682 4204824189.7391143 0.0 9447739444.59264 2166733552.1519656 1.0000000628762642 1.2403411631112249e-12 3070165383.693975 3.016841036860053e-16 -0.44878562531782284 -780388754.1390163 -91979071.93282792 3698594079.832621 -2725376946.763653 3306993817.432999 -4.931675135416207e-06 -0.09987517891448446 -0.34891044640457863 3.4166251711081195e-08 5.389611542583752e-17 -1.096650166074507e-16 628428934.3940347 1413975422.04463 1413975421.04463 4484140567.483216 4484140567.483216
19.6775487208 1.9488223956360118e-16 1.192347618817195e-31 5.778516011839904e-16 7.69820303193026e-17 1.880856625120942e-26 2439698724.1923766 2304209130.561056 1506096254.2951226 1.9488223956360118e-16 4066164540.3206277 0.0025826394192068588 5572260795.61575 0.0 12495928754.587383 2868320409.1132164 1.000000068034878 1.1652900866465643e-12 4066164778.03272 1.9721232005533357e-16 -0.44763621445850266 -1023921901.8309555 -120927852.17534381 4891031817.035188 -3614532561.549559 4377231890.609279 -4.281958738033149e-06 -0.09878874994317216 -0.34884746451649573 2.7604550896411653e-08 3.5303555025243034e-17 -7.172177716090495e-17 824867276.7145604 1876993416.3893518 1876993415.3893518 5943157956.70998 5943157956.70998
19.9195825701 1.2693970195986524e-16 5.051043590367128e-32 3.760533299737058e-16 5.005852886554517e-17 9.205860268073407e-27 3241757519.7652435 3063700613.1671863 2005619851.8304234 1.2693970195986524e-16 5402929199.60874 0.002520255163155361 7408549052.439163 0.0 16582024302.928911 3810047930.873613 1.0000002863049298 4.250821916684799e-12 5402929436.785436 1.282933237951207e-16 -0.44649936524794076 -1347827176.8971148 -159504136.36597803 6489157233.294323 -4809406177.615213 5812830272.015192 -3.7117969921698046e-06 -0.09771391389251305 -0.3487854513596787 2.2243792056266295e-08 2.3012089027351763e-17 -4.6678832852469e-17 1086228033.6855826 2499721737.81079 2499721736.81079 7902650937.41953 7902650937.41953
20.1645934357 8.227684145931255e-17 2.118739959069721e-32 2.435248127043276e-16 3.2391538947021624e-17 4.4688722519614425e-27 4321787107.809197 4087017914.8236156 2679614465.8166313 8.227684145931255e-17 7202978513.015329 0.0024593750308777203 9882592979.83196 0.0 22077643409.917046 5077458096.713303 1.000000242521855 3.1161739855178894e-12 7202978749.663449 8.304937423057855e-17 -0.44537578842050984 -1780043263.0773249 -211078065.16382045 8638092762.76487 -6420414536.396722 7744893501.415681 -3.2122617603450837e-06 -0.09665053525524889 -0.34872525316837716 1.7875887861330855e-08 1.4926084017965575e-17 -3.0230770884590437e-17 1435114249.7495394 3340011344.341816 3340011343.341816 10542989857.357145 10542989857.357145
20.4126179349 5.3062305394262404e-17 8.799120684855903e-33 1.5691729830553855e-16 2.085562267801034e-17 2.1513551614753526e-27 5780991224.024861 5470411201.116884 3592037892.815504 5.3062305394262404e-17 9634985373.37477 0.002399969686890586 13227023267.190273 0.0 29493918507.672867 6789384897.598803 0.999999817284689 -2.028377465990161e-12 9634985609.501385 5.349389468480757e-17 -0.44426499272559217 -2358704366.6751423 -280257530.68595594 11537365831.382809 -8599718630.348177 10353815733.888348 -2.775324453883791e-06 -0.09559847842175959 -0.3486665143018043 1.4326587419770277e-08 9.632982519185707e-18 -1.9481028702559696e-17 1902380458.008039 4477634698.20558 4477634697.20558 14112620071.580349 14112620071.580349
20.6636931355 3.4048352461599306e-17 3.6175297131806865e-33 1.0060169769144756e-16 1.3360595296334541e-17 1.026980249546975e-27 7759168385.532835 7346905970.379566 4831393437.091133 3.4048352461599306e-17 12931947309.221392 0.002341999118411797 17763340747.312523 0.0 39536080198.053246 9109498093.295097 0.9999997971822977 -1.942002114674324e-12 12931947544.833447 3.428314497166719e-17 -0.443166843341793 -3136035231.9145374 -373363824.83338284 15462244987.316978 -11557739258.710493 13888662786.321144 -2.3937773760324066e-06 -0.0945576129374046 -0.3486092304024463 1.1450375356951142e-08 6.185487268736117e-18 -1.2490535140516996e-17 2530297678.095586 6022985613.85643 6022985612.85643 18954932923.07782 18954932923.07782
20.9178565611 2.1736036743665865e-17 1.472114627002348e-33 6.416813401569126e-17 8.515539858288554e-18 4.860741447815536e-28 10450089524.170046 9900979311.170065 6520562137.163042 2.1736036743665865e-17 17416815873.616745 0.0022854293380599093 23937378011.779785 0.0 53180757620.02946 12264503952.848988 1.0000001001331358 8.255618411112664e-13 17416816108.721054 2.185940707762253e-17 -0.4420812153447997 -4183799928.7704053 -499098091.7094229 20793787187.95445 -15586448496.950138 18694485742.300373 -2.0611606559303606e-06 -0.0935278101097535 -0.34855340523587186 9.126071001325143e-09 3.951465631027628e-18 -7.967635096850492e-18 3376971314.337705 8129347494.513321 8129347493.513321 25546163368.130066 25546163368.130066
21.1751461968 1.380420309321534e-17 5.928879774787484e-34 4.07179107608181e-17 5.399513349074291e-18 2.280801492218481e-28 14123264043.99102 13389342814.270773 8830741003.577984 1.380420309321534e-17 23538773406.651703 0.0022302263955756726 32369514411.229687 0.0 71784919628.91808 16569993393.837883 1.000000097756587 6.927791673660977e-13 23538773641.255 1.3865953591786805e-17 -0.44100792675196065 -5600950658.730909 -669478319.7718451 28061318299.686672 -21092369307.584213 25250964044.767303 -1.771694502041489e-06 -0.09250894375228147 -0.348498983000372 7.253042762329677e-09 2.5112276210496823e-18 -5.056260272535976e-18 4522544893.034969 11010285768.47813 11010285767.47813 34549059175.12984 34549059175.12984
21.435600495 8.720897025724959e-18 2.362921458548403e-34 2.570251268436081e-17 3.405846723732462e-18 1.0608903985823352e-28 19154855155.683052 18170476930.538963 12001274429.815403 8.720897025724959e-18 31924758592.805088 0.002176357201245779 43926033023.62049 0.0 97240706389.3021 22465993294.601627 0.9999998466357936 -9.325873406851315e-13 31924758826.91402 8.749571330379363e-18 -0.43994683257149614 -7524401963.149458 -901161259.042489 38002702997.319244 -28643497842.324787 34227270049.34317 -1.520216505694898e-06 -0.0915008899903609 -0.3484459425802028 5.747961374969285e-09 1.5875583386174878e-18 -3.1919277374632463e-18 6077944404.514158 14964395386.544525 14964395385.544525 46889153979.34961 46889153979.34961
21.6992583811 5.480265342083176e-18 9.317834743334302e-35 1.6138434144199076e-17 2.1369545059246182e-18 4.891077740587335e-29 26071745906.22904 24746745502.957073 16367959034.380112 5.480265342083176e-18 43452909843.715065 0.002123789467511117 59820868879.09518 0.0 132195846446.634 30568934330.466824 0.999999992027958 -4.1522341120980855e-14 43452910077.33618 5.491881559963191e-18 -0.4388977774809666 -10144260721.581398 -1217313931.310591 51650149630.34061 -39036241832.80852 46560233139.52425 -1.3021237279858824e-06 -0.0905035272272371 -0.3483942502536879 4.542023659455379e-09 9.982994788314058e-19 -2.004342908100064e-18 8197239786.625544 20410623829.33065 20410623828.33065 63863533673.045715 63863533673.045715
21.9661592592 3.425342868483142e-18 3.635068108609542e-35 1.0078926465914785e-17 1.3336333791855645e-18 2.234817196416884e-29 35614574620.959656 33824667456.272755 22403594908.81405 3.425342868483142e-18 59357624368.2661 0.0020724917035945954 81761219278.08014 0.0 180368698757.08493 41745025307.19812 1.000000199742979 8.895106873296754e-13 59357624601.40585 3.4286585798210817e-18 -0.4378606144031698 -13725431134.283943 -1650272628.8934727 70452811737.60066 -53391267152.64308 63566102322.81561 -1.1133193072000322e-06 -0.08951673598801782 -0.3483438784160416 3.5785857951131307e-09 6.243828853627495e-19 -1.2518655776309816e-18 11095187369.334568 27938879581.01593 27938879580.01593 87296503949.28203 87296503949.28203
22.2363430181 2.1293135738137398e-18 1.4027619851044662e-35 6.260445404565174e-18 8.277888961297734e-19 1.0118930797576657e-29 48828232397.88469 46401483984.33901 30776286783.146423 2.1293135738137398e-18 81380387329.80782 0.002022433190793358 112156674113.95424 0.0 247000189666.42328 57216073097.318596 1.0000004579761166 1.7406076580073204e-12 81380387562.4726 2.128957543827866e-18 -0.43683519797468184 -18638373339.97498 -2245334323.732175 96452598405.52692 -73291225951.32222 87100925536.55147 -9.501633287264515e-07 -0.08854039884889046 -0.3482947991275321 2.8111518715583173e-09 3.88392858456033e-19 -7.776444557254325e-19 15072211075.719103 38382796189.20288 38382796188.20288 119763183519.0107 119763183519.0107
22.5098500372 1.316373175272973e-18 5.3539049379096456e-36 3.867273711404292e-18 5.109934082587138e-19 4.539767670394691e-30 67192262919.422935 63889949753.77344 42433572905.53662 1.316373175272973e-18 111987104865.7049 0.001973583961832821 154420677772.24152 0.0 339504457069.5725 78711771758.30327 1.0000000344961133 1.1168843627729075e-13 111987105097.90097 1.3146800621204331e-18 -0.4358213855001556 -25403053215.424664 -3066182402.2258215 132537212456.43532 -100979394313.5399 119791539182.08383 -8.094277050561668e-07 -0.08757440030506689 -0.34824698519520036 2.201669662401842e-09 2.4026600643364286e-19 -4.804108670191755e-19 20550107590.730427 52924736215.13631 52924736214.13631 164911841080.8412 164911841080.8412
22.7867211927 8.092684551627614e-19 2.0207527732960682e-36 2.375656261013951e-18 3.1368503890930967e-19 2.0178533882897174e-30 92809455841.025 88298892580.62617 58724271155.42856 8.092684551627614e-19 154682426401.70834 0.0019259147777364537 213406697558.1369 0.0 468409099043.9553 108689900453.89563 1.0000011087646838 3.0524471839044054e-12 154682426633.44193 8.073349343854083e-19 -0.4348190357476922 -34751971879.2312 -4202679777.678742 182805692496.14172 -139647215533.71225 165369489899.0521 -6.882548198713977e-07 -0.08661862681073217 -0.34820040894001253 1.7190911982949184e-09 1.4780347969536697e-19 -2.9513670155647064e-19 28123266094.43337 73247878440.08902 73247878439.08902 227930304841.79736 227930304841.79736
23.0669978633 4.947096502993843e-19 7.541391218632799e-37 1.451146418674294e-18 1.9148069794213506e-19 8.8849002934135e-31 128679627065.16278 122495444863.0714 81575615154.73236 4.947096502993843e-19 214466045108.60464 0.00187939712173803 296041660264.33704 0.0 648719024450.7883 150655992086.19644 0.9999992575009846 -1.7348344982792696e-12 214466045339.88187 4.929897854305935e-19 -0.43382801440895324 -47720894681.17773 -5782103994.052251 253098464916.5495 -193852104434.96667 229155570550.77106 -5.84119697295697e-07 -0.08567296658659496 -0.3481550478206234 1.3381608240589713e-09 9.041037133519541e-20 -1.8029438548964118e-19 38632419807.944855 101757327994.12265 101757327993.12265 316223373102.7273 316223373102.7273
23.350721937 3.0069205926193677e-19 2.7824327729488685e-37 8.813681785037451e-19 1.1621933868124893e-19 3.875001309871302e-31 179098575030.40173 170587331723.9635 113751737119.32376 3.0069205926193677e-19 298497625050.66956 0.0018340031604388311 412249362170.9933 0.0 901902274148.8315 209629038671.61026 0.9999985139321916 -2.9412028368369647e-12 298497625281.49646 2.993244188143632e-19 -0.43284818441552786 -65779945512.5549 -7985405578.745384 351768861716.07465 -270126814029.20874 318765572465.72107 -4.947954650153479e-07 -0.08473730953154607 -0.3481108748810407 1.038398033933991e-09 5.498734673802181e-20 -1.0951140073400473e-19 53271236665.40513 141902782324.08667 141902782323.08667 440400407374.7562 440400407374.7562
23.6379358169 1.817090655803181e-19 1.0147784339364866e-37 5.322199935048384e-19 7.013311741721745e-20 1.6737718002651952e-31 250241682147.97278 238482327797.2448 159232310441.32513 1.817090655803181e-19 417069470246.62134 0.0017897057425404436 576301780688.9465 0.0 1258792597828.288 292822635453.53815 1.0000011477202337 1.9204637879965958e-12 417069470477.0038 1.8069061684277185e-19 -0.4318794127457226 -91023748461.17899 -11070825280.283167 490810435754.9504 -377871622410.86127 445142213820.36945 -4.183218881707555e-07 -0.08381154739824144 -0.34806786534940154 8.032465241081756e-10 3.3249680210820807e-20 -6.613384967418482e-20 73740965508.329 198651215210.77527 198651215209.77527 615720685457.3966 615720685457.3966
23.9286824274 1.0916493556619294e-19 3.657874311016451e-38 3.1950782841453065e-19 4.20753753133762e-20 7.159354369558393e-32 351020935834.24023 334710169299.3568 223769360170.0667 1.0916493556619294e-19 585034893057.0671 0.0017464783950803561 808804253228.1338 0.0 1763848617751.1257 410645032139.6281 0.9999992117847374 -1.112887559884257e-12 585034893287.011 1.0843939238428348e-19 -0.430921573930964 -126448277885.27621 -15408333407.041416 687510563864.9277 -530665671274.1224 624069858683.5458 -3.529767594216177e-07 -0.08289557339167107 -0.34802600053818006 6.193646112518674e-10 1.9987629511891627e-20 -3.970492943653929e-20 102475670807.8606 279182011116.52075 279182011115.52075 864216904173.5879 864216904173.5879
24.2230052213 6.519437893503301e-20 1.302969424939855e-38 1.9067631343510982e-19 2.5093506279683437e-20 3.0321604276524166e-32 494348431171.64856 471634791392.13153 315709268024.5167 6.519437893503301e-20 823914051952.7477 0.0017042952376340702 1139623319978.2644 0.0 2481428120673.971 578173437790.2015 1.0000012934257587 1.5378809337107668e-12 823914052182.2588 6.469414628524715e-20 -0.42997453640993744 -176355535580.34747 -21530046474.17445 966885592627.0277 -748201919354.3572 878406654751.6353 -2.9724993948765294e-07 -0.0819892823421602 -0.3479852540693151 4.760354728723023e-10 1.194408076078802e-20 -2.369679637999411e-20 142971540674.28006 393913219493.9785 393913219492.9785 1217827271446.726 1217827271446.726
24.5209481855 3.870131004030447e-20 4.5858905970884655e-39 1.13111030161957e-19 1.4876172071569194e-20 1.2713877765718116e-32 699006566182.5936 667249396169.3844 447211152698.4934 3.870131004030447e-20 1165010943637.656 0.00166313110544906 1612222096337.1494 0.0 3505067963717.5757 817335628395.887 1.0000002026507484 2.0250467969162855e-13 1165010943866.7402 3.836519070734325e-20 -0.42903817744259354 -246947416302.14575 -30204325306.860214 1365281243269.7754 -1059153710260.2924 1241387025518.4036 -2.498198516442547e-07 -0.08109257060591094 -0.34794560683688525 3.6467860038298586e-10 7.094632949490645e-21 -1.4058127414706472e-20 200270299632.11932 558022743353.7795 558022743352.7795 1723033686991.4355 1723033686991.4355
24.8225558482 2.283481056003263e-20 1.5945293236479173e-39 6.669200689259298e-20 8.765670431099112e-21 5.277127774176041e-33 992427410850.7932 947845254272.9003 636059956383.0479 2.283481056003263e-20 1654045684751.322 0.0016229613380292012 2290105641135.37 0.0 4971264880068.81 1160151826107.4216 1.000001518045019 1.2723155862204294e-12 1654045684979.9846 2.2613710954730098e-20 -0.42811237375769884 -347200700551.55884 -42545114029.425316 1935717325563.4238 -1505438496158.3455 1761527447273.6658 -2.0953224284848752e-07 -0.08020533597097443 -0.34790703778799664 2.784464503502256e-10 4.188520363472834e-21 -8.289447714235658e-21 281671640812.1017 793712137115.5012 793712137114.5012 2447757821866.823 2447757821866.823
25.1278732851 1.3390373907662821e-20 5.4764008526344e-40 3.908143356766957e-20 5.133462513072567e-21 2.167985776236366e-33 1414840099076.7158 1351995732492.136 908375555054.0569 1.3390373907662821e-20 2358066831794.5264 0.001583761985351805 3266442386849.583 0.0 7080023616061.816 1653571642528.4536 0.9999991210319191 -6.166178678768119e-13 2358066832022.7734 1.3247552591146523e-20 -0.42719700493355006 -490161485464.9883 -60173934047.32057 2755854299019.1934 -2148585609845.9272 2509943668925.5557 -1.7538103369763284e-07 -0.07932747766704823 -0.3478695272658851 2.1189256303476213e-10 2.4576055150321337e-21 -4.8579300573857456e-21 397787467224.6671 1133589316853.6138 1133589316852.6138 3491656148648.14 3491656148648.14
25.4369461265 7.80330259424396e-21 1.8575716934941814e-40 2.2759457603148363e-20 2.987677886718452e-21 8.814533549667762e-34 2025485155121.8916 1936528246920.6394 1302677355939.3599 7.80330259424396e-21 3375808591869.8193 0.0015455095835977964 4678485947810.18 0.0 10125622940837.45 2366720030118.5356 0.9999983213041298 -9.836575998178887e-13 3375808592097.656 7.712508320378574e-21 -0.42629195270168974 -694867976768.9492 -85460874559.74602 3939916913952.642 -3079285564532.312 3591309806775.9673 -1.464910887569899e-07 -0.07845889625100358 -0.3478330564497026 1.6069941935292047e-10 1.4330175104702633e-21 -2.8292499273578366e-21 564108322082.8229 1625744008342.0825 1625744008341.0825 5001552600211.902 5001552600211.902
25.7498205639 4.518779450373417e-21 6.221806490156819e-41 1.3170871016707118e-20 1.7279122172072958e-21 3.5462593724297787e-34 2911964802772.413 2785513473528.632 1876008011141.5332 4.518779450373417e-21 4853274671287.355 0.0015081813193343868 6729282682429.889 0.0 14542872981725.785 3401799134929.9927 1.0000029073452255 1.4199752484955752e-12 4853274671514.787 4.461883721036265e-21 -0.4253970997579921 -989218540150.2672 -121884590351.44087 5656615177034.927 -4431770240474.75 5160340596357.018 -1.221027482720993e-07 -0.07759949369478716 -0.34779760606462484 1.214560547965659e-10 8.303193011423489e-22 -1.637390292858885e-21 803340505747.5714 2341394731580.0586 2341394731579.0586 7194669402867.414 7194669402867.414
26.0665433568 2.600081025727691e-21 2.0575010838587558e-41 7.573459136102292e-21 9.929790693861552e-22 1.4116056613429344e-34 4204371297703.729 4023853479500.038 2713198402290.8564 2.600081025727691e-21 7007285496172.882 0.001471754872925349 9720483898464.738 0.0 20976959519265.234 4910557631929.19 0.9999987619622643 -5.029310301551959e-13 7007285496399.913 2.5648943430848533e-21 -0.4245123341730215 -1414267696996.3423 -174572334988.14053 8156193276738.651 -6405559435493.912 7446685315059.408 -1.0155797156919792e-07 -0.07674917318867125 -0.34776316098384724 9.147696810325628e-11 4.78034460827548e-22 -9.415859925298874e-22 1148907780565.7695 3386458937638.213 3386458937637.213 10393744433811.094 10393744433811.094
26.3871618401 1.4864192721621084e-21 6.716570324157358e-42 4.326800702912207e-21 5.669628522339155e-22 5.558668828967481e-35 6096726338863.508 5837909447443.968 3940944936744.3633 1.4864192721621084e-21 10161210564772.514 0.0014362085221758323 14102155501517.877 0.0 30389354351625.445 7119280439782.199 1.0000002687045446 9.059419880941277e-14 10161210564999.15 1.4649234867056383e-21 -0.42363754179276714 -2030688408844.5522 -251113510250.3615 11811430721144.275 -9298487593374.043 10792687264933.87 -8.428795166708317e-08 -0.0759078392127356 -0.34772970258012204 6.865517747365528e-11 2.7343834065012985e-22 -5.379727330905742e-22 1650220156371.7617 4919133502344.676 4919133502343.676 15080344067117.19 15080344067117.19
26.7117239307 8.442085114586129e-22 2.1640604937746833e-42 2.4558255066120565e-21 3.2161060358908033e-22 2.165134094406863e-35 8879655864412.107 8506951762096.847 5749291524049.133 8.442085114586129e-22 14799426440686.846 0.0014015210370310308 20548717964736.977 0.0 44219113160312.67 10366868233531.766 0.9999943162725285 -1.5869527913991988e-12 14799426440913.094 8.312273317157291e-22 -0.42277261329802185 -2928534900654.62 -362790537787.42487 17180062313657.402 -13557079432969.31 15710906493218.188 -6.980206961733031e-08 -0.07507539747248686 -0.34769721582394797 5.134341104244704e-11 1.5538569178955972e-22 -3.0536427960842497e-22 2380635872970.5576 7176723704594.727 7176723704593.727 21976150145281.57 21976150145281.57
27.0402781351 4.762959563354409e-22 6.88073962203446e-43 1.3846847012322502e-21 1.8123083173418082e-22 8.340589472167073e-36 12990406673839.111 12451320489873.703 8424554164402.141 4.762959563354409e-22 21650677789731.85 0.001367671728931077 30075231954134.992 0.0 64629607165515.02 15163119802280.02 1.000004385816692 1.0118572646433677e-12 21650677789957.715 4.685423489058561e-22 -0.4219174401987673 -4242056067782.054 -526449238174.8584 25100223223680.12 -19853723843180.49 22972134176480.438 -5.767806589788606e-08 -0.07425175488977763 -0.34766568531000147 3.8258391793682597e-11 8.77160163884898e-23 -1.721863283439221e-22 3449545433948.2695 10516764634106.754 10516764634105.754 32167442423838.605 32167442423838.605
27.3728735561 2.6692374681271985e-22 2.15860629025073e-43 7.7551711778550775e-22 1.0144346388499931e-22 3.177219910773176e-36 19089748807026.812 18306502372307.914 12400007039163.05 2.6692374681271985e-22 31816248011711.355 0.001334640427942782 44216255050875.41 0.0 94887616612029.98 22278333964389.457 0.9999896620945705 -1.9664270212160773e-12 31816248011936.844 2.6234111928928856e-22 -0.42107191712740755 -6172271499245.442 -767353511694.6149 36837040955085.71 -29205426562648.36 33740660113720.33 -4.755331470906434e-08 -0.07343681951617786 -0.3476350976092633 2.8404008374977306e-11 4.9184408031935045e-23 -9.644193048970426e-23 5020792943374.356 15480328530349.047 15480328530348.047 47296576542060.41 47296576542060.41
27.7095599009 1.4857461758840537e-22 6.680548979054873e-44 4.314027218073444e-22 5.639884015117883e-23 1.1966751978401122e-36 28180747242531.32 27037582289621.254 18334261025037.875 1.4857461758840537e-22 46967912070885.54 0.0013024074224608408 65302173095924.414 0.0 139948417561671.08 32881674343421.1 1.0000055558154757 8.693046282814976e-13 46967912071110.66 1.4589360112769665e-22 -0.42023593828695927 -9021531695270.812 -1123561766839.6416 54308795417564.64 -43157362227851.984 49783097001677.91 -3.9117095269625065e-08 -0.07263050055858819 -0.34760543772924046 2.100987536825722e-11 2.7391804448157774e-23 -5.365174079668127e-23 7340883346679.1045 22889924097697.89 22889924097696.89 69857836168583.43 69857836168583.43
28.0503874877 8.213204102426072e-23 2.0392862384775205e-44 2.38335546656059e-22 3.1141089422432883e-23 4.455771867343022e-37 41793032953905.555 40116878806596.97 27233015194059.11 8.213204102426072e-23 69655054923175.93 0.0012709535512652576 96888070117236.03 0.0 207362908388068.47 48755817228736.695 1.0000134319588538 1.7248424910576432e-12 69655054923400.67 8.057900814148054e-23 -0.41940940187706777 -13246663438022.916 -1652666612730.9407 80437424895998.08 -64067874432147.28 73792228288267.47 -3.210376215450808e-08 -0.07183270837996378 -0.34757669349882897 1.548237313524802e-11 1.5150327135196906e-23 -2.9642572122109475e-23 10782369972822.145 34001577249131.14 34001577249130.14 103656632172307.06 103656632172307.06
28.3954072538 4.5087301007613637e-23 6.138999051544064e-45 1.30759184896485e-22 1.7075676413111718e-23 1.6399312903836747e-37 62270010461046.766 59800913152538.02 40639050767052.266 4.5087301007613637e-23 103783350768411.28 0.0012402600682729422 144422401535464.56 0.0 308690520275406.25 72631460134684.98 1.000016752841951 1.7614798508702734e-12 103783350768635.66 4.419634663745316e-23 -0.41859220824621324 -19541068846372.633 -2442221446235.117 119694247734539.92 -95553026406715.47 109891548672517.33 -2.628672430331356e-08 -0.07104335437275802 -0.3475488538752167 1.1365812572018784e-11 8.32136614127282e-24 -1.6263915113356203e-23 15910896966128.633 50742163345916.59 50742163345915.59 154525514114327.88 154525514114327.88
28.744670763 2.4577181486642097e-23 1.822197272828192e-45 7.123535204472405e-23 9.297475038795769e-24 5.965159339731674e-38 93218590149281.94 89564269771788.31 60930095568000.8 2.4577181486642097e-23 155364316915469.9 0.0012103087541889994 216294412483471.7 0.0 461710182455987.7 108711073776778.78 1.000009234214164 7.931433287922118e-13 155364316915693.94 2.407088922084852e-23 -0.4177842568594644 -28962139969253.496 -3625945500350.6475 178953589624320.5 -143183248990491.16 164424980246733.2 -2.1473149589418158e-08 -0.07026235103351713 -0.34752190582674036 8.311632839703442e-12 4.538382764461168e-24 -8.860821798930178e-24 23589272708850.6 76081501029364.19 76081501029363.19 231445817944834.1 231445817944834.1
29.0982302134 1.3301733778144918e-23 5.332070075031365e-46 3.8531952065791224e-23 5.026401301049071e-24 2.1441196028879872e-38 140216735823405.19 134782425431950.84 91788003443734.94 1.3301733778144918e-23 233694559705675.3 0.00118108179425928 325482563149411.25 0.0 693896467871295.4 163492789639239.38 1.0000203658698095 1.425526363618701e-12 233694559705898.97 1.301671133377355e-23 -0.4169854517969114 -43129928961349.414 -5409027836985.567 268834347747361.16 -215580191734160.78 247198784470689.03 -1.749931872454019e-08 -0.06948961193194314 -0.34749583986639393 6.05449415873707e-12 2.457557216900355e-24 -4.7931903853469206e-24 35139788041685.84 114618476207679.28 114618476207678.28 348313035913354.6 348313035913354.6
29.456138445 7.147339586788516e-24 1.5378790425628471e-46 2.06923647613227e-23 2.6978382380469765e-24 7.614521483961278e-39 211931937612386.3 203811540931111.56 138941294495231.25 7.147339586788516e-24 353219896020643.9 0.0011525618917620445 492161190515876.1 0.0 1047911016070494.4 247072664812373.88 1.0000066489466255 3.7836400679225335e-13 353219896020867.2 6.988361927341692e-24 -0.4161956976788459 -64538393950061.91 -8107826675681.649 405818470802647.75 -326151907083061.3 373443923672320.9 -1.4226558795036194e-08 -0.06872505166297554 -0.3474706460162486 0.0 1.3211857099635893e-24 -2.5741790081677684e-24 52598574782003.84 173508698182341.06 173508698182340.06 526728594202984.94 526728594202984.94
29.8184489479 3.812428871534873e-24 4.371159749909247e-47 1.103123292457689e-23 1.437481831102215e-24 2.6713953835182617e-39 321897809336278.2 309704237136790.4 211345994620603.5 3.812428871534873e-24 536496348893797.0 0.0011247321687596096 747842343514401.5 0.0 1590319550156656.5 375212991045284.1 1.0000313465169255 1.446620601086579e-12 536496348894020.0 3.724565408484501e-24 -0.41541490060561737 -97045355187775.7 -12212452600098.826 615612460631867.1 -495851108228837.56 566931806302472.9 -1.1537692870428704e-08 -0.06796858591643878 -0.3474463146906252 0.0 7.050875071015774e-25 -1.3723893450756494e-24 79116111738070.16 263939778982835.62 263939778982834.62 800436127876632.6 800436127876632.6
30.1852158699 2.0185566633583627e-24 1.224167039537962e-47 5.83745381511087e-24 7.602862873857205e-25 9.2569978590114e-40 491349860443784.1 472949268003904.56 323072654166033.6 2.0185566633583627e-24 818916434072973.6 0.0010975761709645132 1141989088239008.2 0.0 2425496989989179.5 572643320955964.0 0.9999756585731375 -9.088285679581531e-13 818916434073196.2 1.9704370702557945e-24 -0.4146429701630254 -146647525602625.22 -18485906172114.953 938507353322308.2 -757581125940041.5 864945524538913.2 -9.333947900223267e-09 -0.06722013144989086 -0.34742283871222573 0.0 3.7350964749615303e-25 -7.262750419924483e-25 119590919249334.53 403488963900486.4 403488963900485.4 1222405397973460.0 1222405397973460.0
30.5564940251 1.0607723922724136e-24 3.377338169527618e-48 3.0659742568757365e-24 3.991171828231604e-25 3.1679058690646034e-40 753774315407051.6 725867745980652.1 496336746020632.0 1.0607723922724136e-24 1256290525678419.5 0.0010710779020506017 1752627271699052.5 0.0 3717918383347703.0 878355158932188.1 0.9999705070161051 -8.886225089099753e-13 1256290525678641.8 1.0346570969245073e-24 -0.4138798156628234 -222712521585641.16 -28121893902190.23 1437967665545182.2 -1163268627590421.0 1326250847374268.0 -7.53226851252019e-09 -0.06647960620248129 -0.3474002094594535 0.0 1.9638147307157e-25 -3.8147867440803974e-25 181677139866762.9 619909432882095.5 619909432882094.5 1876199958560515.0 1876199958560515.0
30.9323389016 5.532293942749374e-25 9.177357518983756e-49 1.598154906989433e-24 2.07937021518775e-25 1.070476981833224e-40 1162241379920352.8 1119702899346241.4 766389583850384.5 5.532293942749374e-25 1937068966533921.2 0.0010452218102572333 2703458550384307.0 0.0 5728072277909334.0 1354136812126108.5 0.9999502593418197 -1.206368338557695e-12 1937068966534143.5 5.391838687145221e-25 -0.4131253491019591 -339947068809968.9 -42997305041755.984 2214463558472762.0 -1795274031286883.2 2043941177036777.0 -6.062989364619728e-09 -0.0657469295042564 -0.34737841959649646 0.0 1.024704919966068e-25 -1.98858634087744e-25 277394591938840.8 957241432890252.2 957241432890251.2 2894310399424173.5 2894310399424173.5
31.3128066701 2.863184022807985e-25 2.455773801029273e-49 8.266729878879857e-25 1.0750545360954908e-25 3.571226191048302e-41 1801287375835718.5 1736111653947050.5 1189452007533122.5 2.863184022807985e-25 3002145626392864.5 0.001019992791485232 4191597633925988.0 0.0 8870616059117838.0 2098399483148120.8 0.9999582528321321 -8.129052986305396e-13 3002145626393086.0 2.7883230848585197e-25 -0.41237949320459344 -521557195152435.94 -66078165401221.164 3427860151837199.5 -2784893220097303.0 3166241793479795.0 -4.867823370002952e-09 -0.0650220223720391 -0.34735747083174157 0.0 5.305862393767058e-26 -1.028686089959395e-25 425714525444335.06 1485725661137573.5 1485725661137572.5 4487871287530438.0 4487871287530438.0
31.6979541922 1.4703236144699013e-25 6.469996441678486e-50 4.242987691035784e-25 5.515121991997069e-26 1.1760437423838001e-41 2806266406594286.5 2705886399962084.0 1855649175331614.0 1.4703236144699013e-25 4677110677657144.0 0.0009953759130235129 6532759852988759.0 0.0 1.3809031791123028e+16 3268708850090746.5 1.0000812627012599 1.2669865157022286e-12 4677110677657365.0 1.4307828212795238e-25 -0.41164211778921767 -804348246854889.4 -102075697374344.64 5333843823765024.0 -4342510655549804.0 4930378134638084.0 -3.898127454541842e-09 -0.0643048083413977 -0.3473373094490869 0.0 2.726029683973283e-26 -5.280124358062673e-26 656733146107880.8 2317966233507365.0 2317966233507364.0 6995076911164509.0 6995076911164509.0
32.0878390287 7.491251829550167e-26 1.6779577571463414e-50 2.1606838936539833e-25 2.807138774204743e-26 3.822310083031479e-42 4395031314346423.0 4239616580126478.5 2910212675323401.0 7.491251829550167e-26 7325052190577372.0 0.0009713582846685478 1.0235264865900774e+16 0.0 2.1610472887207668e+16 5118584476320429.0 0.999920646362585 -9.883205365213144e-13 7325052190577593.0 7.284286048465832e-26 -0.4109133546106085 -1246998075522451.8 -158512057123100.2 8343497607361334.0 -6807003076510888.0 7718001653367735.0 -3.1134114839151388e-09 -0.06359521491044778 -0.3473181396991725 0.0 1.3895722879339703e-26 -2.688974000954264e-26 1018445416783961.8 3635425325911546.0 3635425325911545.0 1.0960477516488918e+16 1.0960477516488918e+16
32.4825194488 3.7864412059825604e-26 4.28285939477915e-51 1.091566918507033e-25 1.417471966177385e-26 1.2258969116825626e-42 6920060821953250.0 6678173189592511.0 4588442907311878.0 3.7864412059825604e-26 1.1533434703255418e+16 0.0009485867073227197 1.6121877610567298e+16 0.0 3.4000695968820064e+16 8058321779597978.0 1.0000632135596113 6.270539643082884e-13 1.1533434703255642e+16 3.6790899687936486e-26 -0.4101947319544019 -1943546715387947.5 -247460638682091.66 1.3121253153486064e+16 -1.0727142595386286e+16 1.2146376144160066e+16 -2.4800596696049565e-09 -0.06289312964611188 -0.3473016023089171 0.0 7.0269833444637e-27 -1.3585280621040845e-26 1587818450230646.8 5732116034796969.0 5732116034796968.0 1.7265550738052388e+16 1.7265550738052388e+16
32.882054438 1.898455062061628e-26 1.0756548990019595e-51 5.470225452549233e-26 7.100096081922832e-27 3.879143008783483e-43 1.0954640019796968e+16 1.0576225419177162e+16 7273626828101892.0 1.898455062061628e-26 1.825773336632828e+16 0.0009302410077132127 2.5531360194430172e+16 0.0 5.378368708325036e+16 1.2756069960226366e+16 0.9999930408585381 -5.484501741648273e-14 1.82577333663285e+16 1.8432685507268652e-26 -0.40948739485297136 -3045503288330491.5 -388402999699863.94 2.0746713136514936e+16 -1.699635136426226e+16 1.92191130687356e+16 -1.9702371237218375e-09 -0.06219828126227168 -0.3472891135906449 0.0 3.524972362732421e-27 -6.808423328638213e-27 2488979770186655.0 9086987395800776.0 9086987395800776.0 2.7344720762129056e+16 2.7344720762129056e+16
33.2865037076 9.440997113828148e-27 2.6575590393482078e-52 2.719205970755092e-26 3.52752441839857e-27 1.2108723517059954e-43 1.7435241089435532e+16 1.6842439875623606e+16 1.1597657368888708e+16 9.440997113828148e-27 2.905873514905922e+16 0.0009408457112288505 4.065639251794793e+16 0.0 8.554682583945202e+16 2.029902938266906e+16 1.0000569384025564 3.554934124849751e-13 2.9058735149059436e+16 9.159767507589577e-27 -0.4088634830642124 -4798170889217107.0 -612944130783110.2 3.2985058443521412e+16 -2.708273110301946e+16 3.0578393665956816e+16 -1.5609572613976986e-09 -0.061508962075449314 -0.3473545209891187 0.0 1.754538746323715e-27 -3.384651331446607e-27 3926323294462190.0 1.4489873716678304e+16 1.4489873716678304e+16 4.354860886573752e+16 4.354860886573752e+16
33.6959277032 4.656279411233918e-27 6.453867957441468e-53 1.340803572682933e-26 1.738155579679414e-27 3.727923373569026e-44 2.788530049439964e+16 2.6974875252048424e+16 1.8632610938774816e+16 4.656279411233918e-27 4.64755008239994e+16 0.0011993527417623895 6.5108111762774216e+16 0.0 1.3672990611287632e+17 3.2702377353486732e+16 1.0000488389642022 2.4091839634365897e-13 4.647550082399962e+16 4.512917565038296e-27 -0.4086068980841683 -7599222015123102.0 -972637420888568.2 5.273559226579525e+16 -4.344075001616202e+16 4.892441358580472e+16 -1.2332886513597774e-09 -0.060810357009344694 -0.3477965410750644 0.0 8.67956166704717e-28 -1.669216474771967e-27 6260091441795848.0 2.328256457357803e+16 2.328256457357803e+16 6.975806539757743e+16 6.975806539757743e+16
34.1103876139 2.277284253892048e-27 1.5295549814829053e-53 6.61993092441262e-27 8.493200145621112e-28 1.13178515583866e-44 4.450872148700308e+16 4.386829220807732e+16 3.154624714831541e+16 2.277284253892048e-27 7.418120247833846e+16 0.004280614715969668 1.0572744962665387e+17 0.0 2.177333871133985e+17 5.760664603889746e+16 0.9996684194121311 -1.2891909761947318e-12 7.418120247833866e+16 2.2043567290208802e-27 -0.41799178711442275 -1.2064567439720498e+16 -1552043553443193.8 8.530030980657954e+16 -7.204643821525258e+16 7.926162016341046e+16 -9.716819570532662e-10 -0.0599289358739427 -0.3580628512391909 0.0 4.469553601004414e-28 -8.26041708849071e-28 1.1119107328241066e+16 3.949118415228238e+16 3.949118415228238e+16 1.1367238663062085e+17 1.1367238663062085e+17
34.5299453816 1.1043474874391096e-27 3.037892024704831e-54 3.635261888225602e-27 4.112560559459584e-28 3.387751143165132e-45 6.089986770606762e+16 8.047953645207594e+16 8.862138810673525e+16 1.1043474874391096e-27 1.014997795101127e+17 0.06103157081097765 1.9012116761684794e+17 0.0 3.2914959067469216e+17 1.473386227674454e+17 1.0000677753763147 2.0694557179012918e-13 1.0149977951011278e+17 1.0345148647678143e-27 -0.566860579308902 -1.8031219142111564e+16 -2490639478047176.0 1.4823789713835e+17 -1.667653419968071e+17 1.3951733123791094e+17 -7.634026090313591e-10 -0.05528294236432651 -0.5115776369447824 0.0 3.81647991147122e-28 -4.676739450636166e-28 4.673811762823733e+16 1.1265526156403366e+17 1.1265526156403366e+17 2.1415504107414637e+17 2.1415504107414637e+17
