# r(1) ntot(2) grad2ntot(3) laplntot(4) tauk(5) tautf(6)  ptot(7) qtot(8) z(9) denstest(10) Fvw(11) vp(12) Fmggaus(13) Fcurvefit(14) divgradgrad2(15) divgradlapl(16) Har-dep-ind(17) vesp(18) Fmggapc(19) vpstitch4(20) vpts(21)  FxcPW91lb(22) FxcPW91lda(23) Fs1(24)  Fvw_ts(25) Fs(26) vxlda(27)  vcpw91(28) vw(29) Vresp(30) taupusbigZ(31) taurespts(32) Fpauli(33) FgeapauliusbigZ(34) zusbigZ(35) FmggausbigZ(36) FbigZnuc(37) 
0.003125 3.482431644832802 194.0291325767351 -8870.042843520565 6.964570686920981 22.97239397472688 0.181902785340131 -28.958810909995787 -64.62239874123529 3.482431644832802 0.3031713089002183 -1.808174937774563e-08 -63.31922743233507 0.0 -9027.819942815127 -40064487.075224735 0.006983971085592407 -636.6876280337874 0.3031713089002183 1.5362695278225723e-05 -0.3164356730788995 -0.3636312751436076 -0.20398336169800954 53.77730135469881 96.83254100888618 5.738665344918559 -1.1194703383388198 -2.399502515868697 638.7706948765772 0.0 -1891.5427509193614 1227.3268176147074 53.474130045798596 -82.33981852306492 -83.33981852306492 0.30317131099884465 0.13632105125903382
0.0032021875 3.481356631653367 193.91023301647272 -8638.008130537273 6.962452223634184 22.9605760423312 0.18194105018242668 -28.21578206905121 -62.97128022779147 3.481356631653367 0.30323508363737783 7.777286535837282e-09 -61.66804514415409 0.0 740.9289292054907 -1187049.3924497257 0.007155422656371382 -621.2606774076887 0.30323508363737783 1.659347938731391e-05 -1.3546236157668545 -0.36357143823211413 -0.2038933552711066 52.54780889313094 94.35584198047475 5.67981802510566 -1.1193551344291508 -2.398614776888094 622.30466856881 0.0 -1841.6813626169394 1194.8495821920649 52.244573809493566 -80.21059050180313 -81.21059050180313 0.30323508655639086 0.13638482716372624
0.00328128153125 3.480255411047464 193.7859335264539 -8430.628196209234 6.960190785375315 22.94847252635878 0.1819778843545163 -27.55290636400447 -61.49827767460923 3.480255411047464 0.30329647392419384 -3.969691356391473e-09 -60.194981200685035 0.0 -467.00168132809614 2295673.8005117015 0.007331056890983931 -606.2055877661712 0.30329647392419384 1.7804585592385605e-05 -0.999268262543751 -0.36351206760324917 -0.20380391986452503 51.25666150140887 92.14631768727243 5.530176698153509 -1.1192370974047248 -2.3977181595324533 607.6040376631599 0.0 -1797.1190947530179 1165.82418902892 50.953365027484686 -78.31105502507123 -79.31105502507123 0.3032964776308228 0.1364462177817518
0.00336232918507 3.4791273528350923 193.66026905996944 -8219.737386112269 6.95793260928113 22.93607668525491 0.18201716091603126 -26.878193355306554 -59.99897362055683 3.4791273528350923 0.30336193486005214 2.283236003809611e-09 -58.69561168569678 0.0 -944.5363914863544 -563930.7377162883 0.007510974524756394 -591.5133955564442 0.30336193486005214 1.9161186874294625e-05 -1.26382348324114 -0.36345457762875666 -0.20371506909788048 50.037433139842605 89.8973397858819 5.425351151140357 -1.1191161579058655 -2.3968216982688806 592.6463937714718 0.0 -1751.8025376225044 1136.3074685254837 49.73407120498255 -76.37760204859704 -77.37760204859704 0.3033619379132818 0.13651167952584853
0.00344537871594 3.477971823177143 193.52280692158715 -8015.186341767012 6.95530386032482 22.923381747774535 0.18204915684369988 -26.22383478349071 -58.544890862340395 3.477971823177143 0.3034152614061665 -1.434610787330354e-09 -57.24147560093423 0.0 -360.8945022583548 -642620.8265411872 0.007695278662945301 -577.1753532885755 0.3034152614061665 2.0612032064906704e-05 -1.4320435071095972 -0.3633955016451717 -0.2036268166672398 48.84158859998934 87.71619787304186 5.316988760521636 -1.118992246076418 -2.395902246490177 578.1392120279561 0.0 -1707.8484417220536 1107.678470160286 48.53817333858318 -74.50246479832131 -75.50246479832131 0.30341526511933503 0.13656500677728234
0.00353047957023 3.476788181396118 193.3815023501009 -7818.629467511 6.952591456332368 22.91038087847563 0.18208142823593718 -25.595262391043306 -57.14811113303837 3.476788181396118 0.3034690470598953 9.67019292709347e-10 -55.84464208597848 0.0 -252.3543162251089 205103.73264447087 0.007884074831800125 -563.1829243275663 0.3034690470598953 2.214679441802416e-05 -1.3761570568311754 -0.36333757670727873 -0.20353917641881183 47.65988191158071 85.62101035053756 5.196403436748419 -1.1188652912185406 -2.3949775542912684 564.2017448250264 0.0 -1665.6127250357135 1080.1688495209653 47.35641286452082 -72.70122368854031 -73.70122368854031 0.3034690512735788 0.13661879327431814
0.00361768241561 3.475575747825831 193.2385905880085 -7626.082869107622 6.949876960815983 22.897066825171954 0.18211617277136924 -24.97945346232252 -55.779698320378 3.475575747825831 0.30352695461894874 -6.718374516886121e-10 -54.47617136575906 0.0 -382.15289436194166 57253.840690660225 0.008077471008055741 -549.527777815469 0.30352695461894874 2.3801821818347692e-05 -1.374026881138775 -0.3632816176855723 -0.2034521630812872 46.51016199119487 83.56837182902733 5.082262745910743 -1.1187352183384505 -2.394052674047648 550.5478036083778 0.0 -1624.2392394624876 1053.2208760410479 46.206635036575925 -70.93656370329826 -71.93656370329826 0.30352695924460216 0.13667670159398804
0.00370703917128 3.4743338331411366 193.09187563057233 -7437.950454916375 6.947082697304534 22.883432241794598 0.18215141740156182 -24.377736618542315 -54.442601992911165 3.4743338331411366 0.30358569566926974 2.529188877069951e-10 -53.139016297241895 0.0 -321.55200781837476 -92011.456915389 0.008275577694490199 -536.2017837011954 0.30358569566926974 2.5581838607411433e-05 -1.3884127953247116 -0.36322694246909326 -0.20336579159878074 45.38925688192425 81.56270775747701 4.971986535979475 -1.1186019512851415 -2.393122788513563 537.2064936943842 0.0 -1583.8147132299525 1026.8910924643112 45.08567118625497 -69.21228845807723 -70.21228845807723 0.3035857008199587 0.13673544394709736
0.00379860303881 3.4730617310925997 192.94224817922623 -7254.6957320352785 6.944241965467991 22.86946960920884 0.18218809839481842 -23.791639648850996 -53.14021862469824 3.4730617310925997 0.3036468306580307 -5.7132666095031583e-11 -51.83657179404021 0.0 -309.60294698199027 38922.59997425389 0.008478507969976562 -523.1970079113779 0.3036468306580307 2.74907784776403e-05 -1.3779065260766856 -0.36317391414736416 -0.20328007729730152 44.293733617264365 79.60911232682801 4.862715390836551 -1.1184654119648803 -2.392189958988572 524.2112913442897 0.0 -1544.4388132051247 1001.2443987947786 43.990086786606334 -67.53277796102566 -68.53277796102566 0.3036468364838347 0.1367965798764983
0.00389242853387 3.471758719109328 192.78931893061068 -7075.6723860910415 6.941342073604907 22.855171242499217 0.1822259479033335 -23.219052849187868 -51.867859587681686 3.471758719109328 0.3037099131722225 2.647835690106555e-12 -50.564149674509466 0.0 -317.87810810216956 -3334.410713021149 0.00868637754657033 -510.50570761817517 0.3037099131722225 2.9543483275344064e-05 -1.381161017632735 -0.3631224641637774 -0.20319503587204 43.22552229734555 77.70055274379845 4.756992708916573 -1.1183255203991567 -2.3912533948986736 511.51579999544117 0.0 -1505.972621295178 976.1903146197932 42.92181238417332 -65.89198590185228 -66.89198590185228 0.3037099192744578 0.13685966384316783
0.00398857151865 3.470424057916538 192.63308162565215 -6901.042691171883 6.938384128702152 22.840529287464392 0.18226506158451744 -22.660516983814148 -50.62672672193443 3.470424057916538 0.30377510264086244 8.94186568788735e-12 -49.32295161929357 0.0 -300.203521047076 -7117.358851870074 0.008899304826710284 -498.12032663478476 0.30377510264086244 3.174751230201102e-05 -1.3788253511432345 -0.3630726551547702 -0.20311068339728866 42.1826939300508 75.83883171535467 4.653449430529054 -1.118182194676626 -2.3903131614104605 499.131814445052 0.0 -1468.4510238788407 951.7515636808547 41.87891882740994 -64.29146213720946 -65.29146213720946 0.30377510930978446 0.13692485440062008
0.00408708923516 3.46905699115692 192.47341895142915 -6730.594728430139 6.93536526790445 22.825535717187964 0.182305432490799 -22.11534532581168 -49.41529395734566 3.46905699115692 0.303842387484665 -6.4677989712074e-12 -48.111451569860996 0.0 -298.4684374397551 5901.0432598714 0.009117410961647426 -486.0334909112498 0.303842387484665 3.411527623387487e-05 -1.3786714142440246 -0.3630245136191891 -0.20302703633627847 41.165147167581495 74.02166014019028 4.552548654654925 -1.1180353509051022 -2.38936907713197 487.04418857413776 0.0 -1431.828478373122 927.8984823470114 40.86130478009684 -62.72923869624378 -63.72923869624378 0.303842395249604 0.13699214080792044
0.00418804033927 3.467656745170175 192.31023144418089 -6564.266620901595 6.932283295930932 22.8101823303792 0.1823470727812462 -21.583343326104632 -48.233128980649184 3.467656745170175 0.3039117879687437 3.560237053747336e-12 -46.92921719268044 0.0 -289.1680835923684 -4180.531003822118 0.009340819910893602 -474.2380041494662 0.3039117879687437 3.66583418606541e-05 -1.3778467512717043 -0.362978073629657 -0.20294411154762976 40.17208553207669 72.24838954165085 4.454037694930317 -1.1178849031801767 -2.3884210018114653 475.24857840000595 0.0 -1396.0916913388007 904.6224130473473 39.86817374410795 -61.20475808207149 -62.20475808207149 0.3039117961813177 0.13706154303990425
0.00429148493565 3.4662225284675143 192.14343956311816 -6401.950694712413 6.929136761452955 22.79446074640479 0.18239001585194684 -21.064165871050978 -47.07946492211617 3.4662225284675143 0.30398335975324475 -7.584648996770289e-13 -45.77548156236293 0.0 -282.9988141713847 1405.4554690037428 0.009569658502612245 -462.7268435162646 0.30398335975324475 3.938984736562274e-05 -1.3769737307097216 -0.36293337762216243 -0.20286192629876867 39.20295946355015 70.51786959658983 4.357899970339139 -1.1177307635206863 -2.387468841180589 463.73733862673544 0.0 -1361.2175273454347 881.9082868524707 38.89897610379691 -59.71703136518068 -60.71703136518068 0.3039833690379087 0.13713311676768636
0.00439748461356 3.4647535314321303 191.9729399709899 -6243.548156778281 6.925923382036246 22.77836240283826 0.18243427493760767 -20.5574967803666 -45.95359917850001 3.4647535314321303 0.3040571248960128 -2.9402975944870595e-12 -44.649542053604 0.0 -276.44025911276316 -416.6048915965089 0.009804056495252017 -451.49315546168083 0.3040571248960128 4.2323284745558005e-05 -1.3762074615618758 -0.36289046154796767 -0.20278049827434796 38.25720240342966 68.82904639278468 4.264088752416723 -1.1175728418280433 -2.3865124490786362 452.5034604491976 0.0 -1327.1847589079705 859.7422781649635 37.95314527853365 -58.26515249149776 -59.26515249149776 0.30405713518333344 0.13720688375511547
0.00450610248352 3.463248925930494 191.7986357211767 -6088.964091572562 6.922641132055909 22.761878552071476 0.1824798717611672 -20.063032399686627 -44.85485699450535 3.463248925930494 0.30413311960194533 3.984846766852795e-12 -43.550723874903404 0.0 -270.1636491978977 -218.40068713920158 0.010044146640184189 -440.5302516385356 0.30413311960194533 4.54736586443033e-05 -1.3755916046735592 -0.362849365179907 -0.20269984558682363 37.33425426157248 67.18090778522404 4.172551176392935 -1.1174110458355648 -2.3855516950225737 441.54021172888463 0.0 -1293.9729924205672 838.1111043997569 37.03012114197053 -56.848251318993505 -57.848251318993505 0.30413313077799686 0.13728288084193907
0.00461740321486 3.461707864944922 191.62041757500415 -5938.108668880074 6.919287568833947 22.745000258201586 0.18252681882507835 -19.580485606080153 -43.782600337696756 3.461707864944922 0.30421136470846394 -2.2886250985974435e-12 -42.47838897298829 0.0 -263.3962076116985 -882.2165828733488 0.010290064745397343 -429.83160492279353 0.30421136470846394 4.885677475352162e-05 -1.3749670199462116 -0.3628101257731404 -0.20261998678670867 36.43355493315593 65.57249671830898 4.083222001410504 -1.1172452810596458 -2.3845864222995976 430.84122432514687 0.0 -1261.5629269565832 817.0021949908819 36.12934356844747 -55.465505062004915 -56.465505062004915 0.3042113769674537 0.1373611283053886
0.00473145307427 3.4601294821750717 191.43819909984185 -5790.896852080253 6.915861100234697 22.727718393621565 0.18257515287118742 -19.10958488591218 -42.73622589887327 3.4601294821750717 0.30429192145197903 5.810163646614407e-12 -41.431933977421295 0.0 -256.98494622264514 85.3812042030955 0.010541949740424496 -419.39084552280013 0.30429192145197903 5.2489776354721075e-05 -1.373988132693853 -0.36277279009990987 -0.20254094087359675 35.5545450850859 64.00290820782593 3.996024696475457 -1.1170754507471201 -2.3836165268052674 420.40047391691155 0.0 -1229.9362930469194 796.4036507054628 35.25025316363392 -54.11613571347732 -55.11613571347732 0.30429193491455453 0.13744168782556332
0.0048483199652 3.458512891554879 191.2518801842986 -5647.233107565826 6.912359668045688 22.71002363473163 0.18262490024409422 -18.650023878429224 -41.71505291538953 3.458512891554879 0.30437483374015706 -3.1197198856374174e-12 -40.41067808164937 0.0 -251.40341803765384 66.83958502300644 0.010799943742064229 -409.2017571920532 0.30437483374015706 5.6390761884592484e-05 -1.3732241938217271 -0.36273740203717114 -0.20246272730935513 34.69673957112067 62.4711210951709 3.910945893941486 -1.1169014558130366 -2.382641875164512 410.211174873396 0.0 -1199.072564781204 776.3021028072425 34.39236473738052 -52.7992653846207 -53.7992653846207 0.30437484864623454 0.13752460295702273
0.00496807346834 3.456857186980653 191.0613453634098 -5507.03229910499 6.9087806868185995 22.69190646001086 0.18267607525101812 -18.201530275155058 -40.71847627849423 3.456857186980653 0.30446012541836354 6.340833315976402e-12 -39.41401615307586 0.0 -245.2607230311926 -699.5252512075415 0.011064192121657315 -399.25827352344334 0.30446012541836354 6.057952057551012e-05 -1.37264660147531 -0.36270400199396907 -0.20238536602658572 33.859625819779204 60.97622770926855 3.8279330363690542 -1.1167231948006378 -2.3816623008158624 400.26728922278386 0.0 -1168.9534505204322 756.6856382611801 33.55516569436084 -51.51411374713876 -52.51411374713876 0.3044601419151619 0.13760989794311773
0.00509078488301 3.4551614418404135 190.8664914938774 -5370.21732416101 6.905122043713244 22.67335714596268 0.18272870663011082 -17.763858114138785 -39.74594944864931 3.4551614418404135 0.30454784438351806 -7.90840299129977e-12 -38.44140160426579 0.0 -239.23389290825185 -35.45620550496039 0.01133484357308651 -389.5544743408153 0.30454784438351806 6.507687836202515e-05 -1.3717946071755023 -0.36267263643978376 -0.2023088774418452 33.04267460926625 59.51740822484613 3.7469055312866724 -1.1165405638194221 -2.3806776662954583 390.5633573999352 0.0 -1139.562386042773 737.5434689409403 32.73812676488273 -50.25997600208439 -51.25997600208439 0.30454786257688593 0.13769762060055646
0.00521652726962 3.453424708598396 190.6672201359873 -5236.7011425578385 6.901381824766693 22.654365763717482 0.1827828303836476 -17.33672837227948 -38.7968524278561 3.453424708598396 0.3046380506394127 1.0293938408440223e-11 -37.49221437721669 0.0 -233.88328232094298 -96.54340987821423 0.011612050182049893 -380.0845821732676 0.3046380506394127 6.990527623363242e-05 -1.371071668433899 -0.36264335535394354 -0.2022332824677444 32.24542666471932 58.09373262490437 3.6678424949462083 -1.116353456488576 -2.3796878461830193 381.0931983510168 0.0 -1110.8806716861477 718.8634156114241 31.940788614079906 -49.03605262104928 -50.03605262104928 0.30463807056700976 0.13778783076208945
0.00534537549318 3.451646018349905 190.46340871765105 -5106.404564107594 6.8975572706419594 22.634922175366178 0.18283846219343602 -16.919887744295895 -37.870622338721894 3.451646018349905 0.3047307703223934 -1.297923345890819e-11 -36.5658915683995 0.0 -228.06207229711748 -595.4943917596155 0.011895967496423484 -370.8429588145506 0.3047307703223934 7.508903100133965e-05 -1.3704559964294845 -0.362616202344944 -0.2021586025259065 31.467405916680537 56.704356584642035 3.590695403831667 -1.1161617638766215 -2.3786926619921736 371.8511954801133 0.0 -1082.8912941972599 700.6343980738438 31.162675146358144 -47.84161773596826 -48.84161773596826 0.30473079232566425 0.1378805548649471
0.00547740626786 3.4498243804972692 190.25495701793233 -4979.255539371323 6.893646459755174 22.61501603167492 0.18289564199440397 -16.513106377187523 -36.96674845596399 3.4498243804972692 0.3048260699906733 1.2648819460652453e-11 -35.66192238597331 0.0 -222.51637069463348 3.397834869648745 0.012186754597827042 -361.8241019672379 0.3048260699906733 8.065365416776462e-05 -1.3695470785658017 -0.3625912306756539 -0.2020848595574069 30.70812234320816 55.34851399394909 3.5153912144707125 -1.1159653744534972 -2.3776919870708335 362.83224687574295 0.0 -1055.5787762537016 682.8463360756078 30.403296273217485 -46.67601273309922 -47.67601273309922 0.3048260942127412 0.13797585929866307
0.00561269820268 3.447958782123333 190.04175485020156 -4855.171341833929 6.889647138269033 22.594636766554036 0.18295440310448094 -16.11611881172455 -36.08464091954268 3.447958782123333 0.3049240051741349 -1.2584051869805237e-11 -34.77971691436854 0.0 -217.5069096890055 -107.36318213304665 0.012484574174031525 -353.0226419656994 0.3049240051741349 8.662708476855473e-05 -1.3688534569072885 -0.36256849221069226 -0.20201207604023583 29.967158081267375 54.02532004425597 3.441919601015331 -1.115764174009395 -2.3766856736950284 354.0304741824872 0.0 -1028.9253455624764 665.4876546782431 29.66223407609324 -45.53847694889942 -46.53847694889942 0.30492403176862826 0.13807379980768641
0.00575133184828 3.446048187778571 189.82367598527043 -4734.080399035184 6.885556499880928 22.573773596110073 0.18301476633142844 -15.728696330542727 -35.22379149947484 3.446048187778571 0.3050246105523807 8.658716414833545e-12 -33.91876688892246 0.0 -212.10307944055205 -493.4382545712888 0.012789592592850382 -344.4333385812518 0.3050246105523807 9.303891659476039e-05 -1.3682082220622647 -0.36254803531697477 -0.20194027499767203 29.244060830186186 52.73401237902814 3.3702255293745447 -1.1155580456175038 -2.375673539150395 345.44080389833994 0.0 -1002.915626723537 648.548340589783 28.939036219633806 -44.42835498697303 -45.42835498697303 0.3050246399655042 0.13817441103798322
0.00589338974494 3.44409153887702 189.60061314201835 -4615.914070147919 6.881372453420012 22.55241551348868 0.1830767737315864 -15.350619761951192 -34.383713209864254 3.44409153887702 0.30512795621931066 -5.651542605071064e-12 -33.078585253644945 0.0 -206.91919855093943 -64.24559375765186 0.013101979976905369 -336.05107789837814 0.30512795621931066 9.992079871046595e-05 -1.3673605078699325 -0.36252991701779547 -0.20186948001565463 28.53838329041544 51.47386049605661 3.300249326251004 -1.1153468695538724 -2.374655444996893 337.0583728355051 0.0 -977.5348754815968 632.0187911814203 28.23325533419613 -43.345018847179794 -44.345018847179794 0.30512798851821266 0.13827776313657103
0.00603895647164 3.4420877533153047 189.37244967047639 -4500.597636462736 6.877092597687526 22.530551286223545 0.18314046141947102 -14.9816495143241 -33.563873678378705 3.4420877533153047 0.305234102365785 8.947872706114573e-12 -32.25863957601292 0.0 -202.20330252119382 -67.48762222793034 0.01342191027944151 -327.87086927514383 0.305234102365785 0.00010730680487998385 -1.366626716808696 -0.3625141932535464 -0.20179971525547885 27.849726640242526 50.24406581677945 3.2319708338959976 -1.1151305232405833 -2.3736312329446596 328.8778737912798 0.0 -952.7670411393098 615.8885530339793 27.54449253787674 -42.28778200034038 -43.28778200034038 0.30523413793333054 0.13838391639780623
0.00618811869649 3.4400357249772844 189.13905721708167 -4388.062167655756 6.872714135029631 22.5081694524077 0.1832058573110703 -14.621564995325613 -32.763782741184436 3.4400357249772844 0.3053430955184505 -6.500675585675036e-12 -31.458439645665983 0.0 -197.25732068768653 -401.01941281254886 0.01374956136145714 -319.8878423674701 0.3053430955184505 0.00011523358257601117 -1.3660267778121806 -0.36250091810028395 -0.20173100546920855 27.177682272734657 49.04389307993716 3.1653507869687356 -1.1149088811758077 -2.3726007194285867 320.8944163090865 0.0 -928.5973168542547 600.1479832076941 26.872339177216205 -41.256012347771026 -42.256012347771026 0.3053431347583325 0.13849291736450842
0.00634096522829 3.437934323376512 188.9003143981757 -4278.245334009023 6.868234549818498 22.485258318442522 0.18327299920332463 -14.27016739173945 -31.98299864712963 3.437934323376512 0.3054549986722077 4.18547221211295e-12 -30.677543648457423 0.0 -192.3548806768389 -168.85651456888127 0.014085115069859195 -312.0972442318713 0.3054549986722077 0.00012373978862108552 -1.3652211058522994 -0.3624901502860973 -0.2016633760123442 26.521827292258727 47.872679637803714 3.1003264826119836 -1.1146818148779318 -2.3715637379854577 313.1035868640044 0.0 -905.0123149977077 584.7883630358845 26.21637229358652 -40.24914022248132 -41.24914022248132 0.3054550418851487 0.13860482907573313
0.00649758706943 3.4357823930302183 188.65610790212367 -4171.078498863972 6.863651649071799 22.461805953936437 0.1833419359906778 -13.927236663709767 -31.22103249119308 3.4357823930302183 0.3055698933177963 6.982310394501573e-13 -29.915462597875283 0.0 -187.86349267771152 -114.52821922581924 0.014428757316504642 -304.4944364943579 0.3055698933177963 0.000132867333794464 -1.3644457498894553 -0.3624819536631532 -0.2015968528627925 25.881787166232844 46.729692105683675 3.0368752811105444 -1.1144491927998288 -2.370520141882798 305.50051088635126 0.0 -881.9972930153621 569.8000910768042 25.57621727291505 -39.26653514967223 -40.26653514967223 0.3055699408866519 0.1387197331981489
0.00665807747004 3.4335787531025583 188.40630058917816 -4066.4971070824718 6.858962402511978 22.437800189621637 0.18341269673218452 -13.592566136329797 -30.477425038854637 3.4335787531025583 0.30568782788697424 -4.484635527415012e-12 -29.171737210967663 0.0 -183.29032109587806 -248.97059488324712 0.014780678158547682 -297.07489259043814 0.30568782788697424 0.00014266113672159475 -1.3637552443097434 -0.3624763861257333 -0.20153146263410318 25.257184557515192 45.614241615652965 2.974963139817675 -1.1142108802713186 -2.3694697313509785 298.0806070774794 0.0 -859.5383848511659 555.1741373603217 24.951496729628218 -38.30760491613327 -39.30760491613327 0.3056878802292169 0.13883767816219583
0.00682253198355 3.4313221969196808 188.15076960297674 -3964.4411598992456 6.854164328123943 22.413228613956864 0.18348532769187606 -13.265964137236887 -29.751750420069936 3.4313221969196808 0.30580887948646013 4.642114865576086e-12 -28.445941540583476 0.0 -178.8814245681699 -93.9687241088342 0.015141071879851937 -289.8341950681841 0.30580887948646013 0.0001531688978815533 -1.3629843621735063 -0.3624735129419008 -0.20146723259187121 24.64763653800629 44.525689336942754 2.914541997947817 -1.113966739426857 -2.368412340405224 290.8396230464158 0.0 -837.6227046204339 540.9021100358103 24.34182765851983 -37.37180033486299 -38.37180033486299 0.3058089371687641 0.13895874122172636
0.00699104852355 3.429011491447632 187.8893803185222 -3864.8471417934657 6.849254544159227 22.38807856941423 0.1835598670855768 -12.947227013510256 -29.043556129408834 3.429011491447632 0.3059331118092947 -3.6894636958091965e-12 -27.73762301759954 0.0 -174.64089011667375 -212.5824986065637 0.015510137073243304 -282.76803295970944 0.3059331118092947 0.00016444211643184287 -1.3623334844190254 -0.36247339771870435 -0.20140419067137066 24.0527937550007 43.463356490176814 2.8555895449592255 -1.1137166291282152 -2.367347777385721 283.7730472526761 0.0 -816.2366103709985 526.9751250229092 23.7468606431914 -36.45853787051252 -37.45853787051252 0.30593317533243514 0.13908298615919468
0.00716372742208 3.4266453768899003 187.62199765547967 -3767.65825957403 6.844230180672936 22.36233715016052 0.18363635611171267 -12.636173382531435 -28.35243915542054 3.4266453768899003 0.30606059351952114 3.25966961200014e-12 -27.04637856190102 0.0 -170.26449637326337 -267.3808086210563 0.01588807672403028 -275.87219921468795 0.30606059351952114 0.00017653538302380792 -1.3616200885628587 -0.36247610639255234 -0.20134236549282672 23.472289816260027 42.426638535290984 2.798058289312306 -1.1134604048990833 -2.3662758507047963 276.87685497682986 0.0 -795.3679052289665 513.3852395343458 23.166229222740508 -35.567297813648125 -36.567297813648125 0.30606066344963656 0.1392104817702582
0.0073406714894 3.4242225661055943 187.3484940967222 -3672.8173421056817 6.83908867193433 22.335991197881942 0.1837148468951519 -12.332620398061731 -27.67799325035222 3.4242225661055943 0.30619141149191986 -4.742782366126133e-12 -26.3718018388603 0.0 -166.1746657032096 -52.340560708794605 0.016275098294373402 -269.14258819420235 0.30619141149191986 0.00018950726276248595 -1.3607931578129637 -0.3624817101187377 -0.20128178638109004 22.905775728282574 41.41492607169769 2.741910534771357 -1.1131979188391894 -2.3651963872531185 270.1469914236425 0.0 -775.0043116960115 500.12445807551796 22.599584316790654 -34.69755628169763 -35.69755628169763 0.30619148849713396 0.13934131502197644
0.00752198607519 3.421741744150351 187.06873200665504 -3580.2642921609936 6.833827111847803 22.309027299045294 0.18379538525507083 -12.036375154893717 -27.019789803845406 3.421741744150351 0.30632564209178476 7.189025751013485e-12 -25.71346416175362 0.0 -162.27680626099732 -173.03196428535236 0.01667141380873131 -262.5751932269635 0.30632564209178476 0.0002034211341912983 -1.360117433863536 -0.3624902791167433 -0.20122248338296983 22.35293212552969 40.427576158404186 2.687130924143863 -1.1129290195505712 -2.364109191832725 263.5791849849327 0.0 -755.1329232341787 487.18437562819526 22.046606483437905 -33.84876055382721 -34.84876055382721 0.3063257268530697 0.13947556246204473
0.00770777913125 3.4192015678136025 186.7825619479311 -3489.9460804900577 6.828442190463542 22.28143178222276 0.18387800902321125 -11.747268245373188 -26.377452410493323 3.4192015678136025 0.3064633483720188 -1.145394281721162e-11 -25.070989062121303 0.0 -158.21748368075632 -233.8290008343152 0.017077239940261838 -256.16610422471746 0.3064633483720188 0.00021834390354356464 -1.3594414080448018 -0.36250188210047507 -0.2011644872850768 21.81341969454027 39.46402416628264 2.6336765459447666 -1.1126535520622909 -2.3630140430897746 257.16967685976243 0.0 -735.7423522002169 474.55757681450234 21.506956346168252 -33.020425230807156 -34.020425230807156 0.3064634416904958 0.13961328726202793
0.00789816127579 3.416600665145725 186.4898516391802 -3401.8106808717894 6.822931252348048 22.253190715414313 0.18396277656275076 -11.465133442129584 -25.750611762603153 3.416600665145725 0.3066046276045846 1.0139467405537752e-11 -24.444007134998568 0.0 -154.4045650065314 -81.66285813705066 0.017492798098259422 -249.91150535361868 0.3066046276045846 0.00023434707431214765 -1.3586369252272732 -0.36251659655444346 -0.2011078296323093 21.28690863831939 38.523716101369864 2.5815068693477192 -1.112371357752828 -2.3619107600907245 250.91477918848213 0.0 -716.8214275506441 462.2367869328062 20.980304010714804 -32.21207406693895 -33.21207406693895 0.3066047303666918 0.13975458687118691
0.0080932458593 3.4139376348200337 186.19045502571998 -3315.8018913140586 6.817291165709137 22.224289901690376 0.1840497364609815 -11.189790222707607 -25.138866771144286 3.4139376348200337 0.3067495607683025 -6.387508763506458e-12 -23.832117210375984 0.0 -150.72442129713536 -175.530833019397 0.017918314516227277 -243.80767276213348 0.3067495607683025 0.00025150828732495816 -1.3579763909754945 -0.36253449789345393 -0.2010525427505411 20.7731039494327 37.60605030312699 2.5306094523151113 -1.1120822742532672 -2.3607991311429033 244.81049550230088 0.0 -698.3580804639347 450.214146793045 20.4663543886644 -31.423189832077277 -32.42318983207728 0.3067496739009602 0.13989954246035996
0.00829314903203 3.411211045832048 185.88421910497735 -3231.8712994058556 6.811518570965914 22.194714878614196 0.18413893419776534 -10.921084086058494 -24.541874167830382 3.411211045832048 0.3068982236629422 4.028711358920907e-12 -23.23497594416744 0.0 -146.97968878209997 -166.5280871059724 0.01835402034137149 -237.8509723642817 0.3068982236629422 0.0002699091327645257 -1.3572551022257642 -0.36255566188792726 -0.20099865976219547 20.271685948117053 36.710511843857915 2.4809400485130886 -1.1117861353857303 -2.3596789292895157 238.85339619134544 0.0 -680.3419163173907 438.48288789612553 19.964787724454112 -30.653329859755793 -31.653329859755793 0.3068983482120695 0.14004823005293865
0.00849798981312 3.408419436827887 185.57100408761772 -3149.9683934979926 6.8056106183207 22.164450913760227 0.18423043218520918 -10.658853243491867 -23.959274514700756 3.408419436827887 0.30705072030868197 1.2317789719653266e-12 -22.652223794392075 0.0 -143.45861465379832 -120.04888702735867 0.018800151724307077 -232.03785767672696 0.30705072030868197 0.0002896375888549737 -1.3565122487946155 -0.3625801719059451 -0.20094621461071802 19.782358822881417 35.836561531948234 2.4324717994218292 -1.111482771060159 -2.35854995889936 233.03989538683172 0.0 -662.762090166308 427.03594809081886 19.475308102572733 -29.902030632071703 -30.902030632071703 0.3070508574243337 0.1402007538566974
0.0087078901615 3.405561315678145 185.25065153982487 -3070.0433312821724 6.799563800490621 22.13348300302496 0.1843242782775834 -10.402937929592666 -23.390712848394937 3.405561315678145 0.30720713046263903 -3.6032453710596038e-12 -22.083505717932297 0.0 -139.94155194847337 -172.6095420788071 0.01925694991014342 -226.36486770620263 0.30720713046263903 0.0003107879180586729 -1.3558267464395897 -0.3626081076432142 -0.20089524208001547 19.304836638714182 34.98366689577152 2.385181269811409 -1.1111720071962639 -2.357411981889119 227.36645294165214 0.0 -645.6079004333077 415.8663590358203 18.997629508251546 -29.168834401032733 -30.168834401032733 0.3072072813789727 0.14035719390092893
0.00892297504849 3.4026351589735007 184.92301222459201 -2992.0503935602305 6.793374972082976 22.101795868220275 0.18442053340588527 -10.153192114116072 -22.835864747525918 3.4026351589735007 0.30736755567647545 2.2586635083097478e-12 -21.528497191849443 0.0 -136.53576878528816 -103.12120761193569 0.019724661330125612 -220.8286248894103 0.30736755567647545 0.0003334599379557459 -1.355061289344519 -0.362639555088185 -0.2008457778162634 18.838825865400533 34.15134126939672 2.3390309520220756 -1.1108536656354437 -2.3562647820758618 221.82982838214164 0.0 -628.8695324073069 404.96772985139313 18.53145830972406 -28.45332280493757 -29.45332280493757 0.30736772181456895 0.14051765201138577
0.00914337253219 3.399639411463446 184.58792917171786 -2915.940749492803 6.787040728106635 22.069373954189313 0.18451925484222792 -9.909458993531914 -22.294381844651998 3.399639411463446 0.30753209140371324 1.2232036571331233e-12 -20.986849753248286 0.0 -133.26302552758028 -146.62569770650356 0.02020353769391176 -215.4258330825753 0.30753209140371324 0.0003577617148647914 -1.3543914925153615 -0.3626746005577581 -0.20079785835160244 18.384061012047745 33.33906206984342 2.294005417756928 -1.1105275640449035 -2.355108125862598 216.42654971592256 0.0 -612.5365025739288 394.33323418153896 18.076528920644034 -27.75504660192929 -28.75504660192929 0.30753227428106544 0.1406822239360559
0.00936921383374 3.3965724856394384 184.24523822620074 -2841.6708943801623 6.780557422401388 22.0362014276296 0.18462049672265066 -9.671599607511743 -21.76595541924484 3.3965724856394384 0.30770082787108444 -4.184403875416113e-12 -20.458254591373755 0.0 -129.94069177357952 -159.25338264152248 0.02069383608290203 -210.15327559863664 0.30770082787108444 0.0003838072861524536 -1.3536841899612853 -0.36271333092599983 -0.2007515211251872 17.94026236086046 32.54636618624356 2.2500687756422586 -1.1101935158357994 -2.353941763291238 211.1535331719666 0.0 -596.5994721527876 383.9567914862903 17.632561532989374 -27.073607677444564 -28.073607677444564 0.3077010291532358 0.1408510002320309
0.00960063341543 3.3934327611629587 183.89478697667275 -2769.19683595359 6.773921863204418 22.002262174385923 0.1847243290574684 -9.439473134644428 -21.25027263855424 3.3934327611629587 0.30787388176244734 6.235300942065723e-12 -19.942398756791793 0.0 -126.80775749515858 -85.86049904764256 0.021195819043865742 -205.00781329258498 0.30787388176244734 0.0004117189153241268 -1.352922195705247 -0.3627558404988218 -0.2007068045084234 17.507164590011318 31.77278433057721 2.2071937260062016 -1.1098513300627508 -2.352765472099208 206.00765656897894 0.0 -581.0489983802362 373.8322532077768 17.19929070824887 -26.408602614356088 -27.408602614356088 0.30787410330521925 0.1410240979356383
0.00983776906079 3.390218584332421 183.53640707192 -2698.4732730491573 6.76713029359692 21.967539797320484 0.1848308100782537 -9.212934053879488 -20.747010208737017 3.390218584332421 0.30805135013042284 -3.3774802131316703e-12 -19.438958858606593 0.0 -123.74593851453912 -148.8359280474518 0.02170975468335129 -199.98638269182538 0.30805135013042284 0.00044162830129823127 -1.352263681538119 -0.3628022211323056 -0.2006637478300038 17.084520640496258 31.017831529728717 2.165365615611621 -1.109500811325724 -2.3515789930382254 200.9856980033255 0.0 -565.8753568007816 363.9532876636577 16.776469290365835 -25.75961450493445 -26.75961450493445 0.3080515939593982 0.14120161450454716
0.0100807619566 3.3869282677033272 183.16992988734503 -2629.460316646094 6.760178966371471 21.932017615999325 0.18494000191120702 -8.991855067843527 -20.255885338779997 3.3869282677033272 0.3082333365186784 1.643964699871171e-12 -18.947652002261318 0.0 -120.65199428508028 -141.7413324707122 0.02223591676284434 -195.085994172934 0.3082333365186784 0.0004736741161836167 -1.351544900735206 -0.3628525679046125 -0.2006223913982446 16.672067829184975 30.28108356266377 2.1245483454797656 -1.1091417596867066 -2.350382066208074 196.08483133840684 0.0 -551.0699864740376 354.3143210616352 16.363834492666296 -25.126278672694212 -26.126278672694212 0.30823360485404805 0.14138365391895724
0.0103297567769 3.383560089452028 182.79519480749846 -2562.116601060124 6.753064448934121 21.89567866377577 0.18505197904957071 -8.776103633518192 -19.776603599002755 3.383560089452028 0.3084199650826179 -2.3120841107880725e-12 -18.468183633920138 0.0 -117.74736863195956 -77.56329814329703 0.022774584793841653 -190.30373018273005 0.3084199650826179 0.0005080054368162282 -1.3507856810763599 -0.36290698221353584 -0.2005827765300046 16.269562008657637 29.562098743476596 2.0847190100601667 -1.1087739705564137 -2.349174450459011 191.3021189521127 0.0 -536.6240097354922 344.90957310510663 15.961142043575018 -24.508215432631623 -25.508215432631623 0.30842026038577464 0.14157034081554287
0.0105849017693 3.3801122929288048 182.41202614410764 -2496.399985185634 6.745782770514993 21.858505687093974 0.18516680509835376 -8.565544304314896 -19.30886409121585 3.3801122929288048 0.30861134183058964 2.7653488638464585e-12 -18.00025274938526 0.0 -114.90335962635095 -139.93756588325553 0.02332604413423252 -185.63674349800138 0.30861134183058964 0.0005447825947515446 -1.3501368448014262 -0.3629655634753033 -0.20054494557603458 15.876773857207507 28.860425689546908 2.0458642880320976 -1.1083972345995297 -2.347955869069937 186.6345625222699 0.0 -522.5283819221307 335.7331550651565 15.568162515376919 -23.905036757871777 -24.905036757871777 0.3086116668013087 0.14176178172308473
0.010846348843 3.3765830862255104 182.02024602963328 -2432.273595772513 6.738329895221969 21.820481145127673 0.18528454575585435 -8.36005945376101 -18.852405520588697 3.3765830862255104 0.30880757625975724 -7.889639567633124e-12 -17.54359794432894 0.0 -112.01650396067627 -131.24792775539967 0.023890586084181684 -181.08225553512787 0.30880757625975724 0.000584174043120411 -1.3494315864624582 -0.3630284138368739 -0.20050894194704488 15.493458236923523 28.175672422129793 2.0079496180642105 -1.1080113376393657 -2.346726039732524 182.07954998839796 0.0 -508.7751907920363 326.77991589635633 15.184650660663765 -23.316405692806708 -24.316405692806708 0.30880793386325134 0.14195808672472565
0.0111142536594 3.3729706416203618 181.61968875178556 -2369.699277971487 6.73070225217674 21.78158720828127 0.18540528349337285 -8.1595268585519 -18.406956401957366 3.3729706416203618 0.30900880582228807 9.404029644181142e-12 -17.09794759613508 0.0 -109.31660355044531 -78.60076984065022 0.024468507982938658 -176.63755469267898 0.30900880582228807 0.0006263607290869246 -1.348667387255432 -0.36309564350434476 -0.20047481014326204 15.119386831317424 27.507431667661958 1.9709522900767245 -1.1076160605468028 -2.345484708317089 177.63437201374063 0.0 -495.3562494808154 318.0445253776815 14.810378025495137 -22.74197214115246 -23.74197214115246 0.3090091993049181 0.14215939390056365
0.0113887757248 3.36927309503236 181.21017130172382 -2308.6373803485994 6.7228956435830325 21.74180575699178 0.18552908765947598 -7.963818896250771 -17.972233232645383 3.36927309503236 0.30921514609912665 -7.127258389602772e-12 -16.663018086546256 0.0 -106.65646196820784 -132.42668655223957 0.02506011330555385 -172.29999473695918 0.30921514609912665 0.0006715377695631289 -1.3480213894513327 -0.36316736006657174 -0.20044259578478735 14.754349062941257 26.855278133601697 1.9348625017428942 -1.1072111791278598 -2.344231579195788 173.29620492670364 0.0 -482.26304902790645 309.5214438843758 14.445133916842131 -22.181370508878693 -23.181370508878693 0.30921557904977937 0.14236581953911553
0.0116700784852 3.3654885457407873 180.79150855712734 -2249.054259363838 6.714905804155689 21.701118383584102 0.18565602985447374 -7.772828407769334 -17.54799798741996 3.3654885457407873 0.3094267164241229 -2.3500982754611314e-12 -16.238571270995838 0.0 -103.99069580822743 -100.7530440195568 0.02566571175995672 -168.06699322932826 0.3094267164241229 0.0007199090197633773 -1.3472921806489353 -0.3632436740664608 -0.20041234563701518 14.39811393287343 26.218854742321902 1.8996449305746692 -1.1067964640377852 -2.3429663507378957 169.06266739941722 0.0 -469.4883719462508 301.2059730807642 14.088687216449307 -21.634293848256096 -22.634293848256096 0.30942719277581066 0.14257748373454038
0.0119583294238 3.3616150557201703 180.36352816315127 -2190.91301676785 6.706728952253131 21.659506390196306 0.18578619931750845 -7.5864367958063825 -17.133987248929014 3.3616150557201703 0.30964366552918077 1.1908554985974697e-11 -15.824343583399832 0.0 -101.50651789851321 -86.33091209996007 0.026285619383960786 -163.93602998581798 0.30964366552918077 0.000771695321514238 -1.3465847564042974 -0.3633247045935574 -0.20038410764566109 14.050476587770193 25.597766318217126 1.8652858858532924 -1.10637168065044 -2.341688750588422 164.9311339800021 0.0 -457.0243020734017 293.092959223386 13.740832922241012 -21.100402467170888 -22.100402467170888 0.30964418960986095 0.14279453606103298
0.0122537001606 3.357650649264395 179.92603171937327 -2134.1782936264335 6.698360345998409 21.61695079003362 0.18591966307676225 -7.404530526839098 -16.729948819756164 3.357650649264395 0.3098661051279371 -1.5365656952680268e-11 -15.420082714628226 0.0 -98.9752997112262 -136.33245869293694 0.026920158642253198 -159.90464557866702 0.3098661051279371 0.0008271317752457282 -1.3459540968226804 -0.36341056503311386 -0.2003579309664591 13.71123386894676 24.991634527924933 1.8317687338410371 -1.105936588956601 -2.3403984431353457 160.89908992497968 0.0 -444.86325326173636 285.1774641503114 13.401367763818824 -20.579371141781856 -21.579371141781856 0.3098666816856296 0.14301708916561773
0.0125563665545 3.353593312635564 179.4788400610234 -2078.81936160365 6.689795963995895 21.573432309107687 0.1860565125133386 -7.227011904566173 -16.335665732389035 3.353593312635564 0.310094187522231 1.1122115670606973e-11 -15.025571544866803 0.0 -96.51160641691509 -81.71131162938065 0.027569658523436177 -155.9704398730815 0.310094187522231 0.0008864644084355306 -1.3451725212048302 -0.36350137984613345 -0.20033386599541853 13.380168316919331 24.400133869409473 1.7990578438872191 -1.1054909434621696 -2.3390951370207986 156.96436248889745 0.0 -432.9986357326493 277.45519826122813 13.070074129397101 -20.070920080243773 -21.070920080243773 0.3100948217763765 0.1432452963536881
0.0128665088084 3.3494409933255387 179.02176917759942 -2024.7999390060158 6.681031608486999 21.528931384053383 0.18619683873704798 -7.053763733853268 -15.95087768817326 3.3494409933255387 0.31032806456174666 -2.666836163026563e-12 -14.640549623611514 0.0 -94.21167784647415 -83.14747238719455 0.028234454636862524 -152.13107059327868 0.31032806456174666 0.0009499628844104255 -1.3444867626330392 -0.36359727580426277 -0.2003119644089134 13.057099769736766 23.82287384407264 1.7671508221002052 -1.1050344930408647 -2.3377785277366963 153.12436235838234 0.0 -421.4226662209408 269.9210946575986 12.74677170517502 -19.574713612264624 -20.574713612264624 0.31032876224985206 0.14347931059391672
0.013184311576 3.345191599960203 178.55461205134316 -1972.0886072868782 6.672062224063342 21.483428167081193 0.18634071356379564 -6.8846854606357235 -15.575361340025749 3.345191599960203 0.3105678559396594 -6.203351879192989e-12 -14.26479348408609 0.0 -91.85782462205887 -119.96137619957248 0.028914889308886724 -148.38425193460307 0.3105678559396594 0.0010179097279590548 -1.3438411610731293 -0.363698375214059 -0.20029227919077155 12.741832136900983 23.25951939139207 1.7360248586858669 -1.104566980854384 -2.33644825354291 149.37685902707287 0.0 -410.1286059745564 262.5707673680814 12.431264280961326 -19.090463718588065 -20.090463718588065 0.31056862336367563 0.14371925280961784
0.0135099640719 3.340843001770548 178.07718439756798 -1920.6558128041358 6.662883600928395 21.436902526527422 0.18648823707604623 -6.719682835804021 -15.208907393751227 3.340843001770548 0.31081372846007704 6.93268993432062e-12 -13.89809366529115 0.0 -89.5765958666074 -81.21007785083161 0.029611311678984134 -144.72775320041896 0.31081372846007704 0.0010906035651578063 -1.343098287029278 -0.3638048130691567 -0.2002748646702803 12.434168381259372 22.70975651447348 1.705651955890191 -1.1040881442217898 -2.335104004923832 145.71975891831352 0.0 -399.11011832846197 255.40009179871308 12.123354652799296 -18.61790050286309 -19.61790050286309 0.3108145725469912 0.1439652911345104
0.0138436601845 3.3363930280609067 177.58929030237766 -1870.4689081558636 6.653491090836263 21.38933404763687 0.18663950198835833 -6.558650577865406 -14.851282027831804 3.3363930280609067 0.3110658366472639 -5.906649069986794e-12 -13.54021619118454 0.0 -87.41589411044403 -80.56088107125298 0.03032407779544087 -141.15939747152734 0.3110658366472639 0.001168368423044388 -1.342408830006974 -0.36391672433163735 -0.20025977656164395 12.133935727734286 22.173234429531952 1.6760245002261052 -1.1035977144851274 -2.3337454419474204 142.1507340834678 0.0 -388.3602014558481 248.40451036528816 11.822869891087022 -18.156722438899624 -19.156722438899624 0.31106676499740604 0.14421758157653608
0.0141855985911 3.3318394680251213 177.09072526410685 -1821.4981469165245 6.64387971585781 21.340702037332605 0.18679459665967738 -6.401493295757324 -14.502273393030613 3.3318394680251213 0.31132432776612895 8.397049284351354e-12 -13.190949065264483 0.0 -85.24237744381466 -105.5345319213231 0.031053550710086406 -137.6770603141474 0.31132432776612895 0.001251545895215933 -1.3417623351079726 -0.36403424508025833 -0.20024707199718686 11.84095478308335 21.649635313623875 1.6471241692460934 -1.10309541690984 -2.3323722010046044 138.66767018004404 0.0 -377.8724769255476 241.57987176624295 11.529630455317221 -17.70665633513424 -18.70665633513424 0.31132534873286644 0.14447627301727373
0.0145359828763 3.3271800702960257 176.58128977205428 -1773.7159582126837 6.634044672961369 21.290985526403905 0.18695361935558558 -6.248123023754651 -14.16168615553713 3.3271800702960257 0.31158936559264266 -1.591774111089416e-11 -12.850096789944487 0.0 -83.11576728710733 -79.58083375886847 0.03180010057245904 -134.278668513876 0.31158936559264266 0.0013404961225641548 -1.3410391658653111 -0.36415751771155697 -0.20023680956800025 11.555042969414032 21.138666111441477 1.618925493769013 -1.1025809705521552 -2.3309839272973294 135.268613275308 0.0 -367.64103437321586 234.9223294824327 11.243453603821388 -17.267450298028137 -18.267450298028137 0.3115904883476104 0.1447415309984783
0.0148950216533 3.322412542571505 176.0607894922769 -1727.092489996722 6.623981340311292 21.24016327279771 0.1871166785816131 -6.09844355178031 -13.829306675929004 3.322412542571505 0.3118611309693552 2.4933007448273184e-11 -12.51744554495965 0.0 -81.10275649435846 -77.38734594687654 0.03256410472318681 -130.96219884069737 0.3118611309693552 0.0014356082664501231 -1.3403437591722138 -0.364286691139574 -0.20022904936447403 11.276037321032762 20.640006303570388 1.5914189795821394 -1.1020540881310557 -2.329580275173574 131.9514353566987 0.0 -357.6594736292249 228.42771783389725 10.964176190063407 -16.83882882799115 -17.83882882799115 0.3118623655835291 0.14501353831385555
0.0152629286882 3.3175345512492638 175.529008853767 -1681.5996680762319 6.613684278925676 21.18821376529609 0.18728386504740338 -5.952364673245261 -13.50493462950414 3.3175345512492638 0.31213977507900564 -3.0063622826248627e-11 -12.192794854425134 0.0 -79.07725941283844 -96.10135545789659 0.0333459477863135 -127.7256768439489 0.31213977507900564 0.0015372942610664018 -1.3396993109022617 -0.36442191081197495 -0.2002238530183267 11.003773390927709 20.153355352563203 1.5645898987992153 -1.1015144758971882 -2.3281608433827503 128.7141383764294 0.0 -347.9217759551136 222.09212012189766 10.691633615848703 -16.420533595190093 -17.420533595190093 0.3121411326122051 0.1452924482860607
0.0156399230267 3.312543721380645 174.98574815716665 -1637.2122842101671 6.60314862525866 21.13511523088972 0.187455290961025 -5.809806096363233 -13.188391756305 3.312543721380645 0.3124254849350417 2.7155512420321163e-11 -11.875966271369958 0.0 -77.10987986590169 -71.46080745305584 0.03414602175998738 -124.56717568201476 0.3124254849350417 0.00164598572172575 -1.3389635153412769 -0.3645633328939363 -0.20022128373930873 10.738079359190076 19.67844580614582 1.5384124211755212 -1.1009618335329228 -2.3267252650243844 125.55493743169787 0.0 -338.4225395146628 215.91202112431824 10.425653874255035 -16.012334724347575 -17.012334724347575 0.3124269775258295 0.14557845025416705
0.0160262291255 3.3074376359344075 174.43080291966967 -1593.9017550635676 6.592369309670508 21.080845635114123 0.18763106823597486 -5.670675346659091 -12.87947272329572 3.3074376359344075 0.3127184470599581 -1.6047934444660866e-11 -11.566754276235763 0.0 -75.23701864318072 -76.06793643830564 0.034964726106917296 -121.48481496687099 0.3127184470599581 0.0017621525353746794 -1.3382979758976745 -0.36471111654743604 -0.20022140636907843 10.478808258589895 19.214969602590262 1.5128822572367655 -1.100395853971712 -2.3252731569842195 122.47179014795752 0.0 -329.15563709318775 209.88343325563508 10.166089811529938 -15.613967427611964 -16.613967427611964 0.3127200880384209 0.14587173332524928
0.0164220769849 3.302213836040466 173.86395253964275 -1551.6431001283981 6.581340623775024 21.02538269313377 0.1878112960836571 -5.534892477730439 -12.578000018784172 3.302213836040466 0.31301882680609516 6.393556039365149e-12 -11.264981191978077 0.0 -73.34563630840306 -86.89394919287855 0.03580246784209598 -118.4767596536001 0.31301882680609516 0.001886285463358733 -1.3376412199401244 -0.3648654195466029 -0.20022428741520953 10.225801556302452 18.762660419240888 1.4879799607748403 -1.0998162233213986 -2.3238040913304108 119.46292252499038 0.0 -320.11571533067075 204.0028734162076 9.912782729496357 -15.225202794297317 -16.225202794297317 0.313020630801066 0.14617246566165876
0.0168277022864 3.2968698204489066 173.2849961351865 -1510.4121042622394 6.5700575686988 20.968703872802863 0.18799609957485836 -5.40238006635199 -12.283801776448657 3.2968698204489066 0.31332683262476396 -3.98631938537181e-12 -10.970474943823893 0.0 -71.5271675729404 -67.11926418022617 0.03665966161993885 -115.54121894255694 0.31332683262476396 0.0020189040799643942 -1.33692060600157 -0.36502641222905013 -0.20022999510469383 9.978903685512458 18.3212603871314 1.463685683078895 -1.09922262069594 -2.3223176831096817 116.52661601966506 0.0 -311.29758643856195 198.26696590770152 9.665576852887694 -14.845819194496125 -15.845819194496125 0.3133288156900875 0.14648085878895545
0.0172433465329 3.2914030453899654 172.6937192765276 -1470.182536423326 6.558514594521669 20.91078640233012 0.18818559383593686 -5.273053251572718 -11.996689586955577 3.2914030453899654 0.31364265639322814 7.1264149550793015e-12 -10.68304693056235 0.0 -69.77425898614193 -72.87644616099472 0.03753672981914853 -112.67644521461227 0.31364265639322814 0.0021605699729879144 -1.3362626242134468 -0.36519426473339367 -0.20023859943064715 9.737976474427084 17.89048682830229 1.439993836622939 -1.0986147180866066 -2.3208135080008505 113.66099609839968 0.0 -302.6956289537753 192.67205289945161 9.424333818033857 -14.475573664701844 -15.475573664701844 0.31364483615338157 0.14679710798605328
0.0176692571923 3.285810924500108 172.08990296072525 -1430.9313087209296 6.546705931733534 20.851607278985558 0.18837989352595758 -5.146838165431383 -11.716499469145234 3.285810924500108 0.3139664892099293 -1.0277080542038854e-11 -10.402532979935305 0.0 -68.02206815770448 -77.8836320816627 0.03843410262564608 -109.88073299225934 0.3139664892099293 0.0023118692041225 -1.335600848063109 -0.36536915049775226 -0.20025017219974023 9.502871963362784 17.470093707314543 1.4168857155108636 -1.0979921802354653 -2.319291123682426 110.86442326787866 0.0 -294.30489694031894 187.21491672958746 9.188905474152854 -14.114254743178583 -15.114254743178583 0.31396888499981457 0.14712140804982154
0.0181056878449 3.280090828682856 171.47333805572364 -1392.6355002008465 6.5346261358507745 20.7911432774669 0.1885791285821027 -5.02366133122954 -11.443068333965057 3.280090828682856 0.31429854763683784 1.0219996898135602e-11 -10.128769786328219 0.0 -66.32938872877186 -65.56036282079815 0.03935221811357994 -107.15241792394994 0.31429854763683784 0.0024734241597752244 -1.3348999188636412 -0.3655512520160892 -0.20026478708340287 9.273447810120647 17.059836318401974 1.3943451311678092 -1.0973546644963266 -2.3177501052966547 108.13526811038297 0.0 -286.1204809414373 181.8923632946908 8.959149262483807 -13.761652119031375 -14.761652119031375 0.31430118066556334 0.14745397959840179
0.0185528983347 3.274240085855258 170.84380936823263 -1355.271330659195 6.52226947657668 20.729370957424596 0.18878342685827978 -4.903445937081536 -11.176225677749013 3.274240085855258 0.31463904476379967 -6.672242723965519e-12 -9.861586632985214 0.0 -64.6936938526518 -67.14915993566129 0.040291522323986785 -104.48987579154877 0.31463904476379967 0.0026459020156938593 -1.3342332232143548 -0.3657407547163408 -0.20028251967407812 9.049572597085175 16.659458835035586 1.3723638523472925 -1.0967018206773766 -2.31619000535777 105.47183257369218 0.0 -278.13728670698976 176.70107830551157 8.734933552321376 -13.417545919663803 -14.417545919663803 0.3146419383072936 0.14779504018726075
0.0190111549236 3.2682559811377168 170.2010951139512 -1318.8168219956003 6.5096299102874475 20.666266676045062 0.1889929133011398 -4.786121421936419 -10.915814883267805 3.2682559811377168 0.314988188835233 4.3090128509036646e-12 -9.600826694432572 0.0 -63.07247700206385 -70.73836447268398 0.04125246934070483 -101.89152154683181 0.314988188835233 0.0028300036954170987 -1.333579274128894 -0.36593784676433166 -0.20030344753403984 8.831111625597508 16.26872626195663 1.3509273304830856 -1.096033290927474 -2.3146103515666154 102.87255262426953 0.0 -270.35060714697835 171.63799986461214 8.516123436762275 -13.081734179901513 -14.081734179901513 0.3149913684222314 0.1481448029368886
0.0194807304502 3.262135756715558 169.54498138966656 -1283.2508490163289 6.496701625617668 20.60180659754258 0.18920772588207022 -4.67162009411858 -10.661685728977691 3.262135756715558 0.31534620980345035 -6.46883902063653e-12 -9.34633951917424 0.0 -61.495048436323394 -63.23744936652895 0.042235521363878634 -99.35580836636 0.31534620980345035 0.003026468931866054 -1.3328924382808367 -0.3661427249023947 -0.20032765025427687 8.617931742707263 15.88741319019872 1.3300196442548693 -1.0953487095799066 -2.313010682549863 100.33592661062902 0.0 -262.7559189482446 166.70018563804894 8.302585532903814 -12.754023182587616 -13.754023182587616 0.31534970342707125 0.14850350312908644
0.0199619044923 3.2558766118644127 168.8752523214094 -1248.5515086067292 6.48347866235502 20.535966704773944 0.18942800469621346 -4.559871200206811 -10.41368119260212 3.2558766118644127 0.31571334116035576 1.0140512166585655e-11 -9.097967851441764 0.0 -59.96984657238122 -62.873908379021515 0.043241148780528725 -96.88122673066543 0.31571334116035576 0.003236089470094498 -1.3322270121149131 -0.3663555906523393 -0.20035520951249222 8.409909895655604 15.515284008516394 1.3096322132583085 -1.0946477030081674 -2.3113905225747784 97.8603902411253 0.0 -255.34853160866083 161.8845844859544 8.09419655449525 -12.434210440616882 -13.434210440616882 0.31571717952594913 0.14887138012222878
0.0204549635333 3.249475703065657 168.19168544541415 -1214.6982727483437 6.469954725525905 20.468722812198713 0.18965388661323207 -4.4508087432710575 -10.171654817066397 3.249475703065657 0.31608981102205347 -1.3781013257188768e-11 -8.855565006044344 0.0 -58.464007762615466 -64.80575876066337 0.044269830231947686 -94.46630352627471 0.31608981102205347 0.0034596977698663216 -1.3315716147907182 -0.3665766485142166 -0.20038620913200447 8.206921527039064 15.152118955258912 1.2897521459319408 -1.0939298894853458 -2.3097493690058344 95.44448128048982 0.0 -248.12404995243753 157.1883378540675 7.8908317160170105 -12.122107091340522 -13.122107091340522 0.3160940277973099 0.14924866843720408
0.0209602011325 3.2429301442245664 167.4940657629669 -1181.6714050967162 6.456123718174847 20.40005058032092 0.18988552090235966 -4.344369394247821 -9.935466092257915 3.2429301442245664 0.3164758681705995 1.3457986834822965e-11 -8.618990224087316 0.0 -56.99881173064152 -59.35721502061432 0.045322052677570626 -92.10960117029414 0.3164758681705995 0.0036981713330916143 -1.330892448074792 -0.3668061116982308 -0.20042073514140102 8.0088435150167 14.797707182330006 1.2703652735924016 -1.0931948790483585 -2.308086727237641 93.08679544945699 0.0 -241.07824934016313 152.60869814882415 7.6923676468461 -11.817531941451229 -12.817531941451229 0.31648050025925734 0.1496356238588581
0.0214779181005 3.236237006656821 166.78217574353152 -1149.4506337834953 6.4419793497680455 20.329925528113115 0.1901230579784949 -4.240487620800619 -9.704969613599145 3.236237006656821 0.3168717632974915 -9.839780218818009e-12 -8.388097850301653 0.0 -55.5783524005099 -58.66477412138944 0.04639831145594991 -89.80971675196643 0.3168717632974915 0.003952446889401479 -1.3302347399457375 -0.36704419822101114 -0.20045887584262964 7.815561182911842 14.451830499299552 1.2514632986106633 -1.0924422733291952 -2.306402084641055 90.78588409666175 0.0 -234.20678995063784 148.14284287451537 7.498689419614351 -11.520297485928632 -12.520297485928632 0.31687685116410613 0.15003250477569718
0.0220084226776 3.229393319583797 166.05579383983448 -1118.0169216826284 6.427515070455407 20.25832305119944 0.19036664745215645 -4.139102181077744 -9.480029509731516 3.229393319583797 0.3172777457535941 7.053131445799004e-12 -8.162751763977921 0.0 -54.1800901309325 -59.817163118819416 0.047499110341109305 -87.5652812011316 0.3172777457535941 0.004223507879233497 -1.3295856387737786 -0.3672911303291287 -0.20050072187094076 7.626958648197459 14.114285016012738 1.2330341104457487 -1.0916716654360505 -2.3046949057628288 88.54039046812065 0.0 -227.50559716449942 143.7881224503934 7.309680902443866 -11.230228513461752 -12.230228513461752 0.31728333374546724 0.1504395689390019
0.0225520307177 3.222396070284834 165.3147051044408 -1087.3518551843633 6.4127244718740215 20.185218436864364 0.19061645011035808 -4.04015390737063 -9.26051453506119 3.222396070284834 0.31769408351726347 -6.6324054669527256e-12 -7.942820451543927 0.0 -52.81467074130158 -57.07656001752463 0.048624961595425106 -85.37495847173834 0.31769408351726347 0.004512390493769315 -1.3289200288200647 -0.3675471389453135 -0.200546366266125 7.442921957550126 13.784873774752699 1.2150650123442144 -1.090882639788446 -2.302964658798846 86.34900310171712 0.0 -220.97073064686316 139.54197467726004 7.125227874032864 -10.947155778275018 -11.947155778275018 0.317700220227635 0.15085709351119259
0.0231090658764 3.21524220450286 164.55869465435254 -1057.436940342123 6.397601027708196 20.110586882151427 0.19087263037657753 -3.9435830983155724 -9.046292263481387 3.21524220450286 0.31812105062762924 6.209598352646082e-12 -7.728171212853757 0.0 -51.48782905657011 -54.72732638980614 0.04977638601836116 -83.23744474675408 0.31812105062762924 0.00482019435364799 -1.328254308432733 -0.3678124611027498 -0.20059590454164303 7.263342787768156 13.46339804501287 1.1975465221763586 -1.0900747719730173 -2.3012107980245 84.21040123634585 0.0 -214.59823274887742 135.40182615471855 6.9452217371405265 -10.670908512338737 -11.670908512338737 0.31812778930672125 0.15128536260063985
0.0236798598036 3.2079286268410487 163.78754632345465 -1028.254172305108 6.382138031084927 20.034403512306135 0.19113535455701 -3.8493316197566214 -8.837233754358435 3.2079286268410487 0.31855892426168336 -6.174195583277916e-12 -7.518674830096751 0.0 -50.19484786952195 -53.32200464406045 0.05095391299002972 -81.15146766283831 0.31855892426168336 0.005148079755433006 -1.3276016357989846 -0.36808733946518635 -0.2006494347578908 7.0881152470869235 13.14966432345042 1.180469201187808 -1.089247628590214 -2.299432759319649 82.12329878635899 0.0 -208.38425080438066 131.36517198202148 6.769556322825239 -10.401320442426979 -11.401320442426979 0.31856632325300993 0.1517246644003165
0.0242647523407 3.200452201407694 163.0010432121492 -999.7861238507983 6.366328605887962 19.95664340224808 0.19140479120288534 -3.757343245425884 -8.63321431013587 3.200452201407694 0.31900798533814223 7.834569426009725e-12 -7.314206324797727 0.0 -48.929805296032875 -53.84049805993415 0.052158080510534596 -79.11578555418852 0.31900798533814223 0.005497268638461055 -1.326964151398954 -0.3683720226048563 -0.20070705759372234 6.917135261675806 12.843485470091093 1.163823092399523 -1.0884007671206828 -2.2976299604975616 80.08645136328713 0.0 -202.3250561488939 127.42958813958205 6.598127276337664 -10.138230767108979 -11.138230767108979 0.3190161085520393 0.15217529187143675
0.0248640917236 3.192809752328694 162.19897241338418 -972.016132454653 6.350165880318714 19.877281597105984 0.19168111643406077 -3.6675643788591774 -8.434115088478261 3.192809752328694 0.3194685273901013 -8.486183948671009e-12 -7.11464656108816 0.0 -47.68559791608308 -53.721058441895295 0.0533894352352601 -77.12918671144394 0.3194685273901013 0.005869042825492323 -1.32631734204044 -0.36866676707547275 -0.20076887642514368 6.750299408586447 12.54468312358736 1.1475965974355555 -1.087533735768052 -2.2958018126615043 78.09867118206499 0.0 -196.41708450811643 123.59275768595103 6.430830881196346 -9.881486235860018 -10.881486235860018 0.31947744481538787 0.15263755169032134
0.0254782347891 3.184998064404418 161.3811274602854 -944.9278223481443 6.333643074393156 19.796293134708066 0.1919645167289723 -3.5799422747412217 -8.23981915383823 3.184998064404418 0.31994086121495385 3.447026724635148e-12 -6.919878292623276 0.0 -46.47715551944155 -48.97225982216429 0.05464853250177804 -75.19048866401118 0.31994086121495385 0.006264752776068113 -1.3256464136606354 -0.36897183857882815 -0.20083499740538965 6.587507418170645 12.253081777019027 1.1317790586669498 -1.086646073309036 -2.2939477257988026 76.15878997614935 0.0 -190.65683335321714 119.85240384136146 6.267566556955691 -9.630936057364496 -10.630936057364496 0.319950649483403 0.153111769023891
0.0261075471884 3.177013883733803 160.54730114767057 -918.5043837661632 6.316753208491886 19.71365306818936 0.192255180304626 -3.4944222942434777 -8.050205365436804 3.177013883733803 0.32042530050771 3.9569475653852385e-12 -6.729780064929095 0.0 -45.31063471410674 -48.26404499871555 0.055935936354745475 -73.29853747314117 0.32042530050771 0.006685836071345501 -1.3250024007782173 -0.3692875090449203 -0.2009055295500513 6.428666088768691 11.968499614652638 1.1163647692355445 -1.0857373089304574 -2.292067088848576 74.26560216121152 0.0 -185.04070663038962 116.20618903240182 6.108240788260981 -9.386424017422614 -10.386424017422614 0.3204360435484974 0.15359827334726783
0.026752403604 3.1688539187991025 159.6972798255336 -892.7300541959498 6.299488865586943 19.62933649382414 0.19255328984501885 -3.4109535024661586 -7.865160805250751 3.1688539187991025 0.3209221497416981 -4.502198687988051e-12 -6.544238655509053 0.0 -44.15490750331233 -50.892778849996205 0.05725221956306143 -71.45220704811065 0.3209221497416981 0.007133794019177126 -1.3243854490778944 -0.36961405418736065 -0.20098058481649997 6.273680969641873 11.690767157962227 1.1013446261849045 -1.0848069621090188 -2.2901592530335466 72.41798085206631 0.0 -179.56533281791644 112.65192221972494 5.9527588199001755 -9.14780450548657 -10.14780450548657 0.320933939435313 0.15409738633184578
0.027413187973 3.160514841375355 158.83086335938754 -867.5903496769811 6.2818429643059694 19.54331857748167 0.19285904610566001 -3.3294896139465346 -7.684582914111796 3.160514841375355 0.3214317435094334 -4.5129537299554005e-12 -6.363151170602363 0.0 -43.0238960472457 -46.92918955866871 0.058597963631720845 -69.6503984755871 0.3214317435094334 0.007610181786882959 -1.3237249351268474 -0.36995176216208125 -0.20106027819230632 6.1224548866739585 11.41973045666455 1.0867046879415347 -1.0838545424613295 -2.288223583846537 70.6148971243068 0.0 -174.22761551117352 109.18759135517297 5.801023143164525 -8.914945269936048 -9.914945269936048 0.32144468037359386 0.15460946124922414
0.0280902937159 3.1519932872849616 157.9478585393903 -843.0695517448958 6.263808491357319 19.455574579944397 0.19317266006914285 -3.249979388737636 -7.508358138037921 3.1519932872849616 0.32195443344857144 1.741532232082569e-11 -6.186403704589349 0.0 -41.93618955783207 -45.035283895387515 0.059973758805724545 -67.89203936541654 0.32195443344857144 0.008116669828818177 -1.323077160607582 -0.37030093095137734 -0.2011447277927114 5.974901926046084 11.155219062574023 1.0724403506400342 -1.082879549565841 -2.2862594427190195 68.85522164752797 0.0 -169.0241929603986 105.8110115049466 5.652947492597513 -8.687699880867855 -9.687699880867855 0.321968627519153 0.15513487032169748
0.0287841239707 3.1432858577038196 157.04806118977282 -819.1528690313191 6.245377778912339 19.36607988837161 0.19349433075740413 -3.172374870468161 -7.336380202162439 3.1432858577038196 0.3224905512623402 -2.5177836719308918e-11 -6.013889650900099 0.0 -40.86412981172483 -46.23098034962311 0.06138020406907248 -66.17608321321782 0.3224905512623402 0.00865500043770897 -1.3224546153513188 -0.3706618605863227 -0.20123405495056199 5.830935243067309 10.897073452822875 1.0585440873590313 -1.081881472837047 -2.284266137225135 67.13789473509163 0.0 -163.95190178787 102.52012736592678 5.508444691804969 -8.46593129497081 -9.46593129497081 0.3225061229461672 0.15567396768126107
0.0294950918328 3.1343891205797174 156.13128158860707 -795.8265699384201 6.226543497963929 19.274810049340882 0.1938242757861369 -3.0966319560395643 -7.168551421993309 3.1343891205797174 0.3230404596435615 2.63249584510108e-11 -5.845510962349747 0.0 -39.816121815607964 -43.999557910569784 0.0628179071369825 -64.50150877827026 0.3230404596435615 0.009226978501989572 -1.3218138612330534 -0.3710348643131614 -0.20132838430927302 5.690466149761605 10.645146979775442 1.0450045682996512 -1.0808597914017768 -2.282242988278455 65.46193790531566 0.0 -159.00780662367487 99.3130319371576 5.3674256901180435 -8.24951354730016 -9.24951354730016 0.32305754061756076 0.1562271403940969
0.0302236206011 3.125299611598212 155.1973327252794 -773.0763622171628 6.207298179808918 19.181740797679364 0.19416271688854556 -3.022704131905578 -7.004768762588019 3.125299611598212 0.32360452814757595 -2.3428042639980984e-11 -5.681164234440443 0.0 -38.797976585270156 -43.20108404725891 0.0642874844379361 -62.867319475789955 0.32360452814757595 0.009834522458447778 -1.3211837723689683 -0.3714202636225402 -0.2014278439326803 5.553413203088425 10.399284967832834 1.0318158898535081 -1.0798139739122368 -2.280189297197052 63.82632500061804 0.0 -154.1888512489609 96.18773958438483 5.229808674940849 -8.038313773253307 -9.038313773253307 0.3236232624579619 0.15679478476502573
0.0309701440299 3.1160138360048326 154.24603026791962 -750.8887843830088 6.187634201393939 19.0868480945146 0.19450987939002307 -2.95054786153564 -6.844935809916271 3.1160138360048326 0.32418313231670515 1.9595705671137948e-11 -5.520752677599566 0.0 -37.79892961992271 -42.58729799240391 0.0657895610920571 -61.27254278458457 0.32418313231670515 0.010479625021878169 -1.3205542911904686 -0.3718183882646716 -0.20153256540065162 5.419694213160592 10.159342670768838 1.0189695480461154 -1.0787434784456302 -2.278104343967846 62.23009283736195 0.0 -149.49215759225743 93.14238081084835 5.095511080843886 -7.832207646437979 -8.832207646437979 0.324203677469011 0.15737730544387252
0.0317351065874 3.106528269888283 153.27719838038394 -729.2506357401406 6.167544001799602 18.99010816021245 0.19486599917673497 -2.8801203878924437 -6.688957897800594 3.106528269888283 0.3247766652945583 -1.840555403948456e-11 -5.364181232506036 0.0 -36.82673648747729 -41.04507036106179 0.06732477087825424 -59.71622966823569 0.3247766652945583 0.011164371698997214 -1.3199210012071418 -0.3722295789911556 -0.20164268392421617 5.289229383832879 9.925177958269371 1.0064576534971474 -1.0776477523298398 -2.2759874018142714 60.67229606884282 0.0 -144.91490344719534 90.17512246497762 4.964452718538321 -7.631073094718705 -8.631073094718705 0.32479919348268094 0.15797512733810115
0.0325189637201 3.096839362123116 152.2906645936229 -708.1488008917045 6.147019863941789 18.89149751446653 0.1952313158605391 -2.8113790357914685 -6.536740547478137 3.096839362123116 0.32538552643423185 2.1348935955241686e-11 -5.211355021043905 0.0 -35.87666692371472 -40.67309534979694 0.06889375619552417 -58.197454011340454 0.32538552643423185 0.011890952268826603 -1.3192987920878423 -0.3726541853267152 -0.2017583384516973 5.161942246829935 9.696648979072462 0.9942739198405806 -1.076526232032649 -2.2738377214517023 59.15199294070431 0.0 -140.45428445849032 87.28414311864088 4.836556720395703 -7.434788287743453 -8.434788287743453 0.32541022590209745 0.1585886845091995
0.033322182124 3.086943536044575 151.2862624267206 -687.5708666930366 6.126054002043199 18.79099301403563 0.19560607566260566 -2.7442836556567283 -6.388194902441034 3.086943536044575 0.32601012610434277 -2.8630539287662517e-11 -5.062184776336691 0.0 -34.94759602556391 -39.36579599908321 0.07049716801366947 -56.71531206881344 0.32601012610434277 0.012661635028438815 -1.31867154379119 -0.37309256685629655 -0.20187967178846017 5.0377559967667915 9.47362231162677 0.9824100031892501 -1.075378343007368 -2.2716545366662895 57.66829506168854 0.0 -136.10764678874617 84.46771942618142 4.711745870662448 -7.2432386456150955 -8.243238645615095 0.3260372025495447 0.15921842506892947
0.0341452400225 3.0768371916074955 150.26383498897462 -667.5043733449361 6.104638693657457 18.688571895780065 0.19599053563602484 -2.6787936649228152 -6.243231160029997 3.0768371916074955 0.32665089272670805 3.693164498529962e-11 -4.916580267303289 0.0 -34.04361589028426 -38.56551207653311 0.07213566581750658 -55.26892192854994 0.32665089272670805 0.013478802286094035 -1.3180518295567438 -0.373545094987482 -0.20200683071234415 4.916597751641704 9.255963109136092 0.9708598462105549 -1.074203499581356 -2.2694370728022464 56.22030717179545 0.0 -131.87232626537175 81.72412126436754 4.589946858914995 -7.056308368599792 -8.056308368599792 0.3266805709223799 0.1598648186891114
0.0349886274511 3.066516707285232 149.22322739177048 -647.9373356852549 6.082765953709685 18.584211817404896 0.19638495343068071 -2.6148701195324615 -6.101763159599072 3.066516707285232 0.3273082557178012 -4.410861451899834e-11 -4.774454903881271 0.0 -33.156760741105984 -38.126925434015995 0.07380991753895974 -53.85742298723583 0.3273082557178012 0.014344927679187457 -1.3174383615555456 -0.3740121495489172 -0.2021399661032709 4.798395430594395 9.04354198749267 0.9596165663466364 -1.0730011048009407 -2.267184523561813 54.8071691492421 0.0 -127.74576000411386 79.05168464724935 4.471087174876594 -6.873886353602287 -7.873886353602287 0.32734078120471144 0.1605283396935766
0.0358528465491 3.0559784426942187 148.16429866674713 -628.8582418692746 6.060428004013442 18.477890905879235 0.19678960227913414 -2.5524757333202457 -5.963708447791856 3.0559784426942187 0.32798267046522356 4.5190755396493896e-11 -4.635725777326632 0.0 -32.29242324387712 -36.74775265394002 0.07552059948374343 -52.47997543890656 0.32798267046522356 0.015262572018206818 -1.3168151618917747 -0.37449412442965657 -0.2022792330631592 4.683077656282041 8.83623511486604 0.9486723937770594 -1.0717705503468964 -2.264896082979403 53.42805635999419 0.0 -123.72548661899854 76.44881156508741 4.355094985816818 -6.695866278744615 -7.695866278744615 0.3280183113719355 0.1612094923127283
0.0367384118589 3.045218740512081 147.0869132454506 -610.2553947796891 6.037616907682821 18.36958779901051 0.1972047595362111 -2.491572217583569 -5.828982349498614 3.045218740512081 0.3286745992270185 -4.0222988271058366e-11 -4.500307750271595 0.0 -31.449587418506482 -36.193713911627015 0.07726839624271369 -51.135759775304926 0.3286745992270185 0.016234427994434083 -1.316204871493646 -0.37499142377085665 -0.20242479106169206 4.570577576348214 8.633915324505582 0.9380225715720774 -1.070511216353434 -2.262570919457928 52.08212582326921 0.0 -119.80900421085622 73.91387771062068 4.241902977121195 -6.522138957157754 -7.522138957157754 0.32871364838379646 0.16190879221675392
0.0376458506318 3.0342339296649103 145.9909429138094 -592.1178407216004 6.014324632688395 18.259281700096256 0.1976307085253744 -2.4321240442818692 -5.697506333256561 3.0342339296649103 0.32938451420895737 3.2194131829732323e-11 -4.368121819047603 0.0 -30.624001661861545 -35.43689571273621 0.07905400059954108 -49.823976299742114 0.32938451420895737 0.017263258873218463 -1.3155923453188052 -0.3755044628983723 -0.20257680405966824 4.460827270885425 8.436464661815187 0.9276597441506613 -1.0692224713607976 -2.2602081791446027 50.76859213356791 0.0 -115.99396998428224 71.44536246706612 4.131442756676468 -6.352603124780685 -7.352603124780685 0.3294272912440598 0.16262676955490551
0.0385757031424 3.0230203275581773 144.87627318118487 -574.4346575457523 5.990543292858642 18.146952423163427 0.1980677466906648 -2.3740955677460875 -5.569201627125624 3.0230203275581773 0.330112911151108 -2.397948085887294e-11 -4.239088715974516 0.0 -29.81952517466736 -34.50627719399485 0.08087811342155303 -48.54384465115498 0.330112911151108 0.01835194577848593 -1.314982207410047 -0.3760336715797752 -0.20273544066510635 4.353761907972443 8.243764803638067 0.9175781891313157 -1.0679036721412725 -2.2578070025723136 49.486669446317244 0.0 -112.27804748490841 69.0417492446069 4.0236489968213345 -6.187157207818138 -7.187157207818138 0.3301597649202703 0.16336398326186385
0.03952852301 3.011574243431454 143.74279510466664 -557.1952234463826 5.966264795703862 18.03258044970425 0.1985161739539665 -2.31745211812789 -5.443991631327114 3.011574243431454 0.33086028992327754 1.6565158765893167e-11 -4.113131341403836 0.0 -29.032820470090442 -33.88246258412525 0.08274144354561005 -47.29460334086486 0.33086028992327754 0.019503469614047836 -1.3143764537731286 -0.3765794901447507 -0.20290087427109815 4.249318063041602 8.055700683682911 0.9077721579619393 -1.0665541636416374 -2.255366498688922 48.23559338578065 0.0 -108.65896390149648 66.70156303159379 3.9184577731183245 -6.025702433690159 -7.025702433690159 0.330911601084692 0.1641210019674486
0.0405048775283 2.999891981177326 142.59041449213706 -540.3892509212872 5.941481201075012 17.916146980176734 0.19897630470483663 -2.2621601544093126 -5.32180227602786 2.999891981177326 0.33162717450806106 -1.0710041013417797e-11 -3.990175101519799 0.0 -28.264834934422986 -33.01097269864647 0.08464470764798265 -46.07550930005644 0.33162717450806106 0.0207209039748911 -1.3137709378939633 -0.3771423741348423 -0.20307328321694837 4.14743343372564 7.872161022539104 0.8982356198907087 -1.0651732788472976 -2.252885769762902 47.01462413192538 0.0 -105.13451773345902 64.4233751579877 3.8158062592175788 -5.868143292739493 -6.868143292739493 0.3316833582928549 0.16489842440178126
0.0415053480033 2.987969842859447 141.41904523003274 -524.0065873103807 5.916184427385573 17.797633992605444 0.1994484580305666 -2.2081864400968754 -5.202560175075377 2.987969842859447 0.332414096717611 7.692570719329297e-12 -3.8701460783577666 0.0 -27.514730338517182 -32.424444618304214 0.08658863010711149 -44.88583743821239 0.332414096717611 0.022007433524801053 -1.3131714928304277 -0.377722791130909 -0.203252850942181 4.04804797664169 7.693035563707196 0.8889634462287483 -1.063760338712895 -2.250363889460428 45.823029834842394 0.0 -101.70253551861087 62.20577529619533 3.715633879924079 -5.7143851570869595 -6.7143851570869595 0.3324756060030084 0.16569686376537485
0.042530530099 2.9758041320894986 140.22861572942222 -508.03747948172173 5.890366498626287 17.677024299813812 0.19993296604914973 -2.1554991561294883 -5.086195111471678 2.9758041320894986 0.33322161008191625 -4.983498380762035e-12 -3.7529735013897616 0.0 -26.780856407792218 -31.72792180213402 0.08857394285080859 -43.724880212922706 0.33322161008191625 0.023366322339981784 -1.3125713117058808 -0.37832122410917407 -0.20343976615495216 3.9511022153852386 7.51821879718021 0.8799497324369663 -1.062314652060272 -2.247799919774133 44.660108820990956 0.0 -98.36092895310985 60.04740850876879 3.6178806053033226 -5.564337486040897 -6.564337486040897 0.3332889386111515 0.16651696193415333
0.0435810341924 2.9633911577822727 139.01906651190532 -492.47232150316233 5.864019425299097 17.554301610413887 0.20043016995280818 -2.1040668511030747 -4.9726376986776595 2.9633911577822727 0.33405028325468034 7.582837641734018e-13 -3.638587415422979 0.0 -26.06521298731357 -30.834581302096133 0.09060138519449343 -42.59194720924134 0.33405028325468034 0.024800937653447822 -1.3119715003793289 -0.3789381703911336 -0.2036342230020704 3.8565387146945316 7.347606453598261 0.8711893202587235 -1.060835515504786 -2.245192901553353 43.52516861041536 0.0 -95.10764045855643 57.94693986737496 3.522488431439851 -5.417910810085143 -6.417910810085143 0.3341239692236109 0.1673593836569145
0.044657485737 2.9507272380036755 137.79035174058407 -477.30167216748623 5.837135247812369 17.429450590644176 0.20094042152743094 -2.0538585095606514 -4.8618195346198645 2.9507272380036755 0.33490070254571824 6.6934087517468745e-12 -3.5269188320741462 0.0 -25.36632562065767 -30.343143693022185 0.0926717036655855 -41.48636472963884 0.33490070254571824 0.02631474777251525 -1.3113792468056857 -0.37957414257985334 -0.20383642124839385 3.7643019196485814 7.181095734414557 0.8626776663571762 -1.059322213376063 -2.242541856746813 42.41752733957996 0.0 -91.94064693791157 55.90305687036652 3.429401217102863 -5.275016929521788 -6.275016929521788 0.33498133249383055 0.16822481974472514
0.0457605256347 2.9378087041919927 136.54243747837927 -462.51647923830774 5.809705941819493 17.302456929755426 0.20146407988581125 -2.0048445191167086 -4.75367534601611 2.9378087041919927 0.3357734664763521 -1.4387129623647319e-11 -3.417901879539758 0.0 -24.68174096433487 -29.73184597426996 0.09478565181560492 -40.40747539450263 0.3357734664763521 0.027911284037850204 -1.3107884122768354 -0.3802296677863161 -0.20404656645891045 3.6743366752356468 7.018588530198714 0.8544093782689288 -1.0577740176663915 -2.239845780495018 41.336532762720815 0.0 -88.85800779658845 53.91450078223674 3.338563208759295 -5.135571679636858 -6.135571679636858 0.33586167935742817 0.16911398201302608
0.0468908106178 2.924631905463138 135.2753090771339 -448.10789409485744 5.781723711352023 17.173307406000657 0.2020015215920532 -1.9569958926706832 -4.648141274960115 2.924631905463138 0.33666920265342204 1.766862365196357e-11 -3.311472072306693 0.0 -24.014299140886514 -28.87237537967365 0.09694399002000957 -39.354637751413954 0.33666920265342204 0.02959415630563367 -1.3101945232533936 -0.3809052916865587 -0.20426487019117995 3.586589314151801 6.859988844889033 0.8463793410653054 -1.0561901879721989 -2.237103661535559 40.28154688969612 0.0 -85.85782537876598 51.98004067503124 3.249920111498379 -4.99949272140588 -5.99949272140588 0.33676569432338976 0.17002762105587688
0.0480490136401 2.9111932130451152 133.98896405244002 -434.06708044597724 5.753180665362329 17.041989953610713 0.20255312957233562 -1.910283430636034 -4.545153000779832 2.9111932130451152 0.33758854928722604 -1.531739134992736e-11 -3.207564451492606 0.0 -23.36247936221588 -28.40384860749373 0.09914748526314754 -38.32722589432718 0.33758854928722604 0.031367085569465304 -1.3096108458877467 -0.3816015749836608 -0.20449155019769252 3.501008822364059 6.7051999847406725 0.8385839259660482 -1.0545699714336376 -2.2343144575979172 39.25192950603735 0.0 -82.93820341278666 50.098446564949626 3.163420273076833 -4.866697119206693 -5.866697119206693 0.3376940775271273 0.1709665089184509
0.049235824277 2.8974890253537393 132.68341634734378 -420.3856984523045 5.724068977787423 16.908493735662358 0.20311929852215846 -1.864679839424369 -4.4446504557906845 2.8974890253537393 0.33853216420359744 1.0586759022301481e-11 -3.1061182915870873 0.0 -22.72386176615076 -27.84639268794358 0.10139691091250373 -37.32462909258532 0.33853216420359744 0.03323380622779808 -1.3090265301259478 -0.38231909579225654 -0.20472683062526836 3.4175436789121614 6.554131628951494 0.8310178257608478 -1.0529126027339875 -2.2314771058763414 38.247079668335715 0.0 -80.09735117422107 48.26855715992548 3.0790115147085637 -4.737107422246883 -5.737107422246883 0.33864755374235633 0.1719314481062173
0.0504519491367 2.883515772764626 131.35870002287442 -407.0554947073288 5.694381025373278 16.77280921348819 0.20370043990542167 -1.8201579541308455 -4.346573883113615 2.883515772764626 0.3395007331757028 -7.680152446528903e-12 -3.007073149937913 0.0 -22.100831904738616 -27.103005061608094 0.10369304647623688 -36.346251427901976 0.3395007331757028 0.03519812788024087 -1.3084410904064683 -0.3830584519204174 -0.2049709422364162 3.336144411360658 6.4066939136118535 0.8236766626558616 -1.0512173040451054 -2.2285905323010047 37.26640086979651 0.0 -77.33349545371726 46.48922242740427 2.9966436781849555 -4.610646580987041 -5.610646580987041 0.3396268814335536 0.1729232814714261
0.0516981122803 2.8692699230146412 130.01486473270833 -394.06833768954664 5.664109173308283 16.634928221653574 0.2042969743355701 -1.7766908839585067 -4.250864148553082 2.8692699230146412 0.3404949572259502 6.830189336140496e-12 -2.9103691913271317 0.0 -21.492337322940802 -26.559260135494966 0.10603667734802223 -35.39151144125989 0.3404949572259502 0.037263926381741676 -1.3078611792291994 -0.3838202586230009 -0.20522412262911474 3.2567633250963506 6.262797903754305 0.8165567434744707 -1.049483285031279 -2.22565363441689 36.309303896447574 0.0 -74.64488785114364 44.75930848179438 2.9162683678704004 -4.487238349124879 -5.487238349124879 0.3406328405227339 0.17394288051641005
0.0529750556537 2.854747986713358 128.65197880791388 -381.416393820636 5.633245885728886 16.494844043296716 0.20490933546110238 -1.734252804176884 -4.157464506261376 2.854747986713358 0.3415155591018373 -5.3251852360842965e-12 -2.815948947159539 0.0 -20.897009502909473 -26.051550086706737 0.10842859453904741 -34.45984178729073 0.3415155591018373 0.0394350894350687 -1.3072848806220279 -0.38460515051298283 -0.20548661646878302 3.1793532921410033 6.122358239691451 0.8096538618922593 -1.04770974284907 -2.2226652883975513 35.37522219506626 0.0 -72.02984266957849 43.07772219575537 2.8378377330391658 -4.3668095606427055 -5.3668095606427055 0.3416662391433708 0.17499115246621333
0.0542835395283 2.8399465231973537 127.27013058820958 -369.0920372283954 5.601783763744433 16.35255148797158 0.20553797128931575 -1.6928185679459002 -4.066319738086173 2.8399465231973537 0.34256328548219295 2.8750626624865664e-12 -2.72375645260398 0.0 -20.31491874997593 -25.463025674493668 0.11086959439272367 -33.550688898496254 0.34256328548219295 0.04171551844744968 -1.3067089976327608 -0.3854137825707976 -0.2057586757271774 3.103868270793791 5.9852918453018615 0.8029638487842374 -1.0458958621714887 -2.2196243506147297 34.46360425147822 0.0 -69.48671748638479 41.44339851959327 2.761304985311598 -4.249289019973245 -5.249289019973245 0.3427279164212492 0.17606904371162857
0.0556243429547 2.824862146465737 125.8694297239014 -357.0877831517169 5.569715582464235 16.208046969337133 0.20618334558146234 -1.6523634085614984 -3.977375493961052 2.824862146465737 0.34363890930243723 -5.137537559507977e-13 -2.6337365846586147 0.0 -19.746435199178077 -24.88738355165194 0.11336047828675895 -32.663512656116744 0.34363890930243723 0.044109132024871454 -1.306134473854847 -0.38624683121055153 -0.20604055993537124 3.0302636939342698 5.851516937840765 0.7964829892595455 -1.0440408152047465 -2.216529659242486 33.573907841504386 0.0 -67.0138988060444 39.855291110671025 2.6866247846318325 -4.134606651425881 -5.134606651425881 0.34381874544130075 0.17717754351534887
0.0569982642256 2.8094915315526663 124.45000560056583 -345.39630674527507 5.537034201872206 16.061328585982046 0.20684593452757377 -1.6128630248250242 -3.8905784766890523 2.8094915315526663 0.344743224212623 8.494545674659204e-13 -2.5458352524764294 0.0 -19.190560931425413 -24.40149627729624 0.11590205231809132 -31.797786070439077 0.344743224212623 0.0466198475507297 -1.3055644401085686 -0.38710499366724577 -0.2063325364422707 2.9584962939884933 5.720953306962703 0.7902078709923182 -1.042143761741303 -2.2133800261399372 32.70560165647045 0.0 -64.60980591697138 38.31237490144306 2.6137530697758704 -4.022693737388656 -5.022693737388656 0.34493962828748104 0.178317679720426
0.058406121352 2.7938314211305766 123.01200992094547 -334.0105404361081 5.503732660387001 15.912396203233426 0.20752623012031654 -1.5742940417495226 -3.8058774707327414 2.7938314211305766 0.34587705020052756 -3.3825299243664185e-12 -2.460000420532214 0.0 -18.646831724106082 -23.86241920958547 0.11849512697578993 -30.95299496766889 0.34587705020052756 0.049251525322175665 -1.3049951284889474 -0.3879889898163179 -0.20663488068434369 2.8885233821833283 5.593523856032269 0.7841346794596777 -1.0402038492244925 -2.2101742425638222 31.858174081743762 0.0 -62.27291184334799 36.81365968609039 2.5426463319828008 -3.913484245112878 -4.913484245112878 0.3460915020817068 0.17949052526355058
0.0598487525494 2.777878632340224 121.55561778518309 -322.9235291186029 5.469804204654736 15.761251535759945 0.20822474124827828 -1.5366333459589359 -3.723221866943233 2.777878632340224 0.34704123541379717 6.1187231939943014e-12 -2.3761806315294356 0.0 -18.115620976605985 -23.350278124900072 0.1211405167943582 -30.12863768556707 0.34704123541379717 0.05200799681356037 -1.304428298113848 -0.38889956320315067 -0.2069478764676379 2.8203037784058704 5.46915238861025 0.7782601601844367 -1.0382202128245719 -2.2069110800629175 31.03112046751614 0.0 -60.00171217432175 35.35816979630584 2.4732625429920736 -3.806912924280585 -4.806912924280585 0.3472753417367084 0.1806972019989641
0.0613270167374 2.7616300639262437 120.08102676736135 -312.1285022485773 5.435242229556377 15.607898231550916 0.20894199137931543 -1.4998584256092464 -3.6425624145084226 2.7616300639262437 0.3482366522988591 -7.31317686223615e-12 -2.2943257622095636 0.0 -17.595778964470554 -22.89129254508935 0.12383903999425622 -29.324224775661538 0.3482366522988591 0.054893017023064934 -1.3038644869368454 -0.38983748087428477 -0.20727181626026725 2.7537972668063473 5.347764737663014 0.7725810920278269 -1.0361919755364042 -2.2035892843960165 30.22394957312071 0.0 -57.79474040560622 33.94495413130899 2.4055606145074884 -3.702916276630752 -4.702916276630752 0.3484921566629148 0.18193887805301068
0.0628417940508 2.7450827037046546 118.58845980769904 -301.61889880710413 5.400040390766511 15.45234195733091 0.20967852273775384 -1.4639475021325645 -3.563851519906075 2.7450827037046546 0.3494642045629231 4.9480886510789115e-12 -2.214387315343152 0.0 -17.08750818602596 -22.366664415789835 0.12659151810540792 -28.53927871323215 0.3494642045629231 0.05791022165797344 -1.3033002810269743 -0.39080353556719966 -0.20760700149539899 2.688964361497229 5.229289211671472 0.7670940718308006 -1.034118248302825 -2.2002075826926895 29.436186014897864 0.0 -55.65057334986317 32.57308960929858 2.339500156934306 -3.6014329415911863 -4.601432941591186 0.34974299836226674 0.183216776137747
0.0643939863638 2.7282336361621446 117.07816482198075 -291.3882354737777 5.364192570886718 15.294590483334213 0.21043489500682178 -1.428878902272455 -3.487041849504451 2.7282336361621446 0.35072482501136965 -4.5186439687693463e-13 -2.1363170244930814 0.0 -16.590757663536753 -21.90449412179784 0.12939877557334198 -27.773333614113 0.35072482501136965 0.06106316360609846 -1.3027398961928718 -0.3917985459721421 -0.2079537428908422 2.6257671846716977 5.1136544992528865 0.7617964231733341 -1.0319981301393681 -2.1967646793443887 28.66735839726452 0.0 -53.56780267988586 31.241662651188257 2.275042359660328 -3.5024018942027997 -4.5024018942028 0.3510289594585755 0.18453217395035626
0.065984517827 2.711080050564665 115.55041440078217 -281.4302501535601 5.327692849594273 15.134653770790589 0.2112116840050777 -1.3946317557824401 -3.4120878780425747 2.711080050564665 0.3520194733417962 -3.6368046878724642e-12 -2.0600684047007785 0.0 -16.104432539843057 -21.469579348399826 0.13226163935145047 -27.02593495850273 0.3520194733417962 0.06435521267949854 -1.3021818108303584 -0.39282335700539894 -0.20831236077537532 2.564168401194363 5.000791992616597 0.756685141575196 -1.0298307083084621 -2.1932592519542617 27.917012399626635 0.0 -51.545065653848184 29.949789212407726 2.212148927852567 -3.405764441954302 -4.405764441954302 0.3523511718899728 0.18588640280869062
0.0676143354174 2.693619249191472 114.005509434136 -271.73884027773204 5.29053565517451 14.972544058292737 0.21200948754841512 -1.3611857104232028 -3.33894526397514 2.693619249191472 0.3533491459140252 6.184494874283322e-12 -1.9855961180611146 0.0 -15.628813478192749 -20.994328815137898 0.13518093847385404 -26.29663932163956 0.3533491459140252 0.06778954670387267 -1.3016238923707704 -0.39387884270486917 -0.20868318543316752 2.504131599781721 4.8906348473247006 0.7517572988098478 -1.027615058496085 -2.189689961654761 27.18470539092355 0.0 -49.58103194444968 28.69660610566544 2.1507824538676954 -3.3114634194039043 -4.311463419403904 0.35371081770545265 0.18728085961728835
0.0692844095022 2.6758486558490393 112.44377735239965 -262.3080033704004 5.2527156714478345 14.808275948290888 0.21282892173841858 -1.3285206408549282 -3.2675701970678683 2.6758486558490393 0.354714869564031 -6.855558531080581e-12 -1.9128553275038374 0.0 -15.163667444795918 -20.556132324465736 0.1381575036114401 -25.5850141109394 0.354714869564031 0.07136915705689378 -1.3010685857115796 -0.3949659057232988 -0.2090665574626759 2.445621678787969 4.783117005747125 0.747010453272829 -1.0253502450111174 -2.186055444087916 26.470000969315738 0.0 -47.67439067043766 27.48126261143981 2.090906809223938 -3.219442346760161 -4.219442346760161 0.35510912410292217 0.18871700330020125
0.0709957344169 2.6577658248088287 110.86557368606186 -253.13191688579388 5.214227898279695 14.641866494806104 0.2136706232135929 -1.2966170517378393 -3.1979202975116325 2.6577658248088287 0.3561177053559882 7.758377355627742e-12 -1.8418025921556445 0.0 -14.708404392112456 -20.139439278243575 0.1411921666132885 -24.890637309403566 0.3561177053559882 0.07509676033226612 -1.3005151754942936 -0.39608547899303603 -0.20946282814647726 2.388604217957508 4.678174544482118 0.742442034470861 -1.0230353210270813 -2.1823543124061193 25.772476446315395 0.0 -45.82386753807609 26.302931603943335 2.0324865126015195 -3.1296465894106564 -4.129646589410656 0.35654736782476126 0.19019635991262862
0.072749329057 2.639368449883878 109.27128282123974 -244.20490009270068 5.175067676964369 14.473335289473424 0.21453525010581995 -1.2654558980799313 -3.1299542181121733 2.639368449883878 0.35755875017636657 -8.808530811639179e-12 -1.7723954679358067 0.0 -14.26284823076237 -19.713643568652266 0.1442857600271188 -24.213097225581187 0.35755875017636657 0.07897477903016586 -1.299962921591387 -0.3972385269724995 -0.2098723598409635 2.333045705370213 4.57574507710947 0.7380495909824687 -1.0206693288314899 -2.178585157564151 25.091719461553954 0.0 -44.028216593116504 25.160804160690752 1.9754869551938465 -3.042022844944288 -4.042022844944288 0.35802687793593246 0.19172052675725082
0.0745462374847 2.6206543739056194 107.66131892740351 -235.52140387542192 5.135230727100004 14.302704548081552 0.2154234834319285 -1.2350185401142166 -3.063631546078894 2.6206543739056194 0.35903913905321416 9.277452342804377e-12 -1.70459240702568 0.0 -13.826912610212142 -19.29758343554554 0.14743911660434195 -23.551992249462195 0.35903913905321416 0.0830053061551229 -1.2994116651338636 -0.39842604708392104 -0.21029552637896676 2.2789135681059123 4.475767606100603 0.7338308396672621 -1.0182513001176365 -2.174746549439155 24.427327133767484 0.0 -42.28621798433455 24.054088081289642 1.9198744290526981 -2.9565190165384823 -3.9565190165384823 0.359549039302274 0.19329117716578725
0.0763875295505 2.6016215983506994 106.03612584035054 -227.0759991071454 5.0947131352209745 14.129999195044624 0.2163360265594768 -1.2052866881272404 -2.9989126796301293 2.6016215983506994 0.3605600442657947 -7.671468164983744e-12 -1.6383526353643347 0.0 -13.400178029014999 -18.9053409315269 0.15065306878478676 -22.90693061435767 0.3605600442657947 0.08719007254634537 -1.2988626181117127 -0.39964907050949444 -0.21073271349334347 2.2261762176680397 4.378182338023262 0.7297837296087067 -1.01578025628851 -2.1708370340804497 23.77890503032641 0.0 -40.596675367758706 22.982006202116676 1.8656161734022452 -2.873084053819049 -3.873084053819049 0.36111529296828226 0.1949100622993727
0.0782743015304 2.582268293434026 104.39617801562528 -218.86341732179767 5.053511397388074 13.955246948420152 0.21727360681132482 -1.1762426247135032 -2.935759324269007 2.582268293434026 0.3621226780188747 4.430112112992137e-12 -1.5736366462501326 0.0 -12.982350667412675 -18.510486836523928 0.1539284481664371 -22.27753016449951 0.3621226780188747 0.09153035811751736 -1.2983141188593876 -0.40090866379096557 -0.2111843192528396 2.174802690394831 4.282931427063885 0.7259060961771666 -1.0132552088155624 -2.1668551351905263 23.14607118083065 0.0 -38.95842461185018 21.94380203872419 1.8126800123759566 -2.791668592884384 -3.791668592884384 0.3627271397068548 0.19657901565699465
0.0802076767782 2.5625928082549265 102.74198161591283 -210.87849243183064 5.011622471043842 13.7784784014276 0.21823697762704625 -1.147868906246469 -2.874133832587778 2.5625928082549265 0.3637282960450771 -5.139983973155105e-13 -1.5104055365427007 0.0 -12.57336159635197 -18.126241665455108 0.15726608495168268 -21.663418128513026 0.3637282960450771 0.0960269959463167 -1.2977668498041233 -0.4022059306888202 -0.21165075452326923 2.1247630531884316 4.189957983533308 0.7221960874224946 -1.0106751596010242 -2.1627993565352615 22.528450635244162 0.0 -37.370321250522295 20.938731578283754 1.7610347571433544 -2.712224104996262 -3.712224104996262 0.36438614535071767 0.19829996034702546
0.0821888063947 2.5425936813863927 101.07407376671472 -203.11619071898036 4.969043741951978 13.599727103720095 0.2192269170136714 -1.1201485285507287 -2.8139995701329843 2.5425936813863927 0.3653781950227857 -3.0390826139305623e-12 -1.4486213751101986 0.0 -12.172788524626663 -17.75550724162438 0.16066680737879277 -21.064230898131612 0.3653781950227857 0.10068029069672296 -1.2972206509886526 -0.4035420127491263 -0.21213244344298302 2.0760281269675915 4.099206623525214 0.718651901721082 -1.00803910139666 -2.1586681771451057 21.925678424288066 0.0 -35.83124680876194 19.96606742008909 1.7106499319448059 -2.63470336834631 -3.63470336834631 0.36609393929863376 0.20007490877882117
0.0842188699126 2.5222696516217757 99.39302440181507 -195.57160319397823 4.9257731195698256 13.419029639517262 0.2202442315969934 -1.0930648961645806 -2.7553208531020212 2.5222696516217757 0.3670737193283224 6.0369956152579855e-12 -1.3882471337736988 0.0 -11.780507773575101 -17.387421589857972 0.16413144113067268 -20.479613812546013 0.3670737193283224 0.10548996693900445 -1.2966748794312473 -0.4049180919405041 -0.21262982392198876 2.0285695023451007 4.010623373210258 0.7152718189558303 -1.0053460182444438 -2.1544600572924195 21.337398990407184 0.0 -34.34010719346856 19.025097665295522 1.6614957830167785 -2.5590603878198093 -3.5590603878198093 0.3678522226810701 0.20190597237887054
0.0862990759995 2.50161966897345 97.69943540455529 -188.23992589240606 4.881809004376145 13.236425703155145 0.22128975512925392 -1.0666017215331154 -2.6980627221169287 2.50161966897345 0.36881625854875655 -8.046657113286904e-12 -1.3292464635681722 0.0 -11.39624141506113 -17.030996850741992 0.16766080872589534 -19.90922094763191 0.36881625854875655 0.11045513818104516 -1.2961300363426353 -0.40633539135511065 -0.21314334816251373 1.9823596557463865 3.9241553303258074 0.7120543338668363 -1.0025948859541367 -2.150173433691005 20.763264344980275 0.0 -32.89582834505401 18.115123104062377 1.61354339719763 -2.4852501032217997 -3.4852501032217997 0.36966276756690597 0.2037953626587652
0.0884306631766 2.4806429059777075 95.99394181109774 -181.11648090305766 4.837150360305478 13.05195817221089 0.22236435160740853 -1.0407431504531366 -2.6421912256105387 2.4806429059777075 0.37060725267901423 8.462361470499014e-12 -1.2715839729315244 0.0 -11.01978653828789 -16.679954901332902 0.17125572888745735 -19.35271491075165 0.37060725267901423 0.11557421681390531 -1.2955853449511388 -0.4077951776206648 -0.21367348320015792 1.9373717371149461 3.8397510875228034 0.7089979563183502 -0.9997846726281577 -2.145806723530637 20.20293628933115 0.0 -31.497360767705153 17.23546011942598 1.5667644844359319 -2.4132287548060516 -3.4132287548060516 0.37152742336369005 0.2057453988913751
0.0906149005571 2.459338769094709 94.27721144664808 -174.19668657075698 4.791796713360125 12.86567317601346 0.223468915205076 -1.0154736028243334 -2.5876730658393723 2.459338769094709 0.37244819200846 -7.249990119109684e-12 -1.2152248738309122 0.0 -10.65090419596386 -16.341427016714736 0.17491701589185388 -18.809766639976413 0.37244819200846 0.12084489689035789 -1.29504139886415 -0.4092987622367392 -0.21422071147274094 1.8935797742354692 3.757360201422905 0.7061014325962581 -0.9969143392089418 -2.1413583223008685 19.656083563413134 0.0 -30.1436730556099 16.385436469915447 1.521131582227009 -2.342953426782925 -3.342953426782925 0.37344811870099714 0.20775851217145846
0.0928530886009 2.437706910475398 92.5499453966725 -167.47608490926024 4.745748196758159 12.677620161613847 0.22460437225192645 -0.9907779384514667 -2.5344759702653725 2.437706910475398 0.3743406204198774 4.957345580188388e-12 -1.1601353498454952 0.0 -10.289333078745507 -16.00602087779399 0.1786454788959812 -18.280055208655785 0.3743406204198774 0.12626404558094248 -1.294497074732778 -0.41084750370271245 -0.21478553140922957 1.8509584021897314 3.6769337485914337 0.7033634862600435 -0.9939828400886893 -2.1368266055001555 19.12238473942316 0.0 -28.83375777056906 15.564395088725075 1.476617781769854 -2.2743825262941586 -3.2743825262941586 0.375426865843691 0.2098372509620423
0.0951465598893 2.415747239732749 90.81287826715153 -160.9503072502552 4.699005589937278 12.487851953701808 0.22577168310600704 -0.9666412677314629 -2.4825682736343726 2.415747239732749 0.37628613851001175 -2.4346576489951382e-12 -1.1062821351243608 0.0 -9.934973396631586 -15.67867078714541 0.18244192124079292 -17.76326763432728 0.37628613851001175 0.1318276966817271 -1.293952676513591 -0.4124428096867366 -0.21536845805078925 1.8094831145003296 3.5984236976148876 0.7007830855082489 -0.9909891237367352 -2.132209929979719 18.60152488779341 0.0 -27.56662404508769 14.771689239378627 1.433196975990318 -2.207475244524823 -3.207475244524823 0.37746576608443616 0.21198428893740418
0.0974966799186 2.393459936041245 89.0667775157088 -154.61508906987336 4.651570315348196 12.29642481097594 0.22697184198755285 -0.9430490454338933 -2.4319191261309525 2.393459936041245 0.3782864033125881 1.8220300975417978e-13 -1.0536327228183644 0.0 -9.587505171661215 -15.359762092364479 0.18630713973462923 -17.25909869227594 0.3782864033125881 0.137530962529155 -1.293408136382613 -0.414086138525535 -0.21597002369442184 1.769130098553917 3.521783221425566 0.6983592907142444 -0.9879321333922818 -2.127506631456563 18.09319718734989 0.0 -26.341300708381887 14.006684553421728 1.3908436952413288 -2.14219182512866 -3.14219182512866 0.3795670109054885 0.21420242760210884
0.0999048479126 2.3708454602941607 87.31244406346491 -148.46626760020283 4.603444505649965 12.103398476273906 0.22820588025781383 -0.919987067421015 -2.3824984909471647 2.3708454602941607 0.38034313376302303 5.694302815404452e-13 -1.0021553571841417 0.0 -9.246812106074435 -15.046607726180696 0.1902419239097527 -16.767250733692673 0.38034313376302303 0.14336796943453597 -1.2928629122775597 -0.4157790020439914 -0.21659077856861564 1.7298762161915147 3.4469666918330732 0.6960912474545895 -0.984810807790521 -2.1227150283518004 17.597102849766912 0.0 -25.156835801336385 13.26875867071182 1.349533082428492 -2.0784935611804336 -3.0784935611804336 0.381732889163798 0.2164946052286707
0.102372497656 2.347904567416403 85.55071154864795 -142.49976619846166 4.554631006727883 11.908836220989803 0.22947486667228567 -0.8974413844106367 -2.334276953019616 2.347904567416403 0.3824581111204761 2.135422047721589e-12 -0.95181884189914 0.0 -8.912582446090184 -14.746565771750472 0.19424705525638905 -16.28743350797012 0.3824581111204761 0.1493318292952383 -1.2923173157339356 -0.41752296736648664 -0.2172312915385044 1.691699104958912 3.3739293924892655 0.6939783016739522 -0.9816240819401187 -2.1178334199157467 17.112949612151933 0.0 -24.012293175931095 12.557299021836256 1.3092409938384362 -2.0163425485362256 -3.0163425485362256 0.3839657897236103 0.21886390177444737
0.104901098348 2.3246383187724367 83.78244645784672 -136.71161815730994 4.505133431987216 11.712804882929504 0.2307799102113374 -0.8753984604269922 -2.2872260753360383 2.3246383187724367 0.3846331836855623 -9.360373580920673e-12 -0.902592891650476 0.0 -8.584680092419488 -14.440145843120812 0.19832330643041018 -15.819363989288778 0.3846331836855623 0.1554145136059904 -1.2917696648437698 -0.4193196597400116 -0.2178921508432929 1.6545769226824465 3.302628051775537 0.6920197536694019 -0.9783708879489971 -2.112860089024213 16.64045441346922 0.0 -22.906757638086066 11.87170614284383 1.2699437389968842 -1.9557021453905437 -2.9557021453905437 0.38626820712272525 0.22131354533231584
0.107492155477 2.301048094601526 82.00854770291555 -131.09791539118788 4.454956194531827 11.515374896715548 0.2321221619503144 -0.8538448589410236 -2.2413177042397776 2.301048094601526 0.3868702699171907 1.8183538741244288e-11 -0.854447434322587 0.0 -8.263073693193759 -14.148901521628769 0.20247144043338688 -15.362766207279714 0.3868702699171907 0.16160692700199916 -1.291221438425417 -0.4211707651050496 -0.2185739648689875 1.6184887849980483 3.233019799720603 0.6902153118278034 -0.975050155894413 -2.10779330305767 16.179338071911967 0.0 -21.839323925691602 11.211386474900175 1.2316185150808576 -1.8965360764694412 -2.8965360764694412 0.38864274834322876 0.22384692276931029
0.110147211718 2.2771356065564565 80.22994491818895 -125.65485231348609 4.404104474840116 11.316620317073168 0.23350281364032383 -0.8327675277126225 -2.1965246003100116 2.2771356065564565 0.3891713560672064 -2.3251960998524987e-11 -0.8073532442428053 0.0 -7.947225253149921 -13.870723811677077 0.2066922097681751 -14.91737108146906 0.3891713560672064 0.16789873611909945 -1.290672327488167 -0.423078031575216 -0.21927736295447278 1.5834143235626048 3.1650631151092816 0.6885646585064049 -0.971660814753835 -2.102631308811992 15.729330062792886 0.0 -20.8091060787898 10.575758487751536 1.1942429674953985 -1.8388092465553076 -2.8388092465553076 0.39109213073843696 0.226467577583084
0.112867847847 2.252902910328696 78.44759982024843 -120.37872571892393 4.3525843624586305 11.116618834525207 0.23492310533639368 -0.8121538179288397 -2.152820492192079 2.252902910328696 0.3915385088939895 2.0325693830187463e-11 -0.7612819832980893 0.0 -7.637188548960753 -13.58253232131138 0.21098635555810807 -14.482916260426775 0.3915385088939895 0.1742782880271362 -1.2901198026263359 -0.42504327426444793 -0.2200029962323374 1.549333639834211 3.098717901990122 0.6870674132545553 -0.9682017934009532 -2.097372343622967 15.290168801423405 0.0 -19.815237562165336 9.964252669681263 1.1577951309402217 -1.7824878101086434 -2.7824878101086434 0.3936191960433074 0.2291792249500273
0.115655683689 2.228352417866846 76.66250409352595 -115.26586855500905 4.30040281546281 10.915451779142336 0.23638432393813769 -0.7919910523671373 -2.110179114798287 2.228352417866846 0.3939738732302295 -1.063333774800419e-11 -0.7162052415680575 0.0 -7.332837353962625 -13.311512133218862 0.21535460664631034 -14.059145962826866 0.3939738732302295 0.18073278516594618 -1.289566129995002 -0.42706837697833855 -0.22075153852199828 1.516227915887378 3.0339440477873536 0.6857237611748571 -0.9646720216030087 -2.092014629834339 14.861594462666204 0.0 -18.85685698163924 9.376302248307011 1.1222540426571483 -1.727537930923908 -2.727537930923908 0.3962269132709274 0.231985760248419
0.118512379076 2.2034869100792873 74.87567803730998 -110.3127250386149 4.247567667338571 10.713204119448692 0.2378878038717189 -0.7722670347404782 -2.0685753421962016 2.2034869100792873 0.39647967311953153 -1.4817169350464528e-12 -0.6720956690766702 0.0 -7.033759818733202 -13.04496884990389 0.2197976786521809 -13.645810824321073 0.39647967311953153 0.18724798650558624 -1.2890098164740653 -0.42915529475182757 -0.2215236872453529 1.4840786466391882 2.970703122254459 0.6845336880287529 -0.9610704311533249 -2.08655637331864 14.443357381165647 0.0 -17.933124236263374 8.81135370829692 1.0875989735196567 -1.6739272430838574 -2.6739272430838574 0.39891837766116 0.23489125488515716
0.121439634839 2.1783095489706743 73.08817111990474 -105.51580383528746 4.194087747702473 10.509964447544979 0.23943493445352923 -0.7529697485794176 -2.027984529366897 2.1783095489706743 0.3990582240892154 1.1193208967535995e-11 -0.6289263052776817 0.0 -6.740010723813473 -12.779354857214123 0.22431627300147186 -13.242667746257327 0.3990582240892154 0.1938083180573677 -1.2884504247864577 -0.43130605893779445 -0.22232016440191635 1.4528680652734467 2.908957386020607 0.6834974188566822 -0.9573959569968516 -2.080995773447968 14.035213094918838 0.0 -17.04321061155442 8.26886026099222 1.0538098411842314 -1.6216240023091175 -2.6216240023091175 0.40169682706067356 0.23789997674285046
0.12443919382 2.1528238898290444 71.30105893551827 -100.87167622482625 4.139972809191402 10.30582495532925 0.24102715661300086 -0.7340873486260635 -1.9883824882253276 2.1528238898290444 0.4017119276883348 -1.5076752131405803e-11 -0.5866705605369928 0.0 -6.451262851947161 -12.527058891254296 0.22891107591763432 -12.849479748522254 0.4017119276883348 0.20039686365477152 -1.2878885769446313 -0.4335227785824947 -0.22314171758299026 1.4225791343263552 2.8486697564418795 0.6826154196803413 -0.953647538444282 -2.0753310142690444 13.636922185846668 0.0 -16.186298323641743 7.748281594628301 1.0208672066380204 -1.5705970549472257 -2.5705970549472257 0.40456563862233563 0.24101638860863805
0.127512841907 2.127033893257721 69.51544334488207 -96.37700488603686 4.085233641886779 10.100881399889367 0.2426659702332614 -0.7156083791392633 -1.9497459836180093 2.127033893257721 0.4044432837221023 1.3172140010674345e-11 -0.545302699895907 0.0 -6.167376586918341 -12.272934762917737 0.23358275737341633 -12.466015825887567 0.4044432837221023 0.2069951995125214 -1.287322298012107 -0.4358076457486553 -0.22398912103259538 1.3931952105921863 2.7898045475196476 0.6818880672562184 -0.9498241204540814 -2.069560274140296 13.248253802015755 0.0 -15.361586873168765 7.249087940966376 0.988751926870084 -1.5208164777914348 -2.520816477791435 0.40752833998870464 0.24424515729453455
0.130662409102 2.100943936687228 67.7324502638265 -92.0284940604938 4.0298820616268785 9.895233055003027 0.24435293474615785 -0.6975214243233328 -1.912051957379492 2.100943936687228 0.40725489124359643 -8.767455392077468e-12 -0.5047970661358956 0.0 -5.888296699560418 -12.025636881731314 0.2383319700083522 -12.09205080657493 0.40725489124359643 0.21358360943454313 -1.2867524944676898 -0.4381629385729186 -0.22486317676957107 1.3647005398508132 2.7323263056547056 0.6813161580211413 -0.9459246549369166 -2.063681723314717 12.868980035421957 0.0 -14.568282369844443 6.770753129237419 0.9574456486072167 -1.4722525774649364 -2.4722525774649364 0.4105886161252813 0.24759116623340516
0.133889770607 2.074558825937994 65.95322769139784 -87.82292392047655 3.9739309188887555 9.688982653165745 0.24608967078161784 -0.679815366568297 -1.8752781046430567 2.074558825937994 0.4101494513026964 5.534421240753327e-12 -0.46512865334036024 0.0 -5.61372179807732 -11.787287281361976 0.24315934799906858 -11.727365214980098 0.4101494513026964 0.22014092013033193 -1.2861786995111881 -0.44059102482694645 -0.22576471575055176 1.3370798613003643 2.6762006731970196 0.6809005172471498 -0.9419481021757906 -2.057693523409975 12.498880038878886 0.0 -13.805604986399981 6.312759437267027 0.9269304099976677 -1.4248766336565981 -2.424876633656598 0.41375031036530396 0.25105951348422995
0.137196847941 2.0478838061705735 64.17894461929271 -83.75713990443771 3.917394167200017 9.482236312759634 0.24787786581122798 -0.6624793229820517 -1.8394027411619343 2.0478838061705735 0.4131297763520466 -3.723578358966857e-12 -0.4262729648098875 0.0 -5.343529376103582 -11.55034328753352 0.24806550588530898 -11.37174513680329 0.4131297763520466 0.22664454438035558 -1.2855999693593105 -0.4430943670913795 -0.22669459909940504 1.310318486839005 2.621394186292219 0.6806420866464795 -0.9378934322733821 -2.051593833382269 12.137739000826247 0.0 -13.072786819662932 5.874596155290451 0.8971887104869583 -1.3786607281735561 -2.378660728173556 0.4170174355891789 0.25465552374996214
0.140585610085 2.0209245725009084 62.41078868178636 -79.82804139185512 3.860286866410175 9.27510345253874 0.24971927609172795 -0.6455025687881003 -1.8044046359613013 2.0209245725009084 0.41619879348621325 1.8509168850067986e-12 -0.38820584247508805 0.0 -5.077600682928283 -11.318449296922575 0.25305103735151807 -11.024982087017014 0.41619879348621325 0.23307056408341642 -1.2850159620192354 -0.44567552676106315 -0.22765371939367185 1.2844023981190458 2.56787402277988 0.6805420303740174 -0.9337596266771535 -2.0453808090028995 11.785346934000678 0.0 -12.369069545186756 5.455758057772625 0.8682036046328325 -1.3335775291866043 -2.3335775291866043 0.42039417980839233 0.25838475531120286
0.144058074654 1.9936872800873362 60.64996409169765 -76.03258283034256 3.8026252096747553 9.067696691910795 0.2516157303583479 -0.6288745539275467 -1.7702630537032118 1.9936872800873362 0.4193595505972465 1.4574380491215616e-12 -0.3509035031059653 0.0 -4.815754969669652 -11.092391193559322 0.2581165139544031 -10.68687288074102 0.4193595505972465 0.23939376031756818 -1.2844265380812843 -0.44833716886159475 -0.22864300201663396 1.259318208614769 2.5156080636890685 0.6806017039550792 -0.9295456797633993 -2.039052605088093 11.44149894774783 0.0 -11.693704790960894 5.055745630959809 0.8399586580175226 -1.2896003459613659 -2.289600345961366 0.4238849131082888 0.26225300637622984
0.147616309098 1.966178553747884 58.89768914518421 -72.36777716412413 3.7444265319069157 8.860131737514301 0.2535691325717258 -0.6125849420871039 -1.7369578454850099 1.966178553747884 0.42261522095287635 -7.264242171684854e-12 -0.31434262453213346 0.0 -4.55783414675593 -10.869841982246038 0.2632624837994484 -10.357219506757588 0.42261522095287635 0.24558763505140707 -1.2838310506999555 -0.4510820667086063 -0.22966340657349413 1.235053092861208 2.46456502790989 0.6808225899400657 -0.9252506004997856 -2.032607375973111 11.105995832030743 0.0 -11.045954997345413 4.674065629476212 0.8124378719083317 -1.2467032460224279 -2.246703246022428 0.4274941920147701 0.26626631755057906
0.151262431933 1.9384054969083857 57.155194180533904 -68.83068688938496 3.6857093544245023 8.652527254663358 0.25558146741986676 -0.5966235487928228 -1.7044693194208902 1.9384054969083857 0.42596911236644464 1.5002859846726735e-11 -0.27850020705444556 0.0 -4.303704539099731 -10.653036280453192 0.26848947015955743 -10.03582900354428 0.42596911236644464 0.2516245310903312 -1.2832291618625913 -0.453913107763486 -0.23071592838088678 1.2115948659769142 2.4147142750091866 0.6812063844495932 -0.9208734141667441 -2.026043280237367 10.778643121919055 0.0 -10.425091675015882 4.310229915129065 0.7856257536104696 -1.2048608884065848 -2.204860888406585 0.4312267702512288 0.27043098257900144
0.154998614002 1.9103756998591854 55.42371852829033 -65.41842686612928 3.6264933732491293 8.445004723678792 0.25765480247440203 -0.5809803754404995 -1.6727783194594834 1.9103756998591854 0.4294246707906701 -2.21368641145922e-11 -0.24335364866881326 0.0 -4.053168102738023 -10.440099646216998 0.2737979700323696 -9.722513337796483 0.4294246707906701 0.2574756925730254 -1.2826202203877877 -0.4568332984990923 -0.23180160003201414 1.188931921287111 2.366025922259001 0.6817549407099646 -0.9164131641451314 -2.0193584796968116 10.459251597105508 0.0 -9.830396139766231 3.9637559449838733 0.759507250496441 -1.1640486253610924 -2.1640486253610924 0.43508760156174175 0.2747535482693475
0.158827079767 1.8820972473188098 53.70450835894868 -62.12816127439615 3.5667995128933403 8.23768828132007 0.2597912951575817 -0.56564559576088 -1.6418662056280027 1.8820972473188098 0.43298549192930286 2.4290094299819633e-11 -0.20888071369869987 0.0 -3.8061557385739593 -10.22922781587515 0.2791884526354505 -9.417089285310242 0.43298549192930286 0.2631113768224515 -1.2820033425027724 -0.45984577121850173 -0.23292149303859738 1.1670532410210934 2.3184708111322365 0.682470285121386 -0.9118689137816056 -2.012551145900037 10.147637088707507 0.0 -9.26115907858507 3.6341664573169625 0.7340677490917906 -1.1242424770534036 -2.1242424770534036 0.43908185102634556 0.27924082325560207
0.162750108638 1.8535787249788063 51.998813137751895 -58.957089569459136 3.5066498954490086 8.030704545226667 0.2619931944254137 -0.5506094381641369 -1.6117145950690652 1.8535787249788063 0.4366553240423562 -1.907909260104625e-11 -0.17505927102670915 0.0 -3.562491637639173 -10.025816886966512 0.284661357835495 -9.119378313731005 0.4366553240423562 0.268501105475657 -1.281379023638216 -0.4629537892284076 -0.23407671956539614 1.1459485575067723 2.272020117922812 0.6833547860223821 -0.9072397482913517 -2.00561945777441 9.843618747867199 0.0 -8.716677671887776 3.320987618799337 0.709293233464416 -1.0854187976656222 -2.085418797665622 0.4432149010368496 0.28389988514434905
0.166770036321 1.8248292255313308 50.30788284093011 -55.90246968007892 3.44606786605891 7.824182425420597 0.2642628465444475 -0.5358624068355023 -1.5823058619225199 1.8248292255313308 0.44043807757407916 9.735833184109958e-12 -0.14186778434844083 0.0 -3.321972217855414 -9.824981290624018 0.29021709449608296 -8.829206468553645 0.44043807757407916 0.2736135835041783 -1.280745787266719 -0.4661607537094652 -0.23526843423682048 1.1256080204235626 2.226646100359087 0.6844108223960435 -0.9025247767909407 -1.9985616056825566 9.547022286969483 0.0 -8.196260796138148 3.0237524008255106 0.6851699428494835 -1.0475549201803727 -2.0475549201803727 0.447492352489437 0.2887380694654087
0.170889256218 1.7958583532309307 48.63296525310799 -52.961593669515935 3.385078030065364 7.618252916410049 0.2666027027885397 -0.5213950716518713 -1.5536226818760692 1.7958583532309307 0.44433783798089954 -2.2050422167810003e-12 -0.10928484389516968 0.0 -3.084557012774688 -9.62636177685889 0.29585603876333283 -8.546404259729979 0.44433783798089954 0.27841707328739307 -1.2801031268863916 -0.4694702115914964 -0.23649783605923314 1.1060224982908156 2.1823214101538038 0.6856410924434018 -0.8977231343203702 -1.9913757978215705 9.257676930665157 0.0 -7.699224045124795 2.7419973152479686 0.6616846603099161 -1.0106285692537629 -2.010628569253763 0.4519200424549211 0.2937629899692129
0.175110220847 1.766676227740227 46.97530188245171 -50.13178966215399 3.323706202134329 7.413048875925909 0.2690153207754926 -0.5071980891522087 -1.5256480807463786 1.766676227740227 0.44835886795915436 -9.587247622246206e-13 -0.07728921278722423 0.0 -2.850056398536089 -9.433937246160687 0.30157853225891545 -8.27080655138734 0.44835886795915436 0.2828795752796117 -1.2794510703159183 -0.4728858613988213 -0.23776617042818768 1.0871835381795707 2.1390191651331834 0.6870485778641937 -0.8928339839872947 -1.9840602565122123 8.975415737583633 0.0 -7.224890305222268 2.4752628254099243 0.6388246702204163 -0.9746179238997477 -1.9746179238997477 0.4565040443003754 0.29898253321840684
0.179435443302 1.7372934867405196 45.3361251225751 -47.41043216055675 3.2619794430698748 7.208704787141758 0.27150337316230483 -0.49326231508110063 -1.4983656974577122 1.7372934867405196 0.45250562193717475 1.6142484741969284e-12 -0.04586007552053739 0.0 -2.618312493072797 -9.24428699014366 0.307384880192945 -8.00225245303449 0.45250562193717475 0.28696890060101277 -1.2787884615211471 -0.47641156206176966 -0.23907473124564124 1.0690831959371365 2.096713338874177 0.6886363755106077 -0.88785651916195 -1.9766132254708675 8.700077216984212 0.0 -6.772592253883124 2.2230949535223736 0.6165775739999617 -0.939501956851315 -1.939501956851315 0.46125067418260024 0.304404852676198
0.183867498751 1.7077212872570326 43.71665464920693 -44.79492766267979 3.1999260487757932 7.005356504798445 0.2740696534078222 -0.47957867274845367 -1.4717595000451893 1.7077212872570326 0.45678275567970367 -2.797594522722548e-12 -0.014976744365485573 0.0 -2.3892265524263587 -9.057470077241318 0.3132753493876751 -7.740585212452599 0.45678275567970367 0.29065304669527714 -1.278114711453611 -0.4800513410067015 -0.2404248631527813 1.051714223651987 2.0553783315078826 0.6904078900970759 -0.8827899657255763 -1.9690329720167166 8.431503473015704 0.0 -6.3416695092713375 1.9850434349840977 0.5949314679722831 -0.9052600684815251 -1.905260068481525 0.4661665025408379 0.3100383787319405
0.18840902597 1.6779713057248848 42.11809377915143 -42.282716623596514 3.137575538058159 6.803140986255849 0.27671708209984974 -0.46613817840559413 -1.4458138514196162 1.6779713057248848 0.46119513683308294 4.253589889385411e-12 0.015381285413466728 0.0 -2.162659317615007 -8.874619936921324 0.3192501662064837 -7.485652110386651 0.46119513683308294 0.29390041840422765 -1.2774293083175916 -0.4838094027957358 -0.24181796388031088 1.0350700278628877 2.0149890648517297 0.6923667948587274 -0.877633584388511 -1.9613177897041556 8.169540591773215 0.0 -5.931469306618199 1.7606621708537995 0.5738748910298048 -0.8718721717808497 -1.8718721717808497 0.4712583595675959 0.3158918145896594
0.193062728912 1.648055736693668 40.54162574427878 -39.87127270324325 3.0749586347063995 6.602196007676571 0.27944871353148604 -0.45293194101875794 -1.4205135186068487 1.648055736693668 0.4657478558858101 -4.1373271402320645e-12 0.04523433727896142 0.0 -1.9384635913174757 -8.695378078395668 0.3253095143796202 -7.23730435703313 0.4657478558858101 0.2966800944191574 -1.2767317000182228 -0.48769013822735496 -0.2432554867244595 1.0191446662330688 1.9755209926150028 0.6945170306181458 -0.8723866730727917 -1.9534660008586837 7.914038657873592 0.0 -5.541346599673247 1.5495093096097685 0.5533968103472587 -0.8393187044477561 -1.8393187044477561 0.4765333411776078 0.3219741325329346
0.197831378316 1.6179872900838577 38.98841009876921 -37.558103363741 3.0121072595689253 6.40265986576802 0.2822677439733804 -0.4399511783127782 -1.3958437206556262 1.6179872900838577 0.470446239955634 2.1729801562289927e-12 0.07460251930000772 0.0 -1.7165047782539264 -8.519096162346823 0.33145353272844513 -6.995396989981769 0.470446239955634 0.2989620853015786 -1.2760209608479407 -0.4916981344445616 -0.2447389431566383 1.0039328220485604 1.9369501676648948 0.6968627817361562 -0.8670485693560701 -1.9454759610557253 7.664851990189554 0.0 -5.170664477932168 1.3511475286418877 0.5334865820929263 -0.807580690890243 -1.807580690890243 0.4819988155239384 0.32829456798786083
0.20271781336 1.587779186805494 37.45957898122722 -35.340744186884166 2.9490545105802277 6.204671064953271 0.28517751994016155 -0.4271871604907189 -1.3717900158166518 1.587779186805494 0.47529586656693595 2.95634492952337e-13 0.10350585075028418 0.0 -1.4966661571859023 -8.345721020626817 0.3376823127830416 -6.759788773410847 0.47529586656693595 0.3007177019440921 -1.275296425009845 -0.4958381854758304 -0.2462699055812589 0.9894298856053735 1.8992530682026658 0.6994085596156441 -0.8616186529543562 -1.9373460629022137 7.4218384113032165 0.0 -4.818793235133663 1.1651434448780873 0.5141340190384375 -0.7766395969566124 -1.7766395969566124 0.48766243338935755 0.3348626216123336
0.20772494335 1.557445152849497 35.95623321136048 -33.21675919182243 2.885834626785636 6.008367991953239 0.2881815458695626 -0.4146312181149891 -1.3483383304326613 1.557445152849497 0.48030257644927105 -3.106310256419085e-12 0.13196424601660972 0.0 -1.2788137695521367 -8.175617104897924 0.3439958962818746 -6.530342098947527 0.48030257644927105 0.3019198586613308 -1.2745574512618347 -0.5001153030088584 -0.2478500102410934 0.9756319419690909 1.8624066368325678 0.7021591913392569 -0.8560963482732826 -1.9290747383882545 7.1848593860739465 0.0 -4.485110720982361 0.9910678718715782 0.4953293655198199 -0.746477367396452 -1.746477367396452 0.49353213301610266 0.34168805052856066
0.212855749451 1.5269994116740404 34.479438584174495 -31.18374021551091 2.822482962395216 5.813888577922301 0.2912834937810531 -0.4022747400155928 -1.3254749685991738 1.5269994116740404 0.48547248963508854 6.727067105926659e-12 0.1599975210359148 0.0 -1.06281143756806 -8.00860068182075 0.3503942725526761 -6.306922887818953 0.48547248963508854 0.30254339500211935 -1.273803320188204 -0.5045347283636806 -0.24948096028503655 0.9625357753146835 1.8263882896870647 0.7051198242270249 -0.8504811270066426 -1.9206604633790607 6.953780031009811 0.0 -4.16900251574019 0.8284959551977389 0.477063285679595 -0.7170764385770287 -1.7170764385770287 0.4996161475312568 0.34878086126008734
0.218113286463 1.4964566748146386 33.030222074012244 -29.239306136138016 2.7590359471905512 5.6213699491217985 0.29448721278037465 -0.39010916912752663 -1.3031866169950588 1.4964566748146386 0.49081202130062446 -1.1030884018998664e-11 0.18762540430556562 0.0 -0.8485296987095284 -7.844220292788842 0.356877375772953 -6.089400494149343 0.49081202130062446 0.3025654084229967 -1.2730331651143691 -0.5091019449293632 -0.25116452900876796 0.950138877068613 1.7911759183923799 0.7082959338313001 -0.8447725107780423 -1.9121017611167743 6.728469090151749 0.0 -3.8698620667379586 0.6770072918787324 0.4593268557679886 -0.6884197449667104 -1.6884197449667104 0.5059230110351836 0.35615130007555007
0.223500684638 1.4658321306812878 31.609568192546316 -27.38110016199221 2.6955310512015536 5.430948067437802 0.29779674020540314 -0.37812597112869273 -1.281460291701396 1.4658321306812878 0.4963279003423386 1.4918380088498316e-11 0.21486760864094268 0.0 -0.6358494817574266 -7.682645785613018 0.3634450820991257 -5.877647609573651 0.4963279003423386 0.3019656272923115 -1.2722462360803295 -0.513822691744708 -0.2529025632779065 0.9384394957823579 1.7567478041046478 0.7116933732864691 -0.8389700738268897 -1.9033972071759213 6.508798580669243 0.0 -3.587090423806761 0.5361857862103685 0.4421115954400193 -0.6604906508522497 -1.6604906508522497 0.51246156896779 0.36380984928880467
0.229021151549 1.4351414314073812 30.218415190840442 -25.606789474182367 2.6320067250205343 5.242757361532255 0.30121631159476553 -0.3663166303775666 -1.2602833439423933 1.4351414314073812 0.5020271859912759 -1.7106425305313567e-11 0.24174384204888266 0.0 -0.42463188927926515 -7.5239028293275965 0.37009720667218 -5.671540168687976 0.5020271859912759 0.3007267501888043 -1.2714418143695276 -0.5187029772529413 -0.25469698714990957 0.9274366472084075 1.7230826205831644 0.7153183822353562 -0.8330734457201178 -1.8945454319261674 6.294643786244616 0.0 -3.3200964624587326 0.4056198385310368 0.4254094612171315 -0.6332729580085692 -1.6332729580085692 0.5192409833956299 0.37176721508280086
0.234677973992 1.4044006778951654 28.85765161172312 -23.91406577823988 2.568502357109412 5.056930351247248 0.3047503736868459 -0.3546726588642113 -1.2396434992343153 1.4044006778951654 0.5079172894780765 1.7440074315236713e-11 0.2682737902437613 0.0 -0.21475415629182884 -7.367584387046385 0.3768335004750141 -5.470957256103052 0.5079172894780765 0.2988347557597109 -1.2706189616129944 -0.5237490947666499 -0.2565498056954985 0.9171301079812277 1.6901594856921143 0.7191775780803427 -0.8270823141228704 -1.885545126226221 6.085883420716279 0.0 -3.068297327732218 0.28490266764954786 0.4092128185031513 -0.6067509565314557 -1.6067509565314557 0.5262707401443619 0.3800343138373117
0.24047451995 1.3736264026752285 27.528112755371886 -22.30064183053004 2.505058207741544 4.8735972647171035 0.3084035965669848 -0.3431855457976253 -1.2195287633532188 1.3736264026752285 0.5140059942783081 -1.5589055050234826e-11 0.2944772309250894 0.0 -0.006086839377442497 -7.213989730488673 0.3836536470648268 -5.275781013916708 0.5140059942783081 0.296279292421881 -1.2697769947640687 -0.5289676383265977 -0.25846310905362946 0.9075204968948634 1.657957813603726 0.7232780353730626 -0.8209964275591405 -1.876395044856837 5.882399064009476 0.0 -2.8311179945421756 0.1736320719584521 0.39351450261655524 -0.5809093039013171 -1.5809093039013171 0.5335606605228597 0.38862226982508763
0.246414240592 1.3428355509337813 26.230577366777325 -20.764253940380758 2.44171534525419 4.692885652250553 0.31218088734820976 -0.3318467912768593 -1.1999275174274056 1.3428355509337813 0.520301478913683 1.1485890686001883e-11 0.3203739614862773 0.0 0.20150371277469104 -7.062699581217234 0.39055725915496764 -5.085896550669913 0.520301478913683 0.29305393017483017 -1.268914931543864 -0.5343655198150056 -0.2604390767101211 0.8986092347365127 1.6264574498365472 0.7276272417056017 -0.8148155982327242 -1.867094011003249 5.684075630129298 0.0 -2.607992116621561 0.07141102940558763 0.3783077558228297 -0.5557331479770564 -1.5557331479770564 0.5411209042820592 0.39754239218907705
0.252500672335 1.3120454592590793 24.965764524887287 -19.3026585645668 2.378515579302044 4.514919996240684 0.3160874054854539 -0.32064785058161094 -1.1808284168264744 1.3120454592590793 0.5268123424757565 -6.207217868837681e-12 0.34598392564928204 0.0 0.4081365691958214 -6.913802089024411 0.3975438750635475 -4.901191850743874 0.5268123424757565 0.28915652011714305 -1.2680320004105514 -0.5399499874645679 -0.2624799820425251 0.8903986372709746 1.5956385110811262 0.7322331871861543 -0.8085397048213241 -1.8576409215546696 5.490800771887993 0.0 -2.3983616078907475 -0.022152527145008705 0.36358629479521815 -0.5312079970160548 -1.5312079970160548 0.5489619855201697 0.4068061764159714
0.258737438942 1.281273832487947 23.73433056083465 -17.91363354378417 2.3155013743989454 4.339821321405138 0.3201285771341798 -0.30958014542147316 -1.1622204374316882 1.281273832487947 0.5335476285569664 1.7749373989994166e-12 0.37132719112527823 0.0 0.6139540137486251 -6.767367247320319 0.4046129550069355 -4.721557685154982 0.5335476285569664 0.28458943480438315 -1.2671273507741727 -0.5457286448309643 -0.26458819712160053 0.8828919106098364 1.565481446628544 0.7371043549306535 -0.8021686953172875 -1.8480347500348004 5.30246508441561 0.0 -2.201677196828847 -0.1074452874088232 0.3493442820528701 -0.5073197797267821 -1.507319779726782 0.5570947774284248 0.4164252849118535
0.265128253684 1.2505387182957177 22.536866423336487 -16.594978090952072 2.2527157789698493 4.1677068053258735 0.3243101135748001 -0.2986350563890226 -1.1440928861604949 1.2505387182957177 0.5405168559580003 2.773474086156862e-13 0.3964239697975054 0.0 0.8190804401476914 -6.622940439770664 0.4117638772600204 -4.54688752279664 0.5405168559580003 0.2793597970821657 -1.2661999774843151 -0.5517094721495502 -0.26676619781058514 0.8760931776467316 1.5359670439214088 0.7422497414960987 -0.7957025898398751 -1.8382745532236395 5.118962098535963 0.0 -2.017398731394927 -0.18484831414680736 0.33557632168873136 -0.48405485933341375 -1.4840548593334137 0.5655305242010201 0.4264115360088532
0.27167692155 1.2198584797188052 21.373895061037967 -15.344510654707129 2.190202328425801 3.9986893925277283 0.32863802812766263 -0.2878038742527948 -1.1264353177879332 1.2198584797188052 0.5477300468794377 2.278951616012229e-13 0.42129472909150456 0.0 1.0236462997921936 -6.4807997202766865 0.4189959341686381 -4.377077442695567 0.5477300468794377 0.2734797360656491 -1.2652491065759683 -0.5579008481016884 -0.2690165691693069 0.8700075652932773 1.5070762943887537 0.7476789383794966 -0.7891414834500161 -1.8283594744299163 4.940187810549515 0.0 -1.8449949928626308 -0.2547370966503917 0.3222775184138395 -0.4613999267635882 -1.4613999267635882 0.5742808573636535 0.4367769056448758
0.278387341512 1.189251765571808 20.24586919085915 -14.160071002312424 2.128004954138203 3.832877414000966 0.3331186559268614 -0.27707782181973123 -1.1092376128243826 1.189251765571808 0.5551977598781024 -2.108323696797622e-12 0.4459601470537198 0.0 1.227791270759682 -6.340746190645525 0.42630832802294705 -4.212026047062263 0.5551977598781024 0.266966492877535 -1.2642737699958992 -0.5643115736461312 -0.27134201118723583 0.8646411911467076 1.4787904992772065 0.7534021106797689 -0.7824855489509516 -1.8182887487323707 4.766041025798735 0.0 -1.683944418263976 -0.3174810163961619 0.30944343126860513 -0.43934210160564025 -1.4393421016056402 0.5833578033425777 0.44753350706902584
0.285263508847 1.1587374787435096 19.153169326116863 -13.039518957383521 2.066167885038129 3.670374214234645 0.3377586749090234 -0.26644801448609 -1.09248992094542 1.1587374787435096 0.5629311248483724 3.93485496169046e-12 0.4704412039029524 0.0 1.431645226716883 -6.202647885006041 0.4337001667941304 -4.05163437511134 0.5629311248483724 0.25984256445068415 -1.2632730605119837 -0.5709508974041236 -0.27374534487135554 0.8600012421917731 1.451091173135339 0.7594300677503953 -0.7757350396588927 -1.8080617079430839 4.5964230225424405 0.0 -1.5337350876429996 -0.3734432869321902 0.2970701173434007 -0.41786885971865884 -1.4178688597186588 0.5927738031181516 0.45869359459012804
0.292309517516 1.1283347424356973 18.096102085755035 -11.980734852369139 2.0047355413614607 3.5112777882591697 0.34256512795480243 -0.25590544756448147 -1.0761826656318885 1.1283347424356973 0.5709418799246707 -4.404152483592784e-12 0.49475921429278236 0.0 1.635348553863014 -6.066592438866208 0.44117045973959573 -3.8958058176873824 0.5709418799246707 0.25213575249804376 -1.2622460751339517 -0.5778285426543983 -0.2762295187114188 0.8560960163706358 1.4239600384729425 0.7657742953517446 -0.7688902921415636 -1.7976777851199284 4.431237527673359 0.0 -1.3938650608268688 -0.4229806613029585 0.28515413644596516 -0.39696803980807305 -1.396968039808073 0.6025417284547623 0.47026955973799867
0.299529562598 1.09806286439514 17.074898859779495 -10.98162011144776 1.9437524268270758 3.355680431078047 0.347545447204346 -0.2454409844068451 -1.0603065537994276 1.09806286439514 0.5792424120072434 3.571518479815062e-12 0.5189358582078156 0.0 1.8390414352728033 -5.932383381539639 0.4487181128791771 -3.7444460327704125 0.5792424120072434 0.24387914841277672 -1.261191842816383 -0.5849547363969821 -0.27879761554896915 0.8529349658049808 1.3973790266967268 0.7724469882192211 -0.7619517289168184 -1.7871365196599254 4.270390709613955 0.0 -1.2638427278344373 -0.4664431296823559 0.2736925537977375 -0.37662785649359787 -1.3766278564935979 0.6126749003174828 0.48227392987289597
0.306927942794 1.0679412991256936 16.0897148072897 -10.040097150742273 1.8832630150693497 3.2036684015027532 0.3527074801228127 -0.2350453267736621 -1.0448525485678606 1.0679412991256936 0.5878458002046879 -2.350101238263131e-12 0.5429932516368274 0.0 2.042863461063348 -5.79996840025272 0.45634192436595306 -3.597462861553927 0.5878458002046879 0.23511107449271904 -1.260109425771046 -0.5923402404436923 -0.2814528598854977 0.8505287686982712 1.3713302227835615 0.7794611104030056 -0.7549198610851625 -1.7764375622374606 4.113790998020342 0.0 -1.1431869917440798 -0.5041737228460135 0.26268296849358325 -0.3568368658903156 -1.3568368658903156 0.6231871139373525 0.49471937919078424
0.314509062981 1.037989608265156 15.14062819840808 -9.154109917509667 1.8233116302247019 3.055321603362115 0.3580595171815209 -0.2247089939919017 -1.0298118639546272 1.037989608265156 0.5967658619692016 1.1429635852494763e-12 0.5669539980145744 0.0 2.246960397797028 -5.669366208321926 0.46404057973870794 -3.454766245619449 0.5967658619692016 0.22587494039012396 -1.2589979125319601 -0.5999963845744871 -0.28419862565211207 0.8488893910792398 1.3457958419422071 0.7868304440907714 -0.7477952909111056 -1.7655806793301352 3.9613490124176236 0.0 -1.0314275644256536 -0.5365082385026416 0.25212352911003827 -0.3375839595054928 -1.3375839595054928 0.6340926645475694 0.5076187403645922
0.322277436837 1.0082274191245948 14.227640148256906 -8.321624777830522 1.7639423257077254 2.9107132859872373 0.36361032208817384 -0.21442230718564348 -1.015175974617243 1.0082274191245948 0.6060172034802898 8.082538568356081e-13 0.5908412288630467 0.0 2.451483479198528 -5.540489166005788 0.47181264709154336 -3.3162681447714055 0.6060172034802898 0.21621901563370757 -1.2578563471889082 -0.6079351022293293 -0.2870384444824366 0.848030144410145 1.3207582274324348 0.794569632784806 -0.7405787143224222 -1.754565758118618 3.812977555701115 0.0 -0.9281053160585504 -0.5637749318757981 0.24201294092985523 -0.3188583776102707 -1.3188583776102707 0.6454063753298854 0.5209850186439746
0.330237689527 0.9786743815332882 13.35067473809141 -7.540631132550754 1.7051987604323822 2.7699097665168493 0.3693691645227888 -0.20417536404172476 -1.000936608274631 0.9786743815332882 0.615615274204648 -4.108170947602135e-12 0.614678665930017 0.0 2.6565836033831594 -5.413199058410091 0.4796565721619073 -3.1818824558320764 0.615615274204648 0.2061961340264307 -1.2566837405194144 -0.6161689688399029 -0.28997601452273314 0.8479657605323415 1.2961998210103973 0.8026942404424513 -0.7332709233253236 -1.7433928114718475 3.6685915267845095 0.0 -0.8327725412765078 -0.5862942592021447 0.23235048632769353 -0.30064970034158045 -1.3006497003415805 0.6571436317625191 0.5348314171035848
0.338394560458 0.9493501230807707 12.509579516221914 -6.809141798454629 1.6471240710019106 2.6329701761664523 0.3753458552407481 -0.19395800207188235 -0.9870857160719579 0.9493501230807707 0.6255764254012468 8.016385740282918e-12 0.6384907093292889 0.0 2.8624152928485325 -5.2875152827746446 0.48757067336227167 -3.051524932299793 0.6255764254012468 0.19586332779793716 -1.2554791713361322 -0.6247112428942285 -0.2930152098222642 0.8487124869779233 1.272103098974188 0.8112208296075432 -0.725872808317584 -1.7320619826143004 3.5281077435779613 0.0 -0.7449931462579666 -0.6043786705514452 0.22313606157667662 -0.28294781042399064 -1.2829478104239906 0.6693204242551247 0.5491713770150468
0.346752906102 0.9202742029195147 11.704126382692914 -6.1251942272749655 1.5897607399904339 2.4999462327957933 0.3815507835676563 -0.1837597789180722 -0.9736154843626142 0.9202742029195147 0.6359179726127605 -1.0839303981364032e-11 0.6623024882501464 0.0 3.069143021928635 -5.163394552614427 0.49555313677468926 -2.9251131049794235 0.6359179726127606 0.18528135705184293 -1.2542417056780364 -0.6335759098872376 -0.2961600903449237 0.8502881609334167 1.2484505690063343 0.8201670163208029 -0.7183853602949511 -1.720573549299559 3.391444948600946 0.0 -0.6643429851609884 -0.6183323033391093 0.21437018832065624 -0.2657429093657051 -1.265742909365705 0.681953389773686 0.5640186149182613
0.355317702882 0.8914660642938479 10.934012904297598 -5.486851586809237 1.533150467291388 2.370882041917567 0.38799495888228513 -0.17356994643135462 -0.9605183385619512 0.8914660642938479 0.6466582648038086 1.1737303680954555e-11 0.6861399262418574 0.0 3.276932212407124 -5.040710531948725 0.5036020111242294 -2.802566203746591 0.6466582648043873 0.1745141610382357 -1.2529703588449372 -0.642777729895281 -0.2994149126476825 0.8527122970673388 1.225224752908324 0.8295515369601837 -0.7108096729435093 -1.7089279288375603 3.258523773739214 0.0 -0.5904101417333876 -0.6284507137688076 0.20605403226353006 -0.24902552353716612 -1.2490255235371661 0.695059861687885 0.5793871723503736
0.364094050144 0.8629449858608134 10.19886399637989 -4.892203354871599 1.477334036848044 2.245813927643826 0.394690054774179 -0.16337740500180953 -0.947786907076879 0.8629449858608134 0.657816757956965 -1.0679148021250533e-11 0.7100298508800862 0.0 3.485954359427173 -4.9194574416164 0.5117152027793748 -2.6838050801533195 0.6578167581201855 0.1636282463369275 -1.2516642160841371 -0.6523322885002177 -0.3027841412889213 0.856006208463754 1.2024081079629967 0.8393943466372125 -0.7031469445799358 -1.6971256822581537 3.129266546327336 0.0 -0.5227950714214048 -0.6350206969381399 0.19818945050678885 -0.23278645883628046 -1.2327864588362805 0.7086579327866155 0.5952914898901769
0.373087173182 0.8347300321557536 9.498233998571301 -4.339366808672361 1.4223511843233303 2.1247702961372146 0.40164845684329853 -0.15317067978693627 -0.9354140392943746 0.8347300321557536 0.669414094738831 8.001511217819317e-12 0.7340000554444563 0.0 3.6963891723058855 -4.799568379887772 0.5198904707756866 -2.568752131525283 0.6694141024359503 0.15269197044330124 -1.2503223311497118 -0.6622560515677957 -0.3062724610034921 0.8601931003549108 1.1799830273619518 0.8497166879198064 -0.6953984799722784 -1.6851675184003279 3.003597318775899 0.0 -0.4611109038696846 -0.6383200032085269 0.19077900561607986 -0.2170168251636302 -1.2170168251636302 0.7227665167075121 0.6117464749715882
0.38230242636 0.8068400032016073 8.831609137904534 -3.8264879780453587 1.3682404663309338 2.0077715322919696 0.4088833149574934 -0.14293787601709476 -0.9233927836787194 0.8068400032016073 0.6814721915958224 -4.681474343601538e-12 0.758079407917103 0.0 3.908421684917249 -4.680995164366507 0.5281254219378716 -2.4573312259509095 0.6814723187663876 0.14177476824511553 -1.2489437864991881 -0.6725664244363903 -0.3098847897285213 0.8652982000767332 1.1579317783194716 0.860541193699734 -0.6875656919773288 -1.673054298217216 2.8814417376689376 0.0 -0.40498359945866796 -0.6386171515313402 0.18382600848091077 -0.20170800957435597 -1.201708009574356 0.737405426045161 0.6287675978528768
0.391745296291 0.7792933836583704 8.198410342233734 -3.351743007983332 1.3150391293834442 1.8948299318660995 0.41640859918869316 -0.13266664272670675 -0.9117163900425975 0.7792933836583704 0.6940143319811553 1.9187232958988567e-12 0.7822979419385576 0.0 4.122246581123371 -4.563679025494725 0.5364175060958375 -2.34946762890483 0.6940154062484933 0.13094630077694885 -1.2475276551197103 -0.6832818154186241 -0.3136262925243933 0.8713488800483838 1.1362364744035112 0.8718919805817666 -0.6796501030323985 -1.6607870383071726 2.7627270120922924 0.0 -0.3540521574140504 -0.6361712092029539 0.17733454806722856 -0.18685168070221825 -1.1868516807022182 0.7525954542986556 0.6463709917083345
0.401421405109 0.7521082915864262 7.597996419593427 -2.9133393511578873 1.2627829836119042 1.7859496695855053 0.4242391614223494 -0.12234412596159698 -0.900378296836659 0.7521082915864262 0.7070652690372491 -7.407309824783191e-13 0.8066869722005899 0.0 4.338064000993265 -4.4475450466169795 0.5447640114688218 -2.2450879310849525 0.7070710150663381 0.12027555007854607 -1.2460730213354476 -0.6944217046324269 -0.31750239648203077 0.8783748029045405 1.1148790222425722 0.8837947617058682 -0.6716533464489176 -1.6483669150167892 2.647381824766294 0.0 -0.3079687574265796 -0.6312316187813891 0.17130953386729147 -0.17243977401561095 -1.172439774015611 0.7683584729118036 0.6645735752967077
0.411336513815 0.725302427154856 7.029667540187877 -2.509516953154016 1.2115062760381254 1.6811268045512657 0.4323908010119727 -0.11195691543136753 -0.8893721098652208 0.725302427154856 0.7206513350199545 5.868717540502651e-13 0.8312792251547338 0.0 4.556085673198372 -4.3325867931728546 0.5531620602417359 -2.1441199778787676 0.7206735102279831 0.10982986930216607 -1.2445790247270425 -0.7060067178225296 -0.32151880668379107 0.8864080823385112 1.0938410531245129 0.8962769726734745 -0.6635771675221925 -1.6357952672709755 2.5353362204227006 0.0 -0.26639886157187254 -0.6240380509774854 0.16575674731855672 -0.1584644661251362 -1.1584644661251362 0.7847175405835941 0.683393194701077
0.421496525707 0.6988930215135649 6.492669040715455 -2.138549854104822 1.1612415707511947 1.5803493234749892 0.44088033708815566 -0.10149100371377479 -0.8786916187538042 0.6988930215135649 0.7348005618135928 5.909387451975613e-14 0.8561089430597887 0.0 4.776534189045625 -4.218728994926616 0.5616086043902769 -2.0464928004488945 0.7348677638471998 0.09967398764953274 -1.2430447696985345 -0.718058706430551 -0.3256815233075368 0.8954834333876394 1.0731039075261755 0.9093678833710235 -0.655423424438569 -1.6230735999917252 2.4265216307420854 0.0 -0.2290213760936428 -0.6148202236226434 0.1606828715740465 -0.14491819795262328 -1.1449181979526233 0.8016970174587218 0.7028487658940903
0.431907489892 0.6728967860788284 5.986195495950398 -1.7987473223890227 1.1120196328376766 1.483597222080016 0.4497256868463627 -0.09093172134013386 -0.8683307686763904 0.6728967860788284 0.7495428114106045 -1.6964434034105462e-12 0.881212042734214 0.0 4.999641101784811 -4.105899911798161 0.5701004217999655 -1.952136548602851 0.7497122102744546 0.08986901470024469 -1.2414693932048446 -0.7306008340035115 -0.3299968599695306 0.9056383659258674 1.0526485492110507 0.9230987499509311 -0.6471940889667965 -1.610203586958494 2.3208707423565005 0.0 -0.1955286787323591 -0.6037978111493871 0.15609555451526297 -0.13179364036434782 -1.1317936403643478 0.8193227035872838 0.7229604553925111
0.442575604892 0.6473298624940552 5.509395032139901 -1.488455221039155 1.0638693175152834 1.3908426247261918 0.45894595057697835 -0.08026367584176784 -0.8582836508735261 0.6473298624940552 0.7649099176282973 3.162609012847124e-12 0.9066262667547711 0.0 5.225650566398442 -3.9940679218047315 0.5786341127469544 -1.860982425457522 0.7652798355186049 0.08047144445300611 -1.239852059674588 -0.7436576695846785 -0.33447146340998185 0.9169133809293191 1.0324555037675234 0.9375029658099683 -0.6388912469216526 -1.597187073243312 2.2183174390262463 0.0 -0.16562666391783842 -0.5911803463479759 0.1520034633010218 -0.11908368421656945 -1.1190836842165695 0.8376219880260494 0.7437498712676809
0.453507222333 0.6222077735609627 5.06137385123115 -1.2060573306512463 1.016817465622355 1.302049942101456 0.46856150416920234 -0.06947068378410577 -0.848544488659794 0.6222077735609627 0.7809358402820039 -2.860992217271876e-12 0.9323913516222099 0.0 5.454821500709649 -3.883193573018681 0.5872060967838698 -1.7729626241780485 0.7816566508183261 0.07153219126636244 -1.2381919677819049 -0.7572552887448192 -0.3391123346303553 0.9293521864588047 1.0125047862290233 0.9526162283090405 -0.6305170983972024 -1.584026077276904 2.1187967336730473 0.0 -0.13903474795763526 -0.5771671528254978 0.14841634617680077 -0.10678142478408992 -1.10678142478409 0.8566240155278761 0.765240275922048
0.464708850724 0.5975453754157469 4.641200932557719 -0.9499767876890122 0.9708888068393474 1.2171760664018254 0.4785941000512964 -0.05853570493486419 -0.8391076406719891 0.5975453754157469 0.7976568334188273 1.3897636172681064e-13 0.9585491927468381 0.0 5.687426944829291 -3.7731917084654825 0.5958126100990709 -1.688010266855108 0.798938139581932 0.06309568143642943 -1.2364883004433107 -0.7714213830420025 -0.3439268516052147 0.9430019208975658 0.9927758498683745 0.9684767082426247 -0.6220739577605388 -1.5707227926925225 2.0222447591043196 0.0 -0.11548587045378159 -0.5619472853815679 0.14534508747873856 -0.0948801686473979 -1.094880168647398 0.8763598656500396 0.7874568090922349
0.476187159337 0.5733568111899319 4.247912873662383 -0.718677184802285 0.9261058713284079 1.1361706029766074 0.48906697756471684 -0.047440752928265245 -0.8299675658623922 0.5733568111899319 0.8151116292745281 4.05066356566577e-12 0.9851440634121358 0.0 5.923753744661681 -3.6640214379702907 0.604449703420255 -1.6060593455736671 0.8172246863612095 0.05519904106078113 -1.234740293420857 -0.7861853787721493 -0.3489227937113971 0.9579134221028386 0.9732474723687455 0.9851252606531928 -0.6135642533842077 -1.5572795899942249 1.9285986421470354 0.0 -0.09472639649244076 -0.5456995409920831 0.14280179282831046 -0.08337339149971923 -1.0833733914997192 0.8968627634918268 0.8104267541333599
0.487948982173 0.5496554664948594 3.8805188198994247 -0.510663865984351 0.882488908148732 1.0589761374395206 0.5000049823333214 -0.03616681112515972 -0.8211188133645346 0.5496554664948594 0.8333416372222023 -7.935798891014163e-12 1.0122228238576678 0.0 6.164109303758532 -3.55564469809044 0.6131132405140279 -1.5270446659773613 0.8366170146538867 0.04787140054811726 -1.2329472155881307 -0.8015785653568971 -0.3541083680112905 0.9741415006619778 0.9538976743060681 1.002605634576856 -0.6049905271295626 -1.5436990170795941 1.837796467468825 0.0 -0.07651603305435511 -0.5285924653531131 0.14079986343977546 -0.07225472826929025 -1.0722547282692902 0.9181683022574589 0.8341798108177392
0.500001322032 0.5264539269695688 3.53800546428406 -0.32448519084218397 0.8400558156797666 0.985528536580189 0.5114346979274275 -0.02469374392507368 -0.8125560204667229 0.5264539269695688 0.8523911632123792 9.849900277059691e-12 1.0398351427456562 0.0 6.408817713857289 -3.447971611909902 0.6217988973667787 -1.4509017933103334 0.8572123817326602 0.04113335302685447 -1.2311083268588519 -0.8176342351680185 -0.3594922375590833 0.9917452339614673 0.9347036429626248 1.0209646976454225 -0.5963554335621456 -1.5299838002652975 1.7497772667167792 0.0 -0.06062771891503378 -0.5107843848445557 0.1393540707490881 -0.06151797402580916 -1.0615179740258092 0.9403146867407178 0.8587483864088351
0.512351354687 0.5037639381525917 3.2193420558088017 -0.15873345695793706 0.7988220801384458 0.9157572812035578 0.5233845888245595 -0.013000179759639815 -0.8042738643911396 0.5037639381525917 0.8723076480409325 -9.108535592291414e-12 1.068033783649793 0.0 6.658223813775473 -3.340971981849351 0.630502162111912 -1.3775670011091083 0.8791019152253678 0.034996604897587325 -1.229222962738608 -0.8343878350772347 -0.3650835519123132 1.0107883160468676 0.9156415805730653 1.0402527107327584 -0.5876617388879742 -1.5161368441982175 1.6644808825687176 0.0 -0.04684741869444137 -0.4924235066589766 0.1384806680059352 -0.051157025618044694 -1.0511570256180447 0.9633430164092738 0.8841679387429636
0.525006433147 0.4815963680146203 2.9234853871832684 -0.012046101182796143 0.7588007253996624 0.8495858289799793 0.535885156870651 -0.0010634094377426357 -0.7962670681885405 0.4815963680146203 0.8931419281177516 6.157219766203283e-12 1.096874859929211 0.0 6.912696674436496 -3.2345783968994026 0.6392183357630247 -1.3069772228148726 0.9023691474659074 0.029463834712524884 -1.2272904560262319 -0.851877131205174 -0.37089198002719315 1.0313394011406716 0.8966866262435604 1.060523589094784 -0.5789123196327217 -1.5021612314281334 1.5818479982167744 0.0 -0.03497395971927466 -0.47364799855801626 0.13819747302292 -0.041165893458068537 -1.0411658934580685 0.9872975752454447 0.9104773088048352
0.537974092046 0.45996117230156075 2.649384722154102 0.11689345785092975 0.7200022745651242 0.7869320045483015 0.5489691132688048 0.011140745691048606 -0.7885303625662695 0.45996117230156075 0.9149485221146747 -2.353871497885081e-12 1.1264181595484053 0.0 7.172627728103226 -3.128719055695616 0.6479425338537147 -1.2390700061652407 0.9270896364581088 0.024528794183808007 -1.2253101795497865 -0.8701423884470363 -0.3769277457789794 1.053472509539239 0.8778127031445127 1.081835218602117 -0.5701101610200069 -1.4880602219050425 1.5018200485204967 0.0 -0.024818778490052432 -0.4545861355846196 0.1385239874245642 -0.03153865689361357 -1.0315386568936136 1.0122261673218995 0.937719109106505
0.55126205212 0.43886736304391216 2.3959866146052513 0.22935497655560777 0.6824347218444339 0.7277084145330193 0.562671565876655 0.02363807109844828 -0.7810584581170112 0.43886736304391216 0.9377859431277584 -9.554851230962103e-13 1.1567274850107472 0.0 7.438436558828801 -3.023340887668108 0.6566696890196297 -1.1737834708123094 0.9533314445685016 0.020176659434542978 -1.2232815473765215 -0.8892265654984866 -0.3832016663166435 1.0772674604661698 0.8589923727995973 1.1042497908888242 -0.5612583550888608 -1.4738372513216784 1.4243391747574663 0.0 -0.016205654073609493 -0.4353564620843114 0.13948151733841144 -0.022269433402125616 -1.0222694334021256 1.0381804780111041 0.9659401314015046
0.564878224807 0.4183229803811456 2.1622395926540543 0.32656062790332196 0.6461035175164727 0.6718228843051409 0.5770302256228677 0.03645610720462582 -0.7738460219495243 0.4183229803811456 0.9617170427047794 2.7187425022401913e-12 1.1878710207552552 0.0 7.710571293089046 -2.918371144653485 0.6653945546220366 -1.111056269040399 0.9811562408709366 0.01638463638895504 -1.221203998741609 -0.909175527769923 -0.38972519353330304 1.1028103426602938 0.8401966853560268 1.1278341670511112 -0.5523600985179894 -1.4594959295663161 1.349348199865106 0.0 -0.008970416958117986 -0.4160679784879963 0.14109329995551415 -0.013352353972574171 -1.0133523539725742 1.0652164682388041 0.995191781732661
0.57883071696 0.39833506795286316 1.9470986629552378 0.4096844236532613 0.6110115640076347 0.6191789134766722 0.5920856321588106 0.04962431876348486 -0.766887635575679 0.39833506795286316 0.986809386931351 -2.7620742081732195e-12 1.2199217513556722 0.0 7.989512662920432 -2.81374612567148 0.6741117094696099 -1.0508275498056232 1.0106208268464218 0.013122811668979968 -1.2190770188711397 -0.9300382792667097 -0.39651045893042264 1.1301940392043397 0.8213949910530681 1.15266028600912 -0.5434186901717727 -1.4450400381439172 1.2767905690784007 0.0 -0.0029606131573378628 -0.39682036455969794 0.14338465227298863 -0.004781514830203282 -1.0047815148302033 1.0933948118237455 1.0255305595284552
0.593127835669 0.3789096520543034 1.7495296096073005 0.47985167304107357 0.5771592252017946 0.5696761468277955 0.6078814025284988 0.06317427134431067 -0.7601777711289374 0.3789096520543034 1.0131356708808312 1.6074236906007143e-12 1.2529578997518938 0.0 8.275775569545425 -2.709376728396124 0.6828155636949835 -0.9930369262437555 1.0417789050427675 0.010355222241508462 -1.2169001062884948 -0.9518672159780865 -0.40357032219092975 1.159518789142269 0.8025547663997957 1.1788055985330093 -0.5344375283719179 -1.4304735275568004 1.206610347512061 0.0 0.0019648395680542654 -0.37770421644891417 0.1463831182614377 0.003449046583739457 -0.9965509534162605 1.1227813654442498 1.057018557926105
0.60777809321 0.3600517247023704 1.5685130515907546 0.538138706364478 0.54454434737375 0.5232108571497085 0.6244645040512996 0.07713984223723278 -0.7537107269562229 0.3600517247023704 1.0407741734188327 8.942178444151076e-15 1.28706344646261 0.0 8.569912340042903 -2.605196451887767 0.6915003658597202 -0.9376244466505552 1.0746830078233904 0.008041106685969876 -1.2146728239286277 -0.9747184025259746 -0.41091842382048627 1.1908928279255455 0.7836413659613899 1.2063535685001834 -0.5254201078860926 -1.4158005138538758 1.1387521365758033 0.0 0.005936050782005193 -0.35880132737263637 0.15011865450671277 0.011345427375767714 -0.9886545726242323 1.1534477001309802 1.0897240329105182
0.622790212112 0.34176523079237847 1.403048234110673 0.5855725847342823 0.5131622923053506 0.47967643653422015 0.6418855543709998 0.09155743436635971 -0.7474805967725336 0.34176523079237847 1.0698092572849998 -1.2838056648261202e-12 1.3223286605124662 0.0 8.87251856796408 -2.5011241016149803 0.7001602113317079 -0.8845305691017158 1.109386461743751 0.006136282943125742 -1.212394757990094 -0.9986518745634306 -0.4185692422333953 1.2244330637052778 0.764617809397134 1.2353941966398154 -0.5163700166518773 -1.4010252745607534 1.0731610856723752 0.0 0.009072547814896918 -0.34018497053567576 0.15462380642027823 0.018913890956262724 -0.9810861090437373 1.1854716642901089 1.1237219868387314
0.638173130351 0.32405305944824125 1.2521565327598478 0.6231310287312697 0.48300598322282673 0.4389638924376775 0.6601991528824991 0.10646622184643686 -0.7414812149819907 0.32405305944824125 1.1003319214708318 1.7327264111013791e-12 1.358850706488841 0.0 9.184233396593058 -2.397055408827681 0.7087890519851122 -0.8336961397533438 1.145945379085575 0.004594590961828912 -1.2100655216133172 -1.0237319700688825 -0.42653815571856585 1.2602658354599812 0.7454445153160422 1.2660246115421305 -0.5072909322327724 -1.3861522445695689 1.0097828627095955 0.0 0.01148370308832305 -0.3219202143382317 0.15993391398914933 0.026160928691768115 -0.9738390713082319 1.21893801136956 1.1590948179471727
0.653936006671 0.3069170396681375 1.1148846461987185 0.6517425165967472 0.4540659616859675 0.4009623448934082 0.6794642451630561 0.12190842698146748 -0.7357060810234888 0.3069170396681375 1.1324404086050937 -1.2385769263338746e-12 1.3967343275816049 0.0 9.505745927623536 -2.292908164562889 0.7173807072578519 -0.7850623749057015 1.1844206597306277 0.003369330062741813 -1.207684784343066 -1.0500276918991716 -0.4348415097582526 1.2985277553618289 0.7260789853335353 1.2983497291216801 -0.49818661801593056 -1.3711860110280536 0.948563601590689 0.0 0.01326918630385923 -0.30406426077040605 0.16608734675673534 0.03309334772417771 -0.9669066522758223 1.253939094852413 1.195933038018464
0.670088226036 0.2903579403410304 0.9903074654533303 0.6722864444589014 0.4263304562509263 0.36555952126342595 0.6997445255056445 0.13792961310419094 -0.7301483049620119 0.2903579403410304 1.166240875842741 5.276617447359039e-14 1.4360925708807288 0.0 9.837799973607412 -2.18857588979835 0.7259288765974409 -0.7385708468748069 1.224879955099831 0.0024146198357865934 -1.2052522405614652 -1.0776131054224487 -0.44349669022110616 1.3393666173335388 0.7064754988287711 1.3324829602729782 -0.48906091916455563 -1.3561313079299409 0.8894499142432826 0.0 0.01451941383676837 -0.28666678944017815 0.1731257414907977 0.03971833037363437 -0.9602816696263656 1.2905756165065982 1.2343360299225803
0.686639405219 0.2743754746564309 0.8775306073787452 0.6855934953817293 0.39978546209276256 0.3326422449259493 0.7211088817322023 0.15457901976664565 -0.7248005216033094 0.2743754746564309 1.2018481362203373 1.3172937782405702e-12 1.4770476146170277 0.0 10.181197774016743 -2.08394602947931 0.7344271533121921 -0.6941634736943665 1.267399648968196 0.001686619314486853 -1.202767625126091 -1.106567774966606 -0.45252220302010565 1.3829424152681353 0.6865847369981852 1.3685470086440792 -0.4799177583270976 -1.340993010286372 0.8323888588546475 0.0 0.015316024182249324 -0.2697703254758625 0.18109427904779804 0.04604353300242692 -0.9539564669975731 1.3289574619085454 1.274412897183674
0.703599398528 0.2589683089279713 0.7756926044585956 0.6924461252757186 0.3744148307511102 0.3020969144591681 0.7436318866520346 0.1719099299264717 -0.7196548026108547 0.2589683089279713 1.2393864777533912 -2.3386130235011503e-12 1.5197316751425365 0.0 10.53680693722566 -1.9789042857706653 0.7428690398310517 -0.6517825126826642 1.3120668364697607 0.0011445486637682134 -1.2002307106712133 -1.13697724310794 -0.46193776087657795 1.4294284606301402 0.6663533779984855 1.4066747460119002 -0.4707611311216461 -1.3257761276727025 0.7773279296841533 0.0 0.01573235726719318 -0.25341061624053546 0.1900419828767491 0.05207718620813517 -0.9479228137918648 1.3692046151934059 1.3162833880056959
0.720978303671 0.2441340757998812 0.6839667489099475 0.6935791875163915 0.3502003697508738 0.2738099699729214 0.7673943424006949 0.18998007657965763 -0.7147025593054941 0.2441340757998812 1.2789905706678248 2.7324227564726953e-12 1.5642880113623308 0.0 10.905565894592808 -1.8733190026189046 0.7512479643599083 -0.6113705578778887 1.3589813220888638 0.000751473303617105 -1.1976413014514622 -1.168933557810343 -0.47176437791332426 1.479012616654019 0.6457236487356328 1.4470101799725903 -0.46159510140483856 -1.3104857975017188 0.7242150539281453 0.0 0.015833939243972386 -0.23761701771248916 0.20002204598619394 0.05782820561843782 -0.9421717943815622 1.4114481668312937 1.3600789105071431
0.738786467772 0.22986939177596108 0.6015625912072836 0.6896807069750612 0.3271219509471101 0.2476683434225279 0.7924838833106953 0.20885209756050155 -0.7099344251406562 0.22986939177596108 1.3208064721844923 -2.506907320193949e-12 1.6108720470438365 0.0 11.28849083358866 -1.767050806230572 0.7595572989191519 -0.5728705412883022 1.4082576689260438 0.00047482876022464983 -1.1949992392669664 -1.2025358525338528 -0.4820244728815268 1.5318986681810685 0.6246328136494873 1.4897095304733763 -0.4524237963360172 -1.2951272777752252 0.672998579796561 0.0 0.015678973218220354 -0.2224128900557902 0.21109219599657605 0.06330632733094865 -0.9366936726690513 1.4558314302867932 1.4059436594428438
0.757034493526 0.21616987899517992 0.5277270984630895 0.6813927756818319 0.30515762702281235 0.22355988997881485 0.8189956446605168 0.22859403885455568 -0.7053401279684196 0.21616987899517992 1.3649927411008613 1.956257513976549e-12 1.659652613132442 0.0 11.68668328370944 -1.6599491963873465 0.7677903787069339 -0.536225737980371 1.4600273060795133 0.00028668409970885694 -1.1923044000486718 -1.2378909853833033 -0.4927419819068185 1.5883078352501743 0.6030126115856759 1.534942420128095 -0.4432514012584205 -1.279705939506604 0.6236272774383032 0.0 0.01531882773465003 -0.20781599661551692 0.22331509414931286 0.06852225475733453 -0.9314777452426655 1.5025111741341042 1.454035858098429
0.775733245516 0.2030301911185201 0.4617454809322891 0.6693125796618116 0.2842837550341924 0.20137379771603447 0.8470330050645498 0.24927991647365547 -0.7009083412652838 0.2030301911185201 1.4117216751075832 -1.2973460308597986e-12 1.7108133338422995 0.0 12.10133875311859 -1.5518513394255855 0.7759405227498081 -0.501379774869291 1.5144407320983162 0.00016376055162031815 -1.1895566960957389 -1.2751142439721073 -0.5039424817619483 1.6484804534069792 0.5807886201953983 1.5828931979781673 -0.4340821544023956 -1.2642272587387116 0.5760503375122638 0.0 0.014798523540217856 -0.19383890597248268 0.23675877829939607 0.0734878306316985 -0.9265121693683015 1.55165898915897 1.504529139266547
0.79489385668 0.1904440431921499 0.4029416989287845 0.6539935340287029 0.26447512624639957 0.1810009732071683 0.87670841176168 0.2709903387978589 -0.6966265237998395 0.1904440431921499 1.4611806862694667 5.672254090249252e-13 1.7645541624696273 0.0 12.533755660900345 -1.4425743473356683 0.7840010557512944 -0.468276643193013 1.5716698242540728 8.723769216036883e-05 -1.186756065620037 -1.314330123631406 -0.5156533247688202 1.7126778330913077 0.5578795569432705 1.6337624050926394 -0.4249203414355082 -1.2486968083141459 0.5302173858871218 0.0 0.014157212249702289 -0.18048939234142566 0.25149714682184093 0.07821622170781573 -0.9217837782921843 1.6034628003973719 1.557614072523982
0.81452773494 0.1784042452979018 0.3506786650881659 0.6359465465787999 0.24570510114729052 0.1623344008639322 0.9081442990751075 0.2938132074260003 -0.6924807228683065 0.1784042452979018 1.513573831791846 1.9696032833025564e-13 1.8210931089235396 0.0 12.985345357698273 -1.3319237040915175 0.7919653310525672 -0.4368607145362051 1.6319103263688213 4.239100119013482e-05 -1.183902483269625 -1.3556731875288854 -0.5279037865820476 1.7811843352352472 0.5341964737051783 1.6877684149464367 -0.41577028986896586 -1.2331202494206466 0.4860784806872267 0.0 0.01342865032521172 -0.16777083583120384 0.2676105034434013 0.08272214794735677 -0.9172778520526432 1.658128557491454 1.6134998803806848
0.834646569993 0.16690273979155024 0.30435815954406004 0.6156413676126229 0.22794574846702237 0.14526947420290567 0.9414741109978555 0.31784449433921863 -0.6884553622059667 0.16690273979155024 1.5691235183297592 -9.297715751148958e-13 1.8806681561237921 0.0 13.457644421887249 -1.2196869708372202 0.7998267545916194 -0.40707676029426376 1.6953845116313753 1.811082885208133e-05 -1.1809959534031085 -1.3992890180707191 -0.5407252282411201 1.854309671498253 0.5096418705323638 1.7451492520805076 -0.4066363633414828 -1.2175033227431864 0.4435841296343417 0.0 0.012641658878236607 -0.15568261558228297 0.2851861531684936 0.0870221286860261 -0.9129778713139739 1.7158821095297179 1.6724163424665233
0.855262340272 0.15593064189222056 0.2634204786818113 0.5935080345159622 0.21116798748267057 0.12970429752810797 0.9768434423848699 0.3431891112092937 -0.6845330008458211 0.15593064189222056 1.6280724039747831 1.4320059426297714e-12 1.9435394031289617 0.0 13.95232637351021 -1.1056250326616435 0.8075788097349813 -0.3788699744194932 1.762344083010124 6.353775106773791e-06 -1.1780365042132588 -1.4453352709352025 -0.5541512740559779 1.9323914666962079 0.48410869994380423 1.806164620900435 -0.3975229557940917 -1.2018518396949325 0.402685309901167 0.0 0.011820570427568792 -0.14422049605306478 0.3043190627214247 0.09113476309454727 -0.9088652369054527 1.776971298330119 1.734615926692777
0.876387320077 0.14547828336781246 0.22734383890999185 0.5699384073835134 0.19534173215301492 0.11553995686783197 1.0144113124952885 0.3699618877533479 -0.6806940457263208 0.14547828336781246 1.690685520825481 -1.5753401989135257e-12 2.00999147509916 0.0 14.471216187498735 -0.989483796189856 0.8152150828303576 -0.3521859992955323 1.8330733883211672 1.5737336406794815e-06 -1.1750241971140412 -1.4939828435757354 -0.5682180070774324 2.0157981229322286 0.45747922831432125 1.8710981781830325 -0.3884344855528872 -1.1861716733292635 0.3633334755107548 0.0 0.010985662350697636 -0.13337700533528019 0.32511260210674786 0.0950810667452846 -0.9049189332547154 1.8416683068275344 1.80037618998115
0.898034086883 0.1355352590415397 0.19564355933515412 0.5452877622645901 0.1804360362746719 0.10268075934796238 1.0543515888680837 0.3982886611819337 -0.6769164401410118 0.1355352590415397 1.757252648113473 1.2008587031966688e-12 2.080336207972461 0.0 15.016306345141851 -0.8709767019067853 0.822729289319886 -0.32697095454337566 1.9078929540639262 1.724767043336441e-07 -1.1719591165491787 -1.5454171724307368 -0.5829641841166809 2.10493200639712 0.42962377750702757 1.9402600628382511 -0.37937538933821174 -1.1704687492738088 0.32548058726800577 0.0 0.010153569977991795 -0.12314180037248096 0.3476793582836471 0.0988848353135332 -0.9011151646864668 1.9102722807828667 1.8700024586513164
0.920215528829 0.126090475818509 0.16787104773806036 0.5198764533269639 0.16641923849554988 0.09103444051649784 1.0968545808685766 0.4283075040424524 -0.6731752960072562 0.126090475818509 1.8280909681142943 1.7389818377644793e-14 2.154915672107038 0.0 15.589773458574475 -0.7497949265157673 0.8301153002315191 -0.3031714685519773 1.9871634529566369 -2.2540463671566884e-10 -1.168841374295636 -1.5998396745856414 -0.5984314725341107 2.2002330166816106 0.40039928797278657 2.0139897349206293 -0.3703501162121046 -1.154749036639096 0.28907913089543724 0.0 0.00933768260320991 -0.11350202047696989 0.37214204856731603 0.10257307619216571 -0.8974269238078343 1.9831122815191016 1.9438308564394688
0.942944852391 0.11713220392571042 0.14361261502357844 0.4939916194732663 0.15325910617456634 0.08051233948566966 1.1421288251261255 0.46017010183997165 -0.669442477579508 0.11713220392571042 1.9035480418768758 -2.6157947084753386e-12 2.234105564297368 0.0 16.193999814708484 -0.6255991194567738 0.837367168853587 -0.2807347125086368 2.07129014031742 9.082407364734605 -1.1656711091316878 -1.6574693517737007 -0.6146647112826097 2.3021825778304046 0.3696477024103038 2.092659153913629 -0.3613631214843447 -1.1390185389298058 0.25408214230675474 0.0 0.008548518219530378 -0.10444262575492572 0.398634535953529 0.10617649759204828 -0.8938235024079517 2.0605506074960918 2.0222317137511108
0.966235590245 0.10864813003414439 0.12248814357850243 0.4678889187068618 0.14092297716109917 0.07102954207016521 1.1904030890789759 0.49404329354045373 -0.6656861463234003 0.10864813003414439 1.98400514846496 7.206099881513032e-12 2.3183190021415596 0.0 16.83159267513946 -0.49799442044709946 0.8444791573837871 -0.25960843667796074 2.160727776585998 4.10076740264259 -1.162448466377025 -1.7185445773830346 -0.6317121990265732 2.4113080965318567 0.33719416999678115 2.1766763310214396 -0.35241886058636823 -1.1232832851520012 0.22044325545293697 0.0 0.007794074627329279 -0.09594671832949209 0.42730294806689667 0.10973004189763813 -0.8902699581023619 2.14298652877614 2.1056133964779313
0.990101609324 0.10062541193101693 0.10414963465658633 0.44179431780991074 0.129377898506065 0.06250499242518322 1.241928621899097 0.530110836752832 -0.6618701729923686 0.10062541193101693 2.069881036498495 -1.2957146107764428e-11 2.408010863506126 0.0 17.505410146421106 -0.3665879337899223 0.8514457633336981 -0.23974100866612136 2.255986282063047 2.51773480298807 -1.159173643438986 -1.783325089690251 -0.6496260125081852 2.528188007454285 0.30284491398905455 2.2664893642002957 -0.3435217829296459 -1.1075493211211203 0.1881166863482555 0.0 0.0070801644886897795 -0.0879958506748741 0.45830697095579026 0.1132735836607699 -0.8867264163392301 2.230860561124303 2.194426709702742
1.01455711907 0.09305073439964301 0.08827965919855249 0.4159058495669725 0.11859076095597446 0.05486157397763469 1.2969816834209857 0.5685753516703568 -0.6579535643191861 0.09305073439964301 2.1616361390349765 1.6963429632715204e-11 2.5036825747157905 0.0 18.218592528563 -0.23090240759077355 0.8582617454570105 -0.22108145339624596 2.3576367543930803 1.7452381388903488 -1.1558769114542744 -1.8520942167450734 -0.6684623587521819 2.653508377713495 0.2663849668004539 2.362616410175616 -0.3346763257614053 -1.091852773692809 0.15705731563478054 0.0 0.006410717631562964 -0.0805703094447495 0.49187223867851837 0.11685260131574804 -0.883147398684252 2.3246592402074913 2.28916978056462
1.03961667992 0.08591036595380684 0.07458973662848001 0.3903954026024734 0.10852842931025773 0.04802616070953276 1.3558663991663775 0.6096605425587092 -0.6538897560419463 0.08591036595380684 2.2597773319439627 -1.6786866348302008e-11 2.6058875759020164 0.0 18.974583479757698 -0.0904191664755268 0.864922149001051 -0.20357949443309686 2.4663181154564304 1.290937674780316 -1.1524916145712816 -1.9251613666023153 -0.6882819651959574 2.78785600139951 0.22757552341493198 2.4655441369134063 -0.32588690802052556 -1.0761328407082529 0.12722072057006817 0.0 0.005788065465174644 -0.0736493845917526 0.5280786694555472 0.12051901254779596 -0.879480987452204 2.4249206010885627 2.390393668308303
1.06529521191 0.07919021610082438 0.06281866303606021 0.3654105266318313 0.09915786654266978 0.04192964012737226 1.4189179717280938 0.6536137542353114 -0.6496256894446317 0.07919021610082438 2.3648632862134895 1.6456848886599584e-11 2.7152375967688576 0.0 19.777177538141 0.055402557316075574 0.8714223299249693 -0.18718559658007794 2.5827443617724133 0.9940432096876977 -1.1490506016409998 -2.0028648122647 -0.7091505123062717 2.932050178844779 0.1861507720957846 2.575895799441941 -0.31715792422884226 -1.0604281264630806 0.09856312140215873 0.0 0.00521320772758702 -0.06721162252596942 0.5671868926312896 0.12433227930768154 -0.8756677206923185 2.5322405067002958 2.4987088604866523
1.09160800364 0.07287589274922437 0.052730810912136744 0.3410761358753787 0.09044625204854201 0.036506909411549965 1.4865063108645076 0.7007087316616356 -0.6451010568474875 0.07287589274922437 2.4775105181075125 -2.979265080451274e-11 2.832409461260025 0.0 20.6305487346387 0.20723229236598353 0.8777579780844039 -0.17185100897328187 2.707710957904565 0.7864342086647991 -1.14555406792416 -2.085574815220327 -0.7311391140292007 3.086935620558736 0.1418147459020604 2.6943300656331974 -0.3084937383778721 -1.0447446323239 0.07104157337302186 0.0 0.004686037251299503 -0.061235047830620094 0.6094251024512236 0.1283602837608857 -0.8716397162391143 2.6472796774392915 2.614792358961616
1.11857072133 0.06695275946784518 0.04411441991445012 0.317496304175717 0.08236109360462891 0.03169684651207056 1.5590401442980342 0.7512489548167127 -0.6402469808488369 0.06695275946784518 2.5984002404967237 6.985576954575855e-11 2.9581532596478866 0.0 21.539303034911356 0.36566742837582294 0.883925138876206 -0.15752780887105855 2.8421013588162536 0.6343013701638289 -1.1420023366470522 -2.173697133678419 -0.7543248519183895 3.2534441228175504 0.0942370577743477 2.821574699156296 -0.2998986778734334 -1.0290883357768001 0.0446138080008065 0.0 0.004205566807102045 -0.05569738188003995 0.6550438823208269 0.13268092160210676 -0.8673190783978932 2.77077213009991 2.7393962842826856
1.14619941815 0.06140599223414152 0.036779895715101096 0.29475587399061043 0.07487033099935417 0.02744225804017121 1.6369716565773043 0.8055711201656589 -0.6349851501167643 0.06140599223414152 2.728286094295507 -1.256233078151602e-10 3.093300944178743 0.0 22.508532529105814 0.5316257557544495 0.8899202332934959 -0.1441689454573789 2.986889309387431 0.5189565780578019 -1.1383955729429407 -2.267676960424007 -0.7787913698194464 3.4326045345615093 0.04304902707664389 2.9584345427427587 -0.29137702750512134 -1.0134651816792801 0.019238554193718338 0.0 0.0037701022747770496 -0.05057622091518302 0.7043184402660023 0.13738309250128777 -0.8626169074987122 2.903534395750836 2.8733569842455116
1.17451054378 0.056220635362863744 0.030558134586293705 0.27292219558701286 0.06794243428829151 0.023689805973284545 1.7208017918594933 0.8640494857623334 -0.629226019579249 0.056220635362863744 2.868002986432489 1.5839753224672971e-10 3.2387769668532402 0.0 23.543827709530998 0.7059933697307335 0.895740076127247 -0.131728283418852 3.1431379316987664 0.4292268363219379 -1.1347340769897167 -2.3680033703258028 -0.8046295368398045 3.625554633147022 -0.012161966108621578 3.1058011585615097 -0.2829330234568406 -0.9978810806339272 -0.005124712936937392 0.0 0.0033774290889854496 -0.045849218891641126 0.7575516467145326 0.14256887932278728 -0.8574311206772127 3.04647690839283 3.01760643954721
1.20352095421 0.05138165628230089 0.025298884675153902 0.25204674814767514 0.061546489794947 0.020389915256037443 1.8110861873411974 0.9271007688704502 -0.6228667170896625 0.05138165628230089 3.0184769789019956 -1.394390469692853e-10 3.395610261812333 0.0 24.65142824254632 0.8894059923616843 0.9013818921019313 -0.12016064594704101 3.3119892235478865 0.3580199680205885 -1.1310184997112267 -2.475214302782315 -0.8319381876336088 3.8335544714082714 -0.0718589173328385 3.2646636713362778 -0.2745708473134152 -0.9823418941626286 -0.02851595960155695 0.0 0.003024968082540099 -0.04149424249261102 0.8150774925062758 0.14835608900553954 -0.8516439109944605 3.200617178031594 3.1731852622460535
1.23324792178 0.04687399899861301 0.02086916030410407 0.23216647537629734 0.05565228258580941 0.017496664548607592 1.9084420036948189 0.9951888604167135 -0.615790686029257 0.04687399899861301 3.180736672824698 8.408609071514727e-11 3.5649459867954416 0.0 25.838245423246168 1.0832629216883112 0.9068433298301064 -0.10942185683256422 3.4946318476942224 0.30061619398905165 -1.1272488859798186 -2.5899022133645095 -0.8608249493677719 4.0580003041129045 -0.13655952856434697 3.4361198405348112 -0.26629462029141376 -0.966853433694537 -0.05097359545271729 0.0 0.0027098577001625126 -0.037489475409963946 0.8772636312882061 0.15487853085565195 -0.845121469144348 3.367093669821624 3.3412554203190874
1.26370914545 0.04268263570865713 0.017151716643128503 0.2133054775854107 0.050230369908929366 0.014967662131778841 2.0135557364147285 1.0688316370356579 -0.6078641197944319 0.04268263570865713 3.355926227357881 -3.136225385665815e-11 3.7480621075634493 0.0 27.111888251575742 1.2887944800858213 0.9121224732560224 -0.09946878133277437 3.69225208410106 0.253751894345543 -1.1234255832742215 -2.712720476302908 -0.8914071685266441 4.30044253847586 -0.20684589609431142 3.6213907974554913 -0.25810839723976353 -0.9514214621087025 -0.07253533983274463 0.0 0.0024291079597222923 -0.03381356366695942 0.9445163111179782 0.16229040569835496 -0.837709594301645 3.5471847552841544 3.5231184335535617
1.29492276134 0.03879261658038791 0.014043592212125065 0.19547637876894658 0.04525214283704423 0.012763909356984675 2.1271919866248434 1.1486080007022568 -0.5989333119577158 0.03879261658038791 3.5453199777080724 1.8421976813100534e-12 3.946386665750356 0.0 28.48087184597396 1.5070603778167981 0.917217850632849 -0.09025936543144075 3.9059489940920065 0.21509779433067056 -1.1195491952454222 -2.844390582378 -0.9238129494507479 4.56260500528153 -0.28337335796611657 3.8218366946193836 -0.25001616085915496 -0.9360516784825634 -0.093238151331418 0.0 0.002179686272890084 -0.03044570859833551 1.0172850275734577 0.17076948855777596 -0.829230511442224 3.7423297054153495 3.720234336492168
1.32690735354 0.03518911732863191 0.011454728616286408 0.1786815750091853 0.0406898832862024 0.010849653709121132 2.250203612582984 1.235165516335585 -0.5888227230808982 0.03518911732863191 3.7503393543049732 8.653031545167634e-12 4.161516631224075 0.0 29.954658842062113 1.7397785072308936 0.9221284408355107 -0.08175267318169288 4.1366213900960025 0.18294671335798932 -1.1156200488128998 -2.9857103465442316 -0.9581823207246754 4.846406393027896 -0.36687903348031 4.0389740016591205 -0.24202181590867464 -0.9207497197029736 -0.11311765592823342 0.0 0.001958572438068807 -0.02736573681521438 1.0960670387229234 0.18051935025559995 -0.8194806497444 3.954152762529732 3.9342420950439987
1.35968196518 0.03185748440725848 0.009306669964353535 0.16291457866261683 0.036516811266784834 0.009192233621967274 2.383543288966827 1.3292300764089262 -0.577330628671759 0.03185748440725848 3.972572148278045 -9.648350740190463e-12 4.395241519606286 0.0 31.543775871483742 1.9885879279942054 0.9268536769219536 -0.07390892184174258 4.384886445555402 0.15601884495117407 -1.1116386767606783 -3.137563208561105 -0.9946685469961826 5.153986029748904 -0.45819477308504303 4.2744966114701555 -0.234129183444239 -0.9055211553723134 -0.13220859954662223 0.0 0.001762837483514163 -0.024554179269313386 1.1814138814708592 0.19177466065498994 -0.8082253393450101 4.184493371129799 4.166984893804605
1.39326610972 0.028783277633539994 0.007531345935545795 0.14816116597851497 0.032707124391276876 0.0077619170889910265 2.528276765862724 1.4316163546953173 -0.5642255315848113 0.028783277633539994 4.213794609771207 6.79104873884463e-12 4.649569078186396 0.0 33.259990911097034 2.2553305197189157 0.9313934468414358 -0.06668951455097583 4.651181489627519 0.13333599792667344 -1.1076056018958171 -3.30092881490455 -1.0334396066732627 5.487732443909273 -0.5582599058798511 4.530299071077957 -0.22634199509000233 -0.890371484373772 -0.1505446029710693 0.0 0.001589683005051839 -0.02199231958503054 1.2739378341380658 0.20480546066467742 -0.7951945393353226 4.435440472981133 4.4205365157384495
1.42767978263 0.025952310073004276 0.006069940048288093 0.13440049299940332 0.029236029621221613 0.006531736011262116 2.6855980925355745 1.5432401060874321 -0.5492413828213718 0.025952310073004276 4.475996820892624 -3.7565619043411345e-12 4.926755438071252 0.0 35.116445368478026 2.542194708157389 0.9357480914187377 -0.060057070087527364 4.9363716572230905 0.11413788035575283 -1.1035213973968623 -3.4768950746501637 -1.074679859293992 5.850316499830611 -0.6681368660654824 4.808503648278191 -0.21866388731465522 -0.8753061319018564 -0.16815819540747845 0.0 0.0014364784456121391 -0.019662236040493445 1.3743196789379861 0.21992291836892086 -0.7800770816310791 4.709372666719723 4.69723068032386
1.46294347326 0.023350685058955177 0.004871843506906768 0.12160612252975848 0.026079767545464157 0.005477318121387644 2.856847124898128 1.6651322759798504 -0.5320721643382993 0.023350685058955177 4.761411874830213 2.8398113128273476e-12 5.229339710491914 0.0 37.127852288402416 2.8515475214846284 0.9399183994210546 -0.053975449678747234 5.2430693880849 0.0978248842551371 -1.0993866800924392 -3.666671916090103 -1.1185919299100877 6.244729345500269 -0.7890290451026215 5.111491352826381 -0.21109839573494324 -0.8603304468679286 -0.18508078354576352 0.0 0.00130078553247609 -0.017546830379925344 1.4833174706700554 0.23748584684114427 -0.7625141531588557 5.009002738812478 4.9996921535710355
1.49907817705 0.020964830226115325 0.003893693842290401 0.10974697575686213 0.023215629463018653 0.004576718184311068 3.0435296902505247 1.7984553232883123 -0.5123654893600831 0.020964830226115325 5.072549483750874 -3.896601930452972e-12 5.560183994390791 0.0 39.31070496864176 3.186103112990779 0.9439055998811152 -0.04840978046617428 5.576388057409058 0.08391806419114628 -1.0952021298595143 -3.8716070091745034 -1.1653988424421171 6.674326104893675 -0.9223015938768335 5.4419377123727655 -0.20364894942442652 -0.8454496993175451 -0.20134265007579488 0.0 0.001180374146170332 -0.015629846457200128 1.6017766211428008 0.2579084179175899 -0.7420915820824101 5.337423392890404 5.33086994059873
1.53610540802 0.018781528472184946 0.00309849658862536 0.09878820342451439 0.020621967703722953 0.00381025004097023 3.247340854046994 1.9445220594898136 -0.4897152071292936 0.018781528472184946 5.41223475674499 5.050239141075899e-12 5.922519549615696 0.0 41.683524691464214 3.5489164696684234 0.947711351678588 -0.043326475484153804 5.941495789492609 0.0720305595440988 -1.0909684775819364 -4.093203765376107 -1.2153464390871236 7.142876159298583 -1.0695054415543888 5.802853989501228 -0.19631886522809178 -0.8306690779539565 -0.21697292414382607 0.0 0.0010732296117588838 -0.0138958789912027 1.730641402553593 0.2816690768896626 -0.7183309231103374 5.698146174762695 5.694074363178807
1.5740472116 0.016787945782875294 0.0024548273938749996 0.08869198360705241 0.01827819962024416 0.003160320910863002 3.470191819599927 2.1048175037111876 -0.463652687456511 0.016787945782875294 5.783653032666545 -4.058860983806356e-12 6.320000345210034 0.0 44.26713840979318 3.943454190072549 0.9513377305281637 -0.03869324991704359 6.342404981504682 0.06184680810043033 -1.0866865127309624 -4.333141982484973 -1.268706129034292 7.654621224723571 -1.2324053130374133 6.197634862733851 -0.18911134207806507 -0.8159936881295805 -0.2319995746843384 0.0 0.0009775538221981394 -0.012330374309872518 1.870968192057026 0.30932106256614134 -0.6906789374338587 6.09512012104332 6.09302432521275
1.61292617772 0.014971655881865628 0.0019361112557612057 0.07941824632921109 0.016164805608660876 0.0026112692157832166 3.714241069658767 2.2810242768876265 -0.43363652492937366 0.014971655881865628 6.190401782764612 -1.2675868973299848e-13 6.756765257835238 0.0 47.08501087915322 4.373618086397955 0.9547872134165016 -0.034479133554178976 6.78341404821062 0.05310717272895537 -1.0823571072527085 -4.593301559537868 -1.3257780169727649 8.214342540090318 -1.413012473527478 6.630113672020906 -0.18202945531363685 -0.8014285493493359 -0.24644942434919348 0.0 0.0008917611067948722 -0.010919623917311319 2.0239407573257067 0.3415048518953263 -0.6584951481046737 6.532717081041879 6.53191528228994
1.65276545431 0.013320661686442846 0.001519975061205798 0.07092532269446916 0.014263321682075149 0.0021492070281556377 3.9819304967281406 2.4750520226290527 -0.39904068560675743 0.013320661686442846 6.636550827880234 6.218388239842183e-12 7.237510142273477 0.0 50.163619237806195 4.843881036957723 0.9580626607761377 -0.030654479197105067 7.26941863517732 0.04559639797933437 -1.0779811744748344 -4.875789791343549 -1.386894470583134 8.827438539963833 -1.6136225808832745 7.104626344040492 -0.1750761509958949 -0.7869785929642721 -0.2603481023134573 0.0 0.0008144688248768932 -0.00965075122823568 2.190887712083599 0.378962479745768 -0.621037520254232 7.015701103515571 7.0155139136627485
1.69358876104 0.011823413578498854 0.001187669184021748 0.06317053174245416 0.012556327072171282 0.0017618680915198824 4.276027405026468 2.6890718456663736 -0.3591402022620853 0.011823413578498854 7.126712341710781 -1.0985317392010069e-11 7.7675721394486965 0.0 53.532886071863615 5.359299779231838 0.961167296404463 -0.027190967071847316 7.806007679119747 0.03913482275924455 -1.0735597202640301 -5.182972841531564 -1.4524241962734736 9.500015241671164 -1.836860477177131 7.626085928762306 -0.16825424023186258 -0.7726486602743754 -0.2737200929178074 0.0 0.0007444859300966404 -0.008511693896232493 2.3733028999603833 0.42255486303427325 -0.5774451369657267 7.54928527227351 7.549267213157098
1.73542040343 0.0104688245167897 0.0009235536008652491 0.056110697436610076 0.01102742718863081 0.001438462202888645 4.59967338718905 2.9255564027298466 -0.3130944934730069 0.0104688245167897 7.66612231198175 1.1820642679014866e-11 8.353027818508743 0.0 57.22670042564754 5.925614408187116 0.9641046854428169 -0.024061605082166482 8.399575904946293 0.03357160524261371 -1.0690938384744744 -5.517512086579971 -1.522776904700387 10.238991170897856 -2.0857323637844067 8.200069219733287 -0.16156639350611748 -0.7584434988277233 -0.28658873456458456 0.0 0.0006807982759092954 -0.007491181158619197 2.5728688589161064 0.4732820052846378 -0.5267179947153622 8.139404622293466 8.139404317271099
1.7782852874 0.009246282038444392 0.000714643854243465 0.049702602945861346 0.009661232634723927 0.001169536595528378 4.956441382891747 3.187326702894224 -0.25992789414875617 0.009246282038444392 8.260735638152912 -8.800742092470992e-12 9.000807744004156 0.0 61.28349869332209 6.549435600340139 0.966878710689855 -0.021240724847640058 9.057456934795466 0.028779438614579513 -1.0645846671368733 -5.8824061880271685 -1.5984086621471096 11.052219494839306 -2.3636867048278347 8.832917694794258 -0.15501513502176673 -0.7443677602772548 -0.2989761820119783 0.0 0.0006225520235983165 -0.006578707542196077 2.791483856686394 0.5323065785017675 -0.46769342149823245 8.793042216756985 8.79304221665468
1.822208934 0.00814565722247523 0.0005502120728361949 0.04390339111014856 0.008443334555626472 0.000946844816040045 5.350402354782843 3.477607182803524 -0.19850604530008376 0.00814565722247523 8.917337257971406 4.357861559773159e-12 9.718831212671322 0.0 65.74695537342264 7.238265351715013 0.9694935472295613 -0.01870397371794552 9.788082066329906 0.02465038563240752 -1.0600334560581468 -6.28103986680079 -1.6798280408793287 11.948630921593391 -2.6746866847070083 9.531855850005275 -0.14860283708209224 -0.7304259968659368 -0.3109034854742645 0.0 0.0005690372477286833 -0.005764504471753083 3.0312936636219865 0.6009825877365493 -0.39901741226345067 9.518319845707955 9.518319845707955
1.86721749467 0.007157310697740154 0.0004214383048696442 0.03867090529922532 0.007360276832089233 0.0007632234494382783 5.786203375314472 3.800090130323553 -0.12750841456169404 0.007157310697740154 9.643672292190788 -1.2529361079565187e-12 10.516163877629094 0.0 70.6667996898406 8.000697309888213 0.9719536359395301 -0.016428302575067333 10.60116912139973 0.021092561991319713 -1.0554415322422412 -6.717240564348602 -1.767603202760046 12.938400482747248 -3.023294808887724 10.30512944121655 -0.14233171450434734 -0.716622657264514 -0.3223905724026599 0.0 0.0005196702377631722 -0.005039509143426 3.2947281905564605 0.6808887202635638 -0.31911127973643616 10.324561012454351 10.324561012454351
1.91333776679 0.006272095803433883 0.00032110750176408325 0.033963980924079755 0.006399525609695971 0.0006124769189950384 6.269159288671388 4.159011532198843 -0.04539554129351586 0.006272095803433883 10.448598814452314 7.983422878626375e-13 11.403203273158798 0.0 76.09974833033051 8.84662974149055 0.9742636558978857 -0.0143919496745053 11.507948655555609 0.018027471970659344 -1.0508102943223927 -7.1953444044351755 -1.8623700749102874 14.033143091846455 -3.414772959543832 11.16216781682548 -0.13620381910131843 -0.7029620826781762 -0.33345626196971123 0.0 0.00047397637095547264 -0.004395332192918071 3.584544277394141 0.7738681348730339 -0.22613186512696615 11.222466949325348 11.222466949325348
1.96059720963 0.005481359021321209 0.00024334763148984955 0.029742690239438367 0.005549436520731841 0.0004892704677022087 6.805360495359305 4.5592405738978306 0.049630171092506004 0.005481359021321209 11.342267492265508 -2.2734117654412906e-12 12.391897663358014 0.0 82.11061733033229 9.787393354334403 0.9764284960411879 -0.012574420571120903 12.521435973293464 0.01538785003249778 -1.046141239127559 -7.720273126691198 -1.9648418063844255 15.246143327659293 -3.855201087393928 12.11377495020233 -0.13022103424636794 -0.6894485019531521 -0.3441183166032862 0.0 0.00043157380627653467 -0.003824224555414812 3.9038758353937855 0.8820761414506819 -0.11792385854931808 12.22434363371619 12.22434363371619
2.0090239607 0.004776937815099307 0.00018340460518836488 0.025968542106293284 0.004799220030908281 0.0003890313209061519 7.401799967744201 5.0063852273782254 0.15967092344168599 0.004776937815099307 12.336333279573669 3.6040375243976076e-12 13.496004203015355 0.0 88.77362815544953 10.83604864987232 0.9784532263230107 -0.010956464286676404 13.656758925793334 0.013115898637668275 -1.0414359450403592 -8.297624003982936 -2.0758197309007405 16.592625649294856 -4.351617478353748 13.172354362382677 -0.12438506954852607 -0.6760860259485647 -0.3543934548051182 0.0 0.0003921578604167082 -0.0033190436992127587 4.256292369721189 1.0080367295447417 0.008036729544741661 13.34437000911841 13.34437000911841
2.05864685253 0.00415115602565868 0.00013744993371140297 0.02260464223731484 0.004138905309189111 0.00030785793359418257 8.066523271071022 5.506917258898437 0.28718906263205213 0.00415115602565868 13.444205451785036 -3.149422328596947e-12 14.731394514417088 0.0 96.17393555017553 12.007677989325403 0.9803430686495704 -0.009520045891945994 14.931554951258105 0.011161839532002489 -1.0366960642992336 -8.933775162856517 -2.196206104293868 18.09007310534318 -4.912185411209755 14.35217478056832 -0.11869745567030791 -0.6628786417779498 -0.3642973766293378 0.0 0.0003554866907720959 -0.0028732198938479455 4.645867653558144 1.1547101827841715 0.15471018278417148 14.598915634569208 14.598915634569208
2.10949542979 0.003596816982463289 0.00010241729064969426 0.019615817316360945 0.003559302959711672 0.0002424371416135542 8.808806116140778 6.068320592032666 0.43507373616033007 0.003596816982463289 14.681343526901296 8.520930356270372e-13 16.116417263061628 0.0 104.40944036179803 13.31969866658855 0.9821033677485907 -0.008248315764092906 16.366454098324866 0.009482714987198687 -1.031923334202372 -9.636009200848791 -2.32701893827449 19.758604109440732 -5.546391779874261 15.669684648282715 -0.11315953932436809 -0.6498302062230239 -0.37384481221525523 0.0 0.0003213684413848981 -0.002480722826525174 5.077260582539434 1.3255742880237413 0.32557428802374133 16.00691781492504 16.00691781492504
2.16159996691 0.0031071945006241027 7.586443961549646e-05 0.016968705692245352 0.003051966959279337 0.0001899689639080997 9.639364967264763 6.699267610545405 0.6067206645234737 0.0031071945006241027 16.065608278774604 2.2966758913438565e-12 17.672328943298076 0.0 113.59293272438934 14.792290980118608 0.9837395623559293 -0.007125575683285645 17.98566877582137 0.00804138990970359 -1.0271195669096862 -10.412658597681451 -2.4694093165352635 21.621418608694334 -6.265283756376743 17.143885050929608 -0.10777247848104377 -0.6369444384706673 -0.3830495527557334 0.0 0.00028964977825361125 -0.002136028734859955 5.555810329919731 1.524721577118953 0.5247215771189531 17.590329855893557 17.590329855893557
2.21499148609 0.0026760219431626853 5.5857272230882135e-05 0.014631818676761343 0.0026091561194648578 0.00014809874283424574 10.570607432089462 7.409829278465325 0.8061281268274474 0.0026760219431626853 17.617679053482437 -4.901072232846529e-12 19.423807180309886 0.0 123.85463210086212 16.448867926287605 0.9852571568379506 -0.006137242094686135 19.81771733367809 0.0068057167195871545 -1.0222866498852592 -11.273277144647478 -2.624681657341524 23.70532783705256 -7.081751874735313 18.796773122926474 -0.10253723783448725 -0.6242249124058943 -0.39192449538467866 0.0 0.0002602059979961413 -0.0018340883733864684 6.087648783570126 1.75697641327967 0.7569764132796699 19.374655466762107 19.374655466762107
2.26970177579 0.0022974795337986345 4.0872994534358294e-05 0.012575575219473344 0.0022237953555887197 0.00011485626084389244 11.616930618695083 8.211725982812668 1.0380123785539581 0.0022974795337986345 19.361551031158474 5.069628228339259e-12 21.39956340971243 0.0 135.34520871105627 18.316676461054712 0.9866616935433316 -0.005269806785838993 21.896315394255783 0.005747832930951233 -1.017426528862195 -12.228842500722823 -2.7943174825250168 26.041384528679668 -8.01086891155042 20.65387023751815 -0.09745458456980224 -0.6116750482439977 -0.40048167383235844 0.0 0.00023293261507236778 -0.0015702959268780706 6.679833497521194 2.028035854213986 1.0280358542139858 21.38958688537246 21.38958688537246
2.32576340966 0.001966180111009112 2.9719788164226207e-05 0.010772313447889809 0.0018894370356619865 8.860143433250381e-05 12.7950775282543 9.118627871866693 1.3079470808085034 0.001966180111009112 21.32512921375717 -1.463814566613059e-12 23.633076294565672 0.0 148.23937051911417 20.427486757022415 0.9879587260381695 -0.004510795309580762 24.261479135420796 0.004843567725655999 -1.012541203280009 -13.291996093513319 -2.9800033699358 28.66563469262466 -9.070297025798471 22.744852951004624 -0.09252508447733798 -0.5992981042471793 -0.408732303723249 0.0 0.00020773846063687807 -0.0013404590599696785 7.34050547886749 2.3446399282575534 1.3446399282575534 23.669769142014722 23.669769142014722
2.38320976588 0.001677153517977774 2.1470552142264123e-05 0.00919628180863184 0.0016002226325746104 6.797615840656532e-05 14.12456370080235 10.14651536384517 1.6225323629117128 0.001677153517977774 23.54093950133725 -4.5679714522821634e-12 26.16347186424896 0.0 162.74016817659887 22.81836171523539 0.989153793369463 -0.003848723486384431 26.960896946995636 0.004071938489569159 -1.0076327427250722 -14.477327889870192 -3.183663909933875 31.620016576713883 -10.280778378146646 25.104308542487225 -0.0877490984687265 -0.5870971673288381 -0.41668685190984966 0.0 0.00018454019613314027 -0.0011407701752055854 8.079077075376636 2.7147782466523864 1.7147782466523864 26.255717747989635 26.255717747989635
2.44207504709 0.001425829823786268 1.5408599687306444e-05 0.0078236119653185 0.001350844910662578 5.1861858868041184e-05 15.628189272037156 11.314112340089551 1.989598871255069 0.001425829823786268 26.046982120061926 9.492235562607957e-12 29.036580991316995 0.0 179.08413515469763 25.532749426997505 0.9902523956859903 -0.0032730522560269204 30.051640127773922 0.0034147219882347275 -1.0027032419987159 -15.801715260040488 -3.407500663947487 34.9534374320251 -11.66672568023658 27.772641108438258 -0.08312677953721448 -0.5750751435886821 -0.4243550461540069 0.0 0.00016325799146639825 -0.0009677788576590273 8.906455311963175 3.1479394497176933 2.1479394497176933 29.19492156977962 29.19492156977962
2.50239430076 0.0012080215722025257 1.0983436908173602e-05 0.00663227700776833 0.001136510841443597 3.934229927433102e-05 17.332655118073173 12.64340886927186 2.4184565716068427 0.0012080215722025257 28.887758530121957 -1.0819211055187259e-11 32.306215101728796 0.0 197.5474380617818 28.621631431399493 0.9912599712080689 -0.0027741412840927016 33.60230666732447 0.0028560879387346076 -0.9977548316932697 -17.284727210679733 -3.6540383411782065 38.72306780189718 -13.256937700784249 30.7971622687582 -0.07865807021996166 -0.5632347493706539 -0.43174594103852315 0.0 0.0001438124538414306 -0.000818365679032447 9.835309271775225 3.655415583076035 2.655415583076035 32.54317411319799 32.54317411319799
2.56420343998 0.001019905252158688 7.774985816374236e-06 0.005602036648805172 0.0009529054046924135 2.9671190270891576e-05 19.26930593582586 14.160293025810015 2.9201979302061716 0.001019905252158688 32.1155098930431 9.05084633814845e-12 36.03570782324927 0.0 218.45331736650758 32.144909475910296 0.992181874637893 -0.0023432016703552883 37.69571450714171 0.002382284776167697 -0.9927896824572997 -18.94910773978105 -3.926179679895773 42.99590035581456 -15.085466859656952 34.23340657693548 -0.07434270061710152 -0.5515785010694838 -0.4388679797174606 0.0 0.00012612253346512694 -0.0006897172753347712 10.880390462771466 4.250673205680506 3.2506732056805063 36.3661830987236 36.3661830987236
2.62753926495 0.0008580021798471962 5.464831711570918e-06 0.004714371596811116 0.0007961564434063017 2.224415470271932e-05 21.475028942701815 15.895316072298728 3.5080669122167087 0.0008580021798471962 35.791714904503024 -5.930494998060694e-12 40.29978181671973 0.0 242.18102168522503 36.173304832166515 0.9930233573805256 -0.001972248015600253 42.43229084785434 0.001981369365562024 -0.9878099564825259 -20.82135533706452 -4.227270856236624 47.85063162707512 -17.192672003159405 38.14672141459859 -0.0701801870084151 -0.5401087059374704 -0.44572900252945524 0.0 0.00011010423292106961 -0.0005793026864753851 12.058916722572093 4.9498052136640425 3.9498052136640425 40.74152011816707 40.74152011816707
2.6924394848 0.0007191589781408931 3.813272560217523e-06 0.003952409706348428 0.0006628006943064799 1.657461436150115e-05 23.9933435499104 17.884622924601462 4.197912351098957 0.0007191589781408931 39.98890591651733 2.5772376765083714e-12 45.18681826761629 0.0 269.17661074768404 40.79035608924017 0.9937895492800585 -0.0016540503087538738 47.934344212192805 0.0016429738954242123 -0.9828178325930079 -22.932419520714877 -4.561179660390755 53.37994144020845 -19.62650383215421 42.61419565498359 -0.06616983112829226 -0.5288274530856363 -0.45233632919861777 0.0 9.567010549429445e-05 -0.0004848510182285744 13.39103552369112 5.772086360966149 4.772086360966149 45.76099227748348 45.76099227748348
2.75894274007 0.0006005278311480383 2.6411266930863844e-06 0.0033008451930828676 0.0005497511014681189 1.2273181414012799e-05 26.875726004031048 20.171085322552287 5.008743673773907 0.0006005278311480383 44.79287667338508 2.6918743067836046e-13 50.80162034715899 0.0 299.9660983639659 46.094992594789396 0.9944854422478869 -0.0013820858592210605 54.35143844218971 0.0013581042176982565 -0.977815493739043 -25.318540220115906 -4.932389202952326 59.69325952857029 -22.444074401789198 47.72700359113059 -0.0623107201384386 -0.5177366039762324 -0.45869680390358947 0.0 8.272927544611627e-05 -0.0004043303156120258 14.900382855185208 6.740654493354171 5.740654493354171 51.53353116673925 51.53353116673925
2.82708862575 0.0004995466837829452 1.8154146543816134e-06 0.0027458528479655693 0.00045426551544474133 9.03015881887653e-06 30.18322431909915 22.805685672651236 5.963413614633637 0.0004995466837829452 50.30537386516525 -1.3243610399746217e-12 57.26878747979889 0.0 335.1713699641506 52.204841759366346 0.995115875715673 -0.0011504916291762424 61.86712415862495 0.0011189649716562844 -0.9728050870010758 -28.022262094388775 -5.346110567221392 66.92013285743852 -25.713578377005543 53.59326148507046 -0.058601727347282015 -0.5068377842830681 -0.46481681108883144 0.0 7.11878825042089e-05 -0.0003359276426040597 16.614758992273266 7.883347782920346 6.883347782920346 58.1887216480856 58.1887216480856
2.89691771481 0.00041391954594450364 1.2381719294947701e-06 0.0022749989981578223 0.0003739168461678107 6.600778300493483e-06 33.988432498029496 25.849213091898648 7.089462429360708 0.00041391954594450364 56.64738749671583 -3.792825830866896e-13 64.73684992607653 0.0 375.529603867722 59.25992137714355 0.9956855238465842 -0.0009540172836779437 70.70730295989331 0.0009188075785460834 -0.9677887446121177 -31.093663576484836 -5.808418645058554 75.21433749743798 -29.516656142946335 60.34152057100863 -0.055041513713336536 -0.49613237639957086 -0.4707023509288689 0.0 6.094987473505752e-05 -0.00027803035696884827 18.56695000072215 9.233740622753658 8.233740622753658 65.88112811946948 65.88112811946948
2.96847158236 0.0003415970497339829 8.377728499235493e-07 0.0018771503323480269 0.0003065647268397231 4.792830902156456e-06 38.377910645705704 29.374346351914387 8.420161306912412 0.0003415970497339829 63.96318440950951 4.373346241225331e-12 73.38334571642193 0.0 421.9170519876599 67.42739549098826 0.9961988846368727 -0.0007879792010859754 81.1504599139823 0.0007517977735519662 -0.9627685708316346 -34.59185020947842 -6.326416428748156 84.75891150646812 -33.95130343020511 68.12504800485601 -0.05162853016710347 -0.48562151190343394 -0.47635907972711466 0.0 5.1917978799049676e-05 -0.0002292084998369011 20.795727096958615 10.832424481258045 9.832424481258045 74.79560889076755 74.79560889076755
3.04179283045 0.00028075739575825345 5.622531521148552e-07 0.0015423819868111326 0.0002503287360386254 3.4563729451758564e-06 43.455160657445504 33.468219675857156 9.995805713096644 0.00028075739575825345 72.42526776240918 -8.843303907583055e-12 83.42107347550582 0.0 475.3781330127095 76.90751375595744 0.9966602708932167 -0.0006482157034967129 93.53986825390814 0.0006128999350584309 -0.9577466143415663 -38.58677439164112 -6.908434339321685 95.77233362019206 -39.135464490447994 77.1270892902604 -0.04836102078298841 -0.4753060658079612 -0.48179233283010836 0.0 4.3994775563975935e-05 -0.00018819827840633443 23.34706585778287 12.728596208166863 11.728596208166863 85.15386397057604 85.15386397057604
3.11692511336 0.00022978781106324493 3.7421073896494675e-07 0.0012618860674103334 0.00020356320100186807 2.475218648108068e-06 49.344295580851494 38.23559390525525 11.865326336342804 0.00022978781106324493 82.2404926347525 1.189984438912982e-11 95.1058189710953 0.0 537.1612313909978 87.94063178372335 0.9970738028739955 -0.0005310437732818363 108.29754175493696 0.0004977758835367013 -0.9527248839444935 -43.16145925151224 -7.564272831541341 108.5161328065187 -45.21148704943168 87.56735813370801 -0.045237026822500956 -0.46518665151467764 -0.48700718865653403 0.0 3.7083818275841756e-05 -0.00015388661104542473 26.275640171766188 14.982037366350141 13.982037366350141 97.22253000110264 97.22253000110264
3.19391316366 0.0001872666271126597 2.469426521142238e-07 0.0010278814720478522 0.00016483359576541739 1.7599590737875975e-06 56.19457800675267 43.802785844151245 14.088297421443258 0.0001872666271126597 93.65763001125445 -1.2450138568280571e-11 108.74592743269771 0.0 608.7628733998037 100.81613833628487 0.9974434028349054 -0.0004332173965738706 125.93902218156687 0.0004026961700077398 -0.9477053337537114 -48.41472447025041 -8.305498627108824 123.30428571028968 -52.351656135916365 99.71006150208501 -0.04225439166253332 -0.45526361668578585 -0.49200849967135163 0.0 3.1090702726498854e-05 -0.00012529668061707523 29.646655699035218 17.665582790847935 16.665582790847935 111.32321280210239 111.32321280210239
3.2728028188 0.00015194607162479434 1.6154241977776573e-07 0.0008335259315511326 0.00013289453459730866 1.2422749144346706e-06 64.1860507935164 50.3225527135302 16.737449298931708 0.00015194607162479434 106.97675132252733 1.0641796150135053e-11 124.71420062145904 0.0 691.9823185541264 115.88356362320373 0.9977727911383467 -0.0003518877641941476 147.08686457612438 0.00032446220296291283 -0.9426898493084742 -54.464537513737355 -9.145807621567693 140.5148589804339 -60.76509105590669 113.8738547360835 -0.03941076662096173 -0.4455370407643473 -0.49680092077993276 0.0 2.592405396772181e-05 -0.00010157446952312894 33.538107657906565 20.86821014132707 19.86821014132707 127.8449614638544 127.8449614638544
3.35364104843 0.00012273585289666094 1.04737225460827e-07 0.0006728309907646195 0.00010666934618944615 8.703374332190533e-07 73.53654487489929 57.98018375551786 19.901823345744447 0.00012273585289666094 122.56090812483215 -7.467171387164299e-12 143.4627314705766 0.0 788.9893322231625 133.56614882872083 0.9980654840552812 -0.0002845654324439284 172.4787095735416 0.00026033780398951637 -0.9376802580896311 -61.452146470189405 -10.101470964955775 160.60447931634715 -70.70637106022737 130.4442309572005 -0.036703617672160425 -0.43600673377974075 -0.5013889588774464 0.0 2.1496395593501047e-05 -8.19762421064858e-05 38.043571191514985 24.69892110005415 23.69892110005415 147.2598292248863 147.2598292248863
3.43647598232 9.868760037518048e-05 6.729010408214382e-08 0.0005405804923477192 8.523120410597852e-05 6.051173007566371e-07 84.5104286382336 67.00112007272541 23.690742919784498 9.868760037518048e-05 140.850714397056 3.931550655564152e-12 165.5414573168405 0.0 902.4085812232856 154.37800837216764 0.998324793006274 -0.00022908458580950253 202.96314277401154 0.00020798899095818445 -0.9326783260469763 -69.54719276583461 -11.19188525016933 184.1263733757776 -82.48635251202872 149.88898710777727 -0.0341302330496082 -0.4266722361273497 -0.5057770053338171 0.0 1.7724871031474444e-05 -6.585693596067228e-05 43.275658978721594 29.291628266637417 28.291628266637417 170.14234266369343 170.14234266369343
3.52135693908 7.89802101556249e-05 4.282988035326369e-08 0.0004322530616894169 6.778577866030632e-05 4.174448073001913e-07 97.42956789726892 77.66051717441356 28.238826465705813 7.89802101556249e-05 162.3826131621149 -6.86719034701437e-13 191.6214396278207 0.0 1035.4249816367615 178.94568067133727 0.998553825363031 -0.000183569450143084 239.47396992414477 0.0001654309734631868 -0.9276857438371271 -78.95405655801738 -12.440253468795177 211.7529320899001 -96.48577741926363 172.77759393705634 -0.031687731711652706 -0.41753282025852917 -0.5099693541284548 0.0 1.453180765298249e-05 -5.2659431729145576e-05 49.37031892778523 34.81132690802028 33.81132690802028 197.19394007013517 197.19394007013517
3.60833445548 6.290612969034703e-05 2.7002010717453297e-08 0.00034394897464439856 5.365536484741606e-05 2.8568681550060976e-07 112.68710056537323 90.29528735208585 33.71234142630453 6.290612969034703e-05 187.81183427562206 -1.8229496727196216e-12 222.5241757019266 0.0 1191.9157277382863 208.03495741365413 0.9987554864480421 -0.00014640294916701269 282.9735814701995 0.00013098149035136356 -0.9227041405647738 -89.919757761563 -13.874430799227435 244.3040310134897 -113.17245689799746 199.80553905535555 -0.02937307264579056 -0.4085874938139085 -0.5139702438016983 0.0 1.1845124038934888e-05 -4.19046705411807e-05 56.49219673786763 41.461920523628805 40.461920523628805 229.27375479925087 229.27375479925087
3.69746031653 4.985860203175246e-05 1.6857964306278104e-08 0.00027232165371666734 4.226443286457474e-05 1.9392572197117998e-07 130.76480758142904 105.31931412267919 40.31727941124407 4.985860203175246e-05 217.9413459690484 3.1351630781494525e-12 259.2586253802925 0.0 1376.616342457847 242.58488833612603 0.9989324827879813 -0.0001161976025347844 334.36362771491315 0.00010321973904725044 -0.9177350845856906 -102.74382694133499 -15.52797891574568 282.78269261388743 -133.1230344398822 231.82502048158827 -0.027183064972456192 -0.399835003907022 -0.5177838830761339 0.0 9.598580492546752e-06 -3.31825833883102e-05 64.84134664483906 49.49616995095283 48.49616995095283 267.43751592000126 267.43751592000126
3.78878758635 3.931987687136953e-05 1.042025208978555e-08 0.00021451397451422233 3.312654094719531e-05 1.3054357546432485e-07 152.255095646791 123.24274121757435 48.30965359936374 3.931987687136953e-05 253.75849274465168 -3.292495449104851e-12 303.0681463440154 0.0 1595.330122358069 283.75090960811536 0.9990873265294445 -9.176866439530862e-05 394.38203870470085 8.095025429004764e-05 -0.9127800798577154 -117.79067944672322 -17.441485052747424 328.42015071866734 -157.05064464726277 269.8837824920231 -0.025114378802080645 -0.39127384318009095 -0.5214144680132291 0.0 7.731885134575789e-06 -2.6143800566642292e-05 74.66165797401563 59.22838490576481 58.22838490576481 312.9868776504165 312.9868776504165
3.88237063973 3.085038353343629e-05 6.3755509892637675e-09 0.00016809946939647306 2.5832543468923516e-05 8.713036514591315e-08 177.88891456324583 144.6965152002101 58.008678869732364 3.085038353343629e-05 296.4815242720764 2.612178695102204e-12 355.49020314180876 0.0 1855.1933622947545 332.9593415635993 0.9992223407428478 -7.210949449298898e-05 463.5386733158506 6.31711775810108e-05 -0.9078405766586684 -135.50518158377912 -19.664218476661052 382.7329999224805 -185.8401930619573 315.2744299812293 -0.023163556790681647 -0.3829022572278952 -0.5248662099362802 0.0 6.190671199848127e-06 -2.0492107408021208e-05 86.25147565040406 71.05067434849951 70.05067434849951 367.5321986205759 367.5321986205759
3.97826519453 2.407885009954679e-05 3.860325601247207e-09 0.00013102842874561062 2.0040022599082898e-05 5.764940464047909e-08 208.57133971220907 170.4637232111254 69.81369645108003 2.407885009954679e-05 347.61889952034846 -1.8154387008174742e-12 418.4325959714285 0.0 2165.0124154045166 391.9770593536026 0.9993396656656668 -5.636909370432264e-05 542.168450477111 4.904642917097022e-05 -0.902917973758648 -156.43230190259655 -22.256218588941223 447.5959301479423 -220.59351118340294 369.59727211851964 -0.02132702632861327 -0.3747182533545169 -0.5281433513104268 0.0 4.926361890544215e-06 -1.597761024804315e-05 99.9770306275938 85.45382075091061 84.45382075091061 433.0727202712591 433.0727202712591
4.07652834484 1.8693343129657146e-05 2.3125711367429053e-09 0.00010157883999471652 1.5463868077970388e-05 3.7804794748462486e-08 245.4270922115526 201.51975563664652 84.22598702728476 1.8693343129657146e-05 409.04515368592104 1.1154004334587034e-12 494.2711407132058 0.0 2535.693553674464 463.00057812611266 0.9994412656309256 -4.3831750991929486e-05 630.6638473778686 3.788135498972551e-05 -0.8980136235153959 -181.24200981725033 -25.2909373273172 525.3346403059614 -262.6873651029008 434.8407044473076 -0.019601112291370612 -0.36671961078558135 -0.5312501809788227 0.0 3.895942602883113e-06 -1.2390576625832113e-05 116.28948662004045 103.05419269711973 102.05419269711973 512.0993463830407 512.0993463830407
4.17721859496 1.4433194037251357e-05 1.3703367422890058e-09 7.831204034244705e-05 1.1867926970559558e-05 2.4566276663016474e-08 289.85899165828164 239.08397297038087 101.87698932931806 1.4433194037251357e-05 483.0983194304694 -5.307602707478575e-13 585.9753087597875 0.0 2980.7933654161698 548.7702369942307 0.9995289366104333 -3.3898710844360025e-05 729.8693537135058 2.910146967591028e-05 -0.8931288433173303 -210.76093954504245 -28.858596195996345 618.8449778418932 -313.8482571374668 513.4844124326405 -0.017982050272064592 -0.35890389201305434 -0.5341910525934317 0.0 3.0616599816025994e-06 -9.55591192887737e-06 135.74665841142382 124.62857207058175 123.62857207058175 607.7268915010511 607.7268915010511
4.28039589425 1.108177115853689e-05 8.029978988795989e-10 6.0032907664796456e-05 9.057643938311857e-06 1.5815534874925436e-08 343.6233049321047 284.6864244849615 123.56493599309266 1.108177115853689e-05 572.7055082201746 -5.602670741482585e-13 697.2704442132672 0.0 3517.2261327293595 652.7176603366025 0.9996043143025611 -2.6071759478607515e-05 841.5260294845684 2.2233958410661992e-05 -0.8882649167148997 -246.01280994403638 -33.0704683191852 731.7462908869231 -376.24924006303024 608.6323815893894 -0.01646600020974667 -0.35126845522697137 -0.5369703897284497 0.0 2.390666512463405e-06 -7.328233490150143e-06 159.0407826667486 151.15938419848578 150.15938419848578 723.8648924186604 723.8648924186604
4.38612167284 8.460050915353987e-06 4.6520887362053684e-10 4.575437541522268e-05 6.873612202165387e-06 1.0085332388158733e-08 408.9272581765142 340.25434403835254 150.30260426816983 8.460050915353987e-06 681.5454302941904 2.105054436930242e-12 832.8480345623602 0.0 4166.176474142505 779.1563821855973 0.9996688826097936 -1.9938624453486042e-05 968.6338567800025 1.6891635719629063e-05 -0.8834230991436034 -288.2702210465956 -38.06436273848476 868.5795980495849 -452.63571650031804 724.1850006314846 -0.01504906032150483 -0.34381046807173304 -0.5395926924474169 0.0 1.854628774611189e-06 -5.587502648645982e-06 187.03416775539455 183.89366886794164 182.89366886794164 865.439099162132 865.439099162132
4.49445887816 6.420937200657031e-06 2.6638958107850475e-10 3.466602227191561e-05 5.185955974036911e-06 6.368922419467068e-09 488.5557366698958 408.2247355450166 183.37980244093205 6.420937200657031e-06 814.259561116493 -3.6344545975960144e-12 998.6393635574251 0.0 4954.281776321243 933.5292397842869 0.9997239822870677 -1.5160075628462e-05 1115.6807089325107 1.275908890419475e-05 -0.878604632367759 -339.1212908131466 -44.0116777424161 1035.064703110484 -546.4895573668956 865.0626423830228 -0.013727281242093143 -0.33652692205218987 -0.5420625502399407 0.0 1.4293153130182578e-06 -4.235174349364028e-06 220.80514199399096 224.42027377338638 223.42027377338638 1038.6798348898794 1038.6798348898794
4.60547201245 4.8442751569230715e-06 1.5073318045061445e-10 2.6106463198578208e-05 3.889466833754083e-06 3.9821406341529754e-09 586.0365855049487 491.6915096118499 224.44545024122408 4.8442751569230715e-06 976.7276425082479 4.448244057184466e-12 1202.1730927494718 0.0 5915.170246998244 1122.7315665315903 0.9997708198834936 -1.1458588707768946e-05 1288.7958482024992 9.5807598362362e-06 -0.8738107419054177 -400.5557293977611 -51.12651057823378 1238.435145189351 -662.2440561979184 1037.4973000324803 -0.012496680271139905 -0.3294146477447186 -0.5443846355719913 0.0 1.0941778944361062e-06 -3.1908235881154324e-06 261.70750268110316 274.7712838295688 273.7712838295688 1251.4989263378166 1251.4989263378166
4.71922717116 3.6325037967645533e-06 8.425720162940031e-11 1.953925462379046e-05 2.899418911276137e-06 2.4645939778566497e-09 705.8571766402746 594.5985870089311 275.6158575898105 3.6325037967645533e-06 1176.428627733791 -4.054211409373908e-12 1453.0444853236015 0.0 7091.469949654904 1355.5340195406159 0.9998104766992179 -8.608457475245412e-06 1495.9392698675833 7.150741869727239e-06 -0.8690426474128885 -475.0764783439573 -59.67747388324338 1487.8763885197332 -805.566662295979 1249.4146003284968 -0.011353255625439668 -0.32247033090777705 -0.5465637080476362 0.0 8.319381509150191e-07 -2.3892084405902943e-06 311.4477607859421 337.5558645316985 336.5558645316985 1513.9844922654895 1513.9844922654895
4.83579208228 2.7068913314479477e-06 4.651502254540147e-11 1.4532015690279097e-05 2.147990852327449e-06 1.5095701177683045e-09 853.7493530260506 721.9944035340366 339.6181515185251 2.7068913314479477e-06 1422.915588376751 2.660109403341695e-12 1763.533739895276 0.0 8537.44458932158 1643.1387393218786 0.9998439176824044 -6.427224763516648e-06 1747.2270163380472 5.304088649261837e-06 -0.8643015685128459 -565.8451150190571 -70.00309047093464 1795.1015123772459 -983.7324234033711 1510.936328905194 -0.010293000593915008 -0.3156905286843043 -0.548604612603778 0.0 6.28188890915193e-07 -1.777729674416266e-06 372.18592400049494 416.1376033621316 415.1376033621316 1839.0531917388826 1839.0531917388826
4.95523614672 2.0042975036619765e-06 2.53539838260355e-11 1.0738466760542107e-05 1.5812263261647737e-06 9.148268390710076e-10 1037.0659836145867 880.3688005683282 419.9810625746752 2.0042975036619765e-06 1728.4433060243111 5.542509075096692e-13 2149.4243685989863 0.0 10322.466225846536 1999.914604917583 0.999872000379672 -4.7682979812946336e-06 2055.46015323172 3.909450337470299e-06 -0.8595887226750929 -676.8720484453588 -82.53193995940111 2175.1108519316776 -1206.119362536783 1835.044371661903 -0.009311917491711359 -0.30907168663447315 -0.5505122677426385 0.0 4.7101732959128616e-07 -1.3142480718817643e-06 446.6675459073664 514.8704754547832 513.8704754547832 2243.3137814790944 2243.3137814790944
5.07763047954 1.4744085413992445e-06 1.364086185484744e-11 7.883090111865063e-06 1.1564689731301668e-06 5.484011013926177e-10 1265.2807992543262 1078.1009682301826 521.2898564310337 1.4744085413992445e-06 2108.801332090544 -4.4132320982299415e-12 2631.0911885215774 0.0 12535.611702136537 2444.371729607988 0.9998954834097151 -3.514646281455036e-06 2436.9076748833886 2.862869693582994e-06 -0.854905339725671 -813.2663930871029 -97.80914430369131 2647.1988564766198 -1484.8685620100646 2238.4618503321835 -0.00840603131293819 -0.30261015559624826 -0.5522916694831412 0.0 3.506554697427072e-07 -9.652219396106542e-07 538.3975243860758 639.414233217708 638.414233217708 2748.215565308252 2748.215565308252
5.20304795238 1.077392414169638e-06 7.241906555771419e-12 5.7481259944989474e-06 8.402122639595155e-07 3.2510609412727943e-10 1550.6549015113128 1326.0577312298587 649.5284375310748 1.077392414169638e-06 2584.424835852188 9.351509270759276e-12 3234.953273383263 0.0 15291.773962025747 3000.4615976962345 0.9999150350659421 -2.5734336870919527e-06 2912.400878497359 2.0825862534111343e-06 -0.8502526537053923 -981.5657162106244 -116.53134862928444 3236.294665750916 -1835.7676015806742 2742.827793776165 -0.007571402983393217 -0.2963022087013694 -0.5539478715703358 0.0 2.5916084399622005e-07 -7.041289049470749e-07 651.8698298987276 797.1577545844411 796.1577545844411 3381.5825904366293 3381.5825904366293
5.33156323681 7.819247437692169e-07 3.792707077897771e-12 4.162630845784163e-06 6.06309479918596e-07 1.905505392874751e-10 1909.1296687841982 1638.3963782060678 812.5405904072645 7.819247437692169e-07 3181.882781306997 -1.148898999685853e-11 3995.4233717142615 0.0 18739.825183747278 3699.317570055076 0.9999312413620117 -1.8715028718419013e-06 3508.82387280084 1.504711785616178e-06 -0.8456319086624318 -1190.173181684576 -139.5931412295583 3974.755368063014 -2279.4384793798954 3376.2704646969196 -0.006804142119325846 -0.2901440585157403 -0.5554859786438195 0.0 1.9012941786168632e-07 -5.101382145084421e-07 792.8725867560167 997.7899751563891 996.7899751563891 4179.672756463386 4179.672756463386
5.46325284876 5.635388565784976e-07 1.9588334921084947e-12 2.9933397980416185e-06 4.3449388388944285e-07 1.10393041474059e-10 2361.5286511589698 2033.647065570489 1020.6547365877987 5.635388565784976e-07 3935.88108526495 1.2110721405831677e-11 4957.535821852749 0.0 23073.57376628662 4581.595742763659 0.9999446137246152 -1.3515928593554882e-06 4261.127388844355 1.0796540767854925e-06 -0.8410443626888644 -1449.9397744133973 -168.14895103301083 4904.776189814748 -2842.9424666366804 4175.524636469945 -0.006100419203967244 -0.2841318736222566 -0.5569111374737484 0.0 1.3844097958140674e-07 -3.6700190101922114e-07 968.8951045497985 1254.0734246726834 1253.0734246726834 5189.954509937634 5189.954509937634
5.59819519412 4.032569286917818e-07 9.973802905854456e-13 2.1370941812975036e-06 3.0916402782306016e-07 6.319824016284604e-11 2935.1832617134023 2536.1792224642018 1287.5341807154082 4.032569286917818e-07 4891.9721028556705 -7.825074143460829e-12 6180.506283571079 0.0 28546.542027378542 5700.641926495066 0.9999555964799927 -9.691902010389164e-07 5215.051174589338 7.691793112818228e-07 -0.8364912817613395 -1774.9434598958424 -203.69598956468576 6081.645593196272 -3561.9586386916694 5188.794714958045 -0.0054564770986314645 -0.2782617950142425 -0.558228517556896 0.0 1.0003631852831417e-07 -2.621356342016548e-07 1189.6734903406013 1582.8972178741942 1581.8972178741942 6474.869320729865 6474.869320729865
5.73647061542 2.8646284581119867e-07 5.004939367584904e-13 1.5146145332482179e-06 2.1839391394032774e-07 3.574229416680088e-11 3666.1426306851595 3178.198060356454 1631.3399405178106 2.8646284581119867e-07 6110.237717808599 4.645425119363548e-12 7742.57765832641 0.0 35491.99686291619 7126.792718372864 0.9999645738264815 -6.899338445554015e-07 6430.819273549341 5.440156695185238e-07 -0.8319739404538997 -2183.5369778049344 -248.18595030565535 7578.163341165275 -4483.755816712914 6479.645702796565 -0.004868641814761799 -0.27252995196858754 -0.5594432985514677 0.0 7.17246881659035e-08 -1.8586259317764005e-07 1467.9256233566753 2006.717527173305 2005.717527173305 8116.955244981904 8116.955244981904
5.87816143962 2.0198116080193322e-07 2.4743878269278e-13 1.0654201283681474e-06 1.5313234023312143e-07 1.9964266617428184e-11 4602.192802797474 4002.476582728822 2076.328994512237 2.0198116080193322e-07 7670.32133799579 1.238429446800374e-13 9747.650332508027 0.0 44350.23957402252 8953.24959652383 0.9999718762269811 -4.874923491549055e-07 7988.182361450991 3.819123317667307e-07 -0.8274936201423239 -2699.763914796002 -304.17620642321873 9490.667459108394 -5671.267271100283 8132.317819093315 -0.004333332479346412 -0.26693247734228065 -0.5605606553076941 0.0 5.1019440387150527e-08 -1.3079624665434457e-07 1820.3461211126044 2555.537920066252 2554.537920066252 10225.859258062042 10225.859258062042
6.02335202718 1.4133028726848474e-07 1.204814062806435e-13 7.437168736093933e-07 1.0656014415698267e-07 1.1010169146225156e-11 5807.003111857037 5066.113406607225 2655.0622193389663 1.4133028726848474e-07 9678.338519761728 -1.4402617377431685e-13 12334.400739100694 0.0 55705.978919633664 11304.14292813451 0.9999777866417968 -3.4183300978707365e-07 9993.336655923196 2.6607884482701735e-07 -0.8230516058335099 -3355.2822507374167 -375.0355428194214 11947.298645461864 -7208.706168929024 10259.023321647113 -0.003847070436828222 -0.2614655219821025 -0.5615857420183976 0.0 3.599935330778764e-08 -9.134048511907188e-08 2268.9601257001364 3269.6458001401406 3268.6458001401406 12947.984319901869 12947.984319901869
6.17212882225 9.812173155875648e-08 5.775693238768679e-14 5.150958306336783e-07 7.357816085978664e-08 5.993455164346298e-12 7365.850799790693 6445.728922331809 3411.4704943807737 9.812173155875648e-08 12276.417999651156 1.0555892760557043e-12 15688.88849403193 0.0 70339.78579498075 14345.659611817659 0.9999825460286288 -2.378310894335378e-07 12588.4713796027 1.839397400141579e-07 -0.8186491789484354 -4191.9908550402715 -465.22558342315284 15119.39285939619 -9209.345074788205 13010.0179508322 -0.0034064874395321617 -0.256125268512928 -0.5625236726044179 0.0 2.519296928385428e-08 -6.328803262223833e-08 2842.9748597450343 4203.41332220545 4202.41332220545 16479.831321856604 16479.831321856604
6.32458040416 6.758067151943972e-08 2.724987778570333e-14 3.5390425750729523e-07 5.0402498919188994e-08 3.219383838567049e-12 9393.567486174888 8244.689246145119 4405.135382285618 6.758067151943972e-08 15655.945810291481 8.152752111242834e-13 20062.081192577098 0.0 89299.32187964224 18301.48177569722 0.9999863585734586 -1.641540486874149e-07 15965.017769633529 1.2614837252198966e-07 -0.8142876160459972 -5265.6349164259655 -580.6878569724976 19237.27131973009 -11826.351676858912 16587.577437284795 -0.003008332888808997 -0.2509079440878871 -0.5633795078040614 0.0 1.7483202580026957e-08 -4.350044243656881e-08 3581.325509438611 5430.605189286391 5429.605189286391 21086.55099957787 21086.55099957787
6.48079754014 4.61664853875974e-08 1.2648578394316964e-14 2.411695633276089e-07 3.4247187889907464e-08 1.705872666209277e-12 12045.631037430712 10603.204804122033 5717.298027781242 4.61664853875974e-08 20076.05172905119 -1.8292887385770512e-12 25794.34975683243 0.0 113998.49057330766 23474.326862015434 0.9999893963225079 -1.1237812225228794e-07 20382.139226367613 8.581218266501388e-08 -0.8099681802188526 -6650.782113687842 -729.3791074819705 24612.24645346613 -15267.964284688918 21265.50057596844 -0.0026494800996276556 -0.24580983220195396 -0.5641582356387764 0.0 1.2029525782324287e-08 -2.9655213567484478e-08 4536.19472441494 7051.831019167348 7050.831019167348 27127.882748218537 27127.882748218537
6.64087323938 3.127488088050829e-08 5.7739321089466955e-15 1.6297372989131266e-07 2.3077354518997554e-08 8.913768726488128e-13 15533.73565800688 13712.527346066912 7459.34127569406 3.127488088050829e-08 25889.559430011468 5.867384364783593e-13 33349.90070570553 0.0 146356.24103936 30276.170208612726 0.9999918035171482 -7.629124465502457e-08 26192.68424782303 5.788896242367781e-08 -0.8056921156658687 -8447.728892617133 -922.015818070588 31667.46461029225 -19818.865056878236 27416.478394181926 -0.0023269315717485734 -0.2408272834912806 -0.5648647558833435 0.0 8.20518417344608e-09 -2.0047633893741177e-08 5777.905180280781 9205.067379708405 9204.067379708405 35094.62680971988 35094.62680971988
6.80490280839 2.1006048970757232e-08 2.5911113627087292e-15 1.0919136977160612e-07 1.5418840581962066e-08 4.591725077694399e-13 20147.774948817478 17835.02407984431 9784.83136436887 2.1006048970757232e-08 33579.6249146958 -3.6164948278767884e-12 43365.456279064674 0.0 188992.01700054307 39270.8929698163 0.9999937003601301 -5.135053443572346e-08 33879.826957890684 3.872026103532981e-08 -0.8014606408268541 -10792.140025222876 -1173.1156992005285 40981.384381236974 -25870.4553514519 35550.72436821605 -0.002037823261118347 -0.2359567254512289 -0.5655038640250908 0.0 5.5470788013003174e-09 -1.3436837013178507e-08 7401.759466541173 12080.598701884002 12079.598701884002 45660.2236165798 45660.2236165798
6.97298390776 1.398575713240613e-08 1.1426468177124301e-15 7.25186167538639e-08 1.0212593487857258e-08 2.331015843110059e-13 26287.063259840692 23332.729687856507 12906.712995472699 1.398575713240613e-08 43811.77209973449 -4.545727980095633e-12 56719.48509520719 0.0 245502.60334691926 51234.8267545279 0.9999951865218759 -3.426111333526549e-08 44109.104280360305 2.5673816500921415e-08 -0.7972749414875059 -13868.581490329414 -1502.463187549007 53349.43001794344 -33963.99352645386 46370.82186794703 -0.0017794278555733735 -0.2311946710552187 -0.5660802361711739 0.0 3.7161886408500657e-09 -8.927250528043115e-09 9537.657918208957 15942.356856279017 15941.356856279017 59754.128956013505 59754.128956013505
7.14521661028 9.228501495688532e-09 4.949619880190559e-16 4.773244644800152e-08 6.704257297980444e-09 1.1657906460833036e-13 34504.946426998395 30708.202159861077 17122.010093027 9.228501495688532e-09 57508.24404499733 -5.735452615007036e-12 74631.25413802432 0.0 320856.658049593 67243.21931526283 0.9999963440466125 -2.265466708673003e-08 57802.76837374695 1.687189549961277e-08 -0.7931361632204634 -17929.63220619511 -1937.1840060664188 69871.94697120097 -44852.42982120625 60850.068315648205 -0.0015491570688163827 -0.226537726250116 -0.5665984143156804 0.0 2.4666476851727673e-09 -5.878109346330843e-09 12363.702926203643 21158.5818899812 21157.5818899812 78666.82593497852 78666.82593497852
7.32170346056 6.033763354228859e-09 2.1051502115022192e-16 3.1130843664517546e-08 4.3611882167798705e-09 5.741812985921953e-14 45572.93900952695 40663.34589028623 22847.525668003553 6.033763354228859e-09 75954.89834921158 -1.3089543001584451e-11 98803.42401721513 0.0 421960.4554595188 88794.49016195355 0.999997240257129 -1.4842633400125038e-08 76246.68295002873 1.0986714927488619e-08 -0.7890454041088717 -23323.038730225748 -2514.6999874510407 92080.45730841736 -59589.587951742535 80345.07482849354 -0.0013445629762989953 -0.22198259637885925 -0.567062792887379 0.0 1.6218408135496404e-09 -3.835013805761762e-09 16125.558959205784 28246.1448592308 28245.1448592308 104201.04320844238 104201.04320844238
7.50254953603 3.908076421375327e-09 8.787356747458597e-17 2.011354345203207e-08 2.8106400054090917e-09 2.7840284404322832e-14 60573.519249530436 54184.63895678358 30671.761756511027 3.908076421375327e-09 100955.86541588407 -1.3730548671830594e-11 131628.6271723951 0.0 558474.3054474078 117989.91973057462 0.9999979297680355 -9.633541575571059e-09 101244.9822497355 7.08776222165481e-09 -0.7850037085952751 -30530.537873632966 -3286.9641318078156 122120.04006574262 -79659.59777339452 106758.62378105444 -0.0011633384256133361 -0.21752609145763105 -0.5674776075041025 0.0 1.0561217859856288e-09 -2.478637842818139e-09 21164.174649858556 37935.021447612875 37934.021447612875 138890.88686349694 138890.88686349694
7.68786250957 2.507025619581524e-09 3.598360981915433e-17 1.2870981200780364e-08 1.794138517023063e-09 1.3284132791628899e-14 81035.25665789538 72667.41496794081 41430.912287430896 2.507025619581524e-09 135058.76109649232 -2.2187235204866517e-11 176490.67338392322 0.0 743998.3872008211 157795.19475800087 0.9999984569959043 -6.192495849433044e-09 135345.28423547107 4.528891702006896e-09 -0.781012059260154 -40223.71412887552 -4326.569581113594 163014.49185017875 -107165.95546331041 142776.74120899898 -0.0010033165622645604 -0.21316513040476404 -0.5678469226628942 0.0 6.809802163911766e-10 -1.5866496021481343e-09 27955.73075368643 51262.677592345484 51261.677592345484 186321.4386888378 186321.4386888378
7.87775271356 1.5924877285670678e-09 1.4448561150824604e-17 8.15571934548548e-09 1.1341187196467927e-09 6.2353678419747584e-15 109130.88835537143 98098.29450537926 56320.81985584812 1.5924877285670678e-09 181884.81392561906 -3.050268245402377e-11 238206.6337814672 0.0 997806.6191688604 212423.6136018494 0.999998857544985 -3.941335036117266e-09 182168.8182519 2.8656148015072677e-09 -0.7770713723770807 -53344.88996258699 -5735.61952719009 219054.39424366696 -145109.50109231178 192216.0894265005 -0.0008624695193174971 -0.20889674426444502 -0.5681746241713006 0.0 4.3468713500394155e-10 -1.0057106189163226e-09 37169.5803180479 69713.15021348844 69712.15021348844 251597.9641391075 251597.9641391075
8.07233320558 1.0014124394087372e-09 5.686100745745552e-18 5.116109732603669e-09 7.097601000467809e-10 2.877996255372181e-15 147969.63660196975 133324.78429359672 77063.02198285234 1.0014124394087372e-09 246616.06100328293 -3.525499677999224e-11 323680.08298613527 0.0 1347399.1059792214 287901.3611924211 0.9999991597447119 -2.48348189235692e-09 246897.62123895684 1.795087467559594e-09 -0.7731824923187078 -71225.04804067861 -7658.692260532844 296368.9042374914 -197799.88664203952 260536.46348597438 -0.0007389063259668315 -0.2047180783037061 -0.5684644115315199 0.0 2.7462807470919113e-10 -6.310860692187896e-10 49752.84323420848 95423.36067900003 95422.36067900003 342039.42168228293 342039.42168228293
8.27171983576 6.23253395022301e-10 2.1921269254224967e-18 3.1764422718214602e-09 4.396540281159496e-10 1.3056988139611322e-15 202031.5972317462 182456.4500168882 106152.70784234983 6.23253395022301e-10 336719.328719577 -4.9724133854893094e-11 442873.0365619268 0.0 1832285.7735665801 392907.1556128281 0.9999993863125074 -1.5486293081234948e-09 336998.5187165574 1.1129903394787533e-09 -0.7693461846714326 -95756.91061843414 -10301.922017465069 403774.0855015521 -271468.83800338366 355602.0969720407 -0.0006308700958330283 -0.20062639332407825 -0.5687197897987251 0.0 1.7168798148081025e-10 -3.9194430514322755e-10 67054.75678197507 131491.25942755205 131490.25942755205 468210.58814712905 468210.58814712905
8.4760313157 3.8381638397834736e-10 8.274913400638365e-19 1.9514583564182636e-09 2.6949453389155167e-10 5.820242823477562e-16 277817.8252200504 251466.10059117925 147231.59358032374 3.8381638397834736e-10 463029.708700084 -5.2903732961455654e-11 610262.3022804077 0.0 2509635.033654561 540028.252059485 0.9999995548974614 -9.556080926564903e-10 463306.60092727985 6.828547393069763e-10 -0.7655631357722222 -129650.74697283887 -13961.277433206835 554040.4486991537 -375190.6266038468 488820.5847180182 -0.0005367345605470273 -0.19661906596459755 -0.5689440688520165 0.0 1.0618409998464762e-10 -2.408652138453133e-10 91010.73999906973 182439.29541276977 182438.29541276977 645469.0041128538 645469.0041128538
8.6853892892 2.3381860701573163e-10 3.0569435060803027e-19 1.1860022171477365e-09 1.6342494855413993e-10 2.5480055495226397e-16 384830.2809219752 349097.22352349176 205652.67313075927 2.3381860701573163e-10 641383.8015366254 -6.323255838914324e-11 847037.4746673846 0.0 3462768.2213417417 747652.9812604547 0.9999996795482408 -5.832224148072385e-10 641658.466724572 4.1446383676703016e-10 -0.7618339468497062 -176815.14896859316 -19064.77161493278 765800.5862496166 -522273.61020834715 676859.0731727732 -0.00045500001784036775 -0.1926935882065466 -0.5691403580599372 0.0 6.495286666874409e-11 -1.4642948643944482e-10 124416.78471299126 254916.50393348944 254915.50393348944 896300.3054701148 896300.3054701148
8.89991840465 1.408697988693567e-10 1.104615580063435e-19 7.128649181905638e-10 9.801742360978045e-11 1.0950444431207727e-16 537059.9754228693 488243.8260854736 289341.872156061 1.408697988693567e-10 895099.9590381156 -5.999519543181426e-11 1184442.8311941766 0.0 4814028.685050312 1042843.5493275234 0.9999997710914219 -3.518680624647885e-10 895372.4659421928 2.4880181694073837e-10 -0.7581591334571491 -242927.9634394848 -26235.92927632616 1066441.442422558 -732379.4612467963 944249.4890038396 -0.0003842887660775041 -0.18884756616121445 -0.5693115669440666 0.0 3.928689696111091e-11 -8.803907071545226e-11 171341.48338444266 358769.8856235185 358768.8856235185 1253869.844661634 1253869.844661634
9.11974638924 8.391189474838837e-11 3.902134163245402e-20 4.2365177476241975e-10 5.8128441961259793e-11 4.617863955351726e-17 755264.0250173141 688064.5123890701 410122.5830611719 8.391189474838837e-11 1258773.375028857 -4.483510213815573e-11 1668896.958090029 0.0 6744427.201426274 1465729.9566601112 0.9999998375994219 -2.1004251116174544e-10 1259043.7902830164 1.476771001181776e-10 -0.7545391251758273 -336298.74103759305 -36389.93155532137 1496522.722882112 -1034774.9996013767 1327373.3580262032 -0.0003233400987541258 -0.18507871808466483 -0.5694604068811199 0.0 2.349068660711761e-11 -5.233586621669509e-11 237749.34785325493 508691.6122744116 508690.6122744116 1767464.9873032686 1767464.9873032686
9.34500412505 4.9405627214509236e-11 1.3468577807339248e-20 2.488697955066997e-10 3.407652773196117e-11 1.9099820392662733e-17 1070476.906021685 977246.6064745194 585767.4128742132 4.9405627214509236e-11 1784128.1767028086 -1.11589693188772e-11 2369896.589577022 0.0 9523865.69955375 2076282.902788888 0.9999998856290757 -1.2398035376115502e-10 1784396.5647441272 8.664558053563613e-11 -0.7509742634989525 -469181.51203921007 -50880.38049032987 2116579.1423835703 -1473360.511545589 1880604.0835856772 -0.000271004933122931 -0.1813848718269153 -0.5695893915480569 0.0 1.388119612831668e-11 -3.0752600776249744e-11 332450.96568076155 726771.0294097422 726770.0294097422 2510899.2061125506 2510899.2061125506
9.57582572694 2.8744439793785088e-11 4.539673544272837e-21 1.4446904248940898e-10 1.9741529045804876e-11 7.744469430161441e-18 1529467.9039074478 1399085.9263395404 843201.4601509082 2.8744439793785088e-11 2549113.17317908 7.297638865109016e-11 3392315.633329988 0.0 13558006.494109433 2964836.5003893836 0.9999999201463142 -7.226444442842705e-11 2549379.5962227066 5.0237849499124644e-11 -0.7474648047349521 -659788.6665861519 -71725.09179917823 3017675.8660980593 -2114506.5812860555 2685849.9845692418 -0.00022624014670653998 -0.17776396178226123 -0.5697008428804264 0.0 8.104429321983633e-12 -1.7856687626251883e-11 468562.69291897974 1046479.6065202737 1046478.6065202737 3595592.7796993535 3595592.7796993535
9.8123486224 1.6520754409087924e-11 1.4933415245088208e-21 8.284982241274201e-11 1.1298981027163559e-11 3.07693541246955e-18 2203292.4664837806 2019456.325203948 1223543.7352920612 1.6520754409087924e-11 3672154.1108063012 2.1657716824625765e-10 4895698.8460983625 0.0 19461547.94285078 4268570.337094876 0.9999999448000668 -4.153302701759287e-11 3672418.6288583595 2.877672948665012e-11 -0.7440109211597984 -935405.1211693927 -101956.25868570356 4337921.169683979 -3059366.9732068577 3867501.4715839243 -0.00018810269411079426 -0.17421402525607094 -0.5697968958621944 0.0 4.673691319618151e-12 -1.0243099466243838e-11 665767.0588776772 1518943.5893511474 1518942.5893511474 5191097.700157449 5191097.700157449
10.0547136334 9.37724451893347e-12 4.791449413115764e-22 4.692387808884962e-11 6.387070059210652e-12 1.1972752071031862e-18 3200802.9650810184 2939416.798898446 1790107.01224689 9.37724451893347e-12 5334671.608468364 4.6433730278435874e-10 7124779.620715254 0.0 28173741.22847658 6197540.818781394 0.999999962967056 -2.307057322958883e-11 5334934.2793667065 1.6279783437473872e-11 -0.7406127039435767 -1337243.4022178517 -146167.9526737525 6288513.371742542 -4463384.38785979 5616037.413924407 -0.00015574357435371472 -0.1707331986387401 -0.569879505281766 0.0 2.661422065951444e-12 -5.802895324039623e-12 953841.7632741783 2222899.1715202797 2222898.1715202797 7557570.779988644 7557570.779988644
10.3030650601 5.254813534012091e-12 1.4985895734223614e-22 2.623914137776466e-11 3.5648019803899754e-12 4.560342254532349e-19 4690176.89027876 4315324.362719692 2641199.487112265 5.254813534012091e-12 7816961.483797934 8.998254203986336e-10 10458161.970910199 0.0 41142056.22847851 9076144.860461418 0.9999999735908911 -1.356390000317731e-11 7817222.363268653 9.093272032294032e-12 -0.737270168721107 -1928076.403998416 -211379.36665053535 9195176.902528657 -6567453.058601041 8225624.4688413115 -0.00012840171585585627 -0.16731971292173872 -0.5699504557858043 0.0 1.4960775516541769e-12 -3.2457038598304733e-12 1378215.4187307227 3280625.5937638953 3280624.5937638953 11097587.07756183 11097587.07756183
10.5575507671 2.906296977039034e-12 4.565983650588254e-23 1.448181797646931e-11 1.9638321966109782e-12 1.699424617595349e-19 6933519.163158861 6391200.509805836 3930787.5578516945 2.906296977039034e-12 11555865.271931436 1.561242036493438e-09 15486653.82978313 0.0 60616755.499153845 13409741.99233561 0.9999999825379889 -7.361833365138182e-12 11556124.413665015 5.0132592939085725e-12 -0.7339832527629127 -2804340.089648671 -308407.5946252626 13564654.236241732 -9748136.427421354 12154525.5578743 -0.0001053978424655045 -0.16397188945310984 -0.570011363302441 0.0 8.299422538943631e-13 -1.7917947669518488e-12 2008788.9643102973 4883666.185021577 4883665.185021577 16439531.456953013 16439531.456953013
10.818322271 1.5859286904434198e-12 1.3543862374446492e-23 7.886331375555516e-12 1.0675024758099595e-12 6.192623566737195e-20 10342974.605970258 9551280.596865077 5902142.6508553475 1.5859286904434198e-12 17238291.00995043 2.6640732232413872e-09 23140434.660805777 0.0 90127580.96551353 19992653.98376755 0.9999999859526048 -4.839517675492289e-12 17238548.46567555 2.727150046961671e-12 -0.7307518320677391 -4115492.6567174527 -454069.92490341666 20192356.549816072 -14599310.979599822 18123019.873071194 -8.612837948896561e-05 -0.16068813515659539 -0.5700636969063041 0.0 4.5421148699599315e-13 -9.75986137271736e-13 2954065.539865643 7334718.186904274 7334717.186904274 24573009.196854703 24573009.196854703
11.0855348311 8.53581644216754e-13 3.908594850743021e-24 4.236063612190177e-12 5.72381520618141e-13 2.2053475097391034e-20 15572553.016842924 14406109.21912476 8943127.128658101 8.53581644216754e-13 25954255.02807154 4.317371630740716e-09 34897383.15672964 0.0 135262207.88289613 30084844.596911874 0.9999999897714401 -2.8664293161284604e-12 25954510.847642776 1.4633343464853286e-12 -0.7275757133850556 -6095259.853491897 -674748.723150199 30338241.448326882 -22066109.03567766 27273575.971017428 -7.00594536959758e-05 -0.15746693771707032 -0.5701087756651187 0.0 2.4515685926215027e-13 -5.243631383769915e-13 4383986.420255341 11116472.9449443 11116471.9449443 37070727.973015845 37070727.973015845
11.3593475415 4.529781870712659e-13 1.096666801436744e-24 2.2435653420943377e-12 3.026268273584921e-13 7.671213506619721e-21 23669800.65876375 21934912.97196621 13677879.70249714 4.529781870712659e-13 39449667.76460625 7.000301768423068e-09 53127548.46710339 0.0 204949424.7655988 45703658.68102959 0.9999999968161433 -7.223666109723581e-13 39449921.99609023 7.742421423539118e-13 -0.7244546492189741 -9112529.374172479 -1012215.1880961864 46016845.10496308 -33666708.808614455 41435303.924661994 -5.672103590453522e-05 -0.1543068612952005 -0.5701477879230512 0.0 1.3045509097645783e-13 -2.777839341048483e-13 6567177.34035683 17005795.871003225 17005794.871003225 56455463.63560948 56455463.63560948
11.6399234257 2.3693521082612234e-13 2.9895307628309844e-25 1.1712597375534867e-12 1.5771879149719452e-13 2.60486126557457e-21 36328719.184438795 33723285.56512783 21120309.87148586 2.3693521082612234e-13 60547865.30739799 1.03181253334173e-08 81668176.17888385 0.0 313594599.0563732 70110154.67667182 0.9999999929269279 -1.292993490054073e-12 60548117.99715754 4.0379223897710013e-13 -0.7213883428002883 -13755033.658924218 -1533233.1503735732 70480136.60454918 -51863086.57636145 63564751.11856303 -4.570126899184323e-05 -0.15120654134844502 -0.5701818014505503 0.0 6.841643814698532e-14 -1.4505011030776608e-13 9932271.29715119 26264906.715442404 26264905.715442404 86812772.0228404 86812772.0228404
11.9274295344 1.2210893127906788e-13 7.91218170614817e-26 6.024922712780797e-13 8.099511903867122e-14 8.629407380915902e-22 56315651.63576317 52363874.309361845 32933570.115969777 1.2210893127906788e-13 93859419.39293861 1.957989992102588e-08 126792990.50890839 0.0 484668462.864826 108627800.97019719 1.0000000014530745 2.1296853169872065e-13 93859670.58572088 2.0750681341439078e-13 -0.7183764622819637 -20968275.500885934 -2345549.5683171884 109029264.70323005 -80686828.30493422 98487827.65944313 -3.66410182485173e-05 -0.14816468135518157 -0.5702117809269951 0.0 3.5350023415945635e-14 -7.462950455649006e-14 15169845.310291434 40964601.45585765 40964600.45585765 134824020.84879625 134824020.84879625
12.2220370439 6.198294536871897e-14 2.03159449112548e-26 3.052635998674766e-13 4.09708372638417e-14 2.7873335196627955e-22 88193614.66024426 82138609.63732283 51873036.73442961 6.198294536871897e-14 146989357.76707378 1.4036998966940364e-08 198862395.5015034 0.0 756798888.5925888 170034586.90076047 1.0000000030570027 3.574085472024535e-13 146989607.506144 1.0503675511545959e-13 -0.7154185763506854 -32288448.31265086 -3624782.5877974555 170392896.26606885 -126806007.69066899 154161086.72164458 -2.9228674932639537e-05 -0.14518004762633924 -0.5702385287247036 0.0 1.7988375388956474e-14 -3.7820403800014464e-14 23403538.498995077 64536142.740222424 64536141.740222424 211525500.5072962 211525500.5072962
12.5239213588 3.097714027326737e-14 5.057081292618304e-27 1.5228647369182677e-13 2.0406507078873424e-14 8.772784449966313e-23 139566895.18481594 130192250.72754255 82550342.08370063 3.097714027326737e-14 232611491.97469324 7.366990223017027e-08 315161835.05839384 0.0 1194218174.0334492 268953825.817472 0.9999999929786114 -6.514511152744262e-13 232611740.30190307 5.235065030999354e-14 -0.7125143689618677 -50236910.790104106 -5660092.272233234 269091719.8040291 -201362677.1171153 243837983.49910426 -2.3195237918202603e-05 -0.14225147605593425 -0.570262892905282 0.0 9.011690161389499e-15 -1.88713257997261e-14 36480227.829335876 102723259.7903862 102723258.7903862 335334751.76507944 335334751.76507944
12.8332622164 1.5236595364241214e-14 1.2194135521227118e-27 7.477280743801821e-14 1.0003986229989649e-14 2.6887379589201745e-23 223241981.15707085 208572223.97766057 132764970.08802968 1.5236595364241214e-14 372069968.5951181 -1.6366495128522114e-08 504834939.6831478 0.0 1904870477.9462152 430005057.83581257 0.9999999980820136 -1.4047096819069793e-13 372070215.5507042 2.5680752096322792e-14 -0.7096637324945305 -78995197.39196798 -8932560.582243502 429537244.2679203 -323170777.9970839 389828455.2639596 -1.830969185988261e-05 -0.1393778403758677 -0.5702858921185223 0.0 4.442912641901329e-15 -9.267714681724345e-15 57467275.6728022 165241563.5060863 165241562.5060863 537311532.1012044 537311532.1012044
13.1502437932 7.372944924707382e-15 2.8460878361346017e-28 3.612022817681382e-14 4.825223647641068e-15 8.019308194501757e-24 361020337.9257526 337811822.11183846 215847992.9511187 7.372944924707382e-15 601700563.2095877 1.885892425043901e-07 817548557.1607064 0.0 3072121475.9334636 695093070.5611733 1.0000000089949266 5.171973960216292e-13 601700808.8344103 1.2394443957372122e-14 -0.7068641279250131 -125572415.18893453 -14251134.790793803 693212821.799102 -524338843.8298739 630093284.8768966 -1.437469771376085e-05 -0.13655811995173991 -0.5703060079737904 0.0 2.1547846040310684e-15 -4.47780527923818e-15 91512258.58951424 268699562.57678735 268699561.57678735 870400125.786375 870400125.786375
13.4750548148 3.5085238066309113e-15 6.424526606399428e-29 1.7159640632622665e-14 2.2888996939435037e-15 2.325997807357416e-24 590430340.751175 553299338.1919134 354842468.9432521 3.5085238066309113e-15 984050567.9186251 6.573589754206313e-08 1338893037.8618772 0.0 5010966270.483838 1136303674.465069 0.9999999888694199 -4.996558722325517e-13 984050812.2506995 5.8830947418499015e-15 -0.704119878167007 -201846545.48983738 -22991003.082617402 1131402211.8737233 -860280559.3877529 1029946899.5925764 -1.122259266279384e-05 -0.13379149930063575 -0.5703283788658716 0.0 1.0276481769012715e-15 -2.127681754520932e-15 147351643.95509812 441809606.89244604 441809605.89244604 1425860174.8110712 1425860174.8110712
13.8078886688 1.6411870765898347e-15 1.4014095455328912e-29 8.013779168644292e-15 1.0673751456977249e-15 6.556399405988361e-25 976793686.6338848 916712665.6429156 590037499.0081315 1.6411870765898347e-15 1627989477.7231414 1.3479742649096793e-07 2218026977.7312727 0.0 8268725747.790261 1879080873.156527 1.000000008548039 2.978728375069295e-13 1627989720.7902095 2.7451232140265217e-15 -0.7014379654386486 -328170958.05514467 -37516176.99114246 1867979174.8925374 -1427719407.7532442 1703034822.2145922 -8.711730265386519e-06 -0.13107649900809368 -0.5703614664308528 0.0 4.817517686713605e-16 -9.938440931109018e-16 239989697.16939598 734780996.1536925 734780995.1536925 2362770473.876834 2362770473.876834
14.1489435189 7.543253383727209e-16 2.9515528434289177e-30 3.677446769033307e-15 4.891050658389856e-16 1.7947325876687248e-25 1635134122.6390758 1536766588.9198604 992615941.8380961 7.543253383727209e-16 2725223537.731793 4.1978448792357253e-07 3717839480.569889 0.0 13807023428.280426 3144519810.514045 1.0000000036969583 9.942047185518277e-14 2725223779.57163 1.2586544871157374e-15 -0.6987982977003291 -539823233.3536888 -61937135.7295972 3120665649.6797805 -2397331758.667742 2849351106.015849 -6.723126602456456e-06 -0.12841185940101368 -0.5703864382994148 0.0 2.2188888356699265e-16 -4.561499778821223e-16 395442111.94798756 1236333953.545782 1236333952.545782 3961557491.277575 3961557491.277575
14.4984224238 3.405165691187957e-16 5.996862592944696e-31 1.6574825297844126e-15 2.2013853538243368e-16 4.767591130183493e-26 2770435918.413865 2607421365.200973 1689920191.6853251 3.405165691187957e-16 4617393197.356442 3.138160712964656e-07 6307313390.041767 0.0 23335860568.177948 5326095975.355974 0.9999999969902871 -6.208922265216188e-14 4617393438.007706 5.668315907034754e-16 -0.6962015908039514 -898673431.5635288 -103485328.36793734 5276787710.818869 -4074011353.3134685 4825131418.480221 -5.157403853270137e-06 -0.1257970303859209 -0.5704045604179684 0.0 1.003675830686227e-16 -2.056309427788581e-16 659394513.462426 2105205340.1391363 2105205339.1391363 6722598537.495579 6722598537.495579
14.8565334577 1.5090480339975744e-16 1.1743543654203973e-31 7.334249971198879e-16 9.727617529697047e-17 1.2281187481686037e-26 4752443963.772489 4478954080.459971 2912573565.8036585 1.5090480339975744e-16 7920739939.620814 5.507101618754306e-07 10833313506.424473 0.0 39934784879.667946 9132847728.570927 1.0000000146946553 2.3112067815134196e-13 7920740179.1147785 2.5061842791274633e-16 -0.6936581540558806 -1514539413.387766 -175036627.44420335 9033822761.857182 -7009106995.245756 8272670401.501466 -3.932053443518437e-06 -0.1232312680425644 -0.5704268860135474 0.0 4.456738875605774e-17 -9.100636854191229e-17 1113082822.2363665 3628915267.5600433 3628915266.5600433 11549655207.180859 11549655207.180859
15.2234898341 6.562271659896073e-17 2.2144972250315445e-32 3.1846905202985926e-16 4.218268262256488e-17 3.065436068915611e-27 8256384990.225711 7791771991.085352 5083367402.077507 6.562271659896073e-17 13760641650.376184 4.805897951653702e-06 18844009053.45369 0.0 69217283976.014 15862175047.445559 1.0000000151891917 1.8099410858951615e-13 13760641888.73921 1.0873832623101185e-16 -0.6911697855990717 -2584753310.407862 -299800776.4459798 15663358136.500786 -12211931653.241657 14364400539.026031 -2.9789951242686012e-06 -0.12071342991750565 -0.570456355681747 0.0 1.941840688290304e-17 -3.952378321664561e-17 1902716486.1246014 6334631173.62361 6334631172.62361 20095272823.999794 20095272823.999794
15.599510033 2.7989012950115403e-17 4.017241865817351e-33 1.3563755459313196e-16 1.794218298527249e-17 7.408231751565373e-28 14530718871.071781 13731774241.991503 8988062950.985886 2.7989012950115403e-17 24217864785.119637 3.671082114618416e-05 33205927737.105522 0.0 121541704954.15872 27910621787.970272 1.0000000176225896 1.5806800313100666e-13 24217865022.346428 4.6275364500736435e-17 -0.6887588614154265 -4468348489.861133 -520145807.07030886 27513336347.3987 -21554716021.518707 25267871622.03978 -2.242406025626607e-06 -0.11824095172298385 -0.5705179096926007 0.0 8.29890176172839e-18 -1.683631898525746e-17 3295471562.2790623 11202270717.266392 11202270716.266392 35420135502.38603 35420135502.38603
15.9848179308 1.1702901709211358e-17 7.001648056758315e-34 5.664335262311307e-17 7.482051876115305e-18 1.732039733294893e-28 25906582852.311935 24527447985.57218 16125317223.772362 1.1702901709211358e-17 43177638087.18656 0.00030021617879072134 59302955311.95892 0.0 216286346030.71143 49762484311.63693 1.000000005383747 3.6110003875933216e-14 43177638322.88767 1.930419438468253e-17 -0.6867931145885731 -7826134985.057576 -914418035.786413 48979049827.391945 -38580521864.7207 45046546761.19125 -1.6768063497285439e-06 -0.11579800191196231 -0.5709951126766469 0.0 3.481769834993116e-18 -7.032644750269283e-18 5801411740.205382 20102136042.62806 20102136041.62806 63279774129.81462 63279774129.81462
16.3796429337 4.794645948345435e-18 1.1677293121875684e-34 2.319047126846677e-17 3.0574310860862234e-18 3.9143785823717596e-29 46664226971.806404 44433242940.98191 29608351762.46884 4.794645948345435e-18 77773711619.67734 0.0027267030497859345 107382063383.14618 0.0 389270968233.17035 90903737121.81874 1.0000000209133098 1.0418055307326313e-13 77773711850.74481 7.877169931430128e-18 -0.6874794644339414 -13874597015.384968 -1629426437.7193503 88372521714.81165 -70337098183.59572 81404010096.53482 -1.2453857871729482e-06 -0.11324304814337491 -0.5742364162906707 0.0 1.4457567271787684e-18 -2.8813430763686937e-18 10598810095.134302 36934514553.33609 36934514552.33609 114708226173.01343 114708226173.01343
16.7842201141 1.9237666192224506e-18 1.7928132639779972e-35 9.560758975097597e-18 1.2236400723445369e-18 8.5438948713714e-30 81806542789.43597 83926234337.80891 65307864766.33688 1.9237666192224506e-18 136344237982.3933 0.03052825437290433 201652102749.73016 0.0 693261224353.6667 193997943091.76422 0.9999999071137264 -3.412825577697731e-13 136344238162.93933 3.1120868628085324e-18 -0.7457987753474496 -24523072816.78666 -2944041111.4347863 163969324196.71152 -143409876476.96976 151742624396.61243 -9.185494024070609e-07 -0.10888216815968255 -0.6369166071874258 0.0 7.00872825952306e-19 -1.198716956242701e-18 27625086214.31823 82032004899.8692 82032004898.8692 218376242882.2625 218376242882.2625
17.198790351 7.555321367429409e-19 8.57971844935394e-37 5.30565311942053e-18 4.785766663375761e-19 1.7995206083135723e-30 47328695377.46916 221127772651.32617 421278464591.88165 7.555321367429409e-19 78881158962.44861 0.44555139193440296 500159623555.33026 0.0 1281748271721.0535 740598843327.0414 1.0000000816002539 2.1956048090743252e-13 78881158973.99681 9.693792639323925e-19 -1.6348972156581099 -28216262630.68211 -5395401424.555183 361989749198.5421 -658211416541.9719 350462911893.28674 -6.72670999674533e-07 -0.06717434711072091 -1.5677228685476086 0.0 9.753435239541066e-19 -7.257576441808036e-19 283108590236.0935 542001863967.62274 542001863966.62274 620883022930.0713 620883022930.0713
