# r(1) ntot(2) grad2ntot(3) laplntot(4) tauk(5) tautf(6)  ptot(7) qtot(8) z(9) denstest(10) Fvw(11) vp(12) Fmggaus(13) Fcurvefit(14) divgradgrad2(15) divgradlapl(16) Har-dep-ind(17) vesp(18) Fmggapc(19) vpstitch4(20) vpts(21)  FxcPW91lb(22) FxcPW91lda(23) Fs1(24)  Fvw_ts(25) Fs(26) vxlda(27)  vxlb(28) tauresp(29) Vresp(30) taupusbigZ(31) Vp1(32) Fpauli(33) FgeapauliusbigZ(34) zusbigZ(35) FmggausbigZ(36) FbigZnuc(37) 
0.00208333333333 13.387598681214447 6451.94307652888 -76694.56590757568 60.2417878367297 216.7236950271694 0.1667795158677665 -26.54113313427528 -59.22737661819362 13.387598681214447 0.2779658597796108 1.8089843350246928 -57.949410758414004 0.0 -13787.457189587687 -61072297.57031809 0.004866701516663782 -1434.363285804704 0.2779658597796108 24.64737020477632 -1.2547168017154036 -0.22143854667268287 -0.12307505220220244 49.26561080540896 88.74840964069722 5.290312942487274 -1.7536891664210859 -3.3460359707318674 48.910137768983546 1.8089843638656835 -16337.1020232629 -1433.4176089219961 48.98764494562935 -75.38216816216062 -76.38216816216062 0.27796586324256534 0.1612852287771862
0.00213479166667 13.383465981367847 6447.967099058331 -74724.23312074132 60.223255383585574 216.61220355936663 0.16681402308775825 -25.872584240248635 -57.74176353105291 13.383465981367847 0.2780233718129304 1.808984376880441 -56.46374015923998 0.0 996.782312444734 -1583816.7333783407 0.004986280632641237 -1399.6526449400171 0.2780233718129304 24.634702132843085 -2.9062099623427002 -0.221424416919202 -0.12304250844660596 48.11977136062461 86.51997083930839 5.217569776611536 -1.7535086954990788 -3.3458258138220343 47.66218673491115 1.8089843638657543 -15913.71239856921 -1395.3996933089186 47.841747988811676 -73.46637048640595 -74.46637048640595 0.278023375708237 0.1613427414912385
0.00218752102083 13.379232531651365 6443.848759206383 -72919.44192293801 60.20383394858549 216.49801786940756 0.16684818077647645 -25.261007920724925 -56.38275564720573 13.379232531651365 0.2780803012941274 1.8089843571300246 -55.1046753459116 0.0 -951.4199859445381 3600128.911751148 0.005108782142545658 -1365.778691203572 0.2780803012941274 24.621727748280936 -2.3133835679257118 -0.22141079061466407 -0.1230103001621273 46.94162814110445 84.4814400370439 5.08605076748342 -1.7533237864040674 -3.3456057868815887 46.520584436671314 1.8089843638658925 -15525.90394914682 -1362.713224982674 46.66354783981032 -71.71383877755456 -72.71383877755456 0.278080305710278 0.1613996716988142
0.00224155279005 13.374895909208595 6439.662839080427 -71102.03351910935 60.18423328613979 216.38107435037597 0.16688400336778944 -24.644727039751547 -55.013295648881645 13.374895909208595 0.2781400056129824 1.8089843677373878 -53.73515564326866 0.0 -1678.5176049323861 -920979.1136919443 0.005234276685018263 -1332.721256579655 0.2781400056129824 24.608440989304423 -2.783705441394659 -0.22139816614088018 -0.12297843546659153 45.820406357706936 82.42723013811813 4.986512327178076 -1.7531343304712346 -3.345383511708963 45.370200623372604 1.8089843638657275 -15135.386258611548 -1328.7133623351149 45.542266352093954 -69.94782840436179 -70.94782840436179 0.27814001023200385 0.16145937712911707
0.00229691914396 13.370453670019698 6435.149834833877 -69337.3091535547 60.16203704230492 216.2613089239513 0.16691484215238125 -24.046364152661706 -53.683646031325836 13.370453670019698 0.2781914035873021 1.8089843619287709 -52.405454627738536 0.0 -737.4440596356083 -1029720.9145018656 0.005362836572052558 -1300.4606592253297 0.2781914035873021 24.594834208656014 -3.0774278953113026 -0.22138496081961503 -0.12294692255484149 44.72171750133167 80.43273857912634 4.884834611894869 -1.7529402179478677 -3.345132938437252 44.25326273522848 1.808984364088476 -14756.191645367973 -1295.8865360013517 44.44352609774437 -68.23315607766443 -69.23315607766443 0.2781914092091823 0.16151077582894313
0.00235365304682 13.365903334149104 6430.514860770835 -67635.71822475793 60.139171891126104 216.13865664689772 0.1669460876281354 -23.469558595175318 -52.40190219317202 13.365903334149104 0.2782434793802257 1.8089843677768265 -51.1236587137918 0.0 -559.3206803881989 330126.2584860498 0.005494535825445906 -1268.9776916985163 0.2782434793802257 24.580899958859746 -2.979336992352728 -0.2213724844649939 -0.12291576975006194 43.63904940811529 78.51010546329795 4.775039236613317 -1.7527413373416285 -3.344874807436561 43.176565277015705 1.808984364999211 -14390.568281077709 -1264.6217556074673 43.36080592873507 -66.58026150586913 -67.58026150586913 0.2782434853501774 0.16156285279887972
0.00241178827707 13.361242292648736 6425.815722813953 -65970.2363632792 60.11618889858029 216.0130492072267 0.16697932583734917 -22.904948314022562 -51.14726192129066 13.361242292648736 0.278298876395582 1.808984367804596 -49.868963044895075 0.0 -766.3546887085695 94959.20205878816 0.00562945020245032 -1238.2536095670112 0.278298876395582 24.566630758981972 -2.9756264593215747 -0.2213611337272427 -0.1228849858237111 42.58498559596353 76.62812658980413 4.670422298210284 -1.752537571342332 -3.344615053129148 42.1226327331724 1.8089843665004104 -14032.708582677804 -1233.9219779992452 42.30668671956795 -64.96231886998585 -65.96231886998585 0.2782988832116169 0.16161825073819203
0.00247135944752 13.356467893740483 6420.994043374325 -64343.293494453974 60.0925531084256 215.88441725368085 0.1670131280743666 -22.353382765989185 -49.92161078082688 13.356467893740483 0.2783552134572777 1.8089843732481414 -48.64325556736961 0.0 -665.0778114706881 -150876.01189765392 0.005767657246325753 -1208.2701202049036 0.2783552134572777 24.552018771245763 -3.0023840000903874 -0.22135058127310106 -0.12285457970073561 41.55715898086224 74.7896311000879 4.569164613452958 -1.7523288005779056 -3.34434789353234 41.09305047062416 1.8089843686303595 -13683.134256410573 -1203.90236245857 41.27880376740496 -63.38175969566082 -64.38175969566082 0.27835522053049544 0.16167458880862884
0.00253240202587 13.351577422195449 6416.072628043362 -62757.96929048599 60.06848886107276 215.75268984575698 0.16704817580904494 -21.815939815866983 -48.72734503645855 13.351577422195449 0.2784136263484082 1.8089843779010595 -47.44893141011014 0.0 -640.625366076988 62428.503337364404 0.005909236323385105 -1179.0093719477447 0.2784136263484082 24.537055978650866 -2.983841334319777 -0.22134100713068094 -0.12282456053121324 40.552895430305995 72.99821301257168 4.469122771591801 -1.7521149027033192 -3.344075738173348 40.08983063994298 1.8089843714080314 -13342.507541683879 -1174.6941603209032 40.274481803957585 -61.84167414655421 -62.84167414655421 0.2784136345111573 0.16173300302087523
0.00259495235591 13.34656809903706 6411.041239677158 -61209.58068193856 60.043911711334985 215.61779445199016 0.16708429397103317 -21.291000414938246 -47.56086654278282 13.34656809903706 0.27847382328505527 1.808984383993216 -46.282392719497764 0.0 -651.9244427609968 -3898.123186294508 0.006054268663874798 -1150.4539434215887 0.27847382328505527 24.521734259685584 -2.989981984286942 -0.2213323859612905 -0.12279493769223092 39.57350227055692 71.24847520641255 4.372161709144419 -1.7518957523770557 -3.3437976637181896 39.10995098184175 1.8089843748524312 -13009.82189035682 -1146.14080252582 39.29502844727187 -60.337422166024474 -61.337422166024474 0.2784738322485749 0.1617932014229031
0.0026590476791 13.3414370818378 6405.898557946539 -59699.029105576716 60.01882083860008 215.47965696448517 0.16712154136254392 -20.778885793642285 -46.422889232334775 13.3414370818378 0.2785359022709066 1.8089843913504478 -45.144353330063865 0.0 -620.2458916713886 -11388.383077485169 0.0062028374034280576 -1122.5868331996485 0.2785359022709066 24.506045264963213 -2.986670274394328 -0.22132474902577348 -0.12276572078790873 38.617466911104906 69.54148854774517 4.277284807906518 -1.7516712212631016 -3.343513649119653 38.15401113823425 1.8089843789850812 -12685.271119537065 -1118.293481276321 38.338931008834 -58.86992441995497 -59.86992441995497 0.278535912151188 0.16185528201558497
0.00272472615678 13.3361814619018 6400.641147300264 -58224.69621474795 59.993195840529445 215.3382016298929 0.16715992381316316 -20.279040983222817 -45.312179849847986 13.3361814619018 0.2785998730219386 1.808984399549135 -44.03357997682605 0.0 -614.3537897964892 8496.855907596932 0.006355027625086283 -1095.3914496626885 0.2785998730219386 24.48998049512103 -2.987371782303626 -0.221318115290193 -0.12273691966008606 37.68458693741198 67.87540315043132 4.184806059953001 -1.7514411778961672 -3.343223461464813 37.220975168608035 1.8089843838273432 -12368.507453352116 -1091.1087997638729 37.40598706439004 -57.43759054238865 -58.43759054238865 0.27859988380630496 0.16191925449079547
0.00279202689285 13.330798264506868 6395.26549012091 -56785.999430025426 59.96701577070216 215.19335106309302 0.16719944704241546 -19.79127113459568 -44.228305405831016 13.330798264506868 0.27866574507069247 1.8089844090908704 -42.949639660760326 0.0 -594.6443836039857 -8415.292588944661 0.006510926402411036 -1068.851601137907 0.27866574507069247 24.47353126215147 -2.9865558753065216 -0.2213125041272935 -0.12270854438865647 36.774156256760655 66.24956952705628 4.094518195393834 -1.7512054876801948 -3.3429268612413554 36.31047935581656 1.8089843894036581 -12059.4057322348 -1064.5817413567972 36.495490511689965 -56.03986216423144 -57.03986216423144 0.2786657567862997 0.16198512849675506
0.0028609899571 13.3252844458123 6389.769653051663 -55382.05484492557 59.94027475463541 215.0450261714759 0.16724016036273945 -19.31527637406184 -43.17059958734148 13.3252844458123 0.27873360060456576 1.808984419584814 -41.89186598673691 0.0 -581.9110179782003 4279.009694167223 0.006670622843107371 -1042.951486238696 0.27873360060456576 24.45668868835404 -2.9847323969449917 -0.22130794583763552 -0.12268060530333245 35.885646743153686 64.66298818081069 4.006381505383699 -1.7509640127403394 -3.34262377149976 35.42196394548412 1.8089843957386544 -11757.776052252952 -1038.6954570158684 35.606913142549125 -54.67588003117707 -55.67588003117707 0.2787336137256031 0.16205298595739115
0.00293165640904 13.31963689248975 6384.150054884879 -54011.89525326495 59.91295170863855 214.8931461528831 0.1672820722344807 -18.850727519773542 -42.13833089169599 13.31963689248975 0.2788034537241345 1.8089844313560601 -40.859527437971856 0.0 -569.8520071058382 -660.2343131691464 0.006834208133722409 -1017.6756844683554 0.2788034537241345 24.43944372062114 -2.984364184330616 -0.2213044613665197 -0.12265311298621799 35.01859657006873 63.114561852969274 3.920411354171912 -1.7507166118934974 -3.342313950227883 34.55481446652032 1.808984402859072 -11463.410590061661 -1013.4297052171761 34.73979311634459 -53.34470082124517 -54.34470082124517 0.2788034680427285 0.16212284148267453
0.00300406832235 13.313852419810152 6378.403043846849 -52674.76950971203 59.885025104510525 214.7376284523789 0.16732519146736263 -18.397370510704437 -41.13093475188744 13.313852419810152 0.2788753191122711 1.8089844441748484 -39.852059432775164 0.0 -555.4303950274304 -2061.339547221147 0.007001775585008668 -993.009147037382 0.2788753191122711 24.421787109719087 -2.9842398007072006 -0.22130207221733314 -0.12262607827972884 34.17245650512518 61.60344368812707 3.8365232016050017 -1.7504631405505833 -3.3419971500318613 33.708556673437904 1.8089844107929964 -11176.147961075432 -988.7719574832474 33.89358118601291 -52.045596487314754 -53.045596487314754 0.2788753348454156 0.16219470927822388
0.00307826880991 13.30792777078151 6372.52557216894 -51369.941635511765 59.85647931831347 214.5783887476821 0.16736954495411324 -17.954956438757396 -40.147858078652156 13.30792777078151 0.27894924159018875 1.808984458307308 -38.868908837061966 0.0 -541.5191086420813 -581.422742556726 0.007173420678252379 -968.9371879100203 0.27894924159018875 24.403709415886098 -2.9832300920816124 -0.22130080472085742 -0.12259951229101855 33.346691987088626 60.12880403744817 3.7546359894885715 -1.7502034506641426 -3.341673186726955 32.88272594316744 1.8089844195707847 -10895.830049052229 -964.7098262814662 33.067742745498435 -50.777853784075106 -51.777853784075106 0.27894925900053824 0.1622686346208395
0.00315430204951 13.301859613614498 6366.514836256362 -50096.58724246062 59.82730125637976 214.4153408900601 0.16741516838816217 -17.523205324711565 -39.18847874882297 13.301859613614498 0.279025280646937 1.8089844735424312 -37.90945346817604 0.0 -529.1091984041489 205.35007902865442 0.007349241112306933 -945.4454750465103 0.279025280646937 24.38520100181828 -2.9822261087444986 -0.22130068782377235 -0.12257342640218258 32.540835717114604 58.68970969635216 3.674725537376531 -1.7499373906019566 -3.3413419030346456 32.0767996549687 1.8089844292236594 -10622.279740863849 -941.2272127565803 32.26181043646766 -49.54067044256104 -50.54067044256104 0.27902529978730384 0.1623446767349226
0.00323221331013 13.29564454105568 6360.367134238756 -48853.928255423365 59.797469632029824 214.2483968958682 0.16746207625031462 -17.101853139828155 -38.252210053322294 13.29564454105568 0.27910346041719103 1.8089844901446992 -36.973106592905104 0.0 -516.8908213079878 -571.0057259534121 0.007529336851659361 -922.5200218782608 0.27910346041719103 24.36625203723759 -2.98160256048493 -0.2213017458853657 -0.1225478322742088 31.754418155639918 57.2852805931777 3.59675460933281 -1.7496648051017198 -3.341003052228435 31.290284958092098 1.8089844397855581 -10355.329869659334 -918.3094575865239 31.47531469522273 -48.33328986210509 -49.33328986210509 0.27910348148516717 0.1624228598682691
0.00331204897889 13.289279068355638 6354.079124807564 -47641.242428755366 59.76696678000496 214.07746690185144 0.16751029491863959 -16.69065518135459 -37.33850824733411 13.289279068355638 0.2791838248643993 1.8089845079586886 -36.059324422469714 0.0 -504.16325335221967 -1115.6818169354628 0.007713810175171516 -900.1471789810566 0.2791838248643993 24.346852486395807 -2.9810283647267397 -0.22130400664866107 -0.12252274185569059 30.986962077605707 55.914701096046365 3.520667668986191 -1.7493855351650867 -3.3406564261944514 30.52272507934177 1.8089844512916395 -10094.825274000725 -895.9436141299432 30.70777825274131 -47.1550108476803 -48.1550108476803 0.2791838481443075 0.16250322802593242
0.00339385658867 13.282759632083767 6347.647287258491 -46457.83259165341 59.73577359419499 213.90245914367011 0.16755984851667785 -16.28937534576781 -36.44684869210132 13.282759632083767 0.2792664141944631 1.808984527152599 -35.16758227790686 0.0 -491.9579882827037 27.232753699999297 0.00790276572585744 -878.3136259477117 0.2792664141944631 24.326992112037615 -2.980035864112665 -0.22130749785157494 -0.1224981673887485 30.237997799823273 54.577184233420496 3.4464065172108422 -1.7490994179880028 -3.3403018004572576 29.77367929696606 1.80898446377988 -9840.616181955571 -874.1173443276211 29.95873138562881 -46.00515684275516 -47.00515684275516 0.2792664398459983 0.16258582145583889
0.00347768484641 13.276082588070848 6341.068475552453 -45302.955500314834 59.703874738507686 213.72327991150098 0.16761077359930096 -15.897761179458543 -35.576670433758686 13.276082588070848 0.2793512893321683 1.8089845477116933 -34.29731914442652 0.0 -480.81812044771254 -462.3360715355296 0.008096310561369719 -857.0063634573294 0.2793512893321683 24.306660471112643 -2.9793517552545836 -0.2213122507721376 -0.1224741214180535 29.50709929526367 53.271888554193985 3.373947016306494 -1.748806286851888 -3.3399389907756283 29.042676371538626 1.8089844772895654 -9592.542925546684 -852.8162088950185 29.227748005931502 -44.88300446034136 -45.88300446034136 0.279351317552485 0.16267070117678628
0.00356358366212 13.269244210142993 6334.338554874933 -44175.93057410404 59.671245816424175 213.53983352740775 0.16766308317684614 -15.515581979849 -34.727460819185694 13.269244210142993 0.27943847196141025 1.8089845696840616 -33.44802234722428 0.0 -468.7350304182843 -893.7253415470021 0.008294554205545791 -836.2127055331327 0.27943847196141025 24.285846911242135 -2.9788444034123813 -0.22131829159692168 -0.12245061679725733 28.793827820315617 51.99804507145807 3.3032423952821413 -1.7485059710486168 -3.339567713798372 28.329285660849646 1.8089844918626412 -9350.459296298583 -832.0278604171335 28.514389348354204 -43.787892599899656 -44.787892599899656 0.2794385029952592 0.1627578887564689
0.00365160417857 13.262240688467287 6327.454385038408 -43076.1251939582 59.63787204390387 213.35202231282426 0.16771681916537703 -15.142623700139506 -33.89874425092539 13.262240688467287 0.2795280319422951 1.8089845931919162 -32.6192162189831 0.0 -457.76498760420463 143.5059807655209 0.008497608700687225 -815.920271995763 0.2795280319422951 24.264540566373 -2.9777898789755 -0.2213256540380038 -0.12242766669689949 28.09773894870441 50.75494036574065 3.234230583287843 -1.748198295787501 -3.339187789760501 27.633107619256297 1.8089845075433821 -9114.229407190334 -811.741366781987 27.818210916762116 -42.71920794744907 -43.71920794744907 0.27952806615434034 0.16284745417126678
0.00374179880179 13.255068127487872 6320.412060757707 -42002.815514264694 59.60373168018964 213.15974654562788 0.16777200593329852 -14.778640032279894 -33.0899734138565 13.255068127487872 0.2796200098888309 1.8089846181689315 -31.810353403967667 0.0 -446.9751289735664 -940.6047085306968 0.008705588660820057 -796.1169810806362 0.2796200098888309 24.24273036223553 -2.9774890224093724 -0.22133436818919042 -0.12240528461381008 27.418453844798687 49.5417534508218 3.166906439495371 -1.7478830820832572 -3.3387989625673726 26.953682476605273 1.808984524378355 -8883.697758026776 -791.942090178367 27.138833834909857 -41.67624470375872 -42.67624470375872 0.2796200475601651 0.1629394381291407
0.00383422123219 13.247722544908012 6313.207662944676 -40955.43770960813 59.56880310269725 212.9629044458526 0.16782867016583541 -14.423440721816421 -32.30072555983773 13.247722544908012 0.27971445027639236 1.8089846448015396 -31.021011109561336 0.0 -435.54026345611817 -556.5729481860756 0.008918611325765019 -776.7910422631576 0.27971445027639236 24.220405000403417 -2.9765238883716165 -0.22134446531049803 -0.12238348437714464 26.755529302713125 48.35785018966446 3.1011907017524774 -1.7475601466888684 -3.338400976494601 26.290655096586633 1.808984542417019 -8658.74324361608 -772.6211150908215 26.475814852436734 -40.65845770720896 -41.65845770720896 0.2797144917812444 0.16303388516318984
0.00392892649662 13.24019986925632 6305.837990744049 -39933.32975418572 59.53307171738963 212.76139212406125 0.16788686043544362 -14.076800784502966 -31.530500795836883 13.24019986925632 0.2798114340590727 1.8089846730953831 -30.25068936177781 0.0 -425.62441492153755 57.0447806925508 0.009136796616199821 -757.9309492194141 0.2798114340590727 24.19755296968529 -2.9756181907001746 -0.221355982550658 -0.12236228015932613 26.108590474513576 47.20248071573563 3.0370642717768463 -1.7472293019651184 -3.3379936514671775 25.643605518322104 1.8089845617110103 -8439.223663040782 -753.7654760577744 25.828779040454503 -39.66520231320853 -40.66520231320853 0.27981147978671006 0.1631308762850916
0.00402597098109 13.232495938539907 6298.298543192489 -38935.86368044183 59.49651091531311 212.55510355950634 0.16794659357785194 -13.738506990097317 -30.77882530181308 13.232495938539907 0.2799109892964199 1.8089847030761654 -29.49891431251666 0.0 -415.3714062961079 -660.598660040077 0.009360267189551897 -739.5254729853046 0.2799109892964199 24.17416253664761 -2.9751388471394193 -0.22136895007704435 -0.1223416864834925 25.477262250349042 46.074934289620806 2.9744991238879734 -1.7468903557967197 -3.3375766757552277 25.012135715393377 1.8089845823152206 -8225.004123618304 -735.3632737482359 25.197351261052624 -38.69586749920429 -39.69586749920429 0.2799110396813529 0.1632304395658628
0.00412541246432 13.224606498688937 6290.5856372764365 -37962.48352336092 59.459102060279655 212.3439305733591 0.1680079110478822 -13.408371299166674 -30.04528127377466 13.224606498688937 0.2800131850798037 1.8089847349579093 -28.765268088694857 0.0 -405.1911863879842 -449.30607189602034 0.009589148496805274 -721.5636552746507 0.2800131850798037 24.15022174150228 -2.9743695790613174 -0.22138340463217568 -0.12232171823181166 24.86114916621708 44.97458418230205 2.9134382109693973 -1.7465431114980776 -3.337149823430425 24.39589468915018 1.808984604287204 -8015.965219446124 -717.4049888108768 24.581135981137272 -37.74991447978695 -38.74991447978695 0.28001324053417376 0.16333264419942006
0.00422731015219 13.216527201254516 6282.6951515049695 -37012.59025061192 59.420822625713924 212.12776278265528 0.16807084556144763 -13.08619028637052 -29.329416703877374 13.216527201254516 0.28011807593574606 1.8089847686085159 -28.049298627941628 0.0 -395.4513355482084 -355.69374597990236 0.009823568840199082 -704.0348019455278 0.28011807593574606 24.1257184019462 -2.9736783200213495 -0.22139938153927136 -0.12230239065649441 24.259894502804055 43.90075236383748 2.853855368443021 -1.7461873676849153 -3.336712825269667 23.79450271883341 1.8089846276878234 -7811.978285939757 -699.8792189594599 23.97977642686831 -36.82676036113132 -37.82676036113132 0.28011813700745025 0.16343754477147954
0.00433172471295 13.208253602195361 6274.623140552844 -36085.62709581709 59.3816520088075 211.90648758412271 0.16813543751571958 -12.771775244077347 -28.630812301676652 13.208253602195361 0.280225729192866 1.8089848043688488 -27.350586572483785 0.0 -385.92237051943687 -389.16498631126177 0.010063659431875576 -686.9284766407359 0.280225729192866 24.100640108643688 -2.972898487774387 -0.22141691866208882 -0.1222837193873066 23.67313574986579 42.85280987611735 2.7957105258930373 -1.7458229181924754 -3.3362654319404252 23.207607558277 1.8089846525813553 -7612.9237470983135 -682.7758726686727 23.39291002067292 -35.925864440918225 -36.925864440918225 0.28022579644836376 0.16354520878779488
0.00443871831336 13.19978115941987 6266.36534876231 -35181.03064037962 59.341566919797394 211.6799901054709 0.1682017220572732 -12.464934908178066 -27.949043087887958 13.19978115941987 0.2803362034287887 1.8089848420516526 -26.66870688445917 0.0 -376.59090097009147 -415.0585133138921 0.01030955445326747 -670.2344945707318 0.2803362034287887 24.074974222364784 -2.972247699645095 -0.2214360533199996 -0.12226572044350957 23.100529556620554 41.83011923068901 2.738975104811569 -1.7454495519375208 -3.335807363822205 22.63485218817332 1.808984679034849 -7418.680596327189 -666.0843539514572 22.820193353191765 -35.04667868054408 -36.04667868054408 0.2803362775008055 0.16365569484186104
0.0045483546557 13.191105231720117 6257.9175775150525 -34298.27643541622 59.300544865813386 211.4481531947102 0.16826973892948685 -12.16549160534626 -27.283714291776114 13.191105231720117 0.2804495648824781 1.8089848820218644 -26.003264726893637 0.0 -367.45322578105106 -343.5635859009711 0.01056139111567582 -653.94291645048 0.2804495648824781 24.048707872848798 -2.971457962247655 -0.22145682466849814 -0.12224841024124782 22.541727680370744 40.83208824937001 2.683607913205496 -1.7450670528401842 -3.3353383488020967 22.07590495959506 1.808984707119663 -7229.136205909726 -649.7952749843613 22.261278115488267 -34.188693997496586 -35.188693997496586 0.2804496464409084 0.16376906929909008
0.0046606990157 13.182221076105346 6249.275580842395 -33436.82475883001 59.258563153188085 211.2108573675115 0.16833952976814726 -11.87326204802384 -26.634418669339123 13.182221076105346 0.2805658829469121 1.808984924124446 -25.35385278639221 0.0 -358.6436454605083 -334.0021217835917 0.010819309721352293 -638.0440425815262 0.2805658829469121 24.02182796002612 -2.970796720776434 -0.2214792730737694 -0.122231805606632 21.99640479191953 39.858106043026375 2.629583416270326 -1.7446751996737524 -3.334858111511361 21.530423744094275 1.808984736910327 -7044.17466759585 -633.8984140917447 21.715838908972618 -33.35138522419249 -34.35138522419249 0.2805659727161145 0.1638854016562854
0.00477581828139 13.173123846760342 6240.434829658317 -32596.17027534284 59.21559665898901 210.96798079886375 0.16841113176739136 -11.588074936269571 -26.000775609143332 13.173123846760342 0.28068521961231896 1.8089849686883568 -24.720090389531013 0.0 -349.9409647375614 -355.17511541603193 0.011083453725851084 -622.5284070790369 0.28068521961231896 23.994321148051664 -2.9701204633820453 -0.22150343860596208 -0.12221592378348761 21.464232301397843 38.90760167384422 2.576865479973724 -1.7442737659844698 -3.334366348753746 20.998088789219487 1.8089847684858478 -6863.687463333479 -618.3846152037152 21.183547081785527 -32.53426153742875 -33.53426153742875 0.28068531847288514 0.16400475409834048
0.00489378099294 13.16380859246161 6231.391007409744 -31775.810756927578 59.17162251998039 210.71939927443302 0.16848459110231742 -11.309759874864662 -25.382406523554536 13.16380859246161 0.2808076518371957 1.8089850156347091 -24.10159887171734 0.0 -341.440537612661 -444.71195116119605 0.01135396980092894 -607.3867722337341 0.2808076518371957 23.966173868043626 -2.9694612112097047 -0.22152936428912137 -0.12220078244661473 20.944894275179287 37.9800072347194 2.5254236223033133 -1.743862519941656 -3.333862780855538 20.478582033130646 1.8089848019288992 -6687.566747927729 -603.2445831878657 20.66408662334209 -31.73683472406873 -32.73683472406873 0.28080776068245483 0.16412720365681333
0.00501465738346 13.154270255239199 6222.139493766067 -30975.265518621647 59.126615240890345 210.46498617613517 0.16855994904583566 -11.038153928142785 -24.778949394459282 13.154270255239199 0.2809332484097261 1.808985065231615 -23.498016146049554 0.0 -332.9955003197818 -357.51327258063804 0.011631007898600674 -592.610123013132 0.2809332484097261 23.93737231486009 -2.9686714350560806 -0.22155709278334734 -0.12218639971103779 20.438077478079602 37.07477967555235 2.475223129199842 -1.743441224241008 -3.333347097996853 19.971599337505175 1.8089848373268715 -6515.7093057295215 -588.4696155874416 20.15714422966988 -30.9586379383629 -31.9586379383629 0.2809333682588874 0.16425281933502234
0.00513851942083 13.144503667955435 6212.675969783138 -30194.053798663703 59.08055243299692 210.20461243978235 0.16863725840295868 -10.77309393269621 -24.190041714736704 13.144503667955435 0.2810620973382645 1.808985117496089 -22.90897961739844 0.0 -325.1102782839257 -128.74149628462396 0.011914721315813207 -578.1896616925611 0.2810620973382645 23.907902448664654 -2.9678286566386305 -0.2215866703584497 -0.12217279414522467 19.94348232741721 36.19137520632564 2.426236284222061 -1.743009635958254 -3.332819023092606 19.476836141209667 1.8089848747714699 -6348.011910644413 -574.0507577707484 19.662420230078947 -30.1992037042619 -31.1992037042619 0.2810622292908478 0.16438168926110852
0.00526544085053 13.134503552755175 6202.995450828042 -29431.688039072935 59.03340562455969 209.93814653701193 0.16871655734672805 -10.514414075487283 -23.615315067522445 13.134503552755175 0.28119426224454674 1.8089851726176165 -22.334120805277898 0.0 -317.3360294327618 -424.8225621771133 0.012205266760145014 -564.1168026196093 0.28119426224454674 23.87774999801129 -2.9673593905391726 -0.2216181406276445 -0.12215998478160671 19.460826112178793 35.3292411805355 2.3784457878321503 -1.7425675064393549 -3.3322782109544504 18.993982934208418 1.8089849143591248 -6184.369871271662 -559.9785967558131 19.179631849934246 -29.458056924311098 -30.458056924311098 0.28119440752246505 0.16451387730037959
0.00539549723954 13.124264519195446 6193.093099341484 -28687.744924510574 58.98514797291556 209.66545444971794 0.16879789145530835 -10.261971267442563 -23.054451544620967 13.124264519195446 0.2813298190921806 1.808985230698219 -21.773121725528785 0.0 -309.3394581476776 -440.76046855898835 0.012502804416293265 -550.3831671030134 0.2813298190921806 23.846900444324827 -2.966681543892946 -0.22165154986530827 -0.12214799112848347 18.98980547496008 34.487900710567395 2.3318070170358696 -1.7421145811745484 -3.3317243327463264 18.522772626013325 1.808984956191668 -6024.6923081341765 -546.2459313936357 18.708475655867897 -28.73478763559984 -29.73478763559984 0.28132997902922896 0.1646494596031347
0.00552876602135 13.11378106208327 6182.964395848263 -27961.781350117617 58.935755901279876 209.38639963782293 0.16888131850018498 -10.015615173126085 -22.507117152873054 13.11378106208327 0.281468864166975 1.8089852919173146 -21.22564828870608 0.0 -301.877274029604 -179.34448769351187 0.012807498013360747 -536.9805784220964 0.281468864166975 23.815339038732112 -2.9657971729270685 -0.22168694818259493 -0.12213683318322735 18.530140065274182 33.66685277458725 2.286292274689075 -1.7416505996573715 -3.3311570939756043 18.062924602031536 1.8089850003759556 -5868.884094750841 -532.844575905902 18.248671201107207 -28.028965132894445 -29.028965132894445 0.2814690402379496 0.16478853267981042
0.00566532654208 13.103047559378199 6172.604381369838 -27253.341214672506 58.885201880503075 209.10084300994842 0.16896688787882627 -9.77519058114553 -21.972967051254994 13.103047559378199 0.2816114797980438 1.8089853563761153 -20.69135557145695 0.0 -294.67268861459524 -291.47337865624394 0.013119514892966864 -523.9010569571533 0.2816114797980438 23.783050803391802 -2.9651605858570065 -0.22172438461099292 -0.12212653144559064 18.08156875585437 32.86558008361647 2.241887122482061 -1.7411752952443091 -3.330576155196234 17.614149144210234 1.8089850470241846 -5716.847309317713 -519.7656530210267 17.799957276056325 -27.340144721682073 -28.340144721682073 0.28161167360579054 0.16493117914237643
0.00580526010767 13.09205827070282 6162.007839606448 -26562.015324065178 58.83345614933468 208.80864291146494 0.1690546455392709 -9.540558865418049 -21.45169324987607 13.09205827070282 0.28175774256545155 1.8089854242738455 -20.16993550731062 0.0 -287.421647519354 -342.78585482699134 0.01343902607819655 -511.13681544375555 0.28175774256545155 23.75002051629158 -2.9645313461261367 -0.2217639083080587 -0.12211710692928596 17.64381787681332 32.08362062729228 2.198558442232425 -1.740688395039053 -3.3299811507038846 17.17618749305102 1.8089850962547707 -5568.49411164732 -507.00187399517375 17.362060134247866 -26.667929229387152 -27.667929229387152 0.28175795590994324 0.16507747582375498
0.00594865003233 13.080807335125044 6151.169852848519 -25887.396888693413 58.78049201260389 208.50965509440937 0.16914464926607997 -9.311582074091032 -20.94298927467056 13.080807335125044 0.28190774877679997 1.8089854957784828 -19.66108152589376 0.0 -280.40130132886657 -283.2019512128587 0.013766206343315008 -498.6802543323108 0.28190774877679997 23.716232724130343 -2.963816742642223 -0.22180557225776187 -0.1221085811763912 17.216624274837447 31.32051466241357 2.156277870628842 -1.7401896197421167 -3.3293717467891923 16.74878214998595 1.8089851481919919 -5423.737184505793 -494.545825246982 16.934716526060647 -26.011923438509474 -27.011923438509474 0.2819079836246846 0.1652275193489534
0.00609558168813 13.069288769157296 6140.08523393513 -25229.079133332772 58.72628041703889 208.20373269448962 0.16923695319027202 -9.08812205483594 -20.44654820065805 13.069288769157296 0.2820615886504534 1.808985571026277 -19.164486612007597 0.0 -273.5696610544366 -270.4594423703667 0.014101234284176728 -486.52395726498963 0.2820615886504534 23.68167174385027 -2.9631137776668766 -0.22184942957557593 -0.12210097627140411 16.799736312277645 30.57580177143692 2.11502295186666 -1.7396786835075102 -3.328747581995831 16.331675241494622 1.8089852029667064 -5282.489213625489 -482.3899047532997 16.51767472362719 -25.371731549966093 -26.371731549966093 0.2820618471405191 0.16538140027897508
0.00624614255582 13.057496464904427 6128.748805542045 -24586.670569823742 58.670792610956234 207.8907262133965 0.16933161548771292 -8.870045943482557 -19.962074860313407 13.057496464904427 0.28221935914618823 1.8089856502682278 -18.679855501167218 0.0 -266.9243649156795 -265.9692903035942 0.014444292389432992 -474.66068666099983 0.28221935914618823 23.646321661254454 -2.9624128410559933 -0.22189553538509457 -0.1220943148551764 16.39290554994993 29.84903917075471 2.0747688733925203 -1.7391552938033636 -3.328108296296088 15.924618766094461 1.8089852607160797 -5144.666173339118 -470.5268981269955 16.11068619080374 -24.746972926816373 -25.746972926816373 0.2822196436492951 0.16553921594796317
0.00640042227695 13.045424187996517 6117.155167123722 -23959.78604024338 58.613997903922304 207.57048349681344 0.1694286920029726 -8.65722294781782 -19.48927868700697 13.045424187996517 0.28238115333828767 1.8089857336154227 -18.20689753366868 0.0 -260.3980226281664 -281.69983289296647 0.014795567112477587 -463.0833794048518 0.28238115333828767 23.61016633572067 -2.961764549146494 -0.2219439453149821 -0.12208862013998703 15.995891197481829 29.139790979397688 2.0354930967293123 -1.7386191512602467 -3.3274535063268145 15.527368589490003 1.8089853215854232 -5010.185398928931 -458.9496502307379 15.71351004414354 -24.137272865223373 -25.137272865223373 0.2823814664653831 0.1657010598331634
0.00655851270719 13.03306557585282 6105.29895714166 -23348.058555176143 58.55586616967639 207.24284972267932 0.16952824351823423 -8.449528627797966 -19.027883237355827 13.03306557585282 0.2825470725303904 1.80898582136235 -17.745336164825435 0.0 -254.02526822267086 -256.6097003400049 0.015155248943995768 -451.7851426453043 0.2825470725303904 23.573189398042526 -2.9610484233707552 -0.22199471727341039 -0.12208391592393612 15.608453581217365 28.44764249852361 1.99716888981509 -1.7380699495312977 -3.326782832868929 15.139692435755993 1.8089853857259537 -4878.968133917924 -447.6515131514719 15.325906508686973 -23.542274874364466 -24.542274874364466 0.2825474171515714 0.1658670336962791
0.00672050797106 13.02041413541962 6093.174733167855 -22751.117972268046 58.4963666876476 206.907667377021 0.16963033251071136 -8.246837198212054 -18.57760908122784 13.02041413541962 0.2827172208511856 1.8089859136530586 -17.294891860376655 0.0 -247.83756007893118 -250.20104421465368 0.015523532485183145 -440.75924968851416 0.2827172208511856 23.535374262493335 -2.9603772468583998 -0.22204791070088087 -0.12208022660757928 15.230365181128759 27.772174548224697 1.959776603930718 -1.737507375125968 -3.326095888033615 14.761355518327456 1.8089854532979088 -4750.934946178076 -436.62553819801184 14.947647960277573 -22.961618611847108 -23.961618611847108 0.28271760010422275 0.16603724216209104
0.00688650451795 13.007463241540442 6080.7768632425905 -22168.61166114992 58.43546709049416 206.56477624813905 0.16973502015164166 -8.049029000902678 -18.138190402230606 13.007463241540442 0.28289170025273613 1.8089860107543343 -16.85529870197787 0.0 -241.776169515844 -245.3899288186275 0.01590061652167908 -429.9991359948059 0.28289170025273613 23.496704122277865 -2.959696934794408 -0.22210358587828183 -0.12207757720887968 14.861399424573833 27.112988369928328 1.923292479994866 -1.7369311072686955 -3.325392263461249 14.392134487544807 1.808985524469501 -4626.01016817817 -425.8652763085238 14.578507724321096 -22.394961291082392 -23.394961291082392 0.28289211761317945 0.1662117877138709
0.00705660117954 12.99420613481824 6068.099768129643 -21600.191104762773 58.37313567648722 206.21401340896912 0.16984237309381803 -7.85598566303228 -17.70936424835887 12.99420613481824 0.28307062182303006 1.808986112890349 -16.42629362653584 0.0 -235.86738527664556 -254.51521475920305 0.016286704097929327 -419.49839527064086 0.28307062182303006 23.457161959520178 -2.9590392569540995 -0.2221618055909338 -0.12207599338040985 14.501337551428053 26.4696894985973 1.8876957040423126 -1.7363408177317037 -3.324671555838564 14.031808394108499 1.8089855994162973 -4504.119019942075 -415.3642595401269 14.218266929605022 -21.841963819449003 -22.841963819449003 0.283071081089898 0.16639078204789604
0.00723089922867 12.98063591982816 6055.137647420257 -21045.520490233175 58.309338766226844 205.85521321044016 0.16995245586899999 -7.667593218316597 -17.29087745680577 12.98063591982816 0.283254093115 1.8089862203105558 -16.00762336369077 0.0 -230.06133962322042 -236.49401112189327 0.016682002592301803 -409.2507756529359 0.283254093115 23.41673054503141 -2.9583530145932286 -0.2222226333339994 -0.12207550142586344 14.149963799028754 25.841898154170327 1.852963663903394 -1.7357361706799384 -3.3239333374976576 13.680164513860927 1.8089856783256568 -4385.189452401262 -405.1163450938494 13.866709705913754 -21.3022997281026 -22.3022997281026 0.2832545984704472 0.1665743333704881
0.00740950243962 12.966745563161465 6041.884830095831 -20504.26883297322 58.24404406201028 205.48820727213194 0.1700653407395061 -7.483739251452162 -16.88248032284111 12.966745563161465 0.2834422345658435 1.8089863333061424 -15.599038088275268 0.0 -224.4652624807034 -216.35742648649403 0.01708672379254103 -399.2501759881767 0.2834422345658435 23.375392449286956 -2.9576513407756693 -0.22228613571381847 -0.12207612831771658 13.807069366864182 25.229239739406385 1.8190760687790228 -1.735116822504885 -3.323177193570843 13.336993019354749 1.8089857613917824 -4269.150458557492 -395.11540451954005 13.523627132298337 -20.775647007829384 -21.775647007829384 0.28344279061186606 0.16676256283147173
0.00759251714988 12.952527891476283 6028.335305155397 -19976.10877807743 58.177216113117055 205.11282447495864 0.17018109457031613 -7.304312454332748 -16.483925594176945 12.952527891476283 0.28363515761719355 1.8089864520883596 -15.20029043655975 0.0 -218.95137083538762 -246.97830726915552 0.017501083971683047 -389.49064220094743 0.28363515761719355 23.33313004998609 -2.9570316744913043 -0.22235237932900057 -0.12207790171544845 13.472452839339184 24.63134333872635 1.7860154915210817 -1.734482421654917 -3.32240267153924 13.002086148831335 1.808985848819679 -4155.931810607925 -385.3552965475686 13.188817681721991 -20.261686811861466 -21.261686811861466 0.2836357694112741 0.16695558267224864
0.00778005232348 12.937975589948739 6014.48315271757 -19460.735203465614 58.10882045341315 204.7288909663284 0.17029979095114417 -7.129209430924788 -16.094983610871594 12.937975589948739 0.2838329849185736 1.8089865770435516 -14.81115062595302 0.0 -213.5597165317334 -207.76450736633797 0.017925303964636694 -379.9663637481273 0.2838329849185736 23.28992552277227 -2.9563127934926 -0.2224214337172135 -0.1220808499829768 13.145909993055605 24.04786442133453 1.7537571822502809 -1.7338326084795732 -3.3216093270245866 12.67525091107931 1.808985940825706 -4045.468063080606 -375.8305745781086 12.862077008137032 -19.760122980131616 -20.760122980131616 0.28383365801307503 0.1671535164096598
0.00797221961587 12.923081199998697 6000.322399869237 -18957.832301744536 58.03882219688432 204.3362301481277 0.17042150622044622 -6.958322670434509 -15.715415573144014 12.923081199998697 0.2840358437007437 1.8089867083837965 -14.43137972944327 0.0 -208.36757604179 -211.25684413857252 0.018359609244776944 -370.67167015949275 0.2840358437007437 23.24576087772836 -2.9556664960190346 -0.2224933704396993 -0.12208500220925184 12.827251223106407 23.478444745149105 1.7222867790172756 -1.7331670150373564 -3.3207967081431096 12.356286634551315 1.8089860376357454 -3937.691476191478 -366.53522511706745 12.543215379405664 -19.270647566204786 -20.270647566204786 0.28403658420282585 0.16735649222541182
0.00816913344039 12.907837117941213 5985.84676885019 -18467.10379348935 57.967183585247504 203.93466269118608 0.1705463123165593 -6.791551599097338 -15.344998090314913 12.907837117941213 0.2842438538609322 1.8089868465071768 -14.060754236453981 0.0 -203.21137041508788 -227.9982404161023 0.018804230001226666 -361.60102766234166 0.2842438538609322 23.20061794039143 -2.955031097567371 -0.22256826139920333 -0.1220903882263191 12.51628512333733 22.922749184185392 1.6915838289487324 -1.7324852649405647 -3.319964327947846 12.045005595941154 1.808986139488997 -3832.53850665255 -357.4638452909073 12.232041269476397 -18.792972494607657 -19.792972494607657 0.28424466847558927 0.16756463106398334
0.00837091103636 12.89223559300854 5971.050211511773 -17988.261848778486 57.893869134975475 203.52400653524765 0.17067429198581227 -6.628798546301892 -14.983514239168372 12.89223559300854 0.2844571533096871 1.80898699171824 -13.699057085858685 0.0 -198.22283185594426 -191.98579219290846 0.019259401216059437 -352.7490358883455 0.2844571533096871 23.154478368564273 -2.9543210846366605 -0.22264618253487609 -0.1220970386302742 12.212824207979846 22.380452307649325 1.6616276682961872 -1.7317869731675415 -3.3191117217357005 11.741225493323505 1.808986246635923 -3729.947432586869 -348.6112033396767 11.928367054670158 -18.326818030387447 -19.326818030387447 0.28445804940794794 0.1677780719864237
0.00857767253896 12.876268725561406 5955.926411482498 -17521.01343911532 57.81884080372851 203.10407689614365 0.17080552467268872 -6.469963715231555 -14.630742366696328 12.876268725561406 0.2846758744544812 1.8089871443531351 -13.346066492241846 0.0 -193.37067505347528 -203.7223188191119 0.019725362742014488 -344.1104246550924 0.2846758744544812 23.107323681575743 -2.953688869064706 -0.22272721047321278 -0.12210498480227995 11.916692084777525 21.851221591892998 1.6324047705024576 -1.7310717458786844 -3.31823839296489 11.44476005519625 1.8089863593393367 -3629.8554145479043 -339.9717278140864 11.632016210323043 -17.87189833911613 -18.87189833911613 0.2846768601309585 0.16799694866485848
0.00878954105067 12.859928465678623 5940.468970139182 -17065.085720624265 57.742059764112014 202.67468628518776 0.1709400917930385 -6.314954533818161 -14.286476877807823 12.859928465678623 0.28490015298839755 1.8089873048314118 -13.001576724819426 0.0 -188.59214887850766 -198.8062079476536 0.020202359380144298 -335.68005083247755 0.28490015298839755 23.05913523758098 -2.9530294080211092 -0.22281142383548969 -0.12211425892908336 11.627709550353632 21.334748599048936 1.6038947984359693 -1.7303391802445136 -3.317343832850623 11.155436496648651 1.8089864778760696 -3532.2039531192304 -331.54048905424037 11.342809397365233 -17.427948294189008 -18.427948294189008 0.28490123713632864 0.1682213981695304
0.00900664271462 12.84320661133435 5924.671541720814 -16620.205899907647 57.66348769390794 202.23564452006843 0.17107808065523641 -6.163678245005807 -13.950511775057699 12.84320661133435 0.28513013442539403 1.8089874735262808 -12.665381640632305 0.0 -183.95973836647042 -191.82909895869378 0.020690640957644023 -327.45289527842147 0.28513013442539403 23.009894271688655 -2.952367171532387 -0.2228989042244281 -0.12212489402574858 11.345705272104194 20.83072428444475 1.5760814892517168 -1.729588864250194 -3.316427534696881 10.87308168863803 1.808986602537052 -3436.9345630152575 -323.31241851137594 11.0605751376788 -16.994702250295944 -17.994702250295944 0.2851313268139354 0.1684515675399274
0.00922910678968 12.826094806893208 5908.527581729107 -16186.108215685232 57.583084307808946 201.78675874653484 0.1712195772446343 -6.016044480407409 -13.6226463671937 12.826094806893208 0.2853659620743905 1.8089876508390728 -12.33728040511931 0.0 -179.41601729072067 -185.06051709973946 0.021190462405652186 -319.42405985155364 0.2853659620743905 22.959581899681126 -2.9517179040380483 -0.22298973453484175 -0.12213692395815716 11.07051182729042 20.33884756343242 1.548948747846432 -1.728820376508964 -3.3154889660636107 10.597526960705567 1.808986733628396 -3343.9902707389606 -315.2825896882143 10.785145865216029 -16.571901404786228 -17.571901404786228 0.2853672734315478 0.168687601751059
0.00945706572738 12.808584541673614 5892.030572378005 -15762.535519476862 57.500809523126804 201.3278334643778 0.17136467272359268 -5.871965855977569 -13.302686602503625 12.808584541673614 0.2856077878726545 1.8089878372431392 -12.01707881463097 0.0 -175.01519998283553 -178.51856387121433 0.021702083836934314 -311.5887644966331 0.2856077878726545 22.908179127835098 -2.9510544950757094 -0.22308400056109975 -0.12215038346617114 10.801964653671224 19.85882730779789 1.5224796770769946 -1.7280332860730974 -3.314527592866335 10.328609214198993 1.8089868714711883 -3253.315956805356 -307.446276949689 10.516356865798567 -16.159295517283685 -17.159295517283685 0.28560922998308835 0.1689296545681418
0.00969065525085 12.79066714838737 5875.173837855364 -15349.23177010295 57.41662163134633 200.858670552757 0.17151345810040394 -5.731355184168423 -12.990438865708207 12.79066714838737 0.28585576350067327 1.8089880331410721 -11.704583102207533 0.0 -170.6747942063877 -194.67487387210954 0.022225770623589148 -303.94234439610943 0.28585576350067327 22.85566688296716 -2.950450485907254 -0.22318178976455422 -0.12216530818814528 10.539905961663086 19.390373044062084 1.496660619106682 -1.7272271522335185 -3.3135428586752043 10.066165717230614 1.808987016403037 -3164.8567404515143 -299.79867092132923 10.254050198162412 -15.756634910217837 -16.756634910217837 0.28585734930165085 0.1691778796810155
0.00993001443554 12.772333801996735 5857.950688691829 -14945.959622533832 57.33047867635498 200.3790693091446 0.1716660284054892 -5.594132039612589 -12.685724574554627 12.772333801996735 0.286110047342482 1.8089882390511955 -11.399614527212144 0.0 -166.44948026633966 -155.5442292320756 0.022761793474330164 -296.48024719619065 0.286110047342482 22.80202598736383 -2.949733478308474 -0.22328319232471747 -0.1221817346850015 10.284174936397593 18.933216846051113 1.4714713446861405 -1.726401524332156 -3.3125341999812297 9.810046361454074 1.8089871687790475 -3078.5617615320225 -292.33556519154587 9.99806488905511 -15.363689292230521 -16.36368929223052 0.2861117910392529 0.16943243766969895
0.0101752857921 12.753575518093475 5840.354519562887 -14552.466841876614 57.242339385537505 199.8888264785133 0.1718224856072831 -5.460210219694637 -12.388352318739614 12.753575518093475 0.2863708093454719 1.8089884555404003 -11.101981509394141 0.0 -162.39963302375313 -170.84547774189159 0.02331042851151051 -289.19803029432126 0.2863708093454719 22.747237257397362 -2.9491387639330355 -0.22338830189257744 -0.12219970046697735 10.034625964373513 18.487071541660924 1.446903548078056 -1.725555941546497 -3.311501056566984 9.560090255714254 1.808987328972479 -2994.3769630002935 -285.0520435388429 9.74825515502804 -14.980211829509985 -15.980211829509985 0.28637272653899704 0.16969350090435387
0.0104266153512 12.734383152000186 5822.378146988026 -14168.524827570754 57.15215664074866 199.38773630427497 0.17198291911909636 -5.329512144348584 -12.0981498305807 12.734383152000186 0.28663819853182726 1.8089886829180855 -10.811511632048873 0.0 -158.3071780233416 -192.84465852887675 0.023871957347854748 -282.0913581956055 0.28663819853182726 22.691281426140378 -2.9485536695852943 -0.22349721095756309 -0.12221924401895262 9.79110734296164 18.051678679693776 1.4229394269672095 -1.7246899327000937 -3.3104427975506336 9.316152601770654 1.8089874973755986 -2912.2533631994934 -277.94400622073766 9.504469144429812 -14.605980373613647 -15.605980373613647 0.2866403063417795 0.1699612210515773
0.0106841527503 12.71474739790893 5804.01511560455 -13793.915283814586 57.05989025655091 198.87559058308352 0.17214744421282593 -5.201963917506992 -11.814953067367874 12.71474739790893 0.28691240702137655 1.8089889221294522 -10.528040660346498 0.0 -154.394975372824 -134.92925098300793 0.024446667162341566 -275.1559999365877 0.28691240702137655 22.634139184076947 -2.9477734416729504 -0.2236100201295795 -0.12224040482680057 9.553468382541812 17.626792132044685 1.399558931568989 -1.7238030160679947 -3.3093588654776065 9.078095483351762 1.80898767440033 -2832.1442057491217 -271.0076220062476 9.266555975520435 -14.240783383448695 -15.240783383448695 0.28691472423668496 0.17023579312220027
0.0109480513233 12.694658786568692 5785.2584094274935 -13428.39363600248 56.965494299826304 198.3521786848305 0.17231616414333004 -5.077481524921655 -11.538575483741944 12.694658786568692 0.28719360690555007 1.808989173296696 -10.251381876836394 0.0 -150.6458402395852 -157.49243678819317 0.025034850776173175 -268.38782655163686 0.28719360690555007 22.57579133001714 -2.9472190532343348 -0.22372682910256142 -0.12226322340990346 9.321579479036533 17.212132023311074 1.3767601237446447 -1.722894699109466 -3.308248632974207 8.845762094511901 1.8089878604803418 -2753.9970819780033 -264.23792311246586 9.034385872130983 -13.884380298912353 -14.884380298912353 0.2871961541612328 0.17051739241271258
0.011218468191 12.674107686461737 5766.1007222699445 -13071.754437151532 56.86891969150054 197.81728766672714 0.17248917782933285 -4.95599547617933 -11.268862803108636 12.674107686461737 0.28748196304888807 1.8089894374746718 -9.981380840059748 0.0 -146.84271596998835 -177.46890886877537 0.02563680672695435 -261.7828086373756 0.28748196304888807 22.51621857524684 -2.946649311260785 -0.2238477385449427 -0.12228774134290026 9.0952958246259 16.807466883646654 1.3545225971346164 -1.7219644783509136 -3.307111431410857 8.61902273959676 1.8089880560706584 -2677.767991477095 -257.6313709110547 8.807813861577012 -13.5365721725417 -14.5365721725417 0.28748476298030223 0.1708061872649389
0.0114955643553 12.653084301392239 5746.535374350701 -12723.792188420097 56.77012318590896 197.27070229701278 0.17266660726358582 -4.837436086655822 -11.00566035147751 12.653084301392239 0.28777767877264304 1.8089897149739504 -9.717882672704867 0.0 -143.1932471021817 -137.31698119630613 0.026252839343128113 -255.3370139366732 0.28777767877264304 22.455401681786864 -2.945926391114938 -0.22397285675475906 -0.122314001291089 8.87447885979856 16.412564634292053 1.3328292167977467 -1.7210118390990126 -3.3059466529627035 8.39774736503973 1.8089882616503905 -2603.412931772101 -251.1843011452311 8.586701181025916 -13.197159545021417 -14.197159545021417 0.2877807562113378 0.1711023848104165
0.0117795047948 12.63157867029697 5726.555300741289 -12384.285950520365 56.66905738730672 196.71220513990102 0.172848567376818 -4.721727589950267 -10.74879992933662 12.63157867029697 0.28808094562803 1.8089900067498175 -9.46071898370859 0.0 -139.67903888581378 -145.30897290654707 0.02688325881667585 -249.0466050047978 0.28808094562803 22.39332157672321 -2.9453193774519377 -0.2241022924777276 -0.12234204703955347 8.659004751818452 16.02717291212892 1.311674760648903 -1.7200362552461583 -3.304753636834549 8.181794563212005 1.8089884777224867 -2530.884579176559 -244.89233884040408 8.370923806190422 -12.865925514772217 -13.865925514772217 0.28808432783089377 0.17140618081308379
0.0120704585633 12.609580666705956 5706.1531951629395 -12053.03823931647 56.565672086290434 196.14157663474657 0.17303517013113293 -4.608802903792887 -10.49813263084513 12.609580666705956 0.2883919502185549 1.808990313247972 -9.209740680626576 0.0 -136.18299522666922 -151.1884759967998 0.027528381275657012 -242.9078369193103 0.2883919502185549 22.329959205383105 -2.944734056817765 -0.2242361559543737 -0.1223719235248609 8.448742599602122 15.651068296194847 1.2910439751597758 -1.7190371890517624 -3.3035316841119475 7.971039136269093 1.8089887048159186 -2460.1406500339817 -238.7519323982121 8.160350649383568 -12.542678060629838 -13.542678060629838 0.2883956670832133 0.17171776645876013
0.0123685988898 12.587079998895133 5685.3220372702035 -11729.855647810771 56.459919441408154 195.5585951965952 0.17322654037223395 -4.498596304097017 -10.253512587433717 12.587079998895133 0.28871090062038995 1.808990635550525 -8.964801686813328 0.0 -132.79387791961503 -138.8329953175118 0.028188528853838372 -236.91705506488208 0.28871090062038995 22.265295635439774 -2.94409193014107 -0.22437456279114448 -0.12240367686596133 8.243565049362209 15.284031914277113 1.2709223654254167 -1.7180140909462966 -3.3022801164447824 7.765358424218355 1.8089889434868462 -2391.139741746547 -232.75958186561394 7.954854148741819 -12.22722907854156 -13.22722907854156 0.28871498493576087 0.17203735484649307
0.0126741032824 12.564066208555301 5664.054680926635 -11414.541067516118 56.35174984829583 194.9630372818075 0.17342280343866878 -4.3910404351481285 -10.0147903054235 12.564066208555301 0.28903800573111466 1.8089909740839047 -8.725752299692385 0.0 -129.48059456124466 -143.13918867077146 0.028864029761035304 -231.0706929416785 0.28903800573111466 22.199312136430628 -2.943482995949637 -0.2245176310580256 -0.12243735440169286 8.04335254086269 14.925839456224878 1.2513005540578888 -1.7169663992588489 -3.3009982288534707 7.564626721460385 1.808989194319228 -2323.8396560825654 -226.91154061123763 7.7543145351315745 -11.919385789643773 -12.919385789643773 0.2890424934653799 0.17236516039151506
0.0129871536334 12.540528671813306 5642.343935272335 -11106.911052260557 56.24111269828097 194.35467751828043 0.17362408748501634 -4.286072964933868 -9.7818274590901 12.540528671813306 0.2893734791416939 1.808991330045791 -8.492453979948406 0.0 -126.24363565082203 -128.8205067816517 0.029555218350462417 -225.36527005455915 0.2893734791416939 22.131990108295135 -2.94281883522396 -0.2246654819102004 -0.12247300472181116 7.847983417159297 14.576283362254584 1.2321643570815521 -1.715893540042147 -3.29968529783187 7.368727700536366 1.8089894579274122 -2258.2011318740056 -221.20450532609092 7.558609938017603 -11.618969816981151 -12.618969816981151 0.2893784097301155 0.17270140270626455
0.0133079363282 12.516456598274631 5620.1826936705675 -10806.776031171488 56.12795759505698 193.73328878813095 0.1738305274232727 -4.183628985023028 -9.55448000734491 12.516456598274631 0.28971754570545455 1.8089917040380352 -8.264762461639457 0.0 -123.12781012979165 -127.31530030053707 0.030262435185591453 -219.7973898301559 0.28971754570545455 22.06331124309369 -2.942223796404619 -0.22481824061412936 -0.12251067770659002 7.6573449464369485 14.235147495782218 1.2135059812039692 -1.7147949267977713 -3.2983405952027094 7.177540226023785 1.8089897349572948 -2194.1835935853433 -215.63482877538814 7.367627400731494 -11.325795413430104 -12.325795413430104 0.28972296239923956 0.17304631326848874
0.0136366423555 12.491839032411383 5597.563443464396 -10513.95775946913 56.01222940812177 193.09864237480818 0.17404224964399406 -4.083647726686759 -9.33261309581353 12.491839032411383 0.29007041607332346 1.8089920971408169 -8.042542679740206 0.0 -120.028541334554 -138.60440236010206 0.03098602710372201 -214.36373760920517 0.29007041607332346 21.993257444223772 -2.9416859917088516 -0.2249760329449917 -0.12255042456008834 7.471323341202455 13.902229505029185 1.1953140074571023 -1.7136699602980343 -3.2969633306514208 6.990950888240224 1.8089900260872906 -2131.748896064457 -210.1992261900553 7.181252925129131 -11.039688678528828 -12.039688678528828 0.29007636629063316 0.1734001099626239
0.0139734674217 12.46666485356291 5574.4791563548315 -10228.290621674407 55.893877092969035 192.4505080781601 0.17425939945449978 -3.9860731171155366 -9.116102333522674 12.46666485356291 0.29043233242416633 1.8089925102900286 -7.825670001098508 0.0 -117.0082629027843 -121.92556734134608 0.03172634727974036 -209.06107866149185 0.29043233242416633 21.921810818689348 -2.941027071622983 -0.2251389918594133 -0.12259229785002339 7.289802833375165 13.57734272280929 1.1775725149472676 -1.7125180283341106 -3.2955527529904405 6.808855047002712 1.808990332031974 -2070.8616147843804 -204.89481556008698 6.999370500950998 -10.760489205584946 -11.760489205584946 0.2904388681222845 0.17376304285105548
0.014318612067 12.440922776090387 5550.922718830893 -9949.595238661539 55.77284795745296 191.78865433749687 0.174482123507499 -3.8908435197968907 -8.904810967707904 12.440922776090387 0.290803539179165 1.8089929445038049 -7.61400742852874 0.0 -114.10252853337683 -120.48178731662234 0.03248375528515747 -203.8862562678918 0.290803539179165 21.848953962333958 -2.9404291602917 -0.22530725335759164 -0.12263635154926379 7.11268059695878 13.260281938502132 1.1602762164116147 -1.7113385054600352 -3.294108083877472 6.631137676818505 1.8089906535403557 -2011.4833664706769 -199.71807392497408 6.821877057779616 -10.488020646575906 -11.488020646575906 0.29081071732705743 0.17413536505292626
0.0146722817851 12.414601350875964 5526.886727570302 -9677.707533442683 55.64908552149101 191.11284839328366 0.17471056313842062 -3.797903024890027 -8.698614963664387 12.414601350875964 0.29118427189736773 1.8089934008113164 -7.4074306917670185 0.0 -111.22279069396261 -125.88471531750888 0.03325861714739772 -198.83618983691895 0.29118427189736773 21.774669738267857 -2.939851382807518 -0.22548095496193343 -0.12268264107447094 6.9398500700920245 12.950861021530793 1.1434136718030419 -1.7101307527867797 -3.292628492488554 6.457694440918546 1.8089909914016349 -1953.5790535024735 -194.6660060791434 6.648665798194656 -10.222123054135427 -11.222123054135427 0.29119215491988804 0.17451732160253086
0.0150346871451 12.387688966491275 5502.364146450268 -9412.469550903637 55.522536045873544 190.42285644431823 0.17494487486968716 -3.707197914679933 -8.497395180577167 12.387688966491275 0.2915747914494786 1.80899388048505 -7.2058203891276875 0.0 -108.4263530980987 -112.54149169126174 0.03405130540450645 -193.90787307784618 0.2915747914494786 21.698941379647753 -2.9392103492555464 -0.22566024072913451 -0.1227312233281873 6.771206036224413 12.64890117371592 1.126972474988711 -1.7088941177494632 -3.2911131706747865 6.28842509753929 1.8089913464443959 -1897.1148982451828 -189.73576940389196 6.479631244774934 -9.962642792305347 -10.962642792305347 0.2915834477318491 0.17490918371832254
0.0154060439176 12.36017384985166 5477.347795284168 -9153.71660848828 55.39314332217738 189.7184437958867 0.17518521428100736 -3.6186716056728776 -8.301026107837517 12.36017384985166 0.29197535713501227 1.808994384533077 -7.009050750702505 0.0 -105.72296111824257 -112.42332155061385 0.03486219915917438 -189.0983722014284 0.29197535713501227 21.62175270135824 -2.938637932980839 -0.22584525746856035 -0.12278215674489928 6.606651925565954 12.354214042711272 1.1109466871627618 -1.7076279338385552 -3.2895612722847916 6.12322405527505 1.8089917195402536 -1842.0556751769504 -184.9241665047207 6.314676568430942 -9.709418010822246 -10.709418010822246 0.2919848616193257 0.1753112220829518
0.0157865732024 12.332044068907821 5451.830366847316 -8901.296309324427 55.26084875251338 188.99937506432832 0.17543173622555958 -3.5322721197999036 -8.109392468037653 12.332044068907821 0.2923862270425993 1.8089949143889297 -6.817006240995053 0.0 -103.04569069672502 -118.01691320493862 0.035691684128096084 -184.40482418461477 0.2923862270425993 21.543087913695345 -2.938096346933804 -0.22603615487980555 -0.12283550133232217 6.446088750477106 12.06662662637561 1.0953257149926534 -1.7063315204119465 -3.287971913336041 5.961994319367742 1.8089921116057814 -1788.3687972189261 -180.2284127281209 6.153702523434507 -9.462300055808292 -10.462300055808292 0.29239666181281876 0.17572370718456232
0.0161765015605 12.303287533913252 5425.804875637801 -8655.063663525638 55.125595802524536 188.26541434928143 0.17568460907530667 -3.447950209060268 -7.9223850706158645 12.303287533913252 0.2928076817921778 1.8089954712124559 -6.629577388823686 0.0 -100.43302822724367 -107.51045242860924 0.03654015268934068 -179.82443506167363 0.2928076817921778 21.46293169171608 -2.9374731587734004 -0.2262330890746299 -0.12289131872015076 6.2894177580658965 11.785975045326403 1.080097041175755 -1.7050041824283957 -3.2863442235959233 5.804643993890372 1.8089925236045477 -1736.0232721803573 -175.64593681831732 5.9966100762737184 -9.22114812314694 -10.22114812314694 0.2928191367192241 0.176146933163287
0.016576061149 12.273891999419753 5399.264427172868 -8414.866373396251 54.987327609098806 187.51632542890877 0.17594400733033524 -3.36565350542765 -7.739887800698979 12.273891999419753 0.2932400122172254 1.8089960565763714 -6.446647788481753 0.0 -97.91595879963563 -104.43372553452906 0.037408003926009466 -175.35447826162607 0.2932400122172254 21.381269470457926 -2.936878424073086 -0.2264362209015352 -0.12294967220883941 6.136548905400899 11.512085030309391 1.0652548381530869 -1.7036452102006285 -3.2846773182794307 5.651075360093825 1.8089929565493887 -1684.986537152314 -171.17378931245975 5.843308893183672 -8.985812479517291 -9.985812479517291 0.2932525857368923 0.17658120572193936
0.0169854898594 12.243845066840509 5372.201840941997 -8180.560015513292 54.8459830378802 186.7518719739258 0.17621009912644414 -3.285332536046328 -7.561790967697684 12.243845066840509 0.2936834985440736 1.8089966716669397 -6.268107469153611 0.0 -95.43137079466757 -107.90810552547714 0.03829564366680109 -170.9922929851429 0.2936834985440736 21.29808726821828 -2.9363358418949304 -0.22664571304658254 -0.12301062681903233 5.987391932291874 11.244791952031834 1.0507910031776029 -1.7022538791603876 -3.282970251306419 5.501196102274579 1.8089934115045865 -1635.2277167763434 -166.80926514472554 5.693708433747801 -8.756151675977058 -9.756151675977058 0.2936972984361882 0.17702682131001035
0.0174050314589 12.213134188066329 5344.610278542217 -7952.01041851817 54.70150298611216 185.97181779269286 0.17648306638853575 -3.2069417208885094 -7.3879935521797035 12.213134188066329 0.29413844398089295 1.808997318380609 -6.09385510819881 0.0 -93.0077846339679 -100.13511228989823 0.039203484522706375 -166.7352826249498 0.29413844398089295 21.213371645572938 -2.9357308717081594 -0.22686173497617987 -0.12307424934002244 5.841854809748912 10.983944180275923 1.0366936378650384 -1.7008294496576184 -3.28122208848976 5.3549211740990685 1.8089938895906936 -1586.7181413636185 -162.54999525061342 5.547716365768019 -8.532035445996287 -9.532035445996287 0.29415358818972404 0.17748410078191146
0.017834935736 12.181746667173568 5316.482993937506 -7729.075664770765 54.55382774831169 185.1759270321164 0.1767630966787301 -3.1304321471401044 -7.218387136872425 12.181746667173568 0.2946051611312169 1.8089979979857926 -5.923781975741209 0.0 -90.66080850581172 -99.27238535683918 0.04013194591932038 -162.58091321592912 0.2946051611312169 21.127110135400777 -2.935176775724557 -0.22708446109790895 -0.12314060838806473 5.699854239952662 10.729378984931564 1.0229577033145152 -1.6993711666560058 -3.279431876398306 5.212159309160083 1.8089943919846352 -1539.4274753036905 -158.39321745030256 5.405249078821446 -8.313323983180041 -9.313323983180041 0.2946217787807459 0.1779533761509211
0.0182754586487 12.149669665295033 5287.813060351822 -7511.624826051621 54.40289411803989 184.36396446328618 0.17705037380465308 -3.05575909909477 -7.052872625847123 12.149669665295033 0.29508395634108847 1.8089987124132858 -5.757788669506034 0.0 -88.34532591658348 -99.66829417036914 0.041081454125584414 -158.5267119327293 0.29508395634108847 21.03929090484758 -2.934630589523607 -0.22731406860947834 -0.12320977445633272 5.561304515487438 10.480947619990323 1.0095738154487686 -1.6978782595593351 -3.2775986072285543 5.072827074900645 1.8089949199245323 -1493.327740217853 -154.3365476463802 5.266220559146349 -8.099889501536678 -9.099889501536678 0.2951021887119648 0.1784349748681211
0.0187268624773 12.116890203707673 5258.594032124189 -7299.530331168025 54.24864206739751 183.53569572608964 0.17734509961874023 -2.982879012563547 -6.891353508835646 12.116890203707673 0.29557516603123374 1.8089994634011741 -5.5957783428044126 0.0 -86.09559048503758 -94.05793377545903 0.04205244227800726 -154.57026561446818 0.29557516603123374 20.949902944280556 -2.9340464131321653 -0.22755074285906737 -0.1232818199745329 5.426121905961902 10.238505207909723 0.9965327187342641 -1.696349941938938 -3.275721297335658 4.936843191871846 1.8089954747126777 -1448.3916820757215 -150.37766109215787 5.130546739930669 -7.8916075499412095 -8.89160754994121 0.2955951676701092 0.1789292563856577
0.0191894159805 12.08339516792471 5228.819344735547 -7092.66189410861 54.09100848876328 182.69088760367973 0.1776474738551896 -2.9117469898779524 -6.73373030914388 12.08339516792471 0.2960791230919827 1.8090002527448201 -5.437651186051897 0.0 -83.90277304482518 -93.6574610372991 0.04304535039973979 -150.70921932985766 0.2960791230919827 20.858936320607732 -2.933499799293685 -0.22779467262504058 -0.12335681936829274 5.2942282060537895 10.001902422685157 0.9838289176317937 -1.6947854112907912 -3.2737989125247355 4.804123891039359 1.808996057717751 -1404.591458633878 -146.51405230353217 4.998149082961807 -7.688349851805016 -8.688349851805016 0.2961010630878096 0.17943657884037423
0.0196633945552 12.049171312952033 5198.482610093099 -6890.898482518585 53.92993011369813 181.82930833057074 0.17795770366900734 -2.842321685837937 -6.579911455445798 12.049171312952033 0.29659617278167894 1.8090010825761462 -5.283315282664119 0.0 -81.75303297398946 -91.29092916556405 0.04406062541520793 -146.94127497808 0.29659617278167894 20.766381882457473 -2.9329393490986035 -0.2280460525309009 -0.12343484911778947 5.165543487687904 9.771001792241469 0.9714533980851506 -1.6931838488295834 -3.271830401874107 4.674592036127428 1.8089966703796878 -1361.9012148764168 -142.7435256389749 4.868947314906225 -7.489998325244919 -8.489998325244919 0.2966202360297213 0.17995731493112954
0.0201490804007 12.01420526774707 5167.577638537749 -6694.118531973763 53.76534362904315 180.9507278847878 0.17827600420547604 -2.7745613171431707 -6.42980441469664 12.01420526774707 0.29712667367579343 1.8090019548371374 -5.1326777410208475 0.0 -79.66390685483293 -88.13953041495846 0.04509872115916638 -143.26418991973242 0.29712667367579343 20.67223160881719 -2.9323869752037695 -0.2283050833180983 -0.12351598782297778 5.039991869678458 9.545664397486362 0.9593994979273974 -1.691544419227614 -3.2698146985888656 4.548169674671157 1.808997314212038 -1320.2949796392209 -139.06379354554497 4.742865196002665 -7.296433648389959 -8.296433648389959 0.2971530623583938 0.18049185324474815
0.0206467626866 11.978483541182804 5136.098292495014 -6502.203787016281 53.59718404299737 180.05491832207622 0.17860259328117087 -2.7084252325387843 -6.283319173465699 11.978483541182804 0.2976709888019515 1.8090028718433537 -4.985648184663748 0.0 -77.6191116116808 -87.80884730194718 0.046160098380662117 -139.67577564382498 0.2976709888019515 20.576478559348427 -2.9318574086046283 -0.2285719707022492 -0.12360031626712958 4.917499130695643 9.325755097264567 0.9476605382094236 -1.68986627040551 -3.267750699637889 4.424780967891442 1.8089979908072749 -1279.747488914697 -135.47263849122479 4.6198281418936915 -7.107539748653394 -8.107539748653394 0.29769992395933476 0.18104058954649993
0.021156737725 11.941992527873978 5104.038673749733 -6315.041338033751 53.42538649996759 179.14165411061623 0.17893769750630797 -2.6438747744289324 -6.140370161703269 11.941992527873978 0.2982294958438466 1.8090038358182432 -4.842140665859423 0.0 -75.61848491518792 -85.34740045531439 0.047245224740865226 -136.1738964657804 0.2982294958438466 20.47911682690603 -2.931313847550058 -0.22884692698708659 -0.12368791748488853 4.797991368685561 9.111145410606957 0.936228508816857 -1.688148533297477 -3.265637286777006 4.304353800264746 1.8089987018403402 -1240.2346254153326 -131.96799783112493 4.499761872841715 -6.923206283724017 -7.923206283724017 0.2982612190394611 0.18160393714843392
0.0216793091468 11.904718514555594 5071.393132741204 -6132.518715793763 53.249886265572826 178.21071248353363 0.17928155238966403 -2.5808712465982073 -6.000871736721445 11.904718514555594 0.29880258731610676 1.809004849288054 -4.702069149405338 0.0 -73.67104916790004 -82.77078279814974 0.04835457480453428 -132.75646825796863 0.29880258731610676 20.38014179861525 -2.9307687261620856 -0.22913017123777915 -0.12377887683248874 4.681397903976034 8.901706742643466 0.9250970404773661 -1.686390321622742 -3.2634733256495854 4.186815985957397 1.8089994490724925 -1201.7323638767 -128.54776119164435 4.382595316659928 -6.743322817856631 -7.743322817856631 0.29883736252712045 0.18218232747463148
0.0222147880827 11.866647686868019 5038.1561301200045 -5954.525924384407 53.07061714246456 177.2618738053964 0.17963439716614601 -2.519376754524836 -5.864740042893926 11.866647686868019 0.2993906619435767 1.8090059146886361 -4.56534938095035 0.0 -71.76871009895511 -81.3542471822881 0.04948863002570029 -129.42145720867592 0.2993906619435767 20.279550148015527 -2.9302403404829533 -0.22942192819277818 -0.1238732820608157 4.567649968703353 8.697313177026363 0.9142601203546561 -1.6845907316557898 -3.2612576459081724 4.0720968363757315 1.8090002343558285 -1164.2172057909013 -125.20985811112133 4.268259306759776 -6.567781219942509 -7.567781219942509 0.29942877758807074 0.18277620167851327
0.0227634933483 11.82776613733868 5004.322362171673 -5780.957200294182 52.887512647814646 176.29492197217485 0.1799964787950897 -2.459354955728649 -5.731894685019353 11.82776613733868 0.2999941313251495 1.80900703487868 -4.431900553694203 0.0 -69.90971466671007 -79.58162037046645 0.050647878726703885 -126.16687861359848 0.2999941313251495 20.177339789904316 -2.929714302036132 -0.22972242938018142 -0.1239712233885669 4.4566795339029115 8.49784398375398 0.9037109445629381 -1.682748842032235 -3.258989054450736 3.960128561615306 1.8090010596390436 -1127.6665584436466 -121.9523323455098 4.156685402577762 -6.396477821531522 -7.396477821531522 0.3000359024192908 0.18338601753073758
0.023325751634 11.78805987295761 4969.886787132463 -5611.708563768228 52.70050614939841 175.30964480446863 0.18036805258540473 -2.40077003608126 -5.602256454381178 11.78805987295761 0.30061342097567456 1.8090082125438776 -4.301643033405503 0.0 -68.09418393197882 -77.89506590212852 0.051832816069472654 -122.99079569511684 0.30061342097567456 20.073510061101263 -2.929193551137189 -0.23003191343630736 -0.1240727935817035 4.348420739218567 8.30318020791321 0.8934433989465043 -1.6808637135141073 -3.25666633631196 3.8508443596982427 1.8090019269720787 -1092.0582084055409 -118.77324058962527 4.047807318242892 -6.229310484449195 -7.229310484449195 0.3006591915278146 0.18401225087359863
0.0239018976994 11.747514824125922 4934.844609145805 -5446.679062090777 52.50953056043719 174.30583447811733 0.18074938124587175 -2.34358724066745 -5.4757485070326615 11.747514824125922 0.3012489687431196 1.8090094508026258 -4.174499538289542 0.0 -66.32135530955681 -75.85905092209273 0.05304394402006968 -119.89131845127267 0.3012489687431196 19.96806170495226 -2.9286708786864892 -0.23035062604699852 -0.12417808803270416 4.2428090433436685 8.11320643763462 0.8834512370563901 -1.6789343887980612 -3.2542882499597723 3.744179407324557 1.8090028385108683 -1057.3705879546646 -115.67070677582217 3.9415600746005484 -6.0661801202495536 -7.0661801202495536 0.3012991143195537 0.18465539433464717
0.0244922745726 11.706116853504001 4899.191329003379 -5285.7692934661845 52.31451872709572 173.28328795525792 0.18114073635524533 -2.2877722467519406 -5.3522949725676385 11.706116853504001 0.30190122725874224 1.8090107527132917 -4.050393745308896 0.0 -64.59249856097232 -74.14774324342275 0.05428177130481296 -116.86660253198812 0.30190122725874224 19.86099702832665 -2.928158931837885 -0.2306788204816555 -0.12428720484539153 4.139782075781129 7.927808716431878 0.8737289752693747 -1.6769598922962397 -3.2518535311552625 3.6400696897041476 1.809003796523264 -1023.5824578435677 -112.64286043266448 3.8378808485223876 -5.9069888961701755 -6.9069888961701755 0.30195615781355367 0.18531596023591623
0.0250972337545 11.663851766185255 4862.922664472392 -5128.88289145816 52.11540242961834 172.24180745088734 0.1815423949918032 -2.23329180384411 -5.231822371493286 11.663851766185255 0.302570658319672 1.8090121216497672 -3.929251713173614 0.0 -62.90127148847155 -72.989597580316 0.05554681335950292 -113.91484814213563 0.302570658319672 19.75231985396569 -2.927657545446465 -0.23101675696666446 -0.12440024492010947 4.039278629376286 7.746876671133371 0.8642709099040734 -1.6749392299569834 -3.2493608796084823 3.538453194670175 1.809004803395482 -990.6732247141456 -109.6879022568711 3.7367079710566133 -5.7516420628401965 -6.7516420628401965 0.30263082121433593 0.18599447530507818
0.0257171354283 11.620705320031215 4826.034731454414 -4975.926686128659 51.91211415815871 171.1812009057078 0.18195464599071515 -2.180113817902335 -5.114259811621063 11.620705320031215 0.3032577433178586 1.8090135610891864 -3.8110020683032046 0.0 -61.24871955899457 -71.10101001126068 0.05683959226992994 -111.03429897057268 0.3032577433178586 19.642035527295413 -2.9271486563461195 -0.2313647043822338 -0.12451731204391037 3.941238474173793 7.570303802992311 0.855070961685099 -1.672871389069583 -3.24680897981028 3.4392700711119795 1.80900586163805 -958.6229773251379 -106.80411110671658 3.637980730855934 -5.600048207706982 -6.600048207706982 0.30332362657071155 0.1866914915030946
0.0263523486733 11.576663236624254 4788.5239640326845 -4826.808396488111 51.704586108523976 170.1012824762358 0.18237778660633244 -2.128206351337671 -4.99953676090791 11.576663236624254 0.30396297767722075 1.80901507470026 -3.695573783230689 0.0 -59.637899468608076 -69.17207164022577 0.05816063670161026 -108.22324114914983 0.30396297767722075 19.53015117451963 -2.9266446378809263 -0.23172293966239874 -0.12463851298433964 3.845603759096638 7.397984148802791 0.8461241244436377 -1.670755338074143 -3.2441964876399507 3.3424607616477284 1.8090069738916443 -927.4119889367214 -103.98974765082568 3.5416407814194173 -5.452116382874929 -6.452116382874929 0.3040351135887157 0.18740758111299827
0.0270032516856 11.53171121324338 4750.387108524991 -4681.438087483831 51.492749951595535 169.00187305167185 0.1828121217775462 -2.0775382557679527 -4.887584452488112 11.53171121324338 0.3046868696292437 1.8090166663886185 -3.5828975828588687 0.0 -58.06444193259759 -68.02886033589996 0.0595104818243978 -105.48000222959813 0.3046868696292437 19.416675636892023 -2.9261560982289723 -0.23209174782596445 -0.12476395758527195 3.752318020976592 7.229814388855753 0.8374254961762848 -1.6685900263955957 -3.241522026317953 3.2479671836184973 1.8090081429352485 -897.0210296726844 -101.24311794507827 3.447631151347348 -5.307757916969493 -6.307757916969493 0.30476583865143836 0.18814333593866173
0.0276702320022 11.4858349355275 4711.621270956031 -4539.729066501845 51.276537172812645 167.88280078873174 0.18325796539478897 -2.028079579254263 -4.778336791520272 11.4858349355275 0.3054299423246483 1.8090183401836348 -3.4729068491956236 0.0 -56.52433855326278 -66.71119211652235 0.06088966922313412 -102.80295019425212 0.3054299423246483 19.301619390848515 -2.925671137211779 -0.23247142249700947 -0.12489375886661785 3.661325527387472 7.065695206505527 0.8289696458963984 -1.6663743842854732 -3.2387841894024207 3.1557334895163924 1.8090093716924052 -867.4315590651172 -98.56261368238675 3.3558955850628234 -5.16688758461158 -6.16688758461158 0.30551637718159985 0.18889936985173095
0.0283536867326 11.439020090670397 4672.224031655507 -4401.596750100704 51.05588015416893 166.74390166013777 0.1837156442656639 -1.9798010780053141 -4.671729275960941 11.439020090670397 0.30619274044277317 1.8090201004760347 -3.365536535518168 0.0 -55.02166165816883 -64.79688232714184 0.06229874680231615 -100.19049248237266 0.30619274044277317 19.184994680344523 -2.925178414233173 -0.23286226708370703 -0.12502803312845942 3.5725719351124545 6.905529667127153 0.8207513085230298 -1.664107322663443 -3.235981553122664 3.065705156292529 1.8090106632401333 -838.6254831899453 -95.94666397745806 3.2663791946696814 -5.029422214788136 -6.029422214788136 0.3062873306382592 0.18967632607171492
0.0290540227949 11.391252381109219 4632.193353393575 -4266.957099910916 50.830711008726645 165.5850200153625 0.1841854941183726 -1.9326735139665898 -4.567697429730752 11.391252381109219 0.30697582353062103 1.809021951696991 -3.260721606200131 0.0 -53.55582883458033 -63.51021025031321 0.06373826867735001 -97.6410750452615 0.30697582353062103 19.06681578473873 -2.92470042253467 -0.2332645940557806 -0.1251669000603048 3.486005261056859 6.74922087008592 0.8127663955042488 -1.6617877329561779 -3.2331126606295344 2.977827673390786 1.8090120208155924 -810.5848165870065 -93.39366922014419 3.1790294375262382 -4.89527867020702 -5.89527867020702 0.30707932035824304 0.19047487137620478
0.029771657158 11.342517539911935 4591.527580558304 -4135.72949571466 50.600961389963445 164.40600918225078 0.18466785892745557 -1.886668946721726 -4.466179672607473 11.342517539911935 0.30777976487909264 1.8090238986926985 -3.1583999077283806 0.0 -52.12115519376986 -62.28466649090328 0.06520879505720792 -95.15318142308071 0.30777976487909264 18.947098658720666 -2.924229782226675 -0.23367872502322165 -0.12531048285083501 3.4015739305926043 6.596676253951512 0.8050100523983131 -1.6594144869917113 -3.2301760181037986 2.892048954162189 1.8090134478258661 -783.2922989371214 -90.90212781468823 3.0937941657135117 -4.76437754820026 -5.76437754820026 0.30789298661042386 0.19129569528499712
0.0305070170898 11.292801346184085 4550.2256010081755 -4007.8353566266137 50.3665640893666 163.20673206793478 0.1851630968133104 -1.8417601280189624 -4.367115983469265 11.292801346184085 0.30860516135551735 1.8090259464766978 -3.058510822113748 0.0 -50.72078214710952 -60.71078640648552 0.06671089211469183 -92.72533184396823 0.30860516135551735 18.825861101290712 -2.9237579051577853 -0.23410499240977115 -0.12545890830506806 3.3192276133220706 6.447805588085391 0.7974775302420569 -1.6569864368676963 -3.2271701136307938 2.808318206827535 1.8090149478563298 -756.731099974775 -88.4705763707165 3.010622451966553 -4.636641457043487 -5.636641457043487 0.30872899893045846 0.19213952076236107
0.0312605404119 11.242089641446345 4508.2867499428985 -3883.197090461707 50.1274518083921 161.98706178153157 0.1856715757019164 -1.797920022633763 -4.270446829114905 11.242089641446345 0.3094526261698607 1.809028100336177 -2.9609942029450447 0.0 -49.35272589786496 -59.55110188630544 0.06824513184613931 -90.35608234385845 0.3094526261698607 18.70312296851793 -2.9232973391832218 -0.23454373867637307 -0.12561230696547343 3.238917870253201 6.302519368282405 0.7901648672344668 -1.6545024148391998 -3.224093400259773 2.7265850392195508 1.8090165246805971 -730.8845916265692 -86.09754552048112 2.9294652440833397 -4.511993634481113 -5.511993634481113 0.3095880494650247 0.19300709798485483
0.0320326757601 11.190368347202403 4465.710876614884 -3761.7400975517676 49.88355771147426 160.7468822830078 0.18619367541324466 -1.7551227327673402 -4.176115221576675 11.190368347202403 0.3103227923554078 1.8090303658718523 -2.865792429221267 0.0 -48.01501973872654 -58.179637979761736 0.06981209191870887 -88.04402390935645 0.3103227923554078 18.57890580855646 -2.9228363847365415 -0.23499531709761082 -0.12577081323648537 3.1605967465987743 6.160731901579875 0.7830674937271718 -1.6519612332367293 -3.2209443015173767 2.646801184744494 1.80901818227065 -705.7367786809858 -83.78164933768807 2.8502739542433666 -4.390360600826332 -5.390360600826332 0.31047085671052044 0.19389920826742535
0.0328238828513 11.137623482982983 4422.498401859296 -3643.390808514169 49.6348158900634 159.486089040124 0.18672978950486657 -1.7133426011206312 -4.084064727682687 11.137623482982983 0.3112163158414443 1.8090327489999032 -2.7728484118412426 0.0 -46.70970299258563 -56.825806801984335 0.07141235550442168 -85.7877816413966 0.3112163158414443 18.453233218136173 -2.9223815018094115 -0.23546009249391117 -0.1259345655155586 3.0842180371922514 6.022358319576883 0.7761815361229565 -1.6493616843794252 -3.217721215883147 2.5689188284889615 1.8090199248066925 -681.2718769326116 -81.5214993244788 2.7730017213508074 -4.271669592206346 -5.271669592206346 0.31137816933366014 0.19481666843161283
0.0336346327578 11.083841185540887 4378.650245628903 -3528.077548807239 49.381160369835825 158.20458970878232 0.1872803216573428 -1.6725546120224475 -3.9942403550977987 11.083841185540887 0.31213386942890464 1.8090352558563423 -2.682106485668894 0.0 -45.43321090333842 -55.74198683773263 0.07304651110350102 -83.5860139369441 0.31213386942890464 18.326130675373367 -2.9219372943564537 -0.23593844066309946 -0.12610370632832013 3.0097366466966395 5.887315909503729 0.7695031965690027 -1.6467025405162943 -3.214422502425773 2.492891355269514 1.8090217566895073 -657.4744971664157 -79.31574469644025 2.697602777267735 -4.155849703075446 -5.155849703075446 0.3123107606108346 0.1957603255827478
0.0344654081869 11.029007729221702 4334.16795867856 -3415.731079951498 49.12252640431022 156.9023048362209 0.18784569058047976 -1.6327346578099675 -3.906589151548787 11.029007729221702 0.31307615096746627 1.8090378931014903 -2.593513000581321 0.0 -44.18551742075068 -54.46779916807001 0.07471515235176097 -81.43741169470353 0.31307615096746627 18.197625338549702 -2.9214931043448757 -0.23643074986971324 -0.1262783824681507 2.9371081526343894 5.755525010334024 0.7630283355977039 -1.6439825537969361 -3.211046495794102 2.418673847857512 1.8090236825518236 -634.3297622779877 -77.16309724004034 2.624032001666923 -4.042832659087572 -5.042832659087572 0.3132694370740363 0.19673106609712177
0.0353167037691 10.973109546536566 4289.053706223512 -3306.2831104794536 48.85885011478968 155.5791685628191 0.18842632881682683 -1.5938588409786638 -3.8210586522738117 10.973109546536566 0.31404388136137806 1.809040667509514 -2.5070147709124337 0.0 -42.96685797339343 -53.27688276776437 0.07641887781627923 -79.3406975355144 0.31404388136137806 18.06774638074179 -2.921055589403096 -0.23693742088731262 -0.1264587451443411 2.866289781086855 5.626906684623592 0.756753481969712 -1.6412004562235643 -3.2075914999945514 2.3462217840863473 1.8090257072701046 -611.8229861202382 -75.06226586368575 2.552245899725477 -3.932550814945375 -4.932550814945375 0.31425503741218297 0.19772981517734833
0.0361890263522 10.91613325057633 4243.310270442208 -3199.6673960005714 48.59006834094983 154.23512936036957 0.1890226822178376 -1.5559039999204227 -3.7375980475532917 10.91613325057633 0.315037803696396 1.8090435864673793 -2.422560243856896 0.0 -41.7754972408079 -52.13581921125432 0.0781582907759657 -77.29462504499347 0.315037803696396 17.936524651185604 -2.9206230189400912 -0.2374588672101263 -0.12664495013261826 2.797239589193806 5.501384470097806 0.7506750305490691 -1.6383549596655784 -3.204055784586927 2.2754920181245 1.80902783597904 -589.9399090200018 -73.01200747557903 2.48220178549741 -3.82493865999626 -4.82493865999626 0.31526843207294686 0.19875753679837582
0.0370828953031 10.858065657805295 4196.941117797652 -3095.819196492072 48.3161192252677 152.87015077077623 0.18963521230413533 -1.5188474569182662 -3.656157626194866 10.858065657805295 0.3160586871735589 1.8090466575751312 -2.340098939021307 0.0 -40.61134716414883 -51.00450868767181 0.07993399898701997 -75.29797803341181 0.3160586871735589 17.80399274619673 -2.9201965519940813 -0.23799551597676297 -0.1268371579343024 2.7299167909020245 5.378883543567778 0.7447895939158473 -1.6354447558645495 -3.2004375905843916 2.2064423105377333 1.8090300740843124 -568.6665810806177 -71.01110324144474 2.4138581037284657 -3.719932100631696 -4.719932100631696 0.31631052801712856 0.1998152390590251
0.0379988428171 10.798893812290588 4149.950381425552 -2994.675410898912 48.036941839466174 151.48421216888724 0.19026439488913224 -1.4826670885479132 -3.5766889299422253 10.798893812290588 0.3171073248152204 1.809049888960139 -2.259581605127005 0.0 -39.47312120442525 -49.92450448392413 0.08174661443411403 -73.34956981350632 0.3171073248152204 17.67018488260715 -2.919776293663489 -0.2385478080087778 -0.12703553394011746 2.664281609180982 5.259330953308265 0.739093875685941 -1.632468516482419 -3.19673512360715 2.1390314594300746 1.8090324272781964 -547.9893899104642 -69.05836624637371 2.3471742843657615 -3.61746865937105 -4.61746865937105 0.3173822671569918 0.2009039731516995
0.0389374142347 10.73860501072208 4102.342937624151 -2896.17457824391 47.75247689127193 150.07730953276868 0.19091072294393335 -1.4473413339067478 -3.4991447760060077 10.73860501072208 0.31818453823988896 1.8090532891665485 -2.1809602377661186 0.0 -38.36062866405503 -48.830281580268775 0.08359675306498673 -71.44824249618327 0.31818453823988896 17.53513677503619 -2.9193602633726954 -0.23911619888606 -0.12724024860171804 2.6002952225021656 5.1426556512623804 0.7335846378382955 -1.6294248931612507 -3.192946561323142 2.0732193163775254 1.8090349015544847 -527.8950609144476 -67.15264230153316 2.2821106842622765 -3.517487503993295 -4.517487503993295 0.31848463192472987 0.20202483950585504
0.0398991683663 10.677186828514445 4054.1243879244344 -2800.2565436032346 47.46266635239534 148.6494562268175 0.19157470523523207 -1.412849034911932 -3.4234789001527854 10.677186828514445 0.3192911753920535 1.8090568671596565 -2.104187724760732 0.0 -37.272945248395295 -47.81963068104357 0.08548503450894572 -69.59286630319211 0.3192911753920535 17.398885652685813 -2.918951279539158 -0.2397011590238359 -0.1274514776100996 2.5379199568095983 5.028787958431828 0.7282589160647994 -1.626312517609598 -3.1890700465145194 2.0089664880454627 1.8090375032252708 -508.37058428751055 -65.2927959736836 2.2186287814175447 -3.4199289872396896 -4.41992898723969 0.31961864397693773 0.20317898719904393
0.0408846778249 10.614627147150086 4005.3011148232536 -2706.862917550591 47.16745394447783 147.20068379976098 0.19225686833899205 -1.3791696721494713 -3.349646483797332 10.614627147150086 0.3204281138983201 1.8090606324924718 -2.029218369899012 0.0 -36.209242826408556 -46.77565905925451 0.08741208177890876 -67.78233889657376 0.3204281138983201 17.261469907676062 -2.9185453479463916 -0.2403031745770939 -0.12766940208059818 2.4771188998360825 4.917660354396558 0.7231136506499067 -1.6231300017243193 -3.1851036914815114 1.9462347768429547 1.8090402389379536 -489.4033135270863 -63.477732822622194 2.156690785937762 -3.3247353265887547 -4.324735326588755 0.32078536828126425 0.20436761856886654
0.0418945293672 10.550914182280628 3955.8803016250554 -2615.9364611784426 46.866785217916096 145.73104278462915 0.19295775708972712 -1.3462830625478563 -3.277603482831869 10.550914182280628 0.32159626181621187 1.8090645951407882 -1.9560072210156574 0.0 -35.16974493680993 -45.74474183572589 0.08937852095566279 -66.01558472411921 0.32159626181621187 17.122929213272485 -2.918145144638075 -0.24092274799063962 -0.12789420874694635 2.417856305166744 4.809206470309065 0.7181461147255821 -1.6198759377242533 -3.1810455770404125 1.8849866166700868 1.809043115693888 -470.9808325510044 -61.706371859812506 2.096260043350532 -3.2318497387481857 -4.231849738748186 0.32198591507266117 0.20559199204303047
0.0429293242426 10.486036513327544 3905.8699315904605 -2527.4213341726536 46.56060739326194 144.2406035160902 0.19367793400729807 -1.3141694879403618 -3.2073069124708753 10.486036513327544 0.3227965566788301 1.8090687657161297 -1.8845103557920453 0.0 -34.15299877185702 -44.81916424517364 0.09138498085406438 -64.29155438169066 0.3227965566788301 16.983304246204014 -2.917753453799932 -0.24156039832027149 -0.12812609016164583 2.3600973648285746 4.703361516480037 0.7133537043336015 -1.6165488983343612 -3.1768937481195736 1.825185312786278 1.8090461408672305 -453.091008011688 -59.97765827091989 2.037300808149744 -3.1412168069661828 -4.141216806966183 0.3232214398402833 0.2068534228028085
0.0439896785514 10.419983113989106 3855.278842070195 -2441.2633792966662 46.24886985833998 142.72945694945344 0.1944179814289734 -1.282809851312554 -3.138715197626377 10.419983113989106 0.324029969048289 1.8090731553479886 -1.814685228578088 0.0 -33.15824305926252 -43.86566616414566 0.09343209267146858 -62.60922399002698 0.324029969048289 16.842636281453267 -2.9173654553055286 -0.24221666222601795 -0.1283652449055636 2.303807943441484 4.600062806756803 0.7087336887864102 -1.6131474369915255 -3.1726462182571167 1.7667953338987055 1.8090493222259223 -435.72205020038683 -58.29057796343257 1.9797779743931951 -3.0527829329210894 -4.052782932921089 0.3244931477564802 0.20815328783649267
0.0450762236116 10.352743383793202 3804.1167621529453 -2357.4095454829667 45.93152449447573 141.19771548264282 0.19517850300201986 -1.2521853863347874 -3.0717875296358534 10.352743383793202 0.32529750500336646 1.809077775867538 -1.746490024632487 0.0 -32.185619147906955 -42.90724423493528 0.09552048961634499 -60.967594587177835 0.32529750500336646 16.700967288491817 -2.916981545326351 -0.2428920948342301 -0.12861187780664976 2.248954968287951 4.499248792785992 0.7042836231418252 -1.6096700880803279 -3.1683009717952064 1.7097817702548168 1.8090526679529326 -418.86238860876233 -56.64413120310222 1.9236574632845849 -2.9664955072184034 -3.9664955072184034 0.3258022976024082 0.20949303089988436
0.0461896063348 10.284307180731533 3752.394297211535 -2275.807979103014 45.60852537353024 139.6455137798929 0.19596012254998635 -1.2222777074081883 -3.006483975795954 10.284307180731533 0.32660020424997727 1.8090826396346595 -1.6798837715459767 0.0 -31.234288257817845 -42.009038975542424 0.09765080651711776 -59.36569153566269 0.32660020424997727 16.558339661377275 -2.916604482187445 -0.2435872699922815 -0.12886620016806166 2.1955063197552205 4.400859228943938 0.7000012558857421 -1.6061153672021318 -3.1638559573507243 1.6541104268347586 1.8090561866690462 -402.50069037201087 -55.03733810099538 1.8689061155052433 -2.88230305061161 -3.88230305061161 0.3271502010637488 0.21087416265715753
0.0473304896112 10.214664855381862 3700.122973340349 -2196.408245433939 45.27982918743045 138.0730096041555 0.19676348596939436 -1.1930689341806573 -2.9427657588746374 10.214664855381862 0.32793914328232393 1.8090877598773314 -1.6148266155923134 0.0 -30.303405482770984 -41.13670895557761 0.09982367941129738 -57.80256394431108 0.32793914328232393 16.41479577089795 -2.9162331966217607 -0.24430278127230154 -0.12912843000431548 2.1434306147233895 4.304835590551181 0.6958843276313367 -1.6024817715004678 -3.159309091233664 1.599748056160582 1.809059887457076 -386.62590753144065 -53.46925020139422 1.8154914714410653 -2.800155574502699 -3.800155574502699 0.3285382269609569 0.21229826566655863
0.0484995527046 10.14380728565125 3647.3152620223004 -2119.1611411037884 44.94539545568415 136.4803846362071 0.1975892622835438 -1.1645416006588498 -2.8805950566989904 10.14380728565125 0.32931543713923966 1.8090931503468934 -1.5512796195597507 0.0 -29.392557929663578 -40.259138194974774 0.10203974511324405 -56.27728410349001 0.32931543713923966 16.27037777429786 -2.9158664584617497 -0.24503924280198888 -0.12939879228977988 2.092697306510801 4.211120772668739 0.6919306891792294 -1.5987677799998148 -3.1546582579011098 1.5466621888493717 1.8090637798874938 -371.2272361503946 -51.93894260267253 1.7633818693715613 -2.720004322525269 -3.720004322525269 0.32996780442006013 0.21376699855549064
0.0496974916564 10.071725913041922 3593.9846045651357 -2044.018578045359 44.60518675604401 134.86784529853296 0.19843814477638722 -1.136678598327614 -2.81993487743379 10.071725913041922 0.3307302412939787 1.8090988258068268 -1.4892046361398112 0.0 -28.50147764272682 -39.40359604571239 0.10429964075984959 -54.78894693508835 0.3307302412939787 16.125127390754653 -2.915504937377719 -0.24579729013816135 -0.12967751921599474 2.0432767358198225 4.119658902386026 0.6881383696420553 -1.5949718540068363 -3.149901310591093 1.4948210276629663 1.8090678740450428 -356.29409081157434 -50.44550924653019 1.7125464945258435 -2.6418016097381067 -3.6418016097381067 0.33144042624508796 0.215282100441468
0.0509250197004 9.998412779614025 3540.1454141564227 -1970.9335863491394 44.25916868918372 133.2356235628426 0.19931085101932544 -1.1094631827685628 -2.7607490743291403 9.998412779614025 0.33218475169887574 1.8091048015865976 -1.4285643226302644 0.0 -27.629289289242383 -38.59792825921005 0.1066040033343251 -53.33666945479039 0.33218475169887574 15.97908556611129 -2.9151504153663197 -0.2465775809060601 -0.12996485046196893 1.9951400889676352 4.030395360927418 0.684505550610465 -1.5910924375335238 -3.145036068242872 1.4441934598679922 1.8090721805573238 -341.81610438743274 -48.98806411821784 1.6629553372687593 -2.565500841643977 -3.565500841643977 0.3329576504174194 0.2168453934527328
0.052182867687 9.9238605666003 3485.8131123464555 -1899.8605279752762 43.907310296388346 131.5839777600273 0.2002081248487707 -1.0828791014207455 -2.7030026325627987 9.9238605666003 0.3336802080812845 1.8091110941453383 -1.3693224244815143 0.0 -26.775386576877906 -37.78581442430239 0.1089534691668729 -51.919590248457766 0.3336802080812845 15.8322918429124 -2.91479963692057 -0.24738079593220094 -0.1302610334736266 1.9482591800732072 3.943277212817103 0.6810303618311634 -1.587127957795291 -3.1400603186626133 1.3947492961179553 1.809076710625232 -327.7831736423087 -47.565752890896306 1.6145789719919226 -2.491056884145077 -3.491056884145077 0.33452110455759587 0.21845878799152585
0.0534717845188 9.84806263333407 3431.0041559563606 -1830.7546940594434 43.54958438211336 129.91319335999682 0.2011307380733085 -1.0569103760999383 -2.6466611884788387 9.84806263333407 0.3352178967888475 1.80911772062979 -1.3114432916899912 0.0 -25.93972407650958 -36.982852253131355 0.11134867341102725 -50.53686896013052 0.3352178967888475 15.684784370384612 -2.9144535424263296 -0.24820764035006154 -0.130566323759034 1.902606740442964 3.8582524837886423 0.6777111887529581 -1.5830768257164731 -3.134971820543556 1.3464588648306899 1.8090814760540144 -314.18537228301386 -46.1777338616483 1.5673888436541166 -2.4184254436144017 -3.4184254436144017 0.3361324908119644 0.22012428905662085
0.0547925375964 9.771013057878196 3375.736021011518 -1763.572411424455 43.18596732447219 128.22358374955195 0.20207948979696233 -1.0315413669546285 -2.591691170709489 9.771013057878196 0.3367991496616039 1.8091246993546628 -1.2548920210478853 0.0 -25.121501096882465 -36.22426209811605 0.113790249496248 -49.187685793128104 0.3367991496616039 15.536599400361798 -2.914113965157803 -0.2490588441608448 -0.13088098519352598 1.8581562948228896 3.7752703728436994 0.6745465627466118 -1.5789374365200328 -3.129768297852369 1.299293131437509 1.8090864892880685 -301.0129728480587 -44.823184346286304 1.5213571451612855 -2.347563248863808 -3.347563248863808 0.33779358623831146 0.22184399766683027
0.0561459132751 9.692706678357126 3320.0272425308012 -1698.271189087111 42.816439608359865 126.51549098319455 0.20305520910280683 -1.0067568658327566 -2.5380600116325063 9.692706678357126 0.3384253485046781 1.8091320495230505 -1.1996346631278283 0.0 -24.32013254237194 -35.47202093623583 0.11627882855384304 -47.87124102331652 0.3384253485046781 15.387770611047063 -2.9137790930186966 -0.2499351636387941 -0.13120529033987188 1.8148819968922822 3.6942815679471996 0.6715350092281697 -1.5747081703525057 -3.124447444762453 1.2532238732045167 1.8090917634456167 -288.25647806877566 -43.50130904231593 1.4764566483876043 -2.2784283239043486 -3.2784283239043486 0.3395062486097705 0.22362011755769995
0.057532717333 9.61313913537283 3263.8974237654465 -1634.8094724363918 42.440986012086896 124.78928651241216 0.20405875619531996 -0.9825419622103049 -2.4857358511270777 9.61313913537283 0.34009792699219993 1.809139791548658 -1.1456379241348777 0.0 -23.535355930700874 -34.730459350644345 0.11881503881714611 -46.58675452399606 0.34009792699219993 15.238328942366405 -2.913448955536957 -0.2508373824023053 -0.13153952078221873 1.7727587984060236 3.6152378010265496 0.668675232632681 -1.5703873929685006 -3.1190069255047588 1.208223429194443 1.8090973123569942 -275.90656751999495 -42.211328637677845 1.4326608714138238 -2.210979605950002 -3.210979605950002 0.34127242041347094 0.22545496062042658
0.0589537754511 9.532306915182216 3207.3672426357057 -1573.1466683193873 42.059595783861695 123.04537188339319 0.20509102355305012 -0.9588820637298431 -2.4346875839226882 9.532306915182216 0.34181837258841685 1.8091479469106724 -1.0928692113342713 0.0 -22.766600503590787 -34.019137077433314 0.12139950499472467 -45.3334653018747 0.34181837258841685 15.088302082356638 -2.913124090895238 -0.251766312527984 -0.13188396747589776 1.7317623923729222 3.53809191835456 0.6659660727356903 -1.5659734564618875 -3.113444374093922 1.1642647388357932 1.8091031506040187 -263.95410252148764 -40.95248202916143 1.3899440197845052 -2.1451770065080535 -3.1451770065080535 0.3430941324848452 0.2273509516813228
0.0604099337047 9.450207394015381 3150.4584596098725 -1513.243191448776 41.67226287208332 121.28417940835212 0.20615293734990753 -0.9357629322496994 -2.38488494181401 9.450207394015381 0.3435882289165126 1.809156538407152 -1.0412967128974973 0.0 -22.013321095803818 -33.31487214010821 0.12403284761517928 -44.110631044769924 0.3435882289165126 14.937713859245132 -2.912803594029029 -0.2527227957680521 -0.13223893111182583 1.6918691343437235 3.462798003082178 0.6634064384481899 -1.5614647000691582 -3.1077573947703705 1.1213214094988968 1.8091092935630508 -252.39013570650607 -39.72402979424089 1.3482809054272111 -2.080981517438749 -3.080981517438749 0.3449735079855901 0.2293106335319035
0.0619020590672 9.36683888298422 3093.193932252548 -1455.0603528666938 41.27898627919126 119.5061727954054 0.2072454595747827 -0.9131706246825577 -2.336298365331288 9.36683888298422 0.3454090992913045 1.8091655900747785 -0.9908892660399835 0.0 -21.27530825637607 -32.62119277196247 0.12671568234242933 -42.91752767995059 0.3454090992913045 14.786583883615679 -2.91248727726704 -0.25370770498101475 -0.13260472249872143 1.6530561044445384 3.3893111815664967 0.6609953832753926 -1.5568594510204214 -3.101943564387495 1.0793676064852074 1.8091157574487335 -241.20588683265984 -38.5252493547859 1.3076470051532338 -2.0183550455222456 -3.0183550455222456 0.3469127679775613 0.2313366738527698
0.0634310399262 9.282200673933929 3035.597602916452 -1398.560288430694 40.87977010141557 117.71184774148091 0.20836958864646637 -0.891091454639861 -2.2888989194166784 9.282200673933929 0.34728264774411066 1.809175127380845 -0.9416162716725678 0.0 -20.551936258104806 -31.960618461564067 0.1294486192611362 -41.75344894320716 0.34728264774411066 14.634927174738559 -2.9121769115517466 -0.25472194524531233 -0.13298166296198394 1.615301138938633 3.317587496543647 0.6587321498456749 -1.5521560254629903 -3.0960004299889574 1.0383779815531768 1.8091225593617288 -230.3927268635783 -37.35543218980335 1.2680184911945223 -1.9572603037339746 -2.9572603037339746 0.3489142345441566 0.23343186970370233
0.0649977866124 9.196293086014217 2977.6945073262395 -1343.7061624220885 40.47462388125589 115.90173248021291 0.20952636163311822 -0.8695121291552891 -2.242658600542299 9.196293086014217 0.3492106027218637 1.8091851772212992 -0.8934479978204353 0.0 -19.842671931072438 -31.302561592591772 0.13223226213105954 -40.617705958195415 0.3492106027218637 14.48275314728276 -2.9118700430827076 -0.2557664554064994 -0.1333700847608845 1.5785826064339485 3.2475843665728266 0.6566159559139868 -1.5473527294517677 -3.0899255111621646 0.9983279285793061 1.8091297173389582 -219.9422215927616 -36.213895731012784 1.229372003712085 -1.8976612073534862 -2.897661207353486 0.3509803355055142 0.2355991527916288
0.0666032319417 9.109117512725954 2919.5107863433523 -1290.461870431182 40.06356305670343 114.07638827647916 0.21071685710098584 -0.8484195699443807 -2.1975499437297144 9.109117512725954 0.3511947618349764 1.8091957681443405 -0.8463551818947379 0.0 -19.14737757657435 -30.65882752299269 0.13506720760867802 -39.50962682573542 0.3511947618349764 14.330065672242776 -2.911567204284161 -0.2568422098281133 -0.13377033152591628 1.5428796477963935 3.1792599949829126 0.6546462482854476 -1.5424478599995246 -3.083716304006631 0.9591932504791842 1.809137250406449 -209.84606781146243 -35.09996839952302 1.191684885961417 -1.8395223672656327 -2.8395223672656327 0.3531136120187127 0.2378415989420053
0.0682483317707 9.020676469497241 2861.073650357794 -1238.7921204332308 39.64660880888438 112.2364098656135 0.21194219495668937 -0.8278009706808833 -2.1535461495970583 9.020676469497241 0.3532369915944823 1.809206930167003 -0.8003091580025758 0.0 -18.465379050990578 -30.037498124512588 0.13795404443512033 -38.42855622290547 0.3532369915944823 14.176862380644527 -2.91126912803977 -0.25795021947499547 -0.1341827587166647 1.5081720692933782 3.1125735605307603 0.6528226065224872 -1.537439706197115 -3.0773702757802694 0.9209502660917963 1.8091451786352104 -200.0961101208323 -34.01299504290667 1.1549350776988958 -1.7828092537922213 -2.7828092537922213 0.3553167198831848 0.2401624303034795
0.0699340655654 8.930973642076308 2802.4113973647964 -1188.662501571395 39.223788691985135 110.38242584002016 0.21320354037924882 -0.8076438521749953 -2.1106212128025805 8.930973642076308 0.3553392339654147 1.8092186953506424 -0.7552819788371659 0.0 -17.796411049007972 -29.4193961735518 0.14089335258979938 -37.37385501198934 0.3553392339654147 14.023133871753055 -2.9109740844307552 -0.25909153403224144 -0.13460773409925622 1.474440241253014 3.047485407882066 0.6511446513278909 -1.5323265504279118 -3.0708848717345383 0.8835759139653174 1.8091535232012779 -190.68435605584298 -32.952341630287016 1.119101007287599 -1.7274883624337654 -2.7274883624337654 0.35759243736302493 0.24256502381693368
0.0716614369849 8.840013934612163 2743.553383789951 -1140.039239112306 38.79513666249728 108.51509895656204 0.21450210481454984 -0.7879359071279959 -2.068749578528213 8.840013934612163 0.35750350802424974 1.8092310972815737 -0.7112460705039632 0.0 -17.14004996186572 -28.82696733475185 0.1438857024069012 -36.34489985805143 0.35750350802424974 13.868863870393337 -2.910683994438685 -0.260267243385867 -0.1350456382499494 1.4416653048503378 2.983956531784236 0.6496122641691668 -1.5271066696208995 -3.0642575127456504 0.8470474627646452 1.809162306447957 -181.60292315157923 -31.917382788724915 1.0841617968260882 -1.6735267709083859 -2.673526770908386 0.3599436699133892 0.24505291786722938
0.0734314744784 8.747803518792743 2684.5300097792433 -1092.8894493328514 38.36069336406267 106.6351263900793 0.2158391483065637 -0.7686651807409455 -2.027906547285899 8.747803518792743 0.35973191384427283 1.8092441718668495 -0.6681746334416263 0.0 -16.495728747872445 -28.242028606016174 0.14693165365575123 -35.341082856217 0.35973191384427283 13.71402791785618 -2.9103966302063284 -0.2614784794804126 -0.13549686507825182 1.4098288874404425 2.921949182980758 0.6482253100216288 -1.5217783366291073 -3.0574855968276813 0.8113428488738872 1.8091715519535017 -172.84409379600334 -30.907517024371117 1.0500969735961698 -1.6208926612392869 -2.620892661239287 0.3623734540747289 0.24762981582236954
0.075245231898 8.654349882222666 2625.372716835174 -1047.1808799821217 37.92050664131719 104.74323989252038 0.21721598338039344 -0.7498199032152288 -1.9880679084492396 8.654349882222666 0.3620266389673224 1.809257956851096 -0.6260412694819173 0.0 -15.863350677361444 -27.66380295795987 0.150031754580286 -34.36181116704642 0.3620266389673224 13.558593649155808 -2.910112161813011 -0.26272641862575546 -0.13596182237994284 1.378913329962939 2.861426316351418 0.6469838767158131 -1.5163398216391757 -3.050566504769713 0.7764403645073156 1.8091812846008288 -164.40025989236474 -29.922153104101433 1.0168866909956165 -1.569554847272816 -2.569554847272816 0.36488496706707685 0.2502995975027682
0.0771037891259 8.559661877420753 2566.1139312599653 -1002.8819336719274 37.474631345231266 102.84020588327542 0.2186339750198951 -0.731388510742244 -1.9492099868640904 8.559661877420753 0.36438995836649185 1.8092724923815973 -0.5848200284975986 0.0 -15.24234899801184 -27.110406280533123 0.15318654089941267 -33.40650666084336 0.36438995836649185 13.402520335257885 -2.909831953049938 -0.26401228293183976 -0.13644093241325814 1.3489016367320226 2.8023516608406385 0.6458882341272125 -1.510789393701037 -3.043497594096876 0.7423186968856438 1.80919153065285 -156.26392756543208 -28.96071238648724 0.9845116783655308 -1.5194828347853861 -2.519482834785386 0.367481528242376 0.25306632126171813
0.0790082527173 8.463749770466952 2506.7870602027688 -959.961799957556 37.02312994150593 100.92682544798802 0.22009454533267653 -0.7133597502669887 -1.911309882567644 8.463749770466952 0.3668242422211276 1.8092878209228391 -0.5444856403465164 0.0 -14.632288028073853 -26.563873517166908 0.1563965347647933 -32.47460557007035 0.3668242422211276 13.245757885027535 -2.909553999109221 -0.26533734294682976 -0.13693463250413962 1.3197773051197035 2.7446900764444235 0.6449386710365919 -1.5051253223329895 -3.0362762064384583 0.7089571247277239 1.8092023178322079 -148.42774625999868 -28.022637374630833 0.952953062898576 -1.470647130742163 -2.470647130742163 0.3701666067395244 0.2559342310384538
0.0809597565594 8.366625289169098 2447.426453286974 -918.3902456089143 36.56607269592194 99.00393424085559 0.22159917604740267 -0.6957225381882289 -1.8743451604885126 8.366625289169098 0.3693319600790045 1.8093039874701236 -0.505013200409508 0.0 -14.032948280581675 -26.025543817170785 0.1596622436743348 -31.565558149659665 0.3693319600790045 13.08824727233145 -2.909278317198968 -0.26670291985743405 -0.13744337568208112 1.291524515866221 2.688407087373101 0.6441356962111401 -1.4993458792054664 -3.028899668127513 0.6763352549903179 1.8092136754042953 -140.88446397676836 -27.107380671203448 0.9221925557872164 -1.4230188432110822 -2.423018843211082 0.3729438285688559 0.2589077649985667
0.0829594625464 8.26830167089108 2388.067359216776 -878.1376516969467 36.103537843921124 97.0724022909378 0.22314941106172934 -0.6784659936598623 -1.8382939282244781 8.26830167089108 0.37191568510288225 1.8093210397499435 -0.4663782431215959 0.0 -13.443924580822605 -25.503550940323333 0.16298415934015043 -30.678828345229103 0.37191568510288225 12.92992011578304 -2.909005265941815 -0.2681103877856941 -0.13796763134652498 1.2641280679663527 2.633468997302423 0.6434799811503156 -1.4934493399237643 -3.02136529064319 0.6444330855402318 1.8092256342681663 -133.62693563370453 -26.214408020404967 0.8922123828634705 -1.376569781730634 -2.376569781730634 0.3758169815176151 0.2619915602748506
0.0850085612713 8.168793709741818 2328.7458824807604 -839.1750229109443 35.635611822034505 95.13313370429383 0.22474685954321988 -0.6615794546824659 -1.8031348763954353 8.168793709741818 0.37457809923869984 1.809339028279999 -0.42855677715673557 0.0 -12.86478650982309 -24.993459618759324 0.16636275650934929 -29.813893468757268 0.37457809923869984 12.770698375959542 -2.9087346015544924 -0.26956117630929916 -0.13850788596624883 1.2375733396848427 2.5798429481802527 0.6429723288188507 -1.4874339859048626 -3.013670372279111 0.6132310358120566 1.8092382270493286 -126.64812563651306 -25.34319989309168 0.862995240446143 -1.3312725094306108 -2.331272509430611 0.3787900207477507 0.265190458161056
0.0871082727347 8.06811780291247 2269.4989424519417 -801.4739727043547 35.16238960665763 93.18706625590801 0.22639319992881007 -0.6450524774302102 -1.7688472830727784 8.06811780291247 0.3773219998813501 1.8093580067122579 -0.3915252831914282 0.0 -12.295213304523607 -24.492423973112636 0.16979849173515968 -28.970243881589006 0.3773219998813501 12.610494207100903 -2.908465213947082 -0.27105677329422484 -0.139064643813789 1.2118462752127024 2.5274969246487173 0.6426136678191667 -1.4812981063490291 -3.0058122019056985 0.5827099463516308 1.809251488200316 -119.94110548638213 -24.493251647303072 0.8345242753313523 -1.287100348851018 -2.287100348851018 0.3818670757259097 0.2685095104394859
0.0892598470713 7.9662919958096055 2210.3642195096227 -765.0066317710043 34.683974924932265 91.23517086306511 0.22809018344224807 -0.6288747731830329 -1.7354108788396998 7.9662919958096055 0.38015030573708014 1.809378031875264 -0.3552605731026197 0.0 -11.734886264236312 -24.001452396295498 0.17329180209595685 -28.14738268442433 0.38015030573708014 12.44921037943641 -2.9081972722817078 -0.2725987277160956 -0.13963842773788107 1.1869334633035338 2.476399549680523 0.6424051391932448 -1.4750400002987691 -2.997788060864175 0.5528509617929208 1.809265454108369 -113.49903488220964 -23.664068929051 0.8067831575664536 -1.244027208022226 -2.244027208022226 0.3850524574697316 0.2719539867526113
0.0914645652939 7.863336026132355 2151.380090852712 -729.74568486658 34.20048037262 89.27845094188375 0.2298396372334998 -0.6130362454498776 -1.702805933938246 7.863336026132355 0.383066062055833 1.8093991640811726 -0.31973987188241293 0.0 -11.183451989671008 -23.522911014824604 0.1768431038608622 -27.344825414316325 0.383066062055833 12.28674012332053 -2.907930480383712 -0.2741886524976096 -0.14022977997391653 1.1628220694196751 2.426520213555425 0.6423480349894495 -1.468657978808758 -2.9895952233943786 0.5236356007826144 1.8092801632061482 -107.31517041411915 -22.85517092612268 0.7797560073638422 -1.2020276929309235 -2.2020276929309235 0.3883506628289054 0.2755293772209213
0.0937237400567 7.759271366398059 2092.5855752011353 -695.6643298456645 33.71202773782216 87.31794163660219 0.2316434691586298 -0.5975269659420607 -1.671013211958105 7.759271366398059 0.38607244859771633 1.8094214673476687 -0.28494076336038865 0.0 -10.640508639093913 -23.055949256166176 0.18045279110079432 -26.562099747935846 0.38607244859771633 12.122967501204087 -2.9076646898577287 -0.27582822785639677 -0.1408392629963144 1.1394998589267094 2.377829001737919 0.642443828242437 -1.462150367212041 -2.9812309610783765 0.4950457120863822 1.8092956560929039 -101.38285790644017 -22.066088758396923 0.7534274103289931 -1.1610770479264505 -2.1610770479264505 0.39176638230194505 0.2792413990834426
0.0960387164361 7.654121264743497 2034.0202601253263 -662.7362995599988 33.21874812060855 85.35470891803135 0.23350367157029492 -0.5823372031498966 -1.6400140389557625 7.654121264743497 0.38917278595049154 1.8094450094791474 -0.2508412530052708 0.0 -10.105770832303065 -22.593454055765548 0.1841212342386517 -25.798745211725336 0.38917278595049154 11.957767493561851 -2.9073985455753437 -0.27751920453885487 -0.14146746041498492 1.1169551434039624 2.3302967964501464 0.6426941250717507 -1.455515507487639 -2.972692543991327 0.4670635286900088 1.8093119756598746 -95.6955381663046 -21.29636799006903 0.7277823574534709 -1.121151244955962 -2.121151244955962 0.3953045042923671 0.28309599829267174
0.0984108727321 7.547910783818055 1975.7242379399047 -630.9357313667829 32.720782263647145 83.38984854782966 0.23542232688484593 -0.5674573185651899 -1.609790081085379 7.547910783818055 0.3923705448080766 1.809469862777205 -0.21741953627730237 0.0 -9.578975916447028 -22.146093754816008 0.18784877854166385 -25.054312897752993 0.3923705448080766 11.791007350030302 -2.9071330540084865 -0.2792634076108675 -0.14211497791803737 1.0951769224644698 2.2838949400253763 0.6431008137069869 -1.4487517607347546 -2.9639772460673397 0.43967147519480004 1.8093291672254637 -90.24672035334659 -20.54556106018309 0.7028063776563932 -1.0822266969532155 -2.0822266969532155 0.3989701258979802 0.28709936011986503
0.100841621289 7.4406668373467415 1917.7380066439118 -600.237277930914 32.21828036809128 81.42448490138659 0.2374016099847427 -0.5528778708190751 -1.5803235795753414 7.4406668373467415 0.39566934997457115 1.8094961033961123 -0.18465422960077027 0.0 -9.059568720400751 -21.70939436627334 0.19163574254893828 -24.328365185722877 0.39566934997457115 11.622546352878206 -2.9068674217493253 -0.28106273963017403 -0.1427824442646982 1.0741547199478088 2.238595586038155 0.6436659048783335 -1.441857509744164 -2.955082341372352 0.41285236268869846 1.8093472786779021 -85.03000676552034 -19.813235583848353 0.6784853699732377 -1.0442805609209613 -2.0442805609209613 0.40276855158824887 0.29125790259506745
0.103332409334 7.332418224801546 1860.1024210747594 -570.6160746092937 31.711402819605322 79.4597696584894 0.2394437973939022 -0.5385896004938233 -1.5515973305698327 7.332418224801546 0.39907299565650367 1.809523813158016 -0.15252433491332895 0.0 -8.547441074949765 -21.27375899264292 0.19548241643301506 -23.620475471404262 0.39907299565650367 11.452236598348636 -2.906599332748474 -0.28291918558510654 -0.14347051232665162 1.053878598713919 2.194371663969248 0.6443915513580982 -1.4348311617131062 -2.9460051177784234 0.3865893622300603 1.8093663606258772 -80.03908796900319 -19.09897318019246 0.6548056030574153 -1.0072907121805619 -2.007290712180562 0.4067053053336527 0.2955782848648907
0.105884719845 7.223195661817392 1802.8585752568854 -542.0475324217629 31.200319820459065 77.49688032049899 0.24155126936092808 -0.5245832446868031 -1.5235942761350114 7.223195661817392 0.40258544893488013 1.8095530777991318 -0.12100882720013129 0.0 -8.042252580056802 -20.854617055289083 0.19938906029855533 -22.930227898159924 0.40258544893488013 11.279925824228373 -2.9063314169060206 -0.28483481630924273 -0.14417986019513226 1.0343394227880531 2.1511962645575573 0.6452803179442754 -1.427671150969388 -2.9367428708565493 0.3608656591170275 1.8093864665601942 -75.26769937509468 -18.402356541361662 0.6317539738531732 -0.9712352170024752 -1.9712352170024752 0.41078613842992273 0.3000674165320947
0.108500072425 7.113031810049315 1746.047714385986 -514.5076120997787 30.685211583163404 75.53701862374004 0.24372651598503173 -0.5108498006744975 -1.4962980992544859 7.113031810049315 0.4062108599750529 1.8095839896535824 -0.09008723927943296 0.0 -7.54350653449135 -20.443140875078843 0.2033559024001017 -22.257217098041487 0.4062108599750529 11.105455945368687 -2.906061372674568 -0.28681179300264736 -0.14491119233018088 1.0155284631572232 2.109043528890045 0.6463347876208607 -1.4203759419631463 -2.9272929081677 0.3356649462855446 1.8094076530230327 -70.70968193255587 -17.72298889103156 0.6093176031821703 -0.9360931000569432 -1.9360931000569432 0.41501702452799005 0.3047324400376503
0.111180024214 7.001961301171949 1689.711158076258 -487.9726052528422 30.16626876886661 73.58140875623933 0.2459721463659765 -0.4973803303386719 -1.4696928027762732 7.001961301171949 0.4099535772766275 1.809616645801239 -0.05973922549964561 0.0 -7.05105989904931 -20.036914498380664 0.2073831372978194 -21.601047933550966 0.4099535772766275 10.928666218458709 -2.905788725656425 -0.2888523726916456 -0.14566524078980322 0.9974376792697385 2.067888011738867 0.647557849405261 -1.412944032201284 -2.917652559987574 0.3109710610681926 1.8094299797892015 -66.35893740585928 -17.06048000031231 0.587484101993111 -0.9018438016822066 -1.9018438016822066 0.4194041776845564 0.30958074890062903
0.113926170812 6.89002075909362 1633.8901723490476 -462.41915630987324 29.643692106933642 71.63129545545866 0.24829089163120488 -0.4841659850310246 -1.4437627691522101 6.89002075909362 0.41381815271867484 1.8096511502041621 -0.029944616433535298 0.0 -6.56451575644155 -19.64199362602434 0.21147092392932654 -20.961335247474942 0.41381815271867484 10.749394580083926 -2.9055136312978256 -0.2909589123869966 -0.1464427665129619 0.980059675144246 2.0277047694887567 0.648952658058237 -1.4053739554094609 -2.9078191736658034 0.28676803221362984 1.809453510057964 -62.2094345365425 -16.414448620149734 0.5662415224255711 -0.8684672550034391 -1.8684672550034391 0.4239540510424278 0.3146199798855829
0.116740147231 6.777248817249205 1578.625884265917 -437.82429715529634 29.11769278983049 69.6879419355324 0.2506856149315101 -0.4711980491119143 -1.4184928719990837 6.777248817249205 0.4178093582191835 1.8096876130091244 -0.0006835137799001689 0.0 -6.083569552219251 -19.25360262159368 0.21561938360678046 -20.337703615824704 0.4178093582191835 10.567478772271832 -2.9052350047832256 -0.2931338751320526 -0.14724456068022718 0.9633876319379596 1.9884695219255641 0.6505225686460838 -1.3976642847356697 -2.8977901246867512 0.2630401631580184 1.8094783106552894 -58.255219028565584 -15.784525709664212 0.5455782737187761 -0.8359440300655872 -1.8359440300655872 0.4286733439407555 0.3198580112473317
0.119623628868 6.663686132182327 1523.9591578884483 -414.16536821523255 28.58849223235733 67.75262767129253 0.25315931689017446 -0.45846786587885946 -1.3938683195680945 6.663686132182327 0.42193219481695743 1.8097261515285257 0.02806387524886289 0.0 -5.607913112473918 -18.873563770697853 0.21982859793195178 -19.729787105983522 0.42193219481695743 10.382759052825648 -2.904952824416597 -0.29537983517140654 -0.14807144614579737 0.9474154117011642 1.9501584144131556 0.6522712442985243 -1.389813636095242 -2.887562815233341 0.23977189484804876 1.8095044522522625 -54.49039851940962 -15.170349790969048 0.5254832168842067 -0.8042551321223184 -1.8042551321223184 0.4335690075073939 0.32530296371239564
0.122578332501 6.549375392503879 1469.9304922276535 -391.42005794648367 28.05632225665498 65.82664602942985 0.2557151453816459 -0.44596688600633755 -1.369874776875781 6.549375392503879 0.4261919089694099 1.8097668906644873 0.056317132093628874 0.0 -5.137214890594856 -18.50126550289033 0.22409860662500922 -19.13722903939693 0.4261919089694099 10.195079625792559 -2.904666116855278 -0.29769948439237065 -0.1489242789499328 0.9321374841455076 1.9127481956572014 0.6542025841857082 -1.3818206716167336 -2.877134682449601 0.21694789811763562 1.8095320095916438 -50.90915365187383 -14.57157057309978 0.5059455751760976 -0.7733821593935275 -1.7733821593935275 0.4386482488711251 0.33096319389343454
0.125606017314 6.434361322750544 1416.579897966244 -369.5663466248832 27.521424913935295 63.911301746250636 0.25835640308301083 -0.43368661315824764 -1.3464982560301961 6.434361322750544 0.4305940051383514 1.809809963111563 0.08409574910815532 0.0 -4.671165110393953 -18.136344175232416 0.22842940527272482 -18.559681757532122 0.4305940051383514 10.004291490604043 -2.9043745126434537 -0.3000956384851338 -0.14980394991825383 0.917549003983252 1.876216048999177 0.6563208035210453 -1.373684103175352 -2.866503199919103 0.1945529736748074 1.8095610617317384 -47.505728310210294 -13.987845719781179 0.4869549988449007 -0.7433071618353826 -1.7433071618353826 0.4439185374290331 0.3368472938343241
0.128708485941 6.318690682550557 1363.9467843023613 -348.5825242346559 26.984052515432708 62.00790826720677 0.26108655766767364 -0.42161862975509257 -1.3237251885930554 6.318690682550557 0.43514426277945606 1.8098555105694516 0.11141907418640074 0.0 -4.209451824690486 -17.77781586874161 0.23282094298071218 -17.996806393141668 0.43514426277945606 9.81025445290369 -2.904077035390806 -0.3025712439957988 -0.15071138634782172 0.9036457726942623 1.840539695296431 0.6586303960353823 -1.365402696062666 -2.855665884370191 0.1725721022391839 1.8095916923060444 -44.274436156676266 -13.41884294306448 0.4685015099148062 -0.7140127347287257 -1.7140127347287257 0.4493876086198916 0.34296408316126437
0.131887585544 6.20241225966682 1312.069833732363 -328.4471388460893 26.44446743312826 60.11778493358309 0.26390925101909785 -0.4097545416996206 -1.3015423163978204 6.20241225966682 0.4398487516984964 1.809903683426061 0.138306435300676 0.0 -3.7517867006191468 -17.426745622377346 0.23727311994366784 -17.448272643776185 0.4398487516984964 9.61284032573344 -2.9037736061818507 -0.30512938543938456 -0.15164755379469974 0.8904243195200989 1.805697224030565 0.6611362166123307 -1.356975272711794 -2.8446202985074875 0.15099034320592103 1.8096239897939004 -41.20965212516178 -12.864236825824953 0.4505755678216025 -0.6854818781279013 -1.6854818781279013 0.455063471699365 0.3493226092497801
0.135145208907 6.085576858154678 1260.986879556425 -309.139021653151 25.902941952438276 58.2422540471092 0.26682830972083105 -0.39808601166487845 -1.279936781063924 6.085576858154678 0.44471384953471843 1.8099546424681014 0.16477706847079454 0.0 -3.2977973456478473 -17.083554918398608 0.24178578491212538 -16.913758550938738 0.44471384953471843 9.411935117056512 -2.9034635935257427 -0.3077732930092879 -0.15261345795679473 0.8778818539854842 1.77166722175098 0.6638434335382004 -1.3484007165856755 -2.83336405558705 0.1297928988814156 1.8096580478130049 -38.30582055894636 -12.323711477077254 0.4331680044507658 -0.657698112575841 -1.657698112575841 0.46095441087817624 0.3559321346390232
0.138483295567 5.968237279581577 1210.7347860036134 -290.63727510679337 25.35975815306815 56.3826377900202 0.2698477571917899 -0.3866047508133389 -1.2588961235730345 5.968237279581577 0.4497462619863165 1.8100085584949202 0.1908501384132819 0.0 -2.8471868329958623 -16.74530813807849 0.24635873257448926 -16.392950280921774 0.4497462619863165 9.207441805716732 -2.903145753104397 -0.31050635102112606 -0.15361014667306377 0.8660162809802481 1.7384287646974463 0.6667575432720378 -1.3396779761003068 -2.8218948260654244 0.10896510145273337 1.8096939654266184 -35.5574556097194 -11.796960405406487 0.41627001899393157 -0.6306454788820313 -1.6306454788820313 0.4670689907681629 0.3628021300098876
0.141903832967 5.850448298380298 1161.3493236932977 -272.9212232272191 24.815207679816886 54.54025503056028 0.27297182582926816 -0.3753024574339098 -1.2384081658964932 5.850448298380298 0.45495304304878026 1.8100656142024034 0.2165448771522871 0.0 -2.3996729307012057 -16.413972663936825 0.25099170083746425 -15.885541910066646 0.45495304304878026 8.999283951875762 -2.9028198221569497 -0.3133321066994145 -0.154638712035125 0.8548262946064938 1.705961234495146 0.6698844643122224 -1.3308060686775336 -2.810210342543504 0.08849230087196153 1.8097318474708042 -32.959133478512825 -11.283683092681876 0.39987325155771364 -0.604308385797701 -1.604308385797701 0.47341606726067487 0.3699422765456928
0.145408857642 5.7322666301091845 1112.8650407710736 -255.97043098566192 24.269591358727666 52.71641800752071 0.27620496893459134 -0.3641708418274136 -1.2184610839640175 5.7322666301091845 0.4603416148909856 1.8101260036854836 0.24188053092696804 0.0 -1.954878599308421 -16.0897186010955 0.25568436801305827 -15.391235212512393 0.4603416148909856 8.78740820696722 -2.9024853440391603 -0.31625427929424627 -0.15570029262719806 0.8443113463902533 1.6742444209823644 0.6732305037001565 -1.32178408485457 -2.798308402383186 0.0683599136942333 1.8097718049001918 -30.505499459998937 -10.783587186202592 0.3839697314992678 -0.5786717044327048 -1.5786717044327048 0.48000478788979717 0.37736245090353404
0.149000456425 5.613750893568526 1065.3151464242555 -239.76470907168436 23.723219025550407 50.91242892291225 0.27955187608438614 -0.3532016358442424 -1.1990434516307404 5.613750893568526 0.46591979347397694 1.8101899348827337 0.2668763418432365 0.0 -1.5124997973623011 -15.770369534454042 0.26043634990028625 -14.909739452369635 0.46591979347397694 8.571786958664232 -2.9021409979942128 -0.3192767704107566 -0.1567960758916262 0.8344716384770829 1.6432585796214516 0.6768023477918892 -1.3126111925379027 -2.7861868762270223 0.04855344395560602 1.8098139551556998 -28.191272164527373 -10.296389547548602 0.36855184500310595 -0.5537208253649117 -1.5537208253649117 0.48684459675994773 0.3850727142970638
0.152680767699 5.494961564408235 1018.7313872554228 -224.28405960265286 23.17640911350577 49.12957642145583 0.2830174877789374 -0.34238651532222003 -1.180144090018174 5.494961564408235 0.4716958129648957 1.8102576287606762 0.2915517229467217 0.0 -1.072224575740835 -15.457397079615548 0.2652471967831147 -14.440771176498519 0.4716958129648957 8.352422210070035 -2.9017865868318857 -0.3224036746203322 -0.15792730064870728 0.8253082453080423 1.6129841973722954 0.6806071823718992 -1.3032866412359456 -2.773843712445072 0.029058341320074368 1.8098584225532302 -26.011234902964038 -9.821812081455468 0.3536124323431465 -0.5294414647467718 -1.5294414647467718 0.49394524982468957 0.39308332030054216
0.156451982661 5.375960922758022 973.1439260172391 -209.50871079563572 22.629488202426685 47.36913201207466 0.28660701080644835 -0.331717146636069 -1.161752193719336 5.375960922758022 0.4776783513440806 1.8103293221183059 0.3159261576247445 0.0 -0.6336879580116306 -15.150287100638534 0.27011639031449275 -13.984054012754825 0.4776783513440806 8.129347641382573 -2.9014211987577063 -0.32563929067847963 -0.15909525975455413 0.8168230546286872 1.5834021734643104 0.6846526296405006 -1.2938097664769281 -2.761276941184583 0.009860091044761436 1.8099053386981323 -23.9602461815662 -9.359585233471677 0.33914470328460655 -0.5058198274660932 -1.5058198274660932 0.5013168132181646 0.40140469363369125
0.160316346633 5.256812991939681 928.5812309773004 -195.41909031392188 22.08279067724909 45.632346403609304 0.29032593704157633 -0.321185144500588 -1.143857264877716 5.256812991939681 0.48387656173596055 1.8104052670709534 0.3400192968582445 0.0 -0.19657338493477824 -14.848308643943541 0.2750433403172674 -13.539318468765913 0.48387656173596055 7.902631745159013 -2.9010440423433295 -0.32898813408622307 -0.16030130293353081 0.8090188413249195 1.5544937100712541 0.6889468183025984 -1.2841799941958145 -2.7484846831184693 -0.009055861027777539 1.8099548429204417 -22.033237251452917 -8.909446026145181 0.3251422795889589 -0.4828425226389452 -1.4828425226389452 0.508969678390143 0.4100474339866931
0.164276160395 5.137583470174759 885.069959299602 -181.99581906674862 21.536658125349255 43.92044580173793 0.29418006065872015 -0.31078205561989153 -1.1264491023534184 5.137583470174759 0.4903001010978669 1.8104857335500606 0.3638509987444485 0.0 0.2394724219273238 -14.55202128856126 0.2800273814828358 -13.1063017346554 0.4903001010978669 7.672380480897647 -2.9006544867868573 -0.33245494978885404 -0.1615468397761347 0.8018993038015816 1.5262402864975053 0.6934984154560964 -1.2743968452473466 -2.7354651522574063 -0.027704135548315537 1.8100070827392187 -20.225213770502588 -8.471137855857911 0.3115992027037147 -0.4604965500988216 -1.4604965500988216 0.5169145708791706 0.4190223115581593
0.168333781557 5.0183396537053095 842.6348543939912 -169.2197149266753 20.991438888780646 42.234628162212665 0.298175499506132 -0.30049935732252325 -1.1095178303554323 5.0183396537053095 0.4969591658435533 1.8105710096419316 0.387441335488121 0.0 0.6748023955704551 -14.260873208782051 0.2850677699818661 -12.684747487486487 0.4969591658435533 7.438739418819461 -2.9002516189830043 -0.3360447264566167 -0.16283334292878757 0.7954690814870425 1.498623690251964 0.6983166381860819 -1.264459939926156 -2.7222166645748813 -0.04609941793392054 1.8100622143528546 -18.531259834818357 -8.044411078266828 0.2985099156434892 -0.4387693378912776 -1.4387693378912776 0.5251625618151161 0.4283402632411313
0.172491625961 4.8991503520554325 801.2986416295072 -157.0717794210802 20.447487405092875 40.57605943063733 0.3023187157592108 -0.2903284257240152 -1.093053858289235 4.8991503520554325 0.5038645262653514 1.8106614035691833 0.4108106679761163 0.0 1.1097705982999952 -13.97456544916449 0.2901636799841936 -12.27440569855817 0.5038645262653514 7.2018960773347676 -2.8998346821073078 -0.339762711203999 -0.16416235147994976 0.7897338180078097 1.471625945345402 0.7034113107306115 -1.2543690025546712 -2.7087376420504885 -0.0642565136671867 1.8101204031569502 -16.946538109043406 -7.629021999176466 0.2858692917424583 -0.4176486910468138 -1.4176486910468138 0.5337250836203349 0.4380123975414336
0.176752169122 4.780085794775969 761.0819359964878 -145.5331978184016 19.905163630597585 38.945869779318 0.30661654008247957 -0.28026052308572313 -1.0770478884608359 4.780085794775969 0.5110275668041326 1.8107572449712732 0.43397967834329676 0.0 1.5447353511141995 -13.693227146633417 0.2953142000995677 -11.875032442552946 0.5110275668041326 6.962081593519502 -2.899402901744427 -0.343614425819367 -0.16553547456283801 0.7847001991311822 1.4452293104232097 0.7087928949677428 -1.244123866084789 -2.695026620519418 -0.08219036706067792 1.8101818242947012 -15.466292939386575 -7.2247329413696795 0.27367263232704947 -0.39712280216167795 -1.397122802161678 0.5426139473673673 0.4480499992726723
0.1811179477 4.661217529998327 722.0031516919305 -134.58533323093027 19.364832282939147 37.34514986637355 0.3110761956544494 -0.27028677160052195 -1.061490893415159 4.661217529998327 0.518460326090749 1.8108588863931172 0.45696943267559 0.0 1.9800855215180393 -13.41683803526631 0.3005183297351215 -11.486389709427293 0.518460326090749 6.7195722143817855 -2.898955681250987 -0.3476056836748583 -0.1669543951860513 0.7803760120418679 1.419416231425822 0.7144725417125892 -1.2337244767361477 -2.681082253701001 -0.09991610538532626 1.8102466632362149 -14.085851947711443 -6.831311716993972 0.2619156859511189 -0.37718022281642183 -1.3771802228164218 0.5518413629778575 0.4584645402096654
0.185591561008 4.542618314716958 684.078425410082 -124.2097377942386 18.82686218413848 35.774947136658774 0.31570532626949716 -0.2603981579338805 -1.0463741676597302 4.542618314716958 0.5261755437824953 1.810966705521684 0.4798013761227651 0.0 2.4162033499549698 -13.144794123082931 0.3057749753835719 -11.108245218481912 0.5261755437824953 6.474689848480568 -2.898491911896137 -0.35174260838099314 -0.1684208743090945 0.7767701628276019 1.3941694035620968 0.7204620984565957 -1.2231708986575713 -2.666903321470961 -0.11744902477338084 1.8103151163913722 -12.800631367510189 -6.448532742093374 0.25059461904510655 -0.35780993102833447 -1.3578099310283345 0.5614199577218288 0.4692676835900813
0.190175672565 4.424361996217778 647.3215447094843 -114.38813302823237 18.2916254608755 34.236262177929845 0.32051202531095485 -0.25058547374508333 -1.031689238412711 4.424361996217778 0.5341867088515915 1.8110811063915864 0.5024974704388805 0.0 2.853480441900163 -12.877402882662217 0.31108294685489085 -10.740372233895911 0.5341867088515915 6.227802997776316 -2.8980109817669337 -0.35603165349481936 -0.1699367551887271 0.773892789915918 1.3694716213352025 0.7267742130529411 -1.212463318547396 -2.6524887355067364 -0.13480469545084398 1.810387391756671 -11.60613454143634 -6.076174841301472 0.2397060810643266 -0.3390012169295207 -1.3390012169295207 0.5713628130668514 0.48047131938655396
0.194873011677 4.306523385777906 611.743886361867 -105.10242676856708 17.759496714744003 32.7300451685242 0.3255048670263692 -0.24083932567325456 -1.0174279341277792 4.306523385777906 0.5425081117106154 1.811202522297493 0.5250801775828362 0.0 3.292333259690874 -12.613916850565946 0.316440953447321 -10.382549383335236 0.5425081117106154 5.979326147778955 -2.8975118829359516 -0.3604796236630037 -0.17150396800263945 0.7717552783771687 1.3453058639547972 0.7334223360612107 -1.2016020503146014 -2.637837545039064 -0.15199893684184143 1.8104637095987632 -10.49795814411535 -5.714022832269053 0.22924716666655334 -0.3207437719704407 -1.3207437719704407 0.5816834873780373 0.4920875748783349
0.199686375066 4.189178123663224 577.3543666956612 -96.33469955295516 17.230852195578645 31.25719242471213 0.33069294133201493 -0.23115007798203355 -1.0035823086000968 4.189178123663224 0.551154902220025 1.811331417247315 0.547572593619928 0.0 3.733156841006327 -12.354765933834688 0.3218476000847164 -10.034560477896212 0.551154902220025 5.729719397269582 -2.89699403252469 -0.3650936975925239 -0.17312453478560824 0.7703703764297984 1.3216551621601365 0.7404208248751422 -1.1905875396723569 -2.622948944305014 -0.1690479176709915 1.8105443031722892 -9.47179175251093 -5.361865654017405 0.2192154742097735 -0.3030275919798373 -1.3030275919798373 0.5923960640233945 0.504128864773929
0.20461862853 4.072402536558109 544.1593988210819 -88.06721517267385 16.706068823462704 29.81854308335256 0.33608588915492194 -0.22150784226738687 -0.9901446704533367 4.072402536558109 0.5601431485915366 1.8114682889918607 0.5699984781381998 0.0 4.176434629791073 -12.100206134483743 0.3273013834191028 -9.696194334912454 0.5601431485915366 5.479486801237347 -2.8964568347436472 -0.36988145218580926 -0.17480057468856516 0.7697522451326897 1.2985026228161596 0.747784979279497 -1.179420368738982 -2.607822276008738 -0.18596816810708394 1.8106294194767403 -8.523422291698125 -5.019497097207873 0.20960909654115312 -0.2858430161350398 -1.2858430161350398 0.6035151882795919 0.516607923586927
0.209672708654 3.956273486848689 512.1628677706965 -80.28243871353922 16.1855233621522 28.414875932741825 0.3416939444355253 -0.2119024878999161 -0.9771076685709621 3.956273486848689 0.5694899073925422 1.8116136714314885 0.5923822388215803 0.0 4.622593140169096 -11.848336727303721 0.3328006879322136 -9.367244602109764 0.5694899073925422 5.229173696752807 -2.895898704454387 -0.3748508894098248 -0.17653430959636426 0.769916482690679 1.2758315337255959 0.7555310493684286 -1.1681012605603789 -2.5924570412053014 -0.20277655187024202 1.8107193200535465 -7.6487401224651 -4.686717495169886 0.2004265752981367 -0.2691808382542198 -1.2691808382542198 0.6150561052915996 0.529537834274006
0.214851624558 3.8408682142391513 481.3661124598346 -72.96299737807581 15.669591414326032 27.046906417796695 0.34752797687525017 -0.20232350121028983 -0.9644640425047184 3.8408682142391513 0.5792132947920836 1.811768137545658 0.6147492522873652 0.0 5.072073474940056 -11.601001765581373 0.33834378203086973 -9.04750958435773 0.5792132947921538 4.979365090204616 -2.895319728235929 -0.3800104645739834 -0.1783280701297959 0.7708803732933392 1.2536249654930496 0.7636764689564927 -1.1566310835565168 -2.576852904348583 -0.21949052053626597 1.810814281819165 -6.8437324480529735 -4.36332821777328 0.1916670785012556 -0.25303198607400956 -1.2530319860740096 0.627034757664998 0.5429321549181707
0.220158459685 3.7262641706265835 451.7679175922558 -66.09173024648675 15.15864629659458 25.715283849603747 0.353599535974519 -0.19276006430560508 -0.9522068628635949 3.7262641706265835 0.5893325599575316 1.8119323023499045 0.6371256970939367 0.0 5.525442391733966 -11.357593322104064 0.3439288141701684 -8.736792072814682 0.5893325599903199 4.730680627242133 -2.8947189308293613 -0.3853691162298216 -0.18018430205191727 0.7726628167416433 1.2318661076428818 0.7722397651770503 -1.145010855936374 -2.561009694613925 -0.23612795760515712 1.8109145979415786 -6.104495493240447 -4.0491370161468065 0.18333025678411166 -0.23738783242458794 -1.237387832424588 0.6394678067337977 0.5568049205104098
0.225596373639 3.612538847912259 423.36452937893574 -59.65168290337333 14.653058255149517 24.42058883311728 0.35992090709274827 -0.1832009968443464 -0.9403294849766931 3.612538847912259 0.5998681784879139 1.8121068270683065 0.6595386935112207 0.0 5.983146224968602 -11.11633805991126 0.3495538090277435 -8.434899175936831 0.5998681805679628 4.483770285552307 -2.8940948035441796 -0.39093630038425753 -0.18210557312161257 0.7752844669562208 1.2105381679690685 0.7812406760728337 -1.1332417499983496 -2.544927420631107 -0.25270727597586073 1.8110205787564209 -5.427235007244128 -3.7439566364248327 0.17541628846830695 -0.22224013697344347 -1.2222401369734435 0.6523727202258668 0.5711707421644918
0.231168604068 3.4997695988770827 396.1496703325051 -53.62607803378867 14.153193206792317 23.163330931782834 0.3665051621986082 -0.1736346065416503 -0.928825291868272 3.4997695988770827 0.6108419369976803 1.8122924213879712 0.6820166451294083 0.0 6.445720174912162 -10.879544570507766 0.35521666373440064 -8.14164215289495 0.6108419786215556 4.2393101880659945 -2.8934478179756518 -0.39672202502642384 -0.18409458043699098 0.7787680049854121 1.1896239588031812 0.790700403267353 -1.1213250962626766 -2.5286062686531707 -0.26924768685305484 1.811132552719728 -4.808260822798725 -3.447599719186753 0.16792606798773188 -0.2075807161309957 -1.2075807161309957 0.6657679024295482 0.5860449810910069
0.236878468588 3.3880334535116474 370.11457443467657 -47.998378554447356 13.659411700251985 21.943946611375033 0.37336621974015605 -0.16404881288389075 -0.917688057875544 3.3880334535116474 0.6222770329002602 1.812489849508441 0.7045889750247163 0.0 6.913789797383193 -10.645948069752851 0.36091514421811993 -7.856836249752849 0.6222774343298734 3.997994673987137 -2.8927766117834004 -0.40273688847418515 -0.18615415827333304 0.7831380180262522 1.169106409179896 0.8006414640185989 -1.10926238761549 -2.5120466085172226 -0.28576895683922976 1.8112508674082315 -4.244001265716667 -3.1598862100010887 0.16086098512599206 -0.19340191356083203 -1.193401913560832 0.6796727171044977 0.6014437407267545
0.242729366762 3.277406928678046 345.24803857206274 -42.75226254936152 13.172067985581249 20.762797452382323 0.3805189139302602 -0.15443100567521115 -0.9069117369527064 3.277406928678046 0.6341981898837671 1.8126999325270912 0.7272864529310605 0.0 7.387880107588299 -10.414433612313651 0.36664688165429177 -7.5803005377607136 0.6342005542440403 3.760530223517388 -2.8920801322079797 -0.40899212185030953 -0.18828728650539223 0.7884212750406168 1.1489682088011375 0.8110879407573579 -1.0970552831682987 -2.495249005446251 -0.30229165812407766 1.8113758905477084 -3.7309984827031517 -2.8806388176524047 0.15422308515684974 -0.1796963290356164 -1.1796963290356164 0.6941076431863457 0.617384064798032
0.248724782121 3.1679658339563743 321.536477648404 -37.871621971548805 12.691508754376478 19.620168674744775 0.38797906083288547 -0.1447679525570189 -0.8964903550643167 3.1679658339563743 0.6466317680548092 1.8129235549790714 0.7501414129904925 0.0 7.86861436236683 -10.18657385383174 0.3724093690760386 -7.311857754711672 0.6466415816532566 3.5276280000204534 -2.8913585004817115 -0.41549963276061863 -0.190497099620491 0.7946469324877528 1.129191609911539 0.8220656587721673 -1.084705612045969 -2.4782142178319453 -0.31883732789751135 1.8115080110850639 -3.2659081668464367 -2.609681197099145 0.1480151644329436 -0.16645668143772574 -1.1664566814377257 0.7090944167135541 0.6338841156900081
0.25486828424 3.059785073377966 298.9639987724566 -33.34059959953143 12.218072092204547 18.516267980585777 0.39576353624670474 -0.13504584037056858 -0.8864182174852704 3.059785073377966 0.659605893744508 1.8131616688725851 0.7731876762592376 0.0 8.356684819844329 -9.961615333863827 0.37819995817594493 -7.051334148839403 0.6596373645701006 3.2999944308956253 -2.8906109148188115 -0.4222720539561503 -0.19278689638951169 0.8018465527096795 1.1097586949797364 0.8336021710912077 -1.0722153769839355 -2.4609432036674472 -0.3354283755627882 1.8116476402900692 -2.8455074455759064 -2.346841909211742 0.14224065896517155 -0.1536760781686357 -1.1536760781686357 0.7246561196781784 0.6509632564452761
0.261163530861 2.9529384441043676 277.51248761343214 -29.143586947394155 11.75208644579589 17.451224733415252 0.4038903609326306 -0.1252501789670553 -0.8766898213084644 2.9529384441043676 0.6731506015543843 1.813415300379282 0.7964607802459198 0.0 8.852755535787873 -9.738817347499051 0.38401585632690977 -6.798559325904805 0.6732335704774266 3.0783223297388838 -2.889836437692569 -0.42932279609333024 -0.1951601502443193 0.8100543313584468 1.0906511981112352 0.8457269514203545 -1.0595867577507396 -2.443437127216073 -0.3520882452454944 1.8117952128877142 -2.4666940487717404 -2.091952681440975 0.1369037298040625 -0.14134790459998858 -1.1413479045999886 0.7408173516397086 0.6686422579045459
0.267614270073 2.8474984323264176 257.1617047513401 -25.265224413618583 11.293869526711207 16.425089481563436 0.41237879153604823 -0.11536569302397656 -0.8672997497363157 2.8474984323264176 0.6872979858934137 1.8136855554216365 0.8199982361570979 0.0 9.357544985593954 -9.518713970602914 0.3898541238591995 -6.553366099211704 0.6874858203635043 2.8632813967381074 -2.8890348247972923 -0.4366661044342988 -0.19762052043342163 0.819307349420304 1.0718502959733358 0.8584716088378774 -1.0468221143152219 -2.425697362432271 -0.3688415995518912 1.811951188210931 -2.126485546096538 -1.8448465533718874 0.13200936352689033 -0.12946569018594634 -1.1294656901859463 0.7576044260470891 0.6869435380773654
0.274224342544 2.743536008169672 237.88939254495224 -21.690422445353278 10.843727194626855 15.437833846016202 0.42124941790491494 -0.10537629175360594 -0.8582427489412205 2.743536008169672 0.7020823631748583 1.81397362703465 0.8438396142336377 0.0 9.871840459439229 -9.301013198846125 0.3957116716468524 -6.315590343057613 0.7024592378813544 2.655507727325194 -2.888205674769999 -0.4443171198414184 -0.2001718640004515 0.8296457184561483 1.0533366690202115 0.8718699913672767 -1.033923989847946 -2.4077254937255903 -0.38571435664947645 1.8121160513732366 -1.8220227087558352 -1.6053594618463691 0.12756335528129006 -0.11802321018152528 -1.1180232101815253 0.7750455329381377 0.7058913409159272
0.280997683804 2.641120419927134 219.67139549741157 -18.4043705329198 10.401952488107856 14.489350774749433 0.4305242738615896 -0.0952649853970324 -0.8495137066031677 2.641120419927134 0.7175404564359826 1.8142808029116293 0.8680267498328149 0.0 10.39645076767844 -9.085500443910226 0.4015852590276412 -6.08507084988015 0.718226533032448 2.4555933977602646 -2.8873485118098667 -0.45229194601828204 -0.20281824866905637 0.8411128150232968 1.035090407759424 0.885958375099115 -1.0208951134730977 -2.3895233224308456 -0.40273382399041197 1.8122903144456644 -1.5505700623365068 -1.373329848407919 0.12357235858731414 -0.10701446092661948 -1.1070144609266195 0.793170952729912 0.7255119816402219
0.287938326594 2.540318988538295 202.48178761421497 -15.39254453928767 9.968824565687623 13.579455169034068 0.440226953755829 -0.08501378192838739 -0.8411075950346816 2.540318988538295 0.7337115895930484 1.814608473180674 0.8926039945583668 0.0 10.932255188377091 -8.87213981178027 0.4074714921185033 -5.861649190766184 0.7348651594991333 2.2640761138685304 -2.886463110807318 -0.46060772145596085 -0.20556396671403673 0.853755552267844 1.017090862687673 0.9007756871963287 -1.0077384027459793 -2.371092867002809 -0.41992886781970146 1.8124745176292025 -1.309515607000376 -1.1485979012932441 0.12004396267479568 -0.09643358961753723 -1.0964335896175372 0.8120132961208665 0.7458341253879961
0.295050403261 2.441196903840993 186.29301067144044 -12.64072297033728 9.544607780122332 12.707884889347062 0.4503827434595826 -0.07460362058913862 -0.8330195175456155 2.441196903840993 0.7506379057659711 1.8149581404350474 0.9176183882203556 0.0 11.480167630950286 -8.660474105982694 0.41336682255493473 -5.645169580407899 0.7524542393338612 2.0814288550777866 -2.8855489658796625 -0.4692826984132179 -0.20841354989014646 0.8676246098965943 0.9993166410630997 0.9163636817652024 -0.994456965906499 -2.352436367484956 -0.43733001104554853 1.8126692304093823 -1.0963722300061995 -0.9310064266793354 0.11698670413062315 -0.08627495759937842 -1.0862749575993784 0.8316077396240533 0.7668890432836756
0.302338148222 2.343817022881256 171.07601868174223 -10.134987697935443 9.129550717375965 11.874302133799242 0.46101876062975955 -0.06401421058518686 -0.8252445577889478 2.343817022881256 0.7683646010495992 1.8153314285474054 0.9431200432606515 0.0 12.041170333644363 -8.450810110804793 0.4192675467106577 -5.435478745886579 0.7710718423839162 1.9080504626339572 -2.88460630849999 -0.4783363280821927 -0.21137178553240862 0.8827748140167747 0.981745303000222 0.9327672624020049 -0.981054103795834 -2.3335562856217575 -0.45496970628555644 1.812875052669638 -0.9087753695535198 -0.720398676455476 0.11441021296717549 -0.07653294983683834 -1.0765329498368383 0.8519923459299023 0.7887109888110665
0.309805900483 2.248239672322291 156.80042941890486 -7.861747313422242 8.723885300810563 11.07829519450191 0.47216410808194725 -0.053223987820734224 -0.817777910834146 2.248239672322291 0.7869401801365787 1.815730094714783 0.9691622693024328 0.0 12.616335393070933 -8.242718051095558 0.42516980545260424 -5.232425800128544 0.7907929488745037 1.744256623415407 -2.883634861114147 -0.4877893531599717 -0.2144437339022596 0.8992653566667417 0.9643534728723595 0.9500346373929874 -0.9675333115494605 -2.314455304582755 -0.4728823859554304 1.8130926157502245 -0.7444852337168535 -0.5166207255865993 0.11232517653016302 -0.0672021480422671 -1.067202148042267 0.8732083152537593 0.8113374521960023
0.317458106225 2.1545224550861835 143.43468300626577 -5.807739680883557 8.327826033609636 10.319380576936608 0.4838500464644889 -0.042209943980530316 -0.8106147591633843 2.1545224550861835 0.8064167441074815 1.8161560407937585 0.9958019849440971 0.0 13.206762125738711 -8.035892691674997 0.43106958446452787 -5.03586211990653 0.8116882834304349 1.5902725838888156 -2.882634613876407 -0.4976639097537633 -0.21763474691977316 0.9171602189938773 0.947116557375916 0.9682176738844058 -0.9538982799251009 -2.295136333445088 -0.49110474678063604 1.8133225834139008 -0.6013843516996119 -0.31951972037484566 0.11074347488639588 -0.058277175380437196 -1.0582771753804372 0.8953003580224888 0.8348095816138569
0.325299321449 2.0627200629864877 130.94620204392191 -3.960041250328473 7.941569156966717 9.597005478455966 0.49611017533099055 -0.030947475693472188 -0.8037502057351094 2.0627200629864877 0.8268502922183176 1.8166113266071677 1.0231000864832083 0.0 13.813666659580454 -7.830566120757137 0.4369627151944385 -4.845641228964594 0.8338239642345165 1.4462274259719692 -2.881606026721313 -0.5079836364522095 -0.22095048838601533 0.9365285771958144 0.9300085445298917 0.9873722291258014 -0.9401528963389362 -2.2756025018958934 -0.5096759951431776 1.8135656526946784 -0.4774761186268265 -0.12894342411060578 0.1096782849774967 -0.04975261499002981 -1.0497526149900298 0.9183170694254428 0.8591725951183737
0.333334214688 1.9728840964596515 119.30155722575057 -2.306084606109785 7.5652920129800005 8.910550612707606 0.5089806389264916 -0.01941028708277304 -0.7971793622972609 1.9728840964596515 0.848301064877486 1.8170981852152306 1.051121702580225 0.0 14.438340104212635 -7.626212235104885 0.44284487648549953 -4.6616186863049744 0.8572618261800496 1.3121502622068775 -2.8805491352470725 -0.5187737949060365 -0.22439695582814934 0.9574451502203274 0.9130020218200628 1.0075584147567902 -0.926301245602453 -2.2558571625057757 -0.5286379878307158 1.8138225545854336 -0.3708850009170621 0.05525817801471966 0.10914408534284133 -0.041623129370718326 -1.0416231293707183 0.9423112866640656 0.8844761409782176
0.341567569791 1.8850628919095793 108.46663331225967 -0.8336595223432681 7.1991524083448555 8.259333359317187 0.5225003481850596 -0.007570158686622393 -0.7908971647629528 1.8850628919095793 0.8708339136417661 1.8176190376866808 1.0799367488788132 0.0 15.082157439651706 -7.4227596732659915 0.44871159691873425 -4.483651979830053 0.8820603487698639 1.1879691690927157 -2.8794645571216027 -0.5300614005068814 -0.22798050413856433 0.9799907609034106 0.8960677759305073 1.0288410691685894 -0.9123476102585613 -2.235903888033381 -0.54803561898515 1.8140940545112159 -0.27985287725957403 0.23323497083604572 0.10915684726164462 -0.0338832282322008 -1.0338832282322008 0.9673405811526576 0.9107748454333239
0.350004288765 1.7993013587543913 98.40679559369525 0.4690724562141426 6.843288067820276 7.642611227394946 0.5367112240875801 0.0046031955792748425 -0.7848984158795078 1.7993013587543913 0.8945187068126336 1.8181765124008211 1.1096202909331256 0.0 15.746610822424168 -7.220022554404977 0.4545582579301477 -4.311600426027995 0.9082759208938723 1.0735126352408848 -2.8783528385153394 -0.5418753649030136 -0.23170787113310223 1.0042527883080477 0.8791747215483842 1.05129011141709 -0.8982964706573693 -2.2157464679718286 -0.5679170384343208 1.8143809525375405 -0.20273807027733629 0.40513550391792386 0.10973408149541404 -0.026527330024405993 -1.026527330024406 0.9934676998796249 0.9381287604455679
0.358649394697 1.71564082627347 89.08705575770212 1.6135728445804531 6.497816195352624 7.059585603191696 0.5516584672038658 0.017142360776646832 -0.7791776682057711 1.71564082627347 0.9194307786731097 1.818773463127289 1.1402531104673388 0.0 16.433295640134563 -7.017818604014483 0.4603800977357737 -4.145325075394277 0.9359644184410367 0.9685140634508771 -2.8772148625597307 -0.5542466522399948 -0.23558620524563734 1.0303257748376897 0.862289576084287 1.0749810415765173 -0.8841525046136537 -2.1953889064626106 -0.5883340315128247 1.8146840832331026 -0.13801220343544013 0.5711079259912801 0.11089499616457987 -0.019549618234396604 -1.0195496182343966 1.0207611160375343 0.966603950555979
0.367508034746 1.6341189020981728 80.47223478965896 2.610916088333326 6.162833084851313 6.5094057629797994 0.567390850151698 0.030082424380218676 -0.7737292053057332 1.6341189020981728 0.9456514169194967 1.8194129917192174 1.1719222116137635 0.0 17.143942117828775 -6.815827469345593 0.46617221612172377 -3.9846886241847823 0.965182897192567 0.8726191886012741 -2.87605153787009 -0.5672084490304226 -0.23962309552339203 1.0583120141782278 0.8453766689854344 1.0999954118235333 -0.8699205867639267 -2.174835415940985 -0.6093423403165923 1.8150043151068378 -0.0842579106218127 0.7312994044828294 0.11266059725873107 -0.012944024952477706 -1.0129440249524777 1.0492955778798942 0.9962730538763744
0.376585483205 1.5547693428698748 72.52712309456072 3.4717845951212354 5.838413881260027 5.991173120028847 0.5839610443055 0.04346124530496607 -0.7685469279230382 1.5547693428698748 0.9732684071758334 1.820098471442456 1.2047214792527954 0.0 17.88039033672068 -6.613791830993626 0.47192958011379155 -3.829555332762178 0.9959914201874039 0.7853963810080832 -2.8748640535571592 -0.5807963511797503 -0.2438266041600609 1.0883222651210784 0.8283975894926132 1.1264214124517604 -0.8556057875416192 -2.154090414773074 -0.6310021005453605 1.8153425495117896 -0.04016538069923651 0.8858567578136265 0.11505385794524495 -0.0067040928203128125 -1.0067040928203128 1.079152755992758 1.027215958651695
0.38588714464 1.4776219382919347 65.21663462794241 4.206463789297686 5.524612354038456 5.5039456777336735 0.6014259712259916 0.057319748898254336 -0.7636242190794222 1.4776219382919347 1.002376618709986 1.8208335733861518 1.238752399630564 0.0 18.644659596211813 -6.411733545244131 0.47764703057914265 -3.6797909506347253 1.028454936315791 0.7063494770748537 -2.8736541207279584 -0.5950485668252763 -0.24820530179288822 1.1204765302790132 0.8113107890491383 1.1543545118641185 -0.8412133718112891 -2.13315851688187 -0.6533783218687336 1.8156997188921518 -0.004528704079742656 1.0349269478397818 0.11809991156902692 -0.000822810460877843 -1.0008228104608778 1.1104219440483307 1.059520535476562
0.395418557112 1.4027024095101972 58.505956100382015 4.824831632262672 5.221460851870559 5.046742657038376 0.6198471968686013 0.07170216454667719 -0.7589540000719786 1.4027024095101972 1.033078661447669 1.8216222962431667 1.2741246613756902 0.0 19.438917685384727 -6.208976858643947 0.4833192897973886 -3.5352626483373193 1.0626450432303738 0.6349325856155541 -2.8724230824733095 -0.610006140219828 -0.25276830582155874 1.1549047868016187 0.7940714462920784 1.1838980332763898 -0.8267487971711084 -2.112044527286307 -0.6765412526172676 1.816076784227387 0.023756555787693322 1.1786553862772413 0.12182612535394984 0.004707304771041088 -0.9952926952289589 1.1432007391698247 1.0932833025143123
0.405185395473 1.3300323222939023 52.36068854881796 5.336361892312553 4.9289703204805395 4.618549262229549 0.6392913626741766 0.08665646271146119 -0.7545283979362738 1.3300323222939023 1.0654856044569612 1.8224689979135456 1.3109572065206874 0.0 20.26548745691249 -6.005415187992931 0.4889409699885243 -3.3958389565901124 1.0986420075493923 0.5705663108960586 -2.8711731396595095 -0.6257131964541893 -0.2575253220593958 1.1917480451964777 0.7766307287520906 1.2151640478175771 -0.8122177118569753 -2.0907534339927376 -0.7005671093637492 1.8164747314840757 0.04569880880689447 1.3171884217087957 0.12626244073951648 0.009894624093461313 -0.9901053759065387 1.177595966532162 1.1286104202777678
0.415193474741 1.2596290163975787 46.746980392710505 5.750116702385327 4.64713038261835 4.218321553887823 0.6598306542258991 0.10223467963968494 -0.7503387181724026 1.2596290163975787 1.0997177570431653 1.8233784321894524 1.3493790388707625 0.0 21.12692675790373 -5.800876682366456 0.49450658285403276 -3.261389712823975 1.1365365673258276 0.5126544327179818 -2.8699066942874074 -0.6422172083569222 -0.2624866899958825 1.231159280864876 0.7589354915775487 1.2482741231524828 -0.7976259523711184 -2.0692903943767824 -0.7255385893194225 1.8168945668738126 0.062213619903434304 1.450672017281612 0.13144152382171062 0.014748429940362184 -0.9852515700596378 1.2137245219889765 1.1656185329966737
0.425448753567 1.191505551286958 41.63165236908688 6.074744132117544 4.375909597391376 3.8449913897517303 0.6815433273083289 0.11849332384024769 -0.7463753208117885 1.191505551286958 1.1359055455138816 1.824355788498508 1.3895302247020929 0.0 22.025978142295514 -5.594712311874018 0.500010550130055 -3.1317860150336023 1.1764317965952915 0.4606002487524052 -2.868626210220075 -0.6595692916421168 -0.267663432046492 1.2733045339321565 0.7409277993797225 1.2833602223135658 -0.782979540753283 -2.047660728441277 -0.7515455238773204 1.8173373106490112 0.07412782631195994 1.5792515365335387 0.1373989884182749 0.01927906171897731 -0.9807209382810227 1.2517143510690496 1.204435765436381
0.435957337781 1.1256706688892917 36.982311931574294 6.318480547780478 4.115255750685027 3.4974713973871245 0.7045142782267663 0.13549390037544398 -0.7426273002423709 1.1256706688892917 1.1741904637112772 1.8254067356608175 1.4315631634689063 0.0 22.965620191667085 -5.386742553641182 0.5054472151379767 -3.0069001833754303 1.2184451544117236 0.4138216936079228 -2.867334887509612 -0.6778245267987546 -0.2730673071712548 1.3183642269654086 0.7225441291264639 1.3205658033903165 -0.7682846815164398 -2.0258699039598116 -0.7786857432259993 1.8178039891323368 0.08218467918077872 1.7030730468643434 0.14417376325413128 0.023498313450733832 -0.9765016865492662 1.2917056001498606 1.2452029364453152
0.446725484024 1.0621287741705592 32.76745755715701 6.489148184950128 3.8650962740845136 3.1746599434029523 0.7288356748389185 0.15330338447196823 -0.7390823676014314 1.0621287741705592 1.2147261247315309 1.8265374724036039 1.4756437571300993 0.0 23.949100485319203 -5.176522641856576 0.5108108553583416 -2.886605729498043 1.2627103869025293 0.3717644228323274 -2.866036160558571 -0.697042313212657 -0.2787108692555175 1.3665344628904696 0.7037148431583036 1.360046876573504 -0.7535477583334124 -2.003923523017652 -0.8070658342170807 1.8182956246097142 0.0870478059871354 1.8222823282604566 0.1518083381589389 0.027419568564508334 -0.9725804314354917 1.333851763918083 1.2880747200892197
0.457759603479 1.0008799333836902 28.956572059000163 6.594157881823751 3.625338751638481 2.8754460595643843 0.75460765059042 0.1719948247652766 -0.7357265384333407 1.0008799333836902 1.2576794176507 1.8277547806290155 1.5219528792173596 0.0 24.979935552913908 -4.963536674809171 0.5160956959945938 -2.7707773335099213 1.3093796628656915 0.3339122742067582 -2.8647339923056356 -0.7172867580736694 -0.28460753075658346 1.418028571745862 0.6843633350997781 1.4019732879698403 -0.7387753303785932 -1.9818273066912508 -0.8368021276142894 1.818813222644842 0.08930613317294786 1.9370254236810704 0.16034915409516204 0.031058184129691968 -0.968941815870308 1.3783210345047472 1.3332210533554307
0.469066265685 0.9419198907950689 25.520204558943405 6.640511468497319 3.3958715174532723 2.598714292538087 0.7819390664772708 0.19164798591648166 -0.7325438334852568 0.9419198907950689 1.303231777462118 1.8290660881304075 1.5706879439768613 0.0 26.061958975647347 -4.747397213288366 0.5212959245236771 -2.6592908289106205 1.3586257818348413 0.29979470299234273 -2.863432879436196 -0.7386271032479053 -0.29077163207576207 1.4730787788579982 0.6644051577405125 1.4465300993701342 -0.7239741284699046 -1.9595870774055408 -0.8680217452525022 1.8193577562839147 0.08947855716625917 2.047448610163633 0.16984700139588016 0.03443185633110446 -0.9655681436688955 1.4252977556124535 1.3808286455493026
0.480652202448 0.8852401035288212 22.43004094223445 6.634805277531385 3.1765643412796365 2.3433494395506185 0.8109483492933978 0.21235006073625964 -0.72951593805779 0.8852401035288212 1.351580582155663 1.8304795348000347 1.622064644097873 0.0 27.199345951351223 -4.527482942501372 0.5264057061862683 -2.5520231952811394 1.4106445388067246 0.2689910627811808 -2.862137829564321 -0.7611381945456868 -0.2972185172547207 1.5319380460632883 0.6437470463681308 1.4939191130408023 -0.7091510509232571 -1.9372087399532651 -0.9008637616861955 1.8199301465149376 0.08801863582489766 2.1536982974159855 0.18035746390762547 0.0375610373507832 -0.9624389626492168 1.474984023436429 1.431102644357531
0.492524311848 0.8308277949453919 19.658962669225183 6.583235314183117 2.9672692006636594 2.108241138226722 0.8417644118250583 0.23419647762827986 -0.7266217709372421 0.8308277949453919 1.4029406863750973 1.8320040502972235 1.676318915437855 0.0 28.396634215729005 -4.303166690887477 0.5314192004125399 -2.4488525587412964 1.4656573480971775 0.24113185921733063 -2.860854469980987 -0.784900997267258 -0.3039646165627381 1.594882129799598 0.6222857609474979 1.544360583243832 -0.6943131592462736 -1.9146982605147984 -0.9354805273783012 1.820531238225172 0.0853193944542711 2.25592117861222 0.1919414434245007 0.04046946665979334 -0.9595305333402067 1.5276014722657854 1.484268508842637
0.504689662351 0.7786660260098054 17.181093924596762 6.491603936689977 2.7678211193881417 1.8922882767036626 0.8745276602008543 0.2572918203033361 -0.7238369329568151 0.7786660260098054 1.4575461003347572 1.833649436365844 1.7337091673779421 0.0 29.658782360026528 -4.073944726548199 0.5363305781164058 -2.349658200003814 1.5239142292199541 0.21589733140043202 -2.8595893194431476 -0.8100031623284443 -0.311027536685214 1.6622118877996146 0.5999066993236369 1.5980951434771908 -0.6794676735955034 -1.8920616422884051 -0.9720391840299136 1.8211617707367573 0.08171819523883588 2.354264691012324 0.20466578746485733 0.04318485520672766 -0.9568151447932723 1.5833932740914451 1.540574126736065
0.517155497011 0.728733784951811 14.971837353422892 6.365325498959999 2.5780390815453416 1.6944031966927238 0.9093910954894182 0.2817507741686439 -0.7211332359058552 0.728733784951811 1.515651825815697 1.835426463143719 1.7945185899098415 0.0 30.99120805805438 -3.8389822024287095 0.5411340398463069 -2.254320570110078 1.5856969557305174 0.19301388951115891 -2.858349425603956 -0.8365396477651792 -0.3184261591666609 1.7342557160960856 0.576482578586884 1.6553858268566457 -0.6646219681818125 -1.8693048982987424 -1.0107232108541089 1.8218223418379984 0.07750109312278344 2.4488761800449788 0.21860389028038876 0.04573946347248192 -0.9542605365275181 1.6426262548486172 1.6002920302359638
0.529929237787 0.6810060942074985 13.007898755049007 6.20943560676821 2.3977270253191176 1.5135156595098802 0.9465215239966612 0.30769927458723834 -0.7184779438752646 0.6810060942074985 1.5775358733277687 1.837346972211157 1.8590579294525038 0.0 32.399802234406245 -3.597440219820204 0.5458238347157452 -2.162721313380403 1.6513229525448256 0.17224903823877372 -2.8571427390774122 -0.864613402818444 -0.3261807479713294 1.8113723851697727 0.551871624703641 1.7165204463572763 -0.6497835664932802 -1.84643402474055 -1.0517343259340364 1.8225133639881637 0.07290763465394715 2.5399035692811953 0.23383651184200402 0.04817104745223233 -0.9518289525477677 1.7055933632668245 1.663722036490772
0.54301848996 0.6354541346365222 11.267300831755362 6.0286005430527965 2.226674861674138 1.3485765527982345 0.9861008633164428 0.33527576895118 -0.7158329035402559 0.6354541346365222 1.643501438860738 1.8394239950019948 1.9276685353204823 0.0 33.8910219758197 -3.3486157894617627 0.5503942800966102 -2.074743297571576 1.7211498266490182 0.1534054396596244 -2.855978362260437 -0.8943361156591623 -0.3343130669420749 1.8939541457510725 0.5259155423568046 1.7818142031881903 -0.6349601365194442 -1.8234549646449059 -1.0952945808827714 1.8232350111310038 0.06813540798707843 2.627495694783691 0.2504527068903343 0.050523945300472994 -0.949476054699527 1.7726163847386733 1.7311941635563652
0.556431046662 0.5920453861608359 9.72938689505121 5.827125979163496 2.0646595707972804 1.1985613156124095 1.028327570168994 0.3646325329747171 -0.7131537343806197 0.5920453861608359 1.71387928361499 1.8416718825805474 2.0007255492343705 0.0 35.47192130475261 -3.091380396045611 0.5548397820262724 -1.9902706508489327 1.7955804572322824 0.136314724267558 -2.8548661397398645 -0.9258290353483949 -0.3428465080921124 1.9824300343072427 0.49843750703260015 1.851612445949102 -0.6201594859698798 -1.8003735728971895 -1.141648532356197 1.823987154227645 0.06334406552233349 2.711801381513253 0.2685507506922524 0.05285008342686881 -0.9471499165731312 1.8440488567289355 1.8030717369479197
0.570174893515 0.5507437840670227 8.37481487700003 5.60896924894757 1.9114463295938726 1.0624730638273856 1.0734181802091989 0.3959372787820739 -0.7103885363497598 0.5507437840670227 1.789030300348665 1.8441064512866696 2.078641763998905 0.0 37.1501951105646 -2.824686888882663 0.5591548562878703 -1.9091888052999337 1.8750696493983183 0.12083155962579795 -2.8538172644527835 -0.959223870948405 -0.3518062317020871 2.0772697291758915 0.4692393710750852 1.9262939329538367 -0.6053895575409495 -1.777195574900004 -1.191065935855222 1.824769283241387 0.058659777336603956 2.7929704972194314 0.28823942882722653 0.05521060188132365 -0.9447893981186763 1.9202795054422968 1.879755141451678
0.584258213385 0.5115098901702463 7.185542377041142 5.3777504888370515 1.7667896650934805 0.9393454015115011 1.1216089584558884 0.42937484551878174 -0.7074765780410603 0.5115098901702463 1.8693482640931474 1.8467451441786669 2.161871686052087 0.0 38.93427922637811 -2.5474478044513096 0.5633341501546809 -1.8313845465879441 1.960131987854722 198.11739755784726 -2.8528442176148783 -0.9946637731736854 -0.3612193192333119 2.1789876569399063 0.43809877903054134 2.0062742908376543 -0.5906584243179269 -1.7539265181641899 -1.2438445714477389 1.8255804128565176 0.054179096210366595 2.8711536704104534 0.3096393928467588 0.057677501931863384 -0.9423224980681366 2.0017359689612473 1.9616858714963952
0.598689391255 0.47430107785952597 6.144803582341892 5.136764731637969 1.630434645924776 0.8282449071867957 1.173157666313486 0.4651490779235904 -0.704346739893482 0.47430107785952597 1.9552627771891433 1.8496072113646518 2.250916037295662 0.0 40.83338958517336 -2.258220847734952 0.5673724647999765 -1.756746069313809 2.0513516393764837 57.609889661307285 -2.8519607320581857 -1.0323044062180033 -0.3711149401199881 2.288147513864183 0.40476585077717553 2.0920098312497784 -0.5759742853895997 -1.7305717205306361 -1.3003133970318619 1.8264189686653278 0.04997265873871774 2.946502060300947 0.33288473667503976 0.060335606419186005 -0.939664393580814 2.0888889955033227 2.0493511258988093
0.613477019219 0.43907172982224985 5.237078768537967 4.888995467993593 1.5021180837670025 0.728273287203887 1.2283454273654808 0.5034849781560989 -0.7009154964908626 0.43907172982224985 2.0472423789424683 1.8527139086062197 2.3463268824516055 0.0 42.857595549911146 -1.9555455518338039 0.5712647783750642 -1.6851630376251516 2.149395023327834 31.875297629413627 -2.851182180377483 -1.0723151127951183 -0.381524533567059 2.40536732829801 0.3689591184221384 2.1840018508784054 -0.5613454617119881 -1.7071362100882506 -1.3608361919221459 1.8272826499005275 0.04608885643124602 3.019167958258306 0.3581249493555416 0.06328511184063657 -0.9367148881593634 2.182257293089708 2.1432891786941237
0.628629901594 0.4057734474471666 4.4480572403669205 4.637128045494683 1.381569739993935 0.6385691930098071 1.2874786718473903 0.5446310395477535 -0.6970846111492739 0.4057734474471666 2.1457977864123174 1.856088718716013 2.4487131752630438 0.0 45.01791142071508 -1.6378573528699187 0.5750062698321874 -1.6165266506021325 2.2550268071115243 21.12277868268555 -2.850525687433841 -1.114880175441991 -0.3924820064084244 2.531324929770158 0.3303609879198057 2.282801277630028 -0.5467803923805916 -1.6836246554384648 -1.4258155242901855 1.828168264004973 0.0425571305572845 3.0893048317926497 0.3855271433578405 0.06664450935488664 -0.9333554906451134 2.282413009692008 2.244095462216408
0.644157060163 0.3743552705052173 3.764594601557116 4.383563499262261 1.2685135359539184 0.5583097016917445 1.3508911359651705 0.5888618117300592 -0.6927383975853061 0.3743552705052173 2.251485226608618 1.8597575938802533 2.5587468290233115 0.0 47.32637396347886 -1.3032739817335441 0.5785923435818682 -1.550729711771646 2.3691303424803576 15.253292064389422 -2.850010207974486 -1.1602001771813228 -0.4040239481240575 2.666763896104971 0.28861252084175354 2.389013733595711 -0.5322876313642301 -1.6600412871404386 -1.495697139540267 1.829071527387352 0.03939101764272587 3.1570673079579805 0.4152786694963534 0.07055406259888808 -0.9294459374011119 2.38998806139432 2.3524296105569342
0.660067739549 0.34476390584285865 3.1746652025689115 4.130432904222909 1.1626687559243463 0.4867114633269918 1.4189458683184717 0.6364807306964829 -0.6877404033685144 0.34476390584285865 2.364909780530786 1.863749223007408 2.6771693771622718 0.0 49.79610867806511 -0.949792291473092 0.582018655146352 -1.4876667021806016 2.492733679080876 11.57924494994633 -2.849656687797867 -1.2084934598627601 -0.4161898639738382 2.81250001607123 0.24330734487584293 2.5033050545986315 -0.5178758448472519 -1.636389807646187 -1.5709748418069307 1.8299868255852199 0.03659098288313626 3.2226113152051337 0.4475902355404441 0.07518003096334103 -0.924819969036659 2.505681577472089 2.4690237507635455
0.676371412716 0.31694396361230714 2.6673106266000906 3.8796122285647625 1.0637512329846184 0.423031521613699 1.4920371763396316 0.687823252585097 -0.6819293295733126 0.31694396361230714 2.4867286272327194 1.8680953217732534 2.8047992976594065 0.0 52.44143891347088 -0.5751306084532806 0.585281138006436 -1.427233856437014 2.62704193210627 9.079519570077698 -2.8494884196444152 -1.2599976749778983 -0.4290224270944566 2.969428304563077 0.19398445194906258 2.6264073081259873 -0.5035538092791066 -1.6126732874637448 -1.6521959543947784 1.8309069247087364 0.034147053425753755 3.2860946455473647 0.482699677330358 0.08071987944419878 -0.9192801205558012 2.630268863448696 2.59469244359924
0.69307778661 0.29083819966495605 2.2325850556295666 3.632736719734581 0.9714745086838065 0.36656781781605063 1.5705924121188992 0.7432601574337216 -0.6751143347678765 0.29083819966495605 2.6176540201981653 1.8728309469951097 2.9425396854302885 0.0 55.27792525627014 -0.1766542369405368 0.5883760319729651 -1.3693292409688747 2.7734742539072887 7.281092412817798 -2.849530961619281 -1.3149714147081537 -0.4425677500857931 3.1385303387159857 0.14012016208575998 2.7591250852111275 -0.4893304103174574 -1.5888940438557841 -1.7399671296230244 1.8318226244429396 0.03204106492451416 3.347676608959391 0.5208763185178205 0.08740828672688572 -0.9125917132731143 2.764612220875906 2.7303444687849354
0.710196807939 0.2663877625446115 1.8614983583932623 3.3912164761055554 0.8855509691668669 0.31665939060498777 1.6550734775140776 0.8032013047899501 -0.6670689190061518 0.2663877625446115 2.758455795856796 1.877994832956007 3.0913868768506445 0.0 58.32249556419205 0.24798719067345135 0.5912999134678827 -1.313852833830118 2.9337004412045427 5.934736302186719 -2.849812907612157 -1.373695907046806 -0.4568756762686396 3.320882283479377 0.08111811322362908 2.902342451185591 -0.47521464280069536 -1.5650535032623092 -1.8349610582756155 1.8327223409884463 0.030248885740606888 3.407519519806994 0.5624264876225809 0.09552499195686392 -0.9044750080431361 2.9096748624783144 2.876997661410102
0.727738669096 0.2435324435811916 1.5459576330984068 3.1562498822883724 0.8056929315715453 0.27268628727125416 1.7459778345980583 0.8680991755780972 -0.6575245499717219 0.2435324435811916 2.9099630576634308 1.883629741061196 3.252438507691709 0.0 61.59349767465339 0.702596322217548 0.5940497282464615 -1.2607066053184002 3.1096541960717836 4.896619743939363 -2.850364843794912 -1.436476738140901 -0.4720000901699836 3.517662543175649 0.01629913906977311 3.057029507374976 -0.46121561194827154 -1.5411520361369937 -1.9379228789966938 1.8335916060940363 0.028741949259535295 3.4657864148090467 0.607699485512218 0.10540298724645547 -0.8945970127535445 3.0665381840598105 3.0357962684241695
0.745713814222 0.222210928539049 1.2787080304824399 2.928839987447996 0.7316137237040828 0.23406920406402296 1.84383885905962 0.9384532234258255 -0.6461615169198245 0.222210928539049 3.0730647650993665 1.8897828301904127 3.426903248179542 0.0 65.11054821550374 1.1907690493003562 0.5966228272252652 -1.2097945986887293 3.3034763079809903 4.077885675995833 -2.8512208113115847 -1.503645575153396 -0.48799924595628125 3.73016046939551 -0.05511264632005164 3.224250030588081 -0.44734253599574947 -1.5171887827519654 -2.0496782300868075 1.8344124657309606 0.02748915817524933 3.5226441133449926 0.6570957042961434 0.11744030268813344 -0.8825596973118666 3.2364258922035027 3.2080339178113033
0.764132945434 0.20236104907688565 1.053273325842307 2.709809527116951 0.6630286406021001 0.20026887512294717 1.9492249806824935 1.0148142810958658 -0.6325978652425106 0.20236104907688565 3.2487083011374893 1.8965060045367854 3.6161104358949783 0.0 68.89491808517762 1.7150181122443064 0.5990170062077356 -1.1610230100780612 3.517263605540625 3.4206522683431024 -2.8524194130039024 -1.5755617769508716 -0.5049361115300717 3.9597847795578835 -0.13400596918206248 3.4051689058421353 -0.4336047503557346 -1.493161412419271 -2.1711416467463076 1.8351627589500423 0.02645838204012513 3.578265310794249 0.7110764784203941 0.1321142989587476 -0.8678857010412524 3.4207366678312816 3.395181532067572
0.783007029186 0.18392003341576596 0.8638971476695965 2.499811825787061 0.5996559279673197 0.17078523306742316 2.062737431486886 1.0977874583572063 -0.6163796206682615 0.18392003341576596 3.43789571914481 1.9038562720859595 3.821516098476549 0.0 72.96927354435378 2.281034698475645 0.6012305508752455 -1.1143002670678839 3.752372184176537 2.8855797533771406 -2.853999766208193 -1.652613854464578 -0.5228787233591354 4.2080692929994745 -0.22139580871254433 3.6010569706195668 -0.42001171420649885 -1.4690658824065332 -2.3033224208065985 1.8358152540453212 0.02561681730357589 3.6328207259144296 0.7701735738546641 0.14999433407373575 -0.8500056659262643 3.6210865857788987 3.5989163716357244
0.802347302807 0.16682475282030512 0.7054852227905396 2.2993484666624746 0.5412176977140084 0.14515636080443922 2.185005946321069 1.1880370522103338 -0.5969635081563966 0.16682475282030512 3.641676577201782 1.9118960171632786 4.044713069045385 0.0 77.35730715766326 2.89379974093504 0.6032622876902656 -1.0695371048924525 4.00799330592663 2.4449834999265696 -2.8560052637668605 -1.7352206408134005 -0.541900547284913 4.4766808531066475 -0.31844693016599684 3.8132982832639613 -0.4065730185076401 -1.444896163742506 -2.4473346263655995 1.8363366152907705 0.024932660886892066 3.686487033995328 0.8350042759048651 0.17176416347666912 -0.8282358365233309 3.839371068285244 3.821156266281607
0.822165281186 0.15101196431254982 0.5735490607693097 2.108782346575616 0.48744072210071127 0.1229572617019005 2.3166813198415075 1.2862898360294779 -0.573698615995986 0.15101196431254982 3.8611355330691794 1.9206932211037964 4.287436917073193 0.0 82.08402476661556 3.557485781490735 0.6051116429243266 -1.0266466397067449 4.279371542681121 2.0788071555328798 -2.858483283757841 -1.8238319203984492 -0.5620808344282799 4.7674235882464435 -0.4264972536957472 4.04339408017622 -0.39329839699746977 -1.4206438738048213 -2.6044047481239145 1.836686169395226 0.024375758793282173 3.7394465805548136 0.906288055177264 0.1982457843960379 -0.8017542156039621 4.077840919227703 4.064078986899981
0.842472763631 0.13641854721327032 0.46415169754709573 1.9283495411540645 0.4380572284116947 0.10379847074688987 2.458424250094774 1.3933366700480827 -0.5458062889224444 0.13641854721327032 4.097373750157957 1.9303215095544113 4.551567461235512 0.0 87.17511626829446 4.2788815092139805 0.6067787114035078 -0.9855444380420941 4.55945629885358 1.7721594725486067 -2.8614826003698237 -1.9189283694860004 -0.5835049595438585 5.082239112285184 -0.5470818166689838 4.292963130594045 -0.38019773985293104 -1.396297900594911 -2.77587691890799 1.836814436451608 0.02391783146852586 3.791883219931493 0.9848653621272265 0.23042566327252478 -0.7695743367274752 4.339175960108916 4.330097610595496
0.863281840893 0.12298173233148699 0.373855685773738 1.7581734494750254 0.39280559976602186 0.08732453168528628 2.6108888399707033 1.51003396371887 -0.5123524361368856 0.12298173233148699 4.351481399951172 1.9408599863108107 4.839128963814287 0.0 92.65641197943918 5.064272625110899 0.6082643372932257 -0.9461485817847008 4.8506795871072885 1.5137494601173305 -2.8650547163369677 -2.0210204116474566 -0.606264722940454 5.4232041117327645 -0.6819651457783942 4.563740218794301 -0.36728111045037126 -1.3718439477377349 -2.963218949118274 1.836661385956806 0.02353316554366394 3.8439859794705264 1.0717227117815922 0.26949088749168926 -0.7305091125083107 4.626492874663372 4.6217516364032925
0.884604902363 0.11063932248878444 0.299673672711745 1.5982764550058612 0.35143101654418496 0.07321236466458654 2.7746992192628004 1.6373017682820743 -0.47221713605879767 0.11063932248878444 4.624498698771334 1.9523927170045354 5.1522815627125365 0.0 98.55326496580294 5.920612630699691 0.6095702096065174 -0.9083797279540708 5.165716495789956 1.2948594409186787 -2.869251788001481 -2.130645578757724 -0.6304585902161501 5.79251977923342 -0.8331738621689133 4.857567442342722 -0.35455876552397225 -1.3472640207582254 -3.168023441777836 1.8361543748894544 0.023198727831998597 3.895946664128218 1.1680210804620859 0.31686898706633393 -0.6831310129336661 4.943108778327766 4.941503555308932
0.906454643451 0.09932990314661384 0.23902176501063999 1.4485919018430482 0.31368602845896476 0.061169548482003754 2.950417162254107 1.7761189241112691 -0.424057446055115 0.09932990314661384 4.917361937090178 1.965007712186638 5.4933044910350635 0.0 104.88933848116407 6.85589234298202 0.6106989755691097 -0.872161162598839 5.509178348720169 1.1086518606606341 -2.8741253621172964 -2.248363795562621 -0.6561918349305975 6.192492580844782 -1.0030344766140513 5.176378206727284 -0.34204117898248493 -1.3225358422442968 -3.3920052107274046 1.8352057226937415 0.022894340396630457 3.9479596116097038 1.2751306437546035 0.3742767596750536 -0.6257232403249464 5.291869559315175 5.29164489039123
0.928844073145 0.0889930419954384 0.18967583679379882 1.3089752040292164 0.2793310590152122 0.050932540814214874 3.1384981571901123 1.927513113086082 -0.3662644260162802 0.0889930419954384 5.23083026198352 1.9787951899361205 5.86456583596724 0.0 111.68517804157194 7.878294985791086 0.6116543754320418 -0.8374188482172022 5.883601374302033 0.9496896859623561 -2.87972382318834 -2.3747498464970924 -0.6835765376025101 6.625501788681775 -1.1942134483034197 5.522169807151112 -0.3297390695715307 -1.2976321952340881 -3.6369914978265205 1.833709878601689 0.022602683342408385 4.0002198119617525 1.3946715266982554 0.4437768660482799 -0.5562231339517201 5.674611208659544 5.674607140489493
0.951786521751 0.07956947646480134 0.14973087627522647 1.1792144277327306 0.24813484151859508 0.04226485880291012 3.339232868795568 2.092544127318017 -0.29691359676820994 0.07956947646480134 5.56538811465928 1.9938448251484844 6.26847451789107 0.0 118.95615323321461 8.996798076475907 0.6124414027867371 -0.8040814641421039 6.2916094145067065 0.8135972510050208 -2.886088908771061 -2.5103820715286598 -0.7127313795227597 7.093949526093959 -1.4097589764007785 5.896960947123043 -0.31766343244277667 -1.2725201947364526 -3.904902448738376 1.8315401419595816 0.02230922178634269 4.052920313210652 1.5285614114346788 0.527843282060287 -0.47215671793971303 6.093231396943965 6.09323139671957
0.975295648839 0.07100128821315958 0.11756341584409147 1.0590402060706585 0.21987478828393373 0.03495524111482961 3.5526704932700213 2.2722777163623227 -0.2137095092244996 0.07100128821315958 5.921117488783369 2.0102415952689134 6.7074079795588695 0.0 126.70976089245663 10.220727635761527 0.6130664948547887 -0.772080439311055 6.735861067678578 0.6968156950996459 -2.8932506336562067 -2.655826095690741 -0.7437811512956098 7.600187295014647 -1.653141565757706 6.302728906953247 -0.30582557447778974 -1.247160495797361 -4.197717623392855 1.8285449089278676 0.022002046230622213 4.106247979811604 1.6790698062312783 0.6294348294822072 -0.3705651705177928 6.550552318265576 6.550552318265576
0.999385451365 0.06323206378119574 0.09179704237266993 0.9481350676322445 0.19433729378869458 0.028815811145765244 3.778520183205418 2.4677469501971196 -0.11392556727368586 0.06323206378119574 6.297533638675697 2.0280597132322287 7.183608071402011 0.0 134.94209093414003 11.559669685252151 0.6135377574400067 -0.7413499770973693 7.218965988038361 0.596423490317644 -2.9012203925882636 -2.8116121162291954 -0.7768558732473143 8.146411923153925 -1.9282895286480344 6.74132021399749 -0.2942371529151592 -1.2215064545834262 -4.517423588564063 1.824543443115819 0.02167166308607176 4.160377609257856 1.8488782844782274 0.7520754136139116 -0.24792458638608839 7.049609052289608 7.049609052289608
1.02407027201 0.05620704070200735 0.07127094341035453 0.8461420749071379 0.1713179727625605 0.023680259392016376 4.0160267355885475 2.679896979482861 0.005657383164065166 0.05620704070200735 6.69337789264758 2.0473539944274206 7.699035275811645 0.0 143.63331882749128 13.023147035097644 0.6138652292892358 -0.7118270717056752 7.743365197065734 0.5100026188611473 -2.9100093504192914 -2.978203974723085 -0.8120893978036466 8.734588425234074 -2.239612038961957 7.2143601562247195 -0.2829102163591409 -1.1955032725605184 -4.865935666087489 1.8193212089294266 0.02131073070449842 4.215463171008319 2.041210532586495 0.899936540039894 -0.10006345996010602 7.593314432687474 7.593314432687474
1.04936480773 0.04987323849889837 0.055011410283313716 0.7526728379921455 0.15062183679302923 0.019402061249086503 4.2638174340902175 2.9095085375049385 0.14880795876620834 0.04987323849889837 7.1063623901503625 2.0681478503472186 8.255170348916572 0.0 152.7420338580804 14.620246092643871 0.6140611901283997 -0.6834515158833572 8.311165362835407 0.4355373371881288 -2.91949518975004 -3.1559579728314096 -0.8496173329154262 9.365975114586602 -2.5919994015327656 7.7229450593676425 -0.2718572466135822 -1.1690871780104712 -5.244985768028365 1.8126248719986469 0.020913768802304195 4.271625676110405 2.2596127244362396 1.0779147913105813 0.07791479131058132 8.184277181460944 8.184277181460944
1.07528411848 0.04417957412727389 0.04220618746709636 0.6673148929811514 0.13206340991148996 0.015852744618045034 4.519718623484028 3.157094760525977 0.3198866923036112 0.04417957412727389 7.53286437247338 2.0904169412375495 8.852751064776992 0.0 162.19835057307063 16.35890903341226 0.6141405154636944 -0.6561658998473408 8.923915049097117 0.3713365661158551 -2.9295937840887434 -3.3450691848693346 -0.8895740921516747 10.04130151016601 -2.990784829279877 8.26763842162515 -0.261091198882189 -1.1421847219563515 -5.655966479788876 1.8041571702432435 0.0204768551109737 4.3289367139267885 2.5084371376926287 1.291691477049664 0.2916914770496639 8.824555849523044 8.824555849523044
1.10184363621 0.039076961547592236 0.032181534936362985 0.5896384261614372 0.1154667872541892 0.0129202197613308 4.780544108320228 3.42276546212189 0.5238579035001596 0.039076961547592236 7.967573513867047 2.1140674044677192 9.491431417367208 0.0 171.89578660585744 18.245151603094424 0.6141210791579822 -0.6299156010349996 9.582309223191306 0.3159736596516639 -2.9401083017783085 -3.5455030299058437 -0.9320888443229973 10.760155707437214 -3.441644693205919 8.848045030903743 -0.25062553665947845 -1.114712309731277 -6.099720025800673 1.7935720027150728 0.019997316634114474 4.387396198082969 2.7925821935701673 1.5477535988950333 0.5477535988950333 9.515327112762082 9.515327112762082
1.12905917402 0.03451839526519815 0.02438185016261139 0.5192023868591474 0.10066563886495589 0.010507181894658092 5.041863379466225 3.706053574101868 0.7662473802764111 0.03451839526519815 8.403105632443708 2.1389075564159232 10.16935301272012 0.0 181.68213152482022 20.281908862476307 0.6140242008936838 -0.6046487649660941 10.285807908557835 0.2682391274125698 -2.9507329260294024 -3.756910210711677 -0.9772801091840105 11.520649311070988 -3.950406281229186 9.462493839595865 -0.24047425607916048 -1.0865761345770881 -6.576260647267432 1.780470282325195 0.019473438003893465 4.446903473852132 3.117543678627281 1.8533454735178676 0.8533454735178676 10.256451105961576 10.256451105961576
1.15694693562 0.030459017793852003 0.018351683206846346 0.455559979164142 0.08750316242601627 0.008529595036966185 5.297767075744454 4.005699952838934 1.0530116348354772 0.030459017793852003 8.829611792907423 2.164612154173855 10.8826234277429 0.0 191.34985613527164 22.46761484520946 0.6138751300466051 -0.5803162768960486 11.032154751175094 0.2271031251908378 -2.961017597512736 -3.978524093834234 -1.025248735930485 12.31892814831779 -4.522721383222356 10.107612345327736 -0.23065189245975798 -1.0576727440860003 -7.084419814987643 1.764397361254448 0.018904196064128 4.507220447885468 3.4893163554103652 2.2163063993307546 1.2163063993307546 11.045918192238178 11.045918192238178
1.18552352493 0.026856171155394005 0.013719968792841425 0.39826357485046227 0.0758319878716195 0.006915263738797812 5.5406605363010035 4.319396807124148 1.3902735916818063 0.026856171155394005 9.23443422716834 2.1906788586532584 11.624707818850146 0.0 200.62710686760965 24.79438348156826 0.6137035487163933 -0.5568717248239106 11.816784178634675 0.19168539203367285 -2.970326013123205 -4.209041479110831 -1.0760690224481306 13.148606454338612 -5.163555129912156 10.777834143369306 -0.22117349941050538 -1.0278905365805802 -7.621408584208734 1.744843164395551 0.01828904230687511 4.567926566666034 3.914172227170273 2.6447353271958622 1.6447353271958622 11.879169554364202 11.879169554364202
1.214805956 0.023669432643248632 0.01018629457118772 0.346869046110549 0.06551403744685153 0.005602497457742003 5.761134021641534 4.64349670026913 1.7838681907587564 0.023669432643248632 9.601890036069223 2.2163776693180552 12.38575822682798 0.0 209.171035272663 27.24584764512833 0.613544065100378 -0.5342713536548152 12.632110751506064 0.161230913389201 -2.977787902897975 -4.446490903557929 -1.1297778074530676 14.00014873421932 -5.876432298161208 11.464861092858246 -0.2120545880666295 -0.9971125558285778 -8.18230035434459 1.721246539354184 0.01762774480576136 4.628365887485151 4.398258698150097 3.14640835426027 2.14640835426027 12.748298390329493 12.748298390329493
1.24481166311 0.020860635226729297 0.007509023631131823 0.3009395510424132 0.05642034504997911 0.0045388706167964425 5.947978669274795 4.972705378438687 2.2386361457529436 0.020860635226729297 9.913297782124658 2.2406960736957893 13.151933927877602 0.0 216.5659967744094 29.79481447412202 0.6134366526294631 -0.5124740111701003 13.466705377108832 0.13509002387479613 -2.9822488191188623 -4.6880974916294695 -1.1863615217058092 14.860249766101346 -6.662386812670966 12.157124867635616 -0.2033110111981962 -0.9652210071747507 -8.759454290734448 1.693005703437995 0.01692030849038711 4.687588734567802 4.946951983976686 3.727867550965696 2.727867550965696 13.641165333090354 13.641165333090354
1.27555851119 0.018393873086351355 0.005495091470455123 0.2600487970337054 0.048430838561482385 0.003680079754902039 6.088436388984179 5.299792688337289 2.7574113237359317 0.018393873086351355 10.147393981640299 2.2622856737878037 13.90480530537623 0.0 222.3300296899884 32.40082832301081 0.6134269715613253 -0.4914410859048388 14.304382651785238 0.11270197426629143 -2.9822236623579217 -4.930160096942261 -1.2457414502185429 15.711298335638658 -7.518581646150662 12.839323834451804 -0.19495877436849032 -0.9321039317118102 -9.34192572526996 1.659496943400163 0.01616698942456711 4.744293231942125 5.563904353998359 4.393108438215753 3.3931084382157533 14.540502419856052 14.540502419856052
1.30706480642 0.01623549290298277 0.0039913025885406715 0.22378381217659776 0.04143408898666861 0.002988897706152413 6.168781493788177 5.615376491037722 3.339678878175418 0.01623549290298277 10.281302489646961 2.2794201955251694 14.62098136782238 0.0 225.93357450151774 35.00796945710086 0.6135664884609396 -0.4711364377031455 15.12325956496343 0.09358121841130172 -2.975864292692507 -5.167964788086271 -1.3077578617297059 16.531052275868763 -8.436619147145446 13.492148454774185 -0.18701375488407163 -0.89766440752555 -9.91494646934997 1.6201037446438338 0.015368415879581715 4.796776010311429 6.249749786221801 5.141834010560826 4.141834010560826 15.423136500207788 15.423136500207788
1.33934930714 0.014354071628339068 0.0028769591220684284 0.19174724951103272 0.03532703016615581 0.0024342234204015965 6.175319169482249 5.907856934083265 3.979949972803926 0.014354071628339068 10.292198615803748 2.289979678541023 15.272148588607674 0.0 226.8342371787296 37.54342604601409 0.6139122891416527 -0.4515263212335039 15.894909804881834 0.07730585127543996 -2.960956201462527 -5.395767461494197 -1.372154215148944 17.29269332239588 -9.400657831140467 14.092344592986496 -0.17949130994337134 -0.8618324499690907 -10.459602427896169 1.574258069080851 0.014525819654735797 4.8429058967943766 7.00049470659213 5.967332140917179 4.967332140917179 16.259530756720928 16.259530756720928
1.37243123502 0.012720381574562584 0.0020576630070085248 0.16355924946882816 0.03001465310219824 0.0019902248899326537 6.095835248782977 6.16359677351699 4.666014683692607 0.012720381574562584 10.159725414638295 2.2914802211244245 15.825740098330902 0.0 224.52974136758507 39.91773248330275 0.6145264667789702 -0.43257930318277293 16.583847121395625 0.06350776982193652 -2.9349633333577136 -5.60688505249171 -1.4385633247759226 17.965455648809417 -10.385597163751674 14.613286190969298 -0.17240575964696597 -0.8245794073570828 -10.952880245645645 1.5214943013081348 0.013641367245246581 4.880138275553957 7.80573023417112 6.8541838232704375 5.8541838232704375 17.013909237908734 17.013909237908734
1.40633028653 0.011307343756650172 0.0014601435194105624 0.13885890616269567 0.02540967888808334 0.0016355716739803025 5.921430450500056 6.367448231026039 5.377395401539264 0.011307343756650172 9.869050750833427 2.281170825903998 16.24644615237269 0.0 218.62770571971336 42.02699171768517 0.615474967530374 -0.41426617372411556 17.14774057553048 0.05186424716320418 -2.8951420430601296 -5.793935483277253 -1.5064980602103735 18.516010914239818 -11.355776685920036 15.02621820907828 -0.16576973983621401 -0.7859340643715047 -11.368283925985786 1.4615142177377087 0.012718564665757059 4.90559032676969 8.64696016340639 7.776219696202828 6.776219696202828 17.645270447036253 17.645270447036253
1.4410666446 0.010089970508295652 0.0010279733281650973 0.11730535631777014 0.021432213577902082 0.0013527527211281622 5.648521639981548 6.503702847106846 6.0844927861906974 0.010089970508295652 9.41420273330258 2.256215613383399 16.49869551949328 0.0 208.925221078286 43.758141806263076 0.6168258002318964 -0.3965598531339136 17.538969971306784 0.042090705353962345 -2.838740745030949 -5.949256113432444 -1.5753496870612202 18.91071733591715 -12.26480675705357 15.302262271051745 -0.1595934352484783 -0.7459988975210403 -11.67720763810699 1.3942581670237357 0.011762678928017061 4.916192470905429 9.496514602614567 8.695365194466051 7.695365194466051 18.10956792776863 18.10956792776863
1.47666099073 0.009045298461397676 0.0007180481019007939 0.09857852428225347 0.018009389230961417 0.001127474575565589 5.2806227572019795 6.557477641977136 6.7490277122425555 0.009045298461397676 8.801037928669967 2.2139678530323366 16.55006564091252 0.0 195.48415902607348 44.99767250140567 0.6186465740308564 -0.37943529388895225 17.708273567684323 0.03393455228256907 -2.763289240412636 -6.0655048240391185 -1.6443970493406366 19.118686442106352 -13.057220877920484 15.4151388028866 -0.1538837252474698 -0.7049641161357174 -11.851167031754114 1.3199738336743414 0.010781095510723846 4.908918805787146 10.317648513436383 9.562162858808229 8.562162858808229 18.363200787478196 18.363200787478196
1.5131345172 0.008152313052308277 0.0004977166983788098 0.08237956284032465 0.015074994322443422 0.0009481346146231861 4.829393846274776 6.516445152126247 7.3263316769105105 0.008152313052308277 8.048989743791294 2.152320283009711 16.375321420701805 0.0 178.68250894063686 45.64294685476146 0.6210014207685086 -0.36286937953621345 17.61108412594903 0.027169990514990305 -2.666959342127605 -6.1364061907426475 -1.7128291488130014 19.115395132761336 -13.672494096629528 15.344356748580003 -0.1486433006035282 -0.6631164920762712 -11.864818832884563 1.2392703932608973 0.009783514683910755 4.881077409386577 11.066405388970043 10.318697928562583 9.318697928562583 18.367687672353878 18.367687672353878
1.55050893977 0.007391865757087382 0.0003424609559027551 0.06843100804806568 0.012569096909302096 0.000805363679835458 4.31445771470358 6.372680730590557 7.769723527677417 0.007391865757087382 7.1907628578393 2.0700867379283237 15.960486385516717 0.0 159.22080196667224 45.61546945272013 0.6239474826441618 -0.34684082051992604 17.21635978992435 0.021593681586776204 -2.548948319961814 -6.157554168357446 -1.7797820769006434 18.886317674189705 -14.051506244129222 15.078396003826235 -0.14386983574314458 -0.6208398940367698 -11.699445805665514 1.153143993562359 0.00878188475494407 4.830609567089252 11.695554816350404 10.904247329278961 9.904247329278961 18.095010187118262 18.095010187118262
1.58880651058 0.006746585302515018 0.00023403572226193521 0.056476687055819416 0.010437663860304439 0.0006916323224930339 3.761699658768227 6.124282210985187 8.03662764105119 0.006746585302515018 6.269499431280379 1.967341693191754 15.30612707233157 0.0 138.06935401067543 44.87347149877313 0.6275312768204652 -0.331330048154719 16.51616246169663 0.017020997672719165 -2.4098095007324534 -6.127137561100462 -1.844388740454941 18.42986744398308 -14.144774605336904 14.61724519891997 -0.1395553197127459 -0.5786052065307701 -11.34632018025589 1.0629619019061232 0.007790003501506254 4.756320024066117 12.160368012702705 11.263214931058569 10.263214931058569 17.532714362338947 17.532714362338947
1.62805003139 0.006200784114566762 0.0001589908464333336 0.04628140241567644 0.008632178731819727 0.0006009148551221427 3.200175774610364 5.776367735941877 8.095371598966596 0.006200784114566762 5.333626291017274 1.8456301357340565 14.428997889983869 0.0 116.3570991603984 43.42101259917225 0.631785354162843 -0.3163191072823759 15.532449520576964 0.013282122815309579 -2.251641612200121 -6.046436200464844 -1.9058368317888983 17.758920603127358 -13.920932828788985 13.97364669221663 -0.13568565261179086 -0.5369490450755976 -10.80918460367329 0.9703983325290171 0.006822775403760666 4.657947176012117 12.425294312110085 11.353980261269893 10.353980261269893 16.687606552287168 16.687606552287168
1.66826286717 0.005740361267560156 0.0001075072884306429 0.03763041913587767 0.007109261133243945 0.0005284054607859274 2.6582305749040978 5.341128441392497 7.931054943977257 0.005740361267560156 4.430384291506829 1.7079728183552807 13.361439235484086 0.0 95.22172747670322 41.31134304329805 0.6367257079178584 -0.3017915483310445 14.316968784482395 0.01021579762208618 -2.078063580027924 -5.919961543839919 -1.963427848212733 16.900413273923377 -13.373377179801494 13.17260385319901 -0.13224059639667396 -0.49644311137906794 -10.1051269604557 0.8773244222033437 0.005895192748296078 4.535999896139748 12.470028982416546 11.156570447867484 10.156570447867484 15.586954739374313 15.586954739374313
1.70946895999 0.005352703180359103 7.248913168930587e-05 0.030328781457751558 0.005830289887785173 0.00047028073740596084 2.1597516230438103 4.836810076207334 7.548834801877319 0.005352703180359103 3.5995860384063505 1.5586347525206679 12.14842084028367 0.0 75.6559505054775 38.64279343139278 0.6423503310690643 -0.2877323195222714 12.942232796682246 0.007652634473420779 -1.8939468618755415 -5.755186827378737 -2.01662863643353 15.89293116747188 -12.523114215618099 12.249094927157746 -0.12919412885655918 -0.4576584287871326 -9.263428469148787 0.7856656989648797 0.0050211861990952 4.39134324286097 12.293345129065528 10.676997375635136 9.676997375635136 14.276583414041486 14.276583414041486
1.7516928433 0.005026583262178929 4.886207093113091e-05 0.024200482426509455 0.004761032329873933 0.0004235032258553262 1.7214861370016101 4.285767076088925 6.97357700315819 0.005026583262178929 2.8691435616693504 1.4026866443234913 10.842720564827541 0.0 58.38784954323881 35.54785224001581 0.6486391661462387 -0.2741276597678419 11.486004280714189 0.005345634943301319 -1.7049405848316437 -5.561908132510136 -2.0651076161126047 14.782709885459486 -11.416746691960402 11.24438875947418 -0.1265151935747637 -0.421130088350222 -8.322467966136196 0.6972490555849682 0.004212535563062438 4.224599344909151 11.913566323790135 9.946879517988584 8.946879517988584 12.816023079657935 12.816023079657935
1.79495965653 0.0047520616486066754 3.303684645584203e-05 0.019087512095972585 0.0038712819133594535 0.0003856606820664012 1.3519866933223101 3.711976547693457 6.245893523285742 0.0047520616486066754 2.2533111555371836 1.2454466529196822 9.499204678822926 0.0 43.82201035027329 32.17754317678724 0.6555554701919788 -0.2609649929319007 10.01588968710404 0.002398276992652137 -1.5168821984332395 -5.351361047135446 -2.108750543878599 13.618847575759053 -10.119944003441006 10.201701404844306 -0.12416877963464572 -0.3873276927199542 -7.325292201867183 0.6136643617350905 0.00347802691971132 4.0355257447244774 11.36553642022187 9.018360132217186 8.018360132217186 11.27167128775437 11.27167128775437
1.83929516005 0.004520386080736336 2.250310707446579e-05 0.014848808344473975 0.003134506270783538 0.0003548361047325763 1.0522051376400092 3.1385211678920415 5.41566905807119 0.004520386080736336 1.7536752294000155 1.0919197208846945 8.169344287471205 0.0 32.047553896018286 28.684473613407196 0.6630483885727356 -0.24823282395273782 8.581322456132407 0.0164016525001137 -1.3352137926971102 -5.1352525740771044 -2.1476546596337864 12.448650446980615 -8.708061996906789 9.162036312675161 -0.12211721757293163 -0.3566342671200695 -6.314798470707666 0.5361621067014377 0.0028229850208774106 3.8226139240555908 10.694975217580598 7.955743463605444 6.955743463605444 9.70941869300546 9.70941869300546
1.8847257505 0.00432389487453521 1.5525323783705947e-05 0.011359135952944022 0.0025275078130882105 0.00032950382901893833 0.8172714679563973 2.5855092458480544 4.534803556763977 0.00432389487453521 1.3621191132606623 0.9463427955485817 6.896922670024639 0.0 22.89890792201344 25.207893888517127 0.671056355477978 -0.23592063730145885 7.216042722699353 0.004760626007692559 -1.1645119021069938 -4.92484348985038 -2.1821040788292216 11.313862671047966 -7.256245039566187 8.16089471116955 -0.120321554152087 -0.3293329117720536 -5.329496283495613 0.46559929691937735 0.0022492221979753878 3.5831884871378983 9.951743557787305 6.8260881965232425 5.8260881965232425 8.188207309783905 8.188207309783905
1.93127847654 0.004155922805536576 1.0917684970554603e-05 0.008507919268371831 0.0020300988924774922 0.0003084473487795374 0.6387682305987307 2.0687289018780466 3.650852032916058 0.004155922805536576 1.0646137176645512 0.811903690796079 5.715465750580609 0.0 16.043610965647417 21.863053224210027 0.6795108572998634 -0.22401879816709713 5.946661861702831 0.003149605368517005 -1.0081953910720658 -4.7301573266452985 -2.2125321954957116 10.24818180284648 -5.831149288595605 7.226220188397814 -0.11874287179104727 -0.3055978335553247 -4.400540288889799 0.40243467671273797 0.0017553568231335097 3.314241493853101 9.183568085181928 5.690944759548412 4.690944759548412 6.755558477212963 6.755558477212963
1.97898105491 0.004010710602718156 7.879433776537326e-06 0.006198052732708341 0.001624793348911591 0.0002906949351238438 0.5068710441143323 1.5991126737556862 2.8026636541025143 0.004010710602718156 0.8447850735238871 0.6906487336625643 4.647448727626402 0.0 11.071159750923101 18.735847649204775 0.68834011445401 -0.21251845683783666 4.797848217074941 0.0022318514823492577 -0.8684237284375841 -4.559347123502062 -2.2394780177557636 9.27610231444663 -4.485590505661734 6.377602246531749 -0.11734344461374009 -0.28548676533443473 -3.550302767024938 0.34676488279702367 0.001337392750509637 3.0140471016385777 8.431317240922743 4.600674414708575 3.600674414708575 5.445459488232462 5.445459488232462
2.02786188696 0.003883318607773606 5.875922979925381e-06 0.0043447128330546675 0.0012965160189433093 0.0002754695679023959 0.41196536598432554 1.1829018535889821 2.0183517250357745 0.003883318607773606 0.6866089433072092 0.583550047739322 3.704960668342984 0.0 7.564807234500537 15.882240092230322 0.6974723342166887 -0.20141145646134762 3.7892521990168104 0.0015891077836588082 -0.7461575420846517 -4.418254623733652 -2.26354283388487 8.412900064163448 -3.2563972353227317 5.626529209276585 -0.11608766219246205 -0.2689356733022541 -2.792357038339759 0.2983877260601756 0.000989428341492037 2.684227154177413 7.726291120856238 3.5917881928889157 2.5917881928889157 4.278397136196125 4.278397136196125
2.07795007557 0.003769545022771039 4.553832106745323e-06 0.002874191969976081 0.0010323314548371584 0.00026215017148917546 0.34562026367506854 0.8222935599227981 1.3152890017913017 0.003769545022771039 0.5760337727917809 0.4906790012886264 2.8913227745830827 0.0 5.14870839214731 13.331235374100613 0.7068383214126748 -0.19069024453033445 2.92955625931055 0.0011094505609912176 -0.6413334861783153 -4.310228673012398 -2.2853519633313732 7.66549194743838 -2.1649447602842127 4.97738510397449 -0.11494269325777295 -0.25576122002446067 -2.1324905772914 0.25687781382638886 0.0007043751807685396 2.3314707293266634 7.089458174646599 2.686914819728143 1.686914819728143 3.262948592519924 3.262948592519924
2.12927544244 0.003665849041483859 3.6815899152173965e-06 0.0017227715061254678 0.0008211926800910115 0.0002502416238592687 0.30099726443533703 0.5163324189107493 0.7014835021196846 0.003665849041483859 0.5016621073922284 0.41142873269429486 2.203145609511913 0.0 3.5113624895758924 11.089920813500521 0.7163733672932615 -0.18034778832692933 2.215119532756595 0.000742962228478103 -0.5531021630290712 -4.2362636905203095 -2.3055243020027913 7.033899461521935 -1.2194459556436026 4.4288833815090545 -0.11387889638578345 -0.24567683851711183 -1.570287713916855 0.22166206968218938 0.0004745992517272481 1.9678761886750586 6.532237354129707 1.8965639864699488 0.8965639864699487 2.3982260938621773 2.3982260938621773
2.18186854587 0.0035692790410070865 3.108146097593736e-06 0.0008356487901313562 0.0006537104041682601 0.0002393514656019118 0.27286390808023026 0.26184781907327126 0.17764121559952106 0.0035692790410070865 0.4547731801337171 0.3447392851758974 1.6324143957332382 0.0 2.411024382417038 9.149136836758284 0.726018443352913 -0.17037749442371286 1.6336979662278572 0.00046069679508131277 -0.4800828765254874 -4.195437204899208 -2.324650509734857 6.513032929624087 -0.4180528834438539 3.9756613882885086 -0.11287000856398688 -0.23832266501692778 -1.1008764654912508 0.1920866708168143 0.0002924362678309366 1.609290272717314 6.05825974949037 1.2217859919743095 0.22178599197430948 1.6765591721080266 1.6765591721080266
2.23576069895 0.0034774059082298184 2.7349118851792217e-06 0.00016592810429364628 0.0005219426977440215 0.0002291716549042286 0.2573880107389384 0.054302561227408785 -0.26064321318196326 0.0034774059082298184 0.4289800178982307 0.28929533159713716 1.1683368047162674 0.0 1.6699502323501907 7.488879399590404 0.7357207952215784 -0.16077313245135105 1.1692558416926124 0.00024316036899657404 -0.4205981062399162 -4.185518583742619 -2.343279329630754 6.094499645862981 0.24797148047353473 3.609801828912718 -0.11189315508571192 -0.2333023404773776 -0.7165538303138992 0.16747100383636404 0.00015056629904650778 1.2720575731612194 5.66551962796475 0.6570022767843161 -0.3429977232156839 1.0859822946825468 1.0859822946825468
2.29098398821 0.003388261484228213 2.4970076723269935e-06 -0.0003263170058906313 0.00041920476201676236 0.0002194640821936474 0.2518493115511413 -0.11151608589966239 -0.620923615408348 0.003388261484228213 0.41974885258523553 0.24368227088586725 0.7988252371768876 0.0 1.1633564013247868 6.082864037988413 0.7454340641200321 -0.15152876321370834 0.7189315640736491 9.638636060777472e-05 -0.37286378387325514 -4.203578685417699 -2.3619107469131806 5.768183796137217 0.7914691389174434 3.3221151751572897 -0.11092872732633613 -0.2302170306968849 -0.40813342884759235 0.14714752383200716 4.225657657085487e-05 0.9695594739778024 5.348434943551982 0.19254438424948805 -0.807455615750512 0.6322344580306104 0.6175538738470006
2.34757129272 0.003300282035779261 2.3509787401987707e-06 -0.000674906088432821 0.00033989810819760045 0.00021004886887907855 0.25435399462094754 -0.2409818101024931 -0.91233586633287 0.003300282035779261 0.4239233243682459 0.20649827932269282 0.5115874580353759 0.0 0.8071566396321197 4.902043580348856 0.7551180678107134 -0.14263867124681928 0.4239244871096299 5.049943415653163e-05 -0.335126451822535 -4.246477901994814 -2.380994398553876 5.5234577388186095 1.2271960247098894 3.1031059665781116 -0.10996017167498745 -0.22869023642771935 -0.16596314038834703 0.13048856539430118 -3.850582009033878e-05 0.709991194318042 5.099534414450363 -0.18331838821996183 -1.1833183882199618 0.48315595642232934 0.40602856642062
2.40555630365 0.0032122566014305084 2.2669231101787087e-06 -0.0009083373598129071 0.0002793582164041697 0.00020079472770255806 0.26359399831210845 -0.3392783404496738 -1.1444614947949914 0.0032122566014305084 0.43932333052018074 0.17642699109083257 0.2948618357251893 0.0 0.5467779716885424 3.917120053353576 0.7647383598954597 -0.13409730188047186 0.43932333052018074 3.612400119415423e-05 -0.3057507404893165 -4.311194475953634 -2.40093168263072 5.35000789582829 1.570251132019093 2.9436277893598635 -0.1089737261010854 -0.22838221210272916 0.019371716997955715 0.11692227786404144 -9.696520013840505e-05 0.4959763541514879 4.9106845653081095 -0.48290710243170265 -1.4829071024317027 0.4644122072531641 0.36548708479735526
2.46497354435 0.003123280012178476 2.223566113113852e-06 -0.0010504970113703305 0.00023371956055369321 0.00019161086198015573 0.27866361306005494 -0.41118376609012086 -1.3265766847336833 0.003123280012178476 0.4644393551000916 0.1522786498249764 0.1378626703664083 0.0 0.34803949700029724 3.1001711101935774 0.7742656647338514 -0.12589920281801814 0.4644393551000916 2.972248981751256e-05 -0.28326717841084526 -4.395015221090934 -2.422080237606143 5.238337394816229 1.835051908733828 2.8352803357421013 -0.10795813283139878 -0.22899619901254994 0.1566091011430465 0.10594020600273653 -0.00013760722085071246 0.32562796141517214 4.773898039716138 -0.7181598132206295 -1.7181598132206295 0.47854796842090563 0.37202958440379597
2.5258583909 0.0030327103514218917 2.205255468495396e-06 -0.0011212947721065082 0.00019979676561954391 0.00018244003385813577 0.29892971859543804 -0.4609575328920488 -1.4672089154570538 0.0030327103514218917 0.49821619765906344 0.13300810018105808 0.031007282202009767 0.0 0.19025973658162895 2.425610233648438 0.7836752615030501 -0.1180389702962299 0.49821619765906344 2.6005441731082464e-05 -0.2663915966278143 -4.4956300366203905 -2.4447597526187237 5.180031164552045 2.034741307299226 2.770615441103803 -0.1069043478697757 -0.23027941528314824 0.2535733536137218 0.09709890575406847 -0.00016420631227708802 0.19421671092870268 4.681814966892982 -0.9000563571741815 -1.9000563571741815 0.507702012529667 0.39790375579904014
2.58824709315 0.0029401305935088415 2.200172184152478e-06 -0.0011372289827352505 0.00017498059444764772 0.00017325254518550879 0.32394530396917387 -0.49229968664424456 -1.5739182724970973 0.0029401305935088415 0.5399088399486232 0.11771706891195013 -0.034009432548474106 0.0 0.06134205806738797 1.8706389394836551 0.792946369108864 -0.11051119983129265 0.5399088399486232 2.340555388824182e-05 -0.25402583038355553 -4.611165869527954 -2.469258358379551 5.1678601642362985 2.1809077954294382 2.7432123239298276 -0.10580526139130515 -0.23202105897448266 0.3170818243592342 0.09001761435772224 -0.00017989401281668567 0.09574201639432678 4.627951324287676 -1.0383340263432528 -2.038334026343253 0.547090546220782 0.43563931043799986
2.65217679636 0.002845314144962461 2.19928423367603e-06 -0.0011118857056161473 0.00015714744145555552 0.00016404095650300165 0.3533947622289704 -0.5083573620816161 -1.6532308227428067 0.002845314144962461 0.5889912703816174 0.10564668383962282 -0.06423955236118939 0.0 -0.045564187528493685 1.4153660957714578 0.8020615655322283 -0.10331044151114632 0.5889912703816174 2.134563433234765e-05 -0.24524702320723357 -4.740184133831802 -2.4958390968362463 5.195782429936225 2.283515810653671 2.747668594193221 -0.10465543769443271 -0.23404870952114443 0.35294604349428715 0.08437354948382553 -0.00018723637868244239 0.02406685506298467 4.606791159554607 -1.1414001885499632 -2.141400188549963 0.5948959175674208 0.48252331468320264
2.71768556323 0.0027481940051444207 2.1957339276194915e-06 -0.001056376662013878 0.0001445810206989274 0.00015481542689621422 0.3870609456221076 -0.5117593978806401 -1.7106667295452853 0.0027481940051444207 0.645101576036846 0.09616461611670726 -0.06556515350843917 0.0 -0.13423677509884105 1.0427196012201705 0.8110062609386118 -0.09643115993276963 0.645101576036846 1.958025471968371e-05 -0.23929072861208167 -4.881656798405958 -2.5247461637088064 5.258882058830351 2.3509662356389804 2.7795410419241344 -0.10345087937669868 -0.23622393884186974 0.36602974699775953 0.07989598852721765 -0.00018831247901262367 -0.02642221280030632 4.613780482793505 -1.2163676630163307 -2.2163676630163307 0.6502515502874101 0.5373327300763164
2.78481239664 0.002648835261791794 2.1844636202054743e-06 -0.0009797210938887755 0.00013590497625500786 0.0001455995960617852 0.42480631141691905 -0.5046654251051446 -1.7508214060364975 0.002648835261791794 0.7080105190281984 0.08874986895730369 -0.04281088700829905 0.0 -0.2067363728516561 0.7382240584592145 0.8197682340297903 -0.08986769863449928 0.7080105190281984 1.7995990039966217e-05 -0.23553134717864754 -5.034931231172427 -2.556210762445709 5.353274909846862 2.390228602712014 2.8352601560025024 -0.10218881753509296 -0.23843764516228147 0.36033673764246354 0.07635992113744303 -0.0001847890186701345 -0.060523255825095615 4.645264390818664 -1.269158869037791 -2.269158869037791 0.7127002547142239 0.5994476895144827
2.85359726283 0.0025474106428652545 2.161961568798121e-06 -0.0008891768925667312 0.00013002520197270479 0.0001364269551210364 0.46656277756172465 -0.4888203132829564 -1.7774714777572729 0.0025474106428652545 0.7776046292695411 0.08297716192509542 0.00013315151226822586 0.0 -0.264214982487482 0.48972899897108535 0.8283372337725446 -0.08361424913361637 0.7776046292695411 1.653888862961789e-05 -0.23346219130449908 -5.199690879874257 -2.5904565080732893 5.476000775657755 2.4070056735460623 2.912034612276144 -0.10086752788562801 -0.2406054619870462 0.33911048880333994 0.07357978809355914 -0.0001779883629743768 -0.08216034675170367 4.698396146388213 -1.304642200776728 -2.304642200776728 0.7820136040166844 0.6685572076907418
2.92408111523 0.002444178854838316 2.1260606993179907e-06 -0.0007905261047536157 0.0001260807305567864 0.00012733766809064676 0.5123267685040028 -0.4656081640690585 -1.7936874290482825 0.002444178854838316 0.8538779475066715 0.07850207242115756 0.060190518458389075 0.0 -0.30737297308322964 0.2871188114511088 0.8367046444717079 -0.0776648244605247 0.8538779475066715 1.5183797612931688e-05 -0.232676583930418 -5.37591672563153 -2.6277043854986863 5.624915227418324 2.4059051610702 3.0077563786485766 -0.09948617148123376 -0.24266348034212937 0.30493394179251954 0.07140361321760354 -0.00016894870962617307 -0.0944485141884138 4.771037279911653 -1.3267771599673477 -2.3267771599673477 0.8581223509700765 0.7445463937378369
2.99630591877 0.002339465451314524 2.0757555319585396e-06 -0.0006883197800486634 0.00012340213349216632 0.00011837581483869816 0.5621572938515143 -0.4361024553367922 -1.8019421879358557 0.002339465451314524 0.9369288230858571 0.07504755137822652 0.13498663515000153 0.0 -0.336698805689758 0.12202240378474558 0.8448632092879795 -0.07201323722988362 0.9369288230858571 1.3919419874658447e-05 -0.2328507560743993 -5.5638527012853745 -2.6681773073379462 5.798589330280701 2.390603674208498 3.120912893957211 -0.09804465802739275 -0.24456442564109757 0.25982272389512484 0.06970769025461124 -0.0001584761349324452 -0.09981009978512863 4.861660507194844 -1.3387543321107334 -2.3387543321107334 0.941087367204712 0.8274490089046531
3.07031467497 0.002233645991025165 2.0110223645811914e-06 -0.0005860869671200325 0.00012147646018243205 0.00010958703080404313 0.616175832410579 -0.40111062606124276 -1.8042100318554715 0.002233645991025165 1.0269597206842984 0.07239207327034872 0.22274968882882717 0.0 -0.35258005472074383 -0.012449902796366714 0.8528068062360096 -0.0666530821057616 1.0269597206842984 1.2740160666068779e-05 -0.23372886229390266 -5.763976876187276 -2.712104339892424 5.996221713644054 2.363995140888441 3.250509737122292 -0.09654352945886553 -0.24627435116864704 0.20530835029257874 0.06839188986026883 -0.0001471888537936843 -0.10010156639307986 4.969261992959756 -1.34312292899767 -2.34312292899767 1.0310874876753582 0.9174267570377863
3.14615144744 0.002127131262859393 1.9326391762325768e-06 -0.0004865122755759222 0.00011991783374935804 0.00010101652061332554 0.674567395105558 -0.36121240809575866 -1.802053344072883 0.002127131262859393 1.1242789918425966 0.07035945979887395 0.32222564776971385 0.0 -0.355342634633962 -0.12193932007909536 0.8605302698079416 -0.061577722747719776 1.1242789918425966 1.1641568678287607e-05 -0.23511016136955376 -5.97697919464429 -2.7597246775355626 6.2175650512008325 2.328320352161792 3.3960052798673948 -0.09498386136544293 -0.24776985201886095 0.1425099892960042 0.06737559044131043 -0.00013555434129081134 -0.09673072535013172 5.0932860593582365 -1.3419026953986153 -2.3419026953986153 1.128415326824553 1.0147608245981874
3.22386138819 0.0020203543729089978 1.8420075368864822e-06 -0.0003915860186987945 0.00011844290826897707 9.270742278066774e-05 0.7375825036826851 -0.3167918007158095 -1.79669659963911 0.0020203543729089978 1.2293041728044751 0.06881028993899395 0.43260757316536513 0.0 -0.34525222248814397 -0.21104881877693127 0.8680292518658439 -0.05678028304194094 1.2293041728044751 1.0618202762516377e-05 -0.23683825192926056 -6.203745886218409 -2.8112914514238208 6.4628674852437245 2.2852768418571734 3.5572576457333724 -0.0933671798982217 -0.24903576545324668 0.07219454390219118 0.0665942002000899 -0.00012392009964874384 -0.09075661781223472 5.233563312439249 -1.3366793718548378 -2.3366793718548378 1.2334774353617217 1.1198497753492025
3.30349076448 0.0019137595089270434 1.7409812144737895e-06 -0.0003027307359693786 0.00011685047821287042 8.469950211660911e-05 0.8055400346595376 -0.26806303024597244 -1.7890882667088834 0.0019137595089270434 1.3425667244325628 0.06763474452276239 0.5534784577236791 0.0 -0.32249759485417373 -0.2835197013130055 0.8753001154264568 -0.05225364263746013 1.3425667244325628 9.663322049363342e-06 -0.23879215221922367 -6.445350292916381 -2.8670754592455805 6.732828494845079 2.2361101585858045 3.734483464783586 -0.09169539195720107 -0.2500633036172356 -0.005174321446133973 0.06599621832316499 -0.00011253892380569851 -0.08297073612062698 5.390261770412517 -1.32868459664334 -2.32868459664334 1.346797307376682 1.2332113067592119
3.38508698636 0.001807792215606441 1.6317065601694712e-06 -0.00022090742426347754 0.00011500461330328953 7.702814538358143e-05 0.8788310034406521 -0.2150909480847023 -1.7799517415817858 0.001807792215606441 1.4647183390677536 0.06674670784858003 0.684766597485968 0.0 -0.2871674195731888 -0.3423786215455433 0.882339855735599 -0.047990436646886736 1.4647183390677536 8.769764305290187e-06 -0.24087898968507315 -6.703049713575743 -2.927368902821798 7.028568374093966 2.181688166016761 3.9282276743285562 -0.08997072664593095 -0.2508485575725293 -0.08939734772428215 0.06554077493396719 -0.00010158947008429768 -0.07396118807070358 5.5638500350262134 -1.3188616911183155 -2.3188616911183155 1.4690206996287083 1.3554868551717363
3.46869863492 0.00170289103255939 1.5164790264237523e-06 -0.00014670443030715048 0.0001128207686783555 6.972363471583962e-05 0.95792342624564 -0.15780634956680897 -1.7698265934753383 0.00170289103255939 1.5965390437427334 0.06607894672105906 0.826712450267395 0.0 -0.23922568089579246 -0.39006348830835663 0.8891460435551088 -0.04398305939885083 1.5965390437427334 7.931238490387294e-06 -0.2430280663381622 -6.97828784409849 -2.9924892198394963 7.35161039327056 2.1225602089654303 4.139343552898811 -0.08819568619775084 -0.25139131176343893 -0.18051011373001874 0.0651955880362697 -9.119286503272739e-05 -0.06416245162512411 5.755071349527827 -1.3079189776090439 -2.307918977609044 1.6009231607336578 1.48744870919667
3.55437549121 0.001599480364102998 1.3976189738969823e-06 -8.041165384388351e-05 0.00011025439223552212 6.281067243991983e-05 1.0433684390110345 -0.09601670869007116 -1.7591014845128017 0.001599480364102998 1.7389473983517243 0.06557919798467027 0.9798459138389228 0.0 -0.17848793815086622 -0.42852759788763617 0.8957167861641023 -0.040223672120996534 1.7389473983517243 7.14331494912434e-06 -0.2451860754756292 -7.272702469092911 -3.062783096273653 7.703874747219442 2.0590030939852944 4.3689821845054935 -0.08637300479579277 -0.2516941132377314 -0.2787617741468504 0.06493527835269731 -8.142602189680181e-05 -0.053893494473462714 5.964927348867717 -1.2963723955461246 -2.2963723955461246 1.7434198935535452 1.6300096283954892
3.64216856584 0.0014979644656642522 1.2773685872303613e-06 -2.2082354122971706e-05 0.0001072916167078206 5.630813029653069e-05 1.135807879245598 -0.02941274289345246 -1.7480399904974468 0.0014979644656642522 1.8930131320759966 0.06520701266391642 1.1449731415785498 0.0 -0.10459872088430773 -0.4593251514631973 0.9020507021893477 -0.03670421439058702 1.8930131320759966 0.008959496699290167 -0.24731327150110005 -7.588138178300012 -3.1386307477843713 8.087683607127941 1.9910556083875048 4.618590718964603 -0.0845056139148675 -0.25176154681295265 -0.3846012889202926 0.06473998782462459 -7.233224180842202e-05 -0.043386747953208654 6.194670475051944 -1.2845790017801146 -2.2845790017801146 1.897578198095503 1.78423514532405
3.73213012941 0.001398722445608778 1.1578104704675345e-06 2.841543734851391e-05 0.00010394168411334457 5.022899573182528e-05 1.2359835677582072 0.04242883557769867 -1.7368004657654208 0.001398722445608778 2.0599726129303453 0.06493122410493932 1.3231721471649245 0.0 -0.017009790154890226 -0.48367793889712335 0.9081469069897075 -0.033416419132617836 2.0599726129303453 0.0024320651243256177 -0.2493804172808718 -7.926664031863915 -3.2204505620713153 8.505776808602597 1.9185431610046828 4.889918948172163 -0.08259661300138058 -0.25159967506662523 -0.49867043103058617 0.06459425336977381 -6.392959904595023e-05 -0.032810020587265044 6.445804195672252 -1.2727628357786216 -2.2727628357786216 2.0646328349581653 1.9513588513728155
3.82431374361 0.0013021041939449858 1.0408074195762115e-06 7.13562433430025e-05 0.00010023080353733148 4.458048794777585e-05 1.3447485588120835 0.12004620175971377 -1.725450749885204 0.0013021041939449858 2.241247598020139 0.06472792673256968 1.515796848134935 0.0 0.0850416463942369 -0.5025326717750255 0.9140050056373162 -0.030351830991909523 2.241247598020139 0.0013815259866722016 -0.2513663696110038 -8.29059625234704 -3.3087041998162907 8.961338110609617 1.8410935921544271 5.185034053853474 -0.08064924448428207 -0.2512156090177419 -0.621803183026239 0.06448609354650255 -5.621751931540637e-05 -0.022283003259100015 6.720090512589478 -1.2610341856568015 -2.2610341856568015 2.2460047274041006 2.132801063157956
3.91877429308 0.0012084271597274435 9.279620214531118e-07 0.00010712173843897734 9.619719017351128e-05 3.936431672265105e-05 1.463080663632943 0.20409678236076928 -1.7139785038396873 0.0012084271597274435 2.438467772721572 0.06457886989198589 1.7244892688818845 0.0 0.2025565661721749 -0.5166063298910741 0.9196250911057785 -0.027501827812158153 2.438467772721572 0.0009509606535071579 -0.25325617679635914 -8.682526177155331 -3.403902260313207 9.458032148411707 1.758145164852341 5.506343501244492 -0.07866687225987498 -0.250617181428034 -0.7550311791840374 0.06440627161128447 -4.91819063850466e-05 -0.011889675241767164 7.019564375690135 -1.2494032789027507 -2.2494032789027507 2.443323493481568 2.3301913487389174
4.01556801812 0.0011179739078206374 8.205941238508216e-07 0.00013617139913728413 9.188707584474561e-05 3.457705767788107e-05 1.5920986129382972 0.2953650663523481 -1.702297797644111 0.0011179739078206374 2.6534976882304955 0.0644701872315331 1.9511998905863845 0.0 0.3368001640064524 -0.5264187229971845 0.9250077456527676 -0.02485764493171083 2.6534976882304955 0.0007157512059084707 -0.2550395853308515 -9.105353886080353 -3.5066106290890953 10.000052553510411 1.6689474670560016 5.856626319350594 -0.07665296292904751 -0.24981270052794394 -0.8995950527739135 0.064347703844651 -4.279910889422186e-05 -0.0016876173499290534 7.346554865279917 -1.237789209623826 -2.237789209623826 2.658454410362983 2.545395510543727
4.11475254816 0.0010309903927178993 7.197338127969486e-07 0.0001590182269100406 8.735151658464642e-05 3.021061864110209e-05 1.733081285206816 0.39477400843513366 -1.6902522556357265 0.0010309903927178993 2.888468808678027 0.06439139595131843 2.1982165530423003 0.0 0.489331979142841 -0.5323211880796862 0.9301540436226439 -0.022410402013614106 2.888468808678027 0.0005668595165105639 -0.2567098786986581 -9.562328087780553 -3.617457639387261 10.59218215465138 1.5725554472275816 6.239073370894775 -0.07461106918282404 -0.2488107661496504 -1.056961876874743 0.06430498685421597 -3.703895887495869e-05 0.00828501573472084 7.703713345973353 -1.2260245086330843 -2.2260245086330843 2.89353052414766 2.7805477396836906
4.2163869361 0.0009476848925200795 6.261273213259843e-07 0.00017620867706746168 8.264385378861235e-05 2.6252773025268477e-05 1.887490511286016 0.5034001843286982 -1.6776151626562497 0.0009476848925200795 3.145817518810027 0.06433461208795929 2.4682023561537774 0.0 0.6620414717886516 -0.5345147756247206 0.935065554295139 -0.020151132057559695 3.145817518810027 0.0004636325283925557 -0.25826297472494997 -10.057093042490786 -3.7371421976932018 11.239866393672768 1.467816904381033 6.657337341258511 -0.07254481483363868 -0.24762013403401237 -1.22884889332689 0.06427402181282389 -3.186708316572184e-05 0.018004272755403332 8.094048874862741 -1.2138558900063452 -2.213855890006345 3.1509907628501734 3.038088804137214
4.32053169343 0.0008682275501016344 5.402532352561669e-07 0.00018830613320445686 7.781771169373037e-05 2.268773768870246e-05 2.0569980731497646 0.6224930922648539 -1.6640865700036793 0.0008682275501016344 3.4283301219162743 0.06429393797507478 2.764243551912595 0.0 0.8571900633966161 -0.5330632360601755 0.9397443435600499 -0.018070812253889068 3.4283301219162743 0.00038748753101953813 -0.259696732605215 -10.593743516751724 -3.8664430462864825 11.949301670775894 1.3533531477000944 7.11559365138774 -0.07045788107665714 -0.24624961725127353 -1.4172541424349645 0.06425171727220451 -2.724663984989826e-05 0.027456507002972252 8.52097154885962 -1.2009412407595819 -2.200941240759582 3.4336251001365192 3.320811331106101
4.42724882625 0.0007927504710858896 4.623464221580384e-07 0.000195877350100067 7.292543515447109e-05 1.949677453403992e-05 2.243517628759664 0.7534990586189514 -1.6492874678981286 0.0007927504710858896 3.7391960479327735 0.06426498632351549 3.0899085800346455 0.0 1.0774619258896603 -0.5279063099067495 0.9441929735350656 -0.016160396277365097 3.7391960479327735 0.0003287443544471901 -0.2610104229513585 -11.176888991336202 -4.00622936385992 12.727540669649516 1.227532519202935 7.618613724834015 -0.06835399363849383 -0.24470801563705125 -1.6244947018406333 0.06423575534832485 -2.3139609584501193e-05 0.0366354669493898 8.988344621716744 -1.1868429592854528 -2.186842959285453 3.7446280179194646 3.6319134516943703
4.53660187226 0.0007213483298785901 3.92427277140126e-07 0.00019948139945804747 6.801689047825372e-05 1.6658797120328856e-05 2.4492424651133256 0.8980903513793568 -1.6327510193248742 0.0007213483298785901 4.0820707751888765 0.06424451222470698 3.4493197558640025 0.0 1.3260248030078254 -0.5188493854225342 0.9484144994204805 -0.014410847612828959 4.0820707751888765 0.00028187704547771777 -0.26220432285522094 -11.811728642913753 -4.157472939382592 13.582617256985928 1.0884362705910202 8.171852434701242 -0.06623691053537228 -0.24300406669376648 -1.853253481055991 0.06422440875602475 -1.9507745622925227e-05 0.04554012282325992 9.500546481797052 -1.1710176600397983 -2.1710176600397983 4.087661817232371 3.975062389922809
4.64865593851 0.0006540794357578577 3.3033410442143895e-07 0.00019966076818333573 6.313856612945002e-05 1.4150965756229069e-05 2.676690156149883 1.0582003993019753 -1.6139104551065482 0.0006540794357578577 4.461150260249806 0.06423013004183321 3.8472398051432575 0.0 1.6066012747534026 -0.5055834970389 0.9524124629297335 -0.01281317353122613 4.461150260249806 0.00024350921289871462 -0.26327941474044614 -12.504138927889239 -4.321262195906871 14.52369432434422 0.933815595909887 8.781552177914499 -0.06411041021839674 -0.24114641240910623 -2.1066360323042344 0.06421639843253377 -1.631325819045698e-05 0.054173056487189925 10.062544064094416 -1.1528017572423352 -2.1528017572423352 4.46693165184226 4.354469927212682
4.76347774019 0.0005909672109507499 2.757567333369197e-07 0.00019693429693961055 5.8332922104031765e-05 1.194925686418292e-05 2.928755430522059 1.2360661787046416 -1.5920832036519945 0.0005909672109507499 4.881259050870098 0.06422009673614568 4.289175847218104 0.0 1.923559513651206 -0.4876549714110031 0.9561908820427296 -0.011358459247017727 4.881259050870098 0.00021146603513402177 -0.2642371671015717 -13.260775983976146 -4.498818391778706 15.561238608935371 0.7610384551879601 9.454866500765256 -0.06197827992616813 -0.2391435776992967 -2.388239098981442 0.0642107833859881 -1.3519298550070271e-05 0.06253927792015378 10.679979558065272 -1.1313924124096322 -2.131392412409632 4.887274592296349 4.7749821436578905
4.88113564037 0.0005320020323913233 2.2826977397226734e-07 0.00019179163278767986 5.3637946564563576e-05 1.0028994823710815e-05 3.208772844518409 1.4342785804483689 -1.5664518131049712 0.0005320020323913233 5.347954740864015 0.06421314692294464 4.781502927759044 0.0 2.2820103943084855 -0.4644530927537521 0.9597542367933124 -0.010037901845161623 5.347954740864015 0.00018428573035012965 -0.26507934736091227 -14.089195539372458 -4.691514387921355 16.707226697196603 0.5670261393694513 10.200006121466792 -0.059844304108198965 -0.23700395742595382 -2.70223209943713 0.06420687598637762 -1.1090309265434995e-05 0.070645292445285 11.359271956332588 -1.1058246075882892 -2.105824607588289 5.354265592465965 5.242186457665932
5.00169969069 0.0004771433881858092 1.873642317688946e-07 0.00018468924096201193 4.908688603217767e-05 8.365336943148554e-06 3.520591220266179 1.655844010383326 -1.5360373402832441 0.0004771433881858092 5.867652033776966 0.06420836822061272 5.331614693493721 0.0 2.687942179810032 -0.4352809979813332 0.9631074509819398 -0.008842843551208901 5.867652033776966 0.0001609502536095256 -0.2658079623998297 -14.99799359982214 -4.900896444683778 17.975390646551652 0.34817199916587904 11.02641416832602 -0.05771225281453042 -0.23473580997120316 -3.0534572268328293 0.06420417722785879 -8.992225410204367e-06 0.0784985759680263 12.107738612774684 -1.0749388185217397 -2.0749388185217397 5.8743440917886804 5.762540024334417
5.12524167305 0.0004263222992443715 1.5247650047727814e-07 0.00017604722392071346 4.470811808479691e-05 6.933704631964522e-06 3.8686620431337158 1.9042550115539836 -1.4996733715596147 0.0004263222992443715 6.4477700718895266 0.06420510685931827 5.948096700329912 0.0 3.148368729738083 -0.39911002329378287 0.9662558698515135 -0.007764803920654706 6.4477700718895266 0.0001407285363234029 -0.26642505276262074 -15.996971652391164 -5.128709602417912 19.38150415953674 0.10025336670958135 11.944969632827547 -0.055585869978736976 -0.23234725227300052 -3.447543597777882 0.06420232757356104 -7.192677639602004e-06 0.08610684072209769 12.933734087647212 -1.0373498759153383 -2.0373498759153383 6.454965547443083 6.343524225681822
5.25183514237 0.00037944395600410344 1.230140868930565e-07 0.00016624773251729545 4.052515247238497e-05 5.710156185684919e-06 4.258145369517561 2.1835794912327047 -1.4559646409903761 0.00037944395600410344 7.096908949195936 0.06420289870809633 6.640944308205559 0.0 3.6714779091389445 -0.3547815380036935 0.9692052338816564 -0.006795510538885163 7.096908949195936 0.00012308113870467457 -0.26693277099378676 -17.09733185871307 -5.376927310838356 20.943729548012392 -0.18168935491308028 12.968236628554003 -0.053468861546349576 -0.22984626713889697 -3.8910526279013933 0.0642010698823102 -5.661028468129836e-06 0.0934779704917846 13.846820598816455 -0.9913964319087727 -1.9913964319087727 7.104785576878962 6.9938341535561435
5.38155547039 0.0003363905186812675 9.83775832891176e-08 0.00015563402330173655 3.655671686144809e-05 4.671698775457777e-06 4.695035000502032 2.49856686157734 -1.403236604645958 0.0003363905186812675 7.825058334170054 0.0642014149687361 7.421821729524096 0.0 4.266912876137397 -0.3010851843131642 0.9719616488672242 -0.00592692785921245 7.825058334170054 0.00010760002570438771 -0.267333415710298 -18.31190611201534 -5.647786117323138 22.68302723324306 -0.5034978710877457 14.11075921310363 -0.05136488335852266 -0.2272406901541097 -4.391651126347818 0.06420022164193917 -4.368408722600051e-06 0.10061991431980259 14.857968899073004 -0.9350792789871161 -1.935079278987116 7.8338827762724845 7.723611284161108
5.51447989051 0.0002970240380988278 7.797882445758652e-08 0.00014450971764754214 3.2816943929629215e-05 3.796539461342585e-06 5.186309506069571 2.8547652234155616 -1.33949877177219 0.0002970240380988278 8.643849176782618 0.06420042675867624 8.304350405010428 0.0 4.945989640505521 -0.23612033793788112 0.9745315527782581 -0.005151283829427866 8.643849176782618 9.396930497765346e-05 -0.2676290083881185 -19.655428283032823 -5.94382632980394 24.62362980676138 -0.8720349012692542 15.389398954378992 -0.04927752914068334 -0.22453821924124312 -4.95829983399899 0.06419965432260723 -3.2878718920620176e-06 0.10753970636965385 15.97978062997876 -0.8660181003095158 -1.8660181003095158 8.654037753616157 8.54474125478995
5.6506875438 0.00026118943244043345 6.125517535907535e-08 0.00013313996045287094 2.9315622204119525e-05 3.064276314226932e-06 5.740114096094155 3.2586803571219396 -1.2623608302388813 0.00026118943244043345 9.566856826823592 0.06419977367226402 9.304495996584711 0.0 5.721960811013488 -0.15783099863155364 0.9769216794245026 -0.004461093983484488 9.566856826823592 8.193907512283596e-05 -0.2678216884395833 -21.144857959586954 -6.2679399251011185 26.793635086754083 -1.2954110302495412 16.82376590022443 -0.0472103178758022 -0.22174642806918438 -5.60151383224598 0.06419927813887832 -2.394266689556449e-06 0.11424415555775262 17.22677825993049 -0.7813481696935298 -1.7813481696935298 9.579095039999446 9.471255498194651
5.79025952613 0.0002287174884131608 4.7680123154014224e-08 0.00012175236086655837 2.605848779929914e-05 2.456033070645716e-06 6.36597675152772 3.717957699401471 -1.1689484480377956 0.0002287174884131608 10.609961252546201 0.06419934605975275 10.441012804508405 0.0 6.610490970397425 -0.06394930670063252 0.979139019770874 -0.003849182734378842 10.609961252546201 7.130748211567431e-05 -0.2679136696953154 -22.799762667337713 -6.623427020424519 29.225698220713056 -1.7832310787920365 18.43671918652035 -0.04516668136675684 -0.21887274812329374 -6.333659006747725 0.06419903089025465 -1.6642511113351945e-06 0.12073968874910468 18.615736968166857 -0.6776175497089891 -1.6776175497089891 10.625458009130623 10.519914950308351
5.93327893643 0.0001994278319353605 3.677055550314995e-08 0.00011053834986237 2.3047572109060726e-05 1.9545413733414057e-06 7.075071261467284 4.241596700255495 -1.0558166090133927 0.0001994278319353605 11.791785435778806 0.06419906846825824 11.735968826765413 0.0 7.630047565990101 0.04863372686567477 0.9811907811590691 -0.0033087016455869422 11.791785435778806 6.190822715149201e-05 -0.26790700507129106 -24.642776072036177 -7.014062686836728 31.957856646282835 -2.346870231739509 20.254962295235316 -0.04314995164407754 -0.21592448033332193 -7.169299573020657 0.0641988698537216 -1.0763314638446202e-06 0.12703184834896167 20.16607121050403 -0.5506823639166907 -1.5506823639166907 11.812870598605048 11.711209091152087
6.07983092616 0.00017313182674755971 2.8091055816984385e-08 9.965541955797883e-05 2.0281572487520617e-05 1.5441759129094945e-06 7.880533888284878 4.840223451462735 -0.9188129053196672 0.00017313182674755971 13.134223147141464 0.0641988899454256 13.215410241821797 0.0 8.80244577449822 0.1834281967618641 0.9830843450336643 -0.0028331445037117486 13.139825602545445 5.360176689150118e-05 -0.2678038172882501 -26.700144359263167 -7.444176205343965 35.0345394193164 -2.9998550244009845 22.309778660124948 -0.04116334836758061 -0.21290879091056147 -8.125643649910652 0.06419876594207603 -6.107817478357614e-07 0.1331257037221742 21.90031627217494 -0.39553896853949944 -1.3955389685394994 13.16594768990685 13.071475402377178
6.23000275004 0.00014963536080277696 2.125568222958696e-08 8.922932900893817e-05 1.7756244121093475e-05 1.2109484250827237e-06 8.7978475117458 5.526411808342042 -0.7529330359003517 0.00014963536080277696 14.663079186243001 0.06419877620797322 14.91014615034265 0.0 10.15354925238752 0.34467942468324547 0.9848272237319405 -0.0024163590741913543 15.023113458710702 4.6268981355426566e-05 -0.26760618344333004 -29.002381401892656 -7.918745349793127 38.507769943416335 -3.758293508230474 24.637906001542397 -0.03920996630744869 -0.20983271039237122 -9.22306585805984 0.06419869953058102 -2.4963444718762175e-07 0.1390256206974615 23.844690757173332 -0.20614787716542793 -1.206147877165428 14.718248900734782 14.638674081322769
6.38388381796 0.00012874148415722308 1.5927685576719406e-08 7.935671849960456e-05 1.5464801328635754e-05 9.424669016299925e-07 9.845308259143406 6.315080006710907 -0.5521307393733998 0.00012874148415722308 16.408847098572345 0.06419870445093037 16.856716359198945 0.0 11.714046217603052 0.5375860704505927 0.9864270168426982 -0.0020525554890841735 17.077022543960755 3.980660453348998e-05 -0.26731619169393916 -31.585055885346264 -8.443508870949568 42.43862787063509 -4.6414195904640145 27.282603755006047 -0.03729276300250249 -0.20670313026957576 -10.485754345535534 0.06419865750161934 2.3372113605735633e-08 0.14473536690047623 26.029780772062747 0.024798869398292567 -0.9752011306017074 16.52689373527477 16.480631263749977
6.54156574827 0.00011025286651277816 1.1817622737835194e-08 7.010784008492485e-05 1.3398320015089362e-05 7.278665103159966e-07 11.0445940468114 7.2239729838464655 -0.30908825339511026 0.00011025286651277816 18.407656744685667 0.06419865962573655 19.098568491290557 0.0 13.520457296368676 0.7683209500539968 0.987891367768215 -0.0017363112508049228 19.401133929351072 3.412388549668786e-05 -0.2669359338261846 -34.489739727456794 -9.025101093726844 46.899018359661866 -5.672253201469219 30.294946979140725 -0.03541454670192226 -0.20352679851936378 -11.942497411988311 0.06419863117078216 2.2284252823181896e-07 0.15025811077347334 28.4913616149762 0.30615851268534655 -0.6938414873146534 18.716150409371657 18.714027513333455
6.70314242225 9.397404759444528e-05 8.680293862226266e-09 6.152940625762609e-05 1.1546133334478721e-05 5.577186186112469e-07 12.421459150098524 8.274253925416462 -0.014930758479749784 9.397404759444528e-05 20.702431916830875 0.06419863191285897 21.687501158351125 0.0 15.616332204004525 1.0444074790542601 0.9892279209202987 -0.0014625729243341046 22.104917449560354 2.9140138816003518e-05 -0.2664675175916173 -37.765153974069875 -9.671213460430742 51.97382418834446 -6.8784145012240065 33.735404143751424 -0.03357796471326091 -0.20031031365104907 -13.627648815594881 0.06419861484505718 3.6178495859284015e-07 0.15559646687306802 31.27139227151359 0.6486872528905465 -0.3513127471094535 21.35111916972142 21.35111916972142
6.86871004008 7.971345880567204e-05 6.31089085401389e-09 5.364747331993792e-05 9.896213674898628e-06 4.23924006565078e-07 14.006585210065197 9.491230590116801 0.3411269260889007 7.971345880567204e-05 23.344308683441994 0.06419861495787595 24.685435609530895 0.0 18.05373192900264 1.3749130381753674 0.9904442802029215 -0.0012266546060031303 25.262944827706125 2.4782938404557223e-05 -0.2659130714597806 -41.46855729112426 -10.3907890133211 57.76352938497164 -8.293126616947347 37.675764837060214 -0.03178549228085496 -0.19706011768062442 -15.582313377708843 0.06419860483007608 4.516796291415878e-07 0.16075253642870416 34.419220701529646 1.065473108733343 0.06547310873334311 24.409781792175338 24.409781792175338
7.03836717807 6.728520026081736e-05 4.540693014160829e-09 4.647030736324905e-05 8.435534879657858e-06 3.1959587873961033e-07 15.836626891900915 10.905250299185782 0.7722200842633491 6.728520026081736e-05 26.39437815316819 0.06419860469831122 28.16659823743154 0.0 20.89504408550325 1.7708426689157915 0.9915479691323685 -0.0010242333499718703 28.967061216353443 2.0986782249754516e-05 -0.26527475387183463 -45.667433261066265 -11.194257269121728 64.38742791912436 -9.956456177451088 42.20150277048529 -0.030039422128619535 -0.19378248793482533 -17.855808498270463 0.06419859875331148 5.025565426230011e-07 0.16572796461424233 37.99304976595617 1.5724750413082056 0.5724750413082056 27.966853194476396 27.966853194476396
7.21221484737 5.651056301203015e-05 3.232589301011859e-09 3.9991176340968714e-05 7.150409624351999e-06 2.3893768140310637e-07 17.9555004991047 12.55280543428618 1.2943817071475117 5.651056301203015e-05 29.925834165174503 0.06419859855576722 32.220215872322015 0.0 24.215223207293956 2.2455548472617934 0.9925463931240198 -0.000851341746858969 33.33105158440181 1.769210240063527e-05 -0.26455475776635895 -50.44154684097482 -12.093818784117381 71.98755882103924 -11.916850615779431 47.41468018535372 -0.02834185480318084 -0.1904835278038865 -20.50747002901711 0.06419859510736169 5.230811005763331e-07 0.1705239957356781 42.06172465586474 2.1891946783138607 1.1891946783138607 32.11502884348836 32.11502884348836
7.3903565541 4.721929200056858e-05 2.2766490005993e-09 3.419102462575789e-05 6.0267978919645e-06 1.7712004200366485e-07 20.415976860565898 14.477903335630321 1.9272268783401287 4.721929200056858e-05 34.026628100943164 0.06419859492472721 36.95385497928329 0.0 28.104556193206918 2.8153121912872696 0.9934468042900971 -0.0007043579099135777 38.49672207773193 1.4844528772900293e-05 -0.2637553152867909 -55.8854583772134 -13.103791050249196 80.73354740749542 -14.23304968449124 53.437529042971136 -0.026694689952716778 -0.1871691569109989 -23.60889083923394 0.06419859294497782 5.206472493164636e-07 0.17514153449572806 46.70691930655226 2.9395162931685093 1.9395162931685093 36.96614439411167 36.96614439411167
7.57289836098 3.925059081182633e-05 1.585907039536082e-09 2.9040990667735118e-05 5.050583381503442e-06 1.3016041318360584e-07 23.28165629158775 16.73376909927073 2.694810899730882 3.925059081182633e-05 38.80276048597959 0.0641985927981999 42.49757138571047 0.0 32.672092466425994 3.499944198709827 0.9942562691054957 -0.0005799931486868415 44.64183927270283 1.23943383827243e-05 -0.26287870384389694 -62.111606349904285 -14.241030343449172 90.8285797832662 -16.97646984492284 60.41688045740789 -0.025099618672636135 -0.1838451005485428 -27.24670437849166 0.06419859167760926 5.014769142417151e-07 0.17958121495467483 52.02581929728662 3.8527606203456486 2.8527606203456486 42.65552110632524 42.65552110632524
7.7599489505 3.245387457875303e-05 1.0924793996891287e-09 2.4504734771597124e-05 4.207815781493586e-06 9.480826024006847e-08 26.62942501281309 19.384968179102376 3.6267070456895922 3.245387457875303e-05 44.38237502135515 0.06419859157228344 49.009082067044744 0.0 38.04990711315479 4.32369615480713 0.9949816392220796 -0.00047527763971833004 51.99048140096516 1.029603856364401e-05 -0.2619272472353893 -69.25409939620123 -15.525447947934556 102.51679846779793 -20.234185575652766 68.52965978009662 -0.02355811704711783 -0.18051687882744766 -31.526055583265663 0.0641985909438028 4.707238678064462e-07 0.1838434631984571 58.13442344644278 4.965009025737885 3.965009025737885 49.34738404709304 49.34738404709304
7.95161968958 2.668928213632429e-05 7.440796241825453e-10 2.0540554250646125e-05 3.4849177581669075e-06 6.843791067750008e-08 30.552520213619076 22.510061361428058 4.759365671885945 2.668928213632429e-05 50.92086702269846 0.06419859087066696 56.680232694584404 0.0 44.39841521792483 5.316279421866377 0.9956295256012698 -0.00038754442652011445 60.82646156645734 8.508045455007355e-06 -0.26090331927164323 -77.47339574412236 -16.980644060009226 116.09248776894249 -24.112670848728406 77.98972669899601 -0.02207144099984786 -0.1771897958228486 -36.574943816779076 0.06419859052421287 4.325805823142167e-07 0.18792856751817028 65.17162074624403 6.320774232174706 5.320774232174706 57.241641254873166 57.241641254873166
8.14802469591 2.1827962782515967e-05 5.009703314588059e-10 1.7103267999198597e-05 2.8688564364482762e-06 4.895051468399789e-08 35.16436692207315 26.204935907634678 6.13783250278351 2.1827962782515967e-05 58.60727820345525 0.06419859047797799 65.74511070623876 0.0 51.91302223524913 6.514191595460649 0.9962062761967488 -0.0003144120788358129 71.51051854066102 6.99242801042322e-06 -0.25980934565645714 -86.96209643133702 -18.63468894198119 131.91151874584693 -28.742508155327013 89.05641675273779 -0.020640622559218644 -0.17386892869808876 -42.54967362800728 0.06419859028735596 3.9038591527121455e-07 0.19183674645480048 73.30424054239168 7.975113597709182 6.975113597709182 66.58239180116443 66.58239180116443
8.3492809059 1.7752156539528758e-05 3.333542629656678e-10 1.41458610471306e-05 2.3472800507057714e-06 3.4685965376679816e-08 40.60339719720042 30.586998718740855 7.817927230979059 1.7752156539528758e-05 67.67232866200071 0.06419859025546698 76.49025589297977 0.0 60.832466380480746 7.962394188519459 0.9967179572234507 -0.0002537663570659765 84.50181944653998 5.71469518026627e-06 -0.25864780340828447 -97.95214136660222 -20.521088990510922 150.4056574277022 -34.28433373380212 102.04524307207792 -0.019266467624667268 -0.1705591173833923 -49.64171815371335 0.06419859015540491 3.467316534355082e-07 0.19556821201535413 82.7333287657015 9.996309737096837 8.996309737096837 77.66863839909755 77.66863839909755
8.55550814427 1.4355089622506677e-05 2.1918742523223295e-10 1.1620886751136547e-05 1.9086211849754105e-06 2.434511153374864e-08 47.03912360016861 35.800472925623026 9.869015982616204 1.4355089622506677e-05 78.39853933361435 0.06419859013970167 89.26755531623056 0.0 71.4493214994276 9.716417095536311 0.997170338036204 -0.00020374121555721825 100.38373007642039 4.643609521324939e-06 -0.25742122211966667 -110.72377812077536 -22.6799858634932 172.10051452008784 -40.936370418462396 117.34135123700578 -0.01794955530318371 -0.16726495483904838 -58.086391392633104 0.06419859008288632 3.035660961794202e-07 0.1991232356732154 93.70197518647349 12.469283443561096 11.469283443561096 90.86782277717545 90.86782277717545
8.76682919544 1.154070883478869e-05 1.4238176049706013e-10 9.481629815484048e-06 1.542168710807643e-06 1.6922170315299315e-08 54.67981996790435 42.02311068328977 12.377549714118985 1.154070883478869e-05 91.13303327984059 0.06419859006926024 104.51058299395957 0.0 84.12326634950284 11.845036436703376 0.9975688796562278 -0.00016269945985070144 119.89231959899729 3.751014920020498e-06 -0.25613218329706644 -125.61677879565823 -25.159650437713992 197.6381411522888 -48.9440023311253 135.41649360313073 -0.016690238862181427 -0.16399077817867683 -68.17384260006386 0.06419859004358244 2.622928168497621e-07 0.2025022084637736 106.50510787244819 15.499951363367586 14.499951363367586 106.63298464320818 106.63298464320818
8.98336987656 9.223279828658664e-06 9.135556008195454e-11 7.683039594813669e-06 1.2381110867079256e-06 1.1646914747835419e-08 63.78226921167678 49.47473061208052 15.451595120657785 9.223279828658664e-06 106.3037820194613 0.06419859003936457 122.75537714011908 0.0 99.29790049339424 14.433691244121993 0.9979187267516184 -0.00012921336671023465 143.94296397918362 3.011669849792094e-06 -0.254783318244062 -143.04451785032853 -28.01835114387927 227.8055743617425 -58.6119866874738 156.8505196827557 -0.015488648325471636 -0.16074066087285102 -80.26304328505212 0.06419859002258309 2.2386311593852896e-07 0.2057056952079561 121.5017923422812 19.22080832437912 18.22080832437912 125.52459034384042 125.52459034384042
9.20525911251 7.326874575017625e-06 5.7885480065121643e-11 6.1824478884868995e-06 9.875540975070832e-07 7.935966941417031e-09 74.66417928029986 58.428115320969695 19.22665733504398 7.326874575017625e-06 124.44029880049978 0.06419859001784092 144.66695613554376 0.0 117.52213339784889 17.588831088749306 0.9982247031034542 -0.00010204552968018366 173.6448584121524 2.403080552478215e-06 -0.2533773069594468 -163.511704240209 -31.326699529390957 263.57103095674745 -70.32008560273253 182.3586836942357 -0.014344694708111257 -0.15751840633583938 -94.79964606125397 0.06419859001152725 1.8886096810963735e-07 0.20873448700823902 139.13073215624766 23.79810418866421 22.79810418866421 148.238402989164 148.238402989164
9.43262901259 5.784773080505466e-06 3.621343844474599e-11 4.940089040950662e-06 7.82516399991649e-07 5.352365968352071e-09 87.72005553383387 69.2229717216766 23.87318822026822 5.784773080505466e-06 146.2000925563898 0.06419859000975336 171.073280776658 0.0 139.47749117247196 21.44349638492319 0.9984913101969688 -8.013018753449952e-05 210.28514755845092 1.9053308950222398e-06 -0.2519168761404866 -187.6367979938583 -35.1706065145719 306.1299678616699 -84.54314651586557 212.82647120882314 -0.013258075868539498 -0.1543275427674342 -112.33886942520004 0.06419859000579377 1.5757955237891656e-07 0.21158964707657218 159.92987530528012 29.44110199314966 28.44110199314966 175.64119454953945 175.64119454953945
9.6656149492 4.538803378662483e-06 2.2363824449070123e-11 3.91944320618482e-06 6.15906401524201e-07 3.572488756119373e-09 103.44156864753973 82.28388121875423 29.606301008283907 4.538803378662483e-06 172.4026144125662 0.06419859000500874 203.00891542085012 0.0 166.01309700270016 26.164506577410574 0.9987227288709011 -6.25552364106885e-05 255.25689615758978 1.5009076138153087e-06 -0.2504047948110937 -216.1804551174573 -39.65502326379344 356.9639199555422 -101.87698964994792 249.35418251511072 -0.012228283923963412 -0.15117131975385423 -133.5749311970038 0.06419859000286622 1.3008882400732934e-07 0.21427254715603808 184.561305542976 36.4140611456084 35.4140611456084 208.8166755581746 208.8166755581746
9.90435563845 3.5386422570306513e-06 1.3630397410014531e-11 3.087425580020012e-06 4.81484013500194e-07 2.359371634134209e-09 122.4437913552062 98.14346970670124 36.69838993310472 3.5386422570306513e-06 204.07298559201035 0.06419859000176967 241.77137552511508 0.0 198.1906575660287 31.96171515772941 0.998922823720637 -4.854510551299818e-05 309.90918089190984 1.1745211244970746e-06 -0.24884387260551688 -250.08175937780152 -44.908694196339546 417.91595195643555 -123.07191343032707 293.31422813348934 -0.01125461415419485 -0.1480527064495465 -159.3790518329715 0.06419859000139502 1.0629396238633903e-07 0.21678490285343333 213.84296636442522 45.05180991774722 44.05180991774722 249.12479550975758 249.12479550975758
10.1489932227 2.741097136392994e-06 8.197212312586409e-12 2.4144450101848206e-06 3.738107363927445e-07 1.5414968135832657e-09 145.4991277685569 117.47242950371502 45.49557998076392 2.741097136392994e-06 242.49854628092817 0.06419859000144099 288.9941262616921 0.0 237.34254195748414 39.10001822895356 0.9990951499505077 -3.7444636900585415e-05 375.33401436344263 9.129231296124421e-07 -0.24723695503695645 -290.5045523352548 -51.090221025594815 491.2877935122981 -149.0762187314553 346.42504749106445 -0.010336175294265601 -0.1449743914815438 -190.84870950472714 0.0641985900006677 8.598477163365806e-08 0.21912879767918464 248.7892472313699 55.780051490202766 54.780051490202766 298.27859777113093 298.27859777113093
10.3996733553 2.1093871266394774e-06 4.8632568242417236e-12 1.8743556227932705e-06 2.8819134020154247e-07 9.96159941524953e-10 173.58136671933528 141.1185752905262 56.439253654005995 2.1093871266394774e-06 289.30227786555884 0.06419859000029123 346.74153151956483 0.0 285.1470444020039 47.91498295352342 0.9992429625375449 -2.870406609151166e-05 452.1886972212428 7.047230126689832e-07 -0.24558691874507046 -338.8969115921275 -58.39583210653158 579.9653931019627 -181.0929731028619 410.8468581925773 -0.009471901093918182 -0.1419387846778791 -229.37173384995228 0.06419859000031414 6.887643739193133e-08 0.22130670033378783 290.6631152364039 69.14194650960678 68.14194650960678 358.4442243751656 358.4442243751656
10.6565452872 1.6124386667499014e-06 2.84576241803795e-12 1.4443241680943704e-06 2.2061012898675326e-07 6.366106918669627e-10 207.92311389524377 170.157859412319 70.09433366405148 1.6124386667499014e-06 346.5385231587396 0.06419859000021502 417.6328568227911 0.0 343.7263219003466 58.833222420619016 0.999369227148982 -2.186518415769889e-05 540.7445110016488 5.402054006241225e-07 -0.24389666743277544 -397.06781808049465 -67.06937941573254 687.5818717091812 -220.65434154899037 489.3061922282162 -0.008660563003638084 -0.13894802055812525 -276.71004810878384 0.06419859000014522 5.464223748568717e-08 0.22332147730063168 341.0433485504415 85.83305022012757 84.83305022012757 432.3715733788672 432.3715733788672
10.9197619558 1.2242084305188553e-06 1.6420498063890685e-12 1.104634301984452e-06 1.6766444396351967e-07 4.0224828211809995e-10 250.09097825976974 205.96128394281092 87.18658911769876 1.2242084305188553e-06 416.81829709961625 0.06419858999990846 505.004886217315 0.0 415.77435880221987 72.39913086964697 0.9994766327167623 -1.6548708219599195e-05 641.3299426058433 4.1115142173029983e-07 -0.24216912674501698 -467.2863885637506 -77.415258130596 818.729900544534 -269.7193160430868 585.2585497404979 -0.007900783829459733 -0.13600396344709323 -335.1095343594635 0.06419859000006592 4.2938962849667557e-08 0.2251763973277364 401.9116034449177 106.74741138375003 105.74741138375003 523.5657084833663 523.5657084833663
11.1894800761 9.230434592959475e-07 9.34102896980155e-13 8.384470704782254e-07 1.2649768648128687e-07 2.5124967201847384e-10 302.08442175846903 250.28303432469045 108.652044042321 9.230434592959475e-07 503.47403626411506 0.06419859000011999 613.126080306436 0.0 504.7248585147339 89.31008458674557 0.9995676053894855 -1.2442869136986001e-05 755.1120563144801 3.1066611979838416e-07 -0.24040723760647129 -552.4108576205073 -89.81517755880576 979.2396761122529 -330.80274481818645 703.1017441080971 -0.007191052186053879 -0.1331082142894695 -407.4447797058988 0.06419859 3.342591602298451e-08 0.22687512671763677 475.7656398481379 133.03864540180086 132.03864540180086 636.5126816659159 636.5126816659159
11.465860234 6.910858636240016e-07 5.237532252130079e-13 6.315345243085902e-07 9.473374669859732e-08 1.5510362112277405e-10 366.4662862657633 305.37706973102763 135.70269382337506 6.910858636240016e-07 610.7771437762722 0.06419858999981523 747.4798375996472 0.0 614.9724683825523 110.46295881792314 0.9996443234148346 -9.29320446896309e-06 884.899907250454 2.330142425166787e-07 -0.2386139501956579 -656.0569505938197 -104.7500301864875 1176.5443450513587 -407.14642199382 848.4569601915308 -0.006529737568043783 -0.13026211903626808 -497.4106062296026 0.06419859 2.577840652435551e-08 0.22842172027619898 565.7672012750866 166.20119077652168 165.20119077652168 776.9783345527939 776.9783345527939
11.7490669818 5.137269988299927e-07 2.893899394143098e-13 4.7200082894448904e-07 7.041433000229934e-08 9.46141094125396e-11 446.53591587764566 374.1520412825971 169.914290438889 5.137269988299927e-07 744.2265264627428 0.0641985899996868 915.1408169016318 0.0 752.165581060833 137.01586530164164 0.9997087326377883 -6.893517012329653e-06 1035.6680039505034 1.7346625924742744e-07 -0.23679221847573687 -782.8186444910032 -122.8285401998789 1420.162532371872 -502.94694447924775 1028.5406676832326 -0.005915105853513171 -0.12746677839712134 -609.776627203489 0.06419859 1.969665990619498e-08 0.2298206081278102 675.9360059091292 208.178886093119 207.178886093119 952.4054125558617 952.4054125558617
12.0392689362 3.791138277607376e-07 1.5753027283577156e-13 3.5000264151361704e-07 5.194029513741014e-08 5.701878559727008e-11 546.5598180643893 460.37806380039905 213.34411501660645 3.791138277607376e-07 910.9330301073156 0.06419859000065821 1125.277145123922 0.0 923.5955976156257 170.47052902099753 0.9997625625436308 -5.0779367533893005e-06 1214.7898396237822 1.28156033435163e-07 -0.2349449923167756 -938.5589170172202 -144.82496950703478 1722.338393210425 -623.6605158940146 1252.658991802106 -0.0053453350513535955 -0.12472305873311994 -750.7270887993706 0.06419859 1.491102136678856e-08 0.23107657321215677 811.4053631031094 261.5106795172162 260.5106795172162 1172.443709624532 1172.443709624532
12.3366388789 2.7770827997715973e-07 8.446279386733089e-14 2.5747800887124626e-07 3.801776898482837e-08 3.39403749492918e-11 672.0804182372649 568.9639756247423 268.68969659236825 2.7770827997715973e-07 1120.1340303954416 0.06419858999908416 1389.82372698781 0.0 1138.71679299587 212.78262000023088 0.999807342679836 -3.7140167138127733e-06 1432.2185583264013 9.395111647168093e-08 -0.23307520943828766 -1130.794431130301 -171.72898237714747 2098.894568181395 -776.4125550203659 1532.867923704233 -0.004818531106200747 -0.12203160424276695 -928.3166708369025 0.06419859 1.1184271753267986e-08 0.23219472376132327 978.7605377859534 329.52705354545174 328.52705354545174 1449.6610839408934 1449.6610839408934
12.6413538592 2.018988243314201e-07 4.4594590157219e-14 1.878906483875323e-07 2.7609490982183807e-08 1.9950704594507772e-11 830.3313053792232 706.3308747974874 339.50371380297474 2.018988243314201e-07 1383.885508965372 0.06419859000096896 1724.3892227683468 0.0 1409.8439181263782 266.51018137776117 0.9998444185927662 -2.6967969601610076e-06 1700.8709748321032 6.833616944613198e-08 -0.2311857889111531 -1369.2068866514576 -204.81191079390499 2570.374264037438 -970.5507403595855 1884.8591939921039 -0.004332743579878776 -0.11939284990585625 -1153.084705197635 0.06419859 8.311783835916224e-09 0.23318046553524335 1186.488755072066 416.61605466327114 415.61605466327114 1800.5015636286432 1800.5015636286432
12.9535952996 1.4566219782838144e-07 2.3179604445559987e-14 1.3599432922559743e-07 1.9891575157371334e-08 1.1578350320865472e-11 1030.7984094185294 880.9177826947455 430.4863179608724 1.4566219782838144e-07 1717.9973490308826 0.06419858999981864 2149.483666991755 0.0 1753.0927805452725 335.01438870527306 0.9998749679577585 -1.943731620157596e-06 2037.3701763122533 4.930959728313137e-08 -0.2292796224530231 -1666.3260021485826 -245.71525210408853 3163.57787535995 -1218.3952599516024 2329.1546988687305 -0.0038859810364061803 -0.11680703522084156 -1438.8868457979893 0.06419859 6.120145337546252e-09 0.23403946640720782 1445.5805263290674 528.5852619709624 527.5852619709624 2246.582611001845 2246.582611001845
13.2735491035 1.0427226970255531e-07 1.18583920355644e-14 9.762022241304302e-08 1.4215658762138986e-08 6.632592259377452e-12 1285.9821505273223 1103.869557280073 547.8847191004254 1.0427226970255531e-07 2143.303584212204 0.06419858999997288 2692.1883033126296 0.0 2189.654695124471 422.7322749152317 0.9999000157484638 -1.390410434093381e-06 2463.231378556475 3.52931102584449e-08 -0.22735956722696582 -2038.446190318374 -296.56945596026367 3913.6407072583656 -1536.2616067213726 2892.7249463428943 -0.0034762259697876273 -0.11427421836076129 -1804.0267434688417 0.06419859 4.464773958606173e-09 0.23477762152197282 1770.3371230461617 673.1567061571859 672.1567061571859 2816.46029036939 2816.46029036939
13.6014057663 7.405234458544322e-08 5.969351121466629e-15 6.948852582160406e-08 1.0076235862184324e-08 3.749441745174721e-12 1612.4377782456602 1389.9774395287868 700.0420459963261 7.405234458544322e-08 2687.3962970761004 0.06419859000133996 3388.4383430724265 0.0 2747.5319961753203 535.5491933994583 0.9999204496484094 -9.869639929493967e-07 3006.5794519588962 2.5053622461295287e-08 -0.22542843541182064 -2506.8630349014693 -360.1541895231916 4866.8565459479505 -1945.8618346865217 3611.1931310645823 -0.0031014491271087654 -0.11179429071985637 -2272.803664789439 0.06419859 3.2269452295254522e-09 0.23540101022637216 2179.4602488718497 860.6468506087108 859.6468506087108 3548.043147684811 3548.043147684811
13.9373604887 5.216679323848434e-08 2.9559159335725795e-15 4.904443516703329e-08 7.082848470416528e-09 2.0911835612641175e-12 2032.2027970086951 1758.9716683235354 898.1551192246043 5.216679323848434e-08 3387.0046616811587 0.06419858999969243 4286.159780905763 0.0 3463.913573286093 681.3099463333767 0.9999370342228161 -6.950910228231688e-07 3704.5436352583088 1.763666422414764e-08 -0.2234889867626115 -3099.5496512859545 -440.11570072845507 6084.534729680832 -2476.234232730626 4531.852332738759 -0.002759623096108821 -0.10936699177697339 -2877.639888120363 0.06419859 2.310560494760867e-09 0.23591585704738963 2697.530067999673 1104.9056321790022 1103.9056321790022 4491.910293860161 4491.910293860161
14.2816132928 3.6447707516156446e-08 1.4394579332784194e-15 3.431758018682303e-08 4.936723155554933e-09 1.1504090343477142e-12 2574.7658483730966 2237.3072856395734 1157.3260445722426 3.6447707516156446e-08 4291.276413955161 0.06419859000158185 5449.6024585274035 0.0 4388.443722409721 870.5238456191483 0.9999504242525374 -4.856155580990063e-07 4606.56481867322 1.2310322052454513e-08 -0.2215439202677764 -3853.4412610102345 -541.2632014104954 7648.296835166086 -3166.4145381767507 5717.817625774795 -0.002448735044041954 -0.10699192370529795 -3662.020430170753 0.06419859 1.638895636378709e-09 0.23632849064000988 3357.0204212109243 1424.6199286047577 1423.6199286047577 5715.896342559919 5715.896342559919
14.6343691412 2.525226942772742e-08 6.891632010940215e-16 2.3803377660872e-08 3.4113924050777815e-09 6.240737929224086e-13 3279.7971429986824 2860.6445981418765 1498.0292655024186 2.525226942772742e-08 5466.3285716644705 0.06419858999996052 6965.357837166889 0.0 5587.744322231372 1117.3428050412808 0.9999611773467793 -3.3649653466416574e-07 5778.971725753106 8.518624518889941e-09 -0.21959586536578066 -4817.565249844987 -669.9752046918626 9667.389654595909 -4069.1534221417833 7253.770912903976 -0.002166798512901792 -0.10466856606191363 -4684.577154583268 0.06419858999999999 1.1514987941858623e-09 0.23664530094125372 4201.061082931437 1845.1324302429548 1844.1324302429548 7311.461001907425 7311.461001907425
14.9958380589 1.7346663269417813e-08 3.242883209359163e-16 1.6364317305477322e-08 2.3368206027934224e-09 3.3375555412137675e-13 4200.9558922328315 3677.3134791472526 1948.1693725748855 1.7346663269417813e-08 7001.593153721386 0.06419859000234646 8950.762526296272 0.0 7151.705574372928 1440.9250600387518 0.9999697653994011 -2.3122479375636829e-07 7311.347894474605 5.843254246249262e-09 -0.21764737426987713 -6057.3529349241435 -834.7597116795356 12288.837776327773 -5256.118443436122 9253.953363382763 -0.001911864195913997 -0.10239628982303645 -6024.7939826131405 0.06419859 8.013449299922149e-10 0.2368726991346947 5287.244622606386 2400.9935418207006 2399.9935418207006 9402.586695542086 9402.586695542086
15.366235259 1.181260714536291e-08 1.4993118816052732e-16 1.1148961660054805e-08 1.5865590287861073e-09 1.7591850383283822e-13 5411.2296122108655 4753.178922546205 2545.983365345842 1.181260714536291e-08 9018.716020351443 0.0641985899993763 11565.699385697284 0.0 9202.28604161836 1867.3480173373323 0.9999765864710455 -1.5753268794993502e-07 9325.446964776213 3.972477088252429e-09 -0.21570091119652268 -7660.612262614687 -1047.0308871560896 15711.617967864147 -6825.213721469241 11873.347589247553 -0.0016820296393980458 -0.10017437144254678 -7791.02139962891 0.06419859 5.523069286605084e-10 0.23701707120738105 6692.901947512704 3139.561311784024 3138.561311784024 12158.277332135467 12158.277332135467
15.7457812699 7.972901611140688e-09 6.808705520414133e-17 7.52636673524609e-09 1.0674760978846836e-09 9.136136846047734e-14 7010.464811456285 6178.514120961838 3344.1575851651432 7.972901611140688e-09 11684.108019093808 0.06419859000253812 15029.265604258951 0.0 11905.894332954396 2432.3052725322095 0.9999819730592141 -1.0639316144755995e-07 11987.755985014488 2.676228035221205e-09 -0.2137588486095687 -9745.8482643716 -1322.1921312633453 20206.563000073507 -8910.939050778985 15323.41314113964 -0.0014754478333651525 -0.09800200607984981 -10131.800063489007 0.06419859 3.7696698114502045e-10 0.23708474657618944 8522.454980979699 4126.1091804693715 4125.1091804693715 15810.21719956318 15810.21719956318
16.1347020673 5.332758658568735e-09 3.036017902596422e-17 5.0336748230484145e-09 7.116433765691457e-10 4.673638716353647e-14 9136.051198205749 8077.766268231683 4415.701043173005 5.332758658568735e-09 15226.751997009582 0.0641985899988287 19643.453040182587 0.0 15490.913149671343 3184.933222812383 0.9999862022009045 -7.121609732485545e-08 15527.311272678306 1.7863693232310293e-09 -0.21182345785003487 -12473.921537507988 -1681.155354825125 26144.475472791386 -11699.135563762691 19894.35982432727 -0.001290334672239319 -0.09587832021118556 -13251.95346104282 0.06419859 2.5476539385579983e-10 0.23708195666800919 10917.723475781806 5451.114416789296 5450.114416789296 20677.866413798878 20677.866413798878
16.5332292083 3.5340588054941094e-09 1.3288049659507785e-17 3.3347649644783665e-09 4.699995950484276e-10 2.3542805120380565e-14 11978.171487362531 10623.516231690004 5862.374607662929 3.5340588054941094e-09 19963.61914560422 0.064198590001689 25826.99375326715 0.0 20272.650175896233 4193.272828849567 0.9999895026000165 -4.723775828829879e-08 20261.121110641092 1.1812300774209433e-09 -0.20989690245104486 -16064.481018319166 -2152.4850063331373 34036.07804902346 -15448.101626695794 25986.865776403247 -0.0011249752848382537 -0.09380238360541257 -17435.596001667 0.06419858999999999 1.704668706722462e-10 0.23701479974394252 14072.45890341924 7240.720457932017 7239.720457932017 27204.33960353624 27204.33960353624
16.9415999698 2.3200676533542702e-09 5.706628416776599e-18 2.1880336595437753e-09 3.074602376574556e-10 1.167444750537005e-14 15801.702180218646 14056.555943251167 7826.861829123118 2.3200676533542702e-09 26336.17030036441 0.06419858999714038 34164.03212948753 0.0 26689.08432358467 5552.110104881553 0.9999920629618407 -3.1041343967475044e-08 26630.671596860437 7.736396787906925e-10 -0.20798123297161014 -20819.266967816326 -2775.442410138498 44589.133812574364 -20519.016177139478 34157.52413103441 -0.0009777292483513981 -0.09177322061696049 -23079.23065800994 0.06419859 1.129134647800088e-10 0.23688921033939683 18252.963512209957 9671.846545891829 9670.846545891829 36008.01684625624 36008.01684625624
17.360057489 1.5085109209919868e-09 2.4037971909138672e-18 1.4215975716442771e-09 1.9918626022534938e-10 5.697041099063335e-15 20977.864484065063 18714.946236011958 10510.451659189446 1.5085109209919868e-09 34963.10747344177 0.06419858999879562 45474.55913263121 0.0 35352.400994749085 7394.30713086785 0.9999940364284841 -2.0205529027705893e-08 35254.68144376988 5.017725498435381e-10 -0.20607838244765095 -27155.361791529856 -3604.3356776342134 58790.63150071711 -27420.046646598086 45184.371390387794 -0.0008470347157633886 -0.08978982049801498 -30739.660077060795 0.06419859 7.402817627246904e-11 0.23671093136949398 23827.524027275336 12994.144677074597 12993.144677074597 47957.25215051637 47957.25215051637
17.788850909 9.71248092148026e-10 9.927691748549354e-19 9.144398648979059e-10 1.2776977154973203e-10 2.734967811054863e-15 28030.261498163636 25076.342613659803 14198.892477520101 9.71248092148026e-10 46717.1024969394 0.06419858999469959 60916.9949744595 0.0 47123.77045965926 9907.278578401645 0.999995548234755 -1.302434721184298e-08 47005.832989893664 3.2222468885957183e-10 -0.2041901611175987 -35652.93694182498 -4714.775041157246 78025.79734291062 -36870.70621525995 60161.98097670352 -0.0007314114985846889 -0.08785114703844529 -41203.78724585039 0.06419859 4.803180396706593e-11 0.23648548658233354 31308.69484597122 17562.10942334283 17561.10942334283 64279.21192028223 64279.21192028223
18.2282355264 6.19092833130822e-10 4.0184358507046867e-19 5.822478678372346e-10 8.113556714399407e-11 1.2912040578959885e-15 37702.282603253516 33820.053322129716 19300.44056287565 6.19092833130822e-10 62837.13767208919 0.0641985899922849 82138.57823496484 0.0 63222.57050418251 13357.10962215675 0.9999966984825929 -8.31276178447915e-09 63123.11456121991 2.0483825575258647e-10 -0.2023182542560058 -47124.261240425534 -6212.727315701954 104251.57302207053 -49896.37340167652 80640.37269972046 -0.0006294631579459624 -0.08595614728576861 -55590.97634730957 0.06419859000000001 3.0836977047083553e-11 0.2362181605081852 41414.43534998134 23882.342112006896 23881.342112006896 86719.4797840961 86719.4797840961
18.678472944 3.9059989241186924e-10 1.5934691675438798e-19 3.6690183691050913e-10 5.0994291037282806e-11 5.992694249725646e-16 51056.45866397982 45918.64130152808 26402.227093796 3.9059989241186924e-10 85094.09777329971 0.06419858999006221 111497.32486709571 0.0 85386.99844360017 18124.09692456853 0.9999975685062663 -5.250854306915187e-09 85377.41373761545 1.288774390135361e-10 -0.20046421906634998 -62714.10135625954 -8247.709947734778 140251.19284081037 -67968.03989846054 108829.29676181318 -0.0005398781659414403 -0.08410375950285659 -75504.17203004124 0.06419859 1.9586272505420657e-11 0.23591397859790775 55157.095067510665 32683.58385932562 32682.58385932562 117777.68163262533 117777.68163262533
19.1398312257 2.438725342311299e-10 6.187583310393853e-20 2.2876649067808527e-10 3.171525305770028e-11 2.7332125550428455e-16 69621.92458117954 62774.06698282724 36354.33465638713 2.438725342311299e-10 116036.54096863257 0.06419858998269291 152391.87562501972 0.0 116111.8861932609 24755.483331011976 0.9999982213958654 -3.2828125495765192e-09 116317.2891930377 8.023540612873063e-11 -0.1986294849907072 -84046.78819713628 -11032.148991986793 190010.35357509216 -93210.34897412486 147900.73529087263 -0.0004614302064337514 -0.0822929202537308 -103254.54011835971 0.06419859 1.2305249774408037e-11 0.2355776953895448 73973.8126064596 45021.19585139671 45020.19585139671 161057.73682002927 161057.73682002927
19.6125850569 1.5064284672731064e-10 2.3517723415321732e-20 1.4110522170051255e-10 1.951447075221379e-11 1.2245676384363393e-16 95614.82833215674 86421.45435961238 50396.07882557312 1.5064284672731064e-10 159358.04722026124 0.06419858998127755 209755.12604583436 0.0 159003.32332409287 34044.25622874402 0.9999987078578304 -2.03113481589412e-09 159636.31978529211 4.94179494711725e-11 -0.19681535232545744 -113443.13796765002 -14869.979583891569 259276.97684557163 -128713.46731178006 202440.00632012368 -0.00039297768996337336 -0.08052257056317508 -142197.7491381632 0.06419859 7.645479782889128e-12 0.23521378151210778 99918.9296253104 62434.11587008543 62433.11587008543 221792.16309034667 221792.16309034667
20.0970159078 9.204200525278593e-11 8.745111928627841e-21 8.608068665994917e-11 1.187652298356685e-11 5.3873936211567856e-17 132270.15311674433 119836.26876905162 70347.03709160461 9.204200525278593e-11 220450.2551945739 0.06419858997164903 290798.2922861785 0.0 219311.28743451176 47147.7453226382 0.9999990681658936 -1.2429283158255089e-09 220726.14198101714 3.010477613238493e-11 -0.19502299241396984 -154242.68570582976 -20199.204290690628 356400.18789317633 -179003.97403559816 279123.33399486006 -0.0003334625610619953 -0.07879166159206484 -197241.00441219885 0.06419859 4.696855421718987e-12 0.2348264146618606 135949.9326986024 87182.33253412202 87181.33253412202 307632.58772869594 307632.58772869594
20.5934122008 5.5612093060015006e-11 3.179971583270997e-21 5.1925449870629636e-11 7.147662063027058e-12 2.3263978590681602e-17 184344.96155332186 167400.80485876693 98898.1418293757 5.5612093060015006e-11 307241.6025888698 0.06419858996822428 406140.7444182455 0.0 304735.57740695454 65767.41968830832 0.9999993334338193 -7.516431366205722e-10 307515.19054721337 1.813497041618266e-11 -0.19325345211804973 -211285.84432049544 -27655.68471744175 493597.0835753751 -250761.08027368668 387743.1036291584 -0.000281908478528732 -0.07709915930558713 -275613.17675901856 0.06419859 2.8523688780928376e-12 0.23441948102748805 186355.48098650525 122608.81632840546 122607.81632840546 429850.41891727527 429850.41891727527
21.1020694821 3.3219127577962335e-11 1.1301952716676647e-21 3.096440453011355e-11 4.252803105227204e-12 9.856338851362429e-18 258887.39240549665 235617.94848779004 140058.5634462051 3.3219127577962335e-11 431478.9873424944 0.06419858996197546 571538.5507886995 0.0 426654.52814072924 92423.56383109452 0.999999526197054 -4.4995845938089474e-10 431750.36005049624 1.0800005843079682e-11 -0.19150765439812753 -291640.736609007 -38169.47568575059 688879.8751911712 -353914.17428347236 542770.9398913626 -0.00023741844976642352 -0.07544404845166612 -388043.35869609326 0.06419859 1.7119992245139017e-12 0.23399657052159367 257400.88784867674 173695.24834033626 173694.24834033626 605174.2356828307 605174.2356828307
21.6232905983 1.9612352002888668e-11 3.9240388961915373e-22 1.8249254845158528e-11 2.500999685273307e-12 4.095290561106064e-18 366420.8410255049 334211.72270063055 199847.0267043569 1.9612352002888668e-11 610701.4017091749 0.0641985899591829 810549.4284135317 0.0 602012.8246405475 130878.11027239592 0.9999996659098188 -2.661657283464791e-10 610970.639134254 6.356936030283712e-12 -0.1897864022112422 -405707.2148070996 -53111.41657387321 969010.3562135745 -503337.67395959375 765759.1867331339 -0.00019917199975652707 -0.07382533596915239 -550578.3808360605 0.06419859 1.015312066062969e-12 0.23356097938608233 358308.9545043997 247921.8631531609 247920.8631531609 858623.2648623358 858623.2648623358
22.1573858761 1.144133426306563e-11 1.330247179467615e-22 1.0627116782334784e-11 1.4533348432992e-12 1.6680012736130329e-18 522781.91871690727 477837.61996096425 287369.64625857654 1.144133426306563e-11 871303.1978615122 0.06419858996181296 1158673.8441200887 0.0 856245.0270174094 186790.6859240804 0.9999997664654042 -1.5546117171361118e-10 871570.3762707 3.6972214736057866e-12 -0.18809038343255283 -568906.893258268 -74517.9448081695 1374065.2050056304 -721488.8686750354 1089059.7075494933 -0.000166421953424372 -0.07224205375600533 -787407.840183736 0.06419859 5.948230271525645e-13 0.23311571650123541 502762.0071441182 356608.25717724254 356607.25717724254 1227911.4550387547 1227911.4550387547
22.7046733073 6.593387642564217e-12 4.400607390102411e-23 6.113044650824312e-12 8.342842154342407e-13 6.656556222200707e-19 751996.2464975963 688762.0768269378 416513.8796189786 6.593387642564217e-12 1253327.0774959938 0.06419858997245456 1669841.9571149724 0.0 1227839.8057899394 268744.8105871366 0.9999998386010794 -8.940914675292788e-11 1253592.2694706458 2.1241731608148954e-12 -0.18642017628474816 -804290.9098227584 -105438.63185626167 1964547.5371829814 -1042546.5119271325 1561629.2804006957 -0.0001384909073593463 -0.07069326079933318 -1135290.6274440822 0.06419859 3.44157920828809e-13 0.2326635115066327 711220.4596869876 517020.97802612395 517019.97802612395 1770348.0555221178 1770348.0555221178
23.2654787379 3.752331288616974e-12 1.419803981743807e-23 3.4725717596330972e-12 4.729739569100062e-13 2.601580164253315e-19 1090815.4130315396 1001094.9712450339 608632.6575348317 3.752331288616974e-12 1818025.6883858994 0.06419859000246057 2426659.3459207313 0.0 1775524.9364893415 389866.3233798119 0.9999998881300799 -5.135611380602256e-11 1818288.9629133437 1.2052306802597807e-12 -0.1847762542144618 -1146596.654632105 -150477.83480956833 2832556.698230465 -1518957.549097547 2258167.5109345703 -0.0001147674632336597 -0.06917804475837079 -1650548.1970510725 0.06419859 1.9660495307517572e-13 0.23220682311033525 1014531.0098445655 755713.607355258 755712.607355258 2573739.2957411576 2573739.2957411576
23.8401360628 2.1082702636644078e-12 4.4650471339647015e-24 1.9474755339474482e-12 2.647340341492553e-13 9.95281030796881e-20 1595935.3741181595 1467531.8882458133 896833.2714823121 2.1082702636644078e-12 2659892.290196933 0.06419859005201767 3556726.561679245 0.0 2589674.145444575 570397.5359210224 0.999999924465855 -2.8613028613122538e-11 2660153.7128148656 6.751357869893561e-13 -0.18315899199232522 -1648611.3683263166 -216645.96131367347 4119481.0377479047 -2231880.6706224447 3293622.33380125 -9.470229094325521e-05 -0.06769552325399421 -2420206.44990187 0.06419859 1.1086083117657084e-13 0.2317478502257446 1459588.7475509718 1113864.6045309342 1113863.6045309342 3773756.894727867 3773756.894727867
24.4289874235 1.1691009690261187e-12 1.3678675578813873e-24 1.0779317819022491e-12 1.4625207700450813e-13 3.7252488466781426e-20 2355580.786816441 2170187.468543456 1332889.5051833228 1.1691009690261187e-12 3925967.978027402 0.06419859015575143 5258858.483210725 0.0 3810574.358594236 841826.9969360129 0.9999999483027846 -1.608901900596038e-11 3926227.610994454 3.7327035456787126e-13 -0.18156867371468005 -2391239.907916782 -314708.7989547248 6044266.393779404 -3307990.2504507857 4846416.018158419 -7.78040846271881e-05 -0.06624484460291598 -3579901.117251146 0.06419859 6.168569858254681e-14 0.23128854804647525 2118298.415752002 1655881.2879722873 1655880.2879722873 5581849.26599969 5581849.26599969
25.0323834129 6.396502646387105e-13 4.079555053903922e-25 5.886757507063383e-13 7.972237504589389e-14 1.3634510832110147e-20 3508261.1691876813 3238156.6047091093 1998479.611668123 6.396502646387105e-13 5847101.948646136 0.06419859029801567 7845582.560314259 0.0 5657940.127514078 1253573.9313358602 0.9999999659028433 -8.679154617219353e-12 5847359.851141122 2.036262807572899e-13 -0.1800054979325203 -3499572.493968922 -461345.09152338223 8948983.321861858 -4946753.400384229 7195964.905532977 -6.363546940744424e-05 -0.06482518833526182 -5342907.428286117 0.06419859 3.3859815560478424e-14 0.23083063825600825 3101881.373215722 2483390.5651192404 2483389.5651192404 8330492.513765376 8330492.513765376
25.6506832832 3.4519001330343847e-13 1.1837351773389434e-25 3.170950474317027e-13 4.286534727238764e-14 4.877144531582128e-21 5273415.224929927 4876240.267922277 3023622.4843755383 3.4519001330343847e-13 8789025.374883212 0.06419859065859211 11812648.85925875 0.0 8479035.755675426 1883906.3548473546 0.9999999775386598 -4.65479044198247e-12 8789281.60321013 1.0956817672748819e-13 -0.17846958740790314 -5168758.40773297 -682627.4919857882 13372947.557291584 -7465108.851524377 10783841.257511284 -5.1808911147971724e-05 -0.063435765632007 -8047632.788468911 0.06419859 1.8329257356882182e-14 0.230375631328713 4583922.182408371 3758194.4185148515 3758193.4185148515 12547219.793398064 12547219.793398064
26.2842551603 1.8367716657959933e-13 3.339514461834948e-26 1.6841847422666903e-13 2.2726793814005946e-14 1.704095280352485e-21 8001944.723207279 7412370.489276532 4617201.497344473 1.8367716657959933e-13 13336574.538678799 0.0641985904713394 17953777.036023274 0.0 12827868.265528228 2857939.6537268036 0.9999999855467658 -2.4271418208599016e-12 13336829.146512719 5.813442307380906e-14 -0.17696098951717876 -7706053.115726865 -1019690.2454257063 20174408.668893617 -11371327.092242973 16314403.232475016 -4.198267572854949e-05 -0.06207581966366166 -12236036.635341378 0.06419859 9.781986711829245e-15 0.22992481738019754 6837834.130214817 5740281.558555741 5740280.558555741 19076856.09723454 19076856.09723454
26.9334762627 9.633532661742937e-14 9.153871198616788e-27 8.817209711386644e-14 1.1877615205506496e-14 5.8126995889296035e-22 12260342.655689895 11376654.138697257 7117983.040527396 9.633532661742937e-14 20433904.426149826 0.06419859435661268 27551888.466677222 0.0 19596768.78660881 4377588.634744496 0.9999999890751535 -1.479524835978907e-12 20434157.464694813 3.0404258079143984e-14 -0.17547971633964893 -11599792.2918585 -1538044.1852370717 30732244.27250505 -17488276.03617437 24921944.92179955 -3.3856878535084724e-05 -0.06074462740982022 -18784353.19443021 0.06419859 5.145035655244953e-15 0.2294793850484222 10298339.846355222 8851370.30828803 8851369.30828803 29285274.734437857 29285274.734437857
27.5987331264 4.978487128801569e-14 2.436217807213086e-27 4.548449967778189e-14 6.1168623551327836e-15 1.9344799636710509e-22 18972115.159957044 17634390.32658662 11080696.78507094 4.978487128801569e-14 31620191.93326174 0.06419858158177998 42700889.71833268 0.0 30237132.474733997 6771934.033477891 0.9999999927009173 -7.932543510946743e-13 31620443.451809634 1.5668842596227753e-14 -0.17402564406357765 -17633627.304374088 -2343033.814067696 47283511.25667466 -27161109.155360322 38451035.73815023 -2.716965895171827e-05 -0.05944149769550348 -29123106.24430358 0.06419858999999999 2.66612627512574e-15 0.2290401013385477 15663319.323412916 13782134.347187802 13782133.347187802 45402326.28044954 45402326.28044954
28.2804218347 2.534161381406418e-14 6.290804153747316e-28 2.3111713427160765e-14 3.1030018957714813e-15 6.277581629173772e-23 29657926.958099514 27612201.790917963 17422778.856707312 2.534161381406418e-14 49429878.26349919 0.0641986270370689 66852658.120206505 0.0 47133512.60226798 10582583.321977435 0.9999999981222598 -1.6293910665154954e-13 49430128.309509486 7.954012641241903e-15 -0.17259877966123982 -27077604.22463971 -3605739.7073381417 73494110.3420354 -42610794.37289403 59931489.30732023 -2.169350935874058e-05 -0.05816579852862674 -45611191.951426916 0.06419859 1.3606669630557163e-15 0.22860808319178622 24064232.078536212 21675018.238429524 21675017.238429524 71104896.50192872 71104896.50192872
28.978948254 1.2700922166168855e-14 1.5749032820293966e-28 1.156320763467717e-14 1.5499883129458652e-15 1.985153128186304e-23 46847442.239627935 43686331.31052842 27677118.1128366 1.2700922166168855e-14 78079070.3993799 0.0641985273631142 105756189.5122165 0.0 74244469.92233811 16710234.92737994 0.9999999992043043 -5.484501741648273e-14 78079319.0171704 3.975784289434839e-15 -0.1711992888318249 -42010973.69945278 -5606825.36207432 115433289.71665008 -67542033.96904819 94391201.27031806 -1.7231780038032676e-05 -0.0569168867857219 -72178330.66506073 0.06419859 6.83670087007988e-16 0.22818455474556792 37354219.31727019 34439161.25667392 34439160.25667392 112518231.65605381 112518231.65605381
29.6947282758 6.265203188748391e-15 3.819723747036734e-29 5.694231577973801e-15 7.620915928962658e-16 6.113555445393503e-24 74793559.54409106 69855810.11943315 44429860.20008692 6.265203188748391e-15 124655932.5734851 0.06419869175424667 169085793.77357203 0.0 118209065.74700189 26669988.392877102 0.9999999959545092 -2.2032375923686232e-13 124656179.81601281 1.9560611050829025e-15 -0.16982499906904336 -65873356.281359166 -8811520.983061126 183254667.55685568 -108196767.82462542 150261132.47709265 -1.3615390784484176e-05 -0.055694282625736134 -115438800.98079023 0.06419859000000001 3.380544402183052e-16 0.22776565304169433 58598734.98337058 55295881.95246115 55295880.95246115 179951814.52594626 179951814.52594626
30.4281880643 3.0406128577273763e-15 8.968177059157871e-30 2.7589512628470414e-15 3.6868283886573505e-16 1.832330458603577e-24 120725915.87579934 112927962.17076656 72097818.34126002 3.0406128577273763e-15 201209859.7929989 0.06419855191414772 273307679.1342589 0.0 190290848.45311436 43030972.867903545 1.000000002607019 1.1157741397482823e-13 201210105.7025465 9.46899160563109e-16 -0.16848067754356644 -104416633.13836944 -13999292.909280485 294137033.5778099 -175216680.77622294 241839422.5616385 -1.0699712291848295e-05 -0.05449788839421801 -186653680.21027088 0.06419858999999999 1.6444743051582622e-16 0.22736210084862798 92927173.78481095 89747692.47745407 89747691.47745407 290957552.270453 290957552.270453
31.1797643094 1.4512345471664661e-15 2.0365761000883118e-30 1.3147234868528457e-15 1.7541750667154035e-16 5.34110688126769e-25 197057527.39853415 184613908.13913113 118316051.57061124 1.4512345471664661e-15 328429212.33089024 0.06419855835284534 446745264.9015015 0.0 309818382.6055973 70204248.01427978 0.9999999957421077 -1.4241385848379196e-13 328429456.9017163 4.50819041048728e-16 -0.1671724551871342 -167359913.0255756 -22490303.512386326 477453116.6788247 -286950481.4662134 393631494.29967356 -8.361757983999238e-06 -0.05332600567489818 -305201123.7133376 0.06419858999999999 7.867914324791471e-17 0.2269866478090849 149023904.3479345 147308685.2537213 147308684.2537213 475737897.58461154 475737897.58461154
31.9499044879 6.809130475109509e-16 4.469534123384698e-31 6.158739011686342e-16 8.205049229173749e-17 1.513171019377251e-25 325344784.88966113 305256590.2739625 196355704.47597426 6.809130475109509e-16 542241308.1494353 0.06419875006690483 738597013.6254096 0.0 510244162.4985298 115900020.90815443 1.000000001581065 4.1092129698938606e-14 542241551.4320456 2.1099882348045618e-16 -0.16588106820303217 -271309360.463604 -36545172.544683784 783947519.394977 -475280659.4304396 648065468.67083 -6.497539715705916e-06 -0.05217738291856164 -504743345.5334639 0.06419859 3.699954930220997e-17 0.22660555023725876 241706211.24554166 244516639.74794614 244516638.74794614 786757947.8973814 786757947.8973814
32.7390671287 3.139391081185221e-16 9.47213352603659e-32 2.8349640260086043e-16 3.771484324158379e-17 4.1636826585735e-26 543483086.4757491 510659239.3943175 329638181.6529292 3.139391081185221e-16 905805144.1262486 0.06419856303659438 1235443326.7791777 0.0 850186716.8092811 193580459.79592085 0.9999999951098766 -9.818534874028728e-14 905805386.180514 9.704463099998292e-17 -0.16460766586989442 -444973107.50486785 -60079387.814707994 1302402843.3183303 -796392320.5214764 1079546893.8132153 -5.01957403470474e-06 -0.05105234896450825 -844533963.5742421 0.06419859000000001 1.70944986943908e-17 0.22621878632386894 396597699.19208163 410561997.5429988 410561996.5429988 1316367141.6692474 1316367141.6692474
33.5477220868 1.4217132948076816e-16 1.9368213554592203e-32 1.2818474830426117e-16 1.702894172111348e-17 1.1119586284717399e-26 918861752.7550075 864587573.3733668 560029047.8593228 1.4217132948076816e-16 1531436254.5916793 0.06419861918054487 2091465303.4510021 0.0 1433864469.8613012 327095568.22881067 0.9999999975833405 -3.7261860263981816e-14 1531436495.4460664 4.384320292710609e-17 -0.1633616395600131 -738558846.7642142 -99954778.39578053 2189999355.1952744 -1350522323.3195434 1820112678.596837 -3.8546865246173e-06 -0.04995072559170902 -1430124453.7459486 0.06419859 7.757376350559398e-18 0.2258447571861137 658563100.6035951 697631742.0389125 697631741.0389125 2229067996.630592 2229067996.630592
34.3763508224 6.32118317004634e-17 3.81769771264214e-33 5.690609219138905e-17 7.549423379932003e-18 2.8800446007678997e-27 1572769985.8185778 1481906534.7863789 963096024.2385044 6.32118317004634e-17 2621283309.69763 0.06419875668959038 3584379334.9361343 0.0 2448374386.256323 559783086.1370449 1.0000000090885464 1.0695611063482602e-13 2621283549.392833 1.9448077823288358e-17 -0.16213915285251776 -1240930259.5602436 -168341262.48266402 3728276400.6330404 -2318405139.5902996 3106800533.041237 -2.9420576765210057e-06 -0.04887202347449763 -2451671535.104189 0.06419859 3.4558610793080776e-18 0.2254787890507309 1106993090.93541 1199933181.0301304 1199933180.0301304 3821216490.7277603 3821216490.7277603
35.2254466877 2.758077789790836e-17 7.2475043327041435e-34 2.479263165251824e-17 3.2846757088802045e-18 7.229020225085737e-28 2726238183.745842 2572198328.4627132 1677124902.145523 2.758077789790836e-17 4543730306.243071 0.06419873070537105 6220855209.388594 0.0 4234005589.070011 969928887.0790056 1.0000000081486786 7.273348590075557e-14 4543730544.809203 8.466415628133097e-18 -0.16094259717526474 -2111313116.8597634 -287089006.2575871 6427961048.628172 -4030264121.965974 5370601045.464523 -2.2314503476798716e-06 -0.04781579580827053 -4256189243.7145586 0.06419859 1.510783156759805e-18 0.22512430411773215 1884230742.385101 2089886471.083828 2089886470.083828 6633616777.326899 6633616777.326899
36.0955152209 1.1804116141787376e-17 1.3238633302657432e-34 1.0595562010142791e-17 1.4019108791576233e-18 1.7570780144549687e-28 4787181545.233601 4522662876.794395 2958241140.678508 1.1804116141787376e-17 7978635908.722668 0.06419878527949757 10936877050.401176 0.0 7417888087.354035 1702558245.8032112 1.000000015312696 1.030009411095989e-13 7978636146.188702 3.615487092777619e-18 -0.15977129412399854 -3638610532.1198516 -495924063.75656164 11227263770.530912 -7096907013.925317 9405050688.18336 -1.6816265236728865e-06 -0.04678151023510712 -7484867728.302811 0.06419859 6.478132394888344e-19 0.22478139694503235 3248627861.808244 3686878067.7890434 3686878066.7890434 11665513976.511711 11665513976.511711
36.9870744468 4.953032433879746e-18 2.3246038077730986e-35 4.4396875074559045e-18 5.866632980539101e-19 4.132255895213183e-29 8518278372.19826 8057985069.243022 5286961824.690775 4.953032433879746e-18 14197130620.330435 0.0641988991124902 19484092446.02121 0.0 13170012906.841837 3028930090.1877103 0.9999999954942278 -2.2690183065776637e-14 14197130856.728603 1.5138018687332073e-18 -0.15862366609356804 -6353816157.527612 -868008208.2565703 19872271024.48121 -12662819610.47964 16690333240.694813 -1.258950867305161e-06 -0.04576870049500837 -13337916455.48064 0.06419859 2.7232305417368696e-19 0.22444803042040778 5675140404.150774 6590178853.375145 6590178852.375145 20787309473.70558 20787309473.70558
37.9006551856 2.0366023410231744e-18 3.9199354660091894e-36 1.823039665880384e-18 2.4059374210821972e-19 9.395336066145182e-30 15364612893.946514 14552749787.600416 9577054499.932018 2.0366023410231744e-18 25607688156.577526 0.06419903485863038 35184742657.509544 0.0 23703772457.182457 5461406628.597366 0.9999999740468211 -9.718614801812464e-14 25607688391.93606 6.211456307820825e-19 -0.15750017957361312 -11245842432.543655 -1539868641.6684697 35656378365.205765 -22901477802.090523 30024639381.828915 -9.361680249604774e-07 -0.04477692595140891 -24092210358.73145 0.06419859 1.1217583082693842e-19 0.22412525995453103 10048690208.62824 11939522975.782505 11939522974.782505 37547211132.36003 37547211132.36003
38.8368013687 8.202002328044057e-19 6.341543828908458e-37 7.332219346574187e-19 9.664679978281522e-20 2.063486990496383e-30 28101832340.53339 26649862757.834915 17589573031.43554 8.202002328044057e-19 46836387234.22232 0.06419922892099227 64425960266.65786 0.0 43263261821.44413 9986851568.896847 0.9999999769854439 -6.36435348866371e-14 46836387468.56976 2.4964365987281917e-19 -0.15640006164420295 -20181492666.003983 -2769744483.7202244 64876650816.203926 -41996488625.227394 54770230671.24966 -6.91340002395473e-07 -0.043805745787615064 -44126044013.85178 0.06419859 4.525579444057746e-20 0.2238125382330371 18040263581.981606 21931708146.941566 21931708145.941566 68768095381.16388 68768095381.16388
39.7960703625 3.2336109316136245e-19 9.832139985699647e-38 2.886994517176989e-19 3.800788350365926e-20 4.374027696947926e-31 52136277975.6103 49502336013.86634 32766260807.68773 3.2336109316136245e-19 86893796626.01717 0.06419950597334864 119660057434.7049 0.0 80100938202.34027 18523716614.988552 0.9999999629258312 -7.517597655493091e-14 86893796859.38103 9.822583065886914e-20 -0.15532296228369893 -36733977318.548096 -5052901368.988494 119743131631.3632 -78113990086.87064 101347885328.18143 -5.069295939012668e-07 -0.042854736026145694 -81977104964.7617 0.06419859 1.787252627830215e-20 0.2235097362535472 32849335005.34603 40860569517.59381 40860569516.59381 127754366143.61098 127754366143.61098
40.7790333005 1.247325452847871e-19 1.4594105623376566e-38 1.1122373193965345e-19 1.4625562205463095e-20 8.940632198600043e-32 98150097352.44292 93301902037.53372 61930008450.159546 1.247325452847871e-19 163583495587.40488 0.0641999010241575 225513504038.56442 0.0 150496905684.31662 34864409343.33085 1.0000000068351755 1.008915173628111e-14 163583495819.8116 3.7816258276167717e-20 -0.154268530747752 -67840537260.64433 -9352762169.979708 224273072641.25186 -147422844537.70752 190301115768.11795 -3.690158204258853e-07 -0.04192348411029377 -154533531000.24088 0.06419859 6.905665998516835e-21 0.22321679081621965 60689577053.847 77239124092.34494 77239124091.34494 240822619679.74982 240822619679.74982
41.786275423 4.705003804943605e-20 2.0716238224566066e-39 4.190382379116738e-20 5.503866447521158e-21 1.76063184622131e-32 187561469999.25882 178503347595.5034 118805261324.43896 4.705003804943605e-20 312602449998.7647 0.0642004637662819 431407711324.2037 0.0 287041154043.6422 66612811406.326546 0.9999999732466422 -2.853273173286652e-14 312602450230.2401 1.423779352753195e-20 -0.15323631278257355 -127167013691.87302 -17570893418.815063 426407753186.3738 -282408708652.91315 362728284090.99915 -2.6662756741436927e-07 -0.04101158725015713 -295693954845.75415 0.06419859 2.609140337288841e-21 0.2229334939511719 113805303187.60905 148193408115.8767 148193408114.8767 460795858114.6414 460795858114.6414
42.818396426 1.734547999847093e-20 2.809077574344244e-40 1.5430226690831345e-20 2.0244048819889533e-21 3.337176107750876e-33 363964937460.49554 346780320979.9146 231415620754.6317 1.734547999847093e-20 606608229100.8259 0.06420126464887747 838023849856.4576 0.0 555966007589.8112 129238719041.04123 1.0000000746400337 5.707934125354086e-14 606608229331.395 5.2393293946707195e-21 -0.15222594195444777 -242038684056.3252 -33516893351.76567 823295419115.0378 -549326174165.5561 702095185111.8467 -1.911820723484311e-07 -0.04011865074306626 -574530278337.7408 0.06419859 9.634305751203271e-22 0.22265974926818977 216687190014.21182 288696354046.9673 288696354045.9673 895304583147.7932 895304583147.7932
43.8760108177 6.2461234285467164e-21 3.6344517015494595e-41 5.5501512521562685e-21 7.273652953135703e-22 6.0825570564465645e-34 717469447291.8342 684352551153.709 457865747316.636 6.2461234285467164e-21 1195782412153.0571 0.06420240363132118 1653648159470.693 0.0 1093967126901.62 254725180924.7363 1.000000038822754 2.1121993043493603e-14 1195782412382.7441 1.8833405023629804e-21 -0.15123700502373794 -467935064612.60345 -64940398491.95516 1614857481506.9246 -1085392758359.3063 1380543602312.3335 -1.360155550326773e-07 -0.039244286057796604 -1133964206029.222 0.06419859 3.474776301073843e-22 0.22239541402285978 419075069353.8675 571269002300.7874 571269002299.7874 1767051414453.8445 1767051414453.8445
44.9597482849 2.195725452980941e-21 4.481530637317869e-42 1.9489293198092803e-21 2.5514005858858784e-22 1.0650385194003225e-34 1437289595113.3135 1372435797608.5024 920539409332.5044 2.195725452980941e-21 2395482658522.1895 0.064204022464432 3316022067855.694 0.0 2187663933441.4695 510214007834.46124 1.0000000645501608 2.478572902475662e-14 2395482658751.017 6.609168920689142e-22 -0.1502690770697162 -919277235978.9562 -127854814204.92769 3219067032170.2754 -2179303333506.1526 2758754596843.124 -9.599406941341388e-08 -0.03838810862844066 -2274422236513.8726 0.06419859 1.2233834359614326e-22 0.22214034251100848 823584373648.0862 1148675295472.1934 1148675295471.1934 3544157953994.383 3544157953994.383
46.0702540675 7.530563756657217e-22 5.260205611117832e-43 6.677044177607751e-22 8.732009605166501e-23 1.7897034327186274e-35 2927220397383.5273 2798107799122.227 1881394520444.169 7.530563756657217e-22 4878700662305.879 0.06420632225816614 6760095182751.048 0.0 4447848155661.01 1038991785985.1705 0.9999998952870005 -2.8144153674247718e-14 4878700662533.87 2.2629120463608634e-22 -0.1493216969956923 -1835868065466.013 -255884682071.34143 6524043108993.968 -4448325334768.211 5604776534358.616 -6.719354496464757e-08 -0.037549735137064756 -4637690478885.445 0.06419859000000001 4.2021040672471037e-23 0.2218943634162657 1645342446688.0889 2347933177321.9814 2347933177320.9814 7226633839627.86 7226633839627.86
47.208189343 2.5182038252478156e-22 5.869899608240991e-44 2.2304905488814765e-22 2.9140103287817424e-23 2.883279341562412e-36 6063373724995.184 5801962673358.6 3910474496359.58 2.5182038252478156e-22 10105622874991.973 0.06420958838982352 14016097371352.553 0.0 9197903974837.217 2151928414573.2632 1.0000000890442242 1.6611712005953905e-14 10105622875219.15 7.554786674408492e-23 -0.14839434629294695 -3728626018803.524 -520805132004.3186 13448460062154.535 -9234252702870.023 11581467274386.344 -4.663894134514003e-08 -0.03672878003855156 -9617655578604.338 0.06419858999999999 1.4072512050445034e-23 0.22165726171399147 3342837187162.5615 4880731411483.467 4880731411482.467 14986354286475.44 14986354286475.44
48.3742316198 8.205275614605916e-23 6.219544087148148e-45 7.260528313132137e-23 9.47619944901954e-24 4.448605325172468e-37 12779173400373.865 12240681824562.6 8269406424400.055 8.205275614605916e-23 21298622333956.44 0.06421422598484938 29568028758357.496 0.0 19354321631021.887 4535025113048.1455 1.000000404959958 5.1986193128072955e-14 21298622334182.824 2.4577287265859689e-23 -0.1474864185082645 -7704623505266.933 -1078433520812.163 28208467659499.94 -19503650414585.56 24350673521492.02 -3.209342854083096e-08 -0.03592485099649923 -20293438059109.387 0.06419859 4.592000757574901e-24 0.2214287522761242 6909845325543.497 10322337950707.895 10322337950706.895 31620960284664.336 31620960284664.336
49.5690751408 2.60346740783045e-23 6.249131473722263e-46 2.3014615807988278e-23 3.0009672607171516e-24 6.566321812463352e-38 27416159399240.96 26287109205078.344 17799265790187.492 2.60346740783045e-23 45693598998734.94 0.06422081047266441 63492864788923.43 0.0 41457346774628.51 9728689595996.006 1.0000004532259565 3.968353423644544e-14 45693598998960.55 7.786075457232493e-24 -0.14659717545203366 -16204537537650.29 -2272934289237.4595 60231572445571.11 -41930098351526.2 52117888910224.266 -2.1889496519590373e-08 -0.03513754272709021 -43586038636298.66 0.06419859000000001 1.4590663209684928e-24 0.22120844200253043 14537973446836.176 22220451001945.71 22220451001944.71 67914050000680.65 67914050000680.65
50.7934312967 8.038558106054844e-24 5.946091646939037e-47 7.099285818221132e-24 9.24874143360453e-25 9.261873543446557e-39 59898487982026.88 57487983815469.94 39012574431374.86 8.038558106054844e-24 99830813303378.14 0.0642301596922003 138843387734754.0 0.0 90437226102686.88 21253958738532.695 0.9999991263583546 -5.170169847801276e-14 99830813303602.98 2.400400115232137e-24 -0.1457256843032364 -34705351555951.13 -4878080322374.235 130977730731975.9 -91795799414854.98 113600857789364.1 -1.4794868492532224e-08 -0.034366428605249126 -95331205525805.72 0.06419859 4.511283473809866e-25 0.22099577430355072 31146917428597.76 48708109138479.05 48708109138478.05 148538922441857.2 148538922441857.2
52.0480290498 2.413647976898782e-24 5.350512588516796e-48 2.1296094990542963e-24 2.772050209130157e-25 1.2469770806315914e-39 133328886611500.89 128086325650968.67 87112002762892.03 2.413647976898782e-24 222214811019168.16 0.06424343688582124 309326813782061.2 0.0 201004465108913.3 47307376846724.48 1.0000007252665182 2.874089854998374e-14 222214811019392.28 7.196604071778939e-25 -0.1448707282413143 -75722922095687.27 -10665417813070.889 290197795421011.44 -204739607817394.06 252284090945913.34 -9.907019869736832e-09 -0.033611049105763915 -212428697226175.03 0.06419859 1.3563692348593782e-25 0.22078995069869767 67982984401843.266 108772587397707.4 108772587397706.4 330987398416875.56 330987398416875.56
53.3336153673 7.042621166241439e-25 4.546680828104848e-49 6.207962426840203e-25 8.074423890336338e-26 1.6006355838974534e-40 302502477957162.8 290882688537583.0 198254155332165.5 7.042621166241439e-25 504170796595271.4 0.06426229804714984 702424951927437.9 0.0 455375324781136.75 107328741425024.47 0.9999998611371406 -3.649858193455202e-15 504170796595494.75 2.0967151933528573e-25 -0.14403067799011252 -168395465825946.0 -23767155769775.297 655409473384697.4 -465438165196671.9 571096811053852.5 -6.5709752784742724e-09 -0.032870895697389546 -482480523012055.7 0.06419859 3.9627808295183964e-26 0.22058981751941714 151238676789426.03 247575454987028.25 247575454987027.25 751746251582299.6 751746251582299.6
54.6509556669 1.9954741230129314e-25 3.643286879151371e-50 1.7572795251858577e-25 2.2840249775833285e-26 1.956495058227543e-41 699889982555709.5 673633004257817.5 460088183453358.4 1.9954741230129314e-25 1166483304259516.0 0.06428910268938148 1626571487712875.5 0.0 1052039139799748.1 248311977397723.66 1.0000014051904733 2.425837308805967e-14 1166483304259738.5 5.931948545356265e-26 -0.14320330649934315 -381865866112856.7 -54007731140384.02 1509576349572826.2 -1078960043266542.4 1318385717226632.5 -4.315857440580858e-09 -0.03214538838652748 -1117470278103449.9 0.06419859000000001 1.1242117055089276e-26 0.22039370091796934 343093045313310.1 574604929760155.0 574604929760154.0 1741088234019671.0 1741088234019671.0
56.0008342718 5.486402224767242e-26 2.7487551841540144e-51 4.826611107163713e-26 6.269711182549121e-27 2.274475839523066e-42 1652069650537200.2 1591557169994758.8 1089283117711019.5 5.486402224767242e-26 2753449417562000.5 0.06432721722539071 3842732535273021.0 0.0 2479619787658907.0 586098204770009.2 0.999995937021579 -4.560934963038221e-14 2753449417562222.5 1.628424360352846e-26 -0.14238552645074143 -883441896968223.8 -125206991759251.1 3547524962616281.5 -2551741149087196.0 3105214889831451.0 -2.806387293680928e-09 -0.0314338441823545 -2640492787216106.5 0.06419859 3.094515552412053e-27 0.22019917478441434 794075545054281.1 1360540085165706.0 1360540085165705.0 4113989502727706.5 4113989502727706.5
57.3840548784 1.46261067528302e-26 1.949591969470953e-52 1.285306399357229e-26 1.6688663102870307e-27 2.5115962136215567e-43 3980397383566931.0 3838116152149816.5 2632261992085621.0 1.46261067528302e-26 6633995639278219.0 0.06438144641236714 9266257631363840.0 0.0 5965082680349383.0 1411970574677394.8 1.0000047532260408 3.4340585930436873e-14 6633995639278440.0 4.334133192420728e-27 -0.1415729289464028 -2086145509303697.5 -296288948644996.5 8509993183672217.0 -6159724867887837.0 7465546971674236.0 -1.8061811425405276e-09 -0.030735432885994788 -6368404007299595.0 0.06419858999999999 8.258312642603126e-28 0.22000264026169664 1875997544393999.0 3288073376530211.0 3288073376530210.0 9922069015808430.0 9922069015808430.0
58.8014410339 3.77772456658218e-27 1.2978119930885648e-53 3.31568578161676e-27 4.304116468625364e-28 2.630989240916453e-44 9793178807012540.0 9451822521882890.0 6495637001202660.0 3.77772456658218e-27 1.6321964678354234e+16 0.06445867044036456 2.2817601679556896e+16 0.0 1.4652542524811438e+16 3473434311180244.0 1.0000079448246406 3.655409308578328e-14 1.6321964678354456e+16 1.1174753568602721e-27 -0.14076051533018946 -5030672243317398.0 -716049036116601.8 2.084839685224781e+16 -1.5184110394588736e+16 1.832979569272246e+16 -1.1502577132830936e-09 -0.030049114145872375 -1.5684766279445532e+16 0.06419859 2.1349861535105055e-28 0.21980011703040414 4526432173893572.0 8114765808646277.0 8114765808646276.0 2.443673048700051e+16 2.443673048700051e+16
60.2538366274 9.445914568121328e-28 8.094793290933639e-55 8.278105786341505e-28 1.0746989641505716e-28 2.611010452381753e-45 2.4615825394561204e+16 2.3778454559968108e+16 1.6373120659838464e+16 9.445914568121328e-28 4.102637565760201e+16 0.06456869788865047 5.739949631744047e+16 0.0 3.676044874838864e+16 8729071180018698.0 1.0000016685172242 4.836409051023338e-15 4.102637565760222e+16 2.7885461235831965e-28 -0.13992497001599735 -1.2394785894255262e+16 -1768246721115234.0 5.218408117972653e+16 -3.823513954229169e+16 4.597875097944997e+16 -7.246579512909886e-10 -0.02937355121954782 -3.946328343302817e+16 0.06419859 5.341135386337911e-29 0.21956960454351157 1.1157705522124516e+16 2.045620070752972e+16 2.045620070752972e+16 6.148257636513173e+16 6.148257636513173e+16
61.7421063921 2.2846109221463776e-28 4.722321603624278e-56 2.0000613839178069e-28 2.595810288372588e-29 2.4514460274060412e-46 6.3238598885845416e+16 6.1190253473604104e+16 4.229152788823814e+16 2.2846109221463776e-28 1.0539766480974237e+17 0.06472574415560164 1.476891926979805e+17 0.0 9.431266394779946e+16 2.2405596595260252e+16 1.0000040189062582 7.258083023486961e-15 1.0539766480974258e+17 6.730832006088429e-29 -0.1392408242121366 -3.1217611804117224e+16 -4464309961229333.0 1.3358825749916398e+17 -9.8569846768938e+16 1.1796049532751656e+17 -4.5149797516558503e-10 -0.0287069784699372 -1.0157408670689176e+17 0.06419859 1.295521846780519e-29 0.21948732320436196 2.8190592689421604e+16 5.284725147105747e+16 5.284725147105747e+16 1.5824491628079984e+17 1.5824491628079984e+17
63.26713642 5.340316820344449e-29 2.5362256990466452e-57 4.6499257543005275e-29 6.060022015243167e-30 2.1744376514094002e-47 1.638080271950356e+17 1.603837347768949e+17 1.1372974069675085e+17 5.340316820344449e-29 2.7301337865839264e+17 0.06651149240758028 3.867431193551435e+17 0.0 2.4537447935511168e+17 5.856779979489975e+16 1.0000165600345667 1.842276331487369e-14 2.7301337865839283e+17 1.554262308865358e-29 -0.13904746820605982 -7.995438061238586e+16 -1.1529823930320348e+16 3.4788606860042374e+17 -2.6159907059792384e+17 3.078878455980571e+17 -2.781254504261073e-10 -0.02786069419120369 -2.6662136614452966e+17 0.06419859 3.0938588922057726e-30 0.22006752893084908 7.487268994203112e+16 1.4228317331611846e+17 1.4228317331611846e+17 4.152965519745111e+17 4.152965519745111e+17
64.8298346895 1.2053998834304427e-29 1.1944778161998058e-58 1.0050426507784334e-29 1.3661980485339951e-30 1.8195074159059975e-48 4.0846455558661075e+17 4.142780521224147e+17 3.154852186622391e+17 1.2053998834304427e-29 6.80774259311018e+17 0.07477800326464745 9.962594779732571e+17 0.0 6.090247851381946e+17 1.545325403003444e+17 0.9999485574469442 -3.48471251854221e-14 6.807742593110181e+17 3.2926520389920286e-30 -0.1365176152314851 -2.0441728806918883e+17 -3.047891373637719e+16 8.93559498872502e+17 -7.001525810970312e+17 7.915162357592835e+17 -1.6934099443174782e-10 -0.02625536706953588 -6.916261195111843e+17 0.06419859 7.203797332627904e-31 0.21902247614152523 2.12785239561484e+17 3.9592019629339494e+17 3.9592019629339494e+17 1.0766944556044129e+18 1.0766944556044129e+18
66.4311316064 2.6248685491209217e-30 3.560098906449697e-60 1.8232246366111094e-30 2.971542723754599e-31 1.434105782224715e-49 7.093075473808516e+17 9.534990336187534e+17 1.0680607452552276e+18 2.6248685491209217e-30 1.1821792456347528e+18 0.11281712491258233 2.2502399908899804e+18 0.0 1.095496651869754e+18 3.2803790373374246e+17 1.0000322334869252 1.3135326160096383e-14 1.1821792456347528e+18 5.1446403327219326e-31 -0.1341139267936463 -4.5899270118389536e+17 -8.251817822867266e+16 1.9988862268588928e+18 -1.996150866427758e+18 1.7732241444692424e+18 -1.0187968116222435e-10 -0.020568812601507214 -1.638003353278834e+18 0.06419859 1.948053340858326e-31 0.2218481444421661 8.1670698122414e+17 1.3583749295232105e+18 1.3583749295232105e+18 2.5405541751579633e+18 2.5405541751579633e+18
68.0719805571 5.509339936100735e-31 5.670748971413782e-62 -1.0854052025489444e-31 6.225535158172795e-32 1.0630847087410118e-50 7.261632142204472e+17 -7.657469769043849e+17 -2.7774573030770734e+18 5.509339936100735e-31 1.2102720237007455e+18 0.1538447823504948 -1.567185279376328e+18 0.0 3.275605682293847e+17 -4.394829613269567e+17 1.000111580869858 2.7020052861814747e-14 1.2102720237007455e+18 3.8516612844825066e-33 0.055850071664368416 -8.695961313151907e+17 -2.2894846529824918e+17 -1.0948020829341178e+17 3.762761946715362e+18 -5.657739389897157e+17 -6.054592436760085e-11 -0.012361966200454419 1.5746269997322767e+18 0.06419859000000001 -3.828307718222454e-32 0.04483726703807529 -1.3197522319941573e+18 -3.6011313931476224e+18 -3.6011313931476224e+18 1.2102720237007455e+18 1.2102720237007455e+18
69.7533584768 1.1130898941883127e-31 1.1615270187477093e-60 -5.313311922412387e-31 1.2444242123342692e-32 7.395240821467979e-52 1.0582981064402869e+21 -5.3885790037304795e+19 -1.6875952466611022e+21 1.1130898941883127e-31 1.7638301774004782e+21 -11.542686510899111 7.623493073937603e+19 0.0 1.1304281569457198e+21 -6.75762553181599e+18 0.9999235901045267 -1.0859368959614812e-14 1.7638301774004782e+21 1.8831426698313332e-30 12.668251817441302 -3.6699225995023802e+19 -6.515512511278927e+17 1.693228693961011e+20 1.9434494775248277e+21 1.3449820084839357e+20 -3.5527267336832674e-11 -0.23949659161985357 3.1224642935769635e+20 0.06419859 -1.630324746874402e-30 -12.797767291066492 -1.594507308004377e+21 -2.2045593730249576e+21 -2.2045593730249576e+21 1.7638301774004782e+21 1.7638301774004782e+21
71.4762664312 2.161899099197973e-32 8.9364591232386e-60 -8.035114543467403e-31 1.854286711643757e-33 4.817195689544177e-53 6.435718310870787e+23 -1.2510050029067407e+21 -9.562197608762057e+23 2.161899099197973e-32 1.0726197184784646e+24 -2389.8871444769306 1.1639995760225885e+23 0.0 4.0934529140973825e+23 -1.80728334750305e+21 1.00003566612378 2.9351521213527576e-15 1.0726197184784646e+24 7.748109320747044e-29 2396.2678576650555 -1.373744758724828e+21 -1.903524303683474e+18 1.2825329335866752e+23 1.0767897351548202e+24 1.1801349521420999e+23 -2.0574543005224597e-11 -3.0567697094136324 1.3104957555617706e+23 0.06419859000000001 -6.023009446095139e-29 -2399.2150400953333 -9.443664251197969e+23 -1.2503144639044257e+24 -1.2503144639044257e+24 1.0726197184784646e+24 1.0726197184784646e+24
