# r(1) ntot(2) grad2ntot(3) laplntot(4) tauk(5) tautf(6)  ptot(7) qtot(8) z(9) denstest(10) Fvw(11) vp(12) Fmggaus(13) Fcurvefit(14) divgradgrad2(15) divgradlapl(16) Har-dep-ind(17) vesp(18) Fmggapc(19) vpstitch4(20) vpts(21)  FxcPW91lb(22) FxcPW91lda(23) Fs1(24)  Fvw_ts(25) Fs(26) vxlda(27)  vcpw91(28) vw(29) Vresp(30) taupusbigZ(31) taurespts(32) Fpauli(33) FgeapauliusbigZ(34) zusbigZ(35) FmggausbigZ(36) FbigZnuc(37) 
0.000173611111111 31746.596412082697 5223053044430.566 -26133674384.82778 21938764.533491835 91389690.45608684 0.13501789182133558 -21.446900291273934 -47.859804931455166 31746.596412082697 0.225029819702226 505.814279648327 -46.63477511175294 0.0 1350373.9112333478 6154475454.608983 0.00045130754599346444 -207177.28387793346 0.225029819702226 16216634.181348762 -773.6568843730201 -0.015005409131516859 -0.008233363629747309 39.888330537972074 71.714697457282 4.410208056669576 -23.38572191299075 -43.19699663229128 206446.82399019273 462.55424163701844 -5549370836.214837 3600255803.6254735 39.663300718269845 -60.72206622563554 -61.72206622563554 0.22502982816898798 0.3036031095599908
0.000177899305556 31736.79774351757 5219722922885.501 -25524950697.257404 21932223.628708627 91342682.52176884 0.13504292859443218 -20.95812438876066 -46.77367335071914 31736.79774351757 0.22507154765738696 505.8347310253044 -45.54860180306176 0.0 -229528.27370001996 338305187.2829895 0.00046241219382240863 -202178.95080802633 0.22507154765738696 16208300.286318708 -506.8870850552339 -0.015007204983547084 -0.008233958693380627 38.88336237091182 70.08548617685958 4.273402892226348 -23.383315644351708 -43.19327847945963 201715.25700145055 462.55422372720034 -5418578248.508545 3515065013.9905515 38.658290823254426 -59.32142672969109 -60.32142672969109 0.22507155698281223 0.3036448377756883
0.000182293418403 31726.760231225577 5216407739345.829 -24888339099.43625 21925751.22167441 91294538.79474221 0.13507104767934017 -20.446189411772576 -45.636081726426966 31726.760231225577 0.2251184127989003 505.8510792546637 -44.410963313628066 0.0 -98417.16664288177 -327155873.49699664 0.0004737889991654977 -197301.1006456486 0.2251184127989003 16199765.969547402 -581.7840809937625 -0.015009101399530994 -0.008234574944077764 37.95386831805389 68.37908311870748 4.191661466132744 -23.380850209026637 -43.189629901996646 196762.50619455686 462.55420491315925 -5281793148.763694 3425970699.242677 37.72874990525499 -57.854426107992786 -58.854426107992786 0.22511842307427687 0.3036917037791663
0.000186796065837 31716.478134153876 5212954668357.544 -24281265312.59224 21918982.722241815 91245232.47340758 0.13509835886946736 -19.958247122392457 -44.5518059888269 31716.478134153876 0.2251639314491123 505.87070493133103 -43.32664205737779 0.0 -10729.54282457959 49898123.561368 0.0004854445783520004 -192540.82919638188 0.2251639314491123 16191025.779500108 -543.1005881317251 -0.015011021047402227 -0.008235212908233848 37.02969115888374 66.75265433942398 4.094628333259353 -23.378324159043615 -43.18582287702006 192040.91443112717 462.55418514845735 -5151357260.2793865 3341012406.39654 36.80452722743463 -56.45617990814691 -57.45617990814691 0.2251639429136426 0.30373722285361315
0.000191409928664 31705.945544620772 5209544220238.54 -23688155369.70045 21912223.129399426 91194735.9991458 0.13512960659265064 -19.481515388609434 -43.49244842889897 31705.945544620772 0.22521601098775107 505.88069070078427 -42.26723241791122 0.0 -78915.45152594981 88508609.90690613 0.0004973857056998252 -187895.3022691832 0.22521601098775107 16182075.069963684 -510.6296219781216 -0.015013060403299203 -0.008235873128299917 36.12860277960913 65.16360063968587 4.000752769258362 -23.37573600330859 -43.18212933032594 187427.8547765354 462.5541649973485 -5023924160.89868 3258009884.2345114 35.90338676862138 -55.09006748970398 -56.09006748970398 0.22521602361134008 0.3037893031804174
0.000196137753901 31695.156349994893 5206068700150.422 -23104294640.264 21905321.833375126 91143020.8750125 0.1351620720319021 -19.01212052644247 -42.44939683214164 31695.156349994893 0.22527012005317015 505.88955516547804 -41.22412671208847 0.0 -94546.3820961822 -22318805.64220695 0.0005096193169342009 -183361.75399494966 0.22527012005317015 16172908.92041988 -518.7716307410737 -0.015015165774860484 -0.008236556166231644 35.25533132414063 63.59900520819474 3.9152967039790303 -23.373084198061584 -43.17838891405893 182886.16075312265 462.55414568885976 -4898480084.404852 3176303053.0128126 35.03006120408745 -53.74498274664719 -54.74498274664719 0.2252701339781895 0.3038434131393307
0.000200982356423 31684.10441589552 5202484986069.241 -22535409711.472584 21898205.381033417 91090058.54622492 0.1351947048147186 -18.554777056189405 -41.43312635422049 31684.10441589552 0.225324508024531 505.9002393598945 -40.20780184619596 0.0 -75025.81728562676 -9235167.808039928 0.0005221525139157874 -178937.4851684196 0.225324508024531 16163522.216842864 -519.6504799428803 -0.015017317055889873 -0.008237262587499823 34.402032069481265 62.07458136198922 3.830810526816474 -23.37036719177935 -43.17453794376788 178461.0092264205 462.55412690072234 -4776255669.54025 3096693634.0052023 34.17670756145674 -52.43443407291776 -53.43443407291776 0.22532452328595265 0.3038978022211166
0.000205946620627 31672.78344020485 5198820691869.591 -21980683929.85616 21890909.970164858 91035819.70256075 0.13522829234706651 -18.108820243784105 -40.44216097484922 31672.78344020485 0.22538048724511087 505.9103413764969 -39.21678048760411 0.0 -79015.47646046449 11433555.538424628 0.0005349925676837342 -174619.86165270658 0.22538048724511087 16153909.820928639 -517.028012944269 -0.01501953115671943 -0.00823799297398134 33.56877272124469 60.58811463319211 3.7478254772134316 -23.367583389179668 -43.1706190186361 174146.00425878094 462.554108684282 -4657075554.860488 3019067328.780006 33.34339223399958 -51.15651806153274 -52.15651806153274 0.22538050422117362 0.3039537823694256
0.000211033502156 31661.18697838777 5195061033962.261 -21438808126.053368 21883416.076524414 90980274.40226626 0.1352625226320252 -17.67317827977391 -39.474118433026504 31661.18697838777 0.22543753772004202 505.9209753854939 -38.248680895306464 0.0 -77802.78067096439 -4766893.893644325 0.0005481469225007173 -170406.3128044322 0.22543753772004202 16144066.502541786 -518.6298794721079 -0.0150218028879332 -0.008238747921830696 32.7562396560438 59.13603180363308 3.6674865891560007 -23.364731157309667 -43.16661104329909 169930.8495360034 462.55409103207415 -4540658329.843739 2943240867.043892 32.53080211832376 -49.90816261739735 -50.90816261739735 0.22543755631207407 0.30401083412506047
0.000216246029659 31649.308435946416 5191208223950.661 -20910292922.958767 21875725.65833707 90923392.03853285 0.1352975269623163 -17.24827829297528 -38.52994809840776 31649.308435946416 0.2254958782705272 505.9318152875942 -37.30445222013723 0.0 -74021.53197978316 439154.6554507398 0.0005616231997915648 -166294.32994330613 0.2254958782705272 16133986.876380265 -517.8793254165503 -0.01502413600918866 -0.0082395280422398 31.962942253113365 57.71975685485479 3.588729007812704 -23.36180882355096 -43.16251849526259 165819.61313638484 462.55407393658976 -4427113786.861824 2869285757.917694 31.737446374842836 -48.69059202043008 -49.69059202043008 0.22549589870217623 0.30406917577936643
0.000221587306592 31637.141066131455 5187259050468.903 -20394381697.16312 21867832.119439982 90865141.33129661 0.13533329725702514 -16.83350297899556 -37.60827817148203 31637.141066131455 0.22555549542837525 505.94293840323655 -36.38272267605365 0.0 -73562.48393678795 601765.1840775509 0.0005754292021862116 -162281.4648604219 0.22555549542837525 16123665.473818956 -518.2657412315311 -0.015026531503479507 -0.00824033396174155 31.188942529172635 56.33723209208025 3.5120455759930116 -23.358814674909926 -43.158337712624956 161806.35745690297 462.5540573908635 -4316279327.530137 2797096093.929495 30.96338703374426 -47.502037242124274 -48.502037242124274 0.22555551807905583 0.3041287944440515
0.000227060513065 31624.677966643223 5183211273399.065 -19890975237.25687 21859730.187019825 90805490.31433168 0.13536985238467633 -16.42877691238911 -36.70894106810125 31624.677966643223 0.22561642064112722 505.95434064753675 -35.48332464746012 0.0 -70892.0379866138 -762884.7903570066 0.000589572917644832 -158365.32836103125 0.22561642064112722 16113096.69145247 -518.1467763735855 -0.015028990925175187 -0.008241166322607357 30.433528081972984 54.98820612860484 3.437136523587412 -23.355746957052272 -43.15406651363113 157890.3356511713 462.5540413880326 -4208133654.903219 2726658006.2138543 30.207911661331856 -46.34228217188599 -47.34228217188599 0.2256164455801386 0.3041897210503993
0.000232668907737 31611.912075991597 5179063770401.531 -19399693723.906322 21851419.45853726 90744406.32085247 0.13540724216752317 -16.033793026850514 -35.831254492508585 31611.912075991597 0.22567873694587195 505.9660299749379 -34.60557575556271 0.0 -69676.6371585257 448770.4490056467 0.0006040625236720452 -154543.58884075118 0.22567873694587195 16102274.81608547 -518.1550861278956 -0.015031516481395408 -0.008242025783280134 29.696346096820267 53.671655493114244 3.364055178580687 -23.352603873245805 -43.14970442389056 154068.5834590472 462.5540259226261 -4102595167.4792233 2657918341.8026643 29.470667359874394 -45.210446944501896 -46.210446944501896 0.22567876431953282 0.3042520390438661
0.000238415829758 31598.836169288512 5174813294988.81 -18920247667.185665 21842891.175345775 90681855.96655205 0.13544546273895094 -15.648318618030151 -34.97470131819878 31598.836169288512 0.22574243789825157 505.97801334615207 -33.74895888030053 0.0 -67578.40175373468 -682564.7902036865 0.0006189063916141234 -150813.97089625124 0.22574243789825157 16091194.010793537 -518.2671248868864 -0.015034109329517893 -0.008242913018863231 28.97695404613008 52.38680449799875 3.2927543741795025 -23.349383583155255 -43.14524778318052 150338.84901914754 462.5540109883747 -3999601669.121422 2590836593.3253 28.751211608231827 -44.10586469024931 -45.10586469024931 0.22574246814953425 0.30431574185104904
0.000244304700753 31585.442857386395 5170458662337.559 -18452410884.2189 21834144.81565378 90617805.14880073 0.1354845659330921 -15.27217321191908 -34.13888056860995 31585.442857386395 0.22580760988848686 505.99029816670867 -32.913072958721465 0.0 -65994.36701333952 570185.3571410092 0.0006341130910500263 -147174.2539733017 0.22580760988848686 16079848.31465082 -518.0138194589526 -0.015036771778991561 -0.00824382872132114 28.27485170459883 51.13305164961875 3.2231190234431457 -23.34608420245261 -43.14069606469645 146699.38084990744 462.55399658128925 -3899104580.432837 2525381117.864745 28.049044094710343 -43.028018324105695 -44.028018324105695 0.2258076431435142 0.3043809158644406
0.000250339026862 31571.724578930585 5165997440473.164 -17995797637.991974 21825175.001220644 90552219.0121123 0.13552457288100633 -14.905044156553068 -33.32309749290461 31571.724578930585 0.22587428813501056 506.00289184089314 -32.0972232047696 0.0 -64781.53704409975 -146445.5921319257 0.0006496913942431879 -143622.2710427678 0.22587428813501056 16068231.6467873 -518.2433606682171 -0.0150395055540297 -0.008244773600310408 27.589751144518257 49.909354809978566 3.1552390743055843 -23.342703800673238 -43.13604687917935 143147.16372897878 462.5539826948388 -3801021024.491939 2461497934.8448367 27.363876856383243 -41.97601191842149 -42.97601191842149 0.22587432478604286 0.3044475963678457
0.000256522400826 31557.673602781084 5161426000931.658 -17550213070.655235 21815971.696656313 90485061.96336937 0.13556547513121175 -14.546776581000742 -32.52700792093678 31557.673602781084 0.2259424585520196 506.015802149969 -31.301065462384763 0.0 -62705.981894466124 -568372.5061752988 0.0006656502807405882 -140155.90731134015 0.2259424585520196 16056337.794812163 -518.3466619037208 -0.015042311816069394 -0.00824574838310403 26.92115101220551 48.71519772855449 3.088979715605966 -23.339240401617126 -43.13129604272541 139680.69194547916 462.55396932652747 -3705309144.9645705 2399159786.7049627 26.69520855365349 -40.94940164227962 -41.94940164227962 0.2259424989118376 0.3045157693543554
0.000262858504126 31543.282019500497 5156743760280.146 -17115418924.237913 21806537.00293535 90416297.63493976 0.13560734609825098 -14.197179633484543 -31.750187846407506 31543.282019500497 0.22601224349708499 506.02903699500405 -30.52417560291042 0.0 -61177.56272009602 292102.8296807131 0.0006819989419942663 -136773.09896236387 0.22601224349708499 16044160.418807015 -518.1091013246332 -0.015045193408225988 -0.00824675381548626 26.268620308218075 47.54994435511224 3.0242682392808207 -23.33569198104658 -43.12644400382142 136298.11630504305 462.5539564718471 -3611917772.5048957 2338333341.8409076 26.042608064720987 -39.947640712830236 -40.947640712830236 0.22601228793657624 0.3045855569339937
0.000269351109178 31528.54173890767 5151947840257.015 -16691075680.73258 21796864.018799298 90345888.87698881 0.13565020098558658 -13.855978303112208 -30.992026156524293 31528.54173890767 0.22608366830931098 506.04260453468373 -29.765942488214982 0.0 -59983.147281993035 128585.24762216913 0.0006987467861232631 -133471.83192545085 0.22608366830931098 16031693.053192059 -518.1695821772737 -0.01504815203705549 -0.008247790662120471 25.631868592728875 46.41267801201666 2.9611651756014847 -23.33205646586783 -43.121487756722 132996.7838310303 462.5539441272711 -3520773964.475804 2278971091.6846766 25.40578492441956 -38.96994105918358 -39.96994105918358 0.22608371729018706 0.3046569848024374
0.000276004081575 31513.444487589415 5147035172457.611 -16276957532.343803 21786945.16721273 90273797.74977405 0.1356940519343118 -13.522991669294656 -30.252120823520443 31513.444487589415 0.226156753223853 506.0565131476593 -29.025964070296588 0.0 -58447.08641403979 -331007.1387411418 0.0007159034427516403 -130250.14067953818 0.226156753223853 16018929.09711266 -518.3156909595127 -0.015051189383105684 -0.008248859706928556 25.010484151643094 45.30279565087271 2.899600023958467 -23.328331733292043 -43.11642402411919 129774.94141260278 462.55393228960827 -3431829217.749779 2221041447.5437875 24.784327398419244 -38.015784239656284 -39.015784239656284 0.2261568071906861 0.30473007297891974
0.000282821382389 31497.9818049952 5142003253816.306 -15872847650.691545 21776775.192643534 90199985.50936727 0.13573892797904438 -13.198046175719577 -29.530086209716167 31497.9818049952 0.22623154663174064 506.07077143961794 -28.303854663084426 0.0 -56780.13509109934 -146304.29493622296 0.0007334787679434658 -127106.10708222861 0.22623154663174064 16005861.813829638 -518.3116417077399 -0.015054307503465368 -0.00824996175360323 24.404060796112116 44.21971879903033 2.839499538234438 -23.32451560963588 -43.111250405102574 126630.90669092597 462.5539209574258 -3345036962.632296 2164514078.6589437 24.177829249480375 -37.0846729491427 -38.0846729491427 0.2262316060851518 0.3048048700081578
0.000289807070534 31482.145038327104 5136850309506.707 -15478504876.01581 21766351.814846653 90124412.58783998 0.1357848795121608 -12.880947929283018 -28.8254915162025 31482.145038327104 0.22630813252026802 506.0853882394676 -27.59918338368223 0.0 -55528.501250173686 238544.0251972188 0.0007514828492348614 -124037.85922565054 0.22630813252026802 15992484.333570397 -518.1615203280671 -0.01505750892276477 -0.008251097626235463 23.81223809885782 43.16280123013033 2.780828569849687 -23.320605868812734 -43.10596562777652 123562.80367095025 462.5539101290015 -3260345404.2212014 2109355248.7843952 23.585929966337552 -36.176051644647316 -37.176051644647316 0.2263081980017494 0.3048814598976394
0.000296965305177 31465.925338677353 5131573388291.039 -15093636624.167904 21755668.172020786 90047038.57963187 0.13583192804978741 -12.571460035429194 -28.137810342509006 31465.925338677353 0.2263865467496457 506.1003726355006 -26.91142379575936 0.0 -54323.63497193351 -194466.5843248751 0.00076992601074518 -121043.57032461649 0.2263865467496457 15978789.653806224 -518.324233183972 -0.015060795623277827 -0.008252268169841344 23.234734241537012 42.131253331513626 2.7236234436886835 -23.31660023111913 -43.100566651810055 120568.34665808434 462.5538998018686 -3177691690.591172 2055524022.268874 23.008347694787364 -35.289241497720376 -36.289241497720376 0.2263866188459719 0.3049598785555244
0.000304300348215 31449.31365909737 5126168923005.989 -14718071414.101736 21744715.035130955 89967822.23735861 0.13588008090410944 -12.269446215396561 -27.466739857776226 31449.31365909737 0.22646680150684909 506.11573394309994 -26.240273056269377 0.0 -52718.92666741908 -161502.55442793935 0.0007888188184187869 -118121.45762848665 0.22646680150684909 15964770.62381732 -518.3420620248216 -0.015064169340893892 -0.008253474250727106 22.671135002686228 41.12462085282872 2.6677790063456652 -23.312496362485415 -43.09504951435321 117646.21061597618 462.553889975695 -3097038996.352142 2002996418.173045 22.44466820117938 -34.42385198767337 -35.42385198767337 0.22646688090239875 0.3050401381701082
0.000311816566815 31432.300749137812 5120635555650.702 -14351584383.690044 21733492.039428588 89886721.45101975 0.13592940612374113 -11.974725648028873 -26.81187833802526 31432.300749137812 0.22654901020623522 506.1314817599851 -25.585329327819025 0.0 -51586.67843577774 143644.7663446754 0.0008081720853429728 -115269.78135867909 0.22654901020623522 15950419.95715293 -518.2245739535283 -0.015067633074451992 -0.008254716757176225 22.121106308291818 40.14230117030248 2.6132635076237376 -23.30829187284162 -43.089413640869374 114794.64619836643 462.5538806499529 -3018339034.196155 1951740983.8452446 21.894557298085584 -33.57936506607242 -34.57936506607242 0.2265490976477591 0.3051223522264874
0.000319518436016 31414.877149259693 5114969593325.464 -13993906519.992752 21721989.626144327 89803693.22685826 0.13597991218624156 -11.687080467260357 -26.17274164900263 31414.877149259693 0.22663318697706927 506.14762587019777 -24.946108462025563 0.0 -50346.04886521511 -172970.5633255212 0.0008279968771612909 -112486.84367229033 0.22663318697706927 15935730.23038155 -518.3759059567237 -0.015071188666081163 -0.008255996600158954 21.584382853268217 39.183568077844924 2.560107291795926 -23.303984314436455 -43.08365491473474 112011.55142124834 462.55387182418957 -2941534017.7754736 1901720085.006554 21.357749666291145 -32.75515640926589 -33.75515640926589 0.22663328329269272 0.30520653485819427
0.000327410541385 31397.03319121059 5109168108570.864 -13644885242.677444 21710201.364168126 89718693.69490801 0.1360316300894898 -11.406389806351914 -25.54906124387757 31397.03319121059 0.226719383482483 506.16417643821285 -24.32234186039509 0.0 -49017.356373621136 699.7308158243095 0.0008483045176130305 -109770.98765428967 0.226719383482483 15920693.865180193 -518.3158329332655 -0.01507483845354765 -0.008257314713524328 21.060571170363275 38.24801873798886 2.5082040541037545 -23.299571181616113 -43.07777040342596 109295.74959175983 462.55386349985037 -2866591189.8742776 1852912388.9025214 20.833851786880793 -31.950879708773236 -32.950879708773236 0.22671948954620869 0.3052927378707594
0.000335497581758 31378.758988632308 5103228805462.944 -13304271035.24772 21698123.421053644 89631678.07026103 0.1360846100442619 -11.13245170821639 -24.940388403509402 31378.758988632308 0.22680768340710317 506.18114375894805 -23.7135807201023 0.0 -47939.94465556165 -54053.86784842392 0.0008691065941401723 -107120.5963271039 0.22680768340710317 15905303.148972545 -518.3761765806703 -0.015078585205675482 -0.008258672055069083 20.549410490886483 37.3349800441284 2.457574508299934 -23.29504990817261 -43.07175816084812 106645.29190868408 462.5538556771463 -2793456962.930762 1805282992.6384695 20.32260280747938 -31.16595631224275 -32.16595631224275 0.22680780020607638 0.3053810449079948
0.000343784372027 31360.044437068413 5097147738780.433 -12971880539.961756 21685745.485378373 89542600.65941074 0.13613886069516024 -10.86511932122314 -24.346396803747957 31360.044437068413 0.2268981011586004 506.1985385212422 -23.119498702589357 0.0 -46625.41489711238 -119493.33132203067 0.0008904149636233029 -104534.09169156378 0.2268981011586004 15889550.216191791 -518.4022993377002 -0.015082430899791598 -0.008260069606785828 20.050572643638134 36.44396250523574 2.4081644362965258 -23.290417866999856 -43.06561373204059 104058.75500595813 462.5538483581953 -2722091962.1258235 1758806255.3735802 19.82367454247953 -30.39996540283351 -31.39996540283351 0.22689822975753582 0.30547147051060586
0.000352275846016 31340.87920731378 5090923010031.724 -12647524942.973217 21673065.485441796 89451414.83517458 0.13619444772893177 -10.604241112014158 -23.766749801111363 31340.87920731378 0.2269907462148863 506.2163716539748 -22.539759054896475 0.0 -45576.42415085061 82555.95541328657 0.0009122417582138401 -102009.93378429928 0.2269907462148863 15873427.05347591 -518.3214825668547 -0.01508637870760707 -0.008261508375713954 19.563749441767666 35.57446111959541 2.359933119664964 -23.285672368086097 -43.059335817405625 101534.67163754984 462.5538415450929 -2652455650.48762 1713455774.024212 19.33675869555278 -29.65247285775302 -30.65247285775302 0.2269908878483483 0.30556412421804313
0.000360977059413 31321.25274097064 5084550646888.415 -12330970340.502563 21660073.17057388 89358073.02244699 0.13625138395979153 -10.34962756308962 -23.20102626458403 31321.25274097064 0.2270856399329859 506.23465434336737 -21.973940624651043 0.0 -44506.37616670974 -121749.70435305608 0.000934599391250595 -99546.61976269822 0.2270856399329859 15856925.508071018 -518.4590890098771 -0.015090430784689586 -0.00826298939460887 19.088701186986363 34.72584418356505 2.3129024975190036 -23.280810657033715 -43.052919952834564 99071.21359364118 462.55383523923905 -2584497791.4044213 1669198832.567105 18.86161554705338 -28.92293560040388 -29.92293560040388 0.22708579588739608 0.30565902745821627
0.00036989319278 31301.154249102317 5078027447351.692 -12022075987.538675 21646761.445859082 89262526.69900276 0.13630970523505523 -10.10116711244153 -22.64897833169978 31301.154249102317 0.2271828420584254 506.2533981633685 -21.421795489641354 0.0 -43292.85212701743 -74681.0620934145 0.0009575005633265012 -97142.6830100556 0.2271828420584254 15840037.26097076 -518.4343808811827 -0.015094589798695265 -0.00826451372234912 18.62508633099998 33.89773988353019 2.2669852636748664 -23.275829914327957 -43.046362870197704 96667.29499204461 462.55382944529845 -2518188175.3032475 1626015758.2167923 18.397903488941555 -28.2110339963229 -29.2110339963229 0.22718301376643457 0.30575624005149904
0.000379029554642 31280.57270372219 5071350845863.028 -11720637851.865599 21633125.844033286 89164726.3625634 0.13636946711155065 -9.858694965490253 -22.110239874588043 31280.57270372219 0.22728244518591775 506.27261489810513 -20.882957429402126 0.0 -42315.28469845968 33384.71396086162 0.0009809582684024091 -94796.6922611344 0.22728244518591775 15822753.854460126 -518.4076962930121 -0.015098858864461188 -0.00826608244499572 18.17265358583607 33.0895989968201 2.2221790696385324 -23.27072725281119 -43.03966229893317 94321.32422714033 462.5538241659302 -2453482994.4644756 1583878018.9486382 17.94537114065015 -27.516295900332533 -28.516295900332533 0.22728263424811956 0.30585585469981735
0.000388391584642 31259.496836054514 5064516962575.004 -11426464289.674742 21619156.73767122 89064621.53042585 0.1364306924865543 -9.622056513571401 -21.584467352360974 31259.496836054514 0.2273844874775905 506.2923167253835 -20.357082864883385 0.0 -41298.16185636822 -73973.43588435452 0.0010049858000664709 -92507.25075154603 0.2273844874775905 15805066.678737385 -518.4763734071021 -0.015103240491130045 -0.008267696676264587 17.731148603520662 32.30090619938226 2.1784724135594695 -23.265499716813945 -43.03281395908625 92031.80719209801 462.55381940533715 -2390341098.7677393 1542758817.1496065 17.50376411604307 -26.838278293824693 -27.838278293824693 0.22738469564768404 0.3059579096884
0.000397984856782 31237.915131604685 5057522463590.208 -11139397828.588257 21604846.762450103 88962160.72428185 0.1364934215489554 -9.391125736406325 -21.07138077949399 31237.915131604685 0.2274890359149257 506.3125161123755 -19.843891743579064 0.0 -40245.16600247828 -56367.1374990452 0.0010295967578893498 -90272.99538545935 0.2274890359149257 15786966.963859653 -518.4991339789121 -0.015107737588760222 -0.008269357558298742 17.300286710471056 31.531241490602678 2.135817243907927 -23.260144280474254 -43.02581442458266 89797.52206590501 462.55381516784354 -2328728686.119945 1502636140.1428802 17.07279767455613 -26.176620117594876 -27.176620117594876 0.22748926512258316 0.3060624720904829
0.000407815082745 31215.81582538925 5050364044454.776 -10859264686.444864 21590188.75794836 88857291.4561852 0.13655769800790096 -9.165762743116709 -20.57066935212291 31215.81582538925 0.22759616334650162 506.33322586946986 -19.34307318877641 0.0 -39273.346265095424 -20995.899740218138 0.0010548050538895337 -88092.59592331019 0.22759616334650162 15768445.791180098 -518.4987750726286 -0.015112353192684539 -0.008271066262443387 16.87981489804227 30.780138640402196 2.0941917191863473 -23.25465784607378 -43.01866032871327 87617.11580856628 462.55381145970125 -2268608450.2508407 1463485692.5799785 16.65221873469577 -25.530920570198482 -26.530920570198482 0.2275964156806991 0.3061696149045525
0.000417888115288 31193.186897030064 5043038259389.589 -10585891752.69961 21575175.083928943 88749960.21427885 0.13662356453924904 -8.945828026689465 -20.08202311788659 31193.186897030064 0.2277059408987484 506.3544591493929 -18.85431717698784 0.0 -38325.030535370206 -44716.68236501524 0.0010806249190748085 -85964.75419154225 0.2277059408987484 15749494.090100348 -518.5258485179511 -0.015117090373416332 -0.008272823990051349 16.469490643021675 30.047132696530298 2.053578953337248 -23.249037242316412 -43.01134809937068 85489.23969112366 462.55380828546413 -2209943229.710287 1425283273.7642298 16.241784702122928 -24.90077994823408 -25.90077994823408 0.22770621871282393 0.30627940936187936
0.000428209951736 31170.016066816614 5035541343549.544 -10319120415.486708 21559796.905069776 88640112.45353343 0.13669105797823328 -8.731194148328859 -19.605158934031884 31170.016066816614 0.22781842996372215 506.37622945726605 -18.37734050406816 0.0 -37374.91950193137 -40854.38180268345 0.0011070709101451905 -83888.20330762662 0.22781842996372215 15730102.632379545 -518.547093186382 -0.015121952141331402 -0.008274631973220205 16.069064502141362 29.331798924393254 2.013949570963532 -23.243279222822494 -43.00387368089155 83412.66008812113 462.5538056519671 -2152698978.8685465 1388006713.3599334 15.84124607217764 -24.285833120947654 -25.285833120947654 0.22781873579768863 0.3063919170451349
0.000438786737544 31146.290790940733 5027869857739.422 -10058792098.985924 21544046.774570987 88527692.58299144 0.13676022683235706 -8.521733543622108 -19.139793395948917 31146.290790940733 0.22793371138726176 506.3985506897417 -17.911859684561655 0.0 -36473.65746936985 -25259.068032952393 0.0011341579162466643 -81861.70692764925 0.22793371138726176 15710262.036855794 -518.5603523320897 -0.015126941800649595 -0.008276491475623388 15.678297741195156 28.63371219012763 1.975279646173424 -23.237380464391837 -42.99623353286592 81386.14280885003 462.55380356574756 -2096841662.5068803 1351633846.9420826 15.450364029807895 -23.685714620215236 -24.685714620215236 0.22793404806684714 0.30650721896110356
0.000449624769961 31121.998256415274 5020019906864.717 -9804747249.232954 21527915.49767307 88412643.95197055 0.13683111013554303 -8.317317646240143 -18.685640858512233 31121.998256415274 0.22805185022590505 506.42143706863544 -17.457589008286327 0.0 -35586.35388867679 -44713.87260292076 0.0011619011658627982 -79884.05850912305 0.22805185022590505 15689962.770375464 -518.60217319816 -0.015132062525619938 -0.008278403793389903 15.296963361979333 27.952444004359716 1.9375518698511809 -23.231337565160874 -42.9884234158124 79408.4447593407 462.5538020339671 -2042337034.2110033 1316142373.642944 15.068911511753429 -23.10005608836318 -24.10005608836318 0.22805222083928567 0.30662538034078424
0.000460730501779 31097.125377486092 5011987764212.031 -9556841039.404606 21511394.635753907 88294908.84381245 0.1369037544211317 -8.11783020494703 -18.24244305458026 31097.125377486092 0.22817292403521952 506.44490324486685 -17.01427013054504 0.0 -34698.96226967274 -40167.516902330804 0.0011903162338166228 -77954.08059274004 0.22817292403521952 15669195.141105188 -518.6208826501097 -0.015137317703529659 -0.00828037025587185 14.924826326374514 27.28760694052532 1.9007357000479466 -23.225147043102893 -42.98043935904032 77478.44014944897 462.5538010651709 -1989154014.7892635 1281512055.1963 14.696653402339296 -22.52852447368102 -23.52852447368102 0.22817333199697443 0.30674647895259244
0.000472110545173 31071.65878945088 5003769682317.61 -9314923861.615755 21494475.74623453 88174428.45784259 0.13697820867265667 -7.923150757423976 -17.809932362679437 31071.65878945088 0.2282970144544278 506.46896423553943 -16.58163534822501 0.0 -33860.18194006753 -23831.156571172058 0.0012194190483419834 -76070.6241016775 0.2282970144544278 15647949.306968547 -518.6324896508595 -0.015142710835051853 -0.008282392226667216 14.561667553203861 26.63879953920101 1.864811724008701 -23.218805333853542 -42.972277366677815 75594.96388939332 462.5538006670339 -1937260498.5520277 1247721984.7101278 14.333370538749433 -21.97077466147976 -22.97077466147976 0.22829746350603541 0.3068705966733818
0.000483771675639 31045.58484521761 4995361718807.96 -9078848042.946373 21477149.6818203 88051142.904815 0.13705451958890655 -7.733160306130936 -17.387844413015277 31045.58484521761 0.22842419931484426 506.49363550916814 -16.159420213700432 0.0 -33038.386920055076 -39816.28206228584 0.00124922589830158 -74232.56765723186 0.22842419931484426 15626215.274992952 -518.6661948725814 -0.015148245440521086 -0.008284471104420507 14.207275356122697 26.005625219751302 1.8297631303283683 -23.212308789186842 -42.96393314370772 73756.86539550299 462.5538008488737 -1886624795.961081 1214751526.8290665 13.97885115680785 -21.4264657302695 -22.4264657302695 0.22842469357268935 0.30699781155942785
0.000495720836027 31018.889609732985 4986759795156.23 -8848476934.272768 21459406.820376366 87924991.19280787 0.13713273321406383 -7.547749065054692 -16.975935304883116 31018.889609732985 0.22855455535677305 506.51893289005847 -15.747380749526343 0.0 -32217.797800777305 -32291.751919624738 0.0012797534404764227 -72438.81691133097 0.22855455535677305 15603982.895230994 -518.6904972474731 -0.015153925094683067 -0.008286608323839588 13.86143385269115 25.387718105539076 1.7955641179117787 -23.20565367492863 -42.95540218489221 71963.08181626839 462.55380161959334 -1837217587.3587036 1182581590.208191 13.632879297334377 -20.895283154819186 -21.895283154819186 0.2285550993495976 0.3071282006440058
0.000507965140677 30991.558856240626 4977960011592.475 -8623672837.670286 21441238.335100885 87795911.22232646 0.1372129036262925 -7.366806196560059 -16.573958812542788 30991.558856240626 0.2286881727104875 506.5448727048524 -15.3452706398323 0.0 -31445.33833249751 -23757.819611823226 0.0013110187069910147 -70688.30389462678 0.2286881727104875 15581241.870049573 -518.7096046191 -0.015159753603220267 -0.00828880535657395 13.523937793826896 24.78470882791069 1.7621949897959384 -23.198836169291845 -42.94668026648807 70212.54097027416 462.5538029900635 -1789009329.7057076 1151192937.5045881 13.295249621116406 -20.37690941182194 -21.37690941182194 0.22868877141893462 0.30726185434055464
0.000520511879652 30963.578060089832 4968958103082.738 -8404297357.616928 21422633.996813253 87663839.77040872 0.1372950780458523 -7.190220089287458 -16.181666980706726 30963.578060089832 0.22882513007642052 506.5714716523709 -14.952841850630305 0.0 -30670.221322294154 -44714.44072076748 0.0013430391127938282 -68979.98638106874 0.22882513007642052 15557981.755732648 -518.7601602121576 -0.015165734705265776 -0.008291063712341135 13.194591934908004 24.19622542770128 1.7296416295243289 -23.191852360565594 -42.93776259166239 68504.16398344825 462.5538049697293 -1741970329.5315788 1120566234.2932765 12.965766804831585 -19.87102474741915 -20.87102474741915 0.22882578898058303 0.30739885168857906
0.000533368523079 30934.93239608457 4959749903441.551 -8190229566.418566 21403584.0448021 87528712.49205084 0.1373793096088951 -7.017893900097968 -15.798844681119775 30934.93239608457 0.22896551601482518 506.5987469776398 -14.56987916510495 0.0 -29902.819176676017 -26128.75715502862 0.0013758324632961927 -67312.84726726425 0.22896551601482518 15534191.949234879 -518.7638907613582 -0.015171872332062067 -0.008293384939762527 12.873188028864705 23.62194518300805 1.697872371103517 -23.184698245650168 -42.92864451554568 66837.01202101844 462.5538075706004 -1696074649.3594291 1090684592.4497025 12.644222512849879 -19.37735174058984 -20.37735174058984 0.22896624112560182 0.307539281605985
0.000546542725599 30905.606731113796 4950331445301.279 -7981333840.182753 21384079.587392475 87390463.89998236 0.13746566027188886 -6.849718050459133 -15.42524849771939 30905.606731113796 0.22910943378648144 506.62671630505764 -14.19613906393291 0.0 -29196.440650219283 -20263.981200678038 0.001409416962047513 -65685.89396660864 0.22910943378648144 15509861.716719646 -518.7866002028168 -0.01517817066786714 -0.008295770627655182 12.559544958190232 23.061502935316927 1.666878642034036 -23.177369727375535 -42.91932170381403 65210.026688109625 462.5538108034712 -1651293195.2504115 1061529067.2483112 12.33043552440375 -18.895576491507157 -19.895576491507157 0.22911023172868428 0.30768324775552514
0.000560042330922 30875.585621636517 4940697987182.109 -7777484181.049214 21364108.668557562 87249027.36800174 0.13755417383544277 -6.685591016601044 -15.060652887017792 30875.585621636517 0.22925695639240462 506.65539781008664 -13.831395930625387 0.0 -28474.445713024114 -39377.93619413305 0.0014438112185644876 -64098.15781865475 0.22925695639240462 15484980.177373713 -518.8414316152193 -0.015184633608908388 -0.008298222405916902 12.253478032210474 22.514560345062552 1.6366440555304367 -23.169862612991057 -42.909788593746754 63622.226175633274 462.5538146803511 -1607598939.749935 1033082062.0000064 12.02422107581807 -18.425408147753355 -19.425408147753355 0.2292578344335504 0.30783082356912106
0.000573875376496 30844.853308512593 4930845331394.332 -7578567975.025991 21343661.589024235 87104335.12245357 0.13764491252348876 -6.52542261332789 -14.704857529652331 30844.853308512593 0.22940818753914793 506.68481015009223 -13.475449342113183 0.0 -27767.268040895397 -25611.341483446788 0.0014790342562214845 -62548.69351248349 0.22940818753914793 15459536.297044754 -518.8573900194242 -0.01519126550162419 -0.008300741946683893 11.95479398056974 21.980816898632117 1.607139453602672 -23.162172611950428 -42.90004047118077 62072.736162935245 462.55381921411174 -1564967735.7481675 1005327854.7937523 11.725385793030593 -17.96658838561932 -18.96658838561932 0.22940915367667736 0.30798211323831415
0.000588050098295 30813.39371137577 4920769079505.407 -7384459955.32811 21322727.894919034 86956318.23226142 0.13773793641783416 -6.369111617287077 -14.357637573849557 30813.39371137577 0.22956322736305695 506.7149724768351 -13.1280743464865 0.0 -27098.245360138266 -25751.738577906104 0.0015151055202342748 -61036.57852356685 0.22956322736305695 15433518.922246043 -518.8896682594132 -0.015198070731253493 -0.008303330965564988 11.663323574437662 21.459935284986646 1.5783559570174264 -23.15429533353711 -42.89007229414338 60560.57892760158 462.55382441706445 -1523372716.9839706 978248953.0092907 11.433760347074605 -17.518827245135 -18.518827245135 0.22956429038655557 0.3081372174170144
0.000602574935723 30781.190424956738 4910464597139.487 -7195046271.673571 21301296.22916702 86804906.60887134 0.13783330244900524 -6.2165664529425175 -14.018789602759677 30781.190424956738 0.22972217074834209 506.7459045078332 -12.789067432011334 0.0 -26426.191716782156 -31847.874777386725 0.0015520448857582895 -59560.91256450042 0.22972217074834209 15406916.755734328 -518.9242366826438 -0.015205053703669933 -0.008305991222735506 11.37889109723082 20.9516103472234 1.5502742244003673 -23.14622628493109 -42.87987863157674 59084.868206449355 462.5538303030909 -1482789471.0346785 951829463.0005944 11.149168926482478 -17.08186240803051 -18.08186240803051 0.22972334031071906 0.30829623157350705
0.000617458536635 30748.22671407273 4899927387333.972 -7010216124.330023 21279355.839675058 86650029.00066899 0.1379310748820163 -6.0676980191281 -13.688115708998765 30748.22671407273 0.2298851248033605 506.7776264810566 -12.458230584195405 0.0 -25779.620265411744 -20869.135141586266 0.001589872666042567 -58120.817049373014 0.2298851248033605 15379718.368712708 -518.9448963869436 -0.015212219058792982 -0.008308724524190212 11.10132468372636 20.4555451885637 1.522874989486922 -23.137960868893632 -42.86945425336441 57644.74160723943 462.5538368854403 -1443194242.9998047 926053919.0473392 10.871439558923 -16.655438661061066 -17.655438661061066 0.2298864115182212 0.3084592634466258
0.00063270976249 30714.485508964353 4889152772652.437 -6829855063.703741 21256895.286474936 86491612.98981766 0.13803131646144398 -5.922413885819017 -13.365410585466622 30714.485508964353 0.23005219410240665 506.81015920950045 -12.135358391364214 0.0 -25157.7188468862 -25729.28654379273 0.0016286096206928173 -56715.4345702431 0.23005219410240665 15351912.217697062 -518.9872956729596 -0.015219571494880272 -0.008311532723004758 10.830464649272725 19.971431813499127 1.4961475666481094 -23.12949438148807 -42.858793622009706 56239.306068192156 462.5538441781308 -1404562493.89475 900906345.1442062 10.60041245517032 -16.23929124850642 -17.23929124850642 0.23005360963157773 0.3086264183126085
0.000648337693624 30679.949401288246 4878135863345.8955 -6653858101.656522 21233902.303573824 86329584.9929872 0.1381340874930536 -5.780629637739803 -13.050486732004087 30679.949401288246 0.2302234791550893 506.84352408189136 -11.820263252848997 0.0 -24529.127316638336 -31549.543001622907 0.0016682769640076211 -55343.92838695468 0.2302234791550893 15323486.627247622 -519.0318494198655 -0.015227115752485067 -0.008314417720579349 10.566146676395016 19.498988938287766 1.470072957415656 -23.12082200991213 -42.847890835984906 54867.744428370796 462.55385219552676 -1366871718.4785607 876372090.5682527 10.335923197239927 -15.833178377836468 -16.833178377836468 0.23022503630855629 0.30879779743983704
0.000664351634656 30644.600639522047 4866872050236.253 -6482124325.227093 21210365.801061668 86163870.26016112 0.1382394598154237 -5.6422642451428215 -12.743164188932823 30644.600639522047 0.23039909969237285 506.87774309724443 -11.51276508924045 0.0 -23924.483624095283 -19745.612891910492 0.0017088963733881586 -54005.48192896069 0.23039909969237285 15294429.801165255 -519.0467843595179 -0.015234856898182646 -0.008317381467979763 10.30820843593154 19.037946583501775 1.4446306255839376 -23.111938830127787 -42.83674041527909 53529.27188501645 462.55386095278743 -1330100289.9199965 852437076.0409129 10.077809336239168 -15.436867980789671 -16.43686798078967 0.2304008125432193 0.30897352140104484
0.000680761120032 30608.42112350899 4855356540217.826 -6314544735.199463 21186273.969969884 85994392.87029189 0.1383475037613854 -5.507229475464663 -12.44324698808649 30608.42112350899 0.23057917293564237 506.91283884574443 -11.212667815150848 0.0 -23350.48238014758 -22069.25599398548 0.001750489997814561 -52699.298308805024 0.23057917293564237 15264729.856667839 -519.0869413445471 -0.015242800065089684 -0.00832042596740336 10.056504946656379 18.58801075781785 1.4198140975602271 -23.102839804216607 -42.82533655590546 52223.036704016384 462.5538704639208 -1294224843.7690685 829086090.9031963 9.825925773720737 -15.050107345035734 -16.050107345035734 0.2305810569499206 0.30915370834182987
0.000697575919697 30571.392401738423 4843584134097.022 -6151021354.608556 21161613.365422584 85821075.7406864 0.1384582817691749 -5.375446504417726 -12.150560056882615 30571.392401738423 0.23076380294862486 506.94883457961225 -10.91979625393399 0.0 -22768.621900506623 -28474.561850932565 0.0017930804664169685 -51424.59984807346 0.23076380294862486 15234374.790206293 -519.1375641749182 -0.015250950326825066 -0.008323553273443328 9.81088404704652 18.14891881767438 1.3956062701466316 -23.093519778362236 -42.81367276452169 50948.27595666307 462.553880744188 -1259224383.8321054 806305468.1900231 9.580120244097895 -14.672670704302618 -15.672670704302618 0.23076587511056224 0.3093384633335208
0.000714806044913 30533.495666723884 4831550030713.278 -5991461385.137781 21136372.182263013 85643840.62840025 0.13857187131924628 -5.246840877151438 -11.864938054883561 30533.495666723884 0.23095311886541048 506.9857541916248 -10.633984936018152 0.0 -22205.73192534403 -20372.5680754872 0.001836690897090065 -50180.62761426778 0.23095311886541048 15203352.491418574 -519.1611349230661 -0.015259313161904755 -0.008326765494577091 9.571193631360961 17.720422709370208 1.3719868003314142 -23.083973480292283 -42.80174314877284 49704.26822249349 462.5538918090827 -1225079030.0258296 784082266.9181929 9.340240512495551 -14.304344842979667 -15.304344842979667 0.23095539782563212 0.309527916617215
0.000732461754223 30494.711749737056 4819249233022.437 -5835764350.191748 21110537.826289278 85462608.12960356 0.13868834810145345 -5.121331256362295 -11.586200344659105 30494.711749737056 0.23114724683575574 507.02362225450156 -10.35505309782335 0.0 -21667.706263664782 -21202.347023452592 0.0018813449051557991 -48966.6409687125 0.23114724683575574 15171650.789343037 -519.2022286311694 -0.015267894118204428 -0.00833006479476746 9.337297993503453 17.302251434710072 1.3489486938670967 -23.07419551649136 -42.789541458280254 48490.2282815396 462.55390367321246 -1191767252.241523 762402471.825483 9.106150746667696 -13.944896818901368 -14.944896818901368 0.2311497530834986 0.30972219556521063
0.000750553559552 30455.021118274977 4806676457453.133 -5683839046.1231785 21084096.530155063 85277297.69273499 0.13880778334344102 -4.998844240998446 -11.314183918283126 30455.021118274977 0.2313463055724017 507.0624640384916 -10.082837612710724 0.0 -21130.62126932881 -23783.17433441075 0.0019270666121043117 -47781.917126075045 0.2313463055724017 15139257.412960958 -519.248437807255 -0.015276698762001134 -0.008333453394868493 9.109055940103724 16.89416044223389 1.326476274997095 -23.064180370033803 -42.77706092923977 47305.44574919703 462.55391635176767 -1159269513.1780217 741253366.4875814 8.877709634531323 -13.594116424221344 -14.594116424221344 0.23134906160447477 0.3099214202236924
0.000769092232473 30414.403871641327 4793826642449.421 -5535596873.651659 21057035.42947065 85087827.6238667 0.1389302584642915 -4.879308558201119 -11.048730512245882 30414.403871641327 0.23155043077381918 507.1023055332325 -9.817180081472063 0.0 -20609.846571231657 -20549.170900378696 0.0019738806543792035 -46625.750723525045 0.23155043077381918 15106160.015558612 -519.2842963539952 -0.015285732976012848 -0.008336933574262415 8.886329164119473 16.49591229144422 1.3045537197932648 -23.05392239786993 -42.7642951039535 46149.230722275 462.5539298598504 -1127566837.485143 720622599.9622815 8.654778733345655 -13.2517995696116 -14.2517995696116 0.23155346128937138 0.31012572775517566
0.000788088810615 30372.83973680052 4780694552881.04 -5390947387.707239 21029340.93339223 84894115.09442805 0.13905585373846177 -4.762651140521521 -10.789677873364063 30372.83973680052 0.23175975623076964 507.14317345180814 -9.557918117133294 0.0 -20103.688331977934 -20777.703667767073 0.0020218121921719125 -45497.45340113355 0.23175975623076964 15072346.202929143 -519.3274929474865 -0.01529500273462771 -0.008340507672533125 8.668987851455718 16.10726355796917 1.2831707933228127 -23.043415828105672 -42.75123718436491 45020.877145370425 462.5539442122458 -1096639853.3999143 700497563.5669935 8.437228095224947 -12.917737020759537 -13.917737020759537 0.23176308835087855 0.3103352535560948
0.000807554604237 30330.308065406705 4767274876379.233 -5249805454.383073 21000999.110416062 84696076.15551834 0.13918465106018224 -4.6488034269233 -10.536873765103902 30330.308065406705 0.2319744184336371 507.18509530474495 -9.304899346670265 0.0 -19607.96385152691 -20020.94703497858 0.002070886918290555 -44396.353391882876 0.2319744184336371 15037803.516005192 -519.3696611624837 -0.015304514162754896 -0.008344178091095078 8.456901298732275 15.727985841511307 1.2623134446842021 -23.0326547575008 -42.73788018153117 43919.72161090192 462.5539594221326 -1066470331.4080777 680866392.8886898 8.224926880298637 -12.591732460543183 -13.591732460543183 0.231978081929895 0.31055013587848446
0.000827501202962 30286.787829964134 4753562290265.707 -5112086328.620676 20971995.952867974 84493625.7493122 0.1393167359146383 -4.537697030354644 -10.290166342883857 30286.787829964134 0.23219455985773052 507.22809937770586 -9.057971783026126 0.0 -19125.500716264833 -20240.558717725486 0.002121131067026205 -43321.7951217189 0.23219455985773052 15002519.46143172 -519.4163954341784 -0.01531427357899726 -0.00834794729496944 8.249944130421657 15.357851327706545 1.2419701570419344 -23.021633148666293 -42.72421701909521 42845.10294330381 462.55397550498543 -1037040126.5990827 661717278.6841781 8.017749570563927 -12.273590077385505 -13.273590077385505 0.23219858740988764 0.31077051913073717
0.000847940482675 30242.257620887 4739551354817.66 -4977708767.239846 20942316.925997537 84286677.72583774 0.13945219427211072 -4.429266494016126 -10.049410274513036 30242.257620887 0.2324203237868512 507.2722147364346 -8.816989950726185 0.0 -18650.884434834326 -19878.26830567758 0.002172571423046133 -42273.138819361004 0.2324203237868512 14966481.508414162 -519.461217790471 -0.015324287436673072 -0.008351817814547278 8.047992121221501 14.996641970507275 1.2221277964514938 -23.01034482740412 -42.71024035161539 41796.387841922144 462.5539924729512 -1008331847.2029742 643038902.6390644 7.815571797434649 -11.963122457890806 -12.963122457890806 0.23242475126175854 0.31099654871284377
0.000868884612597 30196.695643197818 4725236719022.123 -4846592944.8118725 20911947.809723306 84075144.85929045 0.13959111864249588 -4.323447452505027 -9.81446266281487 30196.695643197818 0.2326518644041598 507.3174713519617 -8.58181079841071 0.0 -18192.327637967333 -17644.36176311123 0.002225235330297175 -41249.760135222015 0.2326518644041598 14929677.110385519 -519.5023101828556 -0.015334562449338604 -0.008355792247459802 7.85092476329102 14.644143372754248 1.202774271729812 -22.99878347986693 -42.69594289660142 40772.95376793576 462.5540103385027 -980328407.6121833 624820145.6798049 7.61827289888686 -11.660145328953963 -12.660145328953963 0.2326567311611164 0.3112283811278863
0.000890346062528 30150.079713454612 4710612826650.0 -4718658766.612692 20880873.46890057 83858938.86667413 0.13973359945021094 -4.22017512120694 -9.58517967594166 30150.079713454612 0.23288933241701823 507.36389999503467 -8.352290343524642 0.0 -17744.60741409914 -19158.711815664607 0.0022791507008930643 -40251.049769814555 0.23288933241701823 14892093.731930438 -519.5561810809813 -0.015345105421104373 -0.008359873260504733 7.658627352085539 14.300139736440153 1.1839007067966694 -22.986942649682934 -42.68131694291582 39774.17490567649 462.55402911305526 -953012664.3448154 607049851.6276478 7.42573801966852 -11.364473212092436 -12.364473212092436 0.23289468165186478 0.3114661696327936
0.000912337610273 30102.3872580537 4695674082134.593 -4593832205.527109 20849078.528026406 83637970.43411581 0.13987972987325464 -4.119389956813166 -9.361429133471118 30102.3872580537 0.23313288312209107 507.41153238976113 -8.128296250349027 0.0 -17302.380775388283 -18482.819179656155 0.0023343460240297115 -39276.41311091004 0.23313288312209107 14853718.819684869 -519.6047741920484 -0.015355923347755044 -0.008364063591524949 7.470982560150479 13.964432739165977 1.1654929930782962 -22.974815735333827 -42.66635461511732 38799.47469133311 462.55404880664406 -926368778.7760425 589717714.428199 7.237849677028388 -11.075935654198728 -12.075935654198728 0.2331387622201988 0.31171007230552406
0.000934872349246 30053.59530986469 4680415024233.094 -4472038616.671704 20816548.078009445 83412149.23677501 0.14002961105371145 -4.021031700050049 -9.143077275746348 30053.59530986469 0.2333826850895191 507.4604011376184 -7.909694590656829 0.0 -16876.559092037714 -16658.3132613901 0.0023908503748177458 -38325.26987968642 0.2333826850895191 14814539.86023429 -519.6504031994991 -0.015367023525792492 -0.00836836605152739 7.287879054147803 13.636821685256349 1.1475405553854774 -22.962395987008883 -42.651048155790434 37848.270524642714 462.55406942827295 -900380781.0692444 572813342.2705737 7.054496369058284 -10.794360165848378 -11.794360165848378 0.23338914603444727 0.3119602607721108
0.000957963696273 30003.680506305198 4664829951094.633 -4353203705.1584215 20783266.108726393 83181383.96680903 0.14018334094111828 -3.9250402231484567 -8.929990630613043 30003.680506305198 0.23363890156853048 507.5105398274486 -7.696351729044512 0.0 -16459.2010199948 -17859.46226796441 0.0024486934231381556 -37397.053784929834 0.23363890156853048 14774544.395920474 -519.7075327119237 -0.01537841333215202 -0.00837278352675633 7.1092101303718 13.317106312063384 1.1300350346883339 -22.949676503719637 -42.635389293464925 36919.981641511375 462.55409098486416 -875032776.3229275 556326392.8672845 6.8755712288032695 -10.519574628285607 -11.519574628285607 0.23364600139106972 0.31221690163301696
0.000981625399571 29952.61908818469 4648913178872.097 -4237258866.6659617 20749216.565019507 82945582.36629626 0.14034102195160264 -3.8313603441414656 -8.722046723205631 29952.61908818469 0.23390170325267107 507.5619830210939 -7.48814501995296 0.0 -16049.366587526596 -16769.240952719774 0.0025079054424241034 -36491.21218627008 0.23390170325267107 14733719.991344865 -519.7579123774267 -0.015390100382501179 -0.008377318980787052 6.934866539384325 13.005102850390887 1.1129630992784993 -22.936650230501982 -42.61936966292106 36014.073643555574 462.5541134825708 -850310093.6050113 540247321.2391899 6.7009648361316545 -10.251421104621993 -11.251421104621993 0.23390950448840175 0.312480169239828
0.00100587154694 29900.386897295288 4632659108717.897 -4124133837.2685194 20714383.61363848 82704651.2558133 0.14050276303524192 -3.7399352164416215 -8.51911938918174 29900.386897295288 0.23417127172540322 507.61476627538923 -7.284948117456336 0.0 -15653.363245121454 -16036.136535991413 0.0025685173183827947 -35607.205764881204 0.23417127172540322 14692054.317590935 -519.8113886563515 -0.015402092577455301 -0.008381975456834275 6.764746068714142 12.700621993197476 1.0963161818704157 -22.92330995518543 -42.60298091055417 35129.997357135406 462.5541369234464 -826197706.4777821 524566350.7045469 6.530574796988739 -9.9897369003138 -10.9897369003138 0.23417984295906003 0.3127502491933024
0.00103071657415 29846.959375524933 4616061909973.094 -4013761026.035733 20678750.306432534 82458496.57154047 0.1406686700871861 -3.6507102296184417 -8.321087428910886 29846.959375524933 0.23444778347864348 507.66892624329375 -7.086639645432243 0.0 -15263.859828799554 -16644.889285335063 0.0026305605576578354 -34744.50820242963 0.23444778347864348 14649535.132450951 -519.8695582323489 -0.015414397914258632 -0.008386756080019531 6.5987477090437245 12.403481882206782 1.0800846435184557 -22.90964830543189 -42.58621415144038 34267.224858348716 462.55416130821845 -802681162.6016859 509274079.25763303 6.364299925565081 -9.73436572306754 -10.73436572306754 0.23445719991413627 0.3130273223832891
0.00105617527353 29792.31156450113 4599115907701.024 -3906075844.8646784 20642300.179086376 82207023.40632592 0.14083885764202017 -3.5636333274938603 -8.127835331678238 29792.31156450113 0.23473142940336697 507.72450062693713 -6.893103902274871 0.0 -14884.213814362249 -15145.434400792497 0.002694067296398106 -33902.60586792125 0.23473142940336697 14606150.289921757 -519.9225384533274 -0.015427024726737086 -0.008391664059694605 6.436771082371568 12.113509187716234 1.0642572507117356 -22.895657745787528 -42.569060611506046 33425.25239007943 462.55418663468754 -779746656.4455581 494361525.91 6.202039652968201 -9.485158617062343 -10.485158617062343 0.2347417734769851 0.31331158450408825
0.00108226280279 29736.41810384653 4581815311215.972 -3801012568.4199195 20605016.101860028 81950136.04592273 0.14101344064462729 -3.478651243138203 -7.939244896817677 29736.41810384653 0.23502240107437883 507.7815282811217 -6.7042224957432985 0.0 -14516.87781461572 -14933.735238479705 0.0027590703087250357 -33080.99751141086 0.23502240107437883 14561887.815375302 -519.9833724943928 -0.015439981524928875 -0.00839670269200795 6.27872185718264 11.83052654486839 1.0488266990391324 -22.88133057425116 -42.551511159391794 32603.56565007586 462.55421289705066 -757380138.0978826 479819550.9197941 6.0436994561082615 -9.24196315761412 -10.24196315761412 0.23503376316555813 0.31360323240748644
0.00110899469402 29679.253232817224 4564154247064.374 -3698508860.302841 20566880.39399543 81687738.02239054 0.1411925353476341 -3.395713619180901 -7.7552043912873865 29679.253232817224 0.23532089224605685 507.84004921605026 -6.519883499041329 0.0 -14154.070270964754 -15850.231211866118 0.0028256030150656626 -32279.19396640588 0.23532089224605685 14516735.86997237 -520.0497962721347 -0.015453277017966064 -0.00840187536226756 6.124505602691624 11.554366289515725 1.0337834577845282 -22.866658919575414 -42.53355634821928 31801.677726481965 462.5542400866551 -735568286.1479576 465639489.43372536 5.8891847104455675 -9.004635260512892 -10.004635260512892 0.2353333714101945 0.31390246561102486
0.00113638686296 29620.79078932208 4546126949619.059 -3598505497.350253 20527875.605264302 81419732.15707764 0.14137626516543947 -3.3147727848157533 -7.575608062798622 29620.79078932208 0.2356271086090658 507.9001045961103 -6.339980954189556 0.0 -13799.563936216442 -14336.44546668421 0.002893699490381604 -31496.71785789834 0.2356271086090658 14470682.7637252 -520.106075854208 -0.015466920237361789 -0.008407185547673973 5.974028017118193 11.284869724661577 1.0191160513962174 -22.851634737758808 -42.51518672942823 31019.126968773562 462.5542681894833 -714298449.296931 451813112.9541632 5.738400908509126 -8.773038554325908 -9.773038554325908 0.23564081337013398 0.31420949609489546
0.00116445561847 29561.00421095527 4527727733863.853 -3500941152.1375957 20487984.38818833 81146020.6145353 0.14156475987615927 -3.235778962687502 -7.400345487270241 29561.00421095527 0.23594126646026545 507.9617368879596 -6.164404220809976 0.0 -13458.309543166391 -13779.475474644587 0.002963394472215988 -30733.1033183666 0.23594126646026545 14423717.07228567 -520.1666912346118 -0.015480920526396779 -0.008412636819990566 5.827201859666255 11.02187114208527 1.0048181113674843 -22.836249808909113 -42.49639279724169 30255.43301992923 462.55429718783563 -693557524.7660202 438331898.83794874 5.591260593205989 -8.547030643198127 -9.547030643198127 0.23595631574882103 0.31452454706939825
0.00119321767225 29499.866535574714 4508950617873.38 -3405757052.1786337 20447187.877939224 80866504.95605747 0.14175814379253113 -3.1586845388235605 -7.229311040041292 29499.866535574714 0.23626357298755188 508.0249897941264 -5.99304746705374 0.0 -13121.639627470717 -14483.25575884539 0.003034723368575746 -29987.89571017318 0.23626357298755188 14375827.58870607 -520.2369086017789 -0.015495287307979331 -0.008418232848391325 5.683940590047949 10.76521203573275 0.9908820004494158 -22.82049573383991 -42.47716432449553 29510.135965895894 462.5543270578083 -673332957.7559738 425187682.3546459 5.447677017060397 -8.326475320305486 -9.326475320305486 0.2362800971061907 0.3148478332763688
0.00122269014875 29437.35040546697 4489789841925.0625 -3312898527.600499 20405467.86309093 80581086.21135119 0.14195655183497374 -3.0834455236598273 -7.062407166406985 29437.35040546697 0.23659425305828957 508.08990841712216 -5.825812913348695 0.0 -12793.003978459255 -13226.43767153275 0.003107722265595753 -29260.65135592026 0.23659425305828957 14327003.302254267 -520.2991807873732 -0.015510030413413341 -0.008423977402104758 5.54415613588351 10.514745998591046 0.9772966046562708 -22.80436393143559 -42.457491241511 28782.8096663744 462.55435777049473 -653613076.5330914 412372873.57334083 5.307561882825221 -8.111246785862004 -9.111246785862004 0.23661239469342232 0.31517958780953415
0.00125289059543 29373.428066032728 4470239639655.135 -3222308230.6929903 20362805.79363616 80289664.92692335 0.14216012243283277 -3.0100152681162156 -6.899530406825417 29373.428066032728 0.23693353738805462 508.15653908966226 -5.662596869437363 0.0 -12475.330184706963 -13151.343848606957 0.0031824279350480323 -28550.937272656327 0.23693353738805462 14277233.57707866 -520.3703496199269 -0.01552515994632904 -0.008429874353729966 5.407768017040549 10.270317764442105 0.9640565961368655 -22.787845634442444 -42.43736323036134 28073.00428626676 462.55438928993993 -634385633.9271836 399879507.94904053 5.170834479652495 -7.901211625488507 -8.901211625488507 0.23695345284442915 0.31552005043123665
0.00128383699314 29308.071372235132 4450294080750.909 -3133932810.430778 20319182.09222153 79992141.25172433 0.14236899236735742 -2.938350656755818 -6.740585151853459 29308.071372235132 0.23728165394559572 508.224929753088 -5.503303497907863 0.0 -12161.176674731843 -13489.387148407604 0.003258877841520281 -27858.330915776452 0.23728165394559572 14226508.031899163 -520.4448329792722 -0.015540686184632948 -0.008435927681960756 5.274694172310168 10.031783843131656 0.9511532126727653 -22.770931887093642 -42.416769432252174 27380.302852229433 462.5544215725088 -615639240.9753362 387700180.6148614 5.037412518364572 -7.696246547995305 -8.696246547995305 0.23730351436079933 0.31586945896330487
0.00131554776687 29241.251789440026 4429947513451.586 -3047720803.54628 20274578.002465554 79688414.99900359 0.14258331080131084 -2.868410173157906 -6.585479363760252 29241.251789440026 0.23763885133551807 508.29512965829826 -5.3478405124247335 0.0 -11856.169658623732 -12275.23850933295 0.0033371101493999103 -27182.419926359013 0.23763885133551807 14174816.60128527 -520.5120644678464 -0.015556619869691661 -0.0084421414750093 5.144853713711586 9.799006095195207 0.9385770834133229 -22.753613541112806 -42.39569920597119 26704.303561097135 462.55445456731974 -597362915.7532693 375827751.3140571 4.907214862376067 -7.496232868488333 -8.496232868488333 0.23766284403259608 0.31622807276242415
0.00134804179671 29172.940398382914 4409194196313.837 -2963618843.7764573 20228974.00308415 79378385.72883934 0.14280322751054084 -2.800150333650333 -6.434116634053393 29172.940398382914 0.23800537918423473 508.3671896556709 -5.196111254869159 0.0 -11560.188947677196 -12476.326184982 0.0034171637295496706 -26522.80188593472 0.23800537918423473 14122149.69346623 -520.5887022035276 -0.015572971976237002 -0.008448519933800533 5.0181720699312224 9.571839824685345 0.9263234676892227 -22.73588125260199 -42.37414146882469 26044.587325200016 462.5544882135709 -579545266.7026122 364254813.4484082 4.780166690746988 -7.301046265697172 -8.301046265697172 0.23803170926420214 0.3165961532648298
0.00138133842909 29103.107899652205 4388028322575.553 -2881577835.5611734 20182349.875768214 79061952.83031605 0.1430288934772146 -2.733531489298328 -6.2864090776662325 29103.107899652205 0.238381489128691 508.441162151483 -5.048027588537542 0.0 -11267.797615292306 -12360.829301814783 0.0034990781656477755 -25879.084076938023 0.238381489128691 14068498.027737651 -520.6656498497687 -0.015589753731367806 -0.008455067375388519 4.894572394610308 9.350153120123117 0.9143836184596481 -22.717725478617403 -42.35208471817092 25400.770511806426 462.5545224407082 -562175819.5314273 352974558.3497152 4.656190905481617 -7.110573409917883 -8.110573409917883 0.2384103810204783 0.316973964947057
0.00141545748828 29031.724620064 4366444345910.2583 -2801549340.8348804 20134686.07333332 78739015.61415645 0.14326047136054507 -2.6685144451417213 -6.1422698356638925 29031.724620064 0.23876745226757512 508.5171011968257 -4.903502383396317 0.0 -10985.355639709644 -11351.876502932057 0.003582893760183962 -25250.883249245326 0.23876745226757512 14013852.77154779 -520.7385589516925 -0.015606976832249549 -0.00846178823637203 4.773980446692931 9.133815602739977 0.9027497526896684 -22.699136474042035 -42.32951759183414 24772.47420788547 462.55455716793347 -545244242.1313621 341980269.53295356 4.535212994425356 -6.924702295025045 -7.924702295025045 0.23879915151630937 0.317361792935682
0.00145041928825 28958.76051640774 4344436589267.088 -2723483584.4757957 20085962.011317343 78409473.39535399 0.1434981227367343 -2.6050585470172 -6.001608804833385 28958.76051640774 0.23916353789455716 508.5950624672204 -4.762445266938828 0.0 -10709.631384252822 -11761.168248293969 0.0036686515401352115 -24637.825390962073 0.23916353789455716 13958205.675938085 -520.8249045754164 -0.015624653197455055 -0.008468687076759688 4.656327315371815 8.922692027951893 0.8914178440765383 -22.6801042875717 -42.30642815588428 24159.30691454254 462.5545923000008 -528739913.827405 331265043.1993519 4.417163777477258 -6.743316731148133 -7.743316731148133 0.2391983132148653 0.3177599219159766
0.00148624464467 28884.185186222454 4321999381365.9004 -2647336019.2210736 20036156.62030238 78073225.609507 0.14374201227542294 -2.5431279403601716 -5.864346552319526 28884.185186222454 0.23957002045903825 508.6751035249796 -4.624776531860488 0.0 -10437.54597280853 -11440.8055217715 0.0037563932621024576 -24039.545507469677 0.23957002045903825 13901548.823763851 -520.9071821139332 -0.015642795058102267 -0.008475768583347563 4.541540164764793 8.716663154992943 0.8803783132326937 -22.66061875932323 -42.28280412284707 23560.92112947859 462.5546277303186 -512653336.88052213 320822707.31254387 4.301970144305755 -6.56631428864771 -7.56631428864771 0.23960816566978405 0.31816864301453496
0.00152295488739 28807.96787192797 4299127427521.3823 -2573060818.556885 19985249.91223422 77730171.90101591 0.14399232001752651 -2.4826853803631455 -5.730400578610733 28807.96787192797 0.23998720002921087 508.7572835915458 -4.490413378581522 0.0 -10174.838551479495 -10769.65648010821 0.0038461614171610933 -23455.687402563217 0.23998720002921087 13843874.939422676 -520.9886229564181 -0.01566141521354072 -0.008483037573957956 4.4295512406341 8.515605134573029 0.8696251630098193 -22.640669516494647 -42.258633503381795 22976.95741311018 462.55466333601674 -496974739.6702685 310646910.73337215 4.189564040604889 -6.39358858363432 -7.39358858363432 0.2400290364509602 0.3185882745697446
0.00156057187311 28730.077470742075 4275815172965.1694 -2500612542.6114335 19933220.19901759 77380212.23934904 0.1442492201130371 -2.4236938006288833 -5.599688771935351 28730.077470742075 0.24041536685506182 508.84166383318285 -4.359273405080289 0.0 -9917.514318154801 -10913.262550868792 0.003937999235139587 -22885.9034669606 0.24041536685506182 13785177.379893048 -521.0788296988321 -0.015680526611925996 -0.008490499001330896 4.320295492134013 8.319394702284674 0.8591536139765087 -22.62024597030863 -42.23390343615106 22407.05854069792 462.55469897810343 -481694431.3852954 300731356.0328776 4.079880125278952 -6.225033732077906 -7.225033732077906 0.24046124587047668 0.31901912680268907
0.00159911799837 28650.482545160216 4252057330816.3564 -2429949260.2542133 19880046.338565998 77023247.0396884 0.1445128982030351 -2.366119340894036 -5.472136162287539 28650.482545160216 0.24085483033839183 508.92830739078886 -4.2312813319491465 0.0 -9665.544311511123 -10529.124445435717 0.004031950688394168 -22329.854471693343 0.24085483033839183 13725449.97657322 -521.1663148042389 -0.015700142708350177 -0.008498157957187303 4.213706063879463 8.127919299985178 0.8489555867474156 -22.59933731287435 -42.2086011190155 21850.89675800812 462.55473449841026 -466803475.54105085 291070236.7754292 3.9728512335410717 -6.060553060045849 -7.060553060045849 0.24090513595503515 0.3194615307890798
0.00163861621293 28569.15133145472 4227848685686.0825 -2361027996.757824 19825706.84708814 76659177.27657995 0.144783544792114 -2.3099269526198714 -5.347665146254698 28569.15133145472 0.24130590798685667 509.01727934983205 -4.106359238267841 0.0 -9420.723711466791 -10200.11532120067 0.004128060495072276 -21787.20936547365 0.24130590798685667 13664687.3408239 -521.2578433097187 -0.015720277340975256 -0.008506019676729247 4.109720670454186 7.941062416719761 0.8390261763419249 -22.57793251328925 -42.18271343253275 21308.134235596463 462.55476972056846 -452292710.41333175 281657600.0094673 3.868414762467329 -5.900046497779349 -6.900046497779349 0.2413610599321333 0.3199158277668521
0.00167909003339 28486.051752940133 4203184075415.5127 -2293807662.7922 19770179.78174144 76287904.62084949 0.14506135440212015 -2.255083234549841 -5.226201787002787 28486.051752940133 0.2417689240035336 509.1086469550523 -3.9844328629992534 0.0 -9181.232552174313 -10061.41625305204 0.004226374121728685 -21257.645078256402 0.2417689240035336 13602884.727018984 -521.3527701752027 -0.015740944723095607 -0.008514089542917266 4.008277369672934 7.75871303916967 0.8293594173260262 -22.556020314743726 -42.1562268803265 20778.448534961524 462.5548044437753 -438153378.2828731 272487756.2208407 3.7665084456694 -5.743418703928142 -6.743418703928142 0.24182938088068184 0.32038236776638684
0.00172056355722 28401.151431243627 4178058487573.0386 -2228248160.8546634 19713443.119197015 75909331.56940655 0.14534652870096954 -2.201555574380172 -5.107673911512929 28401.151431243627 0.2422442145016159 509.20247958129676 -3.8654296970113133 0.0 -8947.3685637201 -9845.425070006468 0.004326937785351053 -20740.84632849974 0.2422442145016159 13540038.119784534 -521.4505667965968 -0.015762159516050925 -0.008522373091208017 3.9093157562696503 7.580762795768856 0.8199495230804832 -22.533589230846026 -42.1291277418659 20261.52488944501 462.55483844496 -424376933.696279 263555154.19230545 3.667071541768035 -5.590576611891995 -6.590576611891995 0.24231047727675392 0.3208615150452143
0.00176306147708 28314.41770088934 4152467034585.01 -2164310483.2635927 19655474.607098613 75523361.59168024 0.14563927547650138 -2.1493122501932067 -4.99201133446861 28314.41770088934 0.24273212579416897 509.29884886357956 -3.749279208674441 0.0 -8718.744839707244 -9646.417939917828 0.004429798454671293 -20236.5054358181 0.24273212579416897 13476144.261771012 -521.5497500940182 -0.01578393681854941 -0.008530876014234001 3.812776748483832 7.407106293104857 0.8107907031194412 -22.510627542555614 -42.10140200114344 19757.05708772523 462.5548714733328 -410955064.2068189 254854394.60701498 3.570044622689663 -5.441429718510971 -6.441429718510971 0.24280474156643672 0.3213536465658965
0.00180660909556 28225.817622693387 4126405018980.852 -2101956433.8861337 19596252.00951273 75129899.27251852 0.14593981076209028 -2.098322160257774 -4.8791452609611135 28225.817622693387 0.24323301793681715 509.3978287521304 -3.635912243024296 0.0 -8495.892955725301 -9309.895274907176 0.0045350038508013505 -19744.322137343155 0.24323301793681715 13411200.713223908 -521.650112870193 -0.015806292220191344 -0.008539604166889092 3.718602922096497 7.237640218796065 0.8018775324388325 -22.48712329452939 -42.07303544321023 19264.74505991617 462.5549032488513 -397879630.7094975 246380191.02470797 3.47536990415968 -5.295889313870496 -6.295889313870496 0.243312584058613 0.3218591557715269
0.00185123234022 28135.31800046458 4099867836197.838 -2041148309.7436457 19535752.63464712 74728850.47153795 0.14624835522860957 -2.0485545042483895 -4.76900757274251 28135.31800046458 0.2437472587143493 509.49949563977304 -3.52526031402816 0.0 -8278.789009632032 -9120.727099006996 0.004642602447040075 -19264.003409292905 0.2437472587143493 13345205.933464821 -521.7553853586905 -0.01582924173972043 -0.008548563571379822 3.626738915894255 7.072262272875646 0.7932053924363255 -22.463064292060025 -42.04401344373177 18784.29203737795 462.5549334594761 -385142598.2996263 238127325.14343518 3.382991657179906 -5.153867560779835 -6.153867560779835 0.24383442731837945 0.32237844684261163
0.00189695777903 28042.885398064886 4072851019730.1807 -1981849794.8269892 19473953.485022917 74320122.48570128 0.14656513550457234 -1.9999796776521908 -4.6615328177523825 28042.885398064886 0.2442752258409539 509.60392842366446 -3.4172575919114285 0.0 -8066.101964485099 -9040.73464943746 0.004752643467882467 -18795.26329248989 0.2442752258409539 13278159.223762345 -521.8651257909332 -0.015852801862965372 -0.008557760422551236 3.537130060403825 6.910874151348256 0.7847691162421437 -22.4384380978211 -42.01432102285549 18315.412487721813 462.5549617580614 -372736228.39175254 230090771.8434462 3.292854834562871 -5.015280060436723 -6.015280060436723 0.24437070861959986 0.32291193706536503
0.00194381263617 27948.48615833426 4045350333368.7275 -1924025947.1366076 19410831.62064704 73903624.2217275 0.14689038724519282 -1.9525692759303286 -4.556658223912127 27948.48615833426 0.24481731207532137 509.7112086212624 -3.3118409118368053 0.0 -7858.27231687734 -8742.982186215613 0.004865176887128962 -18337.822722299512 0.24481731207532137 13210060.738209032 -521.9745597793117 -0.015876989616280392 -0.008567201093348208 3.4497223141516713 6.753381565176416 0.7765629539969949 -22.413232028809585 -41.98394299109894 17857.8321055113 462.55498775861355 -360653076.1833026 222265697.3013772 3.20490500207635 -4.880045870298082 -5.880045870298082 0.24492188541845872 0.3234600621849749
0.00199182480828 27852.086421466694 4017361786329.1016 -1867641746.0063055 19346364.180995166 73479266.36758645 0.14722435554991598 -1.9062946307839388 -4.454320447001221 27852.086421466694 0.24537392591652663 509.82142041405325 -3.2089465210846946 0.0 -7656.1353840434485 -8499.2569352165 0.00498025342510167 -17891.40936208683 0.24537392591652663 13140911.710409861 -522.0873497006105 -0.015901822587495864 -0.008576892140674126 3.3644643537771164 6.599689361862989 0.7685827130340852 -22.387433152833704 -41.95286395104327 17411.274876337262 462.5550110329726 -348885678.2899092 214647255.50409365 3.1190904278605895 -4.7480833102575914 -5.7480833102575914 0.24548843675479026 0.32402327757051197
0.00204102288105 27753.652147009838 3988881464043.726 -1812663195.0167427 19280527.578652717 73046961.581406 0.14756728853471301 -1.8611279193967396 -4.354458026118255 27753.652147009838 0.24594548089118837 509.93465083748197 -3.108512545227067 0.0 -7458.36198859255 -8395.616310278583 0.005097924544837858 -17455.757441314276 0.24594548089118837 13070714.362258248 -522.2056470708667 -0.01592731880932386 -0.008586840311233548 3.281305890193168 6.4497052122136544 0.7608240855342031 -22.361028285650438 -41.921067937154604 16975.472862180563 462.5550311064143 -337426788.6634062 207230742.43359065 3.0353604093019797 -4.619313128956999 -5.619313128956999 0.24607085283801522 0.3246020477009478
0.00209143614621 27653.149137128323 3959905754034.2197 -1759057827.24445 19213298.456640124 72606624.68718182 0.14791944527251605 -1.8170426956457177 -4.25701257591273 27653.149137128323 0.24653240878752675 510.0509898531631 -3.0104801671252037 0.0 -7265.009664902696 -8188.28583089541 0.0052182424471996225 -17030.607597579183 0.24653240878752675 12999471.828606758 -522.3252817264874 -0.01595349693218295 -0.00859705254761322 3.200196837110761 6.303341394273253 0.7532818360399465 -22.334003988119076 -41.88853881843806 16550.170854671134 462.5550474538275 -326269488.10221434 200011666.7863898 2.9536644283232345 -4.493660041461959 -5.493660041461959 0.2466696486144474 0.3251968596209722
0.00214309461902 27550.543059351654 3930431287142.749 -1706793311.683563 19144653.374306746 72158172.86939408 0.1482810934660955 -1.7740124685247194 -4.161925624078777 27550.543059351654 0.24713515577682585 510.17053040664746 -2.9147904683019514 0.0 -7076.477436854286 -7968.379310336316 0.005341260064942069 -16615.706721772956 0.24713515577682585 12927188.412779732 -522.4481202538009 -0.01598037619151649 -0.008607535994804244 3.121089342780781 6.160510050859224 0.7459518806782676 -22.3063465628823 -41.855260152967745 16135.113861672124 462.55505949444597 -315406884.17462724 192985554.70534128 2.8739541870039553 -4.371048650933998 -5.371048650933998 0.2472853607687543 0.32580821964771334
0.00219602905611 27445.799473279167 3900454917819.4243 -1655838258.49951 19074568.665882077 71701525.886002 0.1486525084149285 -1.7320115276892307 -4.069140444368555 27445.799473279167 0.2477541806915475 510.2933686515215 -2.8213862636770077 0.0 -6892.446923802334 -7799.15763611831 0.005467031055538022 -16210.807807686955 0.2477541806915475 12853869.489975758 -522.5746716625399 -0.016007976401239417 -0.008618298006716815 3.043936527433333 6.021125939655651 0.7388300381622912 -22.278042051767688 -41.82121511292086 15730.054351137336 462.55506658684766 -304832283.90953237 186148062.35581976 2.796182346741785 -4.2514058123976906 -5.2514058123976906 0.24791854639721256 0.3264366519116565
0.0022502709738 27338.88385739821 3869973765498.735 -1606162020.1828694 19003020.569242757 71236606.28276692 0.149033974268737 -1.6910147436775997 -3.978601614496499 27338.88385739821 0.24838995711456166 510.4196039898129 -2.730211657381937 0.0 -6712.564131717561 -7655.04650501976 0.005595609792753867 -15815.669804906289 0.24838995711456166 12779521.565378536 -522.7057015454138 -0.016036317994037295 -0.008629346153103559 2.9686927264086194 5.8851057693732285 0.7319123009276643 -22.24907623287065 -41.786386529044904 15334.750489889919 462.5550680232045 -294539150.99691814 179494947.9601185 2.720302769294058 -4.134660062661787 -5.134660062661787 0.24856978577242228 0.3270827008956154
0.00230585266685 27229.761638868025 3838985232791.7886 -1557735030.819242 18929985.252290707 70763339.62118289 0.14942578441339374 -1.6509979310878968 -3.8902558237707243 27229.761638868025 0.24904297402232292 510.5493392356725 -2.6412128497484013 0.0 -6536.787965999297 -7460.586477025777 0.005727051356927598 -15430.057475419342 0.24904297402232292 12704152.207007263 -522.8389517699252 -0.016065422044591327 -0.008640688226610061 2.895312908539588 5.75236941098198 0.7251942726466566 -22.219434618080093 -41.75075688900111 14948.969280538418 462.5550630237867 -284521178.5080927 173022119.146331 2.646269934517265 -4.020742661824878 -5.020742661824878 0.24923968349785464 0.32774693241839736
0.00236280722772 27118.398223348206 3807487075733.4204 -1510528014.749054 18855439.078284968 70281654.70708096 0.1498282439305013 -1.6119370208107093 -3.8040500372541706 27118.398223348206 0.2497137398841688 510.68268073754405 -2.5543362973700017 0.0 -6365.411868442808 -7280.344200440755 0.005861411523849142 -15053.741253360546 0.2497137398841688 12627770.25214901 -522.9761965141988 -0.016095310335463985 -0.00865233225027921 2.823753843050892 5.622837142586532 0.718672371179662 -22.18910245024954 -41.7143084420943 14572.479365288442 462.5550507284718 -274772118.8947994 166725522.040206 2.5740401031667233 -3.9095852259027106 -4.909585225902711 0.2499288736464398 0.3284299384254137
0.00242116856625 27004.759028081295 3775477279904.551 -1464512534.7366216 18779357.978239816 69791483.83363713 0.15024166445030038 -1.5738086378428338 -3.719932772169705 27004.759028081295 0.250402774083834 510.8197385533872 -2.4695299980858714 0.0 -6197.848816843529 -7148.029694915301 0.0059987467521199775 -14686.497108530677 0.250402774083834 12550385.700270921 -523.118109844263 -0.016126005270490292 -0.008664286485188692 2.7539732043849128 5.496431566893281 0.7123429482595101 -22.15806470087595 -41.677022906997834 14205.056021593411 462.55503019162444 -265285900.832579 160601217.77139497 2.5035704303010786 -3.8011213727013518 -4.801121372701352 0.2506380117433663 0.3291323287844311
0.00248097142983 26888.809517018086 3742954241691.5674 -1419661105.5346498 18701718.222662736 69292763.03320399 0.15066637090665583 -1.5365902332986463 -3.637854401266112 26888.809517018086 0.2511106181777597 510.9606265617839 -2.386743783088352 0.0 -6034.129370317516 -6975.854672139988 0.006139114168980012 -14328.106413149786 0.2511106181777597 12472009.66310455 -523.2629987167747 -0.016157530028072208 -0.008676559438366534 2.6859293346084576 5.373078062506582 0.7062020725061787 -22.12630606795528 -41.63888180010088 13846.482296233113 462.55500037271463 -256056654.2752249 154645398.2973162 2.434818716430698 -3.695287113208729 -4.695287113208729 0.2513677867245876 0.32985474301039497
0.00254225142415 26770.515235821957 3709916678560.7314 -1375946607.8052244 18622495.94863582 68785432.32840094 0.15110269773057308 -1.5002594603564487 -3.5577657603929573 26770.515235821957 0.25183782955095513 511.1054626072291 -2.305927930842002 0.0 -5874.364482170053 -6808.270904585448 0.006282571554541147 -13978.355811342675 0.25183782955095513 12392654.551369382 -523.4120828250561 -0.016189908503349327 -0.008689159871240108 2.619582113621452 5.252702697405786 0.7002464310914687 -22.093810973414755 -41.599866210887235 13496.543594728506 462.554960127992 -247078583.68962818 148854304.12798825 2.367744284070497 -3.592019055866448 -4.592019055866448 0.25211891580657264 0.3305978447293133
0.00260504503432 26649.84185201881 3676363692174.3228 -1333342666.4761844 18541667.391067468 68269436.00482391 0.1515509909980995 -1.4647945821413815 -3.4796190580891433 26649.84185201881 0.2525849849968325 511.25436875551435 -2.2270340730923106 0.0 -5718.293975425111 -6668.500743686721 0.006429177324171249 -13637.037092615054 0.2525849849968325 12312333.962081777 -523.5658476388035 -0.0162231653702002 -0.008702096808070468 2.5548923181639793 5.135233592134771 0.694472704268646 -22.060563561558045 -41.55995688843372 13155.031201864684 462.55490820136146 -238346049.36820474 143224277.1415555 2.3023073331671466 -3.4912555796031954 -4.491255579603195 0.2528921487961554 0.3313623257451087
0.00266938964667 26526.75519397961 3642294747192.267 -1291823630.5841553 18459208.716319274 67744722.87788796 0.15201160723828808 -1.4301744575507847 -3.403367842317726 26526.75519397961 0.2533526787304801 511.4074712818216 -2.1500151635872458 0.0 -5565.718666783798 -6530.94401493558 0.006578990509201801 -13303.94706747601 0.2533526787304801 12231062.663964005 -523.7240710945243 -0.01625732607758961 -0.008715379545076524 2.491821600277358 5.020600870566429 0.6888775651061685 -22.026547696789457 -41.51913415235504 12821.742130533841 462.5548432134467 -229853562.6420615 137751757.5650395 2.2384689215468776 -3.392936790905174 -4.392936790905174 0.25368826707920933 0.3321489047031799
0.00273532357095 26401.221295411622 3607709767782.4395 -1251364556.7447255 18375096.41728781 67211246.58206117 0.15248491704468603 -1.396378530805346 -3.3289669825966004 26401.221295411622 0.25414152840781007 511.564901109344 -2.0748254541887903 0.0 -5416.651875704734 -6379.500079321195 0.006732070735644199 -12978.88744682669 0.25414152840781007 12148856.571584646 -523.8858011570628 -0.01629241694261756 -0.008729017659544338 2.430332462258225 4.908736631092296 0.6834576750896604 -21.991746962447603 -41.477378051867426 12496.479023721495 462.5547636520491 -221595782.4900687 132433281.51390591 2.176190933850415 -3.297004500868953 -4.297004500868953 0.25450809066390134 0.33295833379258344
0.00280288606315 26273.20643776248 3572609091401.109 -1211940900.4664657 18289307.027730085 66668965.84965649 0.152971302893404 -1.3633864928992785 -3.2563719144330694 26273.20643776248 0.2549521714890067 511.72679370508877 -2.001419742944063 0.0 -5271.148448867849 -6221.473501209884 0.006888478200720597 -12661.664723857204 0.2549521714890067 12065732.867419822 -524.0521376500383 -0.016328465128923594 -0.008743021019778679 2.3703887129915215 4.799573814486602 0.6782101653879611 -21.95614465864998 -41.43466822317823 12179.047254430345 462.5546678553534 -213567448.5916916 127265437.55680527 2.1154365415025147 -3.2034012507903933 -4.203401250790393 0.25535247598218713 0.33379139606811414
0.00287211734891 26142.67719989556 3536993493852.715 -1173528739.0543127 18201817.180368826 66117844.81861469 0.1534711597740097 -1.3311785293445315 -3.1855391908011956 26142.67719989556 0.2557852662900162 511.89328955512786 -1.9297539245111794 0.0 -5129.045703964297 -6097.960575123938 0.007048273647757935 -12352.09005869324 0.2557852662900162 11981709.885393763 -524.2240061170778 -0.016365498681535393 -0.00875739979488647 2.311955065316618 4.693047030771788 0.6731322502405568 -21.919723801734726 -41.3909838940399 11869.257036470202 462.5545540057844 -205763428.9862881 122244897.72294044 2.0561697990266015 -3.1120710233488715 -4.1120710233488715 0.2562223179651163 0.3346489071856841
0.00294305864743 26009.600505528175 3500864203996.225 -1136104860.9971254 18112603.604413956 65557853.32838972 0.15398489545824512 -1.2997354283088658 -3.1164267228467315 26009.600505528175 0.25664149243040857 512.0645340917771 -1.859785230416323 0.0 -4989.965662915341 -5980.802331930727 0.0072115183382895276 -12049.979166191508 0.25664149243040857 11896807.00544862 -524.4011528594237 -0.016403546556373976 -0.00877216446547153 2.254996939791661 4.589092920126627 0.6682210479593449 -21.882467122663716 -41.346303866451066 11566.924317198534 462.55442010873116 -198178738.99452403 117368429.81962681 1.9983554473612524 -3.022959553019761 -4.022959553019761 0.2571185516063318 0.3355317165957531
0.00301575219602 25873.94367738427 3464222988540.826 -1099646797.851671 18021643.473565467 64988967.24136932 0.15451293381570022 -1.2690386282423651 -3.0489938906359226 25873.94367738427 0.25752155635950036 512.2406782145746 -1.7914723342764223 0.0 -4854.13466314379 -5823.124156591798 0.007378274022327839 -11755.152206204226 0.25752155635950036 11811044.542885337 -524.5816559298655 -0.016442638711106062 -0.008787325834265601 2.1994803581994096 4.487650317167384 0.66347349233231 -21.844357066875844 -41.300606654581635 11271.871156928943 462.5542639825165 -190808548.1448015 112632901.72255968 1.9419588018399092 -2.9360144689811376 -3.9360144689811376 0.25804215865432734 0.33644071384934615
0.00309024127526 25735.674488130047 3427072129528.0283 -1064132129.5210929 17928914.23080402 64411168.74743571 0.15505571361987797 -1.2390694233018291 -2.983199775663143 25735.674488130047 0.2584261893664633 512.4218782043351 -1.7247735862966798 0.0 -4721.587310823615 -5704.432927958049 0.007548602905693994 -11467.433676487726 0.2584261893664633 11724444.15860638 -524.7684969720904 -0.016482806107676426 -0.008802895037842338 2.145373072931254 4.38865760037256 0.6588874916741003 -21.805375792815887 -41.25387038887773 10983.919049904514 462.5540832352969 -183648030.35928437 108035183.89169496 1.886946883564791 -2.8511830157808715 -3.8511830157808715 0.25899416819799015 0.3373768283253087
0.00316657023476 25594.761220546854 3389414369411.093 -1029539380.4160904 17834393.260712124 63824446.70345089 0.15561368562310135 -1.2098099947497367 -2.919005448515121 25594.761220546854 0.25935614270516893 512.6082962477403 -1.659649305809952 0.0 -4591.787828366086 -5592.813333942959 0.007722567615358705 -11186.65230828388 0.25935614270516893 11637028.201651732 -524.9608211111608 -0.016524080679806076 -0.00881888355802849 2.0926430180248494 4.292056125204292 0.6544603824564414 -21.7655051726317 -41.20607263770016 10702.897559810419 462.5538752522045 -176692555.83474398 103572274.56725252 1.8332868753196803 -2.768415003356237 -3.768415003356237 0.2599756518625691 0.33834102440936153
0.00324478451956 25451.172724611344 3351253100850.4507 -995847623.8366807 17738058.74205087 63228796.955298245 0.15618732083454376 -1.1812429681455854 -2.85637299711544 25451.172724611344 0.2603122013909063 512.8001004345409 -1.5960607957245336 0.0 -4465.062225318749 -5451.0855222001655 0.007900231161593626 -10912.640964400243 0.2603122013909063 11548819.837449899 -525.1575515572076 -0.016566495527928795 -0.008835303234442225 2.041258926420942 4.197788761876191 0.6501895699281979 -21.72472679158339 -41.1571907877595 10428.640603630794 462.5536371711048 -169937606.68942937 99241244.27153723 1.7809467250300357 -2.687661554110741 -3.687661554110741 0.2609877396730438 0.3393343166721161
0.00332493069719 25304.87848015426 3312592227185.0405 -963036088.65064 17639888.91193535 62624222.67820778 0.15677710389254085 -1.1533509488802338 -2.7952644847598394 25304.87848015426 0.2612951731542348 512.9974651907481 -1.5339693116056046 0.0 -4341.242680852829 -5344.675000514375 0.008081656897620687 -10645.236539719732 0.2612951731542348 11459843.329787621 -525.3611675144712 -0.01661008481535418 -0.008852166277199343 1.991190976211666 4.105798336088348 0.6460731981640593 -21.68302194860521 -41.10720167526074 10160.982573880523 462.5533658608582 -163378691.22626567 95039180.42817913 1.729895803057431 -2.608873759052962 -3.608873759052962 0.2620316116966348 0.340357760619017
0.00340705648541 25155.848661545486 3273436259017.103 -931084915.3846188 17539862.47261456 62010734.71976233 0.15738353714627706 -1.12611742095021 -2.7356439534393955 25155.848661545486 0.2623058952437951 513.2005714998674 -1.4733380581956004 0.0 -4220.0497432452175 -5231.5360493382905 0.00826690847630993 -10384.279864077704 0.2623058952437951 11370123.254104147 -525.5701505222569 -0.01665488388101511 -0.008869485280220763 1.9424094407558867 4.016030631744496 0.6421088030535802 -21.640371657030542 -41.05608175394145 9899.765795309388 462.5530578992056 -157011506.56915745 90963293.03517583 1.6801035455120916 -2.5320052613264576 -3.5320052613264576 0.2631085047658267 0.3414124594510738
0.0034912107806 25004.0542047765 3233790352319.9766 -899974543.9536228 17437958.722060673 61388351.94644318 0.15800714224609835 -1.0995260282505845 -2.6774758290695932 25004.0542047765 0.2633452370768306 513.4096071722631 -1.4141305919927627 0.0 -4101.683675045314 -5108.636466856864 0.00845604980370552 -10129.615607597529 0.2633452370768306 11279684.90761149 -525.7848566857374 -0.01670092930362809 -0.008887273235131131 1.8948857114792668 3.9284319979121123 0.6382943615360857 -21.59675664559108 -41.00380713476457 9644.834558046556 462.55270954460724 -150831806.87440225 87010828.73168267 1.6315404744024362 -2.4570101996872618 -3.4570101996872618 0.2642197183946624 0.3424995688984096
0.00357744368688 24849.466876934475 3193660274647.081 -869685823.7361362 17334157.329394586 60757101.592953734 0.15864845829668736 -1.0735607043469435 -2.620725207136448 24849.466876934475 0.2644140971611456 513.6247671487394 -1.3563111099753025 0.0 -3985.9521968024596 -5004.726849647628 0.008649144989388942 -9881.092188214188 0.2644140971611456 11188554.11145124 -526.0063508642434 -0.016748258898390662 -0.008905543545782407 1.848592076306826 3.842949778317624 0.6346280835709733 -21.552157359697084 -40.95035345411057 9396.036190804054 462.55231670740875 -144835426.3782297 83179085.94866441 1.5841779791456803 -2.383843576814515 -3.383843576814515 0.26536661349578583 0.34362029535006333
0.00366580654595 24692.059349909327 3153052451196.392 -840200220.392577 17228438.507452074 60117019.62101972 0.15930804380155117 -1.0482059311438368 -2.5653584303960093 24692.059349909327 0.26551340633591863 513.8462538609066 -1.2998450240600907 0.0 -3872.736619706883 -4897.436544698217 0.008846258293679566 -9638.561681433472 0.26551340633591863 11096756.801153032 -526.2342073681193 -0.01679691179104562 -0.008924310043213124 1.803501310534014 3.7595331768153746 0.631108014216565 -21.506553963543556 -40.89569592976004 9153.223169995112 462.5518749205562 -139018323.6880733 79465443.64482471 1.5379879041980955 -2.312462004345039 -3.312462004345039 0.2665506168378219 0.34477589992051194
0.00375635196763 24531.80527508765 3111974002530.4893 -811499589.044996 17120783.14913694 59468151.07351213 0.15998647838168692 -1.0234464680621898 -2.5113424895925505 24531.80527508765 0.2666441306361449 514.074277492639 -1.2446983589564056 0.0 -3762.052684031903 -4790.286827047803 0.009047454071074346 -9401.879732368927 0.2666441306361449 11004319.10726921 -526.4686482049183 -0.016846928489441918 -0.008943587001464524 1.7595870452723827 3.6781323575101106 0.6277324206147712 -21.459926342123858 -40.83980940187828 8916.250893565886 462.55137930279705 -133376532.83861221 75867329.3322199 1.4929429146362378 -2.2428229301048477 -3.2428229301048477 0.26777322672653503 0.3459677032061813
0.00384913386123 24368.67936208212 3070432736387.171 -783566210.3509207 17011172.738595065 58810550.43546732 0.16068436222424312 -0.9992673991515255 -2.458645127335602 24368.67936208212 0.2678072703737385 514.3090564153108 -1.1908378569618634 0.0 -3653.7830312584706 -4692.055241565986 0.009252796710390454 -9170.905469699874 0.2678072703737385 10911267.141654879 -526.7100796781888 -0.01689835091097334 -0.008963389153922847 1.7168236696540584 3.5986986008788238 0.6244997077994344 -21.41225410404648 -40.78266826184054 8684.978058283525 462.5508245244992 -127906170.57802705 72382223.87497315 1.44901639928032 -2.174884772050862 -3.174884772050862 0.2690360141682899 0.34719708577369734
0.0039442074676 24202.6574596219 3028437188616.601 -756382854.9322774 16899589.51117376 58144281.99339459 0.16140231807230807 -0.9756542204161263 -2.4072350351059226 24202.6574596219 0.2690038634538468 514.550817478314 -1.1382311716520759 0.0 -3547.8529118502515 -4589.2615113924985 0.009462350570836409 -8945.501421953657 0.2690038634538468 10817626.682574442 -526.9583103740133 -0.01695122246300354 -0.008983731710448374 1.6751861755564252 3.5211845981742678 0.6214082758952701 -21.363516584635295 -40.724246503310184 8459.267358082954 462.5502047645919 -122603450.04396158 69007670.28916323 1.4061823121025785 -2.108607172376637 -3.108607172376637 0.27034062802730163 0.3484654927265899
0.00404162939205 24033.716639622435 2985996633501.6587 -729932640.5420626 16786016.465975013 57469420.1960126 0.1621409917405648 -0.9525926632622103 -2.357081461679823 24033.716639622435 0.27023498623427467 514.7997964367017 -1.0868464754455482 0.0 -3444.306848523225 -4486.867326441438 0.009676179914393025 -8725.533435607504 0.27023498623427467 10723423.182225352 -527.2139010181818 -0.017005588095533607 -0.00900463037520329 1.6346503896560025 3.445543863774976 0.6184567682763956 -21.31369284963254 -40.66451769946449 8238.984052288786 462.54951366755574 -117464649.71693951 65741253.50701226 1.3644154034217277 -2.043950492562818 -3.043950492562818 0.27168879894931375 0.34977443663247254
0.00414145763804 23861.835284004104 2943121082075.4917 -704199049.3785071 16670437.317895643 56786050.01361544 0.16290105200018345 -0.9300687174178296 -2.308154263891745 23861.835284004104 0.27150175333363913 515.0562383503069 -1.0366525105581057 0.0 -3342.9669083435674 -4400.958626888185 0.009894348834007078 -8510.870595274191 0.27150175333363913 10628681.544326706 -527.4778986541869 -0.017061494343257867 -0.009026101365267594 1.5951929135762366 3.371730811393071 0.615644024482943 -21.26276169940741 -40.60345494869233 8023.996151568697 462.54874429568014 -112486116.72633637 62580602.55551403 1.3236911602425974 -1.980875878835839 -2.980875878835839 0.273082341639726 0.35112549900887335
0.0042437516417 23686.993175152485 2899821318145.106 -679166170.0878209 16552836.64974638 56094267.29850775 0.16368319253549768 -0.9080689562361328 -2.2604246324291806 23686.993175152485 0.27280532089249615 515.3203980190151 -0.9876193115366845 0.0 -3243.697039121435 -4306.717264612043 0.01011692117766101 -8301.38514581094 0.27280532089249615 10533425.355082855 -527.7491833104923 -0.017118989411135592 -0.009048161429966572 1.5567906216390055 3.299701841679606 0.6129685858884573 -21.21070167396718 -40.54103091874982 7814.176993419197 462.5478890769014 -107664318.67918962 59523424.21470832 1.2839853007465092 -1.919346198181891 -2.919346198181891 0.27452315857161136 0.35252033392212945
0.00434857230725 23509.171587414738 2856108963874.651 -654818338.4413035 16433200.232706677 55394179.13502294 0.16448813584653263 -0.886580073032387 -2.213864067252019 23509.171587414738 0.2741468930775544 515.5925404232069 -0.9397171741744648 0.0 -3146.669335220436 -4208.683088216271 0.010343960467924367 -8096.952416210422 0.2741468930775544 10437677.2978158 -528.0280842619177 -0.017178123301656287 -0.009070827871279273 1.519421317045116 3.2294138031855106 0.6104293710111808 -21.15749105803285 -40.4772179785131 7609.401549927017 462.5469397468206 -102995766.4539311 56567452.51756569 1.2452744239675617 -1.8593247171851686 -2.8593247171851686 0.2760132514673874 0.35396067784803753
0.00445598204324 23328.353382196812 2811996393266.1206 -631140132.1489531 16311514.55005437 54685904.188200645 0.16531662865394 -0.8655888681709841 -2.1684443420895056 23328.353382196812 0.27552771442323337 515.8729411725088 -0.8929166276662723 0.0 -3051.6704175502036 -4128.562549754622 0.010575529816913821 -7897.450745442819 0.27552771442323337 10341459.014392484 -528.3164015931479 -0.017238947773795085 -0.009094118565047197 1.4830637257475896 3.160823941659847 0.6080256817200977 -21.10310788697353 -40.41198792420646 7409.546331773878 462.54588728533173 -98477012.18355954 53710447.73430209 1.207536011324356 -1.8007750561214553 -2.8007750561214553 0.277554716885582 0.3554483442255728
0.0045660447997 23144.52310780503 2767496810455.8403 -608116798.6099924 16187767.194346704 53969573.054226115 0.16616944655148064 -0.8450828367666327 -2.124138817335451 23144.52310780503 0.27694907758580106 516.1618870662982 -0.8471897397496502 0.0 -2958.5829254838186 -4040.089752121487 0.01081169183686557 -7702.761410050568 0.27694907758580106 10244789.70317784 -528.6127207509999 -0.017301516489527977 -0.009118051982864531 1.4476966119407435 3.0938918668079105 0.6057563216882393 -21.047529953998065 -40.345312145472185 7214.49400144504 462.5447218519156 -94104741.30012125 50950256.07125331 1.1707475343549423 -1.7436628821497102 -2.74366288214971 0.2791497519353553 0.3569852299160574
0.00467882610626 22957.667098323414 2722624291351.083 -585733720.370569 16061947.08868238 53245328.58899747 0.16704739706407107 -0.8250494492557289 -2.0809208458483917 22957.667098323414 0.2784123284401185 516.4596765654377 -0.8025085174082731 0.0 -2867.5420537558807 -3951.923236005223 0.011052508545407855 -7512.768553400366 0.2784123284401185 10147687.131197942 -528.9179884958758 -0.017365885131859327 -0.009142647215436669 1.4132998113186408 3.0285771592925474 0.6036206515216036 -20.990734816935525 -40.27716170762719 7024.127726612117 462.54343270846584 -89875657.57614598 48284734.64255277 1.1348874828785225 -1.687953853565245 -2.687953853565245 0.28080066736113096 0.35857332568306766
0.00479439311108 22767.773578127937 2677393703618.7773 -563976627.1929318 15934044.056762233 52513326.23941152 0.1679513154019603 -0.8054764393828253 -2.038764406631405 22767.773578127937 0.2799188590032672 516.7666203575398 -0.7588455476281379 0.0 -2778.331588709811 -3875.4906618960576 0.01129804126589681 -7327.359116865312 0.2799188590032672 10050166.855884112 -529.2331950271282 -0.017432111378418807 -0.009167923996590908 1.3798537856556157 2.964840323612685 0.6016181502311942 -20.932699806639704 -40.20750709242569 6838.333428930609 462.5420081387221 -85786527.87220134 45711780.88726063 1.0999349266523484 -1.6336144368592311 -2.633614436859231 0.28250988123237286 0.3602147097067404
0.00491281462092 22574.832768470627 2631820804498.7515 -542831754.8731029 15804049.362482183 51773734.36193568 0.16888207103082842 -0.7863520396437672 -1.9976446377725618 22574.832768470627 0.28147011838471403 517.0830419476472 -0.7161745193878477 0.0 -2690.9130451718265 -3793.3393688508063 0.01154835052288931 -7146.422772366508 0.28147011838471403 9952241.2953189 -529.5574908568951 -0.017500255095039895 -0.00919390272844005 1.347339257409828 2.9026435838639384 0.5997480569481292 -20.873402036012127 -40.136318441975604 6657.001599951588 462.54043536280005 -81834216.57902002 43229354.656121284 1.0658691390251138 -1.5806125941571052 -2.580612594157105 0.284279929566959 0.361911558407907
0.00503416114206 22378.836994790017 2585922220565.5693 -522285505.6444032 15671955.62553363 51026734.52203446 0.16984056742786155 -0.7676645054841825 -1.9575367787468672 22378.836994790017 0.28306761237976924 517.4092782565959 -0.6744691663670979 0.0 -2605.3174335623826 -3713.805259681984 0.011803495931596065 -6969.85185677373 0.28306761237976924 9853920.49128924 -529.8918020106648 -0.01757037839621874 -0.009220604507934164 1.3157378868980678 2.841949297327044 0.5980100654602787 -20.812818409287118 -40.06356547914184 6480.0236202422075 462.5387004365392 -78015612.23087937 40835430.45827812 1.0326702745182985 -1.528916419238831 -2.528916419238831 0.286113473491995 0.36366615118081935
0.00515850492227 22179.780798828448 2539715434880.182 -502324642.83626854 15537756.781453311 50272521.78871054 0.170827742228023 -0.7494023946334135 -1.9184167913750272 22179.780798828448 0.28471290371337166 517.7456802974918 -0.6337038876616556 0.0 -2521.4131883530636 -3639.533595788079 0.012063536082249584 -6797.541307816234 0.28471290371337166 9755211.15773683 -530.2366149502413 -0.017642545716077963 -0.009248051154291162 1.2850318424049987 2.7827208858247503 0.5964039002961846 -20.750925632900877 -39.98921744686214 6307.293910312855 462.5367881491768 -74327669.00074607 38528024.51219815 1.0003189386916271 -1.4784949383111607 -2.4784949383111607 0.28801329913846563 0.365480870523645
0.00528591999385 21977.661051509447 2493218817759.8394 -482936280.04638267 15401448.294706315 49511305.00712935 0.17184457041022097 -0.7315545610899004 -1.8802613511778838 21977.661051509447 0.2864076173503683 518.09261379309 -0.5938537338275156 0.0 -2439.165191759211 -3564.3357460261236 0.012328528418566579 -6629.388601492158 0.2864076173503683 9656116.304111961 -530.5919703900181 -0.01771682394411961 -0.009276265237898556 1.2552037902230364 2.7249228209833696 0.5949293165162413 -20.687700226783893 -39.913243183089875 6138.7098742852295 462.53468190737743 -70767404.34901506 36305193.073684424 0.9687961728726682 -1.4293180989437655 -2.4293180989437655 0.2899823250067919 0.3673582088506533
0.0054164822177 21772.477068717395 2446451624547.339 -464107787.97812873 15263027.205898503 48743307.05607489 0.17289206559831727 -0.7141100224963401 -1.843047554581967 21772.477068717395 0.2881534426638621 518.450459976814 -0.5548941119181048 0.0 -2358.541343814463 -3491.4417128245227 0.012598529110355972 -6465.293691034097 0.2881534426638621 9556635.270476136 -530.9584111093145 -0.017793282526634067 -0.009305270110441253 1.2262370705448258 2.6685201843183295 0.5935862869927854 -20.6231185368191 -39.835611105779556 5974.170891030562 462.53236361018315 -67331878.79475516 34165019.22684381 0.9380836278809637 -1.3813563925257628 -2.381356392525763 0.2920236083122232 0.3693007735929348
0.00555026932848 21564.23072844771 2399433987862.2476 -445826837.5300652 15122492.15597229 47968765.08293117 0.17397128115795746 -0.6970580284263531 -1.8067530722925738 21564.23072844771 0.28995213526326247 518.8196162649722 -0.5168009370293114 0.0 -2279.471084082713 -3420.9828370942437 0.012873592919945087 -6305.158947339744 0.28995213526326247 9456763.21860341 -531.3364067056064 -0.017871993568054162 -0.009335089936515153 1.198115579307997 2.61347889668444 0.5923748923373677 -20.557156748082335 -39.75628918570013 5813.578829819838 462.5298135115054 -64018204.97135673 32105618.76300479 0.9081634440447344 -1.3345810520800017 -2.3345810520800017 0.2941403480394511 0.3713112900148029
0.00568736098089 21352.926590850144 2352186926123.852 -428081398.35285866 14979843.51985991 47187930.72038192 0.17508331263509086 -0.6803880650480989 -1.7713561632699841 21352.926590850144 0.2918055210584848 519.2004971069 -0.47955064221149923 0.0 -2201.902681846783 -3352.3612793881966 0.013153773062584693 -6148.8891008292185 0.2918055210584848 9356490.77532671 -531.7262638775846 -0.017953031962984593 -0.009365749726556124 1.1708237441571832 2.559765737885481 0.5912953056004105 -20.489790899444543 -39.67524497698733 5656.838081928621 462.52701007090116 -60823547.25280936 30125139.850031134 0.8790182230986985 -1.2889640703515273 -2.2889640703515273 0.2963358906974598 0.3733926065967096
0.00582783879712 21138.572018484505 2304732339650.053 -410859712.21212476 14835083.484660942 46401070.27331503 0.17622929965522352 -0.6640898202218964 -1.7368355999823233 21138.572018484505 0.29371549942537256 519.5935347940415 -0.4431201005569507 0.0 -2125.7841650321257 -3284.705680762087 0.013439121060251323 -5996.391184672163 0.29371549942537256 9255803.827804547 -532.1283329463295 -0.018036475522125676 -0.009397275371517808 1.1443465590301714 2.5073482334983606 0.5903478358382231 -20.420996898797817 -39.592445618456885 5503.85529734429 462.52392978914776 -57745115.93256754 28221759.187895197 0.8506310596047989 -1.244478103466859 -2.244478103466859 0.29861373576684935 0.37554769993722226
0.00597178641541 20921.177299369192 2257093004819.1045 -394150280.51915586 14688216.133711612 45608464.88402591 0.17741042793456244 -0.6481531688055203 -1.7031706387301377 20921.177299369192 0.29568404655760405 519.9991803936507 -0.4074865921725337 0.0 -2051.0920343275875 -3217.7931163885332 0.013729686589024154 -5847.5744794489965 0.29568404655760405 9154683.290377827 -532.543059644212 -0.018122405104622673 -0.009429693678973682 1.118669589635569 2.456194609242672 0.589532942016969 -20.350750539839378 -39.507857836910894 5354.539277641695 462.52054703018774 -54780164.47400652 26393680.16271972 0.8229855430779649 -1.20109643271929 -2.20109643271929 0.3009775408808085 0.3777796795665682
0.00611928953987 20700.755770023905 2209292555910.827 -377941830.2655901 14539247.471728146 44810410.66386949 0.1786279306450307 -0.6325681208892437 -1.6703409066354022 20700.755770023905 0.2977132177417179 520.4179045852388 -0.37262768889368436 0.0 -1977.7617227441522 -3154.7962312564932 0.014025517319664347 -5702.350459074472 0.2977132177417179 9053105.070748625 -532.9713051511744 -0.018210904742645764 -0.009463032411101703 1.0937790338203037 2.4062736207058637 0.5888513020405537 -20.279027519648626 -39.421447917789905 5208.800601841088 462.51683382358976 -51925982.08790992 24639127.993036214 0.7960658160785858 -1.158792818870051 -2.158792818870051 0.303431126910248 0.38009179236671486
0.0062704359915 20477.323941185532 2161355474289.021 -362223404.4160359 14388185.512811014 44007218.79967138 0.1798830905624902 -0.6173249769514078 -1.638326749614225 20477.323941185532 0.29980515093748367 520.8501987485816 -0.33852159867674136 0.0 -1905.7106075164854 -3092.6307243280157 0.014326658751663189 -5560.632738053849 0.29980515093748367 8951039.183983045 -533.4131672356407 -0.01830206178626559 -0.009497320324198796 1.0696614790764785 2.3575550741088427 0.5883035756076946 -20.20580345805749 -39.33318170794886 5066.552752526157 462.5127596541104 -49179913.15283223 22956362.324019436 0.7698563281389947 -1.1175419509400917 -2.1175419509400917 0.30597847800139866 0.38248742409321
0.00642531576049 20250.901622158577 2113307101054.1897 -346984267.7162238 14235040.530836763 43199215.61875495 0.1811772446366986 -0.6024141805810597 -1.6071089118641306 20250.901622158577 0.3019620743944977 521.296575943876 -0.3051468374696329 0.0 -1834.9448069819623 -3029.940587712341 0.014633154039939509 -5422.337019986153 0.3019620743944977 8848450.109930672 -533.8689950217895 -0.01839596710277463 -0.00953258721038551 1.0463041048942996 2.31000934299803 0.5878906159629647 -20.131053917653077 -39.2430247164717 4927.711049680835 462.50829122475665 -46539337.19716195 21343664.02737737 0.744342030499802 -1.077319033009407 -2.077319033009407 0.30862375327341374 0.3849701100484817
0.00658402105978 20021.512046468208 2065173580609.857 -332213861.5448939 14079824.911140347 42386742.62094018 0.182511783244763 -0.587826241773008 -1.5766683643026298 20021.512046468208 0.30418630540793834 521.7575720176525 -0.27248205889469146 0.0 -1765.4071480031976 -2970.9194747520582 0.01494504381457268 -5287.381047331782 0.30418630540793834 8745297.069310067 -534.3398811613897 -0.018492715175047116 -0.009568863941151438 1.0236947809466195 2.2636071113179654 0.5876135763121317 -20.054754425429007 -39.150941982074414 4792.192108152466 462.5033922011668 -44001658.98996931 19799328.841364056 0.719508475538681 -1.0380995629570111 -2.038099562957011 0.31137128908978384 0.38754353655827833
0.00674664637995 19789.181998390606 2016981852737.0603 -317901921.70091045 13922553.312926676 41570156.47447517 0.18388815366029287 -0.5735519456658311 -1.5469867735689475 19789.181998390606 0.3064802561004881 522.2337467533583 -0.24050651746845952 0.0 -1697.0119050864869 -2913.5764523037506 0.015262365993577269 -5155.684552374506 0.3064802561004881 8641532.915308611 -534.8261171995991 -0.018592404290078732 -0.009606182512843314 1.0018217480497287 2.2183200749865923 0.5874735944311194 -19.97688049612898 -39.05689811990853 4659.915333294815 462.49802293272234 -41564334.04874454 18321683.88308986 0.6953414919492406 -0.9998599373631367 -1.9998599373631367 0.3142255970269169 0.3902115419554141
0.00691328854554 19553.941937762014 1968759643846.7632 -304038400.65616995 13763242.854980195 40749828.96539697 0.18530786411500602 -0.5595822271690021 -1.5180462294348285 19553.941937762014 0.30884644019167673 522.7256850930212 -0.20919978924315163 0.0 -1629.7411505295427 -2856.05521397953 0.015585155588245572 -5027.169209299853 0.30884644019167673 8537104.610802144 -535.3280391243543 -0.01869513674617203 -0.009644576094558587 0.9806737899440546 2.174120530755017 0.5874719726998303 -19.897407656600326 -38.96085738564626 4530.802027561144 462.4921401461006 -39224852.19490368 16909076.819873616 0.6718273497523779 -0.9625771000956045 -1.9625771000956045 0.3171913734045918 0.3929781256454782
0.00708404677261 19315.82612443491 1920535425215.1653 -290613425.214751 13601913.117933229 39926146.90407028 0.18677248539610564 -0.5459080973547269 -1.4898290835973274 19315.82612443491 0.31128747566017606 523.2339984278108 -0.17854160793715135 0.0 -1563.5623120535313 -2800.2698045796615 0.01591344450086217 -4901.758587540039 0.31128747566017606 8431953.66416025 -535.8464866695349 -0.018801019017502387 -0.009684079078285352 0.9602403292062378 2.1309811335092657 0.5876102812640657 -19.816311471795416 -38.862783630184474 4404.774884500688 462.4856966068777 -36980728.54855869 15559870.003990158 0.6489528535460617 -0.9262283344649187 -1.9262283344649187 0.3202735041688335 0.39584745275483313
0.00725902272789 19074.87274195537 1872338372574.7273 -277617333.5895967 13438586.172296565 39099511.9862439 0.18828365282802623 -0.5325207134693946 -1.4623181081957306 19074.87274195537 0.3138060880467104 523.7593259347631 -0.1485120201490202 0.0 -1498.408735047999 -2746.882748105626 0.01624726131547953 -4779.37810610322 0.3138060880467104 8326015.860452219 -536.3822569056283 -0.01891016193347059 -0.00972472713140101 0.9405113130795001 2.0888751329446924 0.5878902487405904 -19.733567572488983 -38.76264026771871 4281.75848946531 462.47864075426133 -34829511.66840561 14272445.759352028 0.6267052250327897 -0.8907914676955411 -1.890791467695541 0.3234770635080769 0.39882385485612404
0.00743832058927 18831.12401994148 1824198341656.5696 -265040693.25473303 13273286.73304553 38270340.605767116 0.1898430702458088 -0.519411420945375 -1.4354965950575869 18831.12401994148 0.316405117076348 524.3023360209935 -0.11909147798123887 0.0 -1434.2242581763487 -2694.237577332613 0.01658663108106352 -4659.954989085702 0.316405117076348 8219221.108278924 -536.9357669417486 -0.019022680905384386 -0.009766557251659584 0.9214771413985239 2.0477765202275977 0.5883136950869952 -19.649151684759474 -38.660390321700206 4161.679612465654 462.47091629835444 -32768787.754349343 13045209.024094101 0.6050720243221759 -0.8562449990165826 -1.8562449990165826 0.32680731474404756 0.4019118333606566
0.00762204710783 18584.626353406893 1776145834829.7039 -252874249.3662274 13106042.285237733 37439063.61211538 0.19145251380407005 -0.5065716626611821 -1.4093481596975455 18584.626353406893 0.31908752300678345 524.8637278289808 -0.09026063669076212 0.0 -1370.9899913994832 -2642.127700322675 0.016931575087016013 -4543.418222209795 0.31908752300678345 8111494.1774619715 -537.507626553901 -0.019138696158214036 -0.009809607825017282 0.9031287898134276 2.0076597318773906 0.5888826614249909 -19.563039660860536 -38.55599645619643 4044.4665921120913 462.4624617770625 -30796169.949370828 11876580.306144968 0.5840412668066441 -0.8225678470068654 -1.8225678470068654 0.3302697176678334 0.4051160671795977
0.00781031167139 18335.43041996216 1728211942828.88 -241108901.64137974 12936883.068485983 36606126.015287325 0.19311383371808605 -0.4939929348314993 -1.3838566458745705 18335.43041996216 0.32185638953014345 525.4442328121287 -0.062000256344427074 0.0 -1308.6543324835636 -2592.214956514649 0.01728211063133908 -4429.698510404917 0.32185638953014345 8002755.357669086 -538.0988779963682 -0.01925833292943918 -0.00985391868619241 0.885457864704645 1.9684995056351409 0.5895994706469639 -19.47520751204202 -38.44942091820039 3930.0490533267493 462.45321007274913 -28909293.64672719 10764992.641129233 0.5636014751745015 -0.7897392265615375 -1.7897392265615375 0.33386993107121044 0.40844141609264273
0.00800322636968 18083.591294445385 1680428297308.2634 -229735763.59997904 12765842.154345324 35771986.63592599 0.1948289575032195 -0.48166691007018503 -1.35900640386444 18083.591294445385 0.3247149291720325 526.0446164058861 -0.034291474692407675 0.0 -1247.1536039212351 -2543.4354990480365 0.017638250781688843 -4318.728236368482 0.3247149291720325 7892920.039860903 -538.7101143250052 -0.019381721706720895 -0.009899531182075398 0.8684564137532086 1.9302712960726494 0.590466540907703 -19.38563144343418 -38.340625537369014 3818.3587475808454 462.4430878825665 -27105829.661610577 9708900.12860287 0.5437414845811761 -0.757739007829888 -1.757739007829888 0.33761380484703085 0.4118929180181078
0.00820090606101 17829.168559395424 1632827035371.6501 -218746113.64088354 12592955.635347495 34937117.69497689 0.19659989527283328 -0.46958534663049906 -1.3347820966201214 17829.168559395424 0.3276664921213888 526.6656798517079 -0.007115604498732608 0.0 -1186.4601042708273 -2495.3428648474865 0.01800000412874889 -4210.441420175775 0.3276664921213888 7781899.779088725 -539.3420353373872 -0.019508998516408638 -0.00994648823831511 0.8521170512153896 1.8929509808897191 0.5914865166147852 -19.294287890715363 -38.22957180077906 3709.328956639167 462.432015136097 -25383474.34417299 8706771.378810722 0.5244505590940008 -0.7265474663876614 -1.7265474663876614 0.34150738855732243 0.4154757984912023
0.00840346844071 17572.226410623643 1585440726598.4114 -208131377.88177264 12418262.58066615 34102004.34039781 0.19842874144232767 -0.4577400549633163 -1.3111686279811883 17572.226410623643 0.33071456907054614 527.3082619346379 0.01954594108935792 0.0 -1126.5262480519928 -2448.686949598108 0.018367374532486026 -4104.773679776026 0.33071456907054614 7669603.1829059655 -539.9956138040707 -0.01964030515068493 -0.009994834429273474 0.8364329989297273 1.8565147522816006 0.5926623140966552 -19.20115355857698 -38.116220778405015 3602.89428675036 462.41990435575747 -23739946.314928003 7757087.420650341 0.5057184298591813 -0.6961451907037985 -1.6961451907037985 0.3455569312384851 0.419195472363157
0.0086110341112 17312.833759347748 1538302320548.008 -197883153.91216204 12241805.160016466 33267144.115798976 0.20031767924516425 -0.4461229521762244 -1.2881512703844455 17312.833759347748 0.3338627987419404 527.9732410936832 0.045711528357494924 0.0 -1067.3031423342575 -2403.234310206 0.01874036086173634 -4001.662192460581 0.3338627987419404 7555936.203691506 -540.6716788169788 -0.01977578946110139 -0.010044616051116582 0.8213979994995214 1.820939305996022 0.5939970378350996 -19.106205461819574 -38.00053315628647 3498.991046799889 462.40665995837685 -22172992.241462935 6858345.395804994 0.487535200757581 -0.6665132469526505 -1.6665132469526505 0.3497688770001245 0.4230575442850891
0.00882372665375 17051.064327212764 1491445079895.9302 -187993187.27517357 12063628.689176936 32433046.359342337 0.20226898423429762 -0.4347260164655073 -1.2657155687889756 17051.064327212764 0.33711497372382937 528.6615373480524 0.07139940493485364 0.0 -1008.7435004969276 -2358.83530478129 0.019118956726401907 -3901.045657260032 0.33711497372382937 7440803.28748446 -541.3711600505721 -0.01991560564383791 -0.01009588119877048 0.8070063766746937 1.7862016952755204 0.5954940450460742 -19.009420968078764 -37.88246922282983 3397.5569664322898 462.3921774840977 -20680382.439953886 6009055.672617797 0.46989140295086435 -0.6376330552124316 -1.6376330552124316 0.35414986674430815 0.4270678127934764
0.00904167270209 16786.996736503093 1444902515967.6306 -178453377.24796608 11883781.72126303 31600231.541058835 0.20428502867571807 -0.4235413046327633 -1.243847386110908 16786.996736503093 0.34047504779286347 529.3741145832594 0.09662766168195547 0.0 -950.805812968614 -2315.3706147504813 0.019503150203798746 -3802.864258189327 0.34047504779286347 7324108.1314347675 -542.0949180134771 -0.02005991455430546 -0.01014867984634634 0.793253003853857 1.752279396568741 0.5971569171999781 -18.910777843349987 -37.76198888508215 3298.531329060932 462.37634275371903 -19259912.883432113 5207743.107795898 0.4527779560609935 -0.6094864481738784 -1.6094864481738784 0.3587067346126809 0.43123227140599163
0.00926500201783 16520.714591538206 1398708314366.4836 -169255748.5131232 11702316.088368919 30769230.526697464 0.20636828535783794 -0.4125608902526799 -1.2225327714620116 16520.714591538206 0.3439471422630632 530.111982717983 0.12141437080105155 0.0 -893.4442791984561 -2273.0898012964644 0.01989292355813942 -3707.0596283656264 0.3439471422630632 7205755.227429605 -542.8440783647511 -0.020208884023620952 -0.010203063931855185 0.7801333895774417 1.7191501097719961 0.5989895493523836 -18.81025429919004 -37.639051655716365 3201.8546016565915 462.359030938813 -17909399.89965777 4452943.576368511 0.43618624731437844 -0.5820555013268325 -1.5820555013268325 0.3634465122118591 0.4355571146810546
0.00949384756768 16252.3065544591 1352896255171.6362 -160392474.45459384 11519286.92781834 29940583.779589422 0.20852133111409082 -0.40177692167428736 -1.2017580942600323 16252.3065544591 0.34753555185681806 530.8762002424808 0.14577745759678584 0.0 -836.6087249521462 -2231.7818588614955 0.02028825295487129 -3613.574814996964 0.34753555185681806 7085650.479567833 -543.6196085877677 -0.02036268918212898 -0.010259087445611189 0.7676435876399712 1.686791957437776 0.6009960621067192 -18.70782904315101 -37.51361662668528 3107.4688230358815 462.34010554533614 -16626686.003664399 3743207.7680441476 0.4201080357831531 -0.5553227059987673 -1.5553227059987673 0.36837641745436167 0.44004873383647336
0.0097283456026 15981.866410631335 1307500142252.3723 -151855849.4562555 11334752.797416938 29114840.48709359 0.21074685240006297 -0.39118155959906126 -1.181509913775785 15981.866410631335 0.35124475400010496 531.6678766195046 0.16973484022431995 0.0 -780.2558333561749 -2191.5420865134233 0.02068910816905351 -3522.3542451794183 0.35124475400010496 6963702.941905971 -544.422645605483 -0.020521512838975412 -0.010316806523314622 0.7557802850184107 1.655183285996976 0.6031808927543577 -18.603481331047572 -37.38564251291586 3015.3172420868514 462.3194172907376 -15409634.95362764 3077097.905433137 0.4045355310183057 -0.5292708012760237 -1.5292708012760237 0.3735038611163699 0.444713725452642
0.00996863573898 15709.493125840629 1262553709211.976 -143638297.9649568 11148775.63664294 28292557.620531566 0.21304764794289818 -0.38076700211627446 -1.161775038692311 15709.493125840629 0.35507941323816367 532.4881749894375 0.1933043745458527 0.0 -724.3333760670538 -2152.170357436807 0.021095452289561372 -3433.3436924660778 0.35507941323816367 6839825.899578809 -545.2542840810875 -0.02068554581815425 -0.010376279543407127 0.7445407613850328 1.624302753625745 0.6055487565265879 -18.49719102226496 -37.25508758424917 2925.3444959692392 462.2968028741993 -14256134.592525825 2453189.6348028667 0.3894613481468691 -0.5038828508802018 -1.5038828508802018 0.37883643700904956 0.4495588876051272
0.0102148610417 15435.290892829735 1218090545462.687 -135732359.33687088 10961420.90258829 27474298.923405774 0.21542663512853263 -0.370525449207837 -1.1425404576893157 15435.290892829735 0.3590443918808877 533.3383149542377 0.216503934191572 0.0 -668.8037603827321 -2113.6345184595325 0.021507241418709737 -3346.490244264969 0.3590443918808877 6713938.543466029 -546.1157253481706 -0.020854987385314744 -0.010437567229230407 0.7339229388974873 1.5941292225736776 0.6081046985893853 -18.388938637591743 -37.121909729796116 2837.4964286465943 462.2720836213446 -13164094.760933274 1870070.5953959227 0.3748785470165996 -0.47914215382284353 -1.4791421538228435 0.38438192665661575 0.4545912278476143
0.0104671681095 15159.369166448083 1174143990569.6975 -128130677.47027966 10772757.473713744 26660633.82863965 0.2178868517396096 -0.36044907529347037 -1.1237932810071336 15159.369166448083 0.36314475289934933 534.2195754590236 0.23935147189221562 0.0 -613.6104913414171 -2076.299837790146 0.02192442436887557 -3261.7422699055746 0.36314475289934933 6585967.720786941 -547.0083805385775 -0.021030045599295617 -0.010500732756179076 0.723925419769052 1.5646416705442505 0.6108541335168596 -18.278705419707645 -36.986066351000254 2751.7199557179974 462.2450639940447 -12131446.040484628 1326339.6783904657 0.3607806668697026 -0.4550321690946697 -1.4550321690946697 0.39014829733076717 0.45981796425368626
0.0107257071618 14881.84268893441 1130747054568.784 -120826025.02243516 10582857.77517997 25852136.31253276 0.22043146240901293 -0.3505300980596148 -1.1055209029606448 14881.84268893441 0.3673857706816882 535.1332979263452 0.26186486772104356 0.0 -558.7031386637439 -2039.718460979737 0.02234694235612071 -3179.049389668641 0.3673857706816882 6455848.684065554 -547.9333925522255 -0.021210937774646447 -0.010565841863498395 0.7145473842397768 1.5358194308804043 0.613802743332352 -18.16647339738461 -36.84751442367694 2667.9635115400924 462.2155299513524 -11156146.249183843 820611.1961971819 0.3471616135580886 -0.43153672541079313 -1.4315367254107931 0.3961436881537099 0.4652465209789566
0.0109906321287 14602.83149893304 1087932319123.7747 -113811263.55062166 10391797.763177268 25049383.670285914 0.22306376245653628 -0.34076067014862393 -1.0877107669325514 14602.83149893304 0.37177293742756046 536.0808892141481 0.28406217049500904 0.0 -504.0367204906857 -2003.9845270167482 0.022774728692881524 -3098.3624441888473 0.37177293742756046 6323527.70816883 -548.8922108372722 -0.021397890912765012 -0.010632962972197721 0.7057887484897639 1.5076418379229735 0.6169566378244313 -18.0522254513015 -36.70621046118305 2586.176443812758 462.1832471435705 -10236173.08551735 351510.1171243824 0.3340158110622035 -0.40863971825621026 -1.4086397182562103 0.40237642727949197 0.47088454345906583
0.0112621007422 14322.460930343323 1045731838078.6932 -107079360.92521702 10199656.917286647 24252955.235335466 0.22578718166388426 -0.331132927573731 -1.0703504785547862 14322.460930343323 0.3763119694398071 537.0638252108703 0.305961490885021 0.0 -449.5601507345015 -1968.9895082676646 0.023207708479715195 -3019.63346489207 0.3763119694398071 6188963.129385482 -549.8862368275913 -0.02159114215041365 -0.010702167307673939 0.6976500932011875 1.4800883946855767 0.6203222829279114 -17.93594538437256 -36.56211047936558 2506.309338543844 462.14795892500865 -9369529.138636045 -82324.64436230436 0.32133812376138043 -0.3863252559418022 -1.3863252559418022 0.40885501942687463 0.47673989357980484
0.0115402746306 14040.86159352581 1004177039884.198 -100623369.57487126 10006518.24890786 23463431.02541834 0.22860528874583425 -0.32163892441560726 -1.0534276672136964 14040.86159352581 0.3810088145763904 538.0836540423857 0.32758114736269395 0.0 -395.2261106660881 -1934.9648062734893 0.023645798298330467 -2942.8156448321542 0.3810088145763904 6052127.5576224 -550.9171242715338 -0.02179093924486199 -0.010773529028787074 0.6901327597765733 1.4531385626284146 0.6239065980705147 -17.817617994045683 -36.41516998446133 2428.313690545082 462.1093841649452 -8554238.58180714 -482242.36911863834 0.3091239452001828 -0.3645774811254239 -1.3645774811254239 0.41558816101565277 0.48282066397467616
0.011825319414 13758.16934450431 963298620957.7393 -94436442.3520365 9812468.23827507 22681390.336803783 0.23152179375329837 -0.3122706796730179 -1.0369300937227042 13758.16934450431 0.3858696562554973 539.1419999361251 0.3489395625327931 0.0 -340.9696741996417 -1901.8792918482688 0.024088905906043553 -2867.863310548165 0.3858696562554973 5913008.877998032 -551.9864420380618 -0.021997541038756115 -0.010847125361988683 0.683238782154603 1.4267719218322237 0.6277168872342507 -17.69722914937082 -36.26534389804757 2352.1422124081505 462.0672148347617 -7788351.911454198 -849577.3828846999 0.2973691258991057 -0.34338070972732604 -1.343380709727326 0.4225847267905377 0.4891351719342969
0.0121174048035 13474.525234551851 923126456045.5651 -88511826.58466597 9617596.914332295 21907410.270825993 0.23454055441844515 -0.30302016129630166 -1.0208456242413297 13474.525234551851 0.39090092403074195 540.2405665775149 0.3700552997894122 0.0 -286.7461818444032 -1869.219081944512 0.02453692993522291 -2794.7318941904596 0.39090092403074195 5771611.798195826 -553.0956896681319 -0.022211218028526228 -0.010923036742342681 0.6769709122922873 1.4009681283517474 0.6317608641823339 -17.57476587017643 -36.11258661522592 2277.748791137554 462.0211133500853 -7069946.2426544 -1185648.896361163 0.28606998826154545 -0.3227193974665923 -1.3227193974665923 0.42985377738677955 0.49569196967301477
0.0124167047021 13190.075443698734 883689486712.9019 -82842833.17596972 9421997.743079375 21142064.20921957 0.23766557731970114 -0.29387917975806205 -1.005161995491547 13190.075443698734 0.39610929553283525 541.381141183132 0.3909473000412882 0.0 -232.50599200460385 -1837.4770566110287 0.024989759597350787 -2723.3779064971677 0.39610929553283525 5627960.422453333 -554.2468058540912 -0.022432252854373454 -0.01100134696052774 0.6713327778327636 1.3757065613930421 0.6360468110172139 -17.450216410296925 -35.95685189863623 2205.0879525417126 461.97070964114806 -6397120.060738856 -1491764.3284013234 0.2752234822999283 -0.3025778371228869 -1.3025778371228869 0.43740459310100865 0.5024998698383527
0.0127233973083 12904.971196464667 845015617801.1188 -77422863.71822487 9225767.566749346 20385920.24020407 0.24090102003205124 -0.284839473050383 -0.9898670068261122 12904.971196464667 0.40150170005341873 542.5655983949832 0.4116346932273065 0.0 -178.18294235778464 -1806.5581884444987 0.02544727439536394 -2653.758910331401 0.40150170005341873 5482098.547575007 -555.4416189413946 -0.022660940835893404 -0.011082143316145671 0.6663287597719599 1.3509666102213622 0.640583453606572 -17.323570344658066 -35.798092819170165 2134.1153842091767 461.9155979177146 -5768000.555135529 -1769214.4677786343 0.2648270597185412 -0.28294040627904415 -1.2829404062790442 0.44524665506838357 0.5095679358543884
0.0130376652218 12619.368658829793 807131621663.023 -72245398.94791518 9029006.601330064 19639539.539920803 0.24425119464758677 -0.2758926659191669 -0.9749484348538326 12619.368658829793 0.4070853244126446 543.7959043343732 0.432136889558812 0.0 -123.72518201431329 -1776.207838186153 0.025909343845107277 -2585.833494920659 0.40708532441264467 5334091.192839418 -556.6819874645712 -0.0228975905621746 -0.011165516777474911 0.6619640555113185 1.3267275441432007 0.6453800239083365 -17.194818660310467 -35.636261753805535 2064.7877692098937 461.8553331091301 -5180742.756303719 -2019274.010457646 0.25487873109867387 -0.2637914573186888 -1.2637914573186888 0.453389667950042 0.5169055014108022
0.0133596955528 12333.428813625265 770063034333.441 -67303986.41337653 8831818.334803812 18903474.709734477 0.24772056824535618 -0.267030218439356 -0.9603939198583558 12333.428813625265 0.41286761374226033 545.0741205444583 0.4524736938839047 0.0 -69.07373963792394 -1746.6270080784907 0.026375827210056983 -2519.5612504606515 0.4128676137433322 5184026.130395842 -557.9699863243541 -0.023142524451266102 -0.011251562148348795 0.6582447574575419 1.3029683418734468 0.6504463377839316 -17.063953850643877 -35.471310301953345 1997.0625744382505 461.78942692999516 -4633528.43536847 -2243202.1892723907 0.24537714371528152 -0.24511517096813962 -1.2451151709681396 0.4618435910712845 0.5245221944225595
0.0136896800329 12047.317317298817 733834056767.6841 -62592249.2703694 8634309.445884185 18178268.085610148 0.25131376308988584 -0.2582434516406868 -0.9461910230383941 12047.317317298817 0.41885627181647644 546.4024083207373 0.47266524877808225 0.0 -14.167650377731885 -1717.645310586752 0.026846573250164207 -2454.902743535537 0.41885627222988436 5032014.329897853 -559.3076835145025 -0.0233960793332349 -0.011340378241134024 0.6551778190797399 1.2796677772854326 0.6557927588719022 -16.930970014596287 -35.30318921900162 1930.898249240036 461.7173435387107 -4124569.5917177266 -2442240.425111141 0.23632154726326354 -0.22689563011686031 -1.2268956301168603 0.47061864589842817 0.5324279449550496
0.0140278151297 11761.204333356322 698467459652.3751 -58103873.67336778 8436589.719889212 17464450.01617662 0.2550355561828708 -0.24952349037422522 -0.9323270988803091 11761.204333356322 0.42505926030478475 547.7830328164378 0.4927321614244756 0.0 41.05109627970612 -1689.3090064880203 0.027321419989538395 -2391.8194928931543 0.42505928230494294 4878191.11674716 -560.6973419370293 -0.023658607052953026 -0.011432068056962931 0.6527711427567756 1.2568042282188687 0.6614302852176936 -16.795862959227513 -35.13184835553517 1866.2539993116604 461.63849475158776 -3652107.3726621727 -2617612.953708752 0.22771188245199084 -0.20911665522128509 -1.209116655221285 0.47972536188692905 0.5406330195526792
0.0143743021634 11475.264345294378 663984486469.0051 -53832612.3745416 8238771.900417983 16762537.12613815 0.2588908756145597 -0.24086126686603737 -0.9187892976498011 11475.264345294378 0.4314847926909329 549.2183671670775 0.5126954950411318 0.0 96.6494332500785 -1661.6442517226997 0.02780019450509157 -2330.273945932422 0.43148517262957137 4722716.411069931 -562.1413077710129 -0.02393047504119304 -0.011526738972104912 0.6510335783483147 1.2343556822443906 0.6673705455896957 -16.658630307413056 -34.95723653640952 1803.0898746978187 461.5522347537776 -3214414.41626123 -2770525.1813342916 0.21954878565738173 -0.19176180742048476 -1.1917618074204848 0.4891746013637318 0.5491480400739425
0.0147293474269 11189.675945705769 630404767854.5645 -49772284.48302165 8040971.606894121 16073030.566360023 0.26288479787941754 -0.2322475105621602 -0.905564538848382 11189.675945705769 0.43814132979902926 550.7108965743863 0.5325767909506474 0.0 152.69052061042586 -1634.5210609132578 0.02828271274101137 -2270.2294556009247 0.4381445728030168 4565774.812976583 -563.6419649391571 -0.024212066939154238 -0.011624502931154282 0.6499749425131056 1.2122996983395635 0.6736258165071836 -16.51927160958772 -34.77930150871253 1741.36679217048 461.4578542615775 -2809796.4590533506 -2902162.5612219004 0.21183361271407636 -0.1748143542347329 -1.174814354234733 0.49897759786282525 0.5579840129461218
0.0150931623083 10904.621602281815 597746233850.4475 -45916766.60550001 7843307.169124104 15396414.26275906 0.2670225408517663 -0.22367269655391664 -0.8926393861965056 10904.621602281815 0.4450375680862772 552.2632222199802 0.5523981818897716 0.0 209.24052756404458 -1608.0014616198423 0.028768779351711998 -2211.6502579124012 0.44505482046648254 4407575.8901594095 -565.2018913525303 -0.02450378317176173 -0.01172547664641805 0.6496060982146605 1.1906132232659992 0.6802090999802914 -16.377788460297108 -34.59798981129618 1681.0463563711673 461.3545740767468 -2436591.9972578348 -3013690.685660149 0.20456853012838336 -0.15825710816001348 -1.1582571081600135 0.5091460206199783 0.5671523752073728
0.0154659634173 10620.287399561452 566025034390.9036 -42259998.082570724 7645899.480107034 14733153.171764387 0.27130945544071466 -0.2151270552366922 -0.8800000567344488 10620.287399561452 0.45218242573452444 553.8780649446481 0.5721823690000756 0.0 266.3682678085874 -1581.991935369517 0.029258187580211727 -2154.5014498259757 0.4522481681813664 4248353.443253252 -566.8237103962581 -0.02480604153071607 -0.011829781803389052 0.6499389443268473 1.1692726098568318 0.6871341103757374 -16.23418461941046 -34.41324666551464 1622.0909860952322 461.2415379688399 -2093174.993208717 -3106253.406762489 0.1977565185923229 -0.1420724381811369 -1.142072438181137 0.5196920171016715 0.5766650258591492
0.0158479727137 10336.862756713055 535255464749.0608 -38795973.34916256 7448871.826252705 14083691.553919828 0.27575101402833496 -0.2066005201865809 -0.8676322878640093 10336.862756713055 0.4595850233805583 555.5582687271425 0.591952735516549 0.0 324.14094817707377 -1556.506950073241 0.029750719173771763 -2098.7489677904728 0.4597811944682698 4088365.1300869402 -568.5102357842379 -0.025119277729927943 -0.01193754527160418 0.6509864953943829 1.1482534240024946 0.6944153523081634 -16.088466138509673 -34.225015844255154 1564.46374785049 461.11780481308824 -1777954.7694071406 -3180972.774730989 0.19140147201382463 -0.12624209800393515 -1.1262420980039352 0.5306282980823477 0.5865343866043138
0.0162394176398 10054.540120539143 505449895933.5294 -35518744.6673909 7252349.681959483 13448451.274795264 0.2803527946359697 -0.1980827231048485 -0.8555213026566555 10054.540120539143 0.4672546577266162 557.3068035801929 0.6117333550699606 0.0 382.6335159799213 -1531.5760547565092 0.0302461443454296 -2044.3595666555718 0.46774138987624986 3927891.233658875 -570.2643902988916 -0.025443945913182543 -0.012048899320432918 0.6527628913900321 1.1275304014094445 0.702068127952231 -15.940641492395983 -34.03323950488599 1508.1284158615663 460.98233990596424 -1489378.0660805602 -3238947.546162908 0.18550823366341593 -0.11074718089449553 -1.1107471808944955 0.5419682056992652 0.5967734505484307
0.0166405312555 9773.514633864295 476618715752.1218 -32422423.64234072 7056460.532298386 12827830.14485666 0.2851204627417105 -0.18956298498780333 -0.8436517632939489 9773.514633864295 0.47520077123618415 559.1267680305996 0.6315490079422352 0.0 441.91876310966154 -1507.0663687753095 0.03074422178532691 -1991.3007991416728 0.4762481313691424 3767233.114818012 -572.0891432057977 -0.025780519151495408 -0.012163981838850436 0.6552834124136262 1.1070773878621951 0.7101085494494913 -15.79072171609099 -33.83785805383509 1453.0495139897102 460.83400537926906 -1225930.83006739 -3281251.8854294093 0.18008264117744197 -0.09556805915137012 -1.0955680591513701 0.5537257936170035 0.6073958404687295
0.0170515523775 9493.983778025828 448770275133.55115 -29501174.25646493 6861333.649837377 12222200.30684703 0.29005974726834594 -0.18103025753843602 -0.8320076052977776 9493.983778025828 0.48343291211390993 561.0213906591669 0.6514253068161322 0.0 502.06991086407584 -1483.014936032782 0.031244698729960024 -1939.5409956693102 0.4854479877895938 3606711.8395928876 -573.9876686463776 -0.026129489861890485 -0.012282936558658234 0.6585645648112514 1.0868671039086968 0.7185536237552848 -15.638720546888907 -33.63880996395622 1399.192136986889 460.67154960889064 -986138.0835714042 -3308935.2902566055 0.1751316526973414 -0.08068416969233905 -1.080684169692339 0.5659159536169431 0.6184158997466676
0.0174727257212 9216.146991340667 421910842092.47064 -26749216.786190294 6667099.848438486 11631906.686292294 0.2951764102856502 -0.17247312182520194 -0.8205719896643751 9216.146991340667 0.49196068380941704 562.9940311114049 0.671388694145042 0.0 563.1656498365245 -1459.3998437556847 0.03174731109553705 -1889.049244747034 0.49550641722448896 3446665.863707101 -575.963245395398 -0.026491370135825375 -0.01240591327914622 0.6626240814223753 1.0668710898934235 0.7274212511848146 -15.484654572615776 -33.43603155816206 1346.522030909798 460.493595524778 -768566.0384525298 -3323021.0390016874 0.1706633976129582 -0.06607395151804751 -1.0660739515180475 0.5785545171581465 0.6298487665352879
0.0179043020465 8940.205262435264 396044567156.4161 -24160827.43277643 6473891.249028252 11057265.513904378 0.3004762116829941 -0.16387976350749522 -0.8093271954729436 8940.205262435264 0.5007936861383235 565.0481794475811 0.6914664906653799 0.0 625.283147635438 -1436.1634151069634 0.03225178368449629 -1839.7953737526955 0.5065985465453765 3287448.607347304 -578.019260373281 -0.026866692000814662 -0.012533068092107665 0.6674809543136645 1.047059564496641 0.7367302573057023 -15.328543385625967 -33.229456812467916 1295.0055701918823 460.2986277068841 -571823.2383023615 -3324505.2837168085 0.16668726817534088 -0.051714706279170075 -1.05171470627917 0.5916583894140168 0.6417104730282555
0.0183465383071 8666.360699019326 371173456032.8002 -21730336.79941409 6281841.00454025 10498562.93233227 0.30596486477980267 -0.15523793784546092 -0.7982544763673985 8666.360699019326 0.5099414412996711 567.1874544280506 0.7116869649322725 0.0 688.5028978030787 -1413.3197637790593 0.03275783047324557 -1791.749930168523 0.518901167829296 3129425.81046507 -580.1592561039279 -0.027256007532449746 -0.012664563605176968 0.6731554794437619 1.0274012341178744 0.7465004376668902 -15.170409742859704 -33.01901710172108 1244.6096911663162 460.08497814219015 -394561.31766998937 -3314356.3661878393 0.16321403814409077 -0.037582412013254185 -1.0375824120132542 0.605245709549783 0.6540180649627205
0.0187996978032 8394.81607322296 347297353850.45874 -19452133.45230923 6091083.028526366 9956053.700403724 0.31164798404589394 -0.14653496785217546 -0.7873339789987512 8394.81607322296 0.5194133067431566 569.415599769951 0.7320793277444053 0.0 752.9061611675668 -1390.7971785152765 0.03326515499119521 -1744.8841632778044 0.5325870652072563 2972972.264335315 -582.3868404678099 -0.027659888834590616 -0.012800569160810104 0.6796692494974139 1.0078631995837415 0.7567525511446929 -15.010279732533348 -32.804640948698655 1195.301963758693 459.8508105161342 -235476.76470296984 -3293513.4863607483 0.1602559427542574 -0.02365161657308268 -1.0236516165730827 0.6193360041215928 0.6667897200371712
0.019264050339 8125.77434248265 324413939283.7788 -17320661.217172824 5901751.704650784 9429960.003249371 0.3175310223416403 -0.1377576989552804 -0.7765445492956458 8125.77434248265 0.5292183705694006 571.7364783522899 0.7526738212737549 0.0 818.5734131588991 -1368.5844290325047 0.03377345080208157 -1699.1700061796769 0.5478219464300652 2818468.6595504815 -584.7057784665265 -0.028078927832203976 -0.012941261048856172 0.6870452063549463 0.9884107004203353 0.7675083747511442 -14.848182946694838 -32.58625374284001 1147.0504814559904 459.5941028949224 -93311.20935219516 -3262886.320682855 0.1578268357855457 -0.009895186121684718 -1.0098951861216847 0.6339504026984615 0.6800449152146906
0.0197398723824 7859.438149506337 302518728604.822 -15330422.287270933 5713981.5689203665 8920470.385330768 0.32361919523708627 -0.1288924935433981 -0.7658636082254568 7859.438149506337 0.5393653253951438 574.1540638300208 0.773501717169687 0.0 885.5884520109219 -1346.6681059150997 0.034282402097299776 -1654.5800583991215 0.5647635770500974 2666297.8403637824 -587.1199273533271 -0.028513735817650737 -0.01308682270795065 0.6953076297877274 0.969006970539804 0.7787906956149255 -14.68415266141748 -32.36377741289716 1099.8239084586917 459.31262864226693 33147.19326381371 -3223353.9119624547 0.15594230439258366 0.00371585710528477 -0.9962841428947152 0.649111844677951 0.6938045939658505
0.0202274472302 7596.009299599209 281605092498.62866 -13475978.853083849 5527907.0008792095 8427738.812106166 0.3299173932442619 -0.11992521796350096 -0.7552669928733531 7596.009299599209 0.5498623220737698 576.6724285050121 0.7945953292004169 0.0 954.0333020768142 -1324.9814579107774 0.034791684416485606 -1611.0875687496211 0.5835624988266962 2516840.9174685422 -589.6332101358391 -0.028964942758637154 -0.013237444912963112 0.7044821315613224 0.949613048618773 0.7906233102843313 -14.518226023222837 -32.13713011032534 1053.5914887241072 459.0039354095075 145062.80898569163 -3175763.850217462 0.15461980948755252 0.017212542085109916 -0.9827874579148901 0.6648453243104692 0.708091370673622
0.0207270651768 7335.688218203464 261664282657.78888 -11751952.979749426 5343661.886206586 7951883.874456333 0.33643007681893633 -0.11084121541468911 -0.7447287406532889 7335.688218203464 0.5607167946982272 579.2957280637642 0.8159880540449383 0.0 1023.9894398786466 -1303.5100232667132 0.03530096550700047 -1568.6664186685177 0.6043636385095653 2370473.3431452466 -592.2496538269957 -0.02943319625085989 -0.013393325942806938 0.7145956627175178 0.9301875127471908 0.8030310397034568 -14.350444242862313 -31.906225833035386 1008.3229906745573 458.66532202864676 243552.12895121 -3120931.798018681 0.15387886801929065 0.030628230089421615 -0.9693717699105784 0.6811781874217528 0.7229297842705623
0.0212390236866 7078.673390035101 242685470452.83783 -10153029.764588043 5161379.272807247 7492988.145902503 0.3431611537984511 -0.10162530855737607 -0.734220913532615 7078.673390035101 0.5719352563307518 582.0281809373497 0.8377143427981368 0.0 1095.53822843558 -1282.2235262798329 0.03580990633751976 -1527.2911059941912 0.6273080156703177 2227560.649752038 -594.9733266190572 -0.02991916009044802 -0.013554671722762292 0.7256764688400493 0.9106862848553388 0.8160396944525228 -14.18085279663268 -31.670974034946504 963.9887534100803 458.29381312060394 329682.82128246874 -3059640.6584353875 0.15374121250929743 0.043998844634867584 -0.9560011553651324 0.6981404397708593 0.7383465779490894
0.0217636275717 6825.160780517164 224655796835.8077 -8673959.163644888 4981191.017388716 7051097.70040361 0.3501138359963356 -0.09226179595215775 -0.7237133776660328 6825.160780517164 0.5835230599938928 584.8740424070464 0.8598096823278599 0.0 1168.7584211666988 -1261.0678890936952 0.03631816228316145 -1486.93672905487 0.6525338706000545 2088454.2103038165 -597.8083175179547 -0.030423512379876685 -0.013721695935014268 0.7377540442481753 0.8910623798344186 0.8296760422929023 -14.009501634763858 -31.431279203521232 920.5596907404365 457.8861312346993 404473.24199353135 -2992640.0376696885 0.15423098425428253 0.05736315949364579 -0.9426368405063542 0.7157651096895308 0.7543710418918698
0.0223011891727 6575.343242736392 207560433729.96738 -7309558.049480811 4803227.425260224 6626221.801860368 0.35729047234896877 -0.08273445563762208 -0.7131735641561509 6575.343242736392 0.5954841205816146 587.8375719298376 0.8823105564254637 0.0 1243.7250499471095 -1240.0084826182963 0.036825384497533045 -1447.5789712604073 0.6801764126408283 1953486.9836320267 -600.7587105020563 -0.030946943085185457 -0.013894620088501208 0.7508590638875997 0.8712656393736881 0.8439677572224173 -13.836445397880484 -31.187040412921665 878.0073011712727 457.43866632930514 468892.0733111659 -2920645.7903456483 0.15537494330598509 0.07076311166938609 -0.9292368883306139 0.7340886582793 0.7710354233372999
0.0228520285453 6329.409910489578 191382656117.02353 -6054712.436682869 4627616.873397278 6218332.7702716 0.364692354713845 -0.07302655704149155 -0.7025662078164181 6329.409910489578 0.6078205911897416 590.9229922037789 0.9052543833733235 0.0 1320.5098670366458 -1219.016585424563 0.03733122149285429 -1409.1940859824258 0.7103652428381901 1822969.3250252253 -603.8285553271814 -0.0314901509334487 -0.014073673539573815 0.7650232889979562 0.8512424479947136 0.8589433468546717 -13.661743640602012 -30.938150836338608 836.3036814915831 456.9474423897429 523858.11805260554 -2844339.660681147 0.15720269780821453 0.08424414347155063 -0.9157558565284494 0.7531514409942194 0.7883754186227061
0.0234164736504 6087.545581364833 176103925338.37015 -4904381.378263097 4454485.437777273 5827366.03389335 0.37231949382912033 -0.06312090251931207 -0.6918531075675384 6087.545581364833 0.6205324897152006 594.1344393747823 0.9286793821476623 0.0 1399.178510923812 -1198.0264804162655 0.03783532094692463 -1371.7588819114264 0.7432181368649683 1697184.841217892 -607.021770666929 -0.032053839553519974 -0.014259093451330153 0.7802794131991895 0.8309354981129075 0.8746320253002201 -13.485461063401495 -30.684497241231547 795.421608485729 456.4080810128519 570239.9188483384 -2764368.813526923 0.1597469234839889 0.09785551748966637 -0.9021444825103336 0.7729981931480036 0.8064307434639374
0.0239948605495 5849.930090904258 161703982840.7876 -3853598.4296954647 4283956.512492865 5453220.370070891 0.3801703615825714 -0.05299985377693486 -0.6809928033303314 5849.930090904258 0.6336172693042856 597.475901257432 0.9526244659739542 0.0 1479.7876736217465 -1176.9963009419546 0.03833733175929538 -1335.2507087572778 0.7788297233974497 1576386.6374616749 -610.3421362590185 -0.03263871272993619 -0.014451124679784802 0.7966609120933181 0.8102834485607352 0.8910635962446531 -13.307667751635227 -30.425959463587454 755.3345319618467 455.8157617657576 608856.0905286102 -2681345.8318945626 0.1630436427890325 0.11165074015167575 -0.8883492598483242 0.7936786013683659 0.8252458495237326
0.0245875336051 5616.737681538851 148160953150.9564 -2897475.2781462334 4116150.416641563 5095758.340165703 0.3882415938263816 -0.042645398654030574 -0.6699402841591519 5616.737681538851 0.6470693230439694 600.9511431136443 0.9771290388848176 0.0 1562.3860153416947 -1155.8885569969568 0.03883690638088997 -1299.647443330176 0.81725275314039 1460793.7764151387 -613.7931995239819 -0.033245468585234264 -0.014650019571343613 0.8142018116152949 0.789220651890738 0.9082682618442874 -13.12843942221202 -30.162409832755596 716.0166536389497 455.1651791783412 640475.3993435598 -2595848.542622648 0.16713248857132557 0.1256879460501914 -0.8743120539498086 0.8152478722715929 0.8448707501043379
0.0251948456851 5388.136369361233 135451456992.00754 -2031205.5721061863 3951184.0151395323 4754806.920913487 0.39652765282203917 -0.03203924374676744 -0.65864669398843 5388.136369361233 0.6608794213700653 604.5636175652512 1.0022327273816352 0.0 1647.0090812985109 -1134.6325923684767 0.039333703440517356 -1264.9274760673775 0.8584694608607093 1350588.1535177026 -617.3781565394981 -0.03387479258568924 -0.014856037654230297 0.8329363939427239 0.7676769005259567 0.9262763776308436 -12.947857677707685 -29.893712612556445 677.4430321404359 454.4504962420555 665816.9750357636 -2508419.942823531 0.17205697257265862 0.14003028642598336 -0.8599697135740166 0.8377672898069387 0.8653619877899976
0.0258171583736 5164.287310883802 123550732315.08377 -1250067.3390173726 3789170.328114206 4430158.3312613275 0.40502044220386135 -0.021162911890692988 -0.6470589778368901 5164.287310883802 0.6750340703397689 608.3163564266212 1.0279750925028788 0.0 1733.67697438198 -1113.1790414882948 0.039827390696414645 -1231.0696978630442 0.9023506877482284 1245912.0089328382 -621.099784499214 -0.03452734912647229 -0.015069445204986176 0.8528988675296711 0.7455771099754123 0.945118181797313 -12.766010266654412 -29.619723408343297 639.5896367721734 453.6652943468561 685551.034163513 -2419568.455599356 0.17786479718990222 0.15474639570462645 -0.8452536042953736 0.8613047461893334 0.8867837815952254
0.0264548421854 4945.344174685391 112432763250.76805 -549427.1214771084 3630218.1495846063 4121571.0558756865 0.4137088718656083 -0.009997894868763365 -0.6351195765463012 4945.344174685391 0.6895147864426805 612.2118419092556 1.0543952098963794 0.0 1822.3917803537552 -1091.4661591514002 0.04031764833915351 -1198.053487371676 0.9486013823885245 1146865.9824631978 -624.960282643165 -0.035203771511946945 -0.015290514666105776 0.874122923725381 0.7228411026718918 0.9648234221938715 -12.582991350497982 -29.34028858022615 602.4334933087373 452.8025196583324 700299.4221026892 -2329768.0753810117 0.18460813728270054 0.16991079678326704 -0.830089203216733 0.8859350719885616 0.9092092827369636
0.0271082767874 4731.452519855806 102070415757.45099 75256.78390658274 3474431.666121428 3828771.0598964733 0.42257836867153786 0.001474169832746887 -0.6227660946998778 4731.452519855806 0.7042972811192298 616.2518526839456 1.081531186419352 0.0 1913.1324503388466 -1069.4248591796722 0.04080417267638813 -1165.858698606741 0.996695675556139 1053507.9673780398 -628.961132734627 -0.03590465009509902 -0.01551952389057799 0.896641221478043 0.6993833816767403 0.9854209247599861 -12.398901774953329 -29.055244665238654 565.9528105373527 451.85442602815505 710636.534589636 -2239458.765921409 0.1923439403588132 0.1856043423523085 -0.8143956576476915 0.9117400635981063 0.9327219305174788
0.027777851224 4522.74918664371 92435578970.67918 628430.6170722581 3321910.085774944 3551453.192508537 0.43161032946379985 0.013271270582937878 -0.6099309979102119 4522.74918664371 0.7193505491063331 620.4372826809407 1.1094195511961213 0.0 2005.8512531740819 -1046.992856008228 0.041286680228318155 -1134.4656490034154 1.0458138758178692 965852.7719526953 -633.1029138603074 -0.036630518310084854 -0.015756755182623105 0.9204847548637277 0.6751129804965401 1.006938059785275 -12.213849345820291 -28.764417821492025 530.1271529646001 450.81251465620784 717090.3214070965 -2149046.9177136915 0.20113420575739463 0.20191461988566606 -0.7980853801143339 0.9388079175500712 0.957416751530947
0.0284639641493 4319.361701702622 83499311228.60371 1114441.3599712588 3172747.274188361 3289282.7704142714 0.4407815148047558 0.025410737790511537 -0.5965413453614644 4319.361701702622 0.7346358580079264 624.7679269728634 1.1380945126464619 0.0 2100.4682822982454 -1024.0919129371846 0.04176491226513134 -1103.8551078022217 1.09481147031748 883872.6775338562 -637.3850810910955 -0.03738183633719073 -0.016002494103388748 0.9456820935295955 0.6499333987062214 1.029400098150697 -12.027949106313681 -28.467623321393916 494.9376500325202 449.66747089939923 720143.4413551011 -2058905.912364512 0.21104623552166904 0.21893631275258285 -0.7810636872474171 0.9672317007260575 0.9834013492964214
0.0291670240637 4121.407703367258 75231989566.12239 1537533.1272759512 3027031.403761144 3041897.334388241 0.45006338245146654 0.03790890088303636 -0.5825185646324622 4121.407703367258 0.750105637419111 629.2422311857692 1.1675870727866486 0.0 2196.865056899104 -1000.643471142816 0.04223863981661864 -1074.00828488016 1.142276473618257 807498.9537488405 -641.8057177983941 -0.03815897209615847 -0.016257028003569925 0.9722584853668446 0.6237426344756563 1.0528294492565973 -11.841323614915327 -28.164665115529708 460.3672321972957 448.40909881270994 720234.6203111643 -1969376.8272767768 0.2221528479477336 0.23677150841647698 -0.763228491583523 0.9971063486841099 1.0107961261379317
0.0298874495581 3928.9943895308643 67603461380.17282 1901843.6447473206 2884844.614255151 2808908.566165351 0.4594213621276103 0.05078067512563256 -0.5677782954654245 3928.9943895308643 0.7657022702126839 633.8569991576676 1.1979239747472594 0.0 2294.878793763014 -976.5710608720738 0.04270766918429064 -1044.9068198857162 1.1867564966061592 736624.3369365132 -646.3612525929323 -0.03896217926706284 -0.01652064424441313 1.000234800695695 0.5964333531272419 1.0772447622156733 -11.654103219525352 -27.855335495441544 426.4009027882255 447.02625430385876 717760.1792136698 -1880769.2585386606 0.2345325304830112 0.2555299192930076 -0.7444700807069924 1.0285235551468206 1.0397329493483132
0.0306256695622 3742.217994175415 60583197097.2254 2211400.271402633 2746262.691512593 2589904.3554086634 0.46881407614074505 0.0640390522564402 -0.5522303670460514 3742.217994175415 0.7813567935679084 638.6070544122992 1.2291264265218569 0.0 2394.2946855329474 -951.7837104232513 0.04317184798392761 -1016.5327718418922 1.227224834247008 671106.4271596865 -651.0460997425951 -0.03979157202426823 -0.016793628060698024 1.0296262750583238 0.5678932860464412 1.1026598497774516 -11.466426326042532 -27.539414897299444 393.02608699659663 445.50677809284156 713075.6024460429 -1793362.178797157 0.24826948149041542 0.27532893288390414 -0.7246710671160959 1.0615638945417176 1.070350992077076
0.0313821236004 3561.1632950177122 54140442599.20791 2470116.740107164 2611354.7650949163 2384451.0000272146 0.4781925156674367 0.07769451144348231 -0.5357788866699454 3561.1632950177122 0.7969875261123945 643.4848493685474 1.261208639442449 0.0 2494.8373620251045 -926.192452436404 0.04363107174364721 -988.868609067391 1.2637222048922128 610772.0003422828 -655.8522862049848 -0.040647096213234556 -0.017076260020327035 1.060441071345271 0.5380058213007869 1.1290824585316526 -11.278439655237282 -27.216671905317135 360.2329947677234 443.83743009920295 706497.3787677272 -1707404.98304042 0.2634535452328764 0.29629351945570015 -0.7037064805442999 1.0962860011719764 1.1027880479417302
0.0321572620533 3385.9031579687517 48244369859.63081 2681789.5563205164 2480183.0230502393 2192095.5253760354 0.4874991846144685 0.09175431197941789 -0.518322543178284 3385.9031579687517 0.8124986410241142 648.4800185350799 1.2941760978458303 0.0 2596.162984842356 -899.7049096090157 0.04408529107950029 -961.8971995088541 1.2977329404923483 555422.1067110664 -660.7689974509144 -0.04152849665322512 -0.017368813028029374 1.092678601015994 0.5066509344260545 1.1565128274190166 -11.090298483761135 -26.88686348493346 328.0150655428731 442.00382737709845 698304.8832363221 -1623118.5653203344 0.28017995999187967 0.3185558636257577 -0.6814441363742423 1.1327136045349073 1.1371651946430632
0.032951546426 3216.498121733345 42864224862.40141 2850094.6349922437 2352802.456034785 2012368.1033611367 0.49666723516245714 0.10622166852445769 -0.49975515907521567 3216.498121733345 0.8277787252707619 653.5788707819031 1.3280235661955464 0.0 2697.8489261313507 -872.2206465908918 0.04453451946144597 -935.6018014384334 1.3313942278574786 504837.8679375289 -665.7820666739493 -0.042435280416498924 -0.017671548821821835 1.1263276050056037 0.473706496855903 1.1849420375053097 -10.902166861622202 -26.549735556876197 296.36947032136027 439.99038832112683 688742.3921596307 -1540696.4935547528 0.29854887973484184 0.34225467547873867 -0.6577453245212613 1.170823480331416 1.1735633782035815
0.0337654496228 3052.9960273784795 37969471153.61055 2978584.262435777 2229260.6208417285 1844784.5528412673 0.5056196212834719 0.1210948017418189 -0.4799665461788793 3052.9960273784795 0.8426993688057866 658.7638176929896 1.362732822626907 0.0 2799.3845263079816 -843.6434755878417 0.044978841576583196 -909.966054535863 1.3657926284299835 458786.8770582907 -670.8734150160951 -0.04336667588811476 -0.017984713907970046 1.1613639836531664 0.4390500296663903 1.2143501445723888 -10.714217798556088 -26.205023952313475 265.2976634720813 437.7802865879589 678021.2483559916 -1460306.283938297 0.31866461484737985 0.3675341097754363 -0.6324658902245637 1.2105402575576258 1.211993491304017
0.0345994562284 2895.431696674271 33529928125.23801 3070683.909289224 2109597.43572644 1688848.900344749 0.5142683133574056 0.13636583660603374 -0.4588437902938593 2895.431696674271 0.8571138555956761 664.0127359697613 1.3982700653018167 0.0 2900.160827593795 -813.8700128315962 0.045418422282061034 -884.9739713510595 1.4010199581208778 417030.0915346247 -676.0203995403521 -0.044321587671683364 -0.01830853488292252 1.1977483393628598 0.4025610669088969 1.2447040593171312 -10.52663340911071 -25.85245588858202 234.80602769928947 435.35541899907025 666322.0428564717 -1382090.6934901362 0.34063448376718375 0.3945421302761033 -0.6054578697238967 1.251745253196842 1.2523686208054579
0.0354540627973 2743.8266630099697 29515902614.86552 3129689.634494707 1993845.0033137668 1544055.9792612225 0.5225136239113868 0.15201956777461634 -0.4362729959251292 2743.8266630099697 0.8708560398523113 669.2982657298808 1.434583043927182 0.0 2999.4603897028646 -782.7979328064007 0.04585351612696739 -860.609929096446 1.4370267990637455 379329.2369784681 -681.1951269649503 -0.0452985474798779 -0.018643213094811536 1.235423267348375 0.36412414727025694 1.2759552116017228 -10.3396050044346 -25.491752049033977 204.9065541805296 432.696392639293 653796.9641848805 -1306169.1212086822 0.36456722749606363 0.4234282778385404 -0.5765717221614596 1.2943014005594815 1.2944975272633732
0.0363297781484 2598.1889592688867 25898312886.70298 3158765.4774511307 1882027.4674153402 1409894.04556972 0.5302437125404873 0.1680320670572827 -0.4121416473400936 2598.1889592688867 0.8837395209008122 674.5870489529407 1.4715978735607185 0.0 3096.448335180643 -750.3285898688333 0.04628447739954296 -836.8586618627976 1.4737420093966453 345454.7974313955 -686.363687581821 -0.046295661472188054 -0.01898891860331071 1.2743103704582828 0.32363263070986986 1.308036973873595 -10.15333311754905 -25.122629420297603 175.61760370127428 429.7825374128609 640572.1614505517 -1232639.0185760274 0.39057084955747057 0.45434063890361687 -0.5456593610963831 1.338081903583336 1.338120667393618
0.0372271236686 2458.5129654316074 22648803888.685913 3160941.264624617 1774160.899454711 1285847.3862286604 0.5373343511019595 0.18436915405813828 -0.38634165928111414 2458.5129654316074 0.8955572518365992 679.8389168649314 1.509215592555485 0.0 3190.1642877746 -716.365090676946 0.046711770634673334 -813.7052531394858 1.5110700150838279 315194.9188991274 -691.4853520893693 -0.04731055478525937 -0.01934578341211974 1.3143070471832412 0.2809934049761384 1.34086189098084 -9.968027444874023 -24.744805020745304 146.96470607086178 426.5919514363011 626750.1988291338 -1161577.354190429 0.41874979534664203 0.48742191767202436 -0.5125780823279756 1.3829792364116797 1.3829829640535134
0.0381466336233 2324.77931976171 19739852970.329666 3139110.588200259 1670253.22465759 1171398.8974273263 0.543649048627493 0.20098473255531274 -0.3587732589548501 2324.77931976171 0.9060817477124883 685.0060443908502 1.547308488757638 0.0 3279.51640920522 -680.8161627259694 0.04713598148394699 -791.1351287042345 1.5488871823576693 288365.8591227486 -696.5117229316984 -0.04834031445615424 -0.019713893964234792 1.35528308228423 0.2361326391947792 1.3743187414925067 -9.783906685851086 -24.358000698217005 118.98140647075314 423.1015878119068 612412.5289796998 -1093042.0836412904 0.44920133457174155 0.5228044266771166 -0.4771955733228834 1.428886174911387 1.428886286842082
0.0390888554738 2196.9548962576478 17144865238.472763 3096029.2796234507 1570304.1816643258 1066032.609090895 0.5490396496029963 0.21781903667072547 -0.3293497697731972 2196.9548962576478 0.9150660826716606 690.0320941443964 1.5857163128984633 0.0 3363.278745465252 -643.6024441475291 0.047557827813037044 -769.1340498723616 1.5870380528634533 264825.19228951074 -701.3858942759834 -0.04938143243197119 -0.02009328291797415 1.3970771384667702 0.18900262710257565 1.4082695223754427 -9.601198258839517 -23.96194916653872 91.71010476291696 419.2873924318156 597622.0401382925 -1027073.655011704 0.48201105579510956 0.5606039018336787 -0.4393960981663213 1.475669984505603 1.4756699849674515
0.040054350204 2074.992850831698 14838257920.088978 3034314.04581502 1474305.32007457 969236.1325675044 0.5533475334301292 0.23479681141610417 -0.29800343156440434 2074.992850831698 0.9222458890502154 694.8513859048277 1.6242424574858112 0.0 3440.0930935404913 -604.6545657895297 0.04797817085144298 -747.6881070396854 1.6253315075459573 244489.876702821 -706.0416200873311 -0.05042975100373862 -0.020483920256499942 1.4394932282208586 0.13958985099653481 1.4425464258694896 -9.420137868910713 -23.55640146787647 65.20288842023069 415.1245034422635 582425.588792854 -963696.4887759126 0.517247339170643 0.6009119648170873 -0.3990880351829127 1.5231578538673027 1.5231578538673536
0.041043692654 1958.832738498699 12795533259.397123 2956441.633547047 1382240.0391281056 880503.0093150925 0.5564055520447467 0.2518255135646904 -0.2646922691817942 1958.832738498699 0.9273425867412446 699.3881393207639 1.6626503175594505 0.0 3508.4759787230114 -563.9218274383841 0.04839802616409752 -726.7837135745306 1.6635370598350827 227362.90495430247 -710.4025727241703 -0.05148041375276282 -0.020885703827947834 1.4822973449700174 0.08792420819227666 1.4769489741038861 -9.240968900953385 -23.14113605638638 39.52227690674658 410.5875236694377 566856.5790477842 -902920.4689607441 0.5549547582287728 0.6437872137299325 -0.35621278627006747 1.5711298004711771 1.5711298004711771
0.0420574718626 1848.400703108072 10993339549.170502 2864748.320643168 1294083.6618236005 799334.9391872872 0.5580408402360322 0.268793610181346 -0.22940803698372314 1848.400703108072 0.9300680670600536 703.5558496696602 1.7006600300763304 0.0 3566.8342407601194 -521.3786583226245 0.04881857416194693 -706.4075999999732 1.7013814577923119 213574.99595852324 -714.3817327772656 -0.052527825873871975 -0.021298449470284527 1.5252144289935468 0.034089366455567004 1.511241468504406 -9.063941608902105 -22.715969661943515 14.741836884651207 405.65087750956275 550937.5326488548 -844742.4040092535 0.595146361933493 0.6892449030302777 -0.31075509696972226 1.6193129700903315 1.6193129700903315
0.0430962914176 1743.6097408508676 9409520164.288404 2761429.7314909175 1209803.5519567793 725243.8684496558 0.5580786242570867 0.285569087684325 -0.19218517441570238 1743.6097408508676 0.9301310404284778 707.2568750620082 1.7379458660127753 0.0 3613.4882335544125 -477.02166566354884 0.04924116980314166 -686.5468084816534 1.7385458511371585 203452.52902054193 -717.8809800330926 -0.05356562870576064 -0.021721880942305448 1.567925905083624 -0.021765918519272204 1.5451509676164301 -8.889312070608248 -22.280770106472527 -9.05340144496654 400.28926327857215 534682.6282106016 -789147.4436407102 0.6377948646551463 0.7372452928882882 -0.2627547071117118 1.667376333316766 1.667376333316766
0.0441607698156 1644.3600378904346 8023150511.546531 2648541.2566890153 1129359.2696231222 657753.9191037292 0.5563471205962126 0.30199834388269164 -0.15311052558840754 1644.3600378904346 0.9272452009936877 710.382326786693 1.77413467540528 0.0 3646.7063088707378 -430.88793292605305 0.049667351071096384 -667.1886875726957 1.7746639064089316 197630.50230307254 -720.7910151674907 -0.0545866941132657 -0.022155619962686793 1.6100681216726842 -0.07941594528195112 1.5783660950512193 -8.717340876708802 -21.835471161367632 -31.766856433427392 394.4782104559293 518100.2543449731 -736110.4789080375 0.6828229206789964 0.7876809841755843 -0.2123190158244157 1.7149261851692719 1.7149261851692719
0.04525154083 1550.539382357553 6814563032.24038 2527998.6883935435 1052702.7655902728 596403.143458379 0.5526835660591711 0.31790560413561486 -0.1123335701566649 1550.539382357553 0.9211392767652853 712.812369344398 1.8088057066086205 0.0 3664.751248376524 -383.05106091722837 0.050098845747823396 -648.3208872297304 1.8093211800173494 197238.06434655347 -722.9916656275964 -0.05558314520629582 -0.022599176746145432 1.6512319777527655 -0.13854607035343097 1.6105369298199212 -8.548291523369334 -21.380089484852828 -53.290688913013184 388.1947484754745 501195.471130679 -685597.459743773 0.7300927009874802 0.8403635638544481 -0.1596364361455519 1.7615028406197335 1.7615028406197335
0.0463692538885 1462.0236498265574 5765360543.227372 2401579.433799335 979778.6162356198 540745.0898256099 0.5469413427817859 0.33309309862256586 -0.07007658495990665 1462.0236498265574 0.9115689046363098 714.417048084252 1.8414923196764033 0.0 3665.9379651735185 -333.62924918871255 0.050537575935632 -629.9313540576846 1.8420562663099918 204177.04561011988 -724.3527397875253 -0.05654641052466839 -0.0230519415228142 1.6909641615511803 -0.1987414241055763 1.6412763652412927 -8.382428480590086 -20.914743588457537 -73.50664214138305 381.4181892261331 483972.4306836639 -637566.6699767235 0.7793952569148704 0.8950103103844083 -0.10498968961559174 1.806579215020718 1.806579215020718
0.0475145744596 1378.6773610720434 4858418295.302905 2270924.1547012734 910524.2956053254 490350.16803713335 0.5389980503385121 0.34734221114756003 -0.026644049803217773 1378.6773610720434 0.8983300838975202 715.0577662028463 1.8716860340943025 0.0 3648.705206837637 -282.8024314559173 0.050985659724430706 -612.008326775801 1.8723641736416452 221396.93058456646 -724.7355333920922 -0.05746731897036409 -0.023513177621368446 1.7287703741706821 -0.2594772865943465 1.670163267861612 -8.220014913321235 -20.439674612123735 -92.28753200416736 374.13101910091666 466436.6967749872 -591969.9293368123 0.8304402902731619 0.9512318485422947 -0.0487681514577053 1.8495619324398147 1.8495619324398147
0.0486881844487 1300.3543101275604 4077875340.3828597 2137538.733754328 844870.483706983 444806.8062094698 0.5287642483631508 0.36041580927626 0.017569578594428426 1300.3543101275604 0.8812737472719181 714.5895244543772 1.8988433258663466 0.0 3611.697271856332 -230.7911711380755 0.05144540936204322 -594.5403318742033 1.899702376793948 252449.45704061363 -723.995081787713 -0.05833624261652136 -0.023982016784687855 1.7641208921678804 -0.32011228364894845 1.6967477467734113 -8.061310040423345 -19.955268572658326 -109.4994813408515 366.3198880486776 448597.4011841719 -548753.6994769655 0.8828471448959622 1.0085218906765492 0.008521890676549182 1.8897956379484673 1.8897956379484673
0.0498907826046 1226.8982598147086 3409115860.6881857 2002796.8452387135 782741.4112117295 403722.3931086244 0.5161924346635011 0.37206200586571997 0.062074924644561325 1226.8982598147086 0.8603207244391685 712.8640205657205 1.9223956490837297 0.0 3553.853414835808 -177.90209504117104 0.0519193252664865 -577.5161794284128 1.9235000807023677 297686.5001213792 -721.9833018360451 -0.0591432934086039 -0.024457457457030034 1.7964588522436886 -0.379885961779898 1.7205588749445715 -7.9065661274918035 -19.46207951082842 -125.00504289680401 357.9766727216045 430469.253458684 -507860.1252788873 0.93613812780452 1.0662506237122775 0.06625062371227741 1.926571348151446 1.926571348151446
0.0511230849349 1158.1437016475556 2838741250.8266516 1867942.8385405934 724055.2367063205 366724.0038897452 0.501285664204975 0.3820194789667054 0.10628674702975283 1158.1437016475556 0.8354761070082917 709.7336632057038 1.9417628540380445 0.0 3474.505270349551 -124.4856554029556 0.052410085238228855 -560.9249590725183 1.9431709555484105 346435.47459989897 -718.5530309997944 -0.05987857783406476 -0.024938366815941537 1.8252114224520501 -0.43792215621405967 1.7411149891074666 -7.756025125455307 -18.96085274679927 -138.66721918047688 349.0995786824639 412074.28888887016 -469227.9639209913 0.9897353154437585 1.123663257703631 0.12366325770363107 1.9591393647119228 1.9591393647119228
0.0523858251328 1093.916675758694 2354533852.5429177 1734094.8718080262 668724.4549430155 333458.90992625704 0.48410507266053104 0.3900244123462274 0.14952821608712608 1093.916675758694 0.8068417877675518 705.0564963806461 1.9563700038546779 0.0 3373.4625616694943 -70.9417651529708 0.05292052828864203 -544.7560360682301 1.9581294583570803 385842.8663329271 -713.562937129059 -0.06053251070695644 -0.025423487314491105 1.849803885153434 -0.4932395867198729 1.7579365646697926 -7.609914984521344 -18.45254723766104 -150.3543538231679 339.69423363435686 393443.27954273665 -432793.3869839574 1.0429620973858822 1.1798853406848384 0.1798853406848384 1.9867271284523902 1.9867271284523902
0.0536797550136 1034.035646264989 1945413279.2995913 1602249.2375180628 616656.3355086197 303594.87702966697 0.4647754608224451 0.3958192377604315 0.19104206787881806 1034.035646264989 0.7746257680374085 698.701954218207 1.9656678359162265 0.0 3251.102196846762 -17.82193739847752 0.05345363261235648 -528.9990474706653 1.9678111224296597 413933.25317459233 -706.8834313542632 -0.06109618485387768 -0.025911448422678156 1.8696767809631554 -0.5447716911640299 1.7705618039131468 -7.4684456961787165 -17.938355731098824 -159.94602815249894 329.7747106601744 374616.94974711555 -398490.7835606628 1.095051012925747 1.2339369933126652 0.23393699331266515 2.0085627613500736 2.0085627613500736
0.0550056449624 978.3124266814693 1601386333.527989 1473283.3004152947 567753.3785299183 276820.2595582492 0.4434880680049509 0.3991624301901799 0.23000826263750962 978.3124266814693 0.7391467800082515 690.5572563923787 1.9691550426457614 0.0 3108.427743445305 34.43432058019582 0.05401248740321196 -513.6438983423988 1.9716951045487736 431339.98770392576 -698.4028223294333 -0.06156178805669193 -0.02640078410668113 1.8843048514433116 -0.5913946539590145 1.7785636718791764 -7.331805140601086 -17.419721146061022 -167.33920284097346 319.3644092686793 355646.38045647077 -366253.20114704454 1.1451580714350602 1.2847556064863626 0.28475560648636256 2.023902386494614 2.023902386494614
0.056364284393 926.5531492021676 1313491703.0568624 1347961.2272867819 521913.8200550536 252843.90103575855 0.4204997853496953 0.39983994722582195 0.2655705710948706 926.5531492021676 0.7008329755828255 680.5341705885171 1.9664035466776961 0.0 2947.0885347706035 85.25430151479671 0.0546002584380984 -498.68075798988156 1.969330286264224 439064.17543055327 -688.0343647459259 -0.06192305371345282 -0.026889956350171548 1.8932184548903148 -0.6319668485032475 1.7815690956031556 -7.200154842582824 -16.898347779885533 -172.4552589761588 308.49671452782906 336593.4236064808 -336013.0074543281 1.1923854793074893 1.3312301472475618 0.3312301472475617 2.032063122830387 2.032063122830387
0.0577564822175 878.5592707346595 1073740158.8764383 1226938.9972976304 479032.09922492394 231394.8547885294 0.3961281411806032 0.39767705674103815 0.2968702873051171 878.5592707346595 0.6602135686343387 668.5757004207953 1.9570838559394557 0.0 2769.4046054310047 133.87750401709167 0.05522014762948476 -484.1000561998064 1.9603620420720902 438352.29679000186 -675.7230900254644 -0.062175720834338095 -0.02737738470534737 1.8960253676760814 -0.665376620502455 1.7792782864633885 -7.073625763642875 -16.376204602512683 -175.24682922314537 297.2153525770568 317530.37877989665 -307702.2898975313 1.2358117990417428 1.3722447678021452 0.3722447678021451 2.0324583364364837 2.0324583364364837
0.0591830673283 834.1286119278022 875051838.1173226 1110767.0677290354 438999.4009259321 212221.94256774566 0.37074195936937526 0.39254908833512425 0.3230839601974981 834.1286119278022 0.6179032656156255 654.6622581283326 1.9409872258131236 0.0 2578.298024941969 179.85701434573366 0.055875347156573656 -469.8924794268134 1.9445563187248123 430582.78343531536 -661.451282357339 -0.062317979518664246 -0.02786148142559139 1.8924306211399855 -0.6905936955014554 1.7714819065299596 -6.952314290775355 -15.855519901262396 -175.70328302926322 285.5743678730135 298538.48783968267 -281252.76554759964 1.2745273555243601 1.4067277126368918 0.40672771263689167 2.0246309782525174 2.0246309782525174
0.0606448890913 793.0564142774326 711191315.8934462 999898.3413042504 401704.2008931914 195093.16674659264 0.34474785131466873 0.38439263070257457 0.3434682885025083 793.0564142774326 0.5745797521911146 638.816747250697 1.918048040693623 0.0 2377.1875616407106 222.59991524517383 0.056568988932433846 -456.0489669186031 1.921824361267241 417164.33816019294 -645.2442183612725 -0.06235086694307608 -0.02834069139677605 1.8822563943957729 -0.7067290168174672 1.7580782415762481 -6.836278570698962 -15.338764766058015 -173.85648667661133 273.6376600181438 279706.94111723977 -256596.28598041722 1.3076766422046582 1.43370957466979 0.4337095746697901 2.008289326860905 2.008289326860905
0.0621428178519 755.1364147912491 576701388.8488251 894693.2611616317 367032.7724283157 179795.00034398804 0.31857319867029477 0.3732139072762939 0.3574039440654016 755.1364147912491 0.530955331117158 621.1079791722008 1.8883592751825595 0.0 2169.8784421168148 261.43877651700325 0.05730409079581327 -442.5607067326306 1.8922406126097984 399451.8965745798 -627.1734889578211 -0.06227857333382814 -0.02881353548410902 1.8654569746127534 -0.7130910264704883 1.7390854978220374 -6.725535384595455 -14.828622915380388 -169.78415930981004 261.47804586731957 261130.70993869813 -233664.8137261876 1.3345016434955954 1.4523802632948453 0.45238026329484515 1.983335594412003 1.983335594412003
0.0636777454528 720.1619259727959 466836868.7225087 795424.6331598455 334869.74401061994 166131.5753163234 0.29264699602757893 0.3590939733966802 0.36443550232213545 720.1619259727959 0.4877449933792982 601.6519887050811 1.8521804957014336 0.0 1960.3703465574533 295.96288718016484 0.05808350092284792 -429.4191316276598 1.85605291959111 378685.3363848595 -607.3579413404334 -0.06210862521690488 -0.029278655606456414 1.8421281891559718 -0.7092349179429692 1.714648774336371 -6.62005772560478 -14.32794674185378 -163.61086297091987 249.1758430591139 242907.78925255864 -212390.24837524226 1.3543831957766734 1.4621410095585334 0.46214100955853343 1.9498860029378315 1.9498860029378315
0.0652505857655 687.9269132225143 377498995.5075417 702284.5511339923 305098.6343743716 153923.79251256763 0.26738005484339655 0.3421910315180734 0.3643059147166127 687.9269132225143 0.44563342473899425 580.6108687137483 1.809939339455607 0.0 1752.6619056218035 325.73908525201966 0.05890984228450796 -416.61591478536116 1.8136856700377217 355952.0349969418 -585.9627584991233 -0.06185190694767811 -0.029734859486012614 1.8125116692664727 -0.6950033469879171 1.6850422406630479 -6.519773236511148 -13.839697647642739 -155.50714606611945 236.81701064196406 225136.53504893137 -192704.46608314407 1.3668782445274783 1.4626493498758442 0.4626493498758443 1.9082827746148383 1.9082827746148383
0.0668622752339 658.2270609210125 305171374.2804228 615390.0219885823 277602.3876863228 143008.37651640602 0.24314640203786328 0.3227380994976111 0.35697888475341244 658.2270609210125 0.4052440033964388 558.1889937092569 1.7622228881498514 0.0 1550.5538599725796 350.4488618066676 0.05978545910312637 -404.1429653524936 1.7657319258367783 332169.2470095378 -563.195457869046 -0.06152249444458774 -0.030181162850581172 1.7769913752781386 -0.6705496615955983 1.6506640703997677 -6.424563633759569 -13.366870986143551 -145.6856215304088 224.49092246884175 207912.51064389653 -174539.12414534873 1.3717473718817 1.453848478729109 0.45384847872910916 1.859092482125548 1.859092482125548
0.0685137734322 630.8608182917947 246858115.21151933 534789.2918487191 252263.89802425203 133236.8980196806 0.22026759208151314 0.3010367059335871 0.34264809899091486 630.8608182917947 0.3671126534691886 534.6267296760055 1.7097607524601035 0.0 1357.4553750287178 369.91950334976696 0.06071236727757432 -391.99242376075176 1.712936216267992 308082.7496697266 -539.2995643488483 -0.061137285910340615 -0.030616826874246803 1.736083424948827 -0.6363430329761021 1.612025302165005 -6.334265201887589 -12.912406707262196 -134.3947338808344 212.28788574072306 191325.4637979355 -157825.543377721 1.3689707714796386 1.4359795720377289 0.4359795720377288 1.8030922255069175 1.8030922255069175
0.0702060636359 605.6304162049707 200024782.73818016 460468.0089939054 228966.52038501063 124474.78515967872 0.1990013428624964 0.27744655779273364 0.3217311019653394 605.6304162049707 0.33166890477082733 510.1919857381439 1.6534000067361667 0.0 1176.2286720873333 384.07676937085955 0.06169221061684302 -380.15665681472643 1.6561681069874767 284276.7482203216 -514.5460469045934 -0.06071543282451592 -0.0310413888506104 1.6904192319214058 -0.5931529545382846 1.569732710627258 -6.248670391427067 -12.47908867925615 -121.91030141061083 200.29654505737653 175456.44474715335 -142494.57959835243 1.3587503271505783 1.4095741922516625 0.4095741922516624 1.7412430970224897 1.7412430970224897
0.0719401534077 582.3428462612151 162542650.53223854 392355.42241387366 207594.56388557196 116600.3433924298 0.17953537226599897 0.2523719555610763 0.2948482386305414 582.3428462612151 0.2992256204433316 485.17018689149995 1.594073859073873 0.0 1009.0758773648425 392.98897670065776 0.06272622446299951 -368.62825251579875 1.5963886053941088 261190.7624794291 -489.2231851001292 -0.060277596864449716 -0.03145468449298523 1.640723195228693 -0.5420142314269225 1.5244669627456642 -6.167530497155089 -12.069437828592413 -108.52549475573807 188.60132732900368 160375.2952543063 -128476.54242011273 1.3414975747853615 1.3754272979672764 0.3754272979672765 1.674652918410608 1.674652918410608
0.0737170751969 560.8107937053746 132636652.29969156 330330.505798391 188033.7638821843 109503.80101561558 0.16198666239582005 0.22624591753985202 0.2627884650577155 560.8107937053746 0.2699777706597001 459.85340925515567 1.5327662357174154 0.0 857.481049288413 396.8405722232593 0.06381520790009097 -357.40001461856826 1.5346119061694186 239139.8824309998 -463.6255889942276 -0.05984508300873425 -0.031856860812815795 1.587786462546535 -0.48417528780647334 1.4769575593405047 -6.090559336991581 -11.685606586643608 -94.53996778901572 177.28008223663488 146138.64523022372 -115701.17211256476 1.3178086918868348 1.3345531741805372 0.3345531741805373 1.6045309448402372 1.6045309448402372
0.0755378869543 540.853516053889 108837311.02610809 274228.00481346564 170171.72903782642 103086.39454699865 0.14640572481443276 0.1995132379145637 0.22646538082579679 540.853516053889 0.24400954135738795 434.52948994510075 1.4704749221831848 0.0 722.2077398198564 395.92822150362565 0.06495950528679441 -346.4649568940058 1.4718655367241729 218335.73969084327 -438.04321053849094 -0.05943892168198311 -0.03224837918020345 1.5324386802767511 -0.421034585024491 1.427956398395687 -6.017437800374843 -11.329284077941738 -80.2489695665434 166.40205639842233 132788.53505151873 -104097.69447970628 1.2884291389193632 1.2881286190582446 0.2881286190582446 1.5321381604156326 1.5321381604156326
0.0774036727621 522.2976597707137 89936825.78352028 223844.34596637991 153898.36037053363 97259.50494558334 0.13278489802389376 0.17261373021455906 0.18686769970065906 522.2976597707137 0.22130816337315629 409.4718981221764 1.4081758630738155 0.0 603.3479419404466 390.64045584079327 0.06615899734793695 -335.8162970971405 1.4091519279544897 198906.41047809148 -412.75113476207497 -0.059078988029353796 -0.03263000884559256 1.4755196886362507 -0.35407093734204054 1.378211793051054 -5.947819093298317 -11.00162230911017 -65.9332153558243 156.02630922454324 120351.71742581163 -93594.95823507733 1.2542115252630943 1.2374288507138544 0.23742885071385456 1.4587370140870108 1.4587370140870108
0.0793155434793 504.9780079274736 74949399.10342023 178943.3684528555 139106.23971825012 91943.85230597644 0.12106936312865668 0.14596682972670919 0.14500871327615866 504.9780079274736 0.2017822718810945 384.93103578624437 1.346790985157253 0.0 500.4117731856402 381.43851931071754 0.0674131015734546 -325.44745063370635 1.34741412447599 180914.2257593936 -388.0008274526619 -0.05878324890802834 -0.033002811823748514 1.4178530120639852 -0.28477382720793626 1.328444635501454 -5.881334479033326 -10.703192655738201 -51.850184163217364 146.20063877504492 108839.6424171549 -84121.65499813431 1.2160707401828907 1.183762042675258 0.1837620426752579 1.3855443145563524 1.3855443145563524
0.0812746374032 488.7381523181911 63075797.06793373 139261.8599953779 125690.98474415093 87068.75326552078 0.11116944619093473 0.11995852826560938 0.10187903141848792 488.7381523181911 0.18528241031822457 361.127450736872 1.2871614417367125 0.0 412.4447013850341 368.8316684962066 0.06872078123404408 -315.3520239249435 1.2875077481033332 164371.04733526325 -364.01333661406164 -0.05856721413745498 -0.03336812055056978 1.3602227054948157 -0.21457935056714 1.2793280933846112 -5.817599299958598 -10.433978805344713 -38.22733388377341 136.96104229085265 98249.0821418634 -75606.61757328054 1.1749402951765913 1.1284080506154444 0.12840805061544427 1.313690460933669 1.313690460933669
0.0832821209471 473.4310843519703 53672054.74032832 104514.83334924429 113551.56898206951 82571.44222790354 0.10297287673011725 0.09493127756637879 0.05840598462140881 473.4310843519703 0.1716214612168621 338.24722487842206 1.230027445838271 0.0 338.15740508447857 353.3579963802525 0.07008056198046479 -305.52380747808786 1.2301804381622907 149250.95390663148 -340.9746962068588 -0.05844363900886849 -0.033727510068118506 1.3033546198969943 -0.14481613067106724 1.231471733034428 -5.75621906837704 -10.193407412895462 -25.25748131587548 128.33169398723757 88563.29931274611 -67979.17978042246 1.1317331586801322 1.0725657312404038 0.07256573124040366 1.2441871924572658 1.2441871924572658
0.0853391893345 458.91969970095 46222169.75670773 74400.56344784974 102590.60510501396 78396.45461244884 0.09635593460925151 0.0711772271612734 0.015422083159494199 458.91969970095 0.16059322434875253 316.4395779506759 1.1760153075082467 0.0 276.0548316868112 335.5594710037424 0.07149055475173485 -295.95676867399254 1.1760592946076776 135500.550435749 -319.03359271181193 -0.058422485721376885 -0.034082766664952566 1.2479027430813276 -0.07666419952215878 1.185410580365072 -5.696795429224513 -9.980412090031772 -13.09641194778765 120.32538686247875 79753.65170218838 -61169.5880381075 1.0873095187325752 1.0173119702472364 0.017311970247236352 1.1779051945959889 1.1779051945959889
0.087447067311 445.07721269498103 40314567.841863334 48605.31636727962 92714.5902043827 74495.06798010608 0.09119276663181633 0.048934766104508774 -0.026356470333412096 445.07721269498103 0.15198794438636057 295.81653414215606 1.1256314740529485 0.0 224.5538556868125 315.96313180064266 0.07294848360623922 -286.64504428467444 1.1256459275711264 123047.20723102748 -298.30111185779833 -0.058511111711843235 -0.03443585489072735 1.1944406709924242 -0.011127942628668671 1.1415990628504444 -5.63893182448329 -9.793521437405376 -1.862546135718489 112.94435908217686 71781.49005704593 -55109.43954536245 1.0424527266060637 0.9635737237828307 -0.03642627621716929 1.1155616681691913 1.1155616681691913
0.0896070098736 431.7874773313898 35622079.90554225 26807.754972522293 83834.11295459997 70824.79499814766 0.08736252302681687 0.028388103671768576 -0.06634128521357628 431.7874773313898 0.1456042050446948 276.45435427101233 1.0792629198311186 0.0 182.0815758721392 295.06945443665865 0.07445171708048903 -277.5829327476534 1.0793182164668205 111805.58321299136 -278.8522569644806 -0.058714623546905986 -0.03478888471209984 1.1434579008664303 0.05097719280546623 1.1004094503269715 -5.582238722490008 -9.630959094110226 8.361634877283004 106.18141019251955 64600.21567565395 -49732.1280642363 0.9978536958217354 0.9121129920297474 -0.0878870079702526 1.0577171970744423 1.0577171970744423
0.0918203030175 418.9452126881259 31885133.901800923 8683.04036775096 75864.0218796736 67348.92089474908 0.08475427922843413 0.009669464913907709 -0.10407419534455194 418.9452126881259 0.14125713204739024 258.3963473357486 1.0371829367028385 0.0 147.15089703974792 273.3360519868808 0.07599730176763747 -268.76488622675765 1.0373375897193153 101682.77617374939 -260.72886238830006 -0.0590363213657194 -0.03514408031636264 1.0953603820324143 0.10902558233436455 1.0621341922564427 -5.52633831212126 -9.49074361885962 17.526767457317185 100.0212079186814 58157.38104646066 -44973.28337733621 0.954103249985024 0.8635235765298646 -0.1364764234701355 1.0047807085772549 1.0047807085772549
0.094088264502 406.45613169575466 28897843.516705435 -6093.432587002986 68723.55529036673 64036.07738639927 0.08326994887650334 -0.007136718279409921 -0.13922226117869366 406.45613169575466 0.13878324812750556 241.6566442586006 0.9995609869488119 0.0 118.4127968629232 251.17145902090212 0.07758199698071463 -260.1855024883757 0.999860289293727 92582.36684907478 -243.94344802542236 -0.059478162999130536 -0.03550375173732575 1.050474455683601 0.16257230905887196 1.026991271292611 -5.470868599601642 -9.370778391471749 25.61283285442506 94.44169089156077 52396.716506396726 -40771.180546408796 0.9116912075560953 0.8182374474662208 -0.1817625525337791 0.9570206955937264 0.9570206955937264
0.0964122446352 394.23697310949717 26496664.07151819 -17842.649439404515 62336.43355104452 60859.844865001556 0.08282553892738809 -0.02198820438868538 -0.17156717853394984 394.23697310949717 0.13804256487898015 226.2245307186294 0.9664753863450302 0.0 94.68679733553752 228.93249728867607 0.07920230956796502 -251.8395166371996 0.966951252802618 84407.58835664969 -228.4836191950401 -0.060041193665521346 -0.0358702701300277 1.0090533513121778 0.21133657950793144 0.9951317501331837 -5.415486879471828 -9.268925495440627 32.62482293760014 89.41548401168171 47260.0046209544 -37067.10817568198 0.8710107864331976 0.7765383682095456 -0.22346163179045442 0.9145809330885256 0.9145809330885256
0.0987936270777 382.21543770012244 24551284.30589055 -26878.938919344248 56630.91455190623 57798.375016826896 0.08335115574090425 -0.03487849646921599 -0.20099096362181962 382.21543770012244 0.1389185929015071 212.0689839316134 0.9379276292796874 0.0 74.97334821387206 206.91976177063722 0.08085452819160156 -243.72179275792976 0.9385993546371045 77063.79315485666 -214.31665974856676 -0.060725909438049126 -0.03624604717630136 0.9712854130280335 0.25518024779889376 0.9666487076075697 -5.359872581603739 -9.183061512332408 38.58819452169541 84.91125865755798 42688.74435456901 -33805.68541460424 0.8323668201265264 0.738580355280594 -0.26141964471940604 0.8774989481821011 0.8774989481821011
0.101233829667 370.33003063334036 22957430.42253591 -33507.30671825579 51539.81398830689 54834.026795646154 0.0847901628020199 -0.04583008308389858 -0.22745968507832265 370.33003063334036 0.1413169380033665 199.14312688940845 0.9138572529250439 0.0 58.45216105195763 185.38075337192342 0.08253475661851795 -235.82731550904845 0.9147328883827528 70460.33777957689 -201.39401983872776 -0.061532543859391164 -0.03663351880069068 0.9373032694015843 0.2940838816163618 0.9415868086322701 -5.303729519803613 -9.111116369774406 43.544412040095104 80.89498711997008 38625.56440751789 -30935.116879951755 0.7959863313982177 0.7044086795132978 -0.2955913204867023 0.8457256175166643 0.8457256175166643
0.103734305259 358.52981317193155 21631274.27886406 -38021.12611262214 47000.491906031384 51953.00981795882 0.08709783901626462 -0.05488776239217889 -0.25100664089560437 358.52981317193155 0.1451630650271077 187.3883869343403 0.8941564241315032 0.0 44.470483207427634 164.51303650700555 0.08423894580320362 -228.1511817390591 0.8952344987860904 64511.983630462164 -189.65549583589092 -0.062461282644765116 -0.03703513311744954 0.9071933378068331 0.3281222730010373 0.9199519366595429 -5.246787586153935 -9.051098337446877 47.546784240615054 77.33105749113794 35015.37249526128 -28407.382458011518 0.7620302727797253 0.6739815964070934 -0.32601840359290657 0.8191446614342011 0.8191446614342011
0.106296542599 346.77406759520505 20505158.32551606 -40700.17173465873 42954.80785660572 49145.03053605325 0.09023980920345231 -0.06211234069455004 -0.2717160299930035 346.77406759520505 0.15039968200575388 176.7382199652029 0.8786836520127503 0.0 32.525355595882694 144.4668435268444 0.08596292475260885 -220.68859214351323 0.8799550136559722 59139.889695000704 -179.03297222945258 -0.06351241951187217 -0.03745334233879963 0.8810051900285899 0.35744081765425395 0.9017204572045927 -5.188803946269636 -9.001108889996669 50.65672880405735 74.18323037661004 31806.243312352635 -26178.36126689895 0.730605508022836 0.6471914446979391 -0.3528085553020609 0.7975911267036929 0.7975911267036929
0.108922067201 335.0318805673444 19524376.393967602 -41809.01183674835 39349.046684377965 46402.938124961 0.09419043873750062 -0.06757494276142373 -0.28970793019205365 335.0318805673444 0.15698406456250102 167.12132295847596 0.8672761343704475 0.0 22.242797440975387 125.35230833801099 0.0877024303297381 -213.4348431019336 0.8687257412626554 54272.249764192384 -169.45363572538412 -0.06468646833380355 -0.03789059821810908 0.8587603691648473 0.3822338737672468 0.8868477462607754 -5.129563799401472 -8.959350888085435 52.94055826463493 71.4154313412927 28950.05348861994 -24207.887102423818 0.7017763046023463 0.6238840611915297 -0.37611593880847033 0.7808681257540309 0.7808681257540309
0.111612442261 323.2816505984771 18644778.5580037 -41595.717496203026 36133.81744762051 43722.368429016395 0.0989313097372468 -0.07135200869275986 -0.30512492263168384 323.2816505984771 0.16488551622874467 158.46430945646475 0.8597605935970607 0.0 13.35628950503454 107.24354004208627 0.08945313632169642 -206.38531867425442 0.8613691437100504 49844.63474425314 -160.84265864757427 -0.0659842447716238 -0.0383493505219511 0.8404604747768741 0.4027255452046109 0.8752758461588789 -5.068880767600045 -8.924132723899302 54.46679275057946 68.99238271731369 26402.892027642847 -22459.742272222487 0.6755749585481294 0.6038760702203987 -0.3961239297796013 0.7687615864491433 0.7687615864491648
0.114369269585 311.51052652029796 17830998.900299586 -40290.89657511447 33263.928198137146 41101.38590986606 0.10444983145614871 -0.07352105473426923 -0.31812061267785563 311.51052652029796 0.17408305242691452 150.69386120010833 0.855962439749059 0.0 5.686382686915332 90.18445528592348 0.09121068219970606 -199.53548289273334 0.8577077729092542 45800.08030728544 -153.12535075142813 -0.06740692625431774 -0.03883204795129739 0.8260943213835444 0.41915323487447864 0.8669400979775841 -5.006596979556631 -8.893870116294615 55.30400225759985 66.88008523684296 24125.269137597636 -20901.591230002272 0.65201126895663 0.5869697238556268 -0.41303027614437315 0.7610527762825415 0.7610527762845072
0.117194190544 299.7137843000443 17055137.29066111 -38107.02622984103 30698.239329198663 38540.12482455648 0.11073799319916726 -0.07415717982877519 -0.3288500191738223 299.7137843000443 0.1845633219986121 143.73839367507247 0.8557133028247897 0.0 -0.877807183632414 74.1948486411339 0.0929707021051752 -192.88087238050826 0.8575715492640544 42088.96562402219 -146.22882396255594 -0.06895609537224863 -0.039341140913007326 0.8156441151433791 0.43175392142786273 0.8617747372686096 -4.942582909816339 -8.867086493318142 55.51913491127047 65.0461642989081 22082.15529813702 -19504.861077006637 0.6310807931447671 0.572965328956771 -0.427034671043229 0.7575286509553932 0.7575286509992978
0.12008888705 287.89415034311907 16295756.241951363 -35238.05923720079 28399.498259688746 36040.432096118064 0.11779122904415618 -0.07333026517944335 -0.3374616693530684 287.89415034311907 0.19631871507359364 137.52928936377126 0.8588570457205252 0.0 -6.394449002763006 59.274024440302924 0.094728854662478 -186.4170893870351 0.8608035219826468 38668.725584696615 -140.0832290241497 -0.07063376773893362 -0.03987908552150156 0.8090906446433963 0.44075293233840485 0.8597174878838024 -4.8767370300287585 -8.842412271258665 55.17627263414407 63.46009791105437 20242.88253488797 -18244.576532686217 0.6127719295698026 0.5616714716655227 -0.43832852833447733 0.757990186739319 0.7579901871210717
0.12305508256 276.06107989971656 15537083.943097016 -31859.298862997854 26334.15843684999 33605.5152876899 0.12560734444651941 -0.07110283518253689 -0.34409125514122185 276.06107989971656 0.20934557407753238 132.00175898911453 0.8652543189363104 0.0 -10.882205002254608 45.40675216644352 0.09648085428576013 -180.13979529190027 0.8672641913463174 35503.42868944971 -134.62261104958336 -0.07244240335582416 -0.04044834820461308 0.8064174565546925 0.44635502468598864 0.8607131587047449 -4.80898532262467 -8.81858308595398 54.335767328270876 62.09334396086098 18580.93389358502 -17099.154601277478 0.59707188247716 0.5529132267283352 -0.44708677327166485 0.7622588008074735 0.7622588025139572
0.1260945431 264.2299996254886 14768340.859447666 -28127.499733020268 24472.185467319974 31239.599804843863 0.13418543704565616 -0.0675284732568636 -0.3488565139717801 264.2299996254886 0.22364239507609363 127.09539183140879 0.8747858811043134 0.0 -14.330892007055832 32.56626682134968 0.0982225046754964 -174.0447046666907 0.8768346269277172 32563.26108925433 -129.7854615098974 -0.0743848986706733 -0.04105141027628851 0.8076141016099646 0.4487373059323056 0.8647163598944778 -4.739280700976594 -8.79443687461202 53.05368003140531 60.91938391962854 17073.653011215363 -16050.169563004096 0.583971706533871 0.546538787880631 -0.45346121211936896 0.7701811829631433 0.7701811876119502
0.129209078314 252.42152368692678 13983131.342974676 -24181.188558341273 22786.85312244313 28947.599897405224 0.143524735471309 -0.06265076028075682 -0.3518531494702878 252.42152368692678 0.2392078924521817 122.75445229861296 0.8873547429818939 0.0 -16.709758201080934 20.718019945608283 0.09994973525601379 -168.12757994534758 0.8894184457666535 29823.94272308872 -125.51500955171898 -0.07646455570211273 -0.0416907718158575 0.8126784325171377 0.4480437600547044 0.8716933471442257 -4.667602373852273 -8.76890973196789 51.38148012559649 59.91369875372272 15701.8949107838 -15082.093770947886 0.5734705400649561 0.542424759442363 -0.457575240557637 0.7816326519094771 0.7816326604718911
0.132400542549 240.66065288333425 13178862.230076527 -20141.17068133573 21254.532113986796 26734.80817771493 0.15362327467416534 -0.05650266091526871 -0.3531515052549161 240.66065288333425 0.2560387911236089 118.92797450916673 0.9028872858686927 0.0 -17.973932675624205 9.823228042050179 0.10165864133245447 -162.3842267410109 0.904942802868411 27266.10657190146 -121.75931194224603 -0.07868502407429924 -0.042368954161641915 0.8216180017811497 0.44438099417450455 0.8816230668632477 -4.593955185068325 -8.741030546845677 49.36594534561057 59.05369105399648 14449.641985717568 -14182.023395038903 0.5655792106575408 0.5404804810891523 -0.45951951891084775 0.796519272234731 0.7965192835563534
0.13567083595 228.97596652128735 12356167.12236955 -16111.199288103053 19854.47412706057 24606.60831447048 0.16447631978966176 -0.04910631856147103 -0.35279377426943453 228.97596652128735 0.27412719964943627 115.56969836920811 0.9213334253800018 0.0 -18.069271690304777 -0.15952300780461665 0.10334552875407761 -156.81048992220826 0.9233584649219908 24874.66515412547 -118.47118516399144 -0.08105021097587425 -0.043088500257456745 0.8344505560669584 0.437814928187673 0.8944974224992022 -4.518368954468088 -8.709914493099378 47.04921925131622 58.318565439824816 13303.603847263523 -13339.396393926618 0.5603233564175222 0.5406516687405486 -0.4593483312594514 0.8147788684112273 0.814778879460384
0.139021905598 217.3988164613585 11518328.586768074 -12178.787608347062 18568.59363503138 22568.21517014542 0.17607444890459079 -0.04047325248096453 -0.35079159648301866 217.3988164613585 0.29345741484098464 112.63788289773615 0.9426658183579661 0.0 -16.9361021711324 -9.271309151884175 0.10500696393602543 -151.40225042326927 0.944638964766327 22638.182996427036 -115.60801050635254 -0.08356415351123461 -0.04385197202046593 0.8512035749815071 0.42836825644419974 0.910320733133905 -4.4408978391465315 -8.67475554889385 44.46899546581056 57.68917734326635 12252.815807458197 -12545.708962962095 0.5577461601405225 0.5429235637414053 -0.45707643625859473 0.8363809785958964 0.8363809865586163
0.142455746666 205.96253280507318 10670700.324600538 -8416.134822787018 17381.249865953632 20624.44613990322 0.18840120157355167 -0.030604948488182206 -0.34712388786048143 205.96253280507318 0.31400200262258615 110.09502476340197 0.9668781147621046 0.0 -14.512300195245484 -17.55117769563136 0.10663983007334643 -146.15542288378583 0.9687788378200313 20548.273128785506 -113.13144534910694 -0.0862308467816019 -0.044661943775280585 0.8719128016865378 0.4160184975831935 0.9291083565528208 -4.361619729834685 -8.634818265470107 41.658795800148994 57.14785846804874 11288.250139583952 -11794.237485111395 0.5579107990639517 0.5473237954130545 -0.4526762045869454 0.8613257980410807 0.8613258021655399
0.145974403608 194.70165021722892 9820138.078267062 -4881.143932008039 16279.030964655676 18779.52668511313 0.20143019958859532 -0.019493877616777514 -0.341734838538906 194.70165021722892 0.3357169993143255 107.90750185155659 0.9939821607754196 0.0 -10.735995432666579 -25.03503410479236 0.10824139042060422 -141.06595411582998 0.9957908476488013 18599.029486898406 -111.0070598270544 -0.08905401981277779 -0.04552099066974153 0.896619644312914 0.4006965913702506 0.9508843825710819 -4.2806356909991194 -8.589429040153357 38.64832332892895 56.67822564225013 10402.450061020043 -11079.771259838237 0.5609026449985883 0.553925039509449 -0.446074960490551 0.8896420388250521 0.8896420402710499
0.149579971378 183.65116356293225 8974451.979720995 -1618.5115755305524 15250.542349624237 17036.93220516409 0.21512165084128657 -0.007125013277214146 -0.33453210482534484 183.65116356293225 0.3585360847354776 106.04515525579308 1.0240039799101328 0.0 -5.5483375462918 -31.753793763514008 0.10980935950180395 -136.12982242675292 1.0257020301242314 16786.502683309416 -109.20390939988215 -0.09203685005771887 -0.04643167081617748 0.9253672679553633 0.382286128992858 0.9756782461530611 -4.198069448476004 -8.537967170077252 35.463880196948026 56.26497851464132 9589.193731980522 -10398.360328291496 0.5668311832198857 0.5628474432194974 -0.4371525567805026 0.9213835279551261 0.9213835282638054
0.153274596671 172.84582098118494 8141894.578582543 1339.1345492234104 14286.200962988807 15399.267425168766 0.22941816060527442 0.006522069421796218 -0.3253852688482668 172.84582098118494 0.38236360100879074 104.48081625998137 1.056978332160524 0.0 1.1032935498353271 -37.73256836237611 0.11134198308138829 -131.3430378190676 1.0585483601299295 15108.223844633529 -107.69405390883753 -0.09518160590456673 -0.04739649971617146 0.9581951726655767 0.36062336960280333 1.0035200889888043 -4.114066922578412 -8.479855981615218 32.128839891845296 55.89369063709414 8843.194453351913 -9747.082565370774 0.575831571656786 0.5742607235262684 -0.42573927647373155 0.9566243245350663 0.9566243245687014
0.157060479208 162.31946181934032 7330698.258464735 3970.069298279246 13378.036882395883 13868.183461603121 0.2442397994768845 0.021470382057991885 -0.31412477983688397 162.31946181934032 0.4070663324614742 103.18977948262281 1.0929415526245903 0.0 9.261384992848496 -42.98990744998104 0.11283812768306072 -126.7016430279585 1.0943677480580558 13562.775113669233 -106.4520236162669 -0.09848920538011975 -0.048417915335228046 0.9951319815984583 0.3354983922681679 1.0344346299239804 -4.028795797719592 -8.414554328770304 28.664173740461898 55.55059798148705 8159.840339326939 -9123.8326629931 0.588065649136984 0.5883856643459551 -0.411614335654045 0.9954519968074294 0.9954519968088233
0.160939873045 152.10440626251588 6548673.968887926 6262.291195185062 12519.503660500124 12444.331742725759 0.25947842754085654 0.03774182891848916 -0.3005417543157375 152.10440626251588 0.43246404590142756 102.14921885859293 1.1319222915856901 0.0 18.953248580261587 -47.536585212827745 0.11429738028938172 -122.2017154152816 1.1331909949245262 12149.399796118705 -105.45422603959213 -0.1019586789581693 -0.04949823199255825 1.0361861092700524 0.30665794950646363 1.0684332519497473 -3.9424451132310363 -8.341548798630143 25.089038174319604 55.22238891401959 7534.974748960011 -8527.1346139722 0.6037220633686248 0.6054945259205682 -0.39450547407943176 1.0379585718219957 1.037958571822009
0.164915087909 142.2309025776306 5802880.196265689 8212.352034463813 11705.298382820836 11127.352978527406 0.2749913524499857 0.055352463768638144 -0.28438912118078286 142.2309025776306 0.45831892074997616 101.33753891338318 1.1739297995691933 0.0 30.18460663597454 -51.37567912584586 0.11572015864627838 -117.83936968303864 1.175030354952671 10867.641724146137 -104.67829316993333 -0.10558652501695423 -0.05063958108569238 1.08133399866929 0.273810708187849 1.1055040318813663 -3.8552248505647895 -8.260346989735794 21.421423502841108 54.89600015359896 6964.718584098579 -7955.979266170545 0.6230150779193139 0.6259097377011842 -0.3740902622988158 1.0842286584511602 1.0842286584511602
0.16898849058 132.72663701719347 5099367.618488136 9824.204914063881 10931.192320924925 9915.89849297609 0.29059452146384424 0.07430646542788967 -0.2653849234400144 132.72663701719347 0.4843242024397404 100.73365208371291 1.2189392789997262 0.0 42.93159127621739 -54.50187090529458 0.11710783226565256 -113.61076133757616 1.2198652301183674 9716.99464879236 -104.10235278789324 -0.1093659491839702 -0.05184383659875856 1.130505551296528 0.23663598434677482 1.1455993682782726 -3.767365481558417 -8.170472293686423 17.678880843369345 54.558424340641686 6445.332260608873 -7409.686377443369 0.6461813488567878 0.6499998225248487 -0.35000017747515133 1.1343240249645892 1.1343240249645892
0.173162506298 123.61631055991089 4443001.246071332 11108.087450436713 10193.872899097183 8807.680470431942 0.30605562809478953 0.09458864471520691 -0.24321875706959872 123.61631055991089 0.5100927134913159 100.31617277469638 1.2668739564217173 0.0 57.13088495739795 -56.901399796611464 0.11846285366648246 -109.51209087951594 1.2676246442131969 8696.53989321346 -103.70421997584623 -0.11328598468358843 -0.05311252340909764 1.183566495284262 0.1947972311072928 1.1886209723778793 -3.6791174304912944 -8.071460718077716 13.879331621747419 54.196536599282325 5973.115916898542 -6887.7910541126685 0.6734737817929459 0.6781712775515358 -0.3218287224484642 1.1882639910428519 1.1882639910428519
0.177439620203 114.92128559393045 3837358.147875504 12079.451067478938 9490.797342834117 7799.547026241477 0.3210877533419005 0.1161553135089555 -0.2175626415977292 114.92128559393045 0.5351462555698342 100.06252143589438 1.317583613972105 0.0 72.66824216710053 -58.5529982029076 0.11978889865654363 -105.5396086369751 1.3181662137225332 7804.546218266065 -103.46050321107403 -0.11733050039410275 -0.05444670672410451 1.2402975493711395 0.14796187720664913 1.2344020771139879 -3.5907503870617057 -7.962860371818628 10.041965797719698 53.796949926477104 5544.3448634627075 -6389.953242330248 0.7051512938013053 0.7108547258973924 -0.2891452741026076 1.2460009814672266 1.2460009814672266
0.181822378822 106.65930464826093 3284695.743153804 12757.943515375067 8820.05838884284 6887.577545601687 0.33534447966427144 0.13892341063574065 -0.1880879462380155 106.65930464826093 0.558907466107119 99.94794010859292 1.3708195198691038 0.0 89.36557246876986 -59.427928897612 0.12109101341763116 -101.68962014421227 1.371251508885444 7038.008673107619 -103.34562148744797 -0.12147711947531464 -0.05584686163920249 1.3003704635441813 0.09582943065465012 1.2826869057746757 -3.502552390316886 -7.8442343995209 6.188233056285203 53.34591235671451 5155.236218345944 -5915.888129816518 0.7414629974370622 0.7484832198568867 -0.25151678014311324 1.3073906859640059 1.3073906859640059
0.186313391579 98.8442822448026 2785982.887830981 13166.456938745941 8180.262156193367 6067.193439125182 0.3484177839077677 0.16275800010561872 -0.1544900499990216 98.8442822448026 0.5806963065129461 99.94443424271657 1.4262062565139246 0.0 106.96738751209209 -59.49237307576804 0.1223757647118046 -97.95849200082822 1.4265182184779508 6392.125831394025 -103.33075705990211 -0.12569609433545498 -0.05731272296103326 1.3633215160191738 0.038169639494217 1.3331078878288976 -3.4148285845014947 -7.7151682706075455 2.3429032115336526 52.82926248538741 4801.9439307852 -5465.315886992239 0.7826252095062278 0.7914604963506131 -0.20853950364938684 1.3721568028635593 1.3721568028635593
0.190915332351 91.4861698474106 2340983.9746048613 13330.244242641818 7570.41813677114 5333.279339540627 0.3598404051533747 0.18745845746085552 -0.1165225466105057 91.4861698474106 0.5997340085889579 100.01967733536586 1.483211461978452 0.0 125.12812023809738 -58.70921965217784 0.12365138775459678 -94.34265807865275 1.483449999638523 5859.750573764941 -103.3827746498691 -0.1299492155741848 -0.0588431172572155 1.4285235629157527 -0.02512751628056067 1.3851615508120267 -3.3278995272388503 -7.5752824475821265 -1.4648341236342404 52.2324637397416 4480.577593891993 -5037.927793128823 0.8287895543267947 0.8401168040596051 -0.1598831959403949 1.439850812648563 1.439850812648563
0.19563094106 84.59089285035607 1948385.00435532 13276.109769866014 6989.841211361863 4680.3098223452125 0.3690947177093661 0.21274408544198065 -0.07404235488354821 84.59089285035607 0.6151578628489435 100.1359466372864 1.541115507965395 0.0 143.40212381557643 -57.042228227513355 0.12492792402757097 -90.8386259741501 1.5413458420685604 5430.888872269745 -103.46317792722758 -0.13418887394477988 -0.06043578171509697 1.4951586245204085 -0.09398908862432528 1.4381848076920398 -3.2420989114895993 -7.424251544144579 -5.200300408932883 51.54074111263208 4187.241491662253 -4633.3663185105615 0.880000761671465 0.8946504933650113 -0.10534950663498865 1.5098083562139548 1.5098083562139548
0.200463025304 78.1603575044867 1605949.955627404 13031.679406989531 6438.0653869586395 4102.476954305136 0.3756302712448471 0.23824044995513197 -0.027066068610591354 78.1603575044867 0.6260504520747452 100.24919919537763 1.598984383464154 0.0 161.2397145699829 -54.45963326238122 0.1262173386919503 -87.44298358004909 1.5992919693423888 5092.3655382740835 -103.52721922517895 -0.13835744286312707 -0.062087177935969615 1.562194070163189 -0.16808438110902785 1.4913343207466625 -3.1577705477354243 -7.261831015790177 -8.822404629339687 50.739345880446855 3918.090637121788 -4251.216784752607 0.9361436180884438 0.9550548804448851 -0.04494511955511493 1.5811053325196303 1.5811053325196303
0.205414462029 72.19252468370179 1310695.8996835044 12624.747501201899 5914.768904197027 3593.8143474216567 0.3788919131163558 0.26346827383263527 0.024163700196440208 72.19252468370179 0.631486521860593 100.30844689262807 1.6556502220570333 0.0 177.9921512971686 -50.94001889274637 0.12753360440539185 -84.15240564550443 1.6561404495397047 4827.844908083661 -103.52330855814907 -0.14238720118541748 -0.06379231324190048 1.6283664992323144 -0.24674105758152445 1.5435725285638189 -3.075264447009822 -7.087892217014168 -12.28301069563047 49.81397260041652 3669.399240162082 -3891.0073885944616 0.9968799773717213 1.0210319413952624 0.021031941395262543 1.6525184632558556 1.6525184632558556
0.210488199242 66.68154644242941 1059075.9846970607 12082.711237658637 5419.710289585991 3148.3138997937185 0.3783595442091919 0.2878376717403475 0.07910661244641404 66.68154644242941 0.6305992403486531 100.25563996696962 1.709705852795067 0.0 192.93077338242432 -46.48380193012636 0.1288927355331439 -80.96366019208045 1.7105006891738568 4618.4120087575075 -103.39296267663104 -0.1462010620688961 -0.0655445872100648 1.6921789191487213 -0.3288596654525054 1.593665308494219 -2.9949318549141406 -6.90246618480273 -15.526836299747849 48.75134651207654 3437.640093725506 -3552.216536300055 1.0615796788000682 1.0918987760244443 0.0918987760244444 1.7224980163730974 1.7224980163730974
0.215687257763 61.61796044041402 847160.5247869503 11432.071763857393 4952.674717064119 2760.0320159929934 0.3735988538620115 0.3106505204726151 0.1368547064398684 61.61796044041402 0.622664756436686 100.02630732532198 1.7595194628765545 0.0 205.28251157586766 -41.10868491956598 0.13031275446545543 -77.87361465238583 1.7607498797784404 4443.81969617965 -103.07147444452872 -0.1497143973890129 -0.06733568642135954 1.7519167308420986 -0.41283697847203094 1.640196064585104 -2.9171191195275257 -6.705795630582676 -18.492064161560222 47.53998627618834 3219.566628236519 -3234.2823895260362 1.1292519744054126 1.1664961165597916 0.16649611655979157 1.7891608729964776 1.7891608729964776
0.22101473303 56.98893649858503 670808.0840679897 10698.034119472355 4513.430429774627 2423.182788082503 0.3643198405247748 0.331115160980216 0.19607837177118403 56.98893649858503 0.607199734207958 99.55121381181277 1.803278105979142 0.0 214.28348391451604 -34.87095747495975 0.13181357068243124 -74.87924158633437 1.8050714925571645 4284.339343276967 -102.48967308650116 -0.15283823537168068 -0.06915555485464264 1.8056896831183504 -0.4965174690594288 1.6816026891520406 -2.842160339664468 -6.498393639327479 -21.11203786083931 46.17112511706826 3012.2999431510784 -2936.6172186555536 1.1984899489103926 1.243117092926676 0.24311709292667583 1.850316827134634 1.850316827134634
0.226473796935 52.778568813299664 525819.8068881648 9904.173879513099 4101.693757236961 2132.2163557032127 0.35043649259856885 0.34837601680365127 0.2550037520102342 52.778568813299664 0.5840608209976148 98.75924194048415 1.839064573007849 0.0 219.25361598194436 -27.87544796573714 0.133416754088878 -71.97762386261363 1.8415272290973734 4122.8821567720115 -101.57689533155937 -0.1554840137126758 -0.07099246956593011 1.8515037441792572 -0.5771925683478895 1.7162407414381653 -2.770368840353072 -6.28110535922754 -23.318166109718202 44.63974256405109 2813.409366910787 -2658.6205970394644 1.2674429231816424 1.3194764965504235 0.31947649655042354 1.9035373175480383 1.9035373175480383
0.23206769972 48.968207241641466 408072.7320921353 9072.156866931422 3717.103243987304 1881.8814540097349 0.332117968114209 0.3615593126602633 0.31143851981657183 48.968207241641466 0.5535299468570151 97.58159153831566 1.864968466673587 0.0 219.6788921807383 -20.253026728016458 0.13514518841258674 -69.16595915818473 1.8681647199794735 3946.8649740331334 -100.26516194299711 -0.15756992702350608 -0.0728332492644744 1.8873636776500584 -0.6516677620105292 1.7424732996546597 -2.702027670940262 -6.055168204335138 -25.044034580477238 42.94562151891559 2620.9765650154527 -2399.6882398947737 1.3338337307930432 1.392742650941654 0.39274265094165417 1.9462725977986692 1.9462725977986692
0.237799771903 45.53681927490324 313628.95244698063 8221.572334064651 3359.201354805786 1667.2718138745545 0.3098191874003653 0.3698364717279645 0.3628674373208616 45.53681927490324 0.5163653123339422 95.95716395225448 1.8792327496548038 0.0 215.29506672900897 -12.191069046264682 0.13702259693027555 -66.44156368309218 1.883164153389869 3749.3191291631433 -98.49472680316593 -0.15902862878822074 -0.07466361647950989 1.9114062678452786 -0.7164229267592729 1.7587876102161855 -2.6373794712977574 -5.822263122682834 -26.23089999739092 41.094306517990205 2433.6496848195447 -2159.224084361533 1.3950409555113363 1.4596598254510242 0.45965982545102413 1.9760251377849665 1.9760251377849665
0.243673426269 42.461375958274886 238819.43522830255 7369.8007558220515 3027.4227255140263 1483.856922223246 0.2842790398737764 0.3724988901615239 0.40662117832371775 42.461375958274886 0.47379839978962734 93.83870410686424 1.880419578113345 0.0 206.15890396575836 -3.923875184826547 0.13907294545690804 -63.80187500141855 1.8850092439015822 3528.917067697367 -96.2202481120163 -0.15981569998208633 -0.07646871891458978 1.9220512117460584 -0.7678645674154523 1.763926323390529 -2.5766162722046317 -5.584547593284736 -26.833825517313 39.09780987555246 2250.663714923059 -1936.6441472325419 1.4482528119564313 1.5167659908550448 0.5167659908550448 1.9905643906446722 1.9905643906446722
0.249692159898 39.717253283977364 180303.09632235608 6531.941691036202 2721.089152648929 1327.498173589353 0.25647870344005974 0.369036761461684 0.4401132425962464 39.717253283977364 0.4274645057334329 91.19896547306702 1.8675777483296794 0.0 192.6816127242903 4.294488648703705 0.14131974084751175 -61.244453878337126 1.8726654435671524 3288.991778602931 -93.41692839971003 -0.15991795818382773 -0.07823379555757778 1.918154458134744 -0.8026580324721801 1.7570195846021193 -2.519869942556786 -5.344660812676819 -26.82781370869609 36.97490353668096 2071.825670206758 -1731.3755969331196 1.490689952401311 1.5606994506100573 0.5606994506100573 1.9881639563434903 1.9881639563434903
0.255859556247 37.27864123526126 135102.4756462547 5720.810959479878 2439.409688877831 1194.452028037318 0.22755992607164785 0.3592114307562511 0.46112180750033904 37.27864123526126 0.3792665434527464 88.03590152974067 1.8403883509530856 0.0 175.6163942989232 12.186214101105396 0.14378525954810203 -58.766985067650054 1.8457407150081713 3035.935258996188 -90.08572864923568 -0.1593603100269187 -0.07994494821072395 1.899143870298755 -0.818104892401424 1.7377000363064548 -2.467204123438016 -5.105689256208898 -26.21305432537674 34.75085864558381 1897.4640793020405 -1542.8529852015529 1.5198773268460086 1.5885644921377775 0.5885644921377776 1.9678310355905242 1.9678310355905242
0.262179287286 35.1189527401618 100618.6456656585 4946.972173451413 2181.485501000264 1081.362195337291 0.19871332563713126 0.3431069761904605 0.468069835034903 35.1189527401618 0.33118887606188546 84.37582628687008 1.7992587110967886 0.0 155.99154582146022 19.48209270698814 0.1464897551860643 -56.367276985258115 1.80459546878534 2777.4631600580956 -86.2564146708366 -0.15820968444374692 -0.08158995508874574 1.8651124204726657 -0.8125010445729829 1.7061784905331001 -2.4186085080105157 -4.871082056928922 -25.018055628649563 32.45655681430627 1728.3364278447498 -1370.508002500821 1.5339235444107804 1.5982955898561435 0.5982955898561435 1.929484465918029 1.929484465918029
0.268655115682 33.21122493653829 74628.47568082021 4218.820762897807 1946.3184830810005 985.2431216384541 0.17105569144448263 0.32115073961759283 0.4602524710843061 33.21122493653829 0.28509281907413775 80.2736735332035 1.7453452901584439 0.0 134.99583307316055 25.938800347497835 0.14945070388288978 -54.04326023678982 1.7503776888482923 2521.163819222329 -81.98770439187976 -0.1565746226323453 -0.0831590458714832 1.816851522649054 -0.7854096463178384 1.663265503198516 -2.373996214405547 -4.644507065091148 -23.299937089998792 30.126991282184928 1565.505932055927 -1213.7573509430513 1.5317587035749163 1.5889539319518402 0.5889539319518402 1.874046751025978 1.874046751025978
0.27529089704 31.528505866749573 55267.783038095164 3542.6971275966807 1732.8228610510948 903.4571755598874 0.14551988599582388 0.29409505149493215 0.4379595425875175 31.528505866749573 0.24253314332637316 75.8099504807032 1.6804926859138907 0.0 113.83756951805579 31.357545236405446 0.15268214856722934 -51.79298498044686 1.684966089155093 2273.5348722173057 -77.36400425124793 -0.1545995065453198 -0.08464555241136962 1.755812703623443 -0.7377836949900674 1.610329158403871 -2.333204761704399 -4.42964403193117 -21.141375238869898 27.799284869106184 1410.195763780845 -1071.9881708332612 1.5132795602970697 1.560888331986431 0.560888331986431 1.803421475312804 1.803421475312804
0.282090582197 30.044220048235722 41003.996884095584 2923.0296646272163 1539.83913948656 833.6878618293746 0.12277870339382001 0.2629607973012674 0.40246295193789805 30.044220048235722 0.20463117232303335 71.0846242529999 1.6070941242609313 0.0 93.60361144907603 35.60551176177544 0.15619419637388957 -49.61461713599908 1.6108247888363376 2039.5222564604176 -72.48902100703039 -0.1524532493821094 -0.08604636015895684 1.6840000304927305 -0.6719048186811915 1.5491925753682694 -2.2960008021363496 -4.229922811451585 -18.644481059579714 25.51044683149824 1263.6382067800416 -944.5442253508945 1.479368858169697 1.5157210085885384 0.5157210085885383 1.7203521809115716 1.7203521809115716
0.289058219577 28.732507175754193 30601.794841091698 2362.5019100889367 1366.1495661670956 773.9111929831861 0.10321516494890003 0.2289508729983181 0.3558683622941883 28.732507175754193 0.17202527491483338 66.20881395164895 1.5278936372090217 0.0 75.14776725499594 38.618699644552805 0.15999270767230028 -47.50643346749945 1.530791119261837 1822.4506925504902 -67.47716068221735 -0.15031352102599327 -0.08736211086162275 1.6038081785622025 -0.5911443017462268 1.4819856638717868 -2.262088361768706 -4.0482325646273285 -15.922494650090563 23.29514571893124 1126.93629213323 -830.7151767119952 1.431782903647369 1.4561571177039607 0.4561571177039607 1.6281823926187942 1.6281823926187942
0.2961979576 27.568528996636974 23084.8811365016 1862.2339225180333 1210.494498394171 722.3670216079506 0.08693955275144169 0.19334706598033774 0.3008608092134295 27.568528996636974 0.14489925458573616 61.295599373683814 1.4457600637991657 0.0 59.02758618599644 40.40463859277218 0.16407919352071973 -45.46681559737024 1.4478309627028476 1624.1927526235077 -62.44404585300206 -0.14834904474781693 -0.08859714234367305 1.5178303944328773 -0.49959096534872305 1.4109734084805556 -2.2311199622406575 -3.886650134174415 -13.090580121457402 21.183772748449012 1000.9523755622594 -729.7302994485143 1.372931139847141 1.3856562462308877 0.3856562462308877 1.5305555008166238 1.5305555008166238
0.303514047153 26.52874025072432 17696.6246407678 1421.974567225991 1071.5890530246375 677.5317223857203 0.07384233840364461 0.15740678852116438 0.240396806486077 26.52874025072432 0.12307056400607436 56.45136026177347 1.3634673704921514 0.0 45.495381084020785 41.03427806541681 0.16845091476067445 -43.494243024387686 1.3648015433029246 1445.4432156935488 -57.4976495922688 -0.14670360668681254 -0.08975918807574272 1.428665612685049 -0.4016187310644735 1.338386676952003 -2.2027097115117487 -3.746250441025426 -10.25715612685569 19.201010924449076 886.2344928708195 -640.7581387174456 1.3055950486789747 1.308033946735684 0.30803394673568407 1.4311045107417584 1.4311045107417584
0.311010844118 25.591120504417475 13861.759489957003 1040.298067415842 948.1395124985812 638.0931628458953 0.06366580425637886 0.12227423768060525 0.17740081816967262 25.591120504417475 0.10610967376063143 51.76882180842791 1.2835104919303042 0.0 34.53592974520298 40.62816930330504 0.17310115508202303 -41.58728524506971 1.2842553192656072 1286.0072212584291 -52.73126992233695 -0.14548544752138115 -0.09085888948294732 1.3387510814363632 -0.30147111850805275 1.266278168530697 -2.176447311529505 -3.6270547529879384 -7.516929924279292 17.36502714034622 782.9839582838227 -562.9122187795804 1.2326414076757317 1.2270684029769485 0.22706840297694847 1.33317807673758 1.33317807673758
0.318692811968 24.735364652253402 11150.80561483449 714.8002429930153 838.8590334324141 602.9284587415063 0.05607682389486905 0.088916052057613 0.11451445065414881 24.735364652253402 0.09346137315811509 47.322507974706106 1.207975823812264 0.0 25.933958101516414 39.34058328886334 0.17801962573390925 -39.74459309071359 1.208306126364635 1145.0550789481367 -48.219071091044924 -0.14476424562739137 -0.09190919178980897 1.2502387971985078 -0.20292546703392825 1.1964186929148832 -2.1519119459031932 -3.528137374339373 -4.946340625991969 15.68729568803217 691.0615566385833 -495.2622681041932 1.1567774240403927 1.1461750504878097 0.1461750504878096 1.2396364236459247 1.2396364236459247
0.326564524423 23.943030830768887 9248.33294212989 442.2900531427076 742.4822815930777 571.0846179936428 0.05072769534812385 0.0580855322320594 0.053926819259207795 23.943030830768887 0.08454615891353975 43.166761589056165 1.1384729781727474 0.0 19.352159721474102 37.34255916313085 0.18319295282607245 -37.96488941736969 1.138563525521042 1021.3286884607172 -44.0143207322477 -0.14457540261481713 -0.09292469778069773 1.164922856252521 -0.1090722818599916 1.1302392596221231 -2.128685159059475 -3.447859990847427 -2.601571324030573 14.172968963813316 610.024706026983 -436.849716139244 1.080376697338981 1.0681861965922774 0.06818619659227733 1.152732355505817 1.152732355505817
0.334630668176 23.197645436964898 7925.7052699597325 218.9727066486605 657.7786981849483 541.7618653913986 0.04729844290954592 0.030313970118189648 -0.0027073892329799176 23.197645436964898 0.07883073818257653 39.3360331415865 1.0761233489495967 0.0 14.403483938989652 34.80727863118248 0.18860519913138615 -36.24695929352295 1.0761284474052428 913.3023598830621 -40.1499543330318 -0.14492904235388343 -0.0939210451870742 1.0842144360702892 -0.022215828878055607 1.0688156852603075 -2.1063620722217293 -3.3841626896095365 -0.5188323498993102 12.821652098548684 539.1853682120474 -386.70584911162274 1.0053836978877129 0.9952442256571717 -0.004755774342828242 1.0740749638397484 1.0740749638397484
0.34289604568 22.48476586550447 7018.519576058607 40.62135667430641 583.564175254583 514.2992260918945 0.04552002989062205 0.005923792212801458 -0.054273098624325715 22.48476586550447 0.07586671648437009 35.84685865837328 1.0215936178600444 0.0 10.707584513607081 31.898354589883475 0.1942383791315981 -34.58963984879969 1.0216353380554473 819.3072282870038 -36.64081064711897 -0.1458202026712474 -0.0949143568864653 1.0091543178223938 0.05612074244169857 1.012886665261087 -2.0845605470551947 -3.334833460324073 1.2836626620047993 11.628417384054023 477.67818760772474 -343.87094963522594 0.9332876013380237 0.9287942959540321 -0.07120570404596789 1.0046610124384021 1.0046610124384021
0.351365578009 21.792002447108942 6408.618886911955 -97.26519843588716 518.7109912146996 488.16183160513623 0.04518192704283486 -0.014943589216520758 -0.10014416424832 21.792002447108942 0.0753032117380581 32.7008556416543 0.9751590474897381 0.0 7.927749309772215 28.762048573068153 0.20007293635779955 -32.99180994750722 0.9753233183175944 737.6281084558397 -33.4868131574991 -0.1472373745810388 -0.09592079372853671 0.9404504069796248 0.1251151757931273 0.9628940157129536 -2.062928157590242 -3.2977035825257737 2.802700372533888 10.584905599126735 424.52968857751216 -307.41286743502576 0.8651471952415667 0.8696494914024848 -0.13035050859751518 0.9449527031405429 0.9449527031405429
0.360044307785 21.109001865335678 6010.3065038081195 -199.32051382566584 462.15592042600827 462.929388077341 0.04612914799004844 -0.03229226513143171 -0.14010006768473482 21.109001865335678 0.0768819133167474 29.88812349560509 0.9367818456320125 0.0 5.789565621366355 25.522863684356757 0.20608816333186136 -31.45237986264047 0.9371203579695736 666.5790020333623 -30.676471570044498 -0.14916809608040316 -0.09695622173394204 0.8785287577083399 0.18452279708818642 0.9190345005105474 -2.041147033609576 -3.2707551208280603 4.046663413424031 9.680392876159814 378.72175865660705 -276.44380544634487 0.8016468443915925 0.818098328623143 -0.18190167137685695 0.8949802419398903 0.8949802419398903
0.368937402188 20.42739503903644 5760.224569237848 -270.18550016451627 412.9064910463628 438.285296115231 0.04825371891675683 -0.04623452507293576 -0.17423038003875624 20.42739503903644 0.08042286486126139 27.39057733834801 0.9061924848225053 0.0 4.085360926422435 22.281978699925336 0.21226255488897716 -29.970281119061553 0.9067280408390893 604.5608245231523 -28.19024835896316 -0.15160175069646706 -0.09803599117858547 0.8235892317775497 0.2345379484377139 0.8813148435567473 -2.018936780390091 -3.252157295698911 5.032190055797297 8.902741215116912 339.2451727206869 -250.13444164466685 0.7431663669162882 0.7740281860413927 -0.22597181395860738 0.8544510509026542 0.8544510509026542
0.378050156022 19.740713069288404 5610.273325550453 -314.40123844335847 370.0454161251042 414.0060124781549 0.051484416979869295 -0.05695591893003266 -0.20284191907395302 19.740713069288404 0.08580736163311549 25.184911406499403 0.8829654425591624 0.0 2.6692601053422127 19.11803627361195 0.2185740940935181 -28.544456684216172 0.8836987135465563 550.1033786552106 -26.00351452173068 -0.1545304909485669 -0.09917481560521771 0.7756597962777682 0.27566042473322444 0.8496041424598859 -1.9960557611763992 -3.2402610210705682 5.781203183556057 8.239188558496648 305.1411878903165 -227.72485702348575 0.6898524346446527 0.7370453053659874 -0.26295469463401255 0.8228526669991029 0.8228526669991029
0.387387994876 19.0442753303335 5522.926583308364 -336.3197055588326 332.7332695723357 389.9503736389028 0.055777204124587906 -0.06468509744337378 -0.22637755598466458 19.0442753303335 0.09296200687431318 23.245039553717294 0.8665844508896485 0.0 1.4472504818407053 16.089131695833387 0.22500047613509497 -27.173851659109758 0.8675007031014007 501.89314902138665 -24.088969541543165 -0.15794929610390793 -0.10038673384997804 0.7346459149441824 0.3085789983522258 0.8236803130695137 -1.9723010591244756 -3.233578082014102 6.3184601995807 7.676964890081195 275.53103809505933 -208.53208275050548 0.6416839080698692 0.7065797514793595 -0.2934202485206406 0.7995417583536726 0.7995417583536726
0.396956478349 18.335054159841093 5468.329986181937 -340.03226068675497 300.20951725446974 366.04874037479306 0.06110754885847988 -0.06966946403201658 -0.24535073319482187 18.335054159841093 0.10184591476413314 21.543975106560644 0.8564951815693111 0.0 0.36558277264970757 13.235606295857412 0.2315192793314844 -25.85740463143786 0.857570135273528 458.7885000842797 -22.418502976130156 -0.1618558776448367 -0.1016851367348995 0.7003731961199963 0.33407746153752177 0.8032689754276937 -1.9475074294661006 -3.23076143471276 6.669663090020459 7.203742121668334 249.63428195836178 -191.95430327931481 0.5985272813558632 0.6819700614261481 -0.3180299385738518 0.7838159761902812 0.7838159761902812
0.406761303364 17.61152083254573 5422.6367959620675 -329.31524987992395 271.79204542906615 342.2919531233489 0.0674649541815314 -0.07215665900300569 -0.2602962113867258 17.61152083254573 0.11244159030255232 20.055186638222374 0.8521453789158266 0.0 -0.6003599672501464 10.58315954481591 0.23810809432736452 -24.59403982349629 0.8533498470223274 419.8241265244616 -20.964540252752656 -0.1662507705100773 -0.10308284106572528 0.6726226796063297 0.35296378697923797 0.7880744836089726 -1.9215455228246114 -3.230593045657229 6.860092616400869 6.807938084822675 226.77762856086048 -177.47195305543414 0.5601810893037774 0.6625269057351708 -0.33747309426482913 0.7749684960377232 0.7749684960377232
0.416808307557 16.873477604875383 5367.1261952694695 -307.5916795848755 246.87535403560182 318.7201984537058 0.07484949656217288 -0.07238128013470253 -0.27173543224329877 16.873477604875383 0.1247491609369548 18.753505762908755 0.8530137286936561 0.0 -1.4555750415432114 8.145769006647717 0.24474462297734167 -23.38266016075311 0.8543170013127516 384.20680134971 -19.700948929394315 -0.17113766683173612 -0.10459219590064617 0.6511589507400997 0.3660200947192966 0.7778036229023463 -1.8943196191700544 -3.231978996509311 6.913690227868114 6.4789005182258865 206.39614023812993 -164.64608304820317 0.5264097898031448 0.6475778480293242 -0.3524221519706758 0.772327008966279 0.772327008966279
0.427103472754 16.121880592061032 5287.749108567907 -277.90775320092683 224.92760054890604 295.411969754674 0.08326995221797828 -0.07055598155815668 -0.2801539623040197 16.121880592061032 0.13878325369663047 17.615677010637693 0.8586292913926108 0.0 -2.1929152887526278 5.928462367458309 0.25140675792733125 -22.222141360705095 0.8600014106434556 351.30445730546757 -18.60359093315347 -0.17652390732187898 -0.1062252089154018 0.6357517148234224 0.37396985889048606 0.7721828967682518 -1.8657650670417634 -3.2339486970305167 6.8524991245821365 6.2069976599175956 188.02867972264264 -153.11443512115932 0.49696846112679194 0.6364964827890751 -0.36350351721092483 0.7752797364857056 0.7752797364857056
0.437652928531 15.358658085047455 5174.845400555083 -242.92267358343702 205.48669130538983 272.4733565875708 0.0927430403443818 -0.06686598919957985 -0.285988183916669 15.358658085047455 0.154571733907303 16.620637634358562 0.8685835499906339 0.0 -2.7985609045369526 3.9296527835885944 0.25807265276187996 -21.111327124345664 0.8699966928497924 320.6305790296159 -17.650606061474775 -0.1824210127181526 -0.1079936835482457 0.6261917723284851 0.3774583645725692 0.770970553236856 -1.8358455796265563 -3.2356548182531797 6.696375881124068 5.983639842659797 171.3093448054871 -142.58572445801698 0.47162003842118205 0.6287196185012299 -0.3712803814987701 0.7832913524085329 0.7832913524085329
0.448462955866 14.586528653830873 5022.866070808081 -204.91006219967596 188.15562108917837 250.02791766702776 0.10329336086366832 -0.06146615469334197 -0.2896186561536019 14.586528653830873 0.1721556014394472 15.749604357534619 0.8825369452858454 0.0 -3.255742727057716 2.143077448288747 0.2647207912134321 -20.04902548642052 0.8839661414981711 291.8256510427214 -16.82250076811762 -0.18884516263803092 -0.10990936012612319 0.6223023913731608 0.37704278375058714 0.773964469952541 -1.8045505014361063 -3.236371583469369 6.4628963017722665 5.801252834676043 155.95637402556216 -132.83262116049048 0.45014678993371354 0.6237558408707604 -0.3762441591292396 0.7959114423102076 0.7959114423102076
0.459539990876 13.808823024461976 4830.009837249507 -165.76921630003366 172.597260508737 228.20738488424448 0.11495369108583028 -0.0544797935825296 -0.2913679725327773 13.808823024461976 0.1915894851430505 14.986029840070684 0.9002215126102731 0.0 -3.547078779755085 0.5594148676083217 0.2713300624184929 -19.034006359919815 0.9016449000237616 264.63716496740415 -16.10210363407623 -0.19581757210152517 -0.11198405621377923 0.6239470505748552 0.37318879708481584 0.7810069200700319 -1.7718921276918103 -3.235490345959573 6.167393071803162 5.653219585016819 141.75975004785346 -123.68390660212877 0.43235756543180476 0.6211882675039611 -0.37881173249603894 0.8127777526470115 0.8127777526470116
0.47089062865 13.029313272417955 4597.742216559821 -127.04434543141727 158.52878174191645 207.14341501678294 0.127765389466635 -0.04599869084220854 -0.2915013714517745 13.029313272417955 0.212942315777725 14.31547725711781 0.9214409443259506 0.0 -3.6558720505144904 -0.8325050135427637 0.277879847769018 -18.065000282478707 0.9228397258846721 238.8994385706618 -15.47443640240381 -0.20336475169050086 -0.11422980296345189 0.6310344369404186 0.36627128525175345 0.7919871014613444 -1.7379031330139827 -3.232512383679292 5.823076263754192 5.5338031306423305 128.5684801694855 -115.01624669090045 0.41809212116269356 0.6206737499189572 -0.37932625008104287 0.8336160656966822 0.8336160656966822
0.482521627178 12.252052379333302 4330.2068159577875 -89.95003563473162 145.71590102403684 186.960558244756 0.14177872344807696 -0.036083828246667615 -0.29022883824900503 12.252052379333302 0.23629787241346162 13.725448587657704 0.9460690341644566 0.0 -3.5666816170092184 -2.044717907512916 0.28435012357979017 -17.140698350805998 0.9474272622959261 214.51421159511722 -14.92653586478309 -0.21151865933573574 -0.11665897525907272 0.6435213994204637 0.35657729990235365 0.8068420972416355 -1.7026341466592176 -3.2270394435087955 5.4412019295317 5.438060014552933 116.27827839255764 -106.7459584828446 0.40722352700700204 0.6219401540314939 -0.378059845968506 0.8582380264449556 0.8582380264449557
0.494439911369 11.481226653190243 4033.5640210386255 -55.401177585612686 133.96709858162274 167.77055414193495 0.1570529825432774 -0.024766493382418712 -0.2877077372102303 11.481226653190243 0.26175497090546235 13.20519160873263 0.9740472336952319 0.0 -3.2654209234177802 -3.0894231691450194 0.29072158258110886 -16.2597533072054 0.9753515138632001 191.4327643372771 -14.447253105177914 -0.2203167593744098 -0.11928441404302734 0.6614144326568783 0.344309948846858 0.8255567975700939 -1.666151496676341 -3.2187628031817774 5.031263005209264 5.361750765381211 104.82018391782645 -98.82109550657869 0.3996594617514159 0.6247829629813818 -0.3752170370186182 0.8865379338868441 0.8865379338868442
0.50665257718 10.721022953842732 3715.3040737956326 -24.04579662806944 123.12795629805582 149.66800319483946 0.17365625732560533 -0.012049567767383633 -0.28404534663211967 10.721022953842732 0.28942709554267554 12.745502323604779 1.0053817489105557 0.0 -2.73917094578982 -3.9784406148377656 0.2969757763169736 -15.420781716212858 1.0066209282092518 169.64005663895387 -14.027046966217895 -0.22980200149703964 -0.12211953938621196 0.6847700614606234 0.3295923214339543 0.848163109358006 -1.6285351348049253 -3.207451613447205 4.6011863634421655 5.301251790674498 94.15045550684255 -91.21409794399997 0.3953429659179479 0.6290620139047118 -0.3709379860952882 0.9184891094473873 0.9184891094473873
0.519166895836 9.97551210225502 3383.582785011152 3.70067252023253 113.0757315264989 132.72740024260028 0.1916647656082963 0.002091131435635224 -0.2793008421553236 9.97551210225502 0.31944127601382716 12.338533347529113 1.0401404338585036 0.0 -1.9758603093774338 -4.722817467681411 0.30309527963801214 -14.62236715661929 1.0413053220289077 149.14120104668353 -13.657783218765353 -0.24002272334374278 -0.12517845268783032 0.7136943635954665 0.312470837895043 0.8747386564606563 -1.5898767462798653 -3.1929411636454352 4.157525101499375 5.253471377123829 84.24194267246443 -83.91519242391983 0.39425308758163935 0.6346989583046627 -0.3653010416953373 0.9541402343184899 0.9541402343184899
0.531990318164 9.248549306578939 3046.621810242627 27.620920807310597 103.71426123284256 117.0014602034916 0.21116158445389985 0.017705497495034462 -0.273486426979775 9.248549306578939 0.35193597408983307 11.977614277045072 1.0784495471100581 0.0 -0.9639060372106057 -5.3325822058624155 0.30906387793430984 -13.863064330277084 1.0795327061078694 129.95040863380413 -13.332546035980997 -0.25103246665592843 -0.1284760258809492 0.7483417084910836 0.29291764910638485 0.9054050280841961 -1.5502780433581747 -3.1751215340434564 3.705639828339546 5.215771279494294 75.07701007701958 -76.9266578639492 0.3964057344012506 0.6416758384591434 -0.35832416154085656 0.9936118125489766 0.9936118125489766
0.545130479022 8.543691929935205 2712.204842965149 47.66213835088439 94.96926814992567 102.5206194502398 0.23223461295396097 0.03486772120072249 -0.2665674535598181 8.543691929935205 0.38705768825660164 11.657086913788717 1.1204902346967835 0.0 0.30809719554014303 -5.816492999372473 0.31486677727244455 -13.141403980772822 1.1214858684027178 112.08239427811874 -13.045464287664146 -0.2628896821157364 -0.13202797466125651 0.7889126170567421 0.27083195092086 0.9403254780857306 -1.5098492378827857 -3.1539269456962784 3.249866638804951 5.185894525265837 66.64198932109254 -70.25801017255105 0.40185492880014045 0.6500349849469882 -0.34996501505301186 1.0370926732035899 1.0370926732035899
0.558595201854 7.864134453558327 2387.2885550953893 63.90411855203095 86.78411753597385 89.29356004573378 0.2549735385233466 0.053674743049191585 -0.25846136881416176 7.864134453558327 0.424955897538911 11.372156043977185 1.1664945287247492 0.0 1.851578745373676 -6.181943854412196 0.32049083742167017 -12.455898496583487 1.1673985046330337 95.5461410079416 -12.791554624005407 -0.27565728037761433 -0.1358509115917107 0.8356505521265389 0.24604008737493896 0.9797019037742833 -1.4687076853251613 -3.129325976966632 2.793669849544715 5.1618994835497 58.923075296758114 -63.92211627939075 0.41069465458762794 0.6598804579700852 -0.34011954202991473 1.0848363555089962 1.0848363555089962
0.57239250334 7.212660087685435 2077.7348534671933 76.52970088913017 79.11605238144189 77.30858021565135 0.279465515091755 0.07424437948121491 -0.2490354753628631 7.212660087685435 0.46577585848625835 11.118755026461375 1.2167403831233952 0.0 3.678041051667602 -6.434875819503968 0.32592482764093955 -11.805048072881121 1.217550424195565 80.34082641136595 -12.56657977891063 -0.28940196717787414 -0.13996237333479994 0.8888372205685336 0.21829459354887526 1.0237707269595107 -1.4269766913028648 -3.101312714818433 2.3397810087889233 5.142099875784996 51.9035157532533 -57.932193991168 0.4230613620822753 0.671381049923166 -0.3286189500768339 1.1371569084094244 1.1371569084094244
0.586530598172 6.591608129390007 1788.160401521518 85.79801839548048 71.93291678616283 66.53562221636861 0.30578919342019534 0.09671287597995862 -0.23810352511149244 6.591608129390007 0.5096486557003256 10.893424457608978 1.271545130588833 0.0 5.798883745091176 -6.579667800413609 0.33115970528540944 -11.187347292579958 1.2722612263397992 66.45376888499939 -12.366920512509665 -0.3041932796696729 -0.14438081431260757 0.9487858217745787 0.18727240243379686 1.072797179022905 -1.3847844696810396 -3.069898854478607 1.8903256345489008 5.1250101919198325 45.56191991000328 -52.29962819382854 0.4391371660742532 0.6847748377829774 -0.3152251622170226 1.194423493483303 1.194423493483303
0.601017903947 6.002855888723722 1521.8910759419543 92.0208458045058 65.21036071038945 56.92876778361761 0.33400666479156144 0.1212315618980251 -0.22542121769559076 6.002855888723722 0.5566777746526024 10.693201537222928 1.3312565569570116 0.0 8.224951988023275 -6.619141394740816 0.3361889174639007 -10.601291989941409 1.3318816584854187 53.8609822814426 -12.189459369487842 -0.32010221572186165 -0.1491255566528829 1.0158314903817998 0.15257256832585206 1.1270673333153707 -1.3422632399926828 -3.035106715319703 1.4469393357732696 5.109295881607222 39.87149732346207 -47.032511833555944 0.45915371572919733 0.7003752035352484 -0.29962479646475165 1.2570529781878508 1.2570529781878508
0.615863046175 5.447813791653719 1281.0035708096489 95.54215514750375 58.92950651157553 48.42901984752532 0.36415281327376403 0.1479621445699967 -0.2106808835833614 5.447813791653719 0.6069213554562735 10.515517290627969 1.3962404718729122 0.0 10.965738676860045 -6.554551995138757 0.34100872629265366 -10.045386259268284 1.396781556608726 42.53518995850467 -12.03147277785638 -0.33719932105072886 -0.1542166833607779 1.090317906094659 0.11371420688961767 1.1868769823378327 -1.299548450255401 -2.996963136808777 1.0108766182206805 5.093727693570067 34.80002702856142 -42.13480145370061 0.48339655063838566 0.7185779753157584 -0.28142202468424155 1.325499330772032 1.325499330772032
0.631074863415 4.9274321173442726 1066.4335404691517 96.72088370866983 53.0750474438847 40.9672052775051 0.39622153036074914 0.17707007907940966 -0.19350579517279198 4.9274321173442726 0.6603692172679153 10.35809845946367 1.4668634220951233 0.0 14.028151397813772 -6.3855809254948745 0.3456185585402029 -9.518149472861388 1.4673330387814616 32.47801817476365 -11.890528545195956 -0.3555520700143744 -0.15967485829691933 1.1725788237902703 0.07013562033654981 1.2525162680889799 -1.2567781089332466 -2.955494229919164 0.5831151575845945 5.077139627066923 30.310370615471676 -37.60597552910804 0.5122096065223551 0.739869132154713 -0.26013086784528705 1.4002383494226285 1.4002383494226285
0.646662412541 4.442217740538107 878.1291801207723 95.91680328232917 47.63374094087701 34.46685510561825 0.43014826122330707 0.20871530704297048 -0.17344488986496498 4.442217740538107 0.7169137687055118 10.218870622801147 1.5434688788405468 0.0 17.414750820477902 -6.110444292347704 0.35002138047645304 -9.01812317944907 1.5438873099573864 23.785620662035562 -11.764385286821117 -0.3752213474470661 -0.1655210527939532 1.262913009582193 0.021196078562276965 1.3242487345348604 -1.2140922069648468 -2.9107209905885227 0.16445888321647306 5.058390139711515 26.361356326930274 -33.44108378195375 0.5459992408766813 0.7648320755157396 -0.23516792448426038 1.4817458442212514 1.4817458442212514
0.662634974131 3.9922592158269343 715.2304778161863 93.47930294426752 42.5932546733259 28.84694379020871 0.4657884717822386 0.24303953208380205 -0.1499691461578304 3.9922592158269343 0.7763141196370643 10.095858949033072 1.6263449734792341 0.0 21.121376841669267 -5.72598103480665 0.35422409829636137 -8.543877762968492 1.6267431754479598 16.66308968020147 -11.650890463856534 -0.3962568160854238 -0.17177615487468634 1.3615508591020231 -0.03381765397560912 1.4022832826321951 -1.1716322068341174 -2.862655831603677 -0.24435686928436517 5.036326536775555 22.908883438278828 -29.63108306220999 0.5852367394649589 0.79415287820038 -0.20584712179961995 1.5704669978374444 1.5704669978374444
0.679002057992 3.577258556148015 576.2569787511896 89.73882702028858 37.94132103493314 24.024395749298446 0.5028919189527871 0.2801490658393847 -0.12247158547216286 3.577258556148015 0.8381531982546452 9.987083028081859 1.7156816127824825 0.0 25.13405107470019 -5.227828588897753 0.3582379833755884 -8.094018749664599 1.7161051034415935 11.266764066318382 -11.54787313897048 -0.4186909454104325 -0.1784604334675159 1.4686108143401373 -0.09567702120997044 1.4867373532273642 -1.1295405706029111 -2.8113001580183674 -0.6425542312875088 5.009752868112671 19.907118105073963 -26.163364355419517 0.6304576160854922 0.828620969817952 -0.17137903018204803 1.6667741680725974 1.6667741680725974
0.695773408825 3.1965681131697816 459.2902463540949 85.00070622746658 33.66515511432387 19.916293894374217 0.5410731670092825 0.32009233248263946 -0.09027358264492336 3.1965681131697816 0.9017886116821376 9.890442544468932 1.8115150290372144 0.0 29.425172955234306 -4.6110437552189545 0.3620791192790856 -7.66719266413719 1.812028867250925 7.508171327973806 -11.453030120150466 -0.4425314972892429 -0.1855928275462527 1.5840439178677 -0.1651858299266606 1.5775898626475786 -1.0879602922902163 -2.7566432015717 -1.0291942544415758 4.977402203248281 17.309684942944525 -23.022393390271155 0.6822553061855623 0.8691217871530815 -0.13087821284691847 1.7709103988352193 1.7709103988352193
0.712959012023 2.849231057230372 362.14080659289226 79.54101534475006 29.751092646947612 16.441749889197574 0.5797797209370319 0.3628309754775986 -0.052641863289828006 2.849231057230372 0.9662995348950532 9.803591642571483 1.9136576716052252 0.0 33.94904317872635 -3.8701823948430905 0.3657688634989514 -7.262092348768043 1.9143525835964894 5.059884346765338 -11.363799487404975 -0.46775232992649624 -0.1931900299456268 1.707564935550004 -0.24313705003027553 1.6746224330639896 -1.0470343921396867 -2.698662427590917 -1.403044711046011 4.937914869543703 15.07076619570089 -20.19038985926518 0.741265400654951 0.9166157067991019 -0.08338429320089813 1.882915241694155 1.882915241694155
0.73056909962 2.5340240653238912 282.4928971124428 73.60422777643646 26.1844077166414 13.52341824313125 0.6182606144066668 0.4082042708422915 -0.008821049101080725 2.5340240653238912 1.0304343573444448 9.723801643757618 2.021613308243364 0.0 38.6367917729486 -3.000002411992661 0.36933431074185136 -6.87746167301794 2.022612808378087 3.5198119517743462 -11.277226403490367 -0.4942825347611169 -0.20126533966232443 1.838570157306721 -0.33024654546319354 1.7773489928811246 -1.0069053206312963 -2.6373259996164156 -1.7624387308560099 4.889825085364269 13.146073161346145 -17.64800447136026 0.8081357999622762 0.9720969155134453 -0.027903084486554652 2.0025312728578903 2.0025312728578903
0.74861415638 2.249500955823955 218.02339648740312 67.40235791753435 22.949269756536605 11.088655510274776 0.6555401420192721 0.45588726596573736 0.04191223248790232 2.249500955823955 1.0925669033654537 9.647815149806608 2.134479135853356 0.0 43.39146329725406 -1.9972292984374767 0.3728087355228875 -6.512099576121258 2.135947107519407 2.549487054436493 -11.189827137486922 -0.5219941548373327 -0.20982726724084322 1.9760438477525473 -0.42705731652033746 1.8849354460670968 -0.9677142094734466 -2.572597775234113 -2.10512978613155 4.831559475347007 11.493661271714444 -15.374955185567826 0.8834769443870935 1.0365243343581545 0.0365243343581545 2.129091237723608 2.129091237723608
0.767104926043 1.9940361752057987 166.494031281448 61.115190797867584 20.028808371408193 9.070341589873772 0.6904039325682898 0.5053436261934493 0.10016519514353228 1.9940361752057987 1.1506732209471497 9.571700259680343 2.250838416090682 0.0 48.083854611434184 -0.8609437059303912 0.37623198062219587 -6.164863399665407 2.252985974519402 1.9182020832203233 -11.097448688007276 -0.5506891482928563 -0.21887789761772694 2.1184573826708166 -0.5338055330310149 1.9961127762989177 -0.9295999000744833 -2.5044455247007984 -2.42813976364107 4.761451920977407 10.074550579589996 -13.35058106674147 0.9677841617236669 1.110713469803313 0.11071346980331298 2.261386690750463 2.261386690750463
0.786052417716 1.765867154532724 125.81791896400696 54.8914881323875 17.4052562484865 7.407391563515452 0.7214071290908246 0.5557775061070558 0.166309822325569 1.765867154532724 1.2023452151513745 9.490721045755842 2.3686550374769433 0.0 52.55016308178882 0.4058034941425533 0.37965074183171227 -5.834671483826426 2.3717445650301268 1.48731567206652 -10.995153434513789 -0.5800868386830486 -0.22841104924265487 2.263671577764249 -0.6502464718721448 2.109092900744029 -0.8926976680540857 -2.4328530814443843 -2.72762886924298 4.677780036277693 8.853185838070589 -11.554320252183562 1.0613263626128744 1.1951826445460623 0.19518264454606227 2.3975278596974365 2.3975278596974365
0.805467912434 1.563134736502395 94.10288711331563 48.85088059160836 15.06014306387777 6.0449949888127446 0.7469161534104525 0.6060908323581938 0.24032606685457525 1.563134736502395 1.2448602556840875 9.399250781400763 2.4851863225386626 0.0 56.59344137767213 1.7935305991048294 0.3831186830938977 -5.520505013513315 2.48952939972726 1.1790928573667145 -10.877153204474524 -0.60981378964208 -0.23841031690892164 2.4088574070542093 -0.7754425188432252 2.221500628211533 -0.8571375647150459 -2.3578368722336354 -2.998811318727576 4.57882879183175 7.797739328849735 -9.966098969488664 1.163997151370122 1.289949676266189 0.28994967626618906 2.534809931950276 2.534809931950276
0.825362969871 1.3839210115377674 69.67494163536975 43.08620952608558 12.974520545089579 4.934624302868248 0.7651956290424294 0.6548554694585625 0.32161122243765106 1.3839210115377674 1.2753260484040492 9.29076551989424 2.5969372708417007 0.0 59.990437688491475 3.285128057156001 0.3866962984122917 -5.221409117975497 2.602882074568125 0.9512362875875668 -10.73682497748036 -0.6393988865451763 -0.24884715152498152 2.550456436848815 -0.9075255164578261 2.3303404565673906 -0.8230423042081766 -2.2794671083476605 -3.2359487511572 4.462985916251958 6.8802663575888054 -8.566628204570447 1.275130388444766 1.394283725630268 0.39428372563026803 2.6696097740343174 2.6696097740343174
0.845749435227 1.226284047515093 51.08561774279647 37.66619866759832 11.129200803490084 4.033855954493867 0.7745481986308331 0.7003137771746056 0.408774025379371 1.226284047515093 1.2909136643847219 9.15796512370639 2.699687689764093 0.0 62.5055850962777 4.853883826377772 0.390450423455168 -4.936493238240416 2.7075909425527667 0.7814190467926511 -10.566861894418526 -0.6682771055250649 -0.2596792075873988 2.684208886867194 -1.0434655928639638 2.432022930684632 -0.7905246506857196 -2.197893200256495 -3.432475455921616 4.328871045809734 6.076745985279923 -7.33762188267719 1.3932952224824717 1.5064360388253824 0.5064360388253824 2.7973497032101045 2.7973497032101045
0.866639446277 1.0882891346729686 37.10699338258381 32.63827834850786 9.50499435340695 3.3060474073936312 0.7735059522919592 0.7404221943894939 0.49944791006263967 1.0882891346729686 1.2891765871532654 8.9930714200746 2.7886244972159053 0.0 63.913104807413305 6.462287009092375 0.3944532955772996 -4.664930791765187 2.798804187376024 0.6609013947176449 -10.359603562085901 -0.6958057695374456 -0.2708492669898656 2.8052779234025467 -1.1788973941450476 2.5224757030693956 -0.7596843069863494 -2.113372039364197 -3.5813007309565212 4.175495582241922 5.367017559521996 -6.261941053955546 1.5161013362492812 1.6233940104788636 0.6233940104788636 2.912570597632129 2.912570597632129
0.8880454406 0.9680362943290115 26.717903198062196 28.031458295259917 8.082937251211469 2.7199107632484893 0.7610572706497255 0.7729515984684617 0.590177966004396 0.9680362943290115 1.2684287844162092 8.788341907247673 2.8586067504206056 0.0 64.02620415410303 8.062103021598086 0.3987810737201844 -4.405958173268829 2.871275782549183 0.6008034657805937 -10.107583294168865 -0.7212965787983853 -0.28228510480298263 2.9084940048857986 -1.3080765438119968 2.5973601139820595 -0.7306043790004373 -2.026296528873191 -3.675328592026849 4.0024426850755255 4.73462847597484 -5.323676389882818 1.6400652204695894 1.7407293430171582 0.7407293430171582 3.0091581274333676 3.0091581274333676
0.909980162983 0.8636839167089111 19.084476095569254 23.85915106081071 6.844499616099562 2.2490199543770704 0.7368742231258741 0.7956516019691956 0.6764491553006213 0.8636839167089111 1.2281237052097902 8.536805509953734 2.9045728605104113 0.0 62.72993728946439 9.595655234785742 0.4035117663466965 -4.158873141975576 2.919761101096504 0.6915537990100976 -9.804293925491873 -0.7440649529163038 -0.2939006687486748 2.9887270969219357 -1.4240483013541951 2.652399588200496 -0.7033475864687875 -1.9372203831355965 -3.7082004003807016 3.8100474707448737 4.166598140714634 -4.50817878432818 1.7606033917121457 1.8526283560114927 0.8526283560114927 3.0807520612212826 3.0807520612212826
0.932456673008 0.7734684982283914 13.53760653749409 20.12187483919356 5.771770146502805 1.8712837184496895 0.7014890260760802 0.8064734374912432 0.752920192830792 0.7734684982283914 1.1691483767934672 8.23317183364157 2.922068569624259 0.0 60.011317198059565 10.999228467715952 0.40872258085387536 -3.9230326532361346 2.9395502779067235 1.4287302958010961 -9.445118322802898 -0.7634950251112597 -0.30559886660070495 3.0413676946691353 -1.5190964148440103 2.6838019287159787 -0.6779525015529284 -1.8468740812940325 -3.6752115882727328 3.599548314692481 3.6530992540069 -3.80204792944618 1.8722193178756683 1.9521888733331143 0.9521888733331143 3.1213372501265817 3.1213372501265817
0.955488352832 0.695720541541285 9.549424885078425 16.80978173560299 4.847613268421695 1.568411309869361 0.6563623913905 0.8038284487219335 0.8138967136183709 0.695720541541285 1.0939373189841668 7.874794615220965 2.9078340326025374 0.0 55.97840719464034 12.20822615802801 0.41448679939927185 -3.6978501992698156 2.927085589879601 2.4369131174348477 -9.028299156637768 -0.7791142725306142 -0.3172760721786317 3.062863082098308 -1.5854908434222779 2.6887266582484584 -0.6544302004915069 -1.7561664372502854 -3.574282520117668 3.3731744702982915 3.1870566026805447 -3.193087719509852 1.968925763114141 2.0320285773417477 1.0320285773417477 3.1259658963259143 3.1259658963259143
0.979088915146 0.6288767620311971 6.710303542844515 13.904973759639667 4.055797156726022 1.3253924736307727 0.6038003802808998 0.7868409189891764 0.8540162936338739 0.6288767620311971 1.006333967134833 7.462504322803458 2.860350260768707 0.0 50.86057632650333 13.163767993905841 0.42087039128752407 -3.4827927298250714 2.8805635901233306 2.891358305674703 -8.555757506505177 -0.7906672159100648 -0.32882817614658383 3.0512227970377443 -1.616469096162422 2.665719822156926 -0.6327617810367888 -1.6661669694427494 -3.4067978072373575 3.1341368984216937 2.763669435753251 -2.6702367927534545 2.0448888299029115 2.0851706122809572 1.0851706122809572 3.0915045794157905 3.0915045794157905
1.00327241135 0.5714888118484902 4.707457179201066 11.383581863708324 3.381092232620516 1.1300078896116679 0.5467117820313593 0.7555421936669181 0.8690392718059526 0.5714888118484902 0.9111863033855988 7.001095127633343 2.7802255751915514 0.0 44.98587244013462 13.819644337646563 0.4279286680483271 -3.277377224788083 2.8003910382715542 2.958026093947175 -8.033573822698145 -0.7981744323784026 -0.34015766949718745 3.0064063916796244 -1.6072876755041288 2.6150324332747696 -0.6128971966381315 -1.5780980655510823 -3.1780985323589794 2.886500979616847 2.3798755902825763 -2.2234823114516984 2.0952200882940257 2.106069888680539 1.1060698886805391 3.017256192066138 3.017256192066138
1.02805323991 0.5222287870209756 3.3057863966567367 9.217594759220454 2.809340795189394 0.9723813068711713 0.48824594193446924 0.710955262155328 0.8565732611829969 0.5222287870209756 0.8137432365574487 6.499285981142773 2.670316497740446 0.0 38.737927804671706 14.148292018579117 0.435703344120484 -3.081166995295824 2.689366555708882 2.7929422876006096 -7.47175562959254 -0.8019629217571042 -0.3511809434428043 2.9304032745098816 -1.5561076372936447 2.5386928210322344 -0.5947557645536113 -1.4931421212169462 -2.897446513079772 2.6349412082702113 2.0337909984269653 -1.843765210709055 2.116660037952433 2.0915570713417857 1.0915570713417855 2.9053003078992345 2.9053003078992345
1.05344615494 0.4798918241943228 2.331283876952049 7.376434060512217 2.3274993164677547 0.8445800911823413 0.43139214468488224 0.6550385929224747 0.8165418439982665 0.4798918241943228 0.7189869078081371 5.969081436946469 2.5355287518064036 0.0 32.501668743089944 14.144395561791558 0.4442203583618698 -2.893767786871962 2.552509301329179 2.5113211311474957 -6.883717457961286 -0.8026575848335457 -0.36183482442427 2.827199767090802 -1.4644750686001118 2.440414013538335 -0.5782285188614449 -1.4125636340400594 -2.5773860370492647 2.384404220991934 1.7241711545240568 -1.5228851064084035 2.1082128592826646 2.0414537028813475 1.0414537028813475 2.7604406106894848 2.7604406106894848
1.07946627496 0.4433961218723427 1.6570703468073698 5.828279445253129 1.9236555680362961 0.7402670266517138 0.37863600878709663 0.5904909210546865 0.7512598115480492 0.4433961218723427 0.631060014645161 5.4246084590101145 2.38231982619321 0.0 26.611165030212373 13.82531390220506 0.4534887282328231 -2.7148237599603533 2.396542508840275 2.187966948720064 -6.28489092128974 -0.8011308533058734 -0.37208141539876777 2.702318199506872 -1.3372430555371273 2.3251879673651024 -0.5631823307593278 -1.3374880028717784 -2.2325791584576082 2.139729373451774 1.4499450472778754 -1.2534121117304335 2.071258184861711 1.9586784161332855 0.9586784161332855 2.5897384307784463 2.5897384307784463
1.10612909196 0.4117807365096854 1.1919490796175591 4.541154963518892 1.5870233140336523 0.6544030250060772 0.331747486999362 0.5204539240336703 0.6650865171128051 0.4117807365096854 0.5529124783322701 4.880646723295129 2.2179989954450754 0.0 21.312110233484184 13.228205355491337 0.4635005634441826 -2.544013414422807 2.229132815702216 1.866645080630438 -5.691192305745972 -0.7984167008215747 -0.3819105945125262 2.5622434908871097 -1.1819339351132974 2.1987583560205426 -0.5494654625639719 -1.268846385894547 -1.8783325054286166 1.9052872491382076 1.2098639619721294 -1.0286110565013318 2.0093310125548394 1.8488055765953921 0.8488055765953921 2.401718054927662 2.401718054927662
1.13345048053 0.38420150832139277 0.8712522479860078 3.4837926132530184 1.3079175840012545 0.5829979540140318 0.2917286477363721 0.4481738644106591 0.5637513316735061 0.38420150832139277 0.4862144128939535 4.351145444395297 2.0499657445674595 0.0 16.746022274288357 12.40456733902946 0.47423219145989065 -2.381045532350278 2.0580476813642523 1.5702001436482331 -5.117456439081902 -0.7956038856804688 -0.39133995674771094 2.4137574640267143 -1.0076984684749104 2.0670301376018365 -0.5369140217461607 -1.207301487170207 -1.5291094195614177 1.6846916333525597 1.002288221538362 -0.8423808187400399 1.927543051132761 1.719196807874627 0.7191968078746268 2.2054112207685805 2.2054112207685805
1.1614467074 0.3599254650568157 0.64968908559803 2.6262928700230144 1.0777138023726882 0.5229051015655315 0.2588996008854103 0.37668778648747064 0.4535290056974751 0.3599254650568157 0.4314993348090172 3.848002245763963 1.8850283405064925 0.0 12.955916346235739 11.413540304915733 0.48564619142390797 -2.2256551900955976 1.8903998379312188 1.3085298827757879 -4.576157927516842 -0.7937287266724589 -0.4004124449656301 2.2633180509383997 -0.8241266201492183 1.93553170580562 -0.5253586841998327 -1.15319925142322 -1.1973034859980234 1.4806215472506883 0.8251104015182509 -0.689208410498947 1.8318187161293824 1.5779352678869332 0.5779352678869331 2.00943460269595 2.00943460269595
1.19013444107 0.33832403787187965 0.4958823443446817 1.9406053752934946 0.8887940858969696 0.4716538102091613 0.23306856727678735 0.30858523772439794 0.3404582063849031 0.33832403787187965 0.3884476121279789 3.380283293871302 1.728905818512882 0.0 9.907286477262993 10.315280636081933 0.497694027008005 -2.077599905163762 1.7321032002192047 1.0840559260666667 -4.076609739699862 -0.7936878264594981 -0.40919227368463523 2.116579474662886 -0.6401698469533476 1.809011200545127 -0.5146310779831447 -1.1065561105979191 -0.8924537239381835 1.294764056135805 0.6757918774270983 -0.5641350833030492 1.7281318625349071 1.432813353352132 0.4328133533521319 1.8212609654801108 1.8212609654801108
1.21953076176 0.3188654015226455 0.38828485121372414 1.4008535570701723 0.7344839196744066 0.42731445673755447 0.2137256889874544 0.2458704944887707 0.22974822628992841 0.3188654015226455 0.35620948164575733 2.953934195990825 1.5859577079356857 0.0 7.515745122576906 9.165526794363265 0.5103189362756713 -1.9366559602955178 1.5875922152819455 0.895187880053364 -3.6246919392317984 -0.7961852068416665 -0.41775992322714967 1.9781032709290962 -0.4633588333168116 1.6912054529958187 -0.5045693397114555 -1.0670845455482996 -0.6209514333879798 1.127864463245513 0.5514759833850176 -0.4627301806661327 1.6218937892833387 1.290562429353332 0.29056242935333204 1.6467719109990893 1.6467719109990893
1.24965317158 0.30110622501981665 0.3121921597771681 0.9835275312422087 0.6089822482104112 0.38839009440020084 0.20021443064769787 0.18992390873686377 0.12543915919644122 0.30110622501981665 0.3336907177461631 2.571917587738346 1.4591298769426044 0.0 5.673603157762092 8.011947295058647 0.523458767179577 -1.8026149500472428 1.4597869179578686 0.7384013287413221 -3.2230405738444645 -0.8017180586992071 -0.42620696558168986 1.8512609779664007 -0.2993889780433828 1.5847770129452128 -0.4950225337801218 -1.0342505673466384 -0.38617505645058126 0.9798545913225167 0.44913819726959636 -0.3810683177610497 1.5175702602202374 1.1564100211237625 0.15641002112376257 1.4901007388699257 1.4901007388699257
1.28051960492 0.2846830892785719 0.25760223819663863 0.6675685931720052 0.5072876904770854 0.35372957430677043 0.19185709047038915 0.14154215006201162 0.030305384626115983 0.2846830892785719 0.3197618174506486 2.234646324468048 1.3500672020767648 0.0 4.270591030885579 6.892314119988938 0.5370485229963524 -1.6752805846833532 1.350240380219153 0.6094335484553278 -2.8715519640382965 -0.810594865315794 -0.4346313274779745 1.738291979281507 -0.15204534942272355 1.4913838688753667 -0.4858538114599155 -1.0073492454027058 -0.18892213395224106 0.8500242876986231 0.3657393992384105 -0.3157062084970949 1.4185301618308583 1.0339519955468144 0.03395199554681427 1.353713812997463 1.353713812997463
1.31214843916 0.26930379708087854 0.21771260336516013 0.43436697650998635 0.42512324772787324 0.32245767344484194 0.18803108037858238 0.10102883547543033 -0.05405604024509167 0.26930379708087854 0.31338513396430395 1.9405658325181712 1.2593290937192123 0.0 3.207089302966224 5.834239385952829 0.5510224751194472 -1.5544657767547818 1.2593904181182827 0.5039452561772279 -2.568039838024106 -0.8229733239774889 -0.4431333759833969 1.6404620454800571 -0.023377650953797176 1.4118330213131551 -0.47694234536205754 -0.9855822430369837 -0.02799181823234037 0.7372043870045841 0.29835864100393183 -0.26365674117575555 1.3270769115157532 0.9252645093433252 -0.07473549065667484 1.238649643307629 1.238649643307629
1.3445585056 0.25473876917654475 0.18788480903420893 0.26769243385773334 0.3588614772477748 0.29391855124403027 0.18820488285000073 0.0683078099505901 -0.12702691544313413 0.25473876917654475 0.3136748047500012 1.6867614059753837 1.186647889306867 0.0 2.4005468036405864 4.8559984193250605 0.5653157875459257 -1.439990033205497 1.1868464077618877 0.41786874932979984 -2.308908407076366 -0.8389049482474935 -0.4518129951052454 1.5582686690812126 0.08598210491470083 1.3462709638575294 -0.46818418505199855 -0.968124850337459 0.09920647646659037 0.6399375010946581 0.24429304386691572 -0.22235925581194024 1.2445938643312116 0.8311589820816985 -0.16884101791830153 1.1448337868316996 1.1448337868316996
1.37776910069 0.24081268911537176 0.16494279900562628 0.15357480372559384 0.3054517206865185 0.26762963419919805 0.19194687924248735 0.04303749961727539 -0.1887268589875174 0.24081268911537176 0.3199114654041456 1.4695060324742628 1.1311846064166282 0.0 1.7868940389501469 3.967966327537013 0.5798656662796899 -1.331677164409676 1.1316625470082906 0.34757442809734745 -2.0897505529941114 -0.8583768842665314 -0.4607676511782786 1.4916514976553048 0.17645313334656101 1.2943752049212334 -0.45949223845937254 -0.9541763751185783 0.19610298653414268 0.5566225252477951 0.20112171547895483 -0.18964608998089574 1.171740032251159 0.7514926965421884 -0.24850730345781152 1.0714041619463341 1.0714041619463341
1.41179999748 0.22739652954602854 0.14670367226917308 0.08014926564436176 0.2623506108505737 0.24324372304214276 0.19891923218809468 0.024712641494496746 -0.23977817769829562 0.22739652954602854 0.3315320536468245 1.2847049182921326 1.0917538759485288 0.0 1.318937272455868 3.1742857297521736 0.5946120907584079 -1.2293533181917695 1.092570464247175 0.28993253106780553 -1.9058265587910164 -0.8813462698247345 -0.47009133528629576 1.4401819859828924 0.249156581998502 1.25552468159224 -0.45079559971454447 -0.9429934673888247 0.2665202267895782 0.48562711276681864 0.1667368044387341 -0.16370620460562424 1.108649932336068 0.6854721772608554 -0.31452782273914465 1.0170042309076799 1.0170042309076799
1.44667145742 0.21440006429334577 0.13166616716935134 0.037478654999037464 0.22745675362161763 0.22051769293099752 0.20886569010319758 0.0127468190310125 -0.281104387491376 0.21440006429334577 0.34810948350532933 1.128224778722688 1.0670050960139532 0.0 0.9633606550307916 2.4744929653388374 0.6094982072645575 -1.1328453362186508 1.0681611412380227 0.2423146690046162 -1.7524139688773204 -0.9077661573089778 -0.479874218332111 1.4032201802432218 0.3056200867352876 1.228938861664714 -0.4420384300738839 -0.9339091934339983 0.3143405607753294 0.42536839699398965 0.13934807148529588 -0.14304708762072957 1.0551106967378925 0.631913338259436 -0.3680866617405641 0.9800228217647653 0.9800228217647653
1.48240424242 0.2017649442697003 0.11880361847670388 0.01736306703739421 0.19905019428142817 0.19928660458100797 0.22159865099896264 0.006534458402472417 -0.31377327910408 0.2017649442697003 0.3693310849982711 0.9961163129750967 1.0555578058941912 0.0 0.697434476336342 1.86494341562369 0.6244704686966341 -1.0419794287285669 1.0570171875751986 0.20256178667802183 -1.6250405035989317 -0.9376039627572672 -0.49020284408514897 1.3800360937117804 0.34754955699002965 1.213783711930984 -0.43317856805574434 -0.9263415757862905 0.34328050091592566 0.37436580601776925 0.11746833444945377 -0.126456234203366 1.0107050087135094 0.589444206229647 -0.410555793770353 0.9587752912279182 0.9587752912289922
1.5190196272 0.18945839106682272 0.10742468124514526 0.013144941428969714 0.17573703380178815 0.17944236983110362 0.23698807651264242 0.005494079286294863 -0.3388843816047409 0.18945839106682272 0.3949801275210707 0.8847483870019986 1.0560957459163298 0.0 0.5060398921406454 1.339984094424915 0.6394785994798634 -0.9565801557033886 1.0578022638721654 0.16894030696191695 -1.5196216157903493 -0.9708540214146426 -0.5011607016069913 1.3698985293609989 0.3766665299000878 1.2092475231087307 -0.4241860080280003 -0.9197949107034116 0.35675345061645103 0.3312713776557571 0.09988665623243416 -0.11296339521904566 0.9749184018399282 0.55665034030954 -0.44334965969046003 0.9516304678312912 0.9516304687482601
1.556539412 0.17746754023431588 0.09707739238106072 0.01951620059289888 0.15639936306943422 0.16091633696137406 0.2549531004674613 0.009096124558308598 -0.35749468685925684 0.17746754023431588 0.4249218341124355 0.7908752820792111 1.0674271472531787 0.0 0.37926577861868144 0.8928505167058365 0.6544754526602318 -0.8764696975293518 1.0693166552148634 0.14011096861130753 -1.4325264838132803 -1.0075457871724236 -0.5128290472157694 1.3721367162596851 0.3946014189180735 1.2145918339503248 -0.4150413503094387 -0.9138563861894606 0.3577995999055315 0.29488318170449673 0.08563498216782857 -0.10180459981247764 0.9472148821472497 0.5321708397350865 -0.4678291602649135 0.9570926739523576 0.9570927090156667
1.59498593547 0.16579444698302986 0.08748090083238179 0.03233240795761211 0.14015051767838466 0.1436653015945556 0.27545625618207337 0.016879027642070565 -0.37057439217624816 0.16579444698302986 0.4590937603034556 0.7116568890903499 1.0885193681272074 0.0 0.31061734129756474 0.5163237657562656 0.6694168113317179 -0.8014673981710345 1.0905278487761472 0.11509723720380212 -1.3605940026454526 -1.047748962388945 -0.5252878780542761 1.386180712678662 0.4028303348298871 1.2291831618055757 -0.4057342942790129 -0.9081898125485437 0.3490632080741232 0.2641468820042597 0.07395251435708762 -0.09238870144129886 0.9270869523752062 0.51475557101319 -0.48524442898681 0.9738493331563671 0.9738496115306652
1.63438208808 0.1544517500607754 0.0784751913887864 0.04843765055256721 0.12629553156559228 0.12766053027588412 0.2984998857958567 0.02845690663818905 -0.37898448272381197 0.1544517500607754 0.49749980965976115 0.6446483022552821 1.1185153269359491 0.0 0.295763482933612 0.2031893870509241 0.6842611747723654 -0.7313895526376619 1.1205838213939947 0.09323381491838587 -1.3011164433318356 -1.0915765928717338 -0.5386169892039837 1.4115861833696906 0.40264345419913095 1.2525108417375073 -0.3962622202841372 -0.9025277612246052 0.3328008705304317 0.23814956056041212 0.06425080099722671 -0.08426695858399186 0.9140863737099295 0.5032941729003934 -0.49670582709960664 1.0007939919110151 1.0007948931246986
1.67475132565 0.14345897545496156 0.0699830330655111 0.06550275807341066 0.11429656759572293 0.11287942702765534 0.3241242337582748 0.043521720342380825 -0.3834691159180793 0.14345897545496156 0.5402070562637914 0.5877713409527868 1.156737940345712 0.0 0.33171216403377496 -0.053462462202705036 0.6989695548767391 -0.6660494194324862 1.1588152290286406 0.07411827645324273 -1.2518042449929716 -1.1391869449328813 -0.5528970710640398 1.448048380690353 0.3951346551225219 1.2841954676992562 -0.38662888681315766 -0.8966630369676081 0.3109082114071231 0.2161089584543918 0.05608142610941679 -0.07710594421199607 0.9078413244265616 0.49682592821521765 -0.5031740717847824 1.0370330061151503 1.0370346575147824
1.7161176834 0.13283944962690142 0.06198079357139286 0.08187846704274077 0.10374303164328168 0.09929949368711134 0.35240681153960846 0.061842057800971635 -0.3846573701305941 0.13283944962690142 0.5873446858993474 0.5392769288367092 1.2026873157687534 0.0 0.4162999244775321 -0.2600628748583108 0.7135053015072548 -0.6052574250569762 1.2047311098712756 0.05756901004239875 -1.2107414484121044 -1.1907848071674276 -0.5682108234734208 1.4954091688780928 0.38120449322944194 1.3239914449620356 -0.3768432551904366 -0.8904401359801967 0.28495611262506865 0.19736041351517183 0.04910732591571948 -0.07066388274684414 0.9080644829787453 0.4945375257446394 -0.5054624742553606 1.0818822403938286 1.0818842677640932
1.75850579018 0.12261778286434538 0.054476147698803885 0.09646441958435409 0.09432602614319627 0.08689424616672305 0.38346274167957506 0.08326019026559209 -0.3830703056017583 0.12261778286434538 0.6391045694659585 0.4977043156175532 1.2560342638642001 0.0 0.5479010443802531 -0.4224525347117416 0.7278339647871983 -0.548821537316563 1.258011494786783 0.04356285537999503 -1.1763382520846335 -1.2466227089120183 -0.5846440774761705 1.553660099467593 0.3615706019139849 1.371786351557055 -0.366918444546264 -0.8837471256875282 0.2562304109194574 0.18134305502732062 0.043078165380234824 -0.0647703736944764 0.9145555300016346 0.49575394552110175 -0.5042460544788983 1.1348585397245188 1.1348603587238832
1.80194088319 0.11281787628760691 0.04749143795673322 0.10859414703641476 0.08581676657988242 0.07563075835492372 0.4174459073009536 0.10768847496556776 -0.3791306590408917 0.11281787628760691 0.6957431788349226 0.4618408901658725 1.316612519794031 0.0 0.7252775892979125 -0.5458613197751444 0.7419231990171231 -0.4965477750077518 1.318499155785643 0.03213267858587331 -1.1472846072689542 -1.3070024251536843 -0.6022869262990395 1.622943677257508 0.3367815956163634 1.42759897866937 -0.356870813456306 -0.8765082110054125 0.22577137874421083 0.16758626105282087 0.037809776923591706 -0.059309334900006366 0.9272004984225855 0.4999259262502187 -0.5000740737497813 1.1956691196553546 1.195670361045706
1.84644882301 0.10346140142999678 0.041051786819318696 0.11793582631270502 0.07804856887111619 0.06546851893167718 0.45455083026683185 0.13510595806640588 -0.3731731750625526 0.10346140142999678 0.7575847171113864 0.4306847423041475 1.3844115420488337 0.0 0.9475266126562097 -0.6349060420589517 0.7557427067578361 -0.4482408284993262 1.38619223065927 0.023241477595968923 -1.12250735360562 -1.3722770421149364 -0.6212348744234968 1.7035545341455698 0.30723152355670025 1.491577536056307 -0.3467191609580994 -0.868677122086165 0.19441059697987195 0.15569697794634385 0.033167437945530884 -0.05420494005153008 0.9459698170341833 0.5066165920164523 -0.4933834079835477 1.264201315076892 1.264201965151793
1.89205610894 0.09456669860717574 0.035177193575343144 0.12440788342348913 0.07090201024975644 0.05635930570949696 0.49501526295268 0.1655554684235475 -0.36545490417386467 0.09456669860717574 0.8250254382544667 0.40341104206218514 1.459570534080602 0.0 1.2140704913877294 -0.6935403315558338 0.7692642193786929 -0.4037047639587925 1.4612382796433367 0.016687752898487725 -1.1011315608382617 -1.442853781058949 -0.6415900188821277 1.795941330610059 0.2731738768426417 1.5639986492660232 -0.336484037612355 -0.8602313598343063 0.1628045629548357 0.14534821744741686 0.029052551589218562 -0.049410229990597604 0.9709158923555922 0.5154881030467164 -0.4845118969532836 1.340513542948539 1.3405137999625272
1.93878989483 0.08614803939077144 0.0298778970329627 0.12810887561931625 0.06429287752650739 0.04824780772379775 0.539123554775575 0.19914201545596003 -0.3561637505061259 0.08614803939077144 0.8985392579592918 0.3793426203155535 1.5423755074531658 0.0 1.5246845237244442 -0.7252747921773917 0.7824615092590688 -0.362743783641438 1.5439315177411865 0.012095552504713867 -1.08244747771748 -1.519197748874975 -0.6634622807721194 1.9007109299196514 0.2347325397727585 1.6452685348929457 -0.3261871563990879 -0.8511672830975229 0.1314635890214813 0.13626885654459533 0.025392364917597065 -0.044898141082293994 1.0021716719603595 0.5262905428358465 -0.47370945716415347 1.424829801087555 1.4248298747209993
1.98667800523 0.07821519924221784 0.02515230432721515 0.12925972383851933 0.05816252072433617 0.04107275626962705 0.5872108053512888 0.2360318656057162 -0.34542667695216944 0.07821519924221784 0.9786846755854813 0.35792467339838857 1.6332579986333118 0.0 1.879562724517648 -0.7330346297162196 0.7953104262424827 -0.3251630202977296 1.6347118154201785 0.008990697838634727 -1.0658812919934597 -1.601836702046102 -0.6869707078622642 2.018634167856272 0.19191179023309404 1.7359255482815952 -0.3158508932008293 -0.841495949971553 0.10077767827582351 0.12823474416149336 0.022132105072808037 -0.04065452497028205 1.0399494922707908 0.5388512260418845 -0.4611487739581155 1.517535901657543 1.517535915901495
2.03574895196 0.0707732884941641 0.02098683797090206 0.12815754070500596 0.05247028096910815 0.03476836067381831 0.6396680851730899 0.27645294073681914 -0.33331655417460915 0.0707732884941641 1.0661134752884833 0.3387033734893594 1.732796921113874 0.0 2.2793278564995627 -0.7191079011670941 0.8077889516802791 -0.2907693427924194 1.734166919208392 0.006909488368498036 -1.0509704757959284 -1.6913670571048827 -0.7122448711961862 2.150654571743897 0.14460367283241965 1.83664528582683 -0.30549786720482125 -0.831239695132931 0.07103856212942489 0.121061047284178 0.01922918866097912 -0.036672920148027935 1.0845410964554136 0.5530657266639354 -0.4469342733360646 1.6191792019539706 1.619179203618577
2.08603195107 0.06382279188588556 0.01735708950050564 0.12514002247726186 0.04718763991142731 0.029265879839063157 0.6969486528179363 0.32069774554555414 -0.31985486592534074 0.06382279188588556 1.1615810880298938 0.3213078884518209 1.841726222104553 0.0 2.725112492578309 -0.6856168562395395 0.8198772620212784 -0.25937215378895573 1.8430405404401307 0.005478668489881869 -1.0373450103592603 -1.7884611486808593 -0.7394263848821044 2.297901892057587 0.09258860287804671 1.9482500705288452 -0.2951505907447037 -0.8204292713749156 0.042456414804613096 0.11459572535176356 0.016649189975763666 -0.0329508261569658 1.136320804027693 0.568894223147218 -0.43110577685278195 1.730475311177143 1.7304753112760278
2.13755694027 0.05735977327298603 0.01422977387754678 0.12055756235704489 0.04229381186938502 0.02449519859340935 0.7595753657086952 0.36912610209296887 -0.3050166112136917 0.05735977327298603 1.2659589428478255 0.3054354384712089 1.9609423316341337 0.0 3.21864894211313 -0.6341665148654628 0.8315577965215969 -0.23078416176310768 1.9622403644771307 0.004441622444424744 -1.0247090839939546 -1.8938758998724479 -0.7686705722688978 2.4617067289829366 0.03553860253792937 2.071718942395467 -0.2848311824079272 -0.8091015011680727 0.015176578937225349 0.10871401665660753 0.014362881646948765 -0.029487000868237277 1.1957477861351111 0.5863549785962228 -0.41364502140377724 1.8523139214440485 1.8523139214463262
2.19035459669 0.05137620302740786 0.011565068527672024 0.11475327511192429 0.037772524624975275 0.02038630866828255 0.8281497476359427 0.42217037784699546 -0.28873211980066593 0.05137620302740786 1.380249579393238 0.2908389614965586 2.091517459592572 0.0 3.762286367685055 -0.5658472088267681 0.8428153207109133 -0.20482211405777662 2.0928520112418063 0.0036432490317201784 -1.012827311191261 -2.008463254996614 -0.8001483164206448 2.6436207126930573 -0.02698501343008034 2.2082024323491933 -0.27456113335517357 -0.7972974223119412 -0.01070777482154317 0.10331380213322643 0.012344353447092641 -0.026279747376304056 1.2633711332998194 0.6055217571731486 -0.3944782428268514 1.9857713365663865 1.9857713365663996
2.24445635523 0.045860372933152184 0.00931900704482097 0.10804912430730311 0.03360973455107707 0.016870627053029087 0.9033625793247647 0.48034280513555266 -0.2708864764762009 0.045860372933152184 1.505604298874608 0.27731694353562164 2.234717822398407 0.0 4.359085010153166 -0.4815340075468192 0.8536369816220697 -0.18130747688348947 2.2361580796652727 0.0029986331982019554 -1.001513872376309 -2.1331823593337957 -0.8340481287826423 2.8454416471071804 -0.09553838491056742 2.359041512301187 -0.2643611209777389 -0.7850607488705306 -0.03514564662228836 0.09831172813337613 0.01056985752520154 -0.02332590321534562 1.3398373482325723 0.6265242834174172 -0.37347571658258283 2.132128582292025 2.132128582292025
2.2998944272 0.04079736717939568 0.007445710997288791 0.10073679818255753 0.029792092948456906 0.013882110066629172 0.986006590876391 0.5442443423535229 -0.25131863310534297 0.04079736717939568 1.6433443181273184 0.26470508875596666 2.3920256850219754 0.0 5.012903036765818 -0.3818048741740151 0.8640123482938401 -0.1600670551905683 2.393661226350159 0.002463785501280452 -0.9906229844391312 -2.2691139310684876 -0.8705784779348975 3.0692434178838828 -0.1708034897177582 2.525790259851453 -0.2542508634389436 -0.7724366679344687 -0.05811926131409262 0.09363997526088591 0.009017111378282424 -0.02062032117529214 1.4258990997565644 0.64954904801961 -0.35045095198039 2.292893366146928 2.292893366146928
2.35670181955 0.03616956297635408 0.00589931471205985 0.09307251116218267 0.026305982282338023 0.011358143650961567 1.0769913373951903 0.6145756341594381 -0.2298190906015305 0.03616956297635408 1.7949855623253173 0.25286950376935946 2.5651664717237868 0.0 5.728507826608117 -0.2668380998087203 0.8739334349389971 -0.14093354294614535 2.5671125924337423 0.0020154335581394297 -0.980041080183975 -2.4174769960358895 -0.909970426024669 3.317411694155964 -0.2535998848728095 2.7102431761901884 -0.24424900949176398 -0.7594708569678532 -0.07963668026997639 0.08924357281978929 0.007664951235173233 -0.01815572269359676 1.5224261318306467 0.6748418994088288 -0.32515810059117123 2.4698274617341465 2.4698274617341465
2.4149123545 0.031957139060434674 0.004635515719869068 0.08527481330542519 0.023136990913207818 0.009240207890029533 1.1773611113782896 0.6921501197833383 -0.20612730622708453 0.031957139060434674 1.962268518963816 0.24170113511571067 2.7561412127367313 0.0 6.511627841898347 -0.13631282173966378 0.883394702950236 -0.12374600037001926 2.758545938041166 0.5585365432156468 -0.9696800341898921 -2.579648622850366 -0.952480626399438 3.592686330562106 -0.3448985469806449 2.914467719940071 -0.23437305890554846 -0.7462087652642789 -0.09972526855559294 0.08507817044868149 0.006493194879916439 -0.015922800029850713 1.63041781159829 0.7027109083685006 -0.2972890916314994 2.6649794273323164 2.6649794273323164
2.47456068965 0.02813857390203892 0.0036127278024424706 0.07752495379837666 0.020269693776117058 0.007474326409733974 1.288315885016527 0.7779124453684642 -0.17992180290937898 0.02813857390203892 2.147193141694212 0.23111122341792661 2.9672713387848333 0.0 7.369114125855103 0.010040997321109286 0.8923930393641969 -0.10835025463848957 2.970324635797011 0.22969498083286788 -0.9594740136248827 -2.757186860544673 -0.9983947532108779 3.8982153215910254 -0.44584834286733543 3.1408468434614734 -0.2246393075588015 -0.7326950121909492 -0.1184287467954439 0.08110819252351077 0.005482706653235852 -0.013910519002905162 1.7510221798968135 0.7335385628992075 -0.2664614371007925 2.8807317045934195 2.8807317045934195
2.53568233869 0.02469112135515189 0.002792859728498066 0.06996831479096813 0.01768765301400226 0.006011321348950186 1.4112359408469894 0.8729567602036534 -0.15081600080223612 0.02469112135515189 2.352059901411649 0.22102762177850488 3.2012439006094127 0.0 8.30914996192172 0.17298457417679067 0.9009277127015295 -0.09459922231849127 3.2051897613507596 0.13751210516309334 -0.9493736143871416 -2.9518574612841006 -1.04803142467988 4.237613073080489 -0.5577959659338623 3.3921239150610525 -0.21506281631859517 -0.718972913061424 -0.1358014790072255 0.0773053070406081 0.004615411290277064 -0.012106432997629944 1.8855531716688394 0.7677864852597005 -0.2322135147402995 3.1198463866713495 3.1198463866713495
2.59831369245 0.021591252313987324 0.002141763877318014 0.06271725315503585 0.015373566909044917 0.004806898764116302 1.5477116249403164 0.9785506659182641 -0.11834907564877062 0.021591252313987324 2.5795193749005274 0.21139175754646472 3.461170299251757 0.0 9.341320052323862 0.35387671972441526 0.909000303234357 -0.08235315573067581 3.466322585827621 0.0938059365339325 -0.9393426082647647 -3.165665483322644 -1.101746721157295 4.615032862101359 -0.6823161781603533 3.671459401010368 -0.20565739713019848 -0.7050841926705449 -0.15190525986354264 0.07364715753107613 0.0038743912898607648 -0.010497075925469654 2.0355134872008325 0.8060064253450179 -0.19399357465498213 3.3855258002455453 3.3855258002455453
2.66249204066 0.018815056158503738 0.0016294079908482125 0.055854632265426904 0.013309497873422609 0.0038215931779157705 1.6995781272380026 1.096165192076169 -0.08197087277592408 0.018815056158503738 2.832630212063338 0.20215618082544962 3.750659339287414 0.0 10.476890433639275 0.5540862937289498 0.9166146109614143 -0.07147981302455442 3.7574226359361846 0.06826090728329441 -0.9293563134303842 -3.40089205885425 -1.1599393961246587 5.035254293019029 -0.8212537615238921 3.982499982531216 -0.19643561477008595 -0.6910687191301466 -0.1668077812756823 0.07011631028164467 0.003243992943071954 -0.009068358009213334 2.2026240809556907 0.8488587853407177 -0.15114121465928232 3.6814889974040557 3.6814889974040557
2.72825559406 0.01633859756676109 0.0012298327486958156 0.049437474524927354 0.011477144220123076 0.0030205999757802904 1.8689570730743454 1.2275079848703696 -0.041029771509319524 0.01633859756676109 3.114928455123909 0.1932825447043024 4.07389868361459 0.0 11.729067840455619 0.77560479582042 0.9237765406513848 -0.061854557221707296 4.082795753872816 0.05155842557944372 -0.9193984055281739 -3.660137714159717 -1.2230569052744933 5.503783383469233 -0.9767648277773221 4.3294569718254445 -0.18740880123125142 -0.6769643461140934 -0.18057950219237207 0.06669937894802323 0.0027098622703052968 -0.007805905366943353 2.388854928345323 0.8971271575294497 -0.10287284247055029 4.012055612653359 4.012055612653359
2.79564350723 0.014138226640017675 0.0009209522027940792 0.04350083024805594 0.00985812052497761 0.0023735232316558887 2.0583059442444167 1.3745651296313912 0.005247037337289484 0.014138226640017675 3.430509907074028 0.18473995598298887 4.435756944411318 0.0 13.113267405833689 1.02087865214069 0.9304939679269131 -0.053360386337233834 4.447465034033483 0.03986514498441757 -0.9094596500878698 -3.946373294858369 -1.2916024015342005 6.0269744835198065 -1.1513738583639428 4.717202771030878 -0.17858708032173046 -0.6628068041848109 -0.19329245956582564 0.06338629489119188 0.002258982783933693 -0.00669537762453857 2.5964645764457788 0.9517424366466862 -0.04825756335331377 4.382252343720714 4.382252343720714
2.86469590186 0.012190842105544934 0.0006842492424737701 0.03806146942077135 0.008434225451252697 0.001854064187976316 2.2704770525395688 1.5396501507715417 0.057775072026287067 0.012190842105544934 3.7841284208992816 0.17650361828816225 4.841903492925569 0.0 14.647510984146688 1.2928002164188945 0.9367765874067708 -0.04588790098890705 4.857302451773854 0.031304231891598415 -0.8995362250071572 -4.263000025089923 -1.3661428728549019 6.612173776037819 -1.3480387483391905 5.151384305293952 -0.1699794003678435 -0.6486296431378474 -0.2050186808804041 0.06016969721187277 0.0018796669521635144 -0.005722726444232251 2.828045355138537 1.0138089955856078 0.013808995585607775 4.797937416484889 4.797937416484889
2.93545389064 0.010474108792450143 0.0005044097871708378 0.033121361292473527 0.007187682490786592 0.0014396725440725094 2.5087880089300665 1.7254632709105844 0.11763984805305228 0.010474108792450143 4.1813133482167775 0.16855371408556735 5.29895319626983 0.0 16.35284151878776 1.5949541998900272 0.9426357467545712 -0.03933521400788287 5.31918950039985 0.024841644957055667 -0.8896286038419206 -4.613920467726129 -1.4473186349551685 7.267891032765824 -1.5702308881518368 5.6385592383433885 -0.16159357318137108 -0.6344642112068039 -0.21582917862723272 0.05704442118640627 0.0015615235366115436 -0.004874405612094162 3.0865776845490465 1.0846379914937776 0.0846379914937776 5.265951339710555 5.265951339710555
3.00795960174 0.008966631659777739 0.00036893060309694365 0.028670832406898276 0.00610134541487639 0.0011111792879836037 2.77710613429289 1.935162447474543 0.1861296843243334 0.008966631659777739 4.6285102238214835 0.16087447977530256 5.814639908145817 0.0 18.253856625729032 1.931560829663117 0.9480842695997105 -0.033607808094849645 5.841212131363301 0.019856518124912906 -0.8797405557615647 -5.0036225651478 -1.5358544346346175 8.004004524948451 -1.8220312677603268 6.186358764246799 -0.1534363176806048 -0.620339664643613 -0.2257930830231034 0.05400706776326989 0.0012953988297815888 -0.004137530148714534 3.3754943011269676 1.1657874150374763 0.1657874150374763 5.79429763885896 5.79429763885896
3.0822562039 0.007648089444704916 0.0002677270070467628 0.02469136897561093 0.0051588646315429134 0.0008524263226171802 3.0799497849693585 2.172448954280447 0.2647757725204629 0.007648089444704916 5.133249641615597 0.15345343786414556 6.39802541413606 0.0 20.379332126621726 2.3076897426881824 0.9531362706889926 -0.02861834753108461 6.43289875631683 0.015950844217296763 -0.8698783495097846 -5.437279397334693 -1.632572472161769 8.832006380530645 -2.1082468726525576 6.803682945150307 -0.1455133067992578 -0.6062829999682685 -0.23497700201043192 0.05105564007076644 0.001073299405404121 -0.003499989804929071 3.6987567389150477 1.259111053854837 0.2591110538548369 6.392360695470434 6.392360695470434
3.15838793214 0.006499331517390004 0.00019275897853274982 0.021158045775886834 0.0043448140195643595 0.0006499047903675414 3.422610288451695 2.441670621159905 0.35540095301950014 0.006499331517390004 5.704350480752826 0.14628075692405917 7.059751433772326 0.0 22.76297883766729 2.729351346881349 0.9578069665674106 -0.02428645009292474 7.105511756116289 0.012856077701263974 -0.8600500896733507 -5.920867891432404 -1.738407716598469 9.765296928603371 -2.4345515897801917 7.500935509148684 -0.137829216504972 -0.592319104344524 -0.24344453523590215 0.04818923559115 0.000888301652033048 -0.0029505220946096037 4.060946447850545 1.3668181327463147 0.3668181327463147 7.0711686134991405 7.0711686134991405
3.23640011406 0.005502441834444126 0.0001376876250007994 0.0180415867866163 0.0036447800334109496 0.000492410934990466 3.8112990184242923 2.747946710449112 0.4601793292583354 0.005502441834444126 6.352165030707154 0.13934871636034657 7.81234435996549 0.0 25.44435327486852 3.203690880966301 0.962112484742371 -0.02053842542098394 7.872406143104734 0.010383503840343563 -0.8502651800709611 -6.461310422653318 -1.8544259682038808 10.81953871542789 -2.807657337456552 8.290306813026827 -0.13038777594514983 -0.5784708184189867 -0.25125593623098963 0.04540778486499046 0.000734453687838552 -0.0024787510366821495 4.4673736847207355 1.4915462587214323 0.4915462587214323 7.843711289428587 7.843711289428587
3.31633919688 0.0046407740052216 9.756866722240929e-05 0.015310075392516097 0.0030454164239607554 0.0003707256379118757 4.253325257267231 3.097319249098322 0.5817090613040783 0.0046407740052216 7.088875428778718 0.13265125718284523 8.670584490082796 0.0 28.46995814194388 3.739193747187032 0.9660696751756528 -0.017306985316739798 8.7494726562993 0.008396116165423741 -0.8405338663624935 -7.066644158499027 -1.9818452214845945 12.013083237627345 -3.2355220682156887 9.186115578943324 -0.12319181789961553 -0.5647590087969442 -0.2584678722488095 0.042711829389266785 0.0006066741697960754 -0.0020751976307561777 4.924207808848627 1.6364505384984636 0.6364505384984636 8.72532596727718 8.72532596727718
3.39825277504 0.003898961467323412 6.858557636086035e-05 0.012930342691535184 0.0025344687435983294 0.0002773214698679173 4.7573118316504335 3.4969369747211556 0.7231016747130372 0.003898961467323412 7.928853052750723 0.1261836043244003 9.65195472746376 0.0 31.894574153400356 4.345944945209811 0.9696959257180061 -0.014530932429183352 9.755688021655795 0.006791808019849085 -0.8308668711695724 -7.746224100191437 -2.122061005410823 13.367486783892685 -3.727603529653129 10.205222803137573 -0.116243328885609 -0.5512026465568431 -0.2651332921835452 0.04010233282284324 0.000500652050241867 -0.0017312680105672313 5.438633731141962 1.8053129838101523 0.8053129838101523 9.734166036560875 9.734166036560875
3.48218961858 0.0032629066361555834 4.7822088037788225e-05 0.010869066293463622 0.0021007732146571807 0.00020609921301772293 5.333457237779205 3.9552794019629394 0.8880916520966 0.0032629066361555834 8.889095396298677 0.11994194846966567 10.777187048395277 0.0 35.7828773298208 5.03594351823225 0.9730089851914682 -0.012154832068112853 10.913801535327908 0.005492860093292746 -0.821275081552816 -8.51096717359057 -2.276676530540916 14.9081354837791 -4.295169276911121 11.367534244354125 -0.10954349838655547 -0.5378188895437774 -0.27130135994092663 0.037580520758944844 0.0004127501185590094 -0.0014392244854310179 6.019040087480423 2.0026768298407625 1.0026768298407625 10.89177222613944 10.89177222613944
3.56819970216 0.0027197526839663777 3.307186386422808e-05 0.009093615448782608 0.0017342345848176406 0.00015215431673512 5.993855142057828 4.48243055664337 1.081171396899597 0.0027197526839663777 9.98975857009638 0.11392317821749993 12.070929966995976 0.0 40.211404826787216 5.823491611956314 0.9760267952994715 -0.010128672810358452 12.25119649729687 0.004439102576754738 -0.8117692965509669 -9.373646462691326 -2.4475386635464105 16.665004843835934 -4.951676618714853 12.696612202322749 -0.10309276680999642 -0.5246231665815739 -0.2770174571590355 0.035147745252998394 0.0003399145753798307 -0.0011921441849294058 6.675246273739556 2.234012039050958 1.234012039050958 12.223770609147337 12.223770609147337
3.65633423481 0.0022578413364339046 2.268188392006571e-05 0.00757267791067189 0.0014257873934252537 0.00011157261734054299 6.752884876824845 5.090414268645207 1.307757816508099 0.0022578413364339046 11.254808128041407 0.10812465502251117 13.562565944549506 0.0 45.270953819566046 6.725662962645196 0.9787673335682079 -0.008407520375021349 13.800976971964035 0.003583312211465503 -0.8023600202305978 -10.349246857991588 -2.6367809883037805 18.673585205984814 -5.713239434109285 14.220422360152785 -0.09689087189101206 -0.5116292617827161 -0.28232323807286086 0.0328053709922823 0.00027959201780843154 -0.000983869242634662 7.418777077943407 2.505919682381011 1.5059196823810108 13.760727810422418 13.760727810422418
3.74664569041 0.0018666597717852495 1.5425555428209613e-05 0.006276702742729488 0.0011673447292381487 8.125383509069972e-05 7.62769005518871 5.793605990157056 1.5743984148842607 0.0018666597717852495 12.71281675864785 0.1025440247578331 15.287215173532111 0.0 51.069514721497534 7.762886879438117 0.9812484685990209 -0.006951169149949976 15.60334663252301 0.002888018831831852 -0.7930572902593944 -11.455396149964137 -2.846875512457951 20.976012536376825 -6.599203208542341 15.972248050710874 -0.0909368933491675 -0.4988493979819667 -0.2872567231274775 0.030554680569966696 0.0002296546137866936 -0.0008089517921704368 8.263195777728974 2.826384915005443 1.826384915005443 15.539201673653293 15.539201673653293
3.83918783896 0.0015367793870393032 1.0401352541065506e-05 0.005178190942651094 0.0009517381135027497 5.876081344343082e-05 8.638766868546453 6.609240034988818 1.889026939165591 0.0015367793870393032 14.397944780910755 0.09717906123149861 17.286971720076345 0.0 57.735866943127455 8.959666478838379 0.9834878289425819 -0.005723795155455846 17.707368356218456 0.0023232301107765085 -0.7838705369897703 -12.712889067046708 -3.0806949553410097 23.622454069636216 -7.632855335718637 17.99181268313036 -0.08522929569903444 -0.48629431837947923 -0.2918524234548362 0.028396796741032067 0.00018833374980556578 -0.0006625964130403381 9.224509288725462 3.205090923168978 2.205090923168978 17.603035704079733 17.603035704079733
3.93401577858 0.0012597888694679772 6.952925244475727e-06 0.004251862765858745 0.000772651656412277 4.219213800953711e-05 9.810689332363445 7.558036223889011 2.2612814866223303 0.0012597888694679772 16.35114888727241 0.09202753743779084 19.61243037389474 0.0 65.42399976551614 10.345459398984438 0.9855026857501029 -0.004693614111760169 20.173222856302008 0.0018647721916698245 -0.7748084765617982 -14.146326164096767 -3.3415880296607137 26.67281135132973 -8.842305192357625 20.32666186777574 -0.07976596918194412 -0.47397336601345397 -0.2961414964365843 0.02633261985930678 0.000154162045523322 -0.0005406020869308766 10.321662464057322 3.653809756890613 2.653809756890613 20.004958644163022 20.004958644163022
4.03118596831 0.0010282236909521223 4.606923201043134e-06 0.003474727197511432 0.0006245531373599066 3.0075620643906114e-05 11.173005988472337 8.664976290893629 2.7029014042490473 0.0010282236909521223 18.621676647453896 0.08708712126043813 22.324578051702943 0.0 74.31856647890451 11.95577031320962 0.9873098498799046 -0.003832547473498593 23.075123887458258 0.0014930544865401885 -0.7658790292830027 -15.78489503509287 -3.633470733029903 30.198819574372006 -10.261577655524862 23.033870337168864 -0.07454426885009723 -0.46189456011066815 -0.30015192169883564 0.02436277895523749 0.00012592332096036452 -0.0004393052030458966 11.57714292691811 4.186890187613766 3.1868901876137663 22.808566835067662 22.808566835067662
4.13075626173 0.000835493835291667 3.025190163351576e-06 0.0028260757141583904 0.000502624191954893 2.1280116658119098e-05 12.761352018779661 9.960268637954618 3.228223612077432 0.000835493835291667 21.268920031299437 0.08235529293152266 25.49714364337687 0.0 84.6416264242224 13.833518385279717 0.9889255835269793 -0.0031158990163469014 26.505099690045054 0.001192133707443971 -0.7570892493596446 -17.663328475094524 -3.960937433116642 34.28664322192664 -11.931975428549288 26.18215628244021 -0.06956105188336377 -0.45006466980503995 -0.30390868053825837 0.022487595069726436 0.00010260991399596488 -0.0003555247321632633 13.0177231906272 4.821868020954465 3.821868020954465 26.090788052253902 26.090788052253902
4.2327859414 0.0006758112792015901 1.9684354844946893e-06 0.002287419335833908 0.0004026913392564037 1.4943224271163524e-05 14.618832782013236 11.480551122999723 3.8548057814612555 0.0006758112792015901 24.364721303355395 0.07782928146077077 29.21952708481665 0.0 96.66100960696305 16.030718342400327 0.9903655260301273 -0.0025220441780824387 30.577919534267615 0.0009489936340449375 -0.7484452911572088 -19.82308330356563 -4.3293965104418834 39.04009580673765 -13.903782439977011 29.85450894348824 -0.06481271324999313 -0.4384892848477151 -0.3074339621314104 0.020707055620481026 8.338666934395105e-05 -0.0002865103569354226 14.675374503382253 5.580232741662407 4.580232741662407 29.944954045017802 29.944954045017802
4.33733575415 0.0005441184812773808 1.2689399045930363e-06 0.0018423846303936592 0.0003211591894007671 1.0412564791587586e-05 16.79775042316234 13.270394955060496 4.60421038433838 0.0005441184812773808 27.99625070527057 0.07350601838021519 33.60046108960895 0.0 110.70072853681764 18.610596324741103 0.9916446334919294 -0.0020321338773854336 35.43752903696343 0.0007529834614217398 -0.7399523799291172 -22.313795224957513 -4.745236576748457 44.584645923210694 -16.23839914493108 34.15146385291999 -0.0602952198638341 -0.42717288306690443 -0.3107473629848275 0.01902079865195067 6.75608066888016e-05 -0.0002298940250314678 16.58839521794013 6.488392441349767 5.488392441349767 34.484643146620336 34.484643146620336
4.44446794728 0.00043601888955049613 8.102762267603962e-07 0.0014765817784637464 0.0002549468255950756 7.198534586986923e-06 19.361765695521765 15.384191330410031 5.502994518656717 0.00043601888955049613 32.269609492536276 0.06938210629489278 38.772604011192996 0.0 127.1539686560295 21.650242609512027 0.9927771319075271 -0.0016298141029391644 41.26546173290251 0.000595374791801845 -0.7316148009519594 -25.195080190514847 -5.216030900347701 51.072418233139864 -19.01102827549717 39.19519896745816 -0.05600414339368609 -0.4161188955967889 -0.31386609125223164 0.017428105912374477 5.455691960601259e-05 -0.00018364520392889566 18.802808740603588 7.5788924741206785 6.5788924741206785 39.848501966656954 39.848501966656954
4.55424630557 0.0003477102605643301 5.124063942921007e-07 0.0011774552035016034 0.00020142805181925225 4.936635919529727e-06 22.388613481771603 17.8885260533924 6.583963849358518 0.0003477102605643301 37.314355802952676 0.0654538010274101 44.898319652311194 0.0 146.49936366800148 25.24392144929193 0.9937764820973917 -0.001300962510092596 48.29180270060457 0.00046900876181497073 -0.723435911634148 -28.53877205242799 -5.750789749047661 58.68845724635564 -22.314064375021985 45.13467444860747 -0.05193469190179515 -0.40532976907084234 -0.3168051800532129 0.015927903746338717 4.389636866323354e-05 -0.00014602993232787475 21.374101443402964 8.891959905241542 7.891959905241542 46.20631570819422 46.20631570819422
4.66673618932 0.0002759213891742509 3.2084790420292663e-07 0.0009341250766701229 0.0001583759529176359 3.3577178642284618e-06 25.973525421914115 20.865177952155754 7.887765194547441 0.0002759213891742509 43.28920903652352 0.061717005263372066 52.176974231070965 0.0 169.3214414276985 29.507277467272772 0.9946553571151436 -0.0010334423145650362 56.80936078044217 0.0003680125939766483 -0.7154181526524015 -32.43171153725795 -6.3602730548452175 67.6585987768941 -26.261384137328996 52.15210320711178 -0.0480817404807027 -0.3948070258344109 -0.31957768450342505 0.014518770844668185 3.5180373963757766e-05 -0.00011557363519782644 24.36938974037058 10.477465762848283 9.477465762848283 53.766674799371806 53.766674799371806
4.7820045732 0.00021785267909784676 1.9888300440704786e-07 0.0007372262302892403 0.00012391200651498774 2.2646795757287565e-06 30.233558503469467 24.41491850073337 9.464917403897175 0.00021785267909784676 50.38926417244912 0.05816727248260099 60.85418157634629 0.0 196.3364017162238 34.58262215505618 0.9954256292394441 -0.0008168742946352836 67.19168791388935 0.00028757027568335447 -0.7075630871397642 -36.97923421263895 -7.0573793033789345 78.25939675330177 -30.993797496662122 60.47112572008768 -0.04443986105886193 -0.3845513219875414 -0.32219489085758746 0.013198951926664943 2.8076202613616928e-05 -9.102759410109233e-05 27.87013258085265 12.397428278383366 11.397428278383366 62.78669245083248 62.78669245083248
4.90012008615 0.0001711208375841094 1.220161790883723e-07 0.0005787493350834732 9.645982400120484e-05 1.5143981960924052e-06 35.313088552208704 28.662342733411403 11.378408219123564 0.0001711208375841094 58.85514758701451 0.054799819600822114 71.23355580613807 0.0 228.42473417337322 40.64566366197887 0.9960983672665592 -0.0006424265902786885 79.91529568181062 0.00022373588218293125 -0.699871435999035 -42.309547812683824 -7.8576311162613806 90.83068497579232 -36.68599485769017 70.36717311326615 -0.041003351529082084 -0.374562503454835 -0.3246665059539212 0.011966376472803929 2.2305896411299573e-05 -7.13388901657354e-05 31.975537388777806 14.729214858321527 13.729214858321527 73.58436244533604 73.58436244533604
5.02115305228 0.00013370785244866285 7.407352121666285e-08 0.0004518879701509333 7.470347091734973e-05 1.0038375656725707e-06 41.390807215229785 33.76203373960472 13.707027250633033 0.00013370785244866285 68.98467869204964 0.051609546896113 83.69170594268267 0.0 266.67261875145954 47.914085941510386 0.9966838425376354 -0.000502622294725974 95.58556096421006 0.00017328082411126062 -0.6923431273276375 -48.57924527699351 -8.779783972937299 105.79153125701991 -43.55543377329943 82.18065222610412 -0.03776626433526743 -0.36483966095317427 -0.3270008440797376 0.010818681658693622 1.7637077832928803e-05 -5.562361141845959e-05 36.806852564970264 17.56965313517827 16.56965313517827 86.55433182722791 86.55433182722791
5.14517553267 0.00010391430443572665 4.448730475163526e-08 0.0003508940950061455 5.7550219487244395e-05 6.594686372562675e-07 48.688666153917545 39.90645746999214 16.54965933491951 0.00010391430443572665 81.1477769231959 0.048591064188879464 98.69743625811542 0.0 312.4246906235047 56.65846706698082 0.9971915414912197 -0.00039116463988708716 114.9638450744971 0.0001335683046034917 -0.6849773603058891 -55.980273221645064 -9.846592376707182 123.66057430456797 -51.873747976777885 96.33378245035252 -0.03472243463704664 -0.3553811831955593 -0.32920501247044276 0.009753238682141535 1.3875436724012143e-05 -4.314308938536194e-05 42.51279738137207 21.040328440395854 20.040328440395854 102.18810536359176 102.18810536359176
5.27226136833 8.031698046241779e-05 2.6426262535623278e-08 0.00027094356892547823 4.4097517713688456e-05 4.2928680782000827e-07 57.48335309931318 47.33611026298058 20.03083302986326 8.031698046241779e-05 95.8055884988553 0.04573872171242529 116.83642152871856 0.0 367.35151823628297 67.21634374864557 0.9976301858205449 -0.000302778863461306 138.98954656242609 0.00010244976705399502 -0.6777726639570929 -64.74877271302194 -11.085778144978994 145.08204330678097 -61.98144571107999 113.35217496600629 -0.03186550813968916 -0.3461848091335233 -0.33128507596010903 0.008767181714267129 1.085856604578066e-05 -3.3282921817312184e-05 49.27645480792568 25.294432179088645 24.294432179088645 121.10002067794395 121.10002067794395
5.40248622413 6.173068245753929e-05 1.552238112610244e-08 0.00020801269431561427 3.360391076510197e-05 2.7684523437408264e-07 68.12107232224969 56.35261198894446 24.3079194980252 6.173068245753929e-05 113.53512053708282 0.04304664489498657 138.843040035108 0.0 433.53622261693044 80.01028269033809 0.9980077572794063 -0.00023307037537900754 168.78466314926442 7.817923818932042e-05 -0.6707269684836135 -75.17633765691257 -12.531259251962625 170.85917632534563 -74.3069194260654 133.89259662629695 -0.029188968654924895 -0.3372476791266936 -0.3332462189815417 0.007857438752357032 8.450880771863536e-06 -2.5534541842997553e-05 57.32405578826282 30.525650156016127 29.525650156016127 144.06077069309896 144.06077069309896
5.53592763387 4.717407024627502e-05 9.013589220061049e-09 0.0001587662028629398 2.546362062242243e-05 1.7683742016764738e-07 81.03665487493952 67.33566460894893 29.580506723679846 4.717407024627502e-05 135.06109145823254 0.040508771742585006 165.6415981819124 0.0 513.5861124504788 95.57122848440541 0.9983315275108109 -0.00017839818490017478 205.62110877668334 5.934232165524947e-05 -0.6638376777664314 -87.6244071123108 -14.224715950940272 201.99730787113563 -89.39112390493051 158.77882916938728 -0.02668616542644135 -0.3285663852285653 -0.33509289435296585 0.007020763697600697 6.53940188998078e-06 -1.9479097414155248e-05 66.9362164129031 36.979740395337274 35.979740395337274 172.0408318535698 172.0408318535698
5.67266504642 3.5839333837469204e-05 5.1730349630960084e-09 0.00012045670024571809 1.9184474265342694e-05 1.1185836553757999e-07 96.77836467379389 80.76510393309569 36.10265366792544 3.5839333837469204e-05 161.29727445632315 0.038118891980128404 198.3999281242486 0.0 610.7771122202528 114.56882589791856 0.9986080910379478 -0.00013576279738369834 250.82864699111047 4.479725270181324e-05 -0.6571017441491618 -102.5427360883969 -16.217595358135373 239.75964418464096 -107.91973865399582 189.0481679515151 -0.024350340226011038 -0.320137020472543 -0.3368289608792352 0.006253769035293582 5.030234072490795e-06 -1.4773416338034068e-05 78.46236972831782 44.969672570451024 43.969672570451024 206.26694702677418 206.26694702677418
5.81277987307 2.70654589431577e-05 2.933528342263507e-09 9.083527610149489e-05 1.4368866391190878e-05 7.005313588906097e-08 116.04022845875589 97.24968941291796 44.198971349068216 2.70654589431577e-05 193.40038076459317 0.03587068706389655 238.59935211366138 0.0 729.2413704447603 137.85089285400878 0.9988434017749804 -0.00010270745458917929 305.63856930908696 3.3625930779350707e-05 -0.6505157415800813 -120.49319562183994 -18.573688502487514 285.7397549736123 -130.76525061180007 226.0119608792534 -0.02217465419861993 -0.31195522744597926 -0.3384578066795122 0.005552958544456762 3.845602017854694e-06 -1.1137844365176006e-05 92.33937420901914 54.89550137976332 53.89550137976332 248.29588214435648 248.29588214435648
5.95635553593 2.0314828166864797e-05 1.643308044994679e-09 6.807276522776159e-05 1.0697446742925125e-05 4.3426734823306565e-08 139.70434542363043 117.56484600684477 54.28581272094334 2.0314828166864797e-05 232.8405757060507 0.033757770196610595 288.126388426994 0.0 874.2119706851671 166.49503840881218 0.9990428101712061 -7.723190466357721e-05 371.01350912052266 2.509324142536046e-05 -0.6440759434447134 -142.18056508201565 -21.372458093668996 341.95618296527306 -159.04224431676514 271.3347538460665 -0.020152214406746572 -0.3040162458791747 -0.3399824656608754 0.004914759523837978 2.921340826122358e-06 -8.345757575301896e-06 109.11560725922233 67.27056128001851 66.27056128001851 300.11113698606925 300.11113698606925
6.10347751767 1.5152887710015817e-05 9.091084542133152e-10 5.069099139472741e-05 7.915232913071247e-06 2.664163841327982e-08 168.89649043869233 142.70234794229077 66.89930588850942 1.5152887710015817e-05 281.49415073115387 0.03177372571705673 349.3934566196633 0.0 1052.3434630571464 201.8764780009022 0.9992111032471366 -5.7717357146103154e-05 447.59906820299625 1.861328846668883e-05 -0.6377783920145266 -168.49253718948268 -24.713355170671818 410.9764394150823 -194.18034240981532 327.1381958721063 -0.01827610000079633 -0.2963149592286505 -0.34140571542873027 0.004335554076429973 2.2047589130729177e-06 -6.214564041625471e-06 129.48228868392843 82.75613079313962 81.75613079313962 364.2502815242935 364.2502815242935
6.25423341236 1.1230604364926515e-05 4.965491384008005e-10 3.7503231877501754e-05 5.819864757089403e-06 1.6171133715884426e-08 205.0595026760799 173.93600474960874 82.73259918271594 1.1230604364926515e-05 341.7658377934665 0.02991214720336682 425.49843697618246 0.0 1272.1334970004289 245.75745921085579 0.9993525437454034 -4.2861872056931816e-05 535.9709457327488 1.3721402860802997e-05 -0.6316189690525373 -200.55191361747106 -28.72144428091385 496.080216951516 -238.0208447052293 396.1380400349089 -0.016539387920852758 -0.2888459404125405 -0.34273016676794044 0.0038117090537136446 1.6528111602295871e-06 -4.598024290918105e-06 154.31437915804946 102.20750067795677 101.20750067795677 443.9733384714233 443.9733384714233
6.40871297764 8.26943881375479e-06 2.6769357539155244e-10 2.7563085797965236e-05 4.251734918769123e-06 9.70946539887036e-09 250.05057359893192 212.9088832313984 102.68555740468992 8.26943881375479e-06 416.75095599821987 0.028166673746767245 520.4365134029098 0.0 1544.4799259941874 300.4056805584546 0.9994709101691082 -3.1624935856733316e-05 637.2329330084744 1.005098896525374e-05 -0.6255934628840114 -239.78500181832842 -33.55476818263184 601.4751688916066 -292.94532143977483 481.8255755773506 -0.014935178016820302 -0.2816034961137148 -0.3439583418344392 0.0033396043189395453 1.230533562067508e-06 -3.3797335100351864e-06 184.72421289338675 126.73545983393416 125.73545983393416 543.4864158321541 543.4864158321541
6.56700818819 6.0485677245958676e-06 1.4240318672567905e-10 2.0120912321047248e-05 3.0857504400769965e-06 5.765312258164948e-09 306.2707975598724 261.7496427780423 127.93135793657939 6.0485677245958676e-06 510.451329266454 0.026531023999448337 639.3826872030334 0.0 1883.4201541652508 368.75195055890714 0.999569536612752 -2.318030293579909e-05 753.7837650214923 7.314425677603525e-06 -0.6196976246221597 -288.0116401088271 -39.41403591063617 732.5834678562665 -362.04747999368703 588.7089790579164 -0.013456617460815673 -0.27458171005794096 -0.3450927342612826 0.0029156590462418295 9.097011970007575e-07 -2.4676219096666616e-06 222.13213858981248 157.78871226140802 156.78871226140802 668.2400415278621 668.2400415278621
6.72921329044 4.394097794272278e-06 7.472773359152695e-11 1.4587013580827914e-05 2.224501721711341e-06 3.3846839232969682e-09 376.83847475293976 323.228414633299 160.00614399556855 4.394097794272278e-06 628.064124588233 0.024999027585245696 789.0702685838015 0.0 2307.11688911259 454.60076965481824 0.9996513505516591 -1.68762279404433e-05 889.9619961752131 5.287366367402696e-06 -0.6139272280559593 -347.56422716268304 -46.55542887217974 896.4241154762578 -449.36392418943024 722.6358528316248 -0.012096924315548284 -0.26777448478014193 -0.34613586704787774 0.0025363558289127745 6.676791940175678e-07 -1.7893425317782456e-06 268.3599908880248 197.26485815171532 196.26485815171532 825.3289827399483 825.3289827399483
6.89542485871 3.1700287903318118e-06 3.8671934563258446e-11 1.0500764218638686e-05 1.592636781174441e-06 1.9641467482526784e-09 465.8220290262164 400.966637089881 200.9302616423779 3.1700287903318118e-06 776.3700483770274 0.023564653612996558 978.3003100194053 0.0 2839.1786083886873 562.9131763310347 0.9997189104621772 -1.2202052641185901e-05 1052.4467997334311 3.7958847956865125e-06 -0.6082781168348168 -421.44582900226317 -55.30761184334942 1102.1253853470018 -560.1854085892425 891.2262754874223 -0.010849410117657476 -0.2611755817054246 -0.347090333076751 0.00219826242421543 4.864415867670838e-07 -1.288427857029874e-06 325.7553369699744 247.66051070258698 246.66051070258698 1024.0305590796142 1024.0305590796142
7.06574185272 2.270738924274534e-06 1.9730170975200874e-11 7.50493304898151e-06 1.1322600760322677e-06 1.1263687573401902e-09 578.5545479024225 499.720872942868 253.37298001759928 2.270738924274534e-06 964.2575798373709 0.022222036118949975 1218.6305598549702 0.0 3510.4367738796213 700.188416494972 0.999774441750723 -8.760404054619642e-06 1250.5517433561276 2.705999686892597e-06 -0.6027462461042301 -513.5411859166752 -66.09444273144386 1361.614993779406 -701.4786633055223 1104.4570188756834 -0.009707501334457934 -0.2547786596803448 -0.3479588260198302 0.0018980510136462395 3.517371478267413e-07 -9.211083859103522e-07 397.3574139420352 312.27530552013377 311.27530552013377 1276.5328853575047 1276.5328853575047
7.24026567648 1.6147837667468268e-06 9.920936138566269e-12 5.324494226205369e-06 7.991957234181634e-07 6.381545638928992e-10 722.0606252513113 625.768566990023 320.8773707166272 1.6147837667468268e-06 1203.4343754188521 0.020965496227383515 1525.3117461354793 0.0 4361.34963753453 874.9811821004764 0.9998198701955499 -6.244250588594014e-06 1496.654603001703 1.915181667672585e-06 -0.5973277214878498 -628.8996781562463 -79.46544470902643 1690.5541960901298 -882.4608478812248 1375.4535606849336 -0.008664759555634366 -0.2485773115297212 -0.34874416570754 0.001632514906970681 2.523840593530002e-07 -6.536973713527069e-07 487.1198206712777 395.49048715313666 394.49048715313666 1598.9248625719888 1598.9248625719888
7.41910023869 1.139818706152692e-06 4.91500859316231e-12 3.749283843668517e-06 5.599744809746258e-07 3.571041426536608e-10 905.6384993205098 787.4349655692972 408.16881338286817 1.139818706152692e-06 1509.3974988675163 0.01978956107487438 1918.5663122503845 0.0 5445.26977747713 1098.6065573358665 0.9998568543806547 -4.418049170062943e-06 1806.957863812533 1.3455062391985116e-06 -0.5920188273112785 -774.1166619513351 -96.13690596367047 2109.6083410044666 -1115.3857196968079 1721.569165055452 -0.007714900289591031 -0.24256509858628703 -0.34944931067582147 0.0013985826633012444 1.7967737284376864e-07 -4.604563555658136e-07 600.21084213695 503.15118583776734 502.15118583776734 2012.5486847052837 2012.5486847052837
7.60235201459 7.984740547792008e-07 2.3983111294157045e-12 2.619919827008137e-06 3.894220858231267e-07 1.9731946823003577e-10 1141.6580436472314 995.8165242799907 521.5803596633405 7.984740547792008e-07 1902.763406078719 0.018688979358583917 2425.3437657420595 0.0 6832.908454646592 1386.1052638382298 0.99988681531763 -3.1024310302996128e-06 2202.706615382388 9.381674083767896e-07 -0.5868160507873714 -957.8499631528024 -117.04760614620463 2646.183922659511 -1416.6250081879168 2165.8626017314004 -0.006851810245065272 -0.2367355831321122 -0.35007736522422966 0.0011933296446238531 1.2689489125630828e-07 -3.2186605047569765e-07 743.4205165807922 643.0936206881206 642.0936206881206 2545.8570267668397 2545.8570267668397
7.79013010935 5.550308170694385e-07 1.1522662234194757e-12 1.8164653691693627e-06 2.687433576854117e-07 1.0762927548254507e-10 1446.6603580774995 1265.7792415391323 669.6422284906653 5.550308170694385e-07 2411.1005967958326 0.017658733711394797 3081.742825286498 0.0 8618.467202579575 1757.5723173593904 0.9999109640696129 -2.161829245395097e-06 2711.98189976599 6.491102009132897e-07 -0.5817160996045851 -1191.5230336102995 -143.4347808267533 3336.815819973617 -1808.163541667941 2739.132336011573 -0.006069562993345511 -0.2310823584853449 -0.3506315792899944 0.0010139870547628568 8.888842462286178e-08 -2.2323630329056032e-07 925.7152231777845 825.8758987676861 824.8758987676861 3236.9764955635187 3236.9764955635187
7.98254632305 3.8276343742266695e-07 5.449029377738777e-13 1.249377645676789e-06 1.8401177716788538e-07 5.7936554627858335e-11 1842.881038633307 1617.3437310457994 863.9030487931732 3.8276343742266695e-07 3071.4683977221785 0.016694049816167924 3936.3714465153516 0.0 10928.10427752456 2239.9958797117506 0.9999303277673336 -1.4945548345579596e-06 3372.24015643877 4.4557784661081893e-07 -0.5767159122507395 -1490.287267518822 -176.93824020998747 4230.465618902064 -2319.677372430486 3482.731689302204 -0.005362432923039775 -0.22559907681651747 -0.3511153408793873 0.0008579485513011125 6.174856799577436e-08 -1.5359745917013924e-07 1158.9972211798859 1065.7963420918209 1064.7963420918209 4137.264739814 4137.264739814
8.17971521723 2.618332145264499e-07 2.5354422556501794e-13 8.523424298485131e-07 1.2498801609377593e-07 3.076874747310246e-11 2360.371881422216 2077.6173061487557 1120.0801152606186 2.618332145264499e-07 3933.9531357036935 0.01579040260701209 5055.033250964312 0.0 13931.689164096037 2869.8156419068705 0.9999457726898725 -1.024931664872497e-06 4233.866496513147 3.034018590608693e-07 -0.571812664732918 -1874.3460745276873 -219.74387185376088 5393.103617812654 -2991.43788479216 4452.486064886913 -0.004724907419105315 -0.22027947446802795 -0.35153216533322496 0.0007227745468185666 4.2532258130038877e-08 -1.0482331540422227e-07 1459.1504821089607 1382.3201014997403 1381.3201014997403 5316.273237203433 5316.273237203433
8.3817541831 1.7763226227037518e-07 1.1603845014757136e-13 5.766504887436532e-07 8.420314452460527e-08 1.611653465052574e-11 3039.9726042082993 2683.5040902768237 1459.679305491758 1.7763226227037518e-07 5066.621007013832 0.014943519507018062 6527.30031250559 0.0 17859.213482753374 3696.5025201771487 0.9999580255251795 -6.970905053194087e-07 5365.148316898446 2.048912693646622e-07 -0.5670037706092823 -2370.786712305138 -274.78254746852787 6914.109633864375 -3878.3926272422477 5724.174061868143 -0.004151697217944038 -0.21511739483416917 -0.35188567868460796 0.0006061943419038467 2.9043425096659347e-08 -7.094304801782633e-08 1847.4886268505422 1802.0887074326438 1801.0887074326438 6868.709714446476 6868.709714446476
8.58878351142 1.1949274936077196e-07 5.221617088680452e-14 3.8682259323902963e-07 5.625301226255352e-08 8.32347177251073e-12 3937.4968520933135 3485.5280687971867 1912.289260892544 1.1949274936077196e-07 6562.494753488856 0.01414938112423423 8475.7840143814 0.0 23023.833988266182 4787.595761245784 0.9999676920711645 -4.701272064977502e-07 6859.270800617879 1.372014764759404e-07 -0.5622868771194205 -3016.1288262152343 -346.0074191226824 8915.265587296688 -5055.932142501767 7401.240562148994 -0.003637744912263546 -0.21010680867377032 -0.3521795983184438 0.0005061062530773721 1.9658098197759586e-08 -4.7605983253969886e-08 2352.7708338078314 2361.766668409068 2360.766668409068 8924.261421897925 8924.261421897925
8.80092646415 7.968956429347879e-08 2.3094046428210978e-14 2.572361221030654e-07 3.7259677671923216e-08 4.237122387878575e-12 5129.663029962183 4553.2574685408845 2518.849144961696 7.968956429347879e-08 8549.438383270306 0.013404219427370518 11069.287528232002 0.0 29854.41737077884 6235.831973878927 0.999975275299426 -3.143310722819592e-07 8844.216838421737 9.108399667637335e-08 -0.5576598561938666 -3859.890463828039 -438.7827774517099 11563.462989027501 -6628.086511865974 9625.713932789255 -0.0031782316009475093 -0.2052418320006073 -0.3524177098621873 0.00042057591578382607 1.3186335531173086e-08 -3.166887982931832e-08 3014.0246057571953 3112.0969195735615 3111.0969195735615 11661.535302843868 11661.535302843868
9.01830934781 5.2676493791520456e-08 1.0035048724807846e-14 1.6954741350712606e-07 2.4463825826997607e-08 2.1253478579152105e-12 6722.547308721953 5983.046947198492 3336.33053640857 5.2676493791520456e-08 11204.24551453659 0.012704513824867486 14541.57605094516 0.0 38941.78014061352 8169.295317653249 0.9999811897190213 -2.0831511848840023e-07 11496.866950256475 5.993621419444787e-08 -0.5531207932370128 -4969.607058401815 -560.4326335485343 15088.767060061082 -8739.244309458385 12593.750461270156 -0.0027685817010726366 -0.20051674142358228 -0.35260384349831175 0.0003478329550799837 8.764323463513305e-09 -2.0880504485072182e-08 3884.521545524491 4123.712469407421 4122.712469407421 15327.95798394401 15327.95798394401
9.24106158871 3.450648539604408e-08 4.282439287870789e-15 1.1074019825696928e-07 1.5918989251931856e-08 1.0501140441118565e-12 8863.704809559284 7909.155120668023 4444.485735470744 3.450648539604408e-08 14772.841349265473 0.012046985260198786 19218.327084736215 0.0 51104.788729860105 10765.957004851694 0.9999857759238404 -1.3680717447783763e-07 15063.209819984511 3.90853863731764e-08 -0.5486679709581135 -6437.937778407758 -721.019375680918 19810.252005255814 -11591.009052961273 16577.902095201243 -0.002404465959831817 -0.19592598715490414 -0.35274184699603517 0.0002862662250935388 5.770917235360547e-09 -1.3642747651313177e-08 5037.410655990344 5495.51476596178 5494.51476596178 20268.356115227252 20268.356115227252
9.46931580995 2.2395643474117335e-08 1.794065005836596e-15 7.166180165499582e-08 1.0264171626973005e-08 5.109061886818596e-13 11759.659040501665 10519.808221527463 5955.6345063548615 2.2395643474117335e-08 19599.431734169444 0.011428588672553195 25556.066240524306 0.0 67485.44189273736 14274.63200923643 0.9999893099633448 -8.901914183567783e-08 19887.497590443003 2.525393907412951e-08 -0.5442998543840072 -8392.789091601804 -934.4559060648253 26173.180959549365 -15466.595670922099 21959.214252663864 -0.0020818027239321957 -0.19146420360721914 -0.3528355617576464 0.00023441782285466047 3.7637574155602776e-09 -8.831376319701277e-09 6573.74922537992 7366.82682445243 7365.82682445243 26966.258558621874 26966.258558621874
9.70320791045 1.4398367609135908e-08 7.375275197120044e-16 4.593558805960341e-08 6.556296650447095e-09 2.446756123585e-13 15701.297844417037 14080.557809833437 8028.946474567587 1.4398367609135908e-08 26168.829740695062 0.010846504063338426 34198.77621526265 0.0 89686.51830963387 19045.37902441086 0.999992016347063 -5.7379212936581325e-08 26454.576973294486 1.6163777486063203e-08 -0.5400150685400087 -11011.82706655066 -1220.1042156208896 34802.853125822134 -20766.36295874973 29273.78777775528 -0.001796757542199538 -0.18712621770013968 -0.3528887934606561 0.0001909760825236617 2.4308846146042513e-09 -5.6628005124344835e-09 8634.023385127075 9935.132444023504 9934.132444023504 36103.96218471856 36103.96218471856
9.94287714584 9.167589748243623e-09 2.973883520562563e-16 2.916071316312632e-08 4.1478775341157475e-09 1.1529944193572963e-13 21100.99050992315 18968.465506134748 10891.418887820702 9.167589748243623e-09 35168.317516538584 0.01029812638893549 46060.73640435928 0.0 119972.1497415245 25573.88470715215 0.9999940762846307 -3.6626340627066156e-08 35451.75438963249 1.02461928015027e-08 -0.5358123806762687 -14543.414496497304 -1605.088125621747 46583.09839369277 -28059.90083724392 39280.76332265172 -0.0015457411932879319 -0.18290705529330903 -0.3529052887566191 0.00015476775335526187 1.5544827812442097e-09 -3.595990223113505e-09 11414.780877154193 13482.136211125042 13481.136211125042 48650.453727663626 48650.453727663626
10.1884662113 5.7795212523871844e-09 1.1756618830652942e-16 1.8329039146075845e-08 2.5985408040813367e-09 5.3442696557916294e-14 28547.19706188641 25722.465827785065 14868.891377468426 5.7795212523871844e-09 47578.661769810686 0.009781054647943108 62448.55314727911 0.0 161562.0455185057 34566.69912711916 0.9999956309395093 -2.3163221563038405e-08 47859.81385949565 6.431205558002289e-09 -0.5316906789363212 -19337.01537581856 -2127.6614995729597 62771.46378056302 -38162.89098947286 53062.24533337762 -0.0013254062445902078 -0.17880194512412922 -0.3528887106489703 0.00012474955821616053 9.840029234560813e-10 -2.260973270882692e-09 15192.802010752333 18412.299281899242 18411.299281899242 65990.96105170992 65990.96105170992
10.4401213268 3.606808735043146e-09 4.554650917532053e-17 1.1404505607281964e-08 1.611648273918909e-09 2.4356064160705606e-14 38885.36126107703 35118.068128843675 20432.208788427393 3.606808735043146e-09 64808.935435128384 0.009293080159879447 85242.14422355578 0.0 219066.0479725655 47037.77647900337 0.9999968061669405 -1.4469927478444333e-08 65087.84045138716 3.996078290436589e-09 -0.5276489473240642 -25887.64414814968 -2842.1469177700073 85169.39586644174 -52251.2916610172 72171.17227037335 -0.0011326422602983134 -0.17480632165306004 -0.3528426112010769 9.999932037147909e-05 6.164570253849294e-10 -1.4072281516378105e-09 20360.46043131336 25310.20699064665 25309.20699064665 90119.14242577503 90119.14242577503
10.6979923235 2.2276440140514995e-09 1.728373050772257e-17 7.02276212638181e-09 9.893409932162584e-10 1.0909668935435987e-14 53338.572392560556 48278.9315235611 28266.407248564603 2.2276440140514995e-09 88897.6206542676 0.00883217473644758 117165.0279028322 0.0 299130.46022222616 64452.32428016031 0.9999976732630385 -8.97722163273329e-09 89174.32456331824 2.457457170892318e-09 -0.523686257286248 -34901.29342638216 -3826.2272746965764 116375.43143945906 -72032.15109093607 98851.66510042659 -0.0009645697861630079 -0.17091582531843047 -0.352770422990596 7.970683437825273e-05 3.821282101851874e-10 -8.668127375475869e-10 27477.81078519147 35026.56335830563 35025.56335830563 123924.18401257323 123924.18401257323
10.9622327339 1.361299852392743e-09 6.421243196447547e-18 4.278884988352111e-09 6.009683848565987e-10 4.8009249523716044e-15 73688.83107609603 66844.69707610803 39375.13264898669 1.361299852392743e-09 122814.71846016006 0.008396478175907164 162190.85110914675 0.0 411406.22498202143 88942.71971129322 0.9999983200887731 -5.500262023616642e-09 123089.27261934121 1.4953537345950622e-09 -0.5198017298462201 -47391.91793811153 -5191.787565625559 160164.56884753334 -100000.93846020006 136369.71747607773 -0.0008185332451661845 -0.1671263017560781 -0.35267542258987994 6.316464268132277e-05 2.343235454240133e-10 -5.282921894209924e-10 37349.8503873733 48808.000072623516 48807.000072623516 171622.71853278356 171622.71853278356
11.2329998825 8.228827886355573e-10 2.334443115682387e-18 2.5789188340412463e-09 3.611427391756986e-10 2.07474735388201e-15 102551.34508787448 93225.28460691466 55239.38047777413 8.228827886355573e-10 170918.9084797908 0.007984286319145622 226159.28895756495 0.0 570009.8660963231 123634.90596825184 0.9999988026130351 -3.314815977262242e-09 171191.3675028737 9.001201212228289e-10 -0.5159945318061245 -64826.22771251164 -7101.152099279509 222060.85860481864 -139832.04020992474 189513.1086639568 -0.0006920928835824117 -0.16343380001318225 -0.35256072847812636 4.975886393244606e-05 1.4210867804334402e-10 -3.1849639355902377e-10 51141.95012502784 68494.44959042742 68493.44959042742 239413.35807021824 239413.35807021824
11.5104549795 4.919104447533405e-10 8.300551224901453e-19 1.5371601229483006e-09 2.1464280389517066e-10 8.801269675507409e-16 143792.69557954132 130989.06575030726 78060.59710506603 4.919104447533405e-10 239654.49263256887 0.007594038720767402 317716.0897376349 0.0 795744.573925365 173145.5094840641 0.9999991390767522 -2.0077295381781823e-09 239924.9128114133 5.358520200452359e-10 -0.5122638604828489 -89341.44754624166 -9791.58208520615 310208.06909345766 -196975.726535122 265352.76891669695 -0.0005830159086237966 -0.1598345682952963 -0.3524292901798232 3.896020150570588e-05 8.521517974619117e-11 -1.8989183814078665e-10 70553.57646088878 96821.46200261539 96820.46200261539 336475.95463518426 336475.95463518426
11.7947632175 2.9072507620260746e-10 2.8850969155316014e-19 9.058609056931611e-10 1.2613894818259167e-10 3.663302169540772e-16 203173.20599854406 185459.90688915493 111135.78420027904 2.9072507620260746e-10 338622.00999757345 0.007224306975785373 449758.7941978525 0.0 1119502.7535382463 244344.90986539007 0.9999993904887527 -1.1928555920803774e-09 338890.44817837945 3.154010687464743e-10 -0.5086089110757834 -124075.27813613316 -13612.515420439995 436703.7097217593 -279577.6796329431 374411.187933382 -0.000489266959311905 -0.1563250499104285 -0.3522838599724992 3.031524286258261e-05 5.051208499786779e-11 -1.1193507409064115e-10 98081.69972418588 137886.7553374663 137885.7553374663 476508.76533503976 476508.76533503976
12.086093869 1.6982770500554812e-10 9.797322109071698e-20 5.276525611738087e-10 7.32755972963107e-11 1.495372843183957e-16 289341.4276517878 264642.6425918942 159440.79442378302 1.6982770500554812e-10 482235.7127529797 0.0068737833776190155 641677.5071767627 0.0 1587519.551736481 347537.350021626 0.9999995745460339 -6.960396703448168e-10 482502.22551062354 1.8350079674722547e-10 -0.5050288851315052 -173669.7205731394 -19082.614120220842 619658.9956992867 -399906.42922000086 532469.5039220637 -0.00040899805022581373 -0.152901877802054 -0.3521270066334113 2.343814186277601e-05 2.9589814188884e-11 -6.521799198948262e-11 137423.282946307 197875.82958829973 197874.82958829973 680111.5423412794 680111.5423412794
12.3846203876 9.802617227085208e-11 3.248663252565651e-20 3.0370946958619007e-10 4.206541881554226e-11 5.983730095395793e-17 415386.06091603014 380669.0785817871 230544.52882466756 9.802617227085208e-11 692310.101526717 0.00654126998534656 922855.6303513845 0.0 2269549.4548448506 498301.1056318138 0.9999997092702811 -3.9601832924063274e-10 692574.7445954118 1.0549901094558851e-10 -0.5015229691348271 -245046.43849616442 -26977.84593274525 886405.2110865227 -576586.8270792402 763384.7102639627 -0.00034053812379479054 -0.1495618679554505 -0.3519611007833581 1.8002757732176393e-05 1.7125399579722026e-11 -3.754824948577733e-11 194095.10955980577 286199.3991490231 286198.3991490231 978509.5006757401 978509.5006757401
12.6905205112 5.589300156101057e-11 1.0512406788526243e-20 1.726904754328864e-10 2.3857317771623975e-11 2.3460160336276763e-17 601277.5831810976 552075.7519051973 336053.39952103456 5.589300156101057e-11 1002129.3053018295 0.006225668497844396 1338183.704822864 0.0 3271696.7973076324 720381.2297914325 0.9999998063208435 -2.1876633837791815e-10 1002392.1331937197 5.991975569086897e-11 -0.4980903250811508 -348609.62918266444 -38468.58267626477 1278525.3198744496 -838123.2010488283 1103517.5536335753 -0.000282382341440509 -0.14630201274791999 -0.3517883121144645 1.3735306487414122e-05 9.789710341522106e-12 -2.1355468499103112e-11 276396.0145726203 417290.85399233806 417289.85399233806 1419420.1592941675 1419420.1592941675
13.0039763678 3.147209347025924e-11 3.317740815057615e-21 9.697293762333995e-11 1.336348737406573e-11 9.007645973220043e-18 877741.7935440862 807421.866198252 493912.60111598787 3.147209347025924e-11 1462902.9892401437 0.005925970632195669 1956816.5903561315 0.0 4756718.77420237 1050274.6925626227 0.9999998659217073 -1.2505818602903673e-10 1463164.0549928953 3.361048849435667e-11 -0.4947300899045164 -500127.5218728327 -55334.75780404671 1859815.9936719309 -1228503.2314206962 1608750.2680343362 -0.00023318123682919553 -0.14311947334392916 -0.35161061643552927 1.0407563564070137e-05 5.5259237707245725e-12 -1.19949398059359e-11 396913.00443178724 613470.354757867 613469.354757867 2076373.3439980107 2076373.3439980107
13.3251745841 1.749500214532942e-11 1.0206127530694127e-21 5.3761754586884924e-11 7.390730348165471e-12 3.3852591575356684e-18 1292457.6828390593 1191085.0562329171 732103.5577930617 1.749500214532942e-11 2154096.138065099 0.005641249244891138 2886200.6958581605 0.0 6976429.223172514 1544561.5548784735 0.9999999153750384 -6.49005293951177e-11 2154355.493100935 1.8613625875949873e-11 -0.49144136435297314 -723700.2379798638 -80306.3848831897 2728994.713152021 -1816187.3827112913 2365704.1827402567 -0.0001917298462889494 -0.1400115720507783 -0.3514297922372943 7.830640556230194e-06 3.079053175802052e-12 -6.651587057691621e-12 574898.5750869222 909547.2554731905 909546.2554731905 3063643.3935382892 3063643.3935382892
13.6543063963 9.598121651372092e-12 3.058339872602559e-22 2.941723315356114e-11 4.0344847050582945e-12 1.2446454952777086e-18 1920061.2745489462 1772627.2218779947 1094636.3826193274 9.598121651372092e-12 3200102.124248244 0.005370650245702012 4294739.506867571 0.0 10323871.107422626 2291728.396464135 0.9999999395052436 -3.7980285583216755e-11 3200359.8182976 1.0174262577310273e-11 -0.48822321752660525 -1056481.766080961 -117607.14435259551 4040157.779255494 -2708655.2820117394 3509827.938272114 -0.00015695692225336846 -0.1369757841396072 -0.35124743334901776 5.849344607899024e-06 1.693066817556352e-12 -3.640454348057299e-12 840055.6550072504 1360280.3561174585 1360279.3561174585 4560382.480365703 4560382.480365703
13.9915677643 5.195201345547516e-12 8.921485006580553e-23 1.58816869450833e-11 2.1731111672996647e-12 4.474445552638526e-19 2878437.485815484 2662065.0689980006 1651348.3224911373 5.195201345547516e-12 4797395.809692474 0.005113385070714495 6448745.132183611 0.0 15418075.483931722 3431409.4284621677 0.999999965121725 -1.7845724897824766e-11 4797651.89077813 5.4872064088151474e-12 -0.4850746798493071 -1556259.3347246265 -173829.8269849511 6036012.7253646515 -4076154.4203008604 5254826.144576214 -0.00012791432556119554 -0.13400972960745974 -0.35106495022400175 4.337116318406233e-06 9.184149110978957e-13 -1.9658482344689218e-12 1238616.9156721768 2052578.1357565466 2052577.1357565466 6849973.945449021 6849973.945449021
14.3371594881 2.7734389924602295e-12 2.5317914719626772e-23 8.45697083957462e-12 1.154582757734793e-12 1.571929086145268e-19 4355496.097622044 4034996.3529428635 2514071.7508033356 2.7734389924602295e-12 7259160.162703408 0.0048687240694516324 9773232.913506743 0.0 23243030.436163817 5185986.852299199 0.9999999899940853 -4.1531222905177856e-12 7259414.677158096 2.918990758704242e-12 -0.4819947476147495 -2313729.5848384984 -259359.01571768784 9102357.972468762 -6190827.68043947 7940978.277122386 -0.00010376668191246226 -0.13111116500243858 -0.3508835826081577 3.1915311742059155e-06 4.913272922976766e-13 -1.0470454023268302e-12 1843197.8097653545 3125632.6804316863 3125631.6804316863 10384792.843135094 10384792.843135094
14.6912873274 1.4597796572963696e-12 6.984945027646676e-24 4.440270188436316e-12 6.04880505564361e-13 5.393625232428313e-20 6653592.236692151 6174330.803158002 3863561.434140522 1.4597796572963696e-12 11089320.394486919 0.0046359903786971505 14952882.828627441 0.0 35377684.30311811 7912977.319101275 0.9999999753337895 -8.266276552149066e-12 11089573.386993723 1.5310871107016322e-12 -0.47898238550898053 -3472566.648366098 -390704.5428992857 13858234.43176603 -9491782.28270642 12115219.359149054 -8.378137683903406e-05 -0.12827797497660237 -0.35070441052411205 2.3303405628639117e-06 2.5913439092086943e-13 -5.498638963903608e-13 2768914.0372791085 4804456.738352252 4804455.738352252 15893777.132839171 15893777.132839171
15.0541621244 7.572806793517861e-13 1.8721440030350087e-24 2.2978899236210002e-12 3.1236590499615345e-13 1.8064670703879683e-20 10263927.800390394 9540264.923542826 5994769.755442733 7.572806793517861e-13 17106546.33398399 0.0044145545887973965 23101317.089426726 0.0 54380295.33596778 12192718.361325612 0.9999999880713489 -3.212097254845503e-12 17106797.847641148 7.915921473160437e-13 -0.47603652420194975 -5262539.6554965535 -594365.1493922342 21306542.974169467 -14694336.744492097 18665138.11287962 -6.731895250288648e-05 -0.12550816431982653 -0.35052835987891107 1.6880213669924187e-06 1.3469524714625322e-13 -2.8462170618156366e-13 4199996.640185476 7456280.236391202 7456279.236391202 24562826.570375193 24562826.570375193
15.4259999289 3.870541559613388e-13 4.87130709036043e-25 1.1717071094925024e-12 1.5894658576383692e-13 5.90230271718238e-21 15992396.811973205 14888770.94631442 9393717.937034708 3.870541559613388e-13 26653994.68662201 0.004203830122060088 36047713.62365672 0.0 84437062.18304305 18976584.88271196 1.0000000114005043 2.454481062841296e-12 26654244.763009056 4.032570543429244e-13 -0.4731560729946733 -8054697.161507055 -913288.0277111707 33088164.61289086 -22975241.801092725 29045404.50211536 -5.382395860071296e-05 -0.12279985017424956 -0.35035622282287804 1.2127979210824498e-06 6.897617907026673e-14 -1.4516060583230495e-13 6434169.92626885 11686316.743712246 11686315.743712246 38340311.430334255 38340311.430334255
15.8070221271 1.948373421409501e-13 1.2295955713903325e-25 5.884634371043507e-13 7.966584890629812e-14 1.8801344870583057e-21 25174592.04066576 23474255.744268794 14869320.852944344 1.948373421409501e-13 41957653.401109606 0.004003268062227244 56826975.25405395 0.0 132467841.91467953 29840059.702403672 0.9999999815379003 -3.161915174132446e-12 41957902.08036842 2.0233998886772663e-13 -0.47033991610979275 -12454238.80420994 -1417775.9078983462 51915037.07611726 -36289865.74645305 45664242.28723487 -4.281629883580429e-05 -0.12015125426755108 -0.3501886618390799 8.640966229734282e-07 3.4786272326933966e-14 -7.291855870937616e-14 9957383.67500766 18502012.79024525 18502011.79024525 60459666.191354856 60459666.191354856
16.1974555737 9.655936332235184e-14 3.0085809063904013e-26 2.9098242825745616e-13 3.931535632435819e-14 5.835246999709445e-22 40046938.502819404 37399757.23460529 23781773.85050153 9.655936332235184e-14 66744897.50469901 0.003812359150823288 90526672.35520053 0.0 210030627.3258963 47419300.03715679 1.0000000414853794 5.622613485911643e-12 66745144.825608715 9.9962429619107e-14 -0.46758693564034637 -19458407.894570295 -2224091.740273094 82315844.22485667 -57920959.94398529 72549887.60115083 -3.388310398232271e-05 -0.11756069675589334 -0.3500262388900754 6.103915803754417e-07 1.7270957936473533e-14 -3.6063864790137785e-14 15570946.720157662 29597646.74457398 29597645.74457398 96342544.24927299 96342544.24927299
16.5975327263 4.7094498878154036e-14 7.130290281438338e-27 1.4160963479091817e-13 1.9096447439438708e-14 1.7634056238395254e-22 64394099.25163626 60228471.91671073 38442383.14582197 4.7094498878154036e-14 107323498.7527271 0.0036306032464690583 145765882.89854908 0.0 336636587.9291079 76172290.20793444 0.9999999670402486 -3.5162983635927958e-12 107323744.7528443 4.860477586998552e-14 -0.46489595673891637 -30727733.852739032 -3526524.942906743 131933556.70756996 -93438074.30297534 116512021.85364847 -2.6671152590492555e-05 -0.11502658848306162 -0.3498693682523385 4.2739914337495765e-07 8.438359736961728e-15 -1.7554290653040586e-14 24610057.954842858 47852630.29040697 47852629.29040697 155176129.0431341 155176129.0431341
17.0074917847 2.2595763875857763e-14 1.6355116268351046e-27 6.779929244948108e-14 9.125788051315423e-15 5.1853765703016643e-23 104690571.47346093 98063214.20963374 62821110.87554026 2.2595763875857763e-14 174484285.78910154 0.003457616172049516 237305397.6646418 0.0 545583303.3798583 123719986.21554746 1.0000000500667383 4.1815439999481896e-12 174484530.50485086 2.3250674395524127e-14 -0.4622659005736116 -49056993.92510709 -5653250.615682389 213807760.27509964 -152393094.90967762 189187778.4680517 -2.087985123046169e-05 -0.1125474364612961 -0.349718464116497 2.965798306235898e-07 4.055660239193299e-15 -8.406180904596568e-15 39323474.485998094 78213417.75680059 78213416.75680059 252697703.54590213 252697703.54590213
17.4275768317 1.0660752454031288e-14 3.6278264632875104e-28 3.19217622529223e-14 4.288818978552647e-15 1.4826831538113308e-23 172135940.08005333 161472946.0448043 103812561.46244913 1.0660752454031288e-14 286893233.46675557 0.003292779799367223 390705795.9292047 0.0 894334358.6926256 203236437.5302591 0.9999999138515286 -5.60129720383884e-12 286893476.93311846 1.093778538300108e-14 -0.45969590766509394 -79201907.49411722 -9164702.839268006 350433691.526033 -251349920.01592544 310685963.7552073 -1.62547767992866e-05 -0.11012180984005167 -0.3495740978194411 2.039077679086218e-07 1.9166893252732816e-15 -3.958600608249329e-15 63540458.05927741 129271673.47563845 129271672.47563845 416164906.942394 416164906.942394
17.8580379795 4.94391597534652e-15 7.775402360022591e-29 1.4773911508754727e-14 1.9814056460158718e-15 4.119587419627493e-24 286325040.72831 268969498.7117903 173524751.61388963 4.94391597534652e-15 477208401.21385 0.0031360982820218056 650733153.8277397 0.0 1483191208.871842 337759739.14978427 1.0000000197129364 9.920952948050399e-13 477208643.4672629 5.0579982181943685e-15 -0.4571831792505676 -129346637.73139423 -15028759.755360372 581062446.0844312 -419356594.49211764 516150907.5293728 -1.258177992485795e-05 -0.1077484073779398 -0.3494347718736199 1.3887007827346789e-07 8.903156854795492e-16 -1.8324394068303166e-15 103854044.87058112 216117682.37705088 216117681.37705088 693326083.5909009 693326083.5909009
18.2991315176 2.2526277808850543e-15 1.608831465350138e-29 6.718421012513796e-15 8.994800894012447e-16 1.1114356283517866e-24 481945649.9210787 453361007.2278953 293475349.5122435 2.2526277808850543e-15 803242749.8684645 0.002986596376156783 1096718100.380708 0.0 2489316804.860706 568032417.272181 1.000000042899255 1.6613377340490842e-12 803242990.94263 2.2982585440553756e-15 -0.45473052292908855 -213739422.12768266 -24936344.797534317 974993568.948231 -707960607.5578532 867732612.4119639 -9.681623788210748e-06 -0.1054261907253546 -0.3493043322053952 9.366174575339018e-08 4.0631045390361824e-16 -8.334486292425989e-16 171750819.07976645 365572637.35207045 365572636.35207045 1168815387.2205348 1168815387.2205348
18.7511200661 1.0079788420844913e-15 3.210854303392572e-30 3.000623369723279e-15 4.010468548160581e-16 2.909517330564922e-25 821125422.1449492 773484833.2577214 502373078.1357527 1.0079788420844913e-15 1368542370.2415822 0.0028444480742377052 1870915449.3773348 0.0 4229428377.525879 966989476.2995661 1.0000001077437717 3.191447106587475e-12 1368542610.156263 1.0256412002762696e-15 -0.4523433016601437 -357477629.7333764 -41876576.17003972 1656036029.4959269 -1209740407.2841558 1476646982.016084 -7.405178464426619e-06 -0.10315336497785023 -0.34918993668548487 6.254417927898043e-08 1.8210471677692265e-16 -3.7230569902926323e-16 287493659.2543446 625893219.0019455 625893218.0019455 1994435589.2435277 1994435589.2435277
19.2142727317 4.4275437262739645e-16 6.175332613365909e-31 1.3155941496202745e-15 1.7554372946164593e-16 7.384821795377276e-26 1416507045.7829986 1336112961.903636 870610958.6258602 4.4275437262739645e-16 2360845076.304998 0.0027092810127959154 3231456035.930858 0.0 7276356590.267892 1666975993.124454 0.9999999969330882 -6.905587213168474e-14 2360845315.0948353 4.493312308253124e-16 -0.4500030660659149 -605306267.6989276 -71197454.52442922 2848046384.708649 -2092864796.7071216 2544299046.030405 -5.62910492309114e-06 -0.10092839801039932 -0.3490746680554464 4.13400967878019e-08 8.011385180658709e-17 -1.632618767860629e-16 487201308.40365094 1084844753.5556846 1084844752.5556846 3445689829.8606825 3445689829.8606825
19.6888652682 1.9082030197892933e-16 1.1434970914423136e-31 5.659814553586639e-16 7.539902262518593e-17 1.8159736927470615e-26 2474925874.5461335 2337512339.6026125 1527915014.604127 1.9082030197892933e-16 4124876457.5768895 0.002580210029505561 5652791473.181017 0.0 12679439849.457129 2910547474.919024 1.0000001435953068 2.4422686095704194e-12 4124876695.277454 1.9315965266507933e-16 -0.44771078413800436 -1038000358.5292128 -122586541.2497313 4960995608.7579155 -3666831341.098485 4440130351.9689045 -4.2519999459707135e-06 -0.09875057486928852 -0.3489602092711581 2.7039715079787583e-08 3.4579561658419685e-17 -7.024860320296978e-17 836119151.1810256 1904188469.0581865 1904188468.0581865 6029064926.6350765 6029064926.6350765
20.1751802403 8.065493673774352e-17 2.0367350082083205e-32 2.388096675537053e-16 3.176378920835933e-17 4.32301603348754e-27 4381047788.666436 4143108637.0685143 2716466913.9797573 8.065493673774352e-17 7301746314.44406 0.002457682539846118 10018213229.423817 0.0 22386989030.437912 5148242034.631904 1.000000016735034 2.1360690993788012e-13 7301746551.082366 8.144080310114545e-17 -0.4454736113409312 -1803238263.7738962 -213816392.64361674 8755398209.03178 -6508615809.117654 7850558526.597974 -3.191013995914333e-06 -0.09661895176692074 -0.3488546595742241 1.7496928222479822e-08 1.4637519920230473e-17 -2.96454854936247e-17 1453651894.58772 3385950874.769676 3385950873.769676 10687697189.213737 10687697189.213737
20.6735071922 3.341724936055848e-17 3.4860676032759586e-33 9.877731930153117e-17 1.311816123590646e-17 9.954506941705882e-28 7859711681.786741 7442155589.421181 4894106225.696342 3.341724936055848e-17 13099519469.64457 0.0023411819417265643 17993625696.34091 0.0 40062249264.28371 9230557663.380838 0.9999997084778524 -2.774003249328416e-12 13099519705.25128 3.36613041128378e-17 -0.44328662773832717 -3174552417.809898 -377918479.67586106 15660556575.055365 -11707665828.426035 14067644205.598661 -2.378895093243382e-06 -0.09453248731311129 -0.3487541404224419 1.1197734151992997e-08 6.073414120174564e-18 -1.2264033612954927e-17 2561037105.410795 6101170209.374304 6101170208.374304 19200689679.018875 19200689679.018875
21.1841428199 1.3565230889748536e-17 5.728031198191331e-34 4.0031643063975816e-17 5.3084817750017315e-18 2.2153749382645137e-28 14295264967.905128 13552438361.292439 8938359368.938564 1.3565230889748536e-17 23825441613.175217 0.002230205079114928 32763800983.11378 0.0 72688001760.93878 16777428645.463022 1.000000215343099 1.517230785452739e-12 23825441847.776546 1.3632234937316298e-17 -0.44115230396231575 -5665389998.458601 -677106732.9726351 28399341268.272823 -21349352924.466244 25556647091.091488 -1.7614113377297923e-06 -0.09249018533546728 -0.3486621186283655 7.0857057363418355e-09 2.4689177083463163e-18 -4.971042594189347e-18 4573899655.0976095 11144468891.935844 11144468890.935844 34969910505.11106 34969910505.11106
21.7073911475 5.3923530970785925e-18 9.026056025377886e-35 1.588792927007403e-17 2.1037857768086205e-18 4.7610103508737196e-29 26368282328.153408 25028189553.019478 16554077039.07528 5.3923530970785925e-18 43947137213.58901 0.0021248699499506066 60501214253.66429 0.0 133761032599.7988 30928451345.59699 0.9999995259930397 -2.4555912858659212e-12 43947137447.210846 5.406637941495055e-18 -0.4390688181208924 -10252802342.37144 -1230169373.836285 52230743097.96923 -39480161296.475914 47086352228.215836 -1.2951234439182654e-06 -0.09049102062865513 -0.3485777974897816 4.431930526672652e-09 9.828014829287037e-19 -1.9732307676439046e-18 8283605884.380215 20642708385.381775 20642708384.381775 64589845598.97079 64589845598.97079
22.2435637089 2.0979559052230675e-18 1.3625663587316265e-35 6.171916319000867e-18 8.160899242074053e-19 9.87178863413925e-30 49343133038.458855 46890562701.50035 31100312613.024704 2.0979559052230675e-18 82238555064.0981 0.0020249695304882455 113338867678.1228 0.0 249735627905.57828 57846432887.3739 1.0000004581329498 1.7326140522300193e-12 82238555296.76688 2.0988579315238672e-18 -0.4370339474000886 -18822283944.950348 -2267108866.665264 97456735640.32114 -74063320607.56973 88012759396.91077 -9.454760004694403e-07 -0.088534036245357 -0.3484999111564641 2.739227155761025e-09 3.828959281561655e-19 -7.66647288686326e-19 15218180576.223036 38786884762.91017 38786884761.91017 121025439827.00827 121025439827.00827
22.7929797325 7.984500552452477e-19 1.9684149254557538e-36 2.345461628912073e-18 3.097031518233929e-19 1.973095836929746e-30 93709145400.60005 89154119569.84879 59291902154.33057 7.984500552452477e-19 156181909001.0001 0.0019303382785447166 215473811156.33066 0.0 473230854276.02985 109797743934.75153 1.0000003685490981 1.0100809078039674e-12 156181909232.74033 7.970775212398393e-19 -0.4350477829319457 -35065047362.823265 -4239694008.180265 184552919751.7344 -140998489565.1626 166959580236.82324 -6.851741596664754e-07 -0.08661830892039146 -0.3484294740125643 1.6724488376934819e-09 1.459219322688737e-19 -2.9138520311457164e-19 28371010750.7343 73955825934.91092 73955825933.91092 230137734935.911 230137734935.911
23.3559663319 2.9709341516566125e-19 2.7182868136475053e-37 8.714689058066904e-19 1.149169795799905e-19 3.798017530706512e-31 180678530896.89352 172090221825.13043 114750817541.92911 2.9709341516566125e-19 301130884828.1559 0.0018409762391433453 415881702371.08496 0.0 910468783514.5415 211601699695.32202 1.0000007427570186 1.4641621248756564e-12 301130885058.99194 2.9596447158937277e-19 -0.43310874135972854 -66314463379.762 -8048416825.380003 354823403848.87164 -272503187922.27887 321551816811.24927 -4.928136549044324e-07 -0.08474293045113984 -0.348365810910053 1.0083878544926768e-09 5.43682136993869e-20 -1.0828124225781574e-19 53692519020.715744 143148927723.0199 143148927722.0199 444279812551.1758 444279812551.1758
23.9328587003 1.0801561547913589e-19 3.584276947782899e-38 3.164059589425529e-19 4.1668467522939703e-20 7.0341695000241e-32 353804578501.60657 337359611829.23096 225533095173.68872 1.0801561547913589e-19 589674297502.6776 0.0017569497013555295 815207392677.3663 0.0 1779172117614.3538 414169012892.6942 1.0000011080663858 1.5589751711786448e-12 589674297732.6329 1.0738752923582892e-19 -0.43121591664562264 -127361233344.66855 -15515421722.682644 692865742334.6132 -534857741928.0926 628966748556.8477 -3.517336393021719e-07 -0.08290701719466993 -0.34830889945251164 6.002171198148616e-10 1.9792890522449938e-20 -3.931939150187449e-20 103191444831.93558 281382052598.848 281382052597.848 871056350101.5256 871056350101.5256
24.5240003102 3.835097245110647e-20 4.507448693343015e-39 1.1218998642588702e-19 1.4755812295785742e-20 1.25226398137662e-32 703914295986.8883 671922941734.0345 450326098687.6498 3.835097245110647e-20 1173190493311.4805 0.0016784536223924122 1623516592000.1304 0.0 3532638773883.9863 823670144226.6583 1.0000016831872252 1.6768808563938364e-12 1173190493540.5776 3.8053157839827314e-20 -0.4293682675594981 -248501518407.76602 -30385163550.825493 1374670818236.9336 -1066552645801.9675 1249996383333.6792 -2.4906374707820853e-07 -0.0811097027275194 -0.3482585648336555 3.5257110101778747e-10 7.036577507742374e-21 -1.3943625061951593e-20 201480324925.45303 561908480351.4854 561908480350.4854 1735098973662.9658 1735098973662.9658
25.1297431178 1.3289361485815563e-20 5.399644208729461e-40 3.8825852776791596e-20 5.100257005479376e-21 2.140796796827237e-33 1423465175027.2017 1360212684629.8547 913857558396.4158 1.3289361485815563e-20 2372441958378.6694 0.0016058606774834775 3286299516776.085 0.0 7129819661742.784 1665010085342.246 0.9999972923384841 -1.894706613825292e-12 2372441958606.9307 1.3161057859443116e-20 -0.42756453370501823 -492782794272.2966 -60475094696.82144 2772251130764.8965 -2161600323720.8462 2525024311015.742 -1.7493891516044107e-07 -0.07935013273423344 -0.3482144009688901 2.0431010112343625e-10 2.4414249518496128e-21 -4.826149451333574e-21 399809172386.2272 1140428159957.975 1140428159956.975 3512870118336.6445 3512870118336.6445
25.7504477728 4.491636979315102e-21 6.154222448265453e-41 1.3106277582274543e-20 1.7196053609803283e-21 3.510828937241487e-34 2926982564763.9277 2799825443625.648 1885563852851.1768 4.491636979315102e-21 4878304274606.547 0.0015397905798829447 6763868127458.724 0.0 14632910450408.703 3422429178255.777 0.9999951307517099 -2.3734347820436597e-12 4878304274833.993 4.440050746823617e-21 -0.4258034627830243 -993557472918.7285 -122372876232.91803 5684946878515.324 -4454447204145.612 5186493211857.965 -1.2185778329101192e-07 -0.07762745889278765 -0.34817600388786324 1.1675598053060824e-10 8.262090513276308e-22 -1.629356159775178e-21 806642603908.7777 2353316171470.3086 2353316171469.3086 7231620446076.855 7231620446076.855
26.3864838328 1.4798101685490857e-21 6.665141886300999e-42 4.312766311972667e-21 5.651984029500412e-22 5.517537161568308e-35 6122367406264.607 5862352421492.532 3957275890332.135 1.4798101685490857e-21 10203945677107.68 0.00148120915324169 14161221567440.814 0.0 30551618543644.32 7156413640496.325 0.9999949391573005 -1.7037482535897652e-12 10203945677334.33 1.4601876720350441e-21 -0.4240835146493689 -2037615049854.5374 -251865512258.64438 11859332678645.865 -9337229061200.76 10837109448529.242 -8.416284217369172e-08 -0.07594083103735269 -0.34814268361031253 6.577394620019155e-11 2.7253918499211095e-22 -5.362265043145304e-22 1655387001538.1855 4939507918323.549 4939507918322.549 15143453595431.229 15143453595431.229
27.0382299835 4.7492948781134745e-22 6.8503626680558494e-43 1.3825152335750257e-21 1.8097936147027011e-22 8.300746421938738e-36 13032524365104.188 12491484168710.361 8451410204387.195 4.7492948781134745e-22 21720873941840.312 0.0014315700560737943 30172284146228.508 0.0 64918932187590.6 15229150762541.62 0.999999160920225 -1.9340085088970227e-13 21720873942066.188 4.678127248633518e-22 -0.4224028353612086 -4252342162831.4165 -527488783749.047 25177836013384.027 -19917406620527.562 23044576756606.84 -5.762285459967244e-08 -0.07428938698040938 -0.34811344838060587 3.651155318861591e-11 8.757512755194561e-23 -1.7191619670201532e-22 3456962071543.717 10550271397339.156 10550271397338.156 32271145339179.47 32271145339179.47
27.7060742641 1.4838420822578532e-22 6.672831230803847e-44 4.314520788495903e-22 5.641914534618556e-23 1.1941202436080853e-36 28244615025102.695 27098532234865.605 18375086410660.32 1.4838420822578532e-22 47074358375171.164 0.001393012511005872 65449444785832.484 0.0 140451979866895.17 32996280723117.508 1.000001057684188 1.6542323066914832e-13 47074358375396.29 1.4591131159013048e-22 -0.4207589797234421 -9034434384816.15 -1124630116244.2234 54423861394707.69 -43254082407714.19 49891670167799.4 -3.9100377642261135e-08 -0.07267223896241415 -0.34808674076119334 1.9964147715131775e-11 2.739414991691995e-23 -5.365779772406492e-23 7349503019536.521 22940863839764.875 22940863839763.875 70015222214936.04 70015222214936.04
28.3904142984 4.5101168083820663e-23 6.151874572093009e-45 1.3099276616916718e-22 1.7111936851102887e-23 1.6407720069123915e-37 62349461623501.17 59877042156364.09 40690520905251.83 4.5101168083820663e-23 103915769372501.95 0.0013686631165740878 144606290277754.78 0.0 309524504356174.1 72820759216947.1 0.9999916531533687 -8.777423232686488e-13 103915769372726.31 4.427537011480019e-23 -0.4191500169874176 -19549460731534.625 -2442047727457.912 119830187215807.58 -95674371148711.67 110023242248370.84 -2.628941894708778e-08 -0.0710884553258637 -0.34806156166067614 1.073969553899337e-11 8.336174125842684e-24 -1.6292962238125508e-23 15914417843305.615 50806413631652.06 50806413631651.06 154722183004154.0 154722183004154.0
29.0916575316 1.332685987119141e-23 5.360395564313735e-46 3.866342309657486e-23 5.045976211541266e-24 2.1508740184514268e-38 140254013475223.81 134817600071754.27 91810943159122.4 1.332685987119141e-23 233756689125373.03 0.0013629856547272493 325567632284496.44 0.0 695102222662952.1 163776059038860.88 1.0000056968718267 3.9901415505028126e-13 233756689125596.7 1.3061161222272978e-23 -0.41755929580578943 -43105086634080.72 -5403158970264.662 268868574352158.78 -215635311113807.84 247245389118392.0 -1.7510330145053822e-08 -0.06953703653565872 -0.3480222592705297 5.676399234301988e-12 2.4659138693131044e-24 -4.809541806385698e-24 35111885226785.77 114647061992431.25 114647061992430.25 348403751117804.25 348403751117804.25
29.8102214726 3.825588021772693e-24 4.408098970912609e-47 1.1088077717390666e-23 1.4456230967639465e-24 2.6867809047738392e-39 321648957488703.75 309517544704413.0 211299791952467.88 3.825588021772693e-24 536081595814506.25 0.0013826114309070092 747381387766975.1 0.0 1591711626018583.8 375461456883711.1 0.9999816711519935 -8.468781231840694e-13 536081595814729.1 3.743389802216721e-24 -0.4161164742620158 -96891453005832.89 -12187006571974.246 615135073599458.4 -495643553200203.75 566532240697992.8 -1.1550952298978589e-08 -0.0680168810134126 -0.34809959324775647 0.0 7.090061495618053e-25 -1.3794908250304808e-24 79053477784952.12 263886849985442.38 263886849985441.38 799968445799948.6 799968445799948.6
30.546533943 1.066057824305806e-24 3.408048469212451e-48 3.0853983725883112e-24 4.020781886674488e-25 3.1942570216050007e-40 750613560260907.1 724440382783758.0 497847428021822.1 1.066057824305806e-24 1251022600434845.2 0.0023163997755015456 1748870028456668.5 0.0 3713661974682470.0 877383398136691.4 1.0000068499527555 2.0672352718520415e-13 1251022600435065.8 1.0398700791154089e-24 -0.4151680929558861 -221917153202060.06 -28035885946937.254 1434447021345866.0 -1163778675511014.5 1323153396629669.0 -7.544757950846038e-09 -0.06646203582772621 -0.3487060571283666 0.0 1.9866427759062387e-25 -3.8400271945485663e-25 183424420911020.72 621942054903278.0 621942054903277.0 1872964655338123.2 1872964655338123.2
31.3010333314 2.881700851241688e-25 2.452404397026051e-49 8.28483986848347e-25 1.0848924373987932e-25 3.6098022623864705e-41 1768157884360016.5 1721321404805902.0 1205665515331610.0 2.881700851241688e-25 2946929807266694.5 0.007325204784234869 4152595322598305.5 0.0 8749157830225327.0 2089493972825018.5 1.0000252169708757 4.920508445138694e-13 2946929807266908.5 2.778363601484625e-25 -0.4142408432031024 -516322070697178.75 -65813861526206.58 3394307817959694.0 -2790808208752979.0 3135578187168995.0 -4.878294583584833e-09 -0.06464640901718814 -0.3495944341864064 0.0 5.441848080048805e-26 -1.0322235749632995e-25 447378010692999.56 1507519715623191.5 1507519715623190.5 4454449522889886.0 4454449522889886.0
32.0741688547 7.550271606259194e-26 1.5536056896161119e-50 2.116579475672067e-25 2.8375586551332065e-26 3.872631848758066e-42 3985045448875120.0 4099110550007827.0 3205363520202402.0 7.550271606259194e-26 6641742414791867.0 0.03515851459384768 9847105934994270.0 0.0 2.0001140364896852e+16 4918730788141525.0 1.0000788920875245 9.849898674474389e-13 6641742414792046.0 6.879386704768791e-26 -0.4213733084335981 -1193947695524955.2 -157736848400479.12 8002377660848188.0 -7021959418567557.0 7407397632000761.0 -3.1215664354367133e-09 -0.06120793819163804 -0.36016537024294515 0.0 1.559509744026551e-26 -2.6545589874596466e-26 1360635246056320.2 4027002320209390.0 4027002320209389.0 1.0668744735001256e+16 1.0668744735001256e+16
32.8664008254 1.9159081330769138e-26 5.409319894693467e-52 4.525491444893656e-26 7.187356942852685e-27 3.9387618533713556e-43 5376127063200041.0 8617222137370581.0 1.1184749841267896e+16 1.9159081330769138e-26 8960211772000069.0 0.19093519397558434 2.014496161326797e+16 0.0 3.2101838129257164e+16 1.02708751054522e+16 1.0000748629043756 5.917488721252084e-13 8960211772000128.0 1.1750122324638494e-26 -0.45301945961163637 -2273596296542538.0 -386183068393505.94 1.5985907752600912e+16 -1.97638620192352e+16 1.4897879040013184e+16 -1.976256377359866e-09 -0.04671007320317994 -0.4063093864090481 0.0 5.6244627527200076e-27 -5.91218233894292e-27 7025695980600844.0 1.4279773599172512e+16 1.4279773599172512e+16 2.3239985371172584e+16 2.3239985371172584e+16
33.6782009258 4.703879628080723e-27 1.3957159288118669e-52 2.9412860595532842e-27 1.7575955362729383e-27 3.791655930285683e-44 5.869122549588198e+16 5817944943381913.0 -7.402119715675424e+16 4.703879628080723e-27 9.781870915980331e+16 -0.41483913382150883 2.379751200304907e+16 0.0 1.7256199501093306e+17 2.9242750092359876e+16 1.0001976400003356 9.78106484694763e-13 9.781870915980334e+16 5.989125518887834e-27 0.5484778724729318 -1.0385914090790394e+16 -966459737320990.4 3.0653330245539212e+16 7.842555934853026e+16 2.467897277080099e+16 -1.2374769662480302e-09 -0.08368698016301161 0.6321648526349652 0.0 -3.678828167084907e-27 3.329381807693651e-29 -6.716537891426409e+16 -9.702431430289944e+16 -9.702431430289944e+16 9.781870915980331e+16 9.781870915980331e+16
34.5100524886 1.1163181560471197e-27 4.0852381214312986e-51 -3.5202216513686786e-27 3.8507802268567154e-28 3.44917504447935e-45 7.95747743526621e+19 -7.654486085744715e+16 -1.1805865428733075e+20 1.1163181560471197e-27 1.326246239211035e+20 -409.43566367127244 1.4565969633772749e+19 0.0 1.9348869336566963e+20 -9.622473112011613e+17 0.9996482119021 -1.078470646120877e-12 1.326246239211035e+20 6.864662938665241e-25 409.0737075315717 -4.8394926339154816e+17 -2473912736275858.0 1.6286628458502568e+19 1.3287977345729502e+20 1.4864639222651716e+19 -7.66151024785243e-10 -1.4952651597802167 410.568972691353 0.0 -5.3245559338901535e-25 5.538629620464787e-26 -1.1633799546260095e+20 -1.5437186762708622e+20 -1.5437186762708622e+20 1.326246239211035e+20 1.326246239211035e+20
